1288325,1288326,1019863
1288481,1288482,1019902
1288506,1288509,1019906
1288511,1288513,1019906
1288515,1288516,1019906
1288535,1288538,1019911
1288540,1288542,1019911
1288544,1288545,1019911
1288646,195,1019937
1288674,207,1019955
1288782,257,1019994
333,1288947,1020035
333,1288948,1020035
333,1288949,1020035
333,1288950,1020035
333,1288951,1020035
333,1288952,1020035
333,1288953,1020035
333,1288954,1020035
333,1288955,1020035
333,1288956,1020035
333,1288957,1020035
333,1288959,1020035
695877,1289391,1020074
695925,473,1020074
1289492,514,1020097
1289492,515,1020097
1289512,1289513,1020111
1289514,1289517,1020111
1289556,1289558,1020128
1289744,1289745,1020158
1289746,1289747,1020158
1289748,1289751,1020158
1289749,1289750,1020158
1289756,683,1020158
1289757,1289758,1020158
1289760,1289783,1020158
1289762,1289763,1020158
1289764,1289778,1020158
1289914,1289915,1020188
1289966,773,1020202
1289967,1289989,1020202
1289968,779,1020202
1289969,786,1020202
1289971,1289972,1020202
1289978,1289993,1020202
1289980,1289981,1020202
1290146,1290148,1020257
1290166,1290167,1020257
1290169,1290170,1020257
1290174,1290175,1020257
1290217,1290247,1020259
1290219,984,1020259
1290219,991,1020259
1290219,1048,1020259
1290219,1049,1020259
1290219,1290225,1020259
1290219,1290228,1020259
1132,1127,1020296
1132,1129,1020296
1132,1290340,1020296
1132,1290341,1020296
1132,1290346,1020296
1132,1290358,1020296
1132,1290360,1020296
1290347,1290348,1020301
1290352,1290353,1020301
1290356,1290357,1020301
1312,1295,1020315
1312,1298,1020315
1312,1290433,1020315
1290474,1290475,1020337
1290482,1290483,1020344
1290629,1436,1020367
1290650,1290676,1020376
1290652,1290653,1020376
1290652,1290678,1020376
1290652,1290685,1020376
1290652,1290706,1020376
1290652,1290717,1020376
1290659,1290710,1020376
1290670,1290699,1020376
1290675,1290690,1020380
1290675,1290692,1020380
1290681,1290694,1020380
1290681,1290696,1020380
1290681,1290726,1020380
1290799,1290850,1020387
1290800,1566,1020387
1290800,1290852,1020387
1290800,1290880,1020387
1290800,1290892,1020387
1290800,1290900,1020387
1290800,1290911,1020387
1290800,1290918,1020387
1290800,1290925,1020387
1290800,1290936,1020387
1290804,1290898,1020387
1290810,1290933,1020387
1290813,1290930,1020387
1290818,1290914,1020387
1290824,1290907,1020387
1290827,1290887,1020387
1290829,1290830,1020387
1290831,1569,1020387
1290832,1570,1020387
1290836,1290837,1020387
1290838,1567,1020387
1290841,1290871,1020387
1290843,1290844,1020387
1290845,1563,1020387
1290846,1564,1020387
1290983,1291024,1020409
1290984,1291026,1020409
1290984,1291042,1020409
1290984,1291049,1020409
1290984,1291057,1020409
1290984,1291064,1020409
1290984,1291071,1020409
1290984,1291077,1020409
1290984,1291080,1020409
1290984,1291090,1020409
1290988,1291061,1020409
1290996,1291053,1020409
1290998,1291087,1020409
1291003,1291084,1020409
1291006,1291074,1020409
1291012,1291067,1020409
1291016,1291046,1020409
1291020,1291039,1020409
1291119,1291120,1020423
1291121,1291122,1020423
1291128,1291130,1020423
696548,1703,1020429
696548,1291156,1020429
696550,1291161,1020429
696552,1291157,1020429
1291227,1291228,1020453
1291229,1695,1020453
1291310,1291311,1020470
1291334,1291335,1020472
1291373,1291377,1020488
1291374,1291375,1020488
1291377,1291378,1020488
1291459,1291460,1020509
1291460,1291466,1020509
1291461,1291463,1020509
1291530,1291531,1020540
1291534,1913,1020540
1291536,1905,1020540
1291633,1291634,1020570
1291634,1291639,1020570
1291635,1291636,1020570
1291702,1291714,1020580
1291711,1291716,1020580
1291712,1291713,1020580
1291788,1291803,1020617
1291797,1291798,1020617
1291799,1291800,1020617
1291862,1291863,1020641
1291866,2105,1020641
1291868,2098,1020641
1291992,1291993,1020681
1291994,1291995,1020681
1291998,1291999,1020681
1292077,2245,1020697
1292077,2246,1020697
1292077,2248,1020697
1292098,2306,1020703
1292098,2309,1020703
1292098,2312,1020703
1292098,2347,1020703
1292098,2352,1020703
1292098,2356,1020703
1292098,1292099,1020703
1292098,1292101,1020703
1292098,1292102,1020703
1292098,1292103,1020703
1292098,1292108,1020703
1292098,1292109,1020703
1292452,1292454,1020782
696920,2785,1020820
696923,2793,1020820
1292562,1292563,1020838
1292695,3060,1020904
697048,3080,1020913
3478,1293145,1020990
3528,3544,1020990
3528,1293156,1020990
697277,1293134,1020990
1293288,1293292,1021068
1294223,1294225,1021512
1294239,1294242,1021517
1294240,1294241,1021517
1294243,1294246,1021517
1294244,1294245,1021517
1294257,1294263,1021519
1294261,1294262,1021519
697699,4458,1021525
697699,4460,1021525
697699,4462,1021525
697699,4464,1021525
697699,4466,1021525
697699,4468,1021525
697699,4470,1021525
697699,4472,1021525
697699,4474,1021525
697699,4476,1021525
697699,4478,1021525
697699,4480,1021525
697699,4482,1021525
697699,4484,1021525
697699,4486,1021525
697699,4488,1021525
697749,4576,1021525
697749,4579,1021525
697749,4581,1021525
697749,4583,1021525
1294308,1294309,1021528
1294394,1294395,1021554
1294894,4757,1021623
1295136,4936,1021709
697933,4996,1021711
697933,1295171,1021711
1295216,1295218,1021715
1295216,1295219,1021715
1295216,1295224,1021715
1295216,1295228,1021715
1295554,1295555,1021772
1295554,1295557,1021772
1295554,1295560,1021772
1295554,1295564,1021772
1295900,1295901,1021861
1295905,1295906,1021861
6197,1296224,1021926
6197,1296226,1021926
6473,1296653,1022088
1297244,7263,1022238
1297191,1297195,1022244
1297193,1297194,1022244
1297222,1297223,1022257
1297358,1297362,1022259
1297359,1297361,1022259
1297393,1297397,1022265
1297395,1297396,1022265
1297419,1297421,1022267
1297424,1297425,1022267
1297459,1297461,1022274
7860,1297930,1022329
7860,1297933,1022329
1298107,1298109,1022419
699584,1298197,1022438
699584,1298198,1022438
1298197,8113,1022438
1298198,8117,1022438
1298257,8234,1022459
1298257,1298259,1022459
1298257,1298261,1022459
1298257,1298282,1022459
1298263,1298260,1022459
1298263,1298262,1022459
1298289,1298285,1022459
1298289,1298287,1022459
1298291,1298275,1022459
1298291,1298279,1022459
699693,8244,1022472
699693,1298582,1022472
699693,1298585,1022472
699693,1298589,1022472
699693,1298592,1022472
699693,1298594,1022472
699774,1298940,1022486
699774,1298946,1022486
1301577,8994,1022639
1301582,1301583,1022639
1301697,1301699,1022650
1301697,1301702,1022650
1301726,1301727,1022654
1301726,1301729,1022654
1301885,1301887,1022683
1301885,1301895,1022683
9270,9274,1022773
9270,9275,1022773
9270,9278,1022773
9270,9279,1022773
9270,9282,1022773
9270,9283,1022773
9270,9284,1022773
9270,9287,1022773
9270,9293,1022773
9270,9294,1022773
9270,9295,1022773
9270,9296,1022773
9270,9297,1022773
9270,9298,1022773
1302195,1302422,1022793
1302261,1302262,1022793
1302275,1302276,1022793
1302287,1302288,1022793
1302312,1302313,1022793
1302324,1302325,1022793
1302342,1302343,1022793
1302346,1302415,1022793
1302475,1302477,1022806
1303184,9936,1022935
1303184,10027,1022935
1303184,1303209,1022935
1303184,1303210,1022935
1303184,1303214,1022935
1303184,1303219,1022935
1303186,1303198,1022935
1303186,1303211,1022935
1303188,1303199,1022935
1303190,1303196,1022935
1303428,10154,1022978
1303435,10155,1022978
700755,10608,1023015
700787,10670,1023015
700831,10755,1023015
700833,1303668,1023015
700833,1303670,1023015
700833,1303671,1023015
700840,10761,1023015
1304546,11470,1023430
11225,11216,1023439
11225,11218,1023439
11225,11219,1023439
11225,11221,1023439
11225,11222,1023439
11225,11223,1023439
11274,11242,1023444
11274,11254,1023444
11274,11255,1023444
11274,11259,1023444
11274,11260,1023444
11274,11261,1023444
1304947,11738,1023585
1304947,11758,1023585
1304947,1304951,1023585
701464,12363,1023658
1305259,12400,1023661
701535,12501,1023688
1305793,1305794,1023770
1306231,1306232,1023859
1306231,1306240,1023859
1306231,1306261,1023859
1307374,1307398,1024109
15209,1307484,1024144
15209,1307486,1024144
1307475,1307489,1024144
1307521,1307534,1024171
1307684,1307695,1024192
1307684,1307711,1024192
702890,1307621,1024219
702890,1307623,1024219
702890,1307625,1024219
702890,1307635,1024219
1307642,1307617,1024219
1307954,1307965,1024309
1307954,1307968,1024309
1307954,1307969,1024309
1307954,1307970,1024309
1307956,15598,1024309
1307956,1307967,1024309
1307956,1307973,1024309
1307958,15610,1024309
1307958,1307964,1024309
1307958,1307971,1024309
15762,15703,1024428
15762,15713,1024428
15762,15719,1024428
15762,15723,1024428
15762,15731,1024428
15762,15741,1024428
1308162,15768,1024463
703141,1308227,1024496
1308303,1308304,1024529
1308312,1308313,1024533
1308348,1308349,1024536
1308628,1308630,1024628
1308628,1308631,1024628
1308628,1308632,1024628
1308628,1308633,1024628
1308628,1308634,1024628
1308628,1308635,1024628
1308628,1308636,1024628
1308628,1308637,1024628
1308628,1308638,1024628
1308628,1308639,1024628
1308628,1308640,1024628
1308628,1308655,1024628
1308628,1308656,1024628
1308628,1308660,1024628
703389,16286,1024632
703389,16297,1024632
703389,16302,1024632
703389,16312,1024632
703389,16317,1024632
703389,16320,1024632
703389,16323,1024632
703389,16328,1024632
703389,16336,1024632
703389,16345,1024632
1308690,16285,1024632
1308690,16296,1024632
1308690,16301,1024632
1308690,16311,1024632
1308690,16316,1024632
1308690,16319,1024632
1308690,16322,1024632
1308690,16327,1024632
1308690,16335,1024632
1308690,16344,1024632
1308798,1308799,1024680
1309309,16599,1024770
1309309,16614,1024770
1309418,16675,1024787
1309418,16680,1024787
1309461,16757,1024797
1309521,1309556,1024802
1309523,1309524,1024802
1309526,1309528,1024802
16873,1309619,1024831
16885,1309615,1024831
1309746,1309747,1024840
1309753,1309755,1024842
1309761,1309763,1024844
1309777,16949,1024850
1309790,16951,1024852
1309797,16962,1024857
1309828,1309829,1024861
1309840,1309841,1024861
1309879,1309880,1024877
1310093,1310094,1024905
1310096,1310097,1024905
1310114,1310115,1024913
1310123,1310124,1024915
1310138,1310139,1024923
1310141,1310142,1024923
1310144,1310145,1024923
1310149,1310150,1024923
1310164,1310165,1024925
1310180,1310181,1024932
1310182,1310183,1024932
1310185,1310186,1024932
1310200,1310208,1024932
1310201,1310202,1024932
1310204,1310205,1024932
1310500,1310501,1024997
1310502,17458,1024997
1310504,17459,1024997
17650,1310616,1025015
703986,1310894,1025089
1310973,1310978,1025138
1310974,1310979,1025138
18258,1311154,1025186
18258,1311245,1025186
18333,18326,1025186
18333,1311143,1025186
18333,1311146,1025186
18333,1311181,1025186
704099,1311266,1025186
1311124,1311116,1025188
1311124,1311118,1025188
1311124,1311122,1025188
1311323,1311324,1025204
1311323,1311325,1025204
18304,1311353,1025209
18304,1311360,1025209
18304,1311366,1025209
18346,1311358,1025209
18346,1311359,1025209
18376,1311356,1025209
1311352,18347,1025209
1311352,1311355,1025209
1311445,1311457,1025224
1311478,1311480,1025232
1311572,1311580,1025236
1311639,1311640,1025267
1311646,1311647,1025267
1311666,1311667,1025272
1311675,1311676,1025272
704654,1312643,1025400
704664,1312634,1025400
1312535,19918,1025400
1312547,1312549,1025400
1312554,1312556,1025400
1312559,1312562,1025400
1312568,1312570,1025400
1312637,1312639,1025400
1312686,1312688,1025400
1312769,19484,1025400
1312769,1312630,1025400
1312769,1312631,1025400
19038,19052,1025422
19076,19091,1025438
19124,19136,1025451
19172,19188,1025461
19209,19220,1025469
704595,19373,1025505
704595,19376,1025505
704598,19392,1025514
704598,19393,1025514
1312874,1312875,1025518
1312894,1312898,1025535
1312904,19445,1025539
704790,1313030,1025548
20056,1313262,1025608
20056,1313276,1025608
20060,1313263,1025608
20060,1313273,1025608
1313797,1313810,1025732
1313799,1313813,1025732
1313799,1313814,1025732
1313971,1313973,1025792
20530,1314205,1025797
20530,1314216,1025797
20557,1314207,1025797
20557,1314228,1025797
20557,1314256,1025797
20557,1314257,1025797
1314082,1314083,1025804
1314088,1314089,1025804
20543,1314333,1025850
20543,1314337,1025850
20543,1314338,1025850
1314362,1314335,1025850
1314381,1314382,1025858
1314384,1314385,1025858
1314386,1314387,1025858
1314395,1314396,1025858
1314397,1314398,1025858
1314399,1314400,1025858
1314449,1314450,1025870
1314451,1314452,1025870
1314457,1314458,1025870
20650,1314530,1025889
20650,1314531,1025889
20650,1314532,1025889
20650,1314533,1025889
20650,1314534,1025889
1314516,1314517,1025895
20658,1314561,1025901
20658,1314563,1025901
20658,1314564,1025901
20658,1314565,1025901
20658,1314566,1025901
1314576,1314578,1025905
1314576,1314580,1025905
1314576,1314583,1025905
1314576,1314585,1025905
1314610,1314614,1025912
705442,1314814,1025949
1314934,1314935,1025969
1314950,1314951,1025969
1314981,1314982,1025969
1314992,1314993,1025969
1315109,1315110,1025984
1315139,1315140,1025984
1315603,1315605,1026039
21223,21253,1026051
21223,1315710,1026051
21223,1315739,1026051
21223,1315741,1026051
21223,1315750,1026051
21223,1315756,1026051
21551,21553,1026133
21551,1316160,1026133
21551,1316161,1026133
705897,1316530,1026208
705897,1316532,1026208
705897,1316534,1026208
705897,1316536,1026208
705897,1316537,1026208
705897,1316539,1026208
705897,1316540,1026208
705897,1316542,1026208
705897,1316545,1026208
705897,1316548,1026208
705897,1316552,1026208
705897,1316556,1026208
705897,1316559,1026208
705897,1316563,1026208
705897,1316564,1026208
705897,1316565,1026208
705897,1316568,1026208
705897,1316570,1026208
705897,1316572,1026208
705897,1316573,1026208
1317537,1317539,1026353
1317550,1317551,1026355
1317580,22510,1026361
1317602,22517,1026364
1317609,22521,1026364
1317705,1317706,1026366
1317707,1317708,1026366
1317714,1317715,1026366
1317720,1317721,1026366
1317738,1317739,1026366
22675,1318044,1026391
22675,1318046,1026391
22675,1318048,1026391
22675,1318050,1026391
22675,1318052,1026391
1318402,1318404,1026394
1318402,1318408,1026394
1318402,1318413,1026394
1318402,1318423,1026394
1318902,1318903,1026427
1318992,1318996,1026455
1319190,1319191,1026481
1319195,1319196,1026481
1319198,1319199,1026481
1320379,23643,1026689
1320379,1320360,1026689
1320379,1320363,1026689
1320379,1320367,1026689
1320379,1320370,1026689
1320379,1320372,1026689
1320490,23714,1026700
1320494,1320495,1026700
1320611,1320613,1026730
1320612,23832,1026730
1320618,1320620,1026730
1320619,23819,1026730
1320788,1320789,1026755
24549,24563,1026909
24549,24577,1026909
24549,24578,1026909
707608,24981,1027193
707608,24985,1027193
707608,24990,1027193
1321978,25015,1027193
1321978,25016,1027193
24976,1321958,1027195
707911,1322574,1027389
708108,1322877,1027519
1323013,1323014,1027550
1323051,1323055,1027572
708516,1323788,1027776
1323922,1323923,1027801
1323922,1323926,1027801
1323922,1323927,1027801
1324243,1324244,1027880
1324247,1324248,1027880
1324424,1324425,1027969
1324453,1324454,1027971
27617,1324673,1028039
27617,1324685,1028039
27617,1324707,1028039
27618,1324675,1028039
27618,1324686,1028039
27618,1324709,1028039
1324981,1324982,1028187
1324981,1324984,1028187
1324981,1324986,1028187
1324981,1324988,1028187
1324981,1324990,1028187
1324981,1324992,1028187
1324981,1324994,1028187
1324981,1324996,1028187
1324981,1324998,1028187
1324981,1325000,1028187
1325122,28053,1028221
1325122,28093,1028221
1325122,28138,1028221
1325122,28164,1028221
1325122,28200,1028221
1325127,28054,1028221
1325127,28063,1028221
1325127,28065,1028221
1325127,28069,1028221
1325127,28071,1028221
1325144,1325145,1028221
1325146,28074,1028221
1325150,1325151,1028221
1325152,28076,1028221
1325156,1325157,1028221
1325158,28078,1028221
1325162,1325163,1028221
1325164,28082,1028221
1325168,1325169,1028221
1325170,28089,1028221
1325187,1325188,1028221
1325189,28110,1028221
1325194,1325195,1028221
1325196,28118,1028221
1325201,1325202,1028221
1325203,28122,1028221
1325208,1325209,1028221
1325210,28127,1028221
1325215,1325216,1028221
1325217,28134,1028221
1325238,1325239,1028221
1325240,28149,1028221
1325245,1325246,1028221
1325247,28151,1028221
1325252,1325253,1028221
1325254,28153,1028221
1325259,1325260,1028221
1325261,28155,1028221
1325267,1325268,1028221
1325269,28157,1028221
1325290,1325291,1028221
1325292,28179,1028221
1325297,1325298,1028221
1325299,28183,1028221
1325304,1325305,1028221
1325306,28185,1028221
1325311,1325312,1028221
1325314,28189,1028221
1325320,1325321,1028221
1325322,28196,1028221
1325344,1325345,1028221
1325346,28227,1028221
1325351,1325352,1028221
1325353,28241,1028221
1325358,1325359,1028221
1325360,28253,1028221
1325365,1325366,1028221
1325367,28270,1028221
1325372,1325373,1028221
1325374,28293,1028221
1325630,1325638,1028427
28191,1325679,1028435
28191,1325685,1028435
1325798,1325800,1028472
1325856,1325908,1028491
1325856,1325909,1028491
1325856,1325910,1028491
1325856,1325911,1028491
1325856,1325912,1028491
1325866,1325867,1028491
1325868,1325870,1028491
1325873,1325874,1028491
1325877,1325878,1028491
1325881,1325882,1028491
1325970,1325975,1028508
1325970,1325981,1028508
1325970,1325985,1028508
1325970,1325990,1028508
1325970,1325994,1028508
1325970,1325999,1028508
1325970,1326003,1028508
1326011,1326013,1028514
1326011,1326015,1028514
1326011,1326018,1028514
1326011,1326021,1028514
1326011,1326024,1028514
1326011,1326028,1028514
1326011,1326032,1028514
1326011,1326038,1028514
1326011,1326044,1028514
1326011,1326050,1028514
1326026,1326027,1028514
1326030,1326031,1028514
1326036,1326037,1028514
1326042,1326043,1028514
1326048,1326049,1028514
1326323,1326325,1028573
1326323,1326327,1028573
28630,28623,1028601
29193,29229,1028794
29257,29272,1028803
29285,29299,1028812
1327190,29327,1028819
1327226,29335,1028829
1327272,29355,1028835
1327297,1327298,1028842
1327297,1327301,1028842
1327458,29418,1028865
1327655,1327656,1028912
29935,29929,1028957
29935,29969,1028957
29935,1328006,1028957
29935,1328007,1028957
1328017,30012,1028957
1328034,29962,1028957
1328413,1328423,1029087
1328413,1328448,1029087
1328413,1328459,1029087
1328413,1328472,1029087
1328554,30323,1029129
710042,30373,1029170
1328748,30444,1029194
1328780,30441,1029203
1328804,30458,1029211
1328914,30514,1029224
1328975,1328976,1029234
1328993,1328994,1029240
1329011,1329012,1029247
1329022,1329023,1029254
30684,1329081,1029260
30684,1329082,1029260
1329725,31351,1029395
1329731,31333,1029395
710388,1329705,1029417
710390,1329744,1029423
1329775,1329777,1029426
1329794,1329796,1029431
1329848,1329849,1029436
1329856,1329857,1029436
1329900,1329901,1029442
1329902,1329903,1029442
1329910,1329915,1029442
1329913,1329914,1029442
1329921,1329926,1029442
1329924,1329925,1029442
1329928,1329929,1029442
1329930,1329931,1029442
1329974,31456,1029445
1329999,31480,1029453
1330002,1330004,1029453
1330173,1330174,1029508
1330214,1330215,1029514
1330181,1330183,1029517
1330185,1330187,1029517
1330192,1330194,1029517
710804,32041,1029581
710804,1330462,1029581
710806,1330468,1029581
710808,1330463,1029581
1330537,32124,1029598
1330549,32094,1029598
1330517,1330518,1029601
1330563,1330564,1029603
1330582,1330586,1029605
1330583,1330584,1029605
1330586,1330587,1029605
1330631,1330632,1029613
1330632,1330637,1029613
1330633,1330634,1029613
1330710,1330711,1029619
1330714,32165,1029619
1330716,32153,1029619
1330787,1330788,1029630
1330788,1330793,1029630
1330789,1330790,1029630
1330898,1330919,1029652
1330910,1330924,1029652
1330913,1330916,1029652
1331060,1331075,1029678
1331069,1331070,1029678
1331071,1331072,1029678
1331168,1331169,1029688
1331172,32368,1029688
1331174,32363,1029688
1331227,1331228,1029697
1331229,1331230,1029697
1331236,1331237,1029697
32849,32863,1029789
1331896,32823,1029789
1331897,32831,1029789
1332025,1332027,1029811
1332173,1332167,1029822
1332179,1332137,1029822
1332236,1332240,1029851
1332237,1332242,1029851
1332290,1332292,1029871
1332290,1332293,1029871
1332290,1332296,1029871
1332290,1332297,1029871
1332290,1332302,1029871
1332290,1332303,1029871
1332290,1332304,1029871
1332290,1332305,1029871
1332392,1332394,1029886
33248,33258,1029905
33248,33259,1029905
33248,1332468,1029905
33248,1332469,1029905
33248,1332489,1029905
33248,1332491,1029905
33248,1332508,1029905
33248,1332509,1029905
1332487,1332490,1029911
1332487,1332494,1029911
33412,33386,1029943
33412,33397,1029943
33412,1332737,1029943
33412,1332740,1029943
33412,1332742,1029943
33412,1332744,1029943
33412,1332747,1029943
33412,1332750,1029943
33412,1332756,1029943
33412,1332761,1029943
33412,1332765,1029943
33412,1332769,1029943
33468,33448,1029959
33468,33457,1029959
33468,1332848,1029959
33468,1332851,1029959
33468,1332854,1029959
33468,1332856,1029959
33468,1332859,1029959
33468,1332862,1029959
33468,1332865,1029959
33468,1332868,1029959
33468,1332871,1029959
33468,1332874,1029959
33468,1332877,1029959
33468,1332880,1029959
33468,1332883,1029959
1332990,33517,1029971
1333067,33555,1029980
1333088,33602,1029986
1333158,33661,1030000
711829,34267,1030121
711832,34296,1030121
711806,34193,1030135
711806,1333543,1030135
1333799,34419,1030216
1333822,34529,1030219
1333852,34461,1030219
1333890,1333891,1030256
34694,1334005,1030274
34694,1334006,1030274
1333993,34636,1030274
1333993,34641,1030274
1333993,34645,1030274
1333993,34649,1030274
1333993,34651,1030274
1333993,34653,1030274
1333993,34655,1030274
1333993,34657,1030274
1333993,34662,1030274
1333993,34664,1030274
1333993,34666,1030274
1333993,34676,1030274
1333993,34683,1030274
1333993,1334029,1030274
1334013,1334016,1030274
1334014,1334015,1030274
1334435,1334436,1030400
1334562,35281,1030433
1334566,35333,1030433
1334568,35327,1030433
1334570,35326,1030433
1334685,35351,1030483
1334698,1334699,1030487
1334701,1334702,1030487
1334718,35368,1030503
1334737,35391,1030505
1334727,35374,1030511
1334774,1334775,1030517
1334775,35443,1030517
1334776,1334777,1030517
1334777,35444,1030517
1334779,1334780,1030517
1334780,35439,1030517
1334833,35491,1030520
1334819,35489,1030529
1334842,35505,1030542
1334858,1334859,1030550
1334871,1334872,1030559
1334974,1334975,1030604
1334974,1334978,1030604
712322,1335070,1030610
35745,1335142,1030616
35745,1335146,1030616
1335148,35754,1030616
712335,1335128,1030620
712335,1335129,1030620
1335223,1335225,1030630
1335236,1335237,1030632
1335318,35924,1030637
1335321,35925,1030637
1335277,1335278,1030639
1335278,1335282,1030639
1335279,1335280,1030639
712390,35921,1030642
1335336,1335337,1030642
1335339,1335340,1030642
1335342,1335343,1030642
1335343,1335344,1030642
1335344,35915,1030642
1335346,35931,1030642
1335346,35946,1030642
1335346,35955,1030642
1335346,35958,1030642
1335348,35954,1030642
1335348,35957,1030642
1335350,1335358,1030642
1335358,35967,1030642
712529,1335944,1030704
712529,1335945,1030704
712529,1335946,1030704
712529,1335948,1030704
712529,1335954,1030704
712529,1335955,1030704
712529,1335956,1030704
712529,1335963,1030704
712529,1335964,1030704
712529,1335965,1030704
712529,1335966,1030704
712529,1335968,1030704
712529,1335969,1030704
712529,1335971,1030704
712529,1335972,1030704
712529,1335974,1030704
712529,1335975,1030704
712529,1335976,1030704
712529,1335978,1030704
712529,1335979,1030704
712529,1335980,1030704
712529,1335981,1030704
712529,1335982,1030704
712529,1335983,1030704
712529,1335986,1030704
712529,1335987,1030704
712529,1335988,1030704
712529,1335989,1030704
712529,1335994,1030704
712529,1335995,1030704
712529,1336010,1030704
36710,36706,1030768
1336328,1336330,1030772
1336749,1336750,1030890
1336763,1336764,1030890
1336791,1336793,1030896
1336803,1336804,1030896
712876,1336827,1030902
712876,1336831,1030902
1336814,37039,1030902
1336891,1336893,1030908
1336905,37078,1030912
1336912,37082,1030914
1336917,1336918,1030919
1336921,37088,1030921
37123,37120,1030923
37123,37125,1030923
712914,37113,1030923
712914,37117,1030923
1336932,37103,1030923
1336983,37151,1030931
37217,1337032,1030946
37217,1337033,1030946
1337053,1337055,1030949
1337072,1337073,1030956
1337074,1337075,1030956
1337076,1337085,1030956
1337080,1337084,1030956
1337082,1337083,1030956
712984,1337106,1030963
1337156,1337162,1030975
713153,1337533,1031073
713153,1337542,1031073
1337535,1337537,1031073
1337540,1337541,1031073
713171,37771,1031080
713171,1337560,1031080
713171,1337571,1031080
713171,1337572,1031080
1337787,1337789,1031166
1338067,38298,1031233
38572,38578,1031285
38572,38580,1031285
38572,38582,1031285
38572,38584,1031285
38572,1338342,1031285
38572,1338364,1031285
38572,1338366,1031285
38572,1338368,1031285
38572,1338369,1031285
38572,1338371,1031285
38572,1338373,1031285
1338725,38752,1031394
1338730,1338731,1031394
1338732,1338733,1031394
713603,1338806,1031435
713603,1338810,1031435
1338825,38834,1031438
1338856,38862,1031444
713625,38887,1031454
713625,1338883,1031454
713625,1338885,1031454
713625,1338887,1031454
713625,1338889,1031454
713625,1338891,1031454
713625,1338893,1031454
713625,1338895,1031454
713625,1338899,1031454
713625,1338901,1031454
713625,1338909,1031454
713625,1338913,1031454
713625,1338916,1031454
38911,1339017,1031460
1339075,1339076,1031471
1339077,1339078,1031471
1339078,1339079,1031471
1339080,1339081,1031471
1339082,1339083,1031471
1339083,1339084,1031471
1339087,1339089,1031471
1339090,1339091,1031471
713674,1339130,1031480
713674,1339134,1031480
713674,1339139,1031480
713674,1339140,1031480
713674,1339145,1031480
1339208,1339209,1031507
1339210,1339211,1031507
1339211,1339212,1031507
1339214,1339215,1031507
1339215,1339216,1031507
1339217,1339218,1031507
1339221,1339222,1031507
1339223,1339224,1031507
1339224,1339225,1031507
1339226,1339227,1031507
1339227,1339228,1031507
1339231,1339233,1031507
1339236,1339237,1031507
1339239,1339240,1031507
1339242,1339243,1031507
1339244,1339245,1031507
1339266,1339267,1031510
1339269,1339270,1031510
1339271,1339272,1031510
1339277,1339278,1031510
1339279,1339280,1031510
1339363,1339364,1031531
1339366,1339367,1031531
1339370,1339371,1031531
1339383,1339397,1031531
1339390,39059,1031531
1339397,39072,1031531
713868,1339799,1031655
713868,1339805,1031655
713883,1339834,1031665
713883,1339837,1031665
1340087,1340090,1031701
1340087,1340095,1031701
1340087,1340099,1031701
1340185,1340188,1031745
1340185,1340210,1031745
1340185,1340211,1031745
1340185,1340212,1031745
1340237,1340242,1031754
40203,40205,1031859
40203,1340731,1031859
40203,1340732,1031859
40203,1340733,1031859
40203,1340734,1031859
1340709,1340716,1031859
1340992,1341003,1031904
1341059,1341060,1031908
1341164,1341167,1031933
1341265,1341269,1031957
1341335,1341338,1031961
40508,40510,1031975
40508,1341446,1031975
40508,1341449,1031975
1341465,1341438,1031975
1341465,1341455,1031975
40596,40598,1032005
40596,1341746,1032005
40596,1341747,1032005
1341762,1341738,1032005
40693,40695,1032029
40693,1341941,1032029
1341948,1341937,1032029
1342209,1342211,1032072
1342274,1342237,1032080
1342274,1342269,1032080
1342345,1342350,1032121
1342494,1342475,1032176
714763,1342717,1032237
1342898,1342899,1032280
1342899,1342906,1032280
1342899,1342910,1032280
1342899,1342912,1032280
1342899,1342915,1032280
1342899,1342917,1032280
1342899,1342918,1032280
1342947,1342950,1032287
1342947,1342951,1032287
1342981,1342982,1032291
1342985,1342986,1032291
1342987,1342988,1032291
1342993,1342994,1032291
1343024,1343025,1032295
1343025,1343027,1032295
1343025,1343029,1032295
1343115,1343116,1032303
1343121,1343122,1032303
1343909,1343910,1032447
1344211,1344212,1032529
1344212,42059,1032529
1344215,1344216,1032529
1344216,42060,1032529
1344305,1344306,1032539
1344306,1344307,1032539
1344310,1344312,1032539
1344312,1344314,1032539
1344435,1344432,1032560
1344435,1344434,1032560
1344436,42244,1032560
1344436,42285,1032560
1344436,1344405,1032560
1344436,1344406,1032560
1344436,1344407,1032560
1344436,1344412,1032560
1344456,42363,1032562
1344456,42365,1032562
1344460,1344464,1032562
1347371,1347372,1032725
1347371,1347375,1032725
1347371,1347377,1032725
715670,1347409,1032745
1347494,1347495,1032764
1347499,1347501,1032764
1347513,1347514,1032766
1347525,1347526,1032769
1347531,1347532,1032769
1347560,1347563,1032771
1347606,1347608,1032780
43130,1347630,1032782
1347653,1347654,1032788
43177,43170,1032797
1347701,1347703,1032805
1347702,43183,1032805
43196,1347726,1032807
43216,43220,1032822
715829,1347866,1032868
715829,1347868,1032868
715829,1347871,1032868
715829,1347874,1032868
715829,1347877,1032868
715829,1347880,1032868
715829,1347883,1032868
715829,1347886,1032868
715922,43523,1032923
1348375,1348376,1032971
1348377,1348378,1032971
1348450,1348451,1032983
1348453,1348454,1032983
1348872,1348915,1033073
1348882,1348910,1033073
1348893,1348906,1033073
1348949,1348971,1033082
1349004,1349017,1033084
1349026,1349062,1033084
1349074,1349084,1033084
44131,1348995,1033088
44131,1348998,1033088
44131,1349005,1033088
1349111,1349137,1033090
1349159,1349183,1033092
1349169,1349179,1033092
1349247,1349255,1033098
1349262,1349270,1033098
1349435,44267,1033136
1349441,1349444,1033136
1349447,1349448,1033136
1349450,1349456,1033136
1349631,1349646,1033207
1349631,1349647,1033207
1349633,1349642,1033207
1349633,1349643,1033207
1349633,1349644,1033207
1349633,1349645,1033207
44415,1349694,1033218
1349688,1349712,1033218
1349689,1349713,1033218
1349701,1349702,1033218
1349707,1349708,1033218
1349710,44365,1033218
1349711,44368,1033218
1349783,1349792,1033236
1349783,1349795,1033236
1349793,1349794,1033236
1349796,1349797,1033236
1349861,1349862,1033253
1349878,1349879,1033256
1349964,44532,1033265
1349965,1349966,1033265
1349968,44527,1033265
1349969,1349970,1033265
1349971,44522,1033265
1349972,1349973,1033265
1349974,44519,1033265
1349975,1349976,1033265
1349978,44516,1033265
1349979,1349980,1033265
1350130,44559,1033282
1350131,1350132,1033282
1350186,44584,1033287
1350187,1350188,1033287
1350250,44598,1033310
1350255,1350256,1033310
1350273,44643,1033315
1350278,1350279,1033315
1350421,44715,1033324
1350426,1350427,1033324
1350469,1350470,1033352
1350475,44733,1033352
1350552,44787,1033367
1350553,1350554,1033367
1350555,44779,1033367
1350556,1350557,1033367
1350558,44769,1033367
1350559,1350560,1033367
1350561,44765,1033367
1350562,1350563,1033367
1350565,1350569,1033367
1350566,44761,1033367
1350567,1350568,1033367
1350572,1350564,1033367
1350574,44771,1033367
1350576,44781,1033367
1350578,44789,1033367
1350622,44816,1033378
1350623,1350624,1033378
1350625,44818,1033378
1350676,44843,1033385
1350677,1350678,1033385
1350679,44845,1033385
1350720,44865,1033401
1350725,1350726,1033401
1350740,44883,1033411
1350745,1350746,1033411
1350758,44895,1033417
1350763,1350764,1033417
1350794,1350795,1033423
1350799,44907,1033423
1350800,44909,1033423
1351061,1351064,1033470
1351061,1351067,1033470
1351093,1351096,1033478
1351098,1351101,1033478
1351155,1351159,1033486
1351155,1351163,1033486
1351155,1351176,1033486
1351165,1351169,1033486
1351165,1351178,1033486
1351341,1351344,1033515
1351341,1351347,1033515
1351341,1351361,1033515
1351349,1351352,1033515
1351349,1351355,1033515
1351349,1351363,1033515
1351456,45285,1033539
1351458,45280,1033539
1351665,1351666,1033582
45534,1352015,1033609
45534,1352020,1033609
45590,1351972,1033609
45590,1351978,1033609
45590,1351982,1033609
45590,1351985,1033609
45590,1351986,1033609
45590,1351990,1033609
45590,1351995,1033609
45590,1352001,1033609
45590,1352003,1033609
716750,45498,1033609
716750,45499,1033609
716750,45500,1033609
716750,45501,1033609
716750,45527,1033609
716775,1352094,1033609
716775,1352102,1033609
1351898,45484,1033609
1352006,1352008,1033609
1352167,1352101,1033609
1352178,1352006,1033609
1351783,1351785,1033626
1351932,1351943,1033664
1351936,1351937,1033664
1351965,1351966,1033664
1351967,1351969,1033664
1351975,1351981,1033664
1351977,1351980,1033664
1351996,1351998,1033664
1352000,1352002,1033664
1352004,1352005,1033664
1352007,1352009,1033664
1352010,1352011,1033664
1352013,1352014,1033664
1352032,1352033,1033664
1352034,1352036,1033664
1352037,1352038,1033664
1352039,1352040,1033664
1352042,1352043,1033664
45572,45564,1033683
1352436,1352437,1033704
1352439,45794,1033704
1352442,1352443,1033704
1352383,1352384,1033708
45738,45787,1033728
45812,1352495,1033739
1352634,45996,1033755
1352643,46002,1033755
1352652,46008,1033755
716931,45902,1033760
45872,1352584,1033762
717103,1353055,1033867
717103,1353058,1033867
717121,1353057,1033869
1353088,1353091,1033881
1353511,46683,1034045
1353511,46685,1034045
1353511,46686,1034045
1353511,46687,1034045
1353511,1353512,1034045
1353511,1353513,1034045
1353511,1353515,1034045
1353511,1353517,1034045
1353674,1353677,1034059
1353678,1353682,1034059
1354477,1354478,1034242
1354480,1354481,1034242
1354482,1354487,1034242
1354489,1354494,1034242
1354496,1354501,1034242
1354536,1354537,1034254
1354540,1354541,1034254
47544,1354774,1034295
47569,47579,1034303
1354894,47650,1034323
1354923,47660,1034331
1354923,1354926,1034331
1354953,1354954,1034335
1354962,1354963,1034340
1355012,1355013,1034356
1355016,1355018,1034356
1355041,1355042,1034368
1355077,47767,1034372
1355077,47770,1034372
1355053,47755,1034377
1355114,1355116,1034388
717893,47923,1034451
1355346,1355351,1034463
1355352,1355354,1034463
717922,47974,1034469
1355374,1355375,1034472
717975,1355488,1034504
717975,1355491,1034504
717975,1355492,1034504
1355461,48048,1034511
1355470,1355471,1034516
1355471,48059,1034516
1355514,1355516,1034530
1356539,1356545,1034875
1356608,1356609,1034882
1356613,1356614,1034882
1356621,49203,1034882
1356623,1356624,1034882
1356632,1356633,1034884
1356637,1356638,1034884
1356643,49235,1034884
1356645,1356646,1034884
1356680,1356681,1034888
1356710,1356711,1034894
1356990,1356988,1034958
1356993,1356990,1034958
1357227,1357230,1035022
1357231,1357232,1035022
1357212,49908,1035027
1357214,1357215,1035027
1357438,1357434,1035073
718881,50202,1035126
718881,50209,1035126
50306,1357868,1035157
50342,50348,1035166
50612,1358439,1035239
1358450,1358455,1035239
50674,1358546,1035276
1358555,1358559,1035276
1358992,51206,1035424
1359017,1359018,1035427
1359022,1359023,1035429
1359027,1359028,1035431
719399,1359048,1035444
719401,1359077,1035450
1359066,1359080,1035450
1359069,1359082,1035450
719419,1359105,1035458
1359379,51681,1035501
1359692,1359693,1035524
1359696,1359697,1035524
1359699,1359700,1035524
1359711,1359712,1035526
1359713,1359714,1035526
1359715,1359717,1035526
1359718,1359721,1035526
1359719,1359722,1035526
1359720,1359723,1035526
1359726,1359727,1035526
1359764,1359765,1035534
1359766,1359768,1035534
1359769,1359776,1035534
1359770,1359777,1035534
1359771,1359775,1035534
1359779,1359780,1035534
1359785,51890,1035540
1359804,1359805,1035542
1359808,51896,1035542
1359828,1359841,1035557
1359833,1359842,1035557
1359877,1359878,1035577
1359915,1359916,1035585
1359923,1359936,1035585
1359991,1359992,1035593
1359996,1359997,1035593
1360086,1360087,1035600
1360088,1360089,1035600
1360105,1360107,1035600
1360110,1360111,1035600
1360115,1360119,1035600
1360126,1360127,1035600
1360181,1360182,1035609
1360184,52125,1035609
1360185,1360186,1035609
1360188,1360189,1035609
1360203,1360229,1035609
1360206,1360207,1035609
1360209,1360231,1035609
1360211,1360212,1035609
1360214,1360215,1035609
1360220,1360221,1035609
1360224,1360225,1035609
1360234,1360235,1035609
1360910,1360912,1035635
1360922,52694,1035639
1360925,1360927,1035639
1360961,1360962,1035659
1360964,52710,1035659
1360973,52736,1035661
1360976,1360977,1035661
1360986,1360987,1035665
1361015,1361019,1035673
1361015,1361022,1035673
1361015,1361097,1035673
1361016,1361020,1035673
1361019,52786,1035673
1361022,1361023,1035673
1361032,1361033,1035673
1361034,1361035,1035673
1361039,1361041,1035673
1361042,1361044,1035673
1361049,1361051,1035673
1361052,1361053,1035673
1361055,1361056,1035673
1361064,1361065,1035673
1361076,1361077,1035673
1361080,1361081,1035673
1361097,1361120,1035673
1361114,1361115,1035673
1361371,1361372,1035698
1361373,1361399,1035698
1361378,1361379,1035698
1361381,1361382,1035698
1361384,1361386,1035698
1361388,1361389,1035698
1361391,1361393,1035698
1361396,53049,1035698
1361400,1361518,1035698
1361402,1361403,1035698
1361403,53034,1035698
1361404,1361405,1035698
1361406,1361410,1035698
1361407,53023,1035698
1361413,1361414,1035698
1361417,1361418,1035698
1361420,1361421,1035698
1361424,1361425,1035698
1361440,1361442,1035698
1361444,1361447,1035698
1361449,1361453,1035698
1361454,1361455,1035698
1361468,1361535,1035698
1361470,1361471,1035698
1361471,53031,1035698
53198,1361765,1035739
53198,1361776,1035739
53198,1361800,1035739
53198,1361801,1035739
53198,1361807,1035739
53198,1361836,1035739
53198,1361837,1035739
720236,53243,1035739
720236,53244,1035739
720236,53250,1035739
720236,53251,1035739
720236,1361814,1035739
720236,1361882,1035739
720236,1361883,1035739
720236,1361934,1035739
1361749,1361750,1035739
1361752,1361753,1035739
1361756,1361757,1035739
1361758,1361759,1035739
1361762,1361763,1035739
1361764,1361768,1035739
1361769,1361771,1035739
1361770,53248,1035739
1361773,1361774,1035739
1361775,1361779,1035739
1361780,1361784,1035739
1361781,1361782,1035739
1361785,1361786,1035739
1361790,1361791,1035739
1361793,1361794,1035739
1361795,1361796,1035739
1361804,1361805,1035739
1361806,1361810,1035739
1361811,1361813,1035739
1361812,53239,1035739
1361815,1361816,1035739
1361823,1361824,1035739
1361826,1361827,1035739
1361829,1361830,1035739
1361832,1361833,1035739
1362061,1362062,1035746
1362104,53440,1035746
1362105,53443,1035746
1362132,1362136,1035746
1362134,1362135,1035746
1362144,1362145,1035746
1362309,1362310,1035763
1362311,1362434,1035763
1362313,1362436,1035763
1362314,53376,1035763
1362317,1362318,1035763
1362328,1362329,1035763
1362333,1362410,1035763
1362334,1362335,1035763
1362336,53349,1035763
1362340,1362341,1035763
1362371,53333,1035763
1362655,1362690,1035805
1362871,1362872,1035812
1362873,1362874,1035812
1362886,1362887,1035816
1362888,1362889,1035816
1362896,1362897,1035818
1362898,1362899,1035818
1362901,1362902,1035818
1362905,1362906,1035818
1362909,1362910,1035818
53704,53700,1035822
53704,53702,1035822
53704,1362929,1035822
53800,1362977,1035845
720506,1362976,1035845
53796,1363036,1035858
1363474,1363477,1035931
1363475,1363476,1035931
1364253,1364255,1035967
1364756,1364758,1035995
721019,1365445,1036267
1365518,1365519,1036271
55275,55257,1036418
55275,55259,1036418
55280,55258,1036418
55280,55260,1036418
1366263,55309,1036426
55429,1366435,1036480
55429,1366437,1036480
55429,1366441,1036480
55429,1366447,1036480
55429,1366450,1036480
55782,1367423,1036533
55782,1367426,1036533
55782,1367428,1036533
1368040,56006,1036602
1368040,1368043,1036602
1368040,1368046,1036602
1368040,1368047,1036602
1368040,1368049,1036602
1368040,1368050,1036602
1368040,1368054,1036602
56130,1368222,1036646
56130,1368223,1036646
56130,1368224,1036646
1368237,56192,1036652
1368237,56244,1036652
56289,1368392,1036696
56356,56360,1036771
56356,56365,1036771
56356,56367,1036771
1369185,1369186,1036937
1369733,57516,1037111
1369733,1369740,1037111
1369763,57557,1037115
1369763,1369766,1037115
722188,57601,1037122
722298,1370013,1037165
57911,1370092,1037176
57911,1370096,1037176
57911,1370098,1037176
57911,1370114,1037176
722327,1370078,1037180
722333,1370161,1037186
722345,1370212,1037196
722364,1370256,1037201
1370269,57973,1037213
58014,1370333,1037229
58014,1370334,1037229
58014,1370335,1037229
58014,1370336,1037229
1370325,58012,1037236
1370359,1370360,1037242
1370367,58050,1037244
722418,1370373,1037248
1370375,58064,1037248
1370393,1370394,1037252
1370400,1370401,1037254
722441,1370407,1037256
722444,1370419,1037258
1370451,1370452,1037272
1370453,1370454,1037272
1370471,1370472,1037300
1370480,1370481,1037300
1370482,1370483,1037300
722487,1370512,1037308
722487,1370514,1037308
1370521,1370522,1037312
1370580,1370582,1037325
58771,58807,1037426
58771,58809,1037426
58771,58810,1037426
58771,58814,1037426
58771,58815,1037426
58771,58816,1037426
58771,58821,1037426
58771,58822,1037426
58771,58823,1037426
58771,58824,1037426
58771,58826,1037426
58771,58827,1037426
58771,58828,1037426
58771,58829,1037426
58771,58830,1037426
58771,58834,1037426
58771,58835,1037426
58771,58836,1037426
58771,58837,1037426
58771,58838,1037426
58771,58839,1037426
58771,58851,1037426
58771,58853,1037426
58771,58854,1037426
58771,58856,1037426
58771,58857,1037426
58771,58858,1037426
58771,58860,1037426
58771,58861,1037426
58771,58862,1037426
58771,58863,1037426
58771,58875,1037426
58771,58876,1037426
58771,58877,1037426
58771,58878,1037426
58771,58879,1037426
58771,58890,1037426
58771,58891,1037426
58771,58892,1037426
58771,58893,1037426
58771,58894,1037426
58771,58895,1037426
58771,1370987,1037426
58771,1370988,1037426
58771,1370990,1037426
58771,1370992,1037426
58771,1370993,1037426
58771,1370994,1037426
58771,1370996,1037426
58771,1370997,1037426
58771,1370998,1037426
1370852,1370853,1037453
1370855,1370856,1037453
1370889,1370890,1037462
1370889,1370891,1037462
1370889,1370892,1037462
1370889,1370893,1037462
1370895,1370916,1037462
1370924,1370925,1037464
1370924,1370926,1037464
1370924,1370927,1037464
1370924,1370934,1037464
1370924,1370936,1037464
1370924,1370940,1037464
722730,58690,1037478
1371308,59003,1037588
1371570,1371571,1037648
723233,59579,1037873
723320,59712,1037940
723320,1372355,1037940
723352,59779,1037969
1372464,1372466,1037999
1372475,1372478,1037999
1372476,1372477,1037999
1372482,1372483,1037999
1372484,1372488,1037999
1372486,1372487,1037999
723609,60255,1038124
723628,60286,1038126
723671,60309,1038132
723671,60320,1038132
1373081,60361,1038146
1375056,1375057,1038264
61705,61711,1038352
61705,1375299,1038352
61736,61741,1038354
61736,1375305,1038354
1375480,1375481,1038432
1375627,1375628,1038480
1375630,1375631,1038480
1375634,1375636,1038480
1375639,1375640,1038480
724160,1375602,1038482
1375851,1375854,1038528
1375879,63005,1038540
1376058,1376059,1038579
1376086,63333,1038594
1376091,1376093,1038594
1376135,1376136,1038609
1376150,1376151,1038614
724521,1376688,1038675
1376657,1376659,1038719
1376661,1376667,1038719
1376739,1376740,1038728
1376742,1376745,1038728
64624,64654,1038780
64625,64653,1038780
64626,64655,1038780
1376919,64692,1038796
1376925,64691,1038796
1376926,64693,1038796
1376944,64725,1038805
1376954,64724,1038805
1376955,64726,1038805
1376964,1376949,1038805
1376964,1376958,1038805
1376964,1376959,1038805
1376993,64769,1038833
1377012,64802,1038835
1377113,1377114,1038866
1378217,1378219,1039039
1378242,1378244,1039046
1378433,1378435,1039075
1378628,1378633,1039110
1378660,1378673,1039122
1379120,68369,1039304
1379120,1379121,1039304
1379146,68402,1039314
1379146,1379148,1039314
1379283,1379286,1039359
725117,1379305,1039365
1379394,68776,1039382
1379394,1379397,1039382
1379394,1379401,1039382
1379394,1379403,1039382
1379394,1379405,1039382
1379409,68746,1039382
1379409,1379416,1039382
1379409,1379420,1039382
1379479,1379482,1039402
1379639,1379659,1039430
1379649,1379650,1039430
1379651,1379652,1039430
69054,69052,1039433
69054,1379669,1039433
69054,1379671,1039433
1379668,1379670,1039433
69149,69140,1039447
69149,1379728,1039447
1379726,1379727,1039447
69604,69599,1039469
725342,69914,1039490
1379936,1379937,1039501
1379940,1379941,1039501
1379949,1379953,1039506
1379957,1379961,1039509
1379983,70340,1039512
1379985,70326,1039512
1379994,70286,1039512
1379996,1380017,1039512
1379999,70244,1039512
1380001,1380015,1039512
70250,1380049,1039518
1380090,1380092,1039541
725402,70470,1039556
1380184,70582,1039562
1380184,1380201,1039562
1380203,70595,1039562
1380203,1380232,1039562
725421,70589,1039576
1380301,1380302,1039586
70906,1380485,1039650
70906,1380487,1039650
70906,1380488,1039650
70906,1380490,1039650
70906,1380494,1039650
70906,1380495,1039650
70906,1380497,1039650
70906,1380499,1039650
70906,1380500,1039650
70906,1380501,1039650
70906,1380503,1039650
1380475,1380476,1039650
1380482,1380483,1039650
1380492,1380493,1039650
1380504,1380505,1039650
1380732,1380733,1039718
1380737,71331,1039718
1380744,1380762,1039718
1380745,1380746,1039718
1380747,1380748,1039718
1380750,1380759,1039718
1381258,1381260,1039876
1382347,1382348,1040126
1382349,1382409,1040126
1382360,1382362,1040126
1382526,1382527,1040159
1382526,1382528,1040159
1382526,1382530,1040159
1382526,1382532,1040159
1382526,1382534,1040159
1382792,1382794,1040224
1383100,1383105,1040268
1383100,1383109,1040268
1383100,1383115,1040268
1383100,1383119,1040268
1383100,1383125,1040268
1383100,1383129,1040268
1383100,1383135,1040268
1383100,1383139,1040268
1383100,1383145,1040268
1383100,1383149,1040268
1383100,1383155,1040268
1383100,1383159,1040268
1383100,1383165,1040268
1383100,1383169,1040268
1383100,1383175,1040268
1383100,1383179,1040268
1383100,1383184,1040268
1383100,1383188,1040268
1383192,1383193,1040272
1383192,1383196,1040272
1383192,1383198,1040272
1383192,1383200,1040272
1383192,1383202,1040272
1383192,1383204,1040272
1383192,1383206,1040272
1383192,1383208,1040272
1383192,1383210,1040272
1383192,1383212,1040272
1383192,1383214,1040272
75970,75975,1040388
75970,75976,1040388
75970,75978,1040388
75970,75979,1040388
75970,75986,1040388
75970,75987,1040388
75970,75989,1040388
75970,75990,1040388
75970,76000,1040388
75970,76001,1040388
75970,76003,1040388
75970,76004,1040388
75970,76011,1040388
75970,76012,1040388
75970,76014,1040388
75970,76015,1040388
76219,76238,1040401
76219,76240,1040401
76219,1384734,1040401
76219,1384736,1040401
76219,1384739,1040401
76219,1384740,1040401
76219,1384741,1040401
76219,1384742,1040401
1384747,1384748,1040404
1384747,1384749,1040404
1384747,1384753,1040404
1384747,1384754,1040404
1384747,1384757,1040404
1384747,1384758,1040404
1384747,1384761,1040404
1384747,1384777,1040404
76475,1384902,1040464
76475,1384903,1040464
76475,1384904,1040464
76475,1384906,1040464
76475,1384908,1040464
76475,1384910,1040464
1385877,1385880,1040637
1385877,1385882,1040637
1385877,1385884,1040637
1385877,1385888,1040637
1385877,1385890,1040637
1385877,1385894,1040637
1385877,1385898,1040637
1385877,1385900,1040637
1385877,1385904,1040637
1385877,1385908,1040637
1385877,1385912,1040637
1385877,1385914,1040637
1385877,1385918,1040637
1385877,1385922,1040637
1385877,1385926,1040637
1385877,1385930,1040637
1385877,1385932,1040637
1385877,1385936,1040637
1385877,1385940,1040637
1385877,1385944,1040637
1385877,1385948,1040637
1385877,1385952,1040637
1385877,1385954,1040637
1385877,1385958,1040637
1385877,1385962,1040637
1385877,1385966,1040637
1385877,1385970,1040637
1385877,1385974,1040637
1385877,1385978,1040637
1385877,1385980,1040637
1385877,1385984,1040637
1385877,1385988,1040637
1385877,1385992,1040637
1385877,1385996,1040637
1385877,1386000,1040637
1385877,1386004,1040637
1385877,1386008,1040637
1385877,1386010,1040637
1385877,1386014,1040637
1385877,1386018,1040637
1385877,1386022,1040637
1385877,1386026,1040637
1385877,1386030,1040637
1385877,1386034,1040637
1385877,1386038,1040637
1385877,1386042,1040637
1385877,1386044,1040637
1385877,1386048,1040637
1385877,1386052,1040637
1385877,1386056,1040637
1385877,1386060,1040637
1385877,1386064,1040637
1385877,1386068,1040637
1385877,1386072,1040637
1385877,1386076,1040637
1385877,1386080,1040637
1385877,1386082,1040637
1385877,1386086,1040637
1385877,1386090,1040637
1385877,1386094,1040637
1385877,1386098,1040637
1385877,1386102,1040637
1385877,1386106,1040637
1385877,1386110,1040637
1385877,1386114,1040637
1385877,1386118,1040637
1385877,1386122,1040637
1385877,1386124,1040637
1385877,1386128,1040637
1385877,1386132,1040637
1385877,1386136,1040637
1385877,1386140,1040637
1385877,1386144,1040637
1385877,1386148,1040637
1385877,1386152,1040637
1385877,1386156,1040637
1385877,1386160,1040637
1385877,1386164,1040637
1385877,1386168,1040637
1385877,1386170,1040637
1385877,1386174,1040637
1385877,1386178,1040637
1385877,1386182,1040637
1385877,1386186,1040637
1385877,1386190,1040637
1385877,1386194,1040637
1385877,1386198,1040637
1385877,1386202,1040637
1385877,1386206,1040637
1385877,1386210,1040637
1385877,1386214,1040637
1385877,1386218,1040637
1385877,1386220,1040637
1385877,1386224,1040637
1385877,1386228,1040637
1385877,1386232,1040637
1385877,1386236,1040637
1385877,1386240,1040637
1385877,1386244,1040637
1385877,1386248,1040637
1385877,1386252,1040637
1385877,1386256,1040637
1385877,1386260,1040637
1385877,1386264,1040637
1385877,1386268,1040637
1385877,1386272,1040637
1385877,1386274,1040637
1385877,1386278,1040637
1385877,1386282,1040637
1385877,1386286,1040637
1385877,1386290,1040637
1385877,1386294,1040637
1385877,1386298,1040637
1385877,1386302,1040637
1385877,1386306,1040637
1385877,1386310,1040637
1385877,1386314,1040637
1385877,1386318,1040637
1385877,1386322,1040637
1385877,1386326,1040637
1385877,1386330,1040637
1385877,1386332,1040637
1385877,1386336,1040637
1385877,1386340,1040637
1385877,1386344,1040637
1385877,1386348,1040637
1385877,1386352,1040637
1385877,1386356,1040637
1385877,1386360,1040637
1385877,1386364,1040637
1385877,1386368,1040637
1385877,1386372,1040637
1385877,1386376,1040637
1385877,1386380,1040637
1385877,1386384,1040637
1385877,1386388,1040637
1385877,1386392,1040637
1385877,1386394,1040637
1385877,1386398,1040637
1385877,1386402,1040637
1385877,1386406,1040637
1385877,1386410,1040637
1385877,1386414,1040637
1385877,1386418,1040637
1385877,1386422,1040637
1385877,1386426,1040637
1385877,1386430,1040637
1385877,1386434,1040637
1385877,1386438,1040637
1385877,1386442,1040637
1385877,1386446,1040637
1385877,1386450,1040637
1385877,1386452,1040637
1385877,1386456,1040637
1385877,1386461,1040637
1385877,1386465,1040637
1385877,1386469,1040637
1385877,1386473,1040637
1385877,1386477,1040637
1385877,1386481,1040637
1385877,1386485,1040637
1385877,1386489,1040637
1385877,1386493,1040637
1385877,1386497,1040637
1385877,1386501,1040637
1385877,1386505,1040637
1385877,1386507,1040637
1385877,1386511,1040637
1385877,1386515,1040637
1385877,1386519,1040637
1385877,1386523,1040637
1385877,1386527,1040637
1385877,1386531,1040637
1385877,1386535,1040637
1385877,1386539,1040637
1385877,1386543,1040637
1385877,1386547,1040637
1385877,1386551,1040637
1385877,1386555,1040637
1385877,1386557,1040637
1385877,1386561,1040637
1385877,1386565,1040637
1385877,1386569,1040637
1385877,1386573,1040637
1385877,1386577,1040637
1385877,1386581,1040637
1385877,1386585,1040637
1385877,1386589,1040637
1385877,1386593,1040637
1385877,1386597,1040637
1385877,1386601,1040637
1385877,1386603,1040637
1385877,1386607,1040637
1385877,1386611,1040637
1385877,1386615,1040637
1385877,1386619,1040637
1385877,1386623,1040637
1385877,1386627,1040637
1385877,1386631,1040637
1385877,1386635,1040637
1385877,1386639,1040637
1385877,1386643,1040637
1385877,1386645,1040637
1385877,1386649,1040637
1385877,1386653,1040637
1385877,1386657,1040637
1385877,1386661,1040637
1385877,1386665,1040637
1385877,1386669,1040637
1385877,1386673,1040637
1385877,1386677,1040637
1385877,1386681,1040637
1385877,1386683,1040637
1385877,1386687,1040637
1385877,1386691,1040637
1385877,1386695,1040637
1385877,1386699,1040637
1385877,1386703,1040637
1385877,1386707,1040637
1385877,1386711,1040637
1385877,1386715,1040637
1385877,1386717,1040637
1385877,1386721,1040637
1385877,1386725,1040637
1385877,1386729,1040637
1385877,1386733,1040637
1385877,1386737,1040637
1385877,1386741,1040637
1385877,1386745,1040637
1385877,1386747,1040637
1385877,1386751,1040637
1385877,1386755,1040637
1385877,1386759,1040637
1385877,1386763,1040637
1385877,1386767,1040637
1385877,1386771,1040637
1385877,1386773,1040637
1385877,1386777,1040637
1385877,1386781,1040637
1385877,1386785,1040637
1385877,1386789,1040637
1385877,1386793,1040637
1385877,1386795,1040637
1385877,1386799,1040637
1385877,1386803,1040637
1385877,1386807,1040637
1385877,1386811,1040637
1385877,1386813,1040637
1385877,1386817,1040637
1385877,1386821,1040637
1385877,1386825,1040637
1385877,1386827,1040637
1385877,1386831,1040637
1385877,1386835,1040637
1385877,1386837,1040637
1385877,1386841,1040637
1385878,1385879,1040637
1385878,1385881,1040637
1385878,1385883,1040637
1385878,1385887,1040637
1385878,1385889,1040637
1385878,1385893,1040637
1385878,1385897,1040637
1385878,1385899,1040637
1385878,1385903,1040637
1385878,1385907,1040637
1385878,1385911,1040637
1385878,1385913,1040637
1385878,1385917,1040637
1385878,1385921,1040637
1385878,1385925,1040637
1385878,1385929,1040637
1385878,1385931,1040637
1385878,1385935,1040637
1385878,1385939,1040637
1385878,1385943,1040637
1385878,1385947,1040637
1385878,1385951,1040637
1385878,1385953,1040637
1385878,1385957,1040637
1385878,1385961,1040637
1385878,1385965,1040637
1385878,1385969,1040637
1385878,1385973,1040637
1385878,1385977,1040637
1385878,1385979,1040637
1385878,1385983,1040637
1385878,1385987,1040637
1385878,1385991,1040637
1385878,1385995,1040637
1385878,1385999,1040637
1385878,1386003,1040637
1385878,1386007,1040637
1385878,1386009,1040637
1385878,1386013,1040637
1385878,1386017,1040637
1385878,1386021,1040637
1385878,1386025,1040637
1385878,1386029,1040637
1385878,1386033,1040637
1385878,1386037,1040637
1385878,1386041,1040637
1385878,1386043,1040637
1385878,1386047,1040637
1385878,1386051,1040637
1385878,1386055,1040637
1385878,1386059,1040637
1385878,1386063,1040637
1385878,1386067,1040637
1385878,1386071,1040637
1385878,1386075,1040637
1385878,1386079,1040637
1385878,1386081,1040637
1385878,1386085,1040637
1385878,1386089,1040637
1385878,1386093,1040637
1385878,1386097,1040637
1385878,1386101,1040637
1385878,1386105,1040637
1385878,1386109,1040637
1385878,1386113,1040637
1385878,1386117,1040637
1385878,1386121,1040637
1385878,1386123,1040637
1385878,1386127,1040637
1385878,1386131,1040637
1385878,1386135,1040637
1385878,1386139,1040637
1385878,1386143,1040637
1385878,1386147,1040637
1385878,1386151,1040637
1385878,1386155,1040637
1385878,1386159,1040637
1385878,1386163,1040637
1385878,1386167,1040637
1385878,1386169,1040637
1385878,1386173,1040637
1385878,1386177,1040637
1385878,1386181,1040637
1385878,1386185,1040637
1385878,1386189,1040637
1385878,1386193,1040637
1385878,1386197,1040637
1385878,1386201,1040637
1385878,1386205,1040637
1385878,1386209,1040637
1385878,1386213,1040637
1385878,1386217,1040637
1385878,1386219,1040637
1385878,1386223,1040637
1385878,1386227,1040637
1385878,1386231,1040637
1385878,1386235,1040637
1385878,1386239,1040637
1385878,1386243,1040637
1385878,1386247,1040637
1385878,1386251,1040637
1385878,1386255,1040637
1385878,1386259,1040637
1385878,1386263,1040637
1385878,1386267,1040637
1385878,1386271,1040637
1385878,1386273,1040637
1385878,1386277,1040637
1385878,1386281,1040637
1385878,1386285,1040637
1385878,1386289,1040637
1385878,1386293,1040637
1385878,1386297,1040637
1385878,1386301,1040637
1385878,1386305,1040637
1385878,1386309,1040637
1385878,1386313,1040637
1385878,1386317,1040637
1385878,1386321,1040637
1385878,1386325,1040637
1385878,1386329,1040637
1385878,1386331,1040637
1385878,1386335,1040637
1385878,1386339,1040637
1385878,1386343,1040637
1385878,1386347,1040637
1385878,1386351,1040637
1385878,1386355,1040637
1385878,1386359,1040637
1385878,1386363,1040637
1385878,1386367,1040637
1385878,1386371,1040637
1385878,1386375,1040637
1385878,1386379,1040637
1385878,1386383,1040637
1385878,1386387,1040637
1385878,1386391,1040637
1385878,1386393,1040637
1385878,1386397,1040637
1385878,1386401,1040637
1385878,1386405,1040637
1385878,1386409,1040637
1385878,1386413,1040637
1385878,1386417,1040637
1385878,1386421,1040637
1385878,1386425,1040637
1385878,1386429,1040637
1385878,1386433,1040637
1385878,1386437,1040637
1385878,1386441,1040637
1385878,1386445,1040637
1385878,1386449,1040637
1385878,1386451,1040637
1385878,1386455,1040637
1385878,1386459,1040637
1385878,1386464,1040637
1385878,1386468,1040637
1385878,1386472,1040637
1385878,1386476,1040637
1385878,1386480,1040637
1385878,1386484,1040637
1385878,1386488,1040637
1385878,1386492,1040637
1385878,1386496,1040637
1385878,1386500,1040637
1385878,1386504,1040637
1385878,1386506,1040637
1385878,1386510,1040637
1385878,1386514,1040637
1385878,1386518,1040637
1385878,1386522,1040637
1385878,1386526,1040637
1385878,1386530,1040637
1385878,1386534,1040637
1385878,1386538,1040637
1385878,1386542,1040637
1385878,1386546,1040637
1385878,1386550,1040637
1385878,1386554,1040637
1385878,1386556,1040637
1385878,1386560,1040637
1385878,1386564,1040637
1385878,1386568,1040637
1385878,1386572,1040637
1385878,1386576,1040637
1385878,1386580,1040637
1385878,1386584,1040637
1385878,1386588,1040637
1385878,1386592,1040637
1385878,1386596,1040637
1385878,1386600,1040637
1385878,1386602,1040637
1385878,1386606,1040637
1385878,1386610,1040637
1385878,1386614,1040637
1385878,1386618,1040637
1385878,1386622,1040637
1385878,1386626,1040637
1385878,1386630,1040637
1385878,1386634,1040637
1385878,1386638,1040637
1385878,1386642,1040637
1385878,1386644,1040637
1385878,1386648,1040637
1385878,1386652,1040637
1385878,1386656,1040637
1385878,1386660,1040637
1385878,1386664,1040637
1385878,1386668,1040637
1385878,1386672,1040637
1385878,1386676,1040637
1385878,1386680,1040637
1385878,1386682,1040637
1385878,1386686,1040637
1385878,1386690,1040637
1385878,1386694,1040637
1385878,1386698,1040637
1385878,1386702,1040637
1385878,1386706,1040637
1385878,1386710,1040637
1385878,1386714,1040637
1385878,1386716,1040637
1385878,1386720,1040637
1385878,1386724,1040637
1385878,1386728,1040637
1385878,1386732,1040637
1385878,1386736,1040637
1385878,1386740,1040637
1385878,1386744,1040637
1385878,1386746,1040637
1385878,1386750,1040637
1385878,1386754,1040637
1385878,1386758,1040637
1385878,1386762,1040637
1385878,1386766,1040637
1385878,1386770,1040637
1385878,1386772,1040637
1385878,1386776,1040637
1385878,1386780,1040637
1385878,1386784,1040637
1385878,1386788,1040637
1385878,1386792,1040637
1385878,1386794,1040637
1385878,1386798,1040637
1385878,1386802,1040637
1385878,1386806,1040637
1385878,1386810,1040637
1385878,1386812,1040637
1385878,1386816,1040637
1385878,1386820,1040637
1385878,1386824,1040637
1385878,1386826,1040637
1385878,1386830,1040637
1385878,1386834,1040637
1385878,1386836,1040637
1385878,1386840,1040637
76857,1385610,1040663
76857,1385611,1040663
76857,1385634,1040663
76857,1385635,1040663
77031,77032,1040759
77031,77033,1040759
77031,77034,1040759
77031,77035,1040759
77031,77036,1040759
77031,77037,1040759
77031,77038,1040759
77031,77039,1040759
77031,77040,1040759
77031,77041,1040759
77031,77042,1040759
77031,77043,1040759
77031,77044,1040759
77031,77045,1040759
77031,77046,1040759
77031,77047,1040759
1387013,1387014,1040764
1387013,1387015,1040764
1387013,1387016,1040764
1387013,1387017,1040764
1387013,1387019,1040764
1387013,1387020,1040764
1387013,1387022,1040764
1387013,1387023,1040764
1387013,1387026,1040764
1387013,1387027,1040764
1387013,1387028,1040764
1387013,1387029,1040764
1387013,1387033,1040764
1387013,1387034,1040764
1387013,1387035,1040764
1387013,1387036,1040764
1387013,1387040,1040764
1387013,1387041,1040764
1387013,1387044,1040764
1387013,1387045,1040764
1387013,1387046,1040764
1387013,1387047,1040764
1387013,1387050,1040764
1387013,1387051,1040764
1387013,1387055,1040764
1387013,1387056,1040764
1387013,1387057,1040764
1387013,1387058,1040764
1387013,1387061,1040764
1387013,1387062,1040764
1387013,1387066,1040764
1387013,1387067,1040764
1387013,1387070,1040764
1387013,1387071,1040764
1387013,1387072,1040764
1387013,1387073,1040764
1387013,1387076,1040764
1387013,1387077,1040764
1387013,1387080,1040764
1387013,1387081,1040764
1387013,1387085,1040764
1387013,1387086,1040764
1387013,1387087,1040764
1387013,1387088,1040764
1387013,1387091,1040764
1387013,1387092,1040764
1387013,1387095,1040764
1387013,1387096,1040764
1387013,1387100,1040764
1387013,1387101,1040764
1387013,1387104,1040764
1387013,1387105,1040764
1387013,1387106,1040764
1387013,1387107,1040764
1387013,1387110,1040764
1387013,1387111,1040764
1387013,1387114,1040764
1387013,1387115,1040764
1387013,1387118,1040764
1387013,1387119,1040764
1387013,1387123,1040764
1387013,1387124,1040764
1387013,1387125,1040764
1387013,1387126,1040764
1387013,1387129,1040764
1387013,1387130,1040764
1387013,1387133,1040764
1387013,1387134,1040764
1387013,1387137,1040764
1387013,1387138,1040764
1387013,1387142,1040764
1387013,1387143,1040764
1387013,1387146,1040764
1387013,1387147,1040764
1387013,1387148,1040764
1387013,1387149,1040764
1387013,1387152,1040764
1387013,1387153,1040764
1387013,1387156,1040764
1387013,1387157,1040764
1387013,1387160,1040764
1387013,1387161,1040764
1387013,1387164,1040764
1387013,1387165,1040764
1387013,1387169,1040764
1387013,1387170,1040764
1387013,1387171,1040764
1387013,1387172,1040764
1387013,1387175,1040764
1387013,1387176,1040764
1387013,1387179,1040764
1387013,1387180,1040764
1387013,1387183,1040764
1387013,1387184,1040764
1387013,1387187,1040764
1387013,1387188,1040764
1387013,1387192,1040764
1387013,1387193,1040764
1387013,1387196,1040764
1387013,1387197,1040764
1387013,1387198,1040764
1387013,1387199,1040764
1387013,1387202,1040764
1387013,1387203,1040764
1387013,1387206,1040764
1387013,1387207,1040764
1387013,1387210,1040764
1387013,1387211,1040764
1387013,1387214,1040764
1387013,1387215,1040764
1387013,1387218,1040764
1387013,1387219,1040764
1387013,1387223,1040764
1387013,1387224,1040764
1387013,1387225,1040764
1387013,1387226,1040764
1387013,1387229,1040764
1387013,1387230,1040764
1387013,1387233,1040764
1387013,1387234,1040764
1387013,1387237,1040764
1387013,1387238,1040764
1387013,1387241,1040764
1387013,1387242,1040764
1387013,1387245,1040764
1387013,1387246,1040764
1387013,1387250,1040764
1387013,1387251,1040764
1387013,1387254,1040764
1387013,1387255,1040764
1387013,1387256,1040764
1387013,1387257,1040764
1387013,1387260,1040764
1387013,1387261,1040764
1387013,1387264,1040764
1387013,1387265,1040764
1387013,1387268,1040764
1387013,1387270,1040764
1387013,1387274,1040764
1387013,1387276,1040764
1387013,1387285,1040764
1387013,1387286,1040764
1387013,1387290,1040764
1387013,1387291,1040764
1387013,1387296,1040764
1387013,1387298,1040764
1387013,1387299,1040764
1387013,1387300,1040764
1387013,1387305,1040764
1387013,1387306,1040764
1387013,1387310,1040764
1387013,1387312,1040764
1387013,1387319,1040764
1387013,1387320,1040764
1387013,1387327,1040764
1387013,1387329,1040764
1387013,1387333,1040764
1387013,1387335,1040764
1387013,1387341,1040764
1387013,1387342,1040764
1387013,1387345,1040764
1387013,1387347,1040764
1387013,1387349,1040764
1387013,1387350,1040764
1387013,1387355,1040764
1387013,1387356,1040764
1387013,1387361,1040764
1387013,1387362,1040764
1387013,1387367,1040764
1387013,1387368,1040764
1387013,1387377,1040764
1387013,1387379,1040764
1387013,1387384,1040764
1387013,1387385,1040764
1387013,1387392,1040764
1387013,1387393,1040764
1387013,1387394,1040764
1387013,1387396,1040764
1387013,1387401,1040764
1387013,1387403,1040764
1387013,1387409,1040764
1387013,1387410,1040764
1387013,1387415,1040764
1387013,1387416,1040764
1387013,1387421,1040764
1387013,1387422,1040764
1387013,1387432,1040764
1387013,1387434,1040764
1387013,1387441,1040764
1387013,1387443,1040764
1387013,1387444,1040764
1387013,1387446,1040764
1387013,1387450,1040764
1387013,1387452,1040764
1387013,1387461,1040764
1387013,1387463,1040764
1387013,1387467,1040764
1387013,1387469,1040764
1387013,1387473,1040764
1387013,1387474,1040764
1387013,1387482,1040764
1387013,1387486,1040764
1387013,1387487,1040764
1387013,1387489,1040764
1387013,1387493,1040764
1387013,1387495,1040764
1387013,1387499,1040764
1387013,1387503,1040764
1387013,1387510,1040764
1387013,1387511,1040764
1387013,1387517,1040764
1387013,1387518,1040764
1387013,1387523,1040764
1387013,1387524,1040764
1387013,1387526,1040764
1387013,1387527,1040764
1387013,1387544,1040764
1387013,1387552,1040764
1387013,1387563,1040764
1387013,1387565,1040764
1387013,1387573,1040764
1387013,1387576,1040764
1387013,1387582,1040764
1387013,1387586,1040764
1387013,1387588,1040764
1387013,1387589,1040764
1387013,1387595,1040764
1387013,1387596,1040764
1387013,1387600,1040764
1387013,1387602,1040764
1387013,1387608,1040764
1387013,1387609,1040764
1387013,1387612,1040764
1387013,1387613,1040764
1387013,1387614,1040764
1387013,1387615,1040764
1387013,1387618,1040764
1387013,1387619,1040764
1387013,1387622,1040764
1387013,1387623,1040764
1387013,1387627,1040764
1387013,1387628,1040764
1387013,1387629,1040764
1387013,1387630,1040764
1387013,1387633,1040764
1387013,1387634,1040764
1387013,1387638,1040764
1387013,1387639,1040764
1387013,1387642,1040764
1387013,1387643,1040764
1387013,1387644,1040764
1387013,1387645,1040764
1387013,1387648,1040764
1387013,1387649,1040764
1387013,1387653,1040764
1387013,1387654,1040764
1387013,1387655,1040764
1387013,1387656,1040764
1387013,1387660,1040764
1387013,1387661,1040764
1387013,1387664,1040764
1387013,1387665,1040764
1387013,1387666,1040764
1387013,1387667,1040764
1387013,1387671,1040764
1387013,1387672,1040764
1387013,1387674,1040764
1387013,1387675,1040764
1387013,1387678,1040764
1387013,1387679,1040764
1387013,1387681,1040764
1387013,1387682,1040764
1386914,1386918,1040767
1386914,1386921,1040767
1386927,1386928,1040775
1386927,1386931,1040775
1386927,1386933,1040775
1386927,1386935,1040775
1387532,1387536,1040872
1387742,1387753,1040935
1388324,1388327,1040962
1388324,1388329,1040962
1388324,1388331,1040962
1388324,1388335,1040962
1388324,1388337,1040962
1388324,1388341,1040962
1388324,1388345,1040962
1388324,1388348,1040962
1388324,1388358,1040962
1388324,1388368,1040962
1388324,1388377,1040962
1388324,1388383,1040962
1388324,1388387,1040962
1388324,1388404,1040962
1388324,1388414,1040962
1388324,1388421,1040962
1388324,1388423,1040962
1388324,1388427,1040962
1388324,1388431,1040962
1388324,1388435,1040962
1388324,1388439,1040962
1388324,1388443,1040962
1388324,1388445,1040962
1388324,1388449,1040962
1388324,1388453,1040962
1388324,1388457,1040962
1388324,1388462,1040962
1388324,1388466,1040962
1388324,1388470,1040962
1388324,1388472,1040962
1388324,1388476,1040962
1388324,1388480,1040962
1388324,1388485,1040962
1388324,1388489,1040962
1388324,1388493,1040962
1388324,1388497,1040962
1388324,1388501,1040962
1388324,1388503,1040962
1388324,1388507,1040962
1388324,1388512,1040962
1388324,1388516,1040962
1388324,1388520,1040962
1388324,1388524,1040962
1388324,1388528,1040962
1388324,1388532,1040962
1388324,1388536,1040962
1388324,1388538,1040962
1388324,1388542,1040962
1388324,1388546,1040962
1388324,1388550,1040962
1388324,1388554,1040962
1388324,1388558,1040962
1388324,1388562,1040962
1388324,1388566,1040962
1388324,1388570,1040962
1388324,1388574,1040962
1388324,1388576,1040962
1388324,1388580,1040962
1388324,1388584,1040962
1388324,1388588,1040962
1388324,1388592,1040962
1388324,1388596,1040962
1388324,1388600,1040962
1388324,1388604,1040962
1388324,1388608,1040962
1388324,1388612,1040962
1388324,1388616,1040962
1388324,1388618,1040962
1388324,1388622,1040962
1388324,1388626,1040962
1388324,1388630,1040962
1388324,1388634,1040962
1388324,1388638,1040962
1388324,1388642,1040962
1388324,1388646,1040962
1388324,1388650,1040962
1388324,1388654,1040962
1388324,1388658,1040962
1388324,1388662,1040962
1388324,1388664,1040962
1388324,1388668,1040962
1388324,1388673,1040962
1388324,1388677,1040962
1388324,1388681,1040962
1388324,1388685,1040962
1388324,1388689,1040962
1388324,1388693,1040962
1388324,1388697,1040962
1388324,1388701,1040962
1388324,1388705,1040962
1388324,1388709,1040962
1388324,1388713,1040962
1388324,1388715,1040962
1388324,1388719,1040962
1388324,1388723,1040962
1388324,1388727,1040962
1388324,1388731,1040962
1388324,1388735,1040962
1388324,1388739,1040962
1388324,1388743,1040962
1388324,1388747,1040962
1388324,1388751,1040962
1388324,1388755,1040962
1388324,1388759,1040962
1388324,1388763,1040962
1388324,1388767,1040962
1388324,1388769,1040962
1388324,1388773,1040962
1388324,1388777,1040962
1388324,1388781,1040962
1388324,1388785,1040962
1388324,1388789,1040962
1388324,1388793,1040962
1388324,1388797,1040962
1388324,1388801,1040962
1388324,1388805,1040962
1388324,1388809,1040962
1388324,1388813,1040962
1388324,1388817,1040962
1388324,1388821,1040962
1388324,1388825,1040962
1388324,1388827,1040962
1388324,1388831,1040962
1388324,1388835,1040962
1388324,1388839,1040962
1388324,1388843,1040962
1388324,1388847,1040962
1388324,1388851,1040962
1388324,1388855,1040962
1388324,1388859,1040962
1388324,1388863,1040962
1388324,1388867,1040962
1388324,1388871,1040962
1388324,1388875,1040962
1388324,1388879,1040962
1388324,1388883,1040962
1388324,1388887,1040962
1388324,1388889,1040962
1388324,1388893,1040962
1388324,1388897,1040962
1388324,1388901,1040962
1388324,1388905,1040962
1388324,1388909,1040962
1388324,1388913,1040962
1388324,1388917,1040962
1388324,1388921,1040962
1388324,1388925,1040962
1388324,1388929,1040962
1388324,1388933,1040962
1388324,1388937,1040962
1388324,1388941,1040962
1388324,1388945,1040962
1388324,1388947,1040962
1388324,1388951,1040962
1388324,1388955,1040962
1388324,1388959,1040962
1388324,1388963,1040962
1388324,1388967,1040962
1388324,1388971,1040962
1388324,1388975,1040962
1388324,1388979,1040962
1388324,1388983,1040962
1388324,1388987,1040962
1388324,1388991,1040962
1388324,1388995,1040962
1388324,1388999,1040962
1388324,1389001,1040962
1388324,1389005,1040962
1388324,1389009,1040962
1388324,1389014,1040962
1388324,1389018,1040962
1388324,1389022,1040962
1388324,1389026,1040962
1388324,1389030,1040962
1388324,1389034,1040962
1388324,1389038,1040962
1388324,1389042,1040962
1388324,1389046,1040962
1388324,1389050,1040962
1388324,1389052,1040962
1388324,1389056,1040962
1388324,1389060,1040962
1388324,1389064,1040962
1388324,1389068,1040962
1388324,1389072,1040962
1388324,1389076,1040962
1388324,1389080,1040962
1388324,1389084,1040962
1388324,1389088,1040962
1388324,1389092,1040962
1388324,1389096,1040962
1388324,1389098,1040962
1388324,1389102,1040962
1388324,1389106,1040962
1388324,1389110,1040962
1388324,1389114,1040962
1388324,1389118,1040962
1388324,1389122,1040962
1388324,1389126,1040962
1388324,1389130,1040962
1388324,1389134,1040962
1388324,1389138,1040962
1388324,1389140,1040962
1388324,1389144,1040962
1388324,1389148,1040962
1388324,1389152,1040962
1388324,1389156,1040962
1388324,1389160,1040962
1388324,1389164,1040962
1388324,1389168,1040962
1388324,1389172,1040962
1388324,1389176,1040962
1388324,1389178,1040962
1388324,1389182,1040962
1388324,1389186,1040962
1388324,1389190,1040962
1388324,1389194,1040962
1388324,1389198,1040962
1388324,1389202,1040962
1388324,1389206,1040962
1388324,1389210,1040962
1388324,1389212,1040962
1388324,1389216,1040962
1388324,1389220,1040962
1388324,1389224,1040962
1388324,1389228,1040962
1388324,1389232,1040962
1388324,1389236,1040962
1388324,1389240,1040962
1388324,1389242,1040962
1388324,1389246,1040962
1388324,1389250,1040962
1388324,1389254,1040962
1388324,1389258,1040962
1388324,1389264,1040962
1388324,1389275,1040962
1388324,1389278,1040962
1388324,1389283,1040962
1388324,1389289,1040962
1388324,1389297,1040962
1388324,1389303,1040962
1388324,1389307,1040962
1388324,1389310,1040962
1388324,1389316,1040962
1388324,1389324,1040962
1388324,1389331,1040962
1388324,1389338,1040962
1388324,1389342,1040962
1388324,1389351,1040962
1388324,1389357,1040962
1388324,1389364,1040962
1388324,1389368,1040962
1388324,1389375,1040962
1388324,1389381,1040962
1388324,1389384,1040962
1388324,1389392,1040962
1388325,1388326,1040962
1388325,1388328,1040962
1388325,1388330,1040962
1388325,1388334,1040962
1388325,1388336,1040962
1388325,1388340,1040962
1388325,1388344,1040962
1388325,1388346,1040962
1388325,1388355,1040962
1388325,1388365,1040962
1388325,1388375,1040962
1388325,1388379,1040962
1388325,1388386,1040962
1388325,1388402,1040962
1388325,1388411,1040962
1388325,1388420,1040962
1388325,1388422,1040962
1388325,1388426,1040962
1388325,1388430,1040962
1388325,1388434,1040962
1388325,1388438,1040962
1388325,1388442,1040962
1388325,1388444,1040962
1388325,1388448,1040962
1388325,1388452,1040962
1388325,1388456,1040962
1388325,1388461,1040962
1388325,1388465,1040962
1388325,1388469,1040962
1388325,1388471,1040962
1388325,1388475,1040962
1388325,1388479,1040962
1388325,1388484,1040962
1388325,1388488,1040962
1388325,1388492,1040962
1388325,1388496,1040962
1388325,1388500,1040962
1388325,1388502,1040962
1388325,1388506,1040962
1388325,1388511,1040962
1388325,1388515,1040962
1388325,1388519,1040962
1388325,1388523,1040962
1388325,1388527,1040962
1388325,1388531,1040962
1388325,1388535,1040962
1388325,1388537,1040962
1388325,1388541,1040962
1388325,1388545,1040962
1388325,1388549,1040962
1388325,1388553,1040962
1388325,1388557,1040962
1388325,1388561,1040962
1388325,1388565,1040962
1388325,1388569,1040962
1388325,1388573,1040962
1388325,1388575,1040962
1388325,1388579,1040962
1388325,1388583,1040962
1388325,1388587,1040962
1388325,1388591,1040962
1388325,1388595,1040962
1388325,1388599,1040962
1388325,1388603,1040962
1388325,1388607,1040962
1388325,1388611,1040962
1388325,1388615,1040962
1388325,1388617,1040962
1388325,1388621,1040962
1388325,1388625,1040962
1388325,1388629,1040962
1388325,1388633,1040962
1388325,1388637,1040962
1388325,1388641,1040962
1388325,1388645,1040962
1388325,1388649,1040962
1388325,1388653,1040962
1388325,1388657,1040962
1388325,1388661,1040962
1388325,1388663,1040962
1388325,1388667,1040962
1388325,1388671,1040962
1388325,1388676,1040962
1388325,1388680,1040962
1388325,1388684,1040962
1388325,1388688,1040962
1388325,1388692,1040962
1388325,1388696,1040962
1388325,1388700,1040962
1388325,1388704,1040962
1388325,1388708,1040962
1388325,1388712,1040962
1388325,1388714,1040962
1388325,1388718,1040962
1388325,1388722,1040962
1388325,1388726,1040962
1388325,1388730,1040962
1388325,1388734,1040962
1388325,1388738,1040962
1388325,1388742,1040962
1388325,1388746,1040962
1388325,1388750,1040962
1388325,1388754,1040962
1388325,1388758,1040962
1388325,1388762,1040962
1388325,1388766,1040962
1388325,1388768,1040962
1388325,1388772,1040962
1388325,1388776,1040962
1388325,1388780,1040962
1388325,1388784,1040962
1388325,1388788,1040962
1388325,1388792,1040962
1388325,1388796,1040962
1388325,1388800,1040962
1388325,1388804,1040962
1388325,1388808,1040962
1388325,1388812,1040962
1388325,1388816,1040962
1388325,1388820,1040962
1388325,1388824,1040962
1388325,1388826,1040962
1388325,1388830,1040962
1388325,1388834,1040962
1388325,1388838,1040962
1388325,1388842,1040962
1388325,1388846,1040962
1388325,1388850,1040962
1388325,1388854,1040962
1388325,1388858,1040962
1388325,1388862,1040962
1388325,1388866,1040962
1388325,1388870,1040962
1388325,1388874,1040962
1388325,1388878,1040962
1388325,1388882,1040962
1388325,1388886,1040962
1388325,1388888,1040962
1388325,1388892,1040962
1388325,1388896,1040962
1388325,1388900,1040962
1388325,1388904,1040962
1388325,1388908,1040962
1388325,1388912,1040962
1388325,1388916,1040962
1388325,1388920,1040962
1388325,1388924,1040962
1388325,1388928,1040962
1388325,1388932,1040962
1388325,1388936,1040962
1388325,1388940,1040962
1388325,1388944,1040962
1388325,1388946,1040962
1388325,1388950,1040962
1388325,1388954,1040962
1388325,1388958,1040962
1388325,1388962,1040962
1388325,1388966,1040962
1388325,1388970,1040962
1388325,1388974,1040962
1388325,1388978,1040962
1388325,1388982,1040962
1388325,1388986,1040962
1388325,1388990,1040962
1388325,1388994,1040962
1388325,1388998,1040962
1388325,1389000,1040962
1388325,1389004,1040962
1388325,1389008,1040962
1388325,1389013,1040962
1388325,1389017,1040962
1388325,1389021,1040962
1388325,1389025,1040962
1388325,1389029,1040962
1388325,1389033,1040962
1388325,1389037,1040962
1388325,1389041,1040962
1388325,1389045,1040962
1388325,1389049,1040962
1388325,1389051,1040962
1388325,1389055,1040962
1388325,1389059,1040962
1388325,1389063,1040962
1388325,1389067,1040962
1388325,1389071,1040962
1388325,1389075,1040962
1388325,1389079,1040962
1388325,1389083,1040962
1388325,1389087,1040962
1388325,1389091,1040962
1388325,1389095,1040962
1388325,1389097,1040962
1388325,1389101,1040962
1388325,1389105,1040962
1388325,1389109,1040962
1388325,1389113,1040962
1388325,1389117,1040962
1388325,1389121,1040962
1388325,1389125,1040962
1388325,1389129,1040962
1388325,1389133,1040962
1388325,1389137,1040962
1388325,1389139,1040962
1388325,1389143,1040962
1388325,1389147,1040962
1388325,1389151,1040962
1388325,1389155,1040962
1388325,1389159,1040962
1388325,1389163,1040962
1388325,1389167,1040962
1388325,1389171,1040962
1388325,1389175,1040962
1388325,1389177,1040962
1388325,1389181,1040962
1388325,1389185,1040962
1388325,1389189,1040962
1388325,1389193,1040962
1388325,1389197,1040962
1388325,1389201,1040962
1388325,1389205,1040962
1388325,1389209,1040962
1388325,1389211,1040962
1388325,1389215,1040962
1388325,1389219,1040962
1388325,1389223,1040962
1388325,1389227,1040962
1388325,1389231,1040962
1388325,1389235,1040962
1388325,1389239,1040962
1388325,1389241,1040962
1388325,1389245,1040962
1388325,1389249,1040962
1388325,1389253,1040962
1388325,1389257,1040962
1388325,1389261,1040962
1388325,1389273,1040962
1388325,1389276,1040962
1388325,1389281,1040962
1388325,1389287,1040962
1388325,1389295,1040962
1388325,1389302,1040962
1388325,1389306,1040962
1388325,1389308,1040962
1388325,1389314,1040962
1388325,1389322,1040962
1388325,1389329,1040962
1388325,1389336,1040962
1388325,1389340,1040962
1388325,1389349,1040962
1388325,1389355,1040962
1388325,1389362,1040962
1388325,1389366,1040962
1388325,1389374,1040962
1388325,1389380,1040962
1388325,1389382,1040962
1388325,1389391,1040962
726725,1387938,1040973
77879,77880,1041157
77879,77881,1041157
77879,77882,1041157
77879,77883,1041157
77879,77884,1041157
77879,77885,1041157
77879,77886,1041157
77879,77887,1041157
77879,77888,1041157
77879,77889,1041157
77879,77892,1041157
77879,77893,1041157
77879,77894,1041157
77879,77895,1041157
77879,77896,1041157
77879,77897,1041157
1389729,1389730,1041166
1389729,1389731,1041166
1389729,1389732,1041166
1389729,1389733,1041166
1389729,1389735,1041166
1389729,1389736,1041166
1389729,1389738,1041166
1389729,1389739,1041166
1389729,1389742,1041166
1389729,1389743,1041166
1389729,1389744,1041166
1389729,1389745,1041166
1389729,1389749,1041166
1389729,1389750,1041166
1389729,1389751,1041166
1389729,1389752,1041166
1389729,1389756,1041166
1389729,1389757,1041166
1389729,1389760,1041166
1389729,1389761,1041166
1389729,1389762,1041166
1389729,1389763,1041166
1389729,1389766,1041166
1389729,1389767,1041166
1389729,1389771,1041166
1389729,1389772,1041166
1389729,1389773,1041166
1389729,1389774,1041166
1389729,1389777,1041166
1389729,1389778,1041166
1389729,1389782,1041166
1389729,1389783,1041166
1389729,1389786,1041166
1389729,1389787,1041166
1389729,1389788,1041166
1389729,1389789,1041166
1389729,1389792,1041166
1389729,1389793,1041166
1389729,1389796,1041166
1389729,1389797,1041166
1389729,1389801,1041166
1389729,1389802,1041166
1389729,1389803,1041166
1389729,1389804,1041166
1389729,1389807,1041166
1389729,1389808,1041166
1389729,1389811,1041166
1389729,1389812,1041166
1389729,1389816,1041166
1389729,1389817,1041166
1389729,1389820,1041166
1389729,1389821,1041166
1389729,1389822,1041166
1389729,1389823,1041166
1389729,1389826,1041166
1389729,1389827,1041166
1389729,1389830,1041166
1389729,1389831,1041166
1389729,1389834,1041166
1389729,1389835,1041166
1389729,1389839,1041166
1389729,1389840,1041166
1389729,1389841,1041166
1389729,1389842,1041166
1389729,1389845,1041166
1389729,1389846,1041166
1389729,1389849,1041166
1389729,1389850,1041166
1389729,1389853,1041166
1389729,1389854,1041166
1389729,1389858,1041166
1389729,1389859,1041166
1389729,1389862,1041166
1389729,1389863,1041166
1389729,1389864,1041166
1389729,1389865,1041166
1389729,1389868,1041166
1389729,1389869,1041166
1389729,1389872,1041166
1389729,1389873,1041166
1389729,1389876,1041166
1389729,1389877,1041166
1389729,1389880,1041166
1389729,1389881,1041166
1389729,1389885,1041166
1389729,1389886,1041166
1389729,1389887,1041166
1389729,1389888,1041166
1389729,1389891,1041166
1389729,1389892,1041166
1389729,1389895,1041166
1389729,1389896,1041166
1389729,1389899,1041166
1389729,1389900,1041166
1389729,1389903,1041166
1389729,1389904,1041166
1389729,1389908,1041166
1389729,1389909,1041166
1389729,1389912,1041166
1389729,1389913,1041166
1389729,1389914,1041166
1389729,1389915,1041166
1389729,1389918,1041166
1389729,1389919,1041166
1389729,1389922,1041166
1389729,1389923,1041166
1389729,1389926,1041166
1389729,1389927,1041166
1389729,1389930,1041166
1389729,1389931,1041166
1389729,1389934,1041166
1389729,1389935,1041166
1389729,1389939,1041166
1389729,1389940,1041166
1389729,1389941,1041166
1389729,1389942,1041166
1389729,1389945,1041166
1389729,1389946,1041166
1389729,1389949,1041166
1389729,1389950,1041166
1389729,1389953,1041166
1389729,1389954,1041166
1389729,1389957,1041166
1389729,1389958,1041166
1389729,1389962,1041166
1389729,1389963,1041166
1389729,1389967,1041166
1389729,1389968,1041166
1389729,1389971,1041166
1389729,1389972,1041166
1389729,1389973,1041166
1389729,1389974,1041166
1389729,1389978,1041166
1389729,1389979,1041166
1389729,1389982,1041166
1389729,1389983,1041166
1389729,1389986,1041166
1389729,1389987,1041166
1389729,1389990,1041166
1389729,1389991,1041166
1389729,1389994,1041166
1389729,1389995,1041166
1389729,1389998,1041166
1389729,1389999,1041166
1389729,1390003,1041166
1389729,1390004,1041166
1389729,1390005,1041166
1389729,1390006,1041166
1389729,1390009,1041166
1389729,1390010,1041166
1389729,1390013,1041166
1389729,1390014,1041166
1389729,1390017,1041166
1389729,1390018,1041166
1389729,1390021,1041166
1389729,1390022,1041166
1389729,1390025,1041166
1389729,1390026,1041166
1389729,1390030,1041166
1389729,1390031,1041166
1389729,1390034,1041166
1389729,1390035,1041166
1389729,1390036,1041166
1389729,1390037,1041166
1389729,1390040,1041166
1389729,1390042,1041166
1389729,1390046,1041166
1389729,1390048,1041166
1389729,1390051,1041166
1389729,1390052,1041166
1389729,1390055,1041166
1389729,1390056,1041166
1389729,1390059,1041166
1389729,1390060,1041166
1389729,1390064,1041166
1389729,1390065,1041166
1389729,1390066,1041166
1389729,1390067,1041166
1389729,1390070,1041166
1389729,1390071,1041166
1389729,1390074,1041166
1389729,1390075,1041166
1389729,1390078,1041166
1389729,1390079,1041166
1389729,1390082,1041166
1389729,1390083,1041166
1389729,1390087,1041166
1389729,1390088,1041166
1389729,1390091,1041166
1389729,1390093,1041166
1389729,1390094,1041166
1389729,1390095,1041166
1389729,1390098,1041166
1389729,1390099,1041166
1389729,1390102,1041166
1389729,1390103,1041166
1389729,1390106,1041166
1389729,1390107,1041166
1389729,1390110,1041166
1389729,1390111,1041166
1389729,1390117,1041166
1389729,1390118,1041166
1389729,1390120,1041166
1389729,1390122,1041166
1389729,1390125,1041166
1389729,1390126,1041166
1389729,1390129,1041166
1389729,1390130,1041166
1389729,1390133,1041166
1389729,1390134,1041166
1389729,1390138,1041166
1389729,1390139,1041166
1389729,1390142,1041166
1389729,1390143,1041166
1389729,1390144,1041166
1389729,1390145,1041166
1389729,1390148,1041166
1389729,1390149,1041166
1389729,1390152,1041166
1389729,1390153,1041166
1389729,1390156,1041166
1389729,1390157,1041166
1389729,1390161,1041166
1389729,1390162,1041166
1389729,1390163,1041166
1389729,1390165,1041166
1389729,1390169,1041166
1389729,1390170,1041166
1389729,1390173,1041166
1389729,1390174,1041166
1389729,1390180,1041166
1389729,1390182,1041166
1389729,1390187,1041166
1389729,1390188,1041166
1389729,1390189,1041166
1389729,1390190,1041166
1389729,1390193,1041166
1389729,1390194,1041166
1389729,1390197,1041166
1389729,1390198,1041166
1389729,1390202,1041166
1389729,1390203,1041166
1389729,1390204,1041166
1389729,1390205,1041166
1389729,1390208,1041166
1389729,1390209,1041166
1389729,1390213,1041166
1389729,1390214,1041166
1389729,1390217,1041166
1389729,1390218,1041166
1389729,1390219,1041166
1389729,1390220,1041166
1389729,1390223,1041166
1389729,1390224,1041166
1389729,1390228,1041166
1389729,1390229,1041166
1389729,1390231,1041166
1389729,1390232,1041166
1389729,1390236,1041166
1389729,1390237,1041166
1389729,1390240,1041166
1389729,1390241,1041166
1389729,1390242,1041166
1389729,1390243,1041166
1389729,1390247,1041166
1389729,1390248,1041166
1389729,1390250,1041166
1389729,1390251,1041166
1389729,1390254,1041166
1389729,1390255,1041166
1389729,1390257,1041166
1389729,1390258,1041166
1389714,1389715,1041175
1390116,1390121,1041177
1390463,78177,1041255
1390477,78184,1041257
1390613,1390615,1041291
78527,1390779,1041332
1390801,1390803,1041336
727770,1391318,1041394
727770,1391319,1041394
727770,1391320,1041394
727770,1391323,1041394
727770,1391324,1041394
727770,1391353,1041394
727770,1391354,1041394
727770,1391367,1041394
727779,1391383,1041394
727779,1391385,1041394
727782,79282,1041394
727782,79290,1041394
727782,79306,1041394
727782,79323,1041394
727840,79405,1041394
727840,1391326,1041394
727840,1391327,1041394
727840,1391330,1041394
727840,1391332,1041394
727840,1391335,1041394
727840,1391336,1041394
727840,1391339,1041394
727840,1391341,1041394
727840,1391342,1041394
727840,1391346,1041394
727840,1391348,1041394
727840,1391350,1041394
727840,1391352,1041394
727840,1391370,1041394
727840,1391391,1041394
727840,1391400,1041394
727845,79412,1041394
727845,79450,1041394
727845,79459,1041394
727845,79467,1041394
727845,79471,1041394
727845,79493,1041394
1391579,1391580,1041435
1391602,1391603,1041437
727887,1391621,1041443
727904,79532,1041447
1391665,79538,1041447
727990,79745,1041483
728023,79818,1041483
1392031,79834,1041511
1392031,79847,1041511
1392259,80174,1041536
1392274,80204,1041540
1392301,80248,1041546
1392571,80708,1041623
1392572,80712,1041623
1392660,1392662,1041641
1392660,1392664,1041641
1392712,80827,1041658
1392780,80841,1041673
1392785,1392786,1041673
728580,1392894,1041695
728580,1392897,1041695
728587,1392888,1041695
728587,1392891,1041695
728603,1392924,1041701
728790,1393201,1041759
728790,1393202,1041759
728790,1393204,1041759
728790,1393206,1041759
728790,1393208,1041759
1393261,81496,1041788
1393293,81554,1041805
1393310,81586,1041816
1393338,81616,1041829
1393358,81647,1041846
1393400,81675,1041860
1393430,81691,1041874
1393543,81731,1041910
729022,81962,1042082
729097,1394129,1042121
1394127,82120,1042121
1394127,82124,1042121
1394127,1394141,1042121
1394127,1394145,1042121
1394139,82125,1042121
1394139,1394140,1042121
1394139,1394144,1042121
1394139,1394150,1042121
1394186,82162,1042152
1394228,82211,1042166
1394228,82217,1042166
1394228,82286,1042166
1394343,82367,1042224
1394344,82364,1042224
1394345,82378,1042224
1394347,82373,1042224
1394350,82386,1042224
1394350,82394,1042224
1394350,82407,1042224
1394491,82435,1042374
1394492,82437,1042374
1394493,82439,1042374
1394494,82441,1042374
1394506,82473,1042377
1394506,1394510,1042377
1394509,82472,1042377
729238,82564,1042408
1394641,82615,1042417
1394641,82618,1042417
1394641,82625,1042417
1394641,82670,1042417
1394641,1394642,1042417
1394641,1394649,1042417
1394641,1394650,1042417
1394641,1394655,1042417
1394641,1394659,1042417
1394641,1394661,1042417
1394966,1394973,1042559
1395003,1395007,1042575
1395038,1395039,1042579
1395043,1395044,1042579
1395048,82955,1042579
1395052,82953,1042579
1395055,1395056,1042579
1395059,1395060,1042579
1395063,82937,1042579
1395066,82935,1042579
1395123,1395124,1042607
1395613,1395615,1042691
1396189,1396210,1042883
1396189,1396214,1042883
1396189,1396217,1042883
1396368,1396369,1042919
729817,1396418,1042923
1397146,1397147,1043058
730515,85718,1043142
730515,1397541,1043142
1397785,1397790,1043162
1397785,1397794,1043162
1397785,1397800,1043162
1397785,1397804,1043162
1397785,1397810,1043162
1397785,1397814,1043162
1397785,1397820,1043162
1397785,1397824,1043162
1397785,1397830,1043162
1397785,1397834,1043162
1397785,1397840,1043162
1397785,1397844,1043162
1397785,1397850,1043162
1397785,1397854,1043162
1397858,1397859,1043166
1397858,1397862,1043166
1397858,1397864,1043166
1397858,1397866,1043166
1397858,1397868,1043166
1397858,1397870,1043166
1397858,1397872,1043166
1397858,1397874,1043166
1397858,1397876,1043166
730766,1397933,1043204
730766,1397945,1043204
730957,86664,1043281
731076,86950,1043374
731143,87135,1043407
1399385,1399379,1043407
1399385,1399380,1043407
1399873,1399876,1043469
1399873,1399878,1043469
1399873,1399880,1043469
1399873,1399884,1043469
1399873,1399886,1043469
1399873,1399890,1043469
1399873,1399894,1043469
1399873,1399896,1043469
1399873,1399900,1043469
1399873,1399904,1043469
1399873,1399908,1043469
1399873,1399910,1043469
1399873,1399914,1043469
1399873,1399918,1043469
1399873,1399922,1043469
1399873,1399926,1043469
1399873,1399928,1043469
1399873,1399932,1043469
1399873,1399936,1043469
1399873,1399940,1043469
1399873,1399944,1043469
1399873,1399948,1043469
1399873,1399950,1043469
1399873,1399954,1043469
1399873,1399958,1043469
1399873,1399962,1043469
1399873,1399966,1043469
1399873,1399970,1043469
1399873,1399974,1043469
1399873,1399976,1043469
1399873,1399980,1043469
1399873,1399984,1043469
1399873,1399988,1043469
1399873,1399993,1043469
1399873,1399997,1043469
1399873,1400002,1043469
1399873,1400006,1043469
1399873,1400008,1043469
1399873,1400012,1043469
1399873,1400016,1043469
1399873,1400020,1043469
1399873,1400024,1043469
1399873,1400028,1043469
1399873,1400032,1043469
1399873,1400036,1043469
1399873,1400040,1043469
1399873,1400042,1043469
1399873,1400046,1043469
1399873,1400050,1043469
1399873,1400055,1043469
1399873,1400059,1043469
1399873,1400063,1043469
1399873,1400067,1043469
1399873,1400071,1043469
1399873,1400075,1043469
1399873,1400079,1043469
1399873,1400081,1043469
1399873,1400085,1043469
1399873,1400089,1043469
1399873,1400093,1043469
1399873,1400097,1043469
1399873,1400101,1043469
1399873,1400105,1043469
1399873,1400109,1043469
1399873,1400113,1043469
1399873,1400117,1043469
1399873,1400121,1043469
1399873,1400123,1043469
1399873,1400127,1043469
1399873,1400131,1043469
1399873,1400135,1043469
1399873,1400139,1043469
1399873,1400143,1043469
1399873,1400147,1043469
1399873,1400151,1043469
1399873,1400155,1043469
1399873,1400159,1043469
1399873,1400163,1043469
1399873,1400167,1043469
1399873,1400169,1043469
1399873,1400173,1043469
1399873,1400177,1043469
1399873,1400181,1043469
1399873,1400185,1043469
1399873,1400189,1043469
1399873,1400193,1043469
1399873,1400197,1043469
1399873,1400201,1043469
1399873,1400205,1043469
1399873,1400209,1043469
1399873,1400213,1043469
1399873,1400217,1043469
1399873,1400219,1043469
1399873,1400223,1043469
1399873,1400227,1043469
1399873,1400231,1043469
1399873,1400235,1043469
1399873,1400239,1043469
1399873,1400243,1043469
1399873,1400247,1043469
1399873,1400251,1043469
1399873,1400255,1043469
1399873,1400259,1043469
1399873,1400263,1043469
1399873,1400267,1043469
1399873,1400271,1043469
1399873,1400273,1043469
1399873,1400277,1043469
1399873,1400281,1043469
1399873,1400285,1043469
1399873,1400289,1043469
1399873,1400293,1043469
1399873,1400297,1043469
1399873,1400301,1043469
1399873,1400305,1043469
1399873,1400309,1043469
1399873,1400313,1043469
1399873,1400317,1043469
1399873,1400321,1043469
1399873,1400323,1043469
1399873,1400327,1043469
1399873,1400331,1043469
1399873,1400335,1043469
1399873,1400339,1043469
1399873,1400343,1043469
1399873,1400348,1043469
1399873,1400352,1043469
1399873,1400357,1043469
1399873,1400362,1043469
1399873,1400368,1043469
1399873,1400372,1043469
1399873,1400375,1043469
1399873,1400379,1043469
1399873,1400383,1043469
1399873,1400387,1043469
1399873,1400391,1043469
1399873,1400395,1043469
1399873,1400399,1043469
1399873,1400403,1043469
1399873,1400407,1043469
1399873,1400411,1043469
1399873,1400415,1043469
1399873,1400417,1043469
1399873,1400421,1043469
1399873,1400425,1043469
1399873,1400429,1043469
1399873,1400433,1043469
1399873,1400437,1043469
1399873,1400441,1043469
1399873,1400445,1043469
1399873,1400449,1043469
1399873,1400453,1043469
1399873,1400456,1043469
1399873,1400460,1043469
1399873,1400464,1043469
1399873,1400468,1043469
1399873,1400472,1043469
1399873,1400476,1043469
1399873,1400481,1043469
1399873,1400486,1043469
1399873,1400491,1043469
1399873,1400493,1043469
1399873,1400497,1043469
1399873,1400501,1043469
1399873,1400505,1043469
1399873,1400509,1043469
1399873,1400513,1043469
1399873,1400517,1043469
1399873,1400521,1043469
1399873,1400523,1043469
1399873,1400527,1043469
1399873,1400531,1043469
1399873,1400535,1043469
1399873,1400539,1043469
1399873,1400543,1043469
1399873,1400547,1043469
1399873,1400549,1043469
1399873,1400553,1043469
1399873,1400557,1043469
1399873,1400561,1043469
1399873,1400565,1043469
1399873,1400569,1043469
1399873,1400571,1043469
1399873,1400575,1043469
1399873,1400579,1043469
1399873,1400583,1043469
1399873,1400587,1043469
1399873,1400589,1043469
1399873,1400593,1043469
1399873,1400597,1043469
1399873,1400601,1043469
1399873,1400603,1043469
1399873,1400607,1043469
1399873,1400611,1043469
1399873,1400613,1043469
1399873,1400617,1043469
1399874,1399875,1043469
1399874,1399877,1043469
1399874,1399879,1043469
1399874,1399883,1043469
1399874,1399885,1043469
1399874,1399889,1043469
1399874,1399893,1043469
1399874,1399895,1043469
1399874,1399899,1043469
1399874,1399903,1043469
1399874,1399907,1043469
1399874,1399909,1043469
1399874,1399913,1043469
1399874,1399917,1043469
1399874,1399921,1043469
1399874,1399925,1043469
1399874,1399927,1043469
1399874,1399931,1043469
1399874,1399935,1043469
1399874,1399939,1043469
1399874,1399943,1043469
1399874,1399947,1043469
1399874,1399949,1043469
1399874,1399953,1043469
1399874,1399957,1043469
1399874,1399961,1043469
1399874,1399965,1043469
1399874,1399969,1043469
1399874,1399973,1043469
1399874,1399975,1043469
1399874,1399979,1043469
1399874,1399983,1043469
1399874,1399987,1043469
1399874,1399991,1043469
1399874,1399996,1043469
1399874,1400001,1043469
1399874,1400005,1043469
1399874,1400007,1043469
1399874,1400011,1043469
1399874,1400015,1043469
1399874,1400019,1043469
1399874,1400023,1043469
1399874,1400027,1043469
1399874,1400031,1043469
1399874,1400035,1043469
1399874,1400039,1043469
1399874,1400041,1043469
1399874,1400045,1043469
1399874,1400049,1043469
1399874,1400054,1043469
1399874,1400058,1043469
1399874,1400062,1043469
1399874,1400066,1043469
1399874,1400070,1043469
1399874,1400074,1043469
1399874,1400078,1043469
1399874,1400080,1043469
1399874,1400084,1043469
1399874,1400088,1043469
1399874,1400092,1043469
1399874,1400096,1043469
1399874,1400100,1043469
1399874,1400104,1043469
1399874,1400108,1043469
1399874,1400112,1043469
1399874,1400116,1043469
1399874,1400120,1043469
1399874,1400122,1043469
1399874,1400126,1043469
1399874,1400130,1043469
1399874,1400134,1043469
1399874,1400138,1043469
1399874,1400142,1043469
1399874,1400146,1043469
1399874,1400150,1043469
1399874,1400154,1043469
1399874,1400158,1043469
1399874,1400162,1043469
1399874,1400166,1043469
1399874,1400168,1043469
1399874,1400172,1043469
1399874,1400176,1043469
1399874,1400180,1043469
1399874,1400184,1043469
1399874,1400188,1043469
1399874,1400192,1043469
1399874,1400196,1043469
1399874,1400200,1043469
1399874,1400204,1043469
1399874,1400208,1043469
1399874,1400212,1043469
1399874,1400216,1043469
1399874,1400218,1043469
1399874,1400222,1043469
1399874,1400226,1043469
1399874,1400230,1043469
1399874,1400234,1043469
1399874,1400238,1043469
1399874,1400242,1043469
1399874,1400246,1043469
1399874,1400250,1043469
1399874,1400254,1043469
1399874,1400258,1043469
1399874,1400262,1043469
1399874,1400266,1043469
1399874,1400270,1043469
1399874,1400272,1043469
1399874,1400276,1043469
1399874,1400280,1043469
1399874,1400284,1043469
1399874,1400288,1043469
1399874,1400292,1043469
1399874,1400296,1043469
1399874,1400300,1043469
1399874,1400304,1043469
1399874,1400308,1043469
1399874,1400312,1043469
1399874,1400316,1043469
1399874,1400320,1043469
1399874,1400322,1043469
1399874,1400326,1043469
1399874,1400330,1043469
1399874,1400334,1043469
1399874,1400338,1043469
1399874,1400342,1043469
1399874,1400346,1043469
1399874,1400351,1043469
1399874,1400356,1043469
1399874,1400361,1043469
1399874,1400366,1043469
1399874,1400371,1043469
1399874,1400374,1043469
1399874,1400378,1043469
1399874,1400382,1043469
1399874,1400386,1043469
1399874,1400390,1043469
1399874,1400394,1043469
1399874,1400398,1043469
1399874,1400402,1043469
1399874,1400406,1043469
1399874,1400410,1043469
1399874,1400414,1043469
1399874,1400416,1043469
1399874,1400420,1043469
1399874,1400424,1043469
1399874,1400428,1043469
1399874,1400432,1043469
1399874,1400436,1043469
1399874,1400440,1043469
1399874,1400444,1043469
1399874,1400448,1043469
1399874,1400452,1043469
1399874,1400454,1043469
1399874,1400459,1043469
1399874,1400463,1043469
1399874,1400467,1043469
1399874,1400471,1043469
1399874,1400475,1043469
1399874,1400480,1043469
1399874,1400485,1043469
1399874,1400490,1043469
1399874,1400492,1043469
1399874,1400496,1043469
1399874,1400500,1043469
1399874,1400504,1043469
1399874,1400508,1043469
1399874,1400512,1043469
1399874,1400516,1043469
1399874,1400520,1043469
1399874,1400522,1043469
1399874,1400526,1043469
1399874,1400530,1043469
1399874,1400534,1043469
1399874,1400538,1043469
1399874,1400542,1043469
1399874,1400546,1043469
1399874,1400548,1043469
1399874,1400552,1043469
1399874,1400556,1043469
1399874,1400560,1043469
1399874,1400564,1043469
1399874,1400568,1043469
1399874,1400570,1043469
1399874,1400574,1043469
1399874,1400578,1043469
1399874,1400582,1043469
1399874,1400586,1043469
1399874,1400588,1043469
1399874,1400592,1043469
1399874,1400596,1043469
1399874,1400600,1043469
1399874,1400602,1043469
1399874,1400606,1043469
1399874,1400610,1043469
1399874,1400612,1043469
1399874,1400616,1043469
1400643,87585,1043535
87587,87588,1043538
87587,87589,1043538
87587,87590,1043538
87587,87591,1043538
87587,87592,1043538
87587,87593,1043538
87587,87594,1043538
87587,87595,1043538
87587,87596,1043538
87587,87597,1043538
87587,87598,1043538
87587,87599,1043538
87587,87600,1043538
87587,87601,1043538
1400733,1400734,1043540
1400733,1400735,1043540
1400733,1400736,1043540
1400733,1400737,1043540
1400733,1400739,1043540
1400733,1400740,1043540
1400733,1400742,1043540
1400733,1400743,1043540
1400733,1400746,1043540
1400733,1400747,1043540
1400733,1400748,1043540
1400733,1400749,1043540
1400733,1400753,1043540
1400733,1400754,1043540
1400733,1400755,1043540
1400733,1400756,1043540
1400733,1400760,1043540
1400733,1400761,1043540
1400733,1400764,1043540
1400733,1400765,1043540
1400733,1400766,1043540
1400733,1400767,1043540
1400733,1400770,1043540
1400733,1400771,1043540
1400733,1400775,1043540
1400733,1400776,1043540
1400733,1400777,1043540
1400733,1400778,1043540
1400733,1400781,1043540
1400733,1400782,1043540
1400733,1400786,1043540
1400733,1400787,1043540
1400733,1400790,1043540
1400733,1400791,1043540
1400733,1400792,1043540
1400733,1400793,1043540
1400733,1400796,1043540
1400733,1400797,1043540
1400733,1400800,1043540
1400733,1400801,1043540
1400733,1400805,1043540
1400733,1400806,1043540
1400733,1400807,1043540
1400733,1400808,1043540
1400733,1400811,1043540
1400733,1400812,1043540
1400733,1400815,1043540
1400733,1400816,1043540
1400733,1400820,1043540
1400733,1400821,1043540
1400733,1400824,1043540
1400733,1400825,1043540
1400733,1400826,1043540
1400733,1400827,1043540
1400733,1400830,1043540
1400733,1400831,1043540
1400733,1400834,1043540
1400733,1400835,1043540
1400733,1400838,1043540
1400733,1400839,1043540
1400733,1400843,1043540
1400733,1400844,1043540
1400733,1400845,1043540
1400733,1400846,1043540
1400733,1400849,1043540
1400733,1400850,1043540
1400733,1400853,1043540
1400733,1400854,1043540
1400733,1400857,1043540
1400733,1400858,1043540
1400733,1400862,1043540
1400733,1400863,1043540
1400733,1400866,1043540
1400733,1400867,1043540
1400733,1400868,1043540
1400733,1400869,1043540
1400733,1400872,1043540
1400733,1400873,1043540
1400733,1400876,1043540
1400733,1400877,1043540
1400733,1400880,1043540
1400733,1400881,1043540
1400733,1400885,1043540
1400733,1400886,1043540
1400733,1400890,1043540
1400733,1400891,1043540
1400733,1400892,1043540
1400733,1400893,1043540
1400733,1400896,1043540
1400733,1400897,1043540
1400733,1400900,1043540
1400733,1400901,1043540
1400733,1400904,1043540
1400733,1400905,1043540
1400733,1400908,1043540
1400733,1400909,1043540
1400733,1400913,1043540
1400733,1400914,1043540
1400733,1400917,1043540
1400733,1400918,1043540
1400733,1400919,1043540
1400733,1400920,1043540
1400733,1400923,1043540
1400733,1400924,1043540
1400733,1400927,1043540
1400733,1400928,1043540
1400733,1400931,1043540
1400733,1400932,1043540
1400733,1400935,1043540
1400733,1400936,1043540
1400733,1400939,1043540
1400733,1400940,1043540
1400733,1400944,1043540
1400733,1400945,1043540
1400733,1400946,1043540
1400733,1400947,1043540
1400733,1400950,1043540
1400733,1400951,1043540
1400733,1400954,1043540
1400733,1400955,1043540
1400733,1400958,1043540
1400733,1400959,1043540
1400733,1400962,1043540
1400733,1400963,1043540
1400733,1400967,1043540
1400733,1400968,1043540
1400733,1400971,1043540
1400733,1400972,1043540
1400733,1400973,1043540
1400733,1400974,1043540
1400733,1400977,1043540
1400733,1400978,1043540
1400733,1400981,1043540
1400733,1400982,1043540
1400733,1400985,1043540
1400733,1400986,1043540
1400733,1400989,1043540
1400733,1400990,1043540
1400733,1400994,1043540
1400733,1400995,1043540
1400733,1400996,1043540
1400733,1400997,1043540
1400733,1401000,1043540
1400733,1401001,1043540
1400733,1401004,1043540
1400733,1401005,1043540
1400733,1401008,1043540
1400733,1401009,1043540
1400733,1401014,1043540
1400733,1401015,1043540
1400733,1401018,1043540
1400733,1401019,1043540
1400733,1401020,1043540
1400733,1401021,1043540
1400733,1401024,1043540
1400733,1401025,1043540
1400733,1401028,1043540
1400733,1401029,1043540
1400733,1401032,1043540
1400733,1401033,1043540
1400733,1401037,1043540
1400733,1401038,1043540
1400733,1401039,1043540
1400733,1401040,1043540
1400733,1401043,1043540
1400733,1401044,1043540
1400733,1401047,1043540
1400733,1401048,1043540
1400733,1401052,1043540
1400733,1401053,1043540
1400733,1401056,1043540
1400733,1401057,1043540
1400733,1401058,1043540
1400733,1401059,1043540
1400733,1401062,1043540
1400733,1401063,1043540
1400733,1401066,1043540
1400733,1401067,1043540
1400733,1401071,1043540
1400733,1401072,1043540
1400733,1401073,1043540
1400733,1401074,1043540
1400733,1401077,1043540
1400733,1401078,1043540
1400733,1401082,1043540
1400733,1401083,1043540
1400733,1401086,1043540
1400733,1401087,1043540
1400733,1401088,1043540
1400733,1401089,1043540
1400733,1401092,1043540
1400733,1401093,1043540
1400733,1401097,1043540
1400733,1401098,1043540
1400733,1401099,1043540
1400733,1401100,1043540
1400733,1401104,1043540
1400733,1401105,1043540
1400733,1401108,1043540
1400733,1401109,1043540
1400733,1401110,1043540
1400733,1401111,1043540
1400733,1401115,1043540
1400733,1401116,1043540
1400733,1401118,1043540
1400733,1401119,1043540
1400733,1401122,1043540
1400733,1401123,1043540
1400733,1401125,1043540
1400733,1401126,1043540
1401157,1401159,1043551
1401164,1401166,1043553
1401383,87831,1043562
731493,87894,1043571
1402026,1402027,1043579
1402056,1402057,1043579
1402068,1402113,1043579
1401976,1401977,1043588
87980,1401989,1043590
1401993,87984,1043590
1401994,1401995,1043590
1402396,1402397,1043630
1402398,1402399,1043630
1402599,1402600,1043677
1402748,1402759,1043719
1402752,1402753,1043719
1402816,88904,1043726
90154,90149,1043935
90132,90145,1043937
90132,90146,1043937
1403762,1403763,1043943
1403764,1403765,1043943
1403766,1403767,1043943
1403768,1403769,1043943
1403770,1403771,1043943
1403772,1403773,1043943
1403784,1403785,1043943
1403786,1403787,1043943
1403788,1403789,1043943
1403790,1403791,1043943
1403792,1403793,1043943
1403794,1403795,1043943
1403813,1403814,1043943
1403906,90304,1043960
1403906,90320,1043960
1403906,1403907,1043960
1404292,1404293,1044067
1404294,1404302,1044067
1404295,1404297,1044067
1404297,1404298,1044067
1404302,1404303,1044067
1404315,1404316,1044069
1404317,1404319,1044069
1404320,1404322,1044069
1404442,1404443,1044079
1404444,1404446,1044079
1404447,1404450,1044079
1404451,90805,1044079
1404452,90807,1044079
1404558,90919,1044119
1405212,1405213,1044274
1405213,1405232,1044274
1405213,1405237,1044274
1405213,1405244,1044274
1405213,1405249,1044274
1405217,1405218,1044274
1405111,1405116,1044278
1405111,1405120,1044278
1405111,1405126,1044278
1405111,1405130,1044278
1405111,1405136,1044278
1405111,1405140,1044278
1405111,1405146,1044278
1405111,1405150,1044278
1405111,1405156,1044278
1405111,1405160,1044278
1405189,1405190,1044282
1405189,1405193,1044282
1405189,1405195,1044282
1405189,1405197,1044282
1405189,1405199,1044282
1405189,1405201,1044282
1405189,1405203,1044282
1405384,1405385,1044320
1405385,1405394,1044320
1405385,1405399,1044320
1405385,1405405,1044320
1405385,1405410,1044320
1405389,1405390,1044320
1406318,1406321,1044430
1406318,1406323,1044430
1406318,1406325,1044430
1406318,1406329,1044430
1406318,1406331,1044430
1406318,1406335,1044430
1406318,1406339,1044430
1406318,1406341,1044430
1406318,1406345,1044430
1406318,1406349,1044430
1406318,1406353,1044430
1406318,1406355,1044430
1406318,1406359,1044430
1406318,1406363,1044430
1406318,1406367,1044430
1406318,1406371,1044430
1406318,1406373,1044430
1406318,1406377,1044430
1406318,1406381,1044430
1406318,1406385,1044430
1406318,1406389,1044430
1406318,1406393,1044430
1406318,1406395,1044430
1406318,1406399,1044430
1406318,1406403,1044430
1406318,1406407,1044430
1406318,1406411,1044430
1406318,1406415,1044430
1406318,1406419,1044430
1406318,1406421,1044430
1406318,1406425,1044430
1406318,1406429,1044430
1406318,1406433,1044430
1406318,1406437,1044430
1406318,1406441,1044430
1406318,1406445,1044430
1406318,1406449,1044430
1406318,1406451,1044430
1406318,1406455,1044430
1406318,1406459,1044430
1406318,1406463,1044430
1406318,1406467,1044430
1406318,1406472,1044430
1406318,1406476,1044430
1406318,1406480,1044430
1406318,1406484,1044430
1406318,1406486,1044430
1406318,1406490,1044430
1406318,1406494,1044430
1406318,1406498,1044430
1406318,1406502,1044430
1406318,1406506,1044430
1406318,1406510,1044430
1406318,1406514,1044430
1406318,1406518,1044430
1406318,1406522,1044430
1406318,1406524,1044430
1406318,1406528,1044430
1406318,1406532,1044430
1406318,1406536,1044430
1406318,1406540,1044430
1406318,1406544,1044430
1406318,1406548,1044430
1406318,1406552,1044430
1406318,1406556,1044430
1406318,1406558,1044430
1406318,1406562,1044430
1406318,1406566,1044430
1406318,1406570,1044430
1406318,1406574,1044430
1406318,1406578,1044430
1406318,1406582,1044430
1406318,1406586,1044430
1406318,1406588,1044430
1406318,1406592,1044430
1406318,1406596,1044430
1406318,1406600,1044430
1406318,1406604,1044430
1406318,1406608,1044430
1406318,1406612,1044430
1406318,1406614,1044430
1406318,1406618,1044430
1406318,1406622,1044430
1406318,1406626,1044430
1406318,1406630,1044430
1406318,1406634,1044430
1406318,1406636,1044430
1406318,1406640,1044430
1406318,1406644,1044430
1406318,1406648,1044430
1406318,1406652,1044430
1406318,1406654,1044430
1406318,1406658,1044430
1406318,1406662,1044430
1406318,1406666,1044430
1406318,1406668,1044430
1406318,1406672,1044430
1406318,1406676,1044430
1406318,1406678,1044430
1406318,1406682,1044430
1406319,1406320,1044430
1406319,1406322,1044430
1406319,1406324,1044430
1406319,1406328,1044430
1406319,1406330,1044430
1406319,1406334,1044430
1406319,1406338,1044430
1406319,1406340,1044430
1406319,1406344,1044430
1406319,1406348,1044430
1406319,1406352,1044430
1406319,1406354,1044430
1406319,1406358,1044430
1406319,1406362,1044430
1406319,1406366,1044430
1406319,1406370,1044430
1406319,1406372,1044430
1406319,1406376,1044430
1406319,1406380,1044430
1406319,1406384,1044430
1406319,1406388,1044430
1406319,1406392,1044430
1406319,1406394,1044430
1406319,1406398,1044430
1406319,1406402,1044430
1406319,1406406,1044430
1406319,1406410,1044430
1406319,1406414,1044430
1406319,1406418,1044430
1406319,1406420,1044430
1406319,1406424,1044430
1406319,1406428,1044430
1406319,1406432,1044430
1406319,1406436,1044430
1406319,1406440,1044430
1406319,1406444,1044430
1406319,1406448,1044430
1406319,1406450,1044430
1406319,1406454,1044430
1406319,1406458,1044430
1406319,1406462,1044430
1406319,1406466,1044430
1406319,1406471,1044430
1406319,1406475,1044430
1406319,1406479,1044430
1406319,1406483,1044430
1406319,1406485,1044430
1406319,1406489,1044430
1406319,1406493,1044430
1406319,1406497,1044430
1406319,1406501,1044430
1406319,1406505,1044430
1406319,1406509,1044430
1406319,1406513,1044430
1406319,1406517,1044430
1406319,1406521,1044430
1406319,1406523,1044430
1406319,1406527,1044430
1406319,1406531,1044430
1406319,1406535,1044430
1406319,1406539,1044430
1406319,1406543,1044430
1406319,1406547,1044430
1406319,1406551,1044430
1406319,1406555,1044430
1406319,1406557,1044430
1406319,1406561,1044430
1406319,1406565,1044430
1406319,1406569,1044430
1406319,1406573,1044430
1406319,1406577,1044430
1406319,1406581,1044430
1406319,1406585,1044430
1406319,1406587,1044430
1406319,1406591,1044430
1406319,1406595,1044430
1406319,1406599,1044430
1406319,1406603,1044430
1406319,1406607,1044430
1406319,1406611,1044430
1406319,1406613,1044430
1406319,1406617,1044430
1406319,1406621,1044430
1406319,1406625,1044430
1406319,1406629,1044430
1406319,1406633,1044430
1406319,1406635,1044430
1406319,1406639,1044430
1406319,1406643,1044430
1406319,1406647,1044430
1406319,1406651,1044430
1406319,1406653,1044430
1406319,1406657,1044430
1406319,1406661,1044430
1406319,1406665,1044430
1406319,1406667,1044430
1406319,1406671,1044430
1406319,1406675,1044430
1406319,1406677,1044430
1406319,1406681,1044430
92197,92198,1044436
92197,92199,1044436
92197,92200,1044436
92197,92201,1044436
92197,92202,1044436
92197,92203,1044436
92197,92204,1044436
92197,92205,1044436
92197,92206,1044436
92197,92207,1044436
1406700,1406701,1044441
1406700,1406702,1044441
1406700,1406703,1044441
1406700,1406704,1044441
1406700,1406706,1044441
1406700,1406707,1044441
1406700,1406709,1044441
1406700,1406710,1044441
1406700,1406713,1044441
1406700,1406714,1044441
1406700,1406715,1044441
1406700,1406716,1044441
1406700,1406720,1044441
1406700,1406721,1044441
1406700,1406722,1044441
1406700,1406723,1044441
1406700,1406727,1044441
1406700,1406728,1044441
1406700,1406731,1044441
1406700,1406732,1044441
1406700,1406733,1044441
1406700,1406734,1044441
1406700,1406737,1044441
1406700,1406738,1044441
1406700,1406742,1044441
1406700,1406743,1044441
1406700,1406744,1044441
1406700,1406745,1044441
1406700,1406748,1044441
1406700,1406749,1044441
1406700,1406753,1044441
1406700,1406754,1044441
1406700,1406757,1044441
1406700,1406758,1044441
1406700,1406759,1044441
1406700,1406760,1044441
1406700,1406763,1044441
1406700,1406764,1044441
1406700,1406767,1044441
1406700,1406768,1044441
1406700,1406772,1044441
1406700,1406773,1044441
1406700,1406774,1044441
1406700,1406775,1044441
1406700,1406778,1044441
1406700,1406779,1044441
1406700,1406782,1044441
1406700,1406783,1044441
1406700,1406787,1044441
1406700,1406788,1044441
1406700,1406791,1044441
1406700,1406792,1044441
1406700,1406793,1044441
1406700,1406794,1044441
1406700,1406797,1044441
1406700,1406798,1044441
1406700,1406801,1044441
1406700,1406802,1044441
1406700,1406805,1044441
1406700,1406806,1044441
1406700,1406810,1044441
1406700,1406811,1044441
1406700,1406812,1044441
1406700,1406813,1044441
1406700,1406816,1044441
1406700,1406817,1044441
1406700,1406820,1044441
1406700,1406821,1044441
1406700,1406825,1044441
1406700,1406826,1044441
1406700,1406829,1044441
1406700,1406830,1044441
1406700,1406831,1044441
1406700,1406832,1044441
1406700,1406835,1044441
1406700,1406836,1044441
1406700,1406839,1044441
1406700,1406840,1044441
1406700,1406844,1044441
1406700,1406845,1044441
1406700,1406846,1044441
1406700,1406847,1044441
1406700,1406850,1044441
1406700,1406851,1044441
1406700,1406855,1044441
1406700,1406856,1044441
1406700,1406859,1044441
1406700,1406860,1044441
1406700,1406861,1044441
1406700,1406862,1044441
1406700,1406865,1044441
1406700,1406866,1044441
1406700,1406870,1044441
1406700,1406871,1044441
1406700,1406872,1044441
1406700,1406873,1044441
1406700,1406877,1044441
1406700,1406878,1044441
1406700,1406881,1044441
1406700,1406882,1044441
1406700,1406883,1044441
1406700,1406884,1044441
1406700,1406888,1044441
1406700,1406889,1044441
1406700,1406891,1044441
1406700,1406892,1044441
1406700,1406895,1044441
1406700,1406896,1044441
1406700,1406898,1044441
1406700,1406899,1044441
1407282,1407283,1044572
1407282,1407284,1044572
92911,92932,1044580
92948,92966,1044585
92948,92979,1044585
1407434,1407435,1044601
1408136,1408137,1044736
1408214,1408222,1044747
1408487,1408488,1044818
1408543,94186,1044826
1408564,94200,1044830
1408564,1408566,1044830
1408605,94210,1044850
1408605,1408607,1044850
1408639,94221,1044858
1408639,94223,1044858
1408670,94238,1044868
1408670,94240,1044868
1408694,94249,1044874
1408694,94251,1044874
1408717,94272,1044880
1408717,94277,1044880
1408754,1408763,1044884
1408765,1408770,1044884
1408782,1408783,1044886
1408924,1408925,1044898
1409068,1409070,1044912
1409076,1409077,1044914
1409079,1409081,1044914
1409119,1409121,1044924
1409120,94488,1044924
1409139,1409141,1044930
1409143,1409145,1044930
1409162,1409163,1044937
1409197,1409198,1044939
1409527,1409528,1045126
1409530,1409531,1045126
1409533,1409534,1045126
1409539,1409540,1045126
1409545,1409546,1045126
1409549,1409550,1045126
1409553,1409554,1045126
1409557,1409558,1045126
1409561,1409563,1045126
1409566,1409567,1045126
1409570,1409571,1045126
1409574,1409575,1045126
1409578,1409580,1045126
1409585,1409586,1045126
1409589,1409590,1045126
1409593,1409594,1045126
1409597,1409598,1045126
1409601,1409602,1045126
1409605,1409606,1045126
1409610,1409611,1045126
1409615,1409616,1045126
1409617,1409620,1045126
1409617,1409622,1045126
1409617,1409624,1045126
1409617,1409626,1045126
1409617,1409628,1045126
1409617,1409631,1045126
1409617,1409633,1045126
1409617,1409635,1045126
1409617,1409637,1045126
1409617,1409659,1045126
734922,94961,1045155
734928,94972,1045155
1409875,94979,1045155
1409876,94983,1045155
1409986,95137,1045221
735481,95789,1045413
735481,95814,1045413
735481,1411073,1045413
95875,95878,1045454
95875,95882,1045454
95875,1411181,1045454
95875,1411183,1045454
95875,1411192,1045454
735572,95923,1045467
1411685,1411686,1045571
1411700,1411685,1045571
1411857,1411859,1045593
1411862,1411863,1045593
1411868,1411869,1045593
1411969,1411971,1045604
1412049,96380,1045619
735781,1412122,1045630
735784,1412121,1045630
1412164,96492,1045642
735822,1412247,1045673
96882,1412658,1045757
96882,1412662,1045757
96882,1412676,1045757
1412606,1412640,1045757
1412606,1412644,1045757
1412606,1412666,1045757
1412638,1412639,1045757
1412642,1412643,1045757
1412652,1412653,1045757
1412657,1412659,1045757
1412698,1412655,1045757
1412698,1412660,1045757
1412698,1412665,1045757
736161,1413008,1045834
1413048,1413040,1045838
1413099,1413100,1045854
736274,97118,1045883
736294,1413271,1045894
1413298,1413299,1045903
1413300,1413301,1045903
1413302,1413303,1045903
1413305,1413306,1045903
1413307,1413308,1045903
1413311,1413312,1045903
1413314,1413315,1045903
736373,97373,1045959
1413505,1413508,1045974
97696,1413901,1046115
1413951,97771,1046121
98223,1414394,1046321
1414374,1414395,1046321
1414376,98251,1046321
98294,1414459,1046373
1414456,1414466,1046373
1414694,1414696,1046511
1414736,98591,1046518
1414738,1414739,1046518
98703,98693,1046562
99491,1415067,1046567
99491,1415083,1046567
99539,1415042,1046567
737039,1415166,1046567
737041,1415154,1046567
737041,1415155,1046567
737044,1415368,1046567
737114,1415204,1046567
1415293,1415041,1046567
1415328,1415096,1046567
1415328,1415214,1046567
1415328,1415409,1046567
1415391,1415108,1046567
1415391,1415110,1046567
1415392,1415099,1046567
1415392,1415120,1046567
1415393,1415104,1046567
1415393,1415116,1046567
1415394,1415106,1046567
1415394,1415111,1046567
736962,98903,1046607
736962,98922,1046607
737105,1415613,1046646
1415608,1415609,1046646
1415614,1415617,1046646
1415836,99623,1046723
99735,1416066,1046779
99737,1416064,1046779
99737,1416068,1046779
1416020,99759,1046779
1416020,1416021,1046779
1416020,1416022,1046779
1416020,1416026,1046779
1416020,1416039,1046779
1416020,1416047,1046779
1416020,1416050,1046779
1416020,1416054,1046779
1416020,1416063,1046779
1416020,1416074,1046779
1416020,1416079,1046779
1416020,1416082,1046779
1416020,1416093,1046779
1416020,1416101,1046779
1416020,1416105,1046779
1416020,1416110,1046779
1416020,1416123,1046779
1416020,1416127,1046779
1416020,1416135,1046779
1416020,1416139,1046779
1416020,1416140,1046779
1416020,1416147,1046779
1416020,1416161,1046779
1416020,1416164,1046779
1416020,1416166,1046779
1416020,1416169,1046779
1416020,1416172,1046779
1416020,1416175,1046779
1416020,1416178,1046779
1416020,1416181,1046779
1416020,1416184,1046779
1416036,1416044,1046779
1416037,1416038,1046779
1416040,1416041,1046779
1416090,1416098,1046779
1416091,1416092,1046779
1416094,1416095,1046779
1416430,1416465,1046886
1416430,1416467,1046886
1416431,1416438,1046886
1416431,1416444,1046886
1416431,1416448,1046886
1416431,1416455,1046886
1416431,1416460,1046886
1416696,1416706,1046904
1416696,1416707,1046904
1416696,1416711,1046904
1416696,1416720,1046904
1416696,1416723,1046904
1416696,1416725,1046904
1416696,1416746,1046904
1416696,1416748,1046904
1416696,1416773,1046904
1416696,1416774,1046904
1416696,1416784,1046904
1416696,1416787,1046904
1416696,1416789,1046904
1416698,1416729,1046904
1416698,1416734,1046904
1416698,1416739,1046904
1416698,1416742,1046904
1416698,1416795,1046904
1416698,1416797,1046904
1416698,1416799,1046904
1416698,1416800,1046904
1416698,1416869,1046904
1416698,1416874,1046904
1417260,1417282,1047005
1417260,1417283,1047005
1417260,1417284,1047005
737646,1417314,1047035
737646,1417315,1047035
737646,1417316,1047035
1417444,100822,1047073
1417444,1417450,1047073
1417444,1417452,1047073
100842,100851,1047102
1417507,1417508,1047102
100886,100896,1047115
100886,1417539,1047115
100886,1417544,1047115
100886,1417554,1047115
100886,1417573,1047115
1417550,1417555,1047115
1417556,100910,1047115
1417569,1417570,1047115
1417729,1417732,1047117
1417868,1417869,1047148
1417925,1417926,1047160
1417928,1417929,1047160
1418152,1418153,1047221
1418830,1418831,1047458
1418930,1418931,1047529
1418936,1418937,1047529
1419061,1419090,1047545
1419061,1419096,1047545
738529,1419164,1047557
102254,102259,1047568
1419270,1419271,1047593
1419278,1419280,1047595
1419315,1419317,1047600
1419329,102372,1047609
738683,1419357,1047618
738695,1419378,1047625
738771,1419584,1047636
738771,1419586,1047636
738771,1419587,1047636
738771,1419588,1047636
738771,1419589,1047636
738771,1419590,1047636
738771,1419601,1047636
1419857,102981,1047739
1419857,103027,1047739
1419857,1419867,1047739
1419857,1419869,1047739
1419857,1419870,1047739
1419857,1419871,1047739
1419857,1419872,1047739
1419857,1419873,1047739
1419857,1419874,1047739
1419857,1419875,1047739
1419857,1419897,1047739
1419857,1419898,1047739
1420088,1420092,1047866
1420088,1420093,1047866
1420088,1420096,1047866
1420088,1420104,1047866
1420089,1420097,1047866
1420140,1420144,1047870
1420140,1420145,1047870
1420140,1420147,1047870
1420140,1420162,1047870
1420141,1420148,1047870
1420188,1420189,1047888
103193,1420281,1047907
103236,1420342,1047929
103381,1420483,1047957
1420469,1420470,1047957
1420479,1420480,1047957
1420484,103382,1047957
1420487,1420488,1047957
1420490,1420513,1047957
103427,103422,1047992
1420569,1420570,1047992
1420581,1420582,1047992
1420583,103450,1047992
1420585,1420609,1047992
1420598,1420599,1047992
103474,103471,1048021
103474,103482,1048021
1420795,1420799,1048025
1420800,1420803,1048025
1420800,1420805,1048025
1420800,1420806,1048025
1420801,1420812,1048025
1420801,1420815,1048025
1420801,1420816,1048025
1420826,1420827,1048025
1420832,1420838,1048025
1420846,1420847,1048025
1420741,1420744,1048032
1420741,1420749,1048032
1420741,1420753,1048032
103546,1420963,1048053
739157,103614,1048080
739157,1421096,1048080
1421045,1421046,1048082
1421163,1421166,1048082
1421168,1421049,1048082
1421168,1421050,1048082
1421168,1421051,1048082
1421168,1421063,1048082
1421168,1421065,1048082
1421168,1421066,1048082
1421168,1421094,1048082
1421168,1421099,1048082
1421168,1421101,1048082
1421171,1421055,1048082
1421171,1421056,1048082
1421171,1421057,1048082
1421171,1421072,1048082
1421171,1421074,1048082
1421171,1421075,1048082
1421171,1421114,1048082
1421171,1421118,1048082
1421171,1421121,1048082
1421179,1421183,1048082
103622,1421127,1048084
103622,1421184,1048084
739208,103698,1048096
739233,103735,1048096
739233,1421327,1048096
739233,1421328,1048096
739255,103758,1048096
739255,1421319,1048096
739263,1421314,1048096
1421271,1421272,1048101
1421278,1421279,1048101
739285,103825,1048115
739291,103838,1048115
739291,1421531,1048115
739302,1421528,1048115
1421480,103816,1048123
1421480,1421465,1048123
1421480,1421467,1048123
1421480,1421472,1048123
1421738,1421739,1048132
1421742,1421743,1048132
1421745,1421746,1048132
1421773,1421721,1048132
1421627,1421644,1048136
104031,1421725,1048150
104031,1421763,1048150
739360,1421701,1048150
739360,1421702,1048150
739360,1421718,1048150
739360,1421759,1048150
739360,1421790,1048150
739381,1421726,1048150
739381,1421732,1048150
739381,1421752,1048150
739381,1421764,1048150
1421843,104017,1048173
1421895,1421896,1048192
1421901,104071,1048192
1421965,1421966,1048201
1421969,1421970,1048201
104106,1421996,1048205
1422060,104155,1048211
739509,1422154,1048235
739509,1422156,1048235
1422112,1422116,1048238
1422112,1422121,1048238
1422112,1422133,1048238
1422112,1422134,1048238
1422112,1422136,1048238
1422112,1422142,1048238
104524,1422152,1048241
1422293,1422261,1048253
1422293,1422270,1048253
1422294,1422256,1048253
1422294,1422257,1048253
1422294,1422259,1048253
1422294,1422268,1048253
1422236,1422245,1048256
1422238,1422239,1048256
1422242,1422243,1048256
104300,1422325,1048258
104300,1422327,1048258
104317,1422326,1048258
739526,1422329,1048258
739526,1422330,1048258
739526,1422331,1048258
739526,1422332,1048258
739526,1422334,1048258
1422320,1422321,1048260
1422366,1422370,1048262
1422366,1422376,1048262
1422366,1422385,1048262
1422366,1422393,1048262
1422357,1422358,1048265
1422410,1422412,1048267
1422410,1422417,1048267
1422410,1422430,1048267
1422410,1422432,1048267
1422410,1422435,1048267
739560,104356,1048279
1422506,1422511,1048282
1422506,1422512,1048282
1422506,1422514,1048282
1422508,1422516,1048282
1422584,104393,1048294
1422585,104385,1048294
104446,1422656,1048320
104480,1422706,1048329
1422723,1422703,1048329
1422723,1422713,1048329
1422785,1422797,1048341
1422789,1422790,1048341
1422789,1422804,1048341
1422792,1422793,1048341
1422792,1422806,1048341
104612,1422845,1048350
104612,1422846,1048350
739678,104842,1048361
739773,1423082,1048377
105372,1423143,1048418
105373,105376,1048418
105373,1423141,1048418
105373,1423146,1048418
1423261,1423262,1048455
1423265,1423266,1048455
1423347,1423348,1048468
739911,1423421,1048476
739914,1423426,1048478
1423561,1423562,1048499
106015,106013,1048529
106056,1423713,1048535
106084,1423717,1048539
1423727,106098,1048543
1423781,106169,1048554
106451,1424044,1048596
106451,1424054,1048596
106451,1424096,1048596
106676,1424336,1048635
106676,1424344,1048635
106676,1424373,1048635
106699,1424296,1048635
106699,1424302,1048635
1424378,106718,1048635
1424378,106725,1048635
1424378,106737,1048635
1424378,1424318,1048635
1424378,1424359,1048635
1424378,1424363,1048635
1424378,1424406,1048635
1424378,1424534,1048635
1424393,1424394,1048635
1424178,1424187,1048654
1424178,1424193,1048654
1424178,1424199,1048654
1424178,1424220,1048654
1424178,1424225,1048654
1424178,1424229,1048654
1424178,1424234,1048654
1424178,1424238,1048654
1424243,1424244,1048662
1424243,1424247,1048662
1424243,1424251,1048662
1424243,1424254,1048662
1424243,1424258,1048662
1424243,1424261,1048662
1424243,1424265,1048662
1424243,1424268,1048662
1424243,1424270,1048662
106621,106627,1048695
106621,1424368,1048695
106822,106819,1048701
106822,1424797,1048701
106800,1424780,1048735
1424879,1424881,1048740
1424884,1424886,1048740
1424984,1424985,1048744
1424987,1424988,1048744
1426005,1426008,1048783
1426005,1426010,1048783
1426005,1426012,1048783
1426005,1426016,1048783
1426005,1426018,1048783
1426005,1426022,1048783
1426005,1426026,1048783
1426005,1426028,1048783
1426005,1426032,1048783
1426005,1426036,1048783
1426005,1426040,1048783
1426005,1426042,1048783
1426005,1426046,1048783
1426005,1426050,1048783
1426005,1426054,1048783
1426005,1426058,1048783
1426005,1426060,1048783
1426005,1426065,1048783
1426005,1426069,1048783
1426005,1426073,1048783
1426005,1426077,1048783
1426005,1426081,1048783
1426005,1426083,1048783
1426005,1426087,1048783
1426005,1426091,1048783
1426005,1426095,1048783
1426005,1426099,1048783
1426005,1426104,1048783
1426005,1426109,1048783
1426005,1426111,1048783
1426005,1426115,1048783
1426005,1426119,1048783
1426005,1426123,1048783
1426005,1426127,1048783
1426005,1426131,1048783
1426005,1426135,1048783
1426005,1426139,1048783
1426005,1426141,1048783
1426005,1426145,1048783
1426005,1426149,1048783
1426005,1426153,1048783
1426005,1426157,1048783
1426005,1426161,1048783
1426005,1426165,1048783
1426005,1426169,1048783
1426005,1426173,1048783
1426005,1426175,1048783
1426005,1426179,1048783
1426005,1426183,1048783
1426005,1426187,1048783
1426005,1426191,1048783
1426005,1426195,1048783
1426005,1426200,1048783
1426005,1426205,1048783
1426005,1426209,1048783
1426005,1426213,1048783
1426005,1426215,1048783
1426005,1426219,1048783
1426005,1426223,1048783
1426005,1426227,1048783
1426005,1426231,1048783
1426005,1426235,1048783
1426005,1426239,1048783
1426005,1426243,1048783
1426005,1426247,1048783
1426005,1426251,1048783
1426005,1426255,1048783
1426005,1426257,1048783
1426005,1426261,1048783
1426005,1426265,1048783
1426005,1426269,1048783
1426005,1426273,1048783
1426005,1426277,1048783
1426005,1426281,1048783
1426005,1426285,1048783
1426005,1426289,1048783
1426005,1426293,1048783
1426005,1426297,1048783
1426005,1426301,1048783
1426005,1426303,1048783
1426005,1426307,1048783
1426005,1426311,1048783
1426005,1426315,1048783
1426005,1426319,1048783
1426005,1426323,1048783
1426005,1426327,1048783
1426005,1426331,1048783
1426005,1426335,1048783
1426005,1426339,1048783
1426005,1426343,1048783
1426005,1426347,1048783
1426005,1426351,1048783
1426005,1426353,1048783
1426005,1426357,1048783
1426005,1426361,1048783
1426005,1426365,1048783
1426005,1426369,1048783
1426005,1426373,1048783
1426005,1426377,1048783
1426005,1426381,1048783
1426005,1426385,1048783
1426005,1426389,1048783
1426005,1426393,1048783
1426005,1426397,1048783
1426005,1426401,1048783
1426005,1426405,1048783
1426005,1426407,1048783
1426005,1426411,1048783
1426005,1426415,1048783
1426005,1426419,1048783
1426005,1426424,1048783
1426005,1426428,1048783
1426005,1426432,1048783
1426005,1426436,1048783
1426005,1426440,1048783
1426005,1426444,1048783
1426005,1426448,1048783
1426005,1426452,1048783
1426005,1426456,1048783
1426005,1426458,1048783
1426005,1426463,1048783
1426005,1426467,1048783
1426005,1426471,1048783
1426005,1426475,1048783
1426005,1426479,1048783
1426005,1426483,1048783
1426005,1426487,1048783
1426005,1426491,1048783
1426005,1426498,1048783
1426005,1426502,1048783
1426005,1426506,1048783
1426005,1426508,1048783
1426005,1426512,1048783
1426005,1426516,1048783
1426005,1426520,1048783
1426005,1426524,1048783
1426005,1426528,1048783
1426005,1426532,1048783
1426005,1426536,1048783
1426005,1426540,1048783
1426005,1426544,1048783
1426005,1426548,1048783
1426005,1426550,1048783
1426005,1426554,1048783
1426005,1426558,1048783
1426005,1426562,1048783
1426005,1426566,1048783
1426005,1426570,1048783
1426005,1426574,1048783
1426005,1426578,1048783
1426005,1426582,1048783
1426005,1426586,1048783
1426005,1426588,1048783
1426005,1426592,1048783
1426005,1426597,1048783
1426005,1426601,1048783
1426005,1426606,1048783
1426005,1426612,1048783
1426005,1426616,1048783
1426005,1426620,1048783
1426005,1426624,1048783
1426005,1426626,1048783
1426005,1426630,1048783
1426005,1426634,1048783
1426005,1426638,1048783
1426005,1426642,1048783
1426005,1426646,1048783
1426005,1426650,1048783
1426005,1426655,1048783
1426005,1426657,1048783
1426005,1426661,1048783
1426005,1426665,1048783
1426005,1426669,1048783
1426005,1426673,1048783
1426005,1426677,1048783
1426005,1426681,1048783
1426005,1426683,1048783
1426005,1426687,1048783
1426005,1426691,1048783
1426005,1426695,1048783
1426005,1426699,1048783
1426005,1426703,1048783
1426005,1426705,1048783
1426005,1426709,1048783
1426005,1426713,1048783
1426005,1426717,1048783
1426005,1426721,1048783
1426005,1426723,1048783
1426005,1426727,1048783
1426005,1426731,1048783
1426005,1426735,1048783
1426005,1426737,1048783
1426005,1426741,1048783
1426005,1426745,1048783
1426005,1426747,1048783
1426005,1426751,1048783
1426006,1426007,1048783
1426006,1426009,1048783
1426006,1426011,1048783
1426006,1426015,1048783
1426006,1426017,1048783
1426006,1426021,1048783
1426006,1426025,1048783
1426006,1426027,1048783
1426006,1426031,1048783
1426006,1426035,1048783
1426006,1426039,1048783
1426006,1426041,1048783
1426006,1426045,1048783
1426006,1426049,1048783
1426006,1426053,1048783
1426006,1426057,1048783
1426006,1426059,1048783
1426006,1426064,1048783
1426006,1426068,1048783
1426006,1426072,1048783
1426006,1426076,1048783
1426006,1426080,1048783
1426006,1426082,1048783
1426006,1426086,1048783
1426006,1426090,1048783
1426006,1426094,1048783
1426006,1426098,1048783
1426006,1426103,1048783
1426006,1426108,1048783
1426006,1426110,1048783
1426006,1426114,1048783
1426006,1426118,1048783
1426006,1426122,1048783
1426006,1426126,1048783
1426006,1426130,1048783
1426006,1426134,1048783
1426006,1426138,1048783
1426006,1426140,1048783
1426006,1426144,1048783
1426006,1426148,1048783
1426006,1426152,1048783
1426006,1426156,1048783
1426006,1426160,1048783
1426006,1426164,1048783
1426006,1426168,1048783
1426006,1426172,1048783
1426006,1426174,1048783
1426006,1426178,1048783
1426006,1426182,1048783
1426006,1426186,1048783
1426006,1426190,1048783
1426006,1426194,1048783
1426006,1426199,1048783
1426006,1426203,1048783
1426006,1426208,1048783
1426006,1426212,1048783
1426006,1426214,1048783
1426006,1426218,1048783
1426006,1426222,1048783
1426006,1426226,1048783
1426006,1426230,1048783
1426006,1426234,1048783
1426006,1426238,1048783
1426006,1426242,1048783
1426006,1426246,1048783
1426006,1426250,1048783
1426006,1426254,1048783
1426006,1426256,1048783
1426006,1426260,1048783
1426006,1426264,1048783
1426006,1426268,1048783
1426006,1426272,1048783
1426006,1426276,1048783
1426006,1426280,1048783
1426006,1426284,1048783
1426006,1426288,1048783
1426006,1426292,1048783
1426006,1426296,1048783
1426006,1426300,1048783
1426006,1426302,1048783
1426006,1426306,1048783
1426006,1426310,1048783
1426006,1426314,1048783
1426006,1426318,1048783
1426006,1426322,1048783
1426006,1426326,1048783
1426006,1426330,1048783
1426006,1426334,1048783
1426006,1426338,1048783
1426006,1426342,1048783
1426006,1426346,1048783
1426006,1426350,1048783
1426006,1426352,1048783
1426006,1426356,1048783
1426006,1426360,1048783
1426006,1426364,1048783
1426006,1426368,1048783
1426006,1426372,1048783
1426006,1426376,1048783
1426006,1426380,1048783
1426006,1426384,1048783
1426006,1426388,1048783
1426006,1426392,1048783
1426006,1426396,1048783
1426006,1426400,1048783
1426006,1426404,1048783
1426006,1426406,1048783
1426006,1426410,1048783
1426006,1426414,1048783
1426006,1426418,1048783
1426006,1426423,1048783
1426006,1426427,1048783
1426006,1426431,1048783
1426006,1426435,1048783
1426006,1426439,1048783
1426006,1426443,1048783
1426006,1426447,1048783
1426006,1426451,1048783
1426006,1426455,1048783
1426006,1426457,1048783
1426006,1426462,1048783
1426006,1426466,1048783
1426006,1426470,1048783
1426006,1426474,1048783
1426006,1426478,1048783
1426006,1426482,1048783
1426006,1426486,1048783
1426006,1426490,1048783
1426006,1426495,1048783
1426006,1426501,1048783
1426006,1426505,1048783
1426006,1426507,1048783
1426006,1426511,1048783
1426006,1426515,1048783
1426006,1426519,1048783
1426006,1426523,1048783
1426006,1426527,1048783
1426006,1426531,1048783
1426006,1426535,1048783
1426006,1426539,1048783
1426006,1426543,1048783
1426006,1426547,1048783
1426006,1426549,1048783
1426006,1426553,1048783
1426006,1426557,1048783
1426006,1426561,1048783
1426006,1426565,1048783
1426006,1426569,1048783
1426006,1426573,1048783
1426006,1426577,1048783
1426006,1426581,1048783
1426006,1426585,1048783
1426006,1426587,1048783
1426006,1426591,1048783
1426006,1426596,1048783
1426006,1426600,1048783
1426006,1426605,1048783
1426006,1426610,1048783
1426006,1426615,1048783
1426006,1426619,1048783
1426006,1426623,1048783
1426006,1426625,1048783
1426006,1426629,1048783
1426006,1426633,1048783
1426006,1426637,1048783
1426006,1426641,1048783
1426006,1426645,1048783
1426006,1426649,1048783
1426006,1426653,1048783
1426006,1426656,1048783
1426006,1426660,1048783
1426006,1426664,1048783
1426006,1426668,1048783
1426006,1426672,1048783
1426006,1426676,1048783
1426006,1426680,1048783
1426006,1426682,1048783
1426006,1426686,1048783
1426006,1426690,1048783
1426006,1426694,1048783
1426006,1426698,1048783
1426006,1426702,1048783
1426006,1426704,1048783
1426006,1426708,1048783
1426006,1426712,1048783
1426006,1426716,1048783
1426006,1426720,1048783
1426006,1426722,1048783
1426006,1426726,1048783
1426006,1426730,1048783
1426006,1426734,1048783
1426006,1426736,1048783
1426006,1426740,1048783
1426006,1426744,1048783
1426006,1426746,1048783
1426006,1426750,1048783
1425174,1425183,1048787
1425179,1425180,1048787
1425213,1425217,1048799
1425213,1425227,1048799
1425213,1425229,1048799
106985,1425308,1048816
106985,1425310,1048816
107095,1425389,1048834
107095,1425396,1048834
1425437,1425439,1048842
1425437,1425440,1048842
1425471,1425472,1048850
1425479,1425481,1048850
1425483,1425484,1048850
1425487,1425499,1048850
1425544,1425546,1048855
1425544,1425547,1048855
1425572,1425569,1048865
107314,1425718,1048903
107323,1425741,1048905
107332,1425770,1048910
740413,1425952,1048916
740415,1425942,1048916
107388,107392,1048919
107389,107393,1048919
1425963,107405,1048921
1425963,107408,1048921
1425963,107411,1048921
1426774,1426775,1048934
1426874,1426875,1048941
1426830,107558,1048943
1426830,107569,1048943
1426833,1426834,1048943
1426838,1426839,1048943
1426840,1426850,1048943
107528,107529,1048947
107528,107530,1048947
107528,107531,1048947
107528,107532,1048947
107528,107533,1048947
107528,107534,1048947
107528,107535,1048947
107528,107536,1048947
107528,107537,1048947
107528,107538,1048947
107528,107539,1048947
107528,107540,1048947
107528,107541,1048947
107528,107542,1048947
1426947,1426948,1048949
1426947,1426949,1048949
1426947,1426950,1048949
1426947,1426951,1048949
1426947,1426953,1048949
1426947,1426954,1048949
1426947,1426956,1048949
1426947,1426957,1048949
1426947,1426960,1048949
1426947,1426961,1048949
1426947,1426962,1048949
1426947,1426963,1048949
1426947,1426967,1048949
1426947,1426968,1048949
1426947,1426969,1048949
1426947,1426970,1048949
1426947,1426974,1048949
1426947,1426975,1048949
1426947,1426978,1048949
1426947,1426979,1048949
1426947,1426980,1048949
1426947,1426981,1048949
1426947,1426984,1048949
1426947,1426985,1048949
1426947,1426989,1048949
1426947,1426990,1048949
1426947,1426991,1048949
1426947,1426992,1048949
1426947,1426996,1048949
1426947,1426997,1048949
1426947,1427001,1048949
1426947,1427002,1048949
1426947,1427006,1048949
1426947,1427007,1048949
1426947,1427008,1048949
1426947,1427009,1048949
1426947,1427012,1048949
1426947,1427013,1048949
1426947,1427017,1048949
1426947,1427018,1048949
1426947,1427022,1048949
1426947,1427023,1048949
1426947,1427024,1048949
1426947,1427025,1048949
1426947,1427028,1048949
1426947,1427029,1048949
1426947,1427032,1048949
1426947,1427033,1048949
1426947,1427037,1048949
1426947,1427038,1048949
1426947,1427041,1048949
1426947,1427042,1048949
1426947,1427043,1048949
1426947,1427044,1048949
1426947,1427047,1048949
1426947,1427048,1048949
1426947,1427051,1048949
1426947,1427052,1048949
1426947,1427055,1048949
1426947,1427056,1048949
1426947,1427060,1048949
1426947,1427061,1048949
1426947,1427062,1048949
1426947,1427063,1048949
1426947,1427066,1048949
1426947,1427067,1048949
1426947,1427070,1048949
1426947,1427071,1048949
1426947,1427074,1048949
1426947,1427075,1048949
1426947,1427079,1048949
1426947,1427080,1048949
1426947,1427083,1048949
1426947,1427084,1048949
1426947,1427085,1048949
1426947,1427086,1048949
1426947,1427089,1048949
1426947,1427090,1048949
1426947,1427093,1048949
1426947,1427094,1048949
1426947,1427097,1048949
1426947,1427098,1048949
1426947,1427101,1048949
1426947,1427102,1048949
1426947,1427107,1048949
1426947,1427109,1048949
1426947,1427110,1048949
1426947,1427111,1048949
1426947,1427114,1048949
1426947,1427115,1048949
1426947,1427118,1048949
1426947,1427119,1048949
1426947,1427122,1048949
1426947,1427123,1048949
1426947,1427126,1048949
1426947,1427127,1048949
1426947,1427131,1048949
1426947,1427132,1048949
1426947,1427135,1048949
1426947,1427136,1048949
1426947,1427137,1048949
1426947,1427138,1048949
1426947,1427141,1048949
1426947,1427142,1048949
1426947,1427145,1048949
1426947,1427146,1048949
1426947,1427149,1048949
1426947,1427150,1048949
1426947,1427153,1048949
1426947,1427154,1048949
1426947,1427157,1048949
1426947,1427158,1048949
1426947,1427162,1048949
1426947,1427163,1048949
1426947,1427164,1048949
1426947,1427165,1048949
1426947,1427168,1048949
1426947,1427169,1048949
1426947,1427172,1048949
1426947,1427173,1048949
1426947,1427176,1048949
1426947,1427177,1048949
1426947,1427180,1048949
1426947,1427181,1048949
1426947,1427185,1048949
1426947,1427186,1048949
1426947,1427189,1048949
1426947,1427190,1048949
1426947,1427191,1048949
1426947,1427192,1048949
1426947,1427195,1048949
1426947,1427196,1048949
1426947,1427199,1048949
1426947,1427200,1048949
1426947,1427203,1048949
1426947,1427204,1048949
1426947,1427207,1048949
1426947,1427208,1048949
1426947,1427212,1048949
1426947,1427213,1048949
1426947,1427214,1048949
1426947,1427215,1048949
1426947,1427218,1048949
1426947,1427219,1048949
1426947,1427222,1048949
1426947,1427223,1048949
1426947,1427226,1048949
1426947,1427227,1048949
1426947,1427231,1048949
1426947,1427232,1048949
1426947,1427235,1048949
1426947,1427236,1048949
1426947,1427237,1048949
1426947,1427238,1048949
1426947,1427241,1048949
1426947,1427242,1048949
1426947,1427245,1048949
1426947,1427246,1048949
1426947,1427249,1048949
1426947,1427250,1048949
1426947,1427254,1048949
1426947,1427255,1048949
1426947,1427256,1048949
1426947,1427257,1048949
1426947,1427260,1048949
1426947,1427261,1048949
1426947,1427264,1048949
1426947,1427265,1048949
1426947,1427269,1048949
1426947,1427270,1048949
1426947,1427273,1048949
1426947,1427274,1048949
1426947,1427275,1048949
1426947,1427276,1048949
1426947,1427279,1048949
1426947,1427280,1048949
1426947,1427283,1048949
1426947,1427284,1048949
1426947,1427288,1048949
1426947,1427289,1048949
1426947,1427290,1048949
1426947,1427291,1048949
1426947,1427294,1048949
1426947,1427295,1048949
1426947,1427300,1048949
1426947,1427301,1048949
1426947,1427304,1048949
1426947,1427305,1048949
1426947,1427306,1048949
1426947,1427307,1048949
1426947,1427310,1048949
1426947,1427311,1048949
1426947,1427315,1048949
1426947,1427316,1048949
1426947,1427317,1048949
1426947,1427318,1048949
1426947,1427322,1048949
1426947,1427323,1048949
1426947,1427326,1048949
1426947,1427327,1048949
1426947,1427328,1048949
1426947,1427329,1048949
1426947,1427333,1048949
1426947,1427334,1048949
1426947,1427336,1048949
1426947,1427337,1048949
1426947,1427340,1048949
1426947,1427341,1048949
1426947,1427343,1048949
1426947,1427344,1048949
740495,107609,1048954
740495,107612,1048954
1426926,1426927,1048954
107621,1427363,1048963
1427354,107621,1048963
1427365,1427358,1048963
1427366,1427360,1048963
1427366,1427362,1048963
107783,1427644,1048984
107791,1427655,1048988
1427927,107880,1048990
1427693,1427694,1048998
1427693,1427695,1048998
1427693,1427699,1048998
1427693,1427703,1048998
1427693,1427708,1048998
1427693,1427732,1048998
1427693,1427737,1048998
1427778,1427779,1049003
1427778,1427780,1049003
1427778,1427784,1049003
1427778,1427788,1049003
1427778,1427796,1049003
1427778,1427801,1049003
1427778,1427840,1049003
1427778,1427851,1049003
1427794,1427772,1049003
1427794,1427774,1049003
1427794,1427776,1049003
1427931,1427946,1049012
1427931,1427952,1049012
1427931,1427954,1049012
1427951,1427943,1049012
1428022,1428025,1049021
108036,1428140,1049033
1428329,1428331,1049074
1428333,1428334,1049074
1428336,1428337,1049074
1428341,1428342,1049074
1428344,1428346,1049074
1428348,1428349,1049074
1428362,1428341,1049074
1428569,1428570,1049092
1428576,1428577,1049092
1428580,1428581,1049092
1428585,1428586,1049092
1428594,1428598,1049092
1428595,1428596,1049092
1428598,1428599,1049092
1428601,1428602,1049092
1428605,1428606,1049092
1428610,1428604,1049092
1428610,1428649,1049092
1428647,1428610,1049092
1429023,1429024,1049136
1429025,1429026,1049136
1429027,1429028,1049136
1429029,1429030,1049136
1429039,1429040,1049136
1429041,1429042,1049136
1429747,1429750,1049384
1429750,109163,1049384
1429756,1429758,1049384
1429821,1429824,1049398
1429824,109177,1049398
1429828,1429829,1049398
1429829,109188,1049398
1429831,1429832,1049398
741329,109358,1049403
1429872,1429874,1049406
1429874,109211,1049406
1429878,1429879,1049406
741270,109236,1049408
741270,1429902,1049408
741270,1429906,1049408
741270,1429907,1049408
741270,1429910,1049408
741294,109292,1049421
741294,109293,1049421
741294,109294,1049421
741294,109295,1049421
741314,1429954,1049424
741314,1429957,1049424
741314,1429960,1049424
741314,1429961,1049424
741314,1429965,1049424
741314,1429966,1049424
1429969,1429988,1049424
1429969,1429989,1049424
1429969,1429990,1049424
1429969,1429992,1049424
1429980,1429981,1049424
1429983,1429984,1049424
1429988,109348,1049424
1429989,109349,1049424
1429990,1429991,1049424
1429992,1429993,1049424
1430189,1430194,1049472
1430281,109596,1049504
1430303,109611,1049512
1430322,1430323,1049524
1430339,1430340,1049537
1430411,1430421,1049547
109832,109845,1049585
109832,109852,1049585
109832,109853,1049585
109832,109854,1049585
109832,109855,1049585
109832,109856,1049585
109832,109857,1049585
109832,109863,1049585
109832,109864,1049585
109832,109865,1049585
109832,109866,1049585
109832,109867,1049585
109832,109868,1049585
1430625,1430628,1049656
1430625,1430631,1049656
1430625,1430656,1049656
1430625,1430657,1049656
1430625,1430660,1049656
1430625,1430661,1049656
1430673,1430674,1049668
1430715,1430716,1049674
1430715,1430718,1049674
110149,110159,1049764
110149,110160,1049764
110149,110161,1049764
110149,110162,1049764
1431719,1431720,1049948
1431720,1431722,1049948
1431737,1431738,1049953
1431739,1431742,1049953
1431745,1431746,1049953
1431755,110595,1049956
1431762,1431765,1049958
1431768,110624,1049960
1431774,1431776,1049963
1431859,1431873,1049997
1431859,1431886,1049997
1431925,1431938,1050019
1431925,1431939,1050019
1431968,110815,1050030
1431969,1431971,1050030
742132,110954,1050049
742200,111022,1050049
742230,111029,1050049
1432012,1432013,1050049
1432385,111204,1050115
1432387,111206,1050115
1432388,111212,1050115
1432395,1432396,1050115
1432591,1432592,1050164
1432608,1432610,1050169
1432670,111363,1050188
1433001,1433002,1050252
1433001,1433003,1050252
1433001,1433004,1050252
1433001,1433005,1050252
1433001,1433006,1050252
1433001,1433007,1050252
1433001,1433008,1050252
1433514,1433515,1050511
1433530,1433531,1050517
1433537,1433538,1050521
1433546,1433547,1050521
1433626,1433627,1050546
1433635,1433636,1050546
1433830,1433833,1050593
1433904,1433905,1050664
1433942,1433943,1050682
1433944,1433945,1050682
1433956,1433957,1050684
1433981,1433982,1050690
1434020,1434021,1050709
1434035,1434036,1050711
1434047,1434048,1050713
1434057,1434062,1050718
1434059,1434060,1050718
1434062,1434063,1050718
1434101,1434108,1050724
1434103,1434104,1050724
1434174,1434175,1050741
1434176,112531,1050741
1434202,1434204,1050749
743108,1434349,1050771
743108,1434350,1050771
743108,1434351,1050771
743108,1434352,1050771
743108,1434354,1050771
743108,1434355,1050771
743108,1434357,1050771
743108,1434362,1050771
743108,1434363,1050771
1434390,1434391,1050782
1434393,1434394,1050782
1434396,1434397,1050782
1434399,1434400,1050782
1434407,1434409,1050782
1434412,1434414,1050782
1434645,1434646,1050812
1434650,1434651,1050812
1434657,1434659,1050812
1434662,1434663,1050812
1435232,1435257,1050928
114608,1436279,1051226
114608,1436283,1051226
114645,1436313,1051232
114645,1436318,1051232
744064,1436973,1051401
1437121,115286,1051431
1437387,115473,1051539
744451,1437744,1051625
116147,1437965,1051654
116147,1437968,1051654
116147,1437970,1051654
116147,1437973,1051654
116318,1438096,1051727
116318,1438098,1051727
116318,1438103,1051727
116318,1438110,1051727
116318,1438111,1051727
116318,1438112,1051727
116318,1438113,1051727
116318,1438116,1051727
116318,1438126,1051727
116318,1438127,1051727
116318,1438130,1051727
116318,1438131,1051727
116588,1438327,1051819
116588,1438330,1051819
116588,1438333,1051819
116588,1438336,1051819
116590,1438326,1051819
116590,1438329,1051819
116590,1438332,1051819
116590,1438335,1051819
117305,1438869,1052021
117305,1438871,1052021
117305,1438872,1052021
117305,1438878,1052021
1439494,1439495,1052218
1439507,117764,1052225
1439540,1439541,1052228
745647,1439991,1052337
1440105,1440106,1052359
1440185,1440186,1052381
1440190,1440191,1052381
1440193,1440194,1052381
1440221,1440249,1052383
1440227,118168,1052383
1440287,1440288,1052388
1440293,1440294,1052388
1440296,1440297,1052388
1440312,1440310,1052391
745775,1440706,1052396
745775,1440710,1052396
745775,1440748,1052396
745775,1440750,1052396
1440359,1440360,1052404
1440367,1440368,1052406
1440374,1440375,1052408
1440383,1440384,1052412
1440390,1440391,1052414
1441531,119022,1052697
1441931,1441932,1052846
1441933,1441934,1052846
1442963,120217,1053103
1442963,1442967,1053103
746872,120241,1053110
1443005,1443006,1053112
1443008,1443009,1053112
1443010,1443011,1053112
1443288,1443296,1053195
1443294,1443295,1053195
747353,121085,1053354
747368,121126,1053371
1444054,121153,1053404
1444502,1444503,1053587
121740,1444572,1053605
1444590,121752,1053615
1444590,121758,1053615
1444590,1444598,1053615
121778,1444625,1053630
1444715,1444717,1053647
1444899,1444900,1053673
748040,122736,1053889
748041,122754,1053889
748041,122755,1053889
1446498,1446502,1054139
748194,123177,1054154
1446884,123406,1054226
1446914,1446915,1054233
1446916,1446917,1054233
1446918,1446919,1054233
1446920,1446921,1054233
1446922,1446923,1054233
1446924,1446925,1054233
123448,1446969,1054238
123448,1446971,1054238
123448,1446973,1054238
123448,1446975,1054238
123448,1446979,1054238
123448,1446981,1054238
123448,1446984,1054238
123448,1446986,1054238
123450,1446970,1054238
123450,1446972,1054238
123450,1446974,1054238
123450,1446977,1054238
1447041,1447042,1054249
1447043,1447044,1054249
1447049,1447050,1054249
1447051,1447052,1054249
1447054,1447055,1054249
1447058,1447059,1054249
1447062,1447063,1054249
1447066,1447067,1054249
1447084,1447085,1054249
1447086,1447087,1054249
1447091,1447092,1054249
1447093,1447094,1054249
1447157,1447160,1054263
1447163,1447165,1054263
1447200,1447203,1054271
123625,1447351,1054306
1447396,1447398,1054310
748925,124388,1054489
1448654,1448660,1054519
1448656,1448688,1054519
1448661,1448663,1054519
1448665,1448666,1054519
1448759,1448760,1054540
1448791,124727,1054542
1448805,1448807,1054547
1448806,124741,1054547
1449157,1449158,1054619
1449160,1449161,1054619
1449171,125001,1054622
1449172,125006,1054622
1449290,1449329,1054654
1449293,1449330,1054654
1449296,1449297,1054654
1449298,1449299,1054654
1449486,1449498,1054664
1449490,1449499,1054664
1449492,1449494,1054664
1449495,1449497,1054664
1450117,125769,1054857
1450119,125773,1054857
1450198,1450200,1054873
1450489,1450490,1054998
1450491,1450492,1054998
1450528,1450537,1055004
1450532,1450533,1055004
1450748,126256,1055054
1450921,1450938,1055097
1450921,1450942,1055097
1450923,1450924,1055097
1450927,1450928,1055097
1450936,1450937,1055097
1450966,126471,1055106
1451145,1451146,1055152
1451150,1451151,1055152
1451155,1451156,1055152
1451170,1451171,1055154
1451175,1451176,1055154
750084,126746,1055189
750084,126748,1055189
750084,126753,1055189
1451346,1451348,1055196
1451346,1451353,1055196
750237,1451728,1055287
1452125,1452130,1055378
1452676,128040,1055515
1452692,1452693,1055537
1452746,128070,1055543
1452761,1452762,1055546
1452780,1452781,1055550
1452810,1452815,1055552
128145,128123,1055575
1452903,128137,1055578
1452915,1452916,1055578
1452934,1452957,1055580
1452939,1452948,1055580
1452948,128158,1055580
1452950,128166,1055580
1452962,128164,1055582
1453085,1453088,1055633
1453121,1453123,1055681
1453157,128283,1055685
1453265,1453266,1055710
1453355,1453356,1055734
1453929,1453931,1055929
751522,129046,1055961
1454012,129077,1055970
1454064,1454065,1055986
1454203,1454204,1056008
1454261,1454262,1056020
1454248,1454249,1056022
1454429,129379,1056068
1454432,129372,1056068
1454436,1454437,1056068
1454473,1454474,1056074
1454516,129587,1056095
1454519,129584,1056095
1454522,1454523,1056095
1454663,1454664,1056145
129862,129899,1056154
1454683,129877,1056154
1454691,129802,1056154
1454699,1454700,1056154
129951,1454872,1056201
129951,1454879,1056201
1454847,130096,1056201
1454850,130093,1056201
1454853,1454854,1056201
1454855,1454856,1056201
1454863,130058,1056201
130167,1455037,1056247
752007,1455036,1056247
1455120,1455121,1056271
1455131,130245,1056271
1455173,130266,1056283
1455223,1455224,1056304
1455253,130329,1056319
1455262,130341,1056328
1455324,130472,1056359
1455366,1455368,1056381
1455370,1455373,1056381
1455384,1455385,1056381
1455388,1455390,1056381
1455423,1455424,1056413
1455447,1455448,1056424
1455558,130741,1056479
1455558,130746,1056479
1455558,1455560,1056479
1455558,1455563,1056479
1455605,130816,1056495
1455605,130819,1056495
1455605,130820,1056495
1455605,130821,1056495
130928,1455703,1056500
130928,1455704,1056500
130928,1455706,1056500
1455609,130833,1056506
1455609,130834,1056506
1455609,130835,1056506
1455609,130836,1056506
1455640,130887,1056516
1455640,130889,1056516
1455640,130896,1056516
1455640,130898,1056516
1455640,1455647,1056516
1455642,1455643,1056516
1455642,1455644,1056516
1455642,1455645,1056516
1455642,1455646,1056516
1455734,1455737,1056519
1455734,1455739,1056519
1455734,1455741,1056519
1455734,1455742,1056519
1455734,1455744,1056519
131037,1455866,1056524
131037,1455867,1056524
131037,1455869,1056524
1455808,131011,1056531
1455808,131015,1056531
1455808,131019,1056531
1455808,131021,1056531
1455808,1455815,1056531
1455810,1455811,1056531
1455810,1455812,1056531
1455810,1455813,1056531
1455810,1455814,1056531
1456022,1456024,1056574
1456146,131386,1056591
1456146,1456090,1056591
1456146,1456091,1056591
1456146,1456105,1056591
1456146,1456117,1056591
1456146,1456118,1056591
1456146,1456155,1056591
1456146,1456156,1056591
1456146,1456158,1056591
1456146,1456182,1056591
1456146,1456198,1056591
1456146,1456200,1056591
1456148,131387,1056591
1456148,1456087,1056591
1456148,1456088,1056591
1456148,1456108,1056591
1456148,1456121,1056591
1456148,1456122,1056591
1456148,1456163,1056591
1456148,1456164,1056591
1456148,1456166,1056591
1456148,1456185,1056591
1456148,1456204,1056591
1456148,1456206,1056591
131528,1456391,1056628
131528,1456394,1056628
131528,1456396,1056628
131528,1456398,1056628
131528,1456445,1056628
131528,1456456,1056628
1456418,1456419,1056628
1456423,1456424,1056628
1456425,1456426,1056628
1456428,1456429,1056628
1456432,1456433,1056628
1456436,1456437,1056628
1456518,1456530,1056659
1456518,1456538,1056659
1456518,1456539,1056659
1456518,1456541,1056659
1456520,1456522,1056659
1456520,1456523,1056659
1456520,1456526,1056659
1456520,1456527,1056659
1456520,1456529,1056659
1456520,1456532,1056659
1456520,1456536,1056659
1456520,1456537,1056659
1456750,131595,1056670
1456750,131598,1056670
1456750,131606,1056670
1456677,1456681,1056675
1456678,1456679,1056675
1456703,1456704,1056677
1456705,1456706,1056677
1456707,1456725,1056677
1456709,1456710,1056677
1456711,1456712,1056677
1456713,1456722,1056677
1456783,1456786,1056693
1456784,1456785,1056693
1456941,1456944,1056728
1456941,1456946,1056728
1456941,1456948,1056728
1456941,1456950,1056728
1456964,131657,1056732
1456964,131658,1056732
1456964,131659,1056732
1456964,131660,1056732
1457096,1457100,1056750
1457097,1457099,1056750
1457549,1457550,1056854
132570,132576,1056919
132570,1457969,1056919
132570,1457976,1056919
753269,1458254,1056981
132873,132869,1057001
1458337,132953,1057018
1458337,132955,1057018
1458981,1459088,1057108
1458882,1458883,1057117
1458887,1458890,1057117
1458915,1458916,1057117
1458939,1458940,1057126
1458944,1458947,1057126
1458971,1458972,1057126
1459637,1459605,1057240
1459694,1459695,1057243
1459737,1459768,1057260
1459737,1459778,1057260
753702,134041,1057274
1459834,1459835,1057278
1459852,1459853,1057284
1459876,1459877,1057295
134166,134170,1057306
134166,134176,1057306
134166,134187,1057306
134166,134190,1057306
134166,134194,1057306
134166,134203,1057306
134235,1460108,1057318
134245,1460129,1057323
134245,1460131,1057323
1460255,1460231,1057333
1460306,134337,1057341
1460311,1460312,1057341
1460356,134364,1057348
1460358,134374,1057348
753842,134438,1057369
753842,1460535,1057369
753884,134504,1057381
753886,134507,1057381
1460748,1460749,1057408
753949,134632,1057412
1460923,1460928,1057432
1460925,1460948,1057432
753974,1460911,1057440
754098,1461412,1057519
754098,1461413,1057519
754098,1461414,1057519
754098,1461417,1057519
754098,1461434,1057519
754185,1461656,1057571
754185,1461666,1057571
1461756,1461757,1057622
1461756,1461760,1057622
754346,1462019,1057701
754346,1462021,1057701
1462186,1462183,1057743
1462186,1462184,1057743
754510,135352,1057756
754521,1462276,1057756
754541,135396,1057790
1462402,1462403,1057808
1462420,1462421,1057812
1462438,1462439,1057816
1462446,1462447,1057818
1462465,1462466,1057823
1462472,1462473,1057827
754558,135438,1057829
1462479,1462480,1057832
1462487,1462488,1057834
1462518,1462519,1057836
1462621,1462622,1057866
1462625,1462627,1057866
1462634,1462635,1057866
1462664,1462673,1057875
1463071,1463072,1057938
754733,1463201,1057971
754746,136044,1057995
1463401,1463397,1058064
754806,136813,1058070
1463491,1463487,1058090
755054,1463973,1058193
1464259,1464264,1058281
138510,138500,1058293
138510,138512,1058293
138543,1464408,1058338
138574,138576,1058349
138574,1464429,1058349
1464580,138660,1058384
1464766,1464768,1058501
1464766,1464769,1058501
1464766,1464775,1058501
139116,1464987,1058605
1465171,1465172,1058678
1465484,1465485,1058797
139825,1465680,1058852
1466046,1466047,1058959
1466051,140050,1058959
1466053,140046,1058959
140193,140146,1058961
140193,1466074,1058961
140193,1466078,1058961
140207,1466082,1058961
140207,1466087,1058961
140207,1466091,1058961
1466239,140364,1059004
1466239,140371,1059004
1466241,1466245,1059004
1466333,1466334,1059013
1466512,1466513,1059129
756442,1466841,1059226
756453,1466880,1059238
1467155,1467158,1059321
1467156,1467157,1059321
1467160,1467163,1059321
1467161,1467162,1059321
1467165,1467168,1059321
1467166,1467167,1059321
1467207,1467209,1059331
1467207,1467212,1059331
1467207,1467215,1059331
1467296,1467297,1059348
756992,1467908,1059476
1468059,1468060,1059520
1468077,1468079,1059522
1468163,1468164,1059526
1468186,1468187,1059542
1468188,1468189,1059542
1468192,1468196,1059542
1468194,1468195,1059542
142738,142659,1059553
757258,142769,1059571
757258,142809,1059571
757258,1468340,1059571
757258,1468346,1059571
757258,1468347,1059571
757258,1468351,1059571
757258,1468352,1059571
142788,1468421,1059596
1468413,1468414,1059596
1468417,1468418,1059596
1468465,1468466,1059600
1468468,1468469,1059600
1468474,1468475,1059600
1468476,1468477,1059600
1468479,1468480,1059600
1468483,1468484,1059600
1468485,1468486,1059600
1468487,1468488,1059600
1468493,1468494,1059600
1468495,1468496,1059600
1468498,1468499,1059600
1468501,1468502,1059600
1468661,1468662,1059662
1468682,1468683,1059668
1468694,1468698,1059672
1468698,1468699,1059672
1468700,1468702,1059672
1468713,1468716,1059674
1468716,1468717,1059674
1468718,1468720,1059674
757400,143102,1059676
1468737,1468741,1059678
1468741,1468743,1059678
1468744,1468745,1059678
1468790,1468793,1059680
1468793,1468794,1059680
1468795,1468796,1059680
1468805,1468807,1059682
1468839,1468843,1059690
1468843,1468850,1059690
1468844,1468845,1059690
1468846,1468847,1059690
1468872,1468875,1059692
1468875,1468876,1059692
1468877,1468878,1059692
1468884,1468885,1059694
1469056,1469057,1059712
1469076,1469077,1059712
1469088,1469131,1059712
1469660,1469661,1059798
1469693,1469695,1059811
1469699,1469702,1059811
1469706,1469707,1059811
1469710,1469711,1059811
1469718,1469719,1059811
1469725,1469726,1059811
1469687,1469688,1059813
1469747,1469748,1059819
1469749,1469750,1059819
1469753,1469754,1059819
1469755,1469756,1059819
1469786,1469792,1059822
1469840,1469841,1059830
1469874,1469875,1059842
1469894,1469895,1059847
1469896,1469897,1059847
1469938,1469939,1059849
1469941,1469943,1059849
1470481,1470482,1059958
1470503,1470504,1059962
144879,1470566,1059973
144881,1470569,1059973
144888,1470572,1059973
1470746,1470747,1060008
1470748,1470749,1060008
1470764,1470765,1060011
1470766,1470767,1060011
1470903,1470904,1060030
1471107,1471108,1060041
1471200,145288,1060047
1471200,145294,1060047
1471200,145299,1060047
1471200,145305,1060047
758405,1471436,1060199
758408,1471442,1060203
1472082,1472083,1060298
1472084,1472085,1060298
1472099,1472100,1060300
1472308,146515,1060353
1472309,146516,1060353
1472309,146517,1060353
1472411,146584,1060379
1472415,146592,1060379
1472417,1472418,1060379
1472425,146600,1060379
1472431,146608,1060379
758883,1472659,1060399
1472633,1472634,1060399
1472639,1472640,1060399
1472645,146743,1060399
1472650,1472651,1060399
758919,146832,1060430
1472824,1472825,1060430
1472826,146872,1060430
1472828,146884,1060430
1472831,146873,1060430
1472834,146874,1060430
1472835,1472838,1060430
1472837,146845,1060430
1472840,1472841,1060430
1472846,146823,1060430
1472849,1472850,1060430
1473170,1473175,1060451
1473227,1473229,1060456
1473231,1473232,1060456
759066,1473403,1060474
759074,1473397,1060474
1473375,1473376,1060474
1473378,147051,1060474
1473379,147052,1060474
1473381,147053,1060474
1473392,147033,1060474
759089,1473490,1060478
759089,1473493,1060478
759098,1473489,1060478
1473475,147108,1060478
1473477,147109,1060478
1473478,147110,1060478
1473485,147078,1060478
1473495,147088,1060478
759127,1473567,1060486
759158,1473705,1060491
1473972,147323,1060500
1473975,147324,1060500
1475070,1475071,1060597
1475070,1475072,1060597
147891,147947,1060610
1475154,147901,1060613
147965,147989,1060626
147965,148005,1060626
1475302,1475303,1060687
148085,1475300,1060692
148092,1475322,1060698
1475524,1475532,1060830
1475534,148242,1060830
1475623,1475638,1060844
1475774,1475777,1060861
1475801,1475802,1060864
1475805,1475806,1060864
1475808,1475809,1060864
1475811,1475814,1060864
1475812,1475813,1060864
1475833,1475836,1060869
1475860,1475875,1060876
1475862,1475869,1060876
1475891,1475886,1060878
1475891,1475888,1060878
1475891,1475890,1060878
1475937,1475938,1060895
1475937,1475939,1060895
1475956,1475957,1060897
1475956,1475959,1060897
1475956,1475961,1060897
1475979,1475980,1060901
148467,1476091,1060913
148467,1476092,1060913
1476098,1476099,1060913
1476101,148450,1060913
1476173,1476174,1060928
1476259,1476260,1060938
1476263,1476264,1060938
1476267,1476268,1060938
1476270,1476272,1060938
1476301,1476302,1060942
1476307,1476309,1060942
1476345,1476346,1060961
1476350,1476351,1060961
1476433,1476434,1061004
1476453,1476454,1061013
1476737,1476735,1061066
1476752,1476754,1061085
1476826,1476822,1061089
1476829,1476831,1061089
1476909,1476910,1061120
1477770,1477771,1061268
1477772,1477773,1061268
1477786,1477788,1061268
1477726,1477722,1061273
149295,1477898,1061280
1477900,149302,1061280
760291,1477839,1061283
760372,1477989,1061313
1478013,1478015,1061324
1478036,1478038,1061326
1478071,1478074,1061330
1478181,1478182,1061378
760626,1478546,1061485
760626,1478547,1061485
760626,1478549,1061485
760626,1478550,1061485
760626,1478551,1061485
150050,150063,1061531
1479846,150093,1061543
1479862,150192,1061549
1480091,150327,1061575
1480293,1480294,1061587
1480293,1480298,1061587
1480293,1480302,1061587
1480293,1480306,1061587
1480407,1480408,1061610
150720,150750,1061640
761101,150883,1061680
150931,1480776,1061682
150931,1480777,1061682
150931,1480811,1061682
150931,1480815,1061682
150931,1480820,1061682
150967,150999,1061682
150967,151022,1061682
150967,1480767,1061682
150976,151034,1061682
150976,1480758,1061682
150976,1480759,1061682
150976,1480766,1061682
150976,1480844,1061682
1480755,151033,1061682
1480763,151006,1061682
1480788,1480789,1061682
761126,1480881,1061701
761138,1480918,1061716
151102,1481021,1061757
1481015,1481016,1061757
151094,1481058,1061766
151094,1481059,1061766
151094,1481060,1061766
151094,1481061,1061766
151094,1481062,1061766
151094,1481063,1061766
151094,1481064,1061766
151094,1481065,1061766
1481114,1481124,1061779
1481119,1481122,1061779
1481119,1481130,1061779
1481123,1481125,1061779
761267,151192,1061795
1481359,1481361,1061856
1481359,1481362,1061856
1481359,1481363,1061856
1481383,1481384,1061865
1481385,1481387,1061865
1481385,1481390,1061865
1481391,1481393,1061865
1481391,1481396,1061865
1481391,1481400,1061865
1481391,1481405,1061865
1481852,151647,1062011
1481871,1481876,1062020
1481872,1481873,1062020
1481876,1481877,1062020
1481880,1481881,1062020
1482111,1482112,1062091
1482293,152026,1062170
1482336,1482337,1062194
761741,152109,1062214
761756,152128,1062225
761909,152418,1062338
761909,1482721,1062338
1482769,1482770,1062356
1482804,152490,1062369
1483048,1483049,1062459
1483050,1483051,1062459
1483104,1483105,1062487
1483131,1483132,1062493
1483133,153151,1062493
1483135,1483136,1062493
1483137,1483138,1062493
1483140,1483141,1062493
762472,153310,1062576
762472,153327,1062576
762472,1483357,1062576
762472,1483358,1062576
762472,1483365,1062576
762472,1483366,1062576
1483330,153251,1062579
1483399,153300,1062589
1483419,153319,1062597
1483441,1483443,1062603
1483441,1483444,1062603
1483443,153369,1062603
1483444,153375,1062603
1483476,1483478,1062610
1483476,1483479,1062610
1483478,153399,1062610
1483479,153401,1062610
1483527,1483529,1062631
1483527,1483530,1062631
1483529,153429,1062631
1483530,153440,1062631
153846,153861,1062783
1484294,1484295,1062855
1484294,1484297,1062855
1485051,1485070,1062981
1485361,1485285,1063005
1485361,1485295,1063005
1485264,1485265,1063012
1485412,1485461,1063025
1485585,1485589,1063053
763431,155340,1063055
1485835,1485836,1063095
1485859,1485860,1063095
1485871,1485931,1063095
1485756,1485757,1063107
1486034,1486036,1063130
1486038,1486039,1063130
1486046,1486048,1063130
155534,1486157,1063148
1486141,1486142,1063148
1486205,1486206,1063155
1486208,1486209,1063155
1486234,1486235,1063157
1486237,1486238,1063157
1486257,1486258,1063165
1486311,1486313,1063169
1486316,1486317,1063169
1486332,1486333,1063169
1486336,1486337,1063169
1486270,1486271,1063171
1486272,1486273,1063171
1486274,1486275,1063171
1486285,1486286,1063171
1486354,1486355,1063179
1486358,1486359,1063179
1486451,1486452,1063184
1486499,1486500,1063193
763616,1486519,1063197
763616,1486521,1063197
763616,1486523,1063197
763616,1486525,1063197
1486548,1486551,1063200
1486549,1486550,1063200
763617,1486576,1063202
763617,1486578,1063202
1486721,1486722,1063206
1486721,1486723,1063206
1486721,1486727,1063206
1486721,1486729,1063206
1486737,1486738,1063210
1486737,1486746,1063210
155911,1486883,1063239
155911,1486884,1063239
155911,1486899,1063239
155911,1486900,1063239
1486886,1486889,1063239
1486886,1486890,1063239
1486886,1486893,1063239
1486886,1486895,1063239
1486886,1486904,1063239
1486886,1486905,1063239
1487005,1487009,1063266
1487005,1487011,1063266
1487180,156193,1063308
1487180,156196,1063308
156214,156189,1063315
156214,156195,1063315
156214,156203,1063315
156214,156216,1063315
156214,156219,1063315
156214,1487214,1063315
156214,1487215,1063315
156214,1487217,1063315
156214,1487220,1063315
156214,1487223,1063315
156214,1487227,1063315
156214,1487229,1063315
156214,1487230,1063315
156214,1487232,1063315
156232,156247,1063315
156232,156259,1063315
156232,156267,1063315
156233,156248,1063315
156233,156260,1063315
156233,156269,1063315
156242,156278,1063315
156242,156281,1063315
156242,156286,1063315
156243,156279,1063315
156243,156282,1063315
156243,156287,1063315
1487205,1487206,1063319
1487207,1487208,1063319
1487366,156311,1063333
1487366,156325,1063333
1487366,156326,1063333
1487366,1487367,1063333
1487366,1487368,1063333
1487366,1487369,1063333
1487366,1487372,1063333
1487377,1487378,1063338
1487377,1487379,1063338
1487377,1487380,1063338
1487377,1487381,1063338
1487382,1487383,1063338
1487409,1487410,1063344
1487409,1487411,1063344
1487445,156380,1063362
1487620,1487621,1063377
1487622,1487623,1063377
1487624,1487625,1063377
1487626,1487627,1063377
1487629,1487630,1063377
1487631,1487632,1063377
1487633,1487634,1063377
1487635,1487636,1063377
1488127,156989,1063477
1488127,157003,1063477
1488127,157008,1063477
1488127,157013,1063477
1488127,157018,1063477
1488127,157025,1063477
1488127,1488153,1063477
1488127,1488165,1063477
1488135,156974,1063477
1488136,156991,1063477
1488203,1488206,1063481
1488204,1488205,1063481
1488207,1488210,1063481
1488208,1488209,1063481
1488422,157088,1063495
1488428,157082,1063495
1488437,157064,1063495
1488510,1488514,1063507
1488511,1488512,1063507
1488513,1488518,1063507
157438,157465,1063509
157438,157490,1063509
157438,157518,1063509
157438,157553,1063509
157438,157588,1063509
157438,157619,1063509
157438,1488583,1063509
157438,1488585,1063509
157438,1488598,1063509
1488543,1488544,1063513
1488845,1488846,1063571
1488845,1488848,1063571
1488845,1488849,1063571
1488845,1488852,1063571
1488845,1488854,1063571
1488845,1488858,1063571
1488845,1488863,1063571
1488851,157646,1063571
1488857,157661,1063571
1489346,1489347,1063687
1489355,1489356,1063687
1489398,1489399,1063691
1489626,1489629,1063735
1489630,1489631,1063735
1489854,1489857,1063756
1489858,158795,1063756
1489922,1489923,1063783
1489928,1489929,1063789
158825,1489991,1063793
158836,1489994,1063796
1490011,1490021,1063804
1490011,1490022,1063804
1490011,1490023,1063804
1490054,158906,1063814
1490054,158907,1063814
1490054,158908,1063814
1490054,158912,1063814
1490054,158913,1063814
1490054,158914,1063814
1490054,158923,1063814
1490054,158924,1063814
1490054,158925,1063814
1490219,1490239,1063893
1490219,1490240,1063893
1490219,1490242,1063893
1490219,1490243,1063893
1490219,1490245,1063893
1490219,1490247,1063893
1490219,1490249,1063893
1490211,1490216,1063895
1490211,1490218,1063895
1490353,1490356,1063923
1490379,1490382,1063928
159312,159315,1063957
1490447,1490457,1063957
1490449,159307,1063957
1490449,1490455,1063957
1490789,1490790,1064135
1490797,1490798,1064144
1490900,1490901,1064164
1490900,1490902,1064164
159800,159827,1064230
159848,159864,1064345
159848,159902,1064345
1491366,1491367,1064486
1491713,1491718,1064663
160642,160648,1064739
1492675,1492676,1065294
1492677,1492678,1065294
1492703,1492704,1065296
1492705,1492706,1065296
1493053,1493054,1065330
1493057,1493058,1065330
1493063,1493064,1065330
1493067,1493069,1065330
1493078,1493079,1065330
1493970,1493971,1065513
766543,1494180,1065547
1494205,161885,1065549
1494299,1494325,1065560
1494339,1494340,1065560
1494367,1494368,1065562
1494389,1494390,1065564
1494450,1494478,1065568
1494451,1494477,1065568
1494454,1494455,1065568
1494458,162013,1065568
1494460,162006,1065568
1494462,1494466,1065568
1494463,1494464,1065568
1494479,162043,1065568
1494648,1494652,1065601
1494649,1494651,1065601
162188,1494707,1065619
162188,1494712,1065619
162563,1495151,1065696
162563,1495153,1065696
162563,1495156,1065696
162563,1495168,1065696
162742,1495358,1065734
1495430,1495431,1065745
163653,1496655,1066015
163653,1496659,1066015
163653,1496660,1066015
163653,1496665,1066015
163653,1496667,1066015
163735,163750,1066084
1496888,163802,1066091
1496888,1496900,1066091
163839,163853,1066096
1496999,1497003,1066122
1497093,1497094,1066171
1497099,1497100,1066173
1497111,1497113,1066177
1497125,1497129,1066179
1497163,1497165,1066197
767467,164259,1066201
1497172,164260,1066201
1497209,1497210,1066219
164402,164425,1066243
1497447,1497449,1066328
1497447,1497450,1066328
1497447,1497451,1066328
164708,164758,1066337
164712,1497474,1066337
164712,1497475,1066337
164850,1497520,1066358
1497583,1497584,1066407
1497639,1497640,1066419
1497946,1497947,1066466
1497956,1497957,1066469
1497990,1497991,1066483
1497999,1498000,1066488
1498015,1498016,1066500
1498054,1498055,1066504
1498060,1498065,1066506
1498062,1498063,1066506
1498065,1498066,1066506
1498085,1498092,1066514
1498087,1498088,1066514
1498104,1498105,1066520
1498111,1498116,1066527
1498113,1498114,1066527
1498116,1498117,1066527
1498137,1498144,1066535
1498139,1498140,1066535
1498151,1498152,1066546
1498159,1498164,1066550
1498161,1498162,1066550
1498164,1498165,1066550
1498188,1498194,1066562
1498190,1498191,1066562
1498230,1498233,1066570
768082,1498242,1066574
768082,1498244,1066574
768082,1498247,1066574
1498249,165384,1066574
165522,165472,1066591
1498580,1498581,1066731
1498762,1498772,1066785
1498762,1498774,1066785
1498762,1498776,1066785
1498819,1498841,1066816
1498821,1498824,1066816
1498821,1498826,1066816
1498821,1498829,1066816
1498821,1498831,1066816
1498869,1498876,1066821
1498869,1498877,1066821
1498869,1498883,1066821
1498871,1498875,1066821
1498871,1498878,1066821
1498871,1498880,1066821
1498871,1498882,1066821
1498871,1498885,1066821
1498871,1498887,1066821
1498871,1498890,1066821
1498941,1498942,1066830
1498941,1498946,1066830
1498941,1498947,1066830
1498941,1498948,1066830
1498943,1498949,1066830
1498943,1498952,1066830
1499033,166223,1066855
1499036,166228,1066855
1499127,1499132,1066885
1499200,1499201,1066887
1499203,1499204,1066887
1499207,1499208,1066887
1499209,1499210,1066887
1499212,1499213,1066887
1499214,1499216,1066887
1499215,166357,1066887
1499220,1499248,1066887
1499222,1499223,1066887
1499232,1499233,1066887
1499234,1499235,1066887
1499261,1499276,1066893
1499261,1499277,1066893
1499394,1499396,1066912
1499397,1499398,1066912
1499399,1499400,1066912
1499404,1499405,1066912
1499406,1499407,1066912
1500134,1500135,1067051
1500139,1500141,1067051
1500141,1500142,1067051
1500155,1500156,1067059
1500156,1500157,1067059
1500199,1500201,1067064
1500201,1500202,1067064
769137,1500417,1067075
769143,1500414,1067075
1500659,1500660,1067207
168359,1501183,1067226
168359,1501185,1067226
168478,1501153,1067226
1501201,1501202,1067226
1501202,168277,1067226
1501207,1501209,1067226
1501209,168267,1067226
1501212,1501213,1067226
1501213,168270,1067226
1501227,168252,1067226
167845,1500815,1067278
167845,1500816,1067278
1500871,1500872,1067294
1500884,1500887,1067302
1500885,1500886,1067302
168050,168107,1067338
1501040,168084,1067346
168120,168130,1067355
168120,168134,1067355
1501420,168449,1067466
1501420,1501430,1067466
1501420,1501431,1067466
1501420,1501432,1067466
769850,1501730,1067513
168745,168756,1067515
168745,168763,1067515
168745,168767,1067515
168745,168769,1067515
1501862,1501863,1067523
1501864,1501865,1067523
1501866,1501867,1067523
1501870,1501871,1067523
1501875,1501909,1067523
1501876,1501877,1067523
1501879,1501880,1067523
1501882,1501883,1067523
1501885,1501898,1067523
769932,1502022,1067536
168956,1502108,1067564
769987,1502112,1067564
1502163,1502165,1067579
1502758,1502759,1067738
770376,1502920,1067804
770487,169972,1067878
770499,169998,1067887
1503189,1503191,1067914
1503189,1503192,1067914
1503189,1503195,1067914
1503269,1503293,1067935
1503276,1503277,1067935
1503279,1503280,1067935
1503888,1503892,1068118
1503890,170785,1068118
1503928,1503930,1068125
1503929,170835,1068125
1503967,170892,1068127
1503968,170887,1068127
1503969,170899,1068127
1504052,170965,1068133
1504053,170960,1068133
770885,1504340,1068265
770889,1504339,1068265
771003,1504755,1068320
771007,1504751,1068320
1504813,171452,1068351
1504913,1504915,1068372
1504959,1504960,1068382
1504964,1504965,1068384
1504979,1504980,1068390
1505046,171568,1068415
1505089,1505091,1068427
1505095,171606,1068427
1505103,171650,1068427
1505108,1505109,1068427
1505150,171627,1068432
1505191,1505192,1068449
771180,1505279,1068480
771180,1505288,1068480
1505268,1505277,1068480
1505268,1505290,1068480
1505345,1505346,1068484
1505347,1505348,1068484
1505350,1505351,1068484
1505352,1505353,1068484
771211,1505388,1068488
771267,171903,1068545
771267,171904,1068545
771267,171905,1068545
771267,171906,1068545
1505996,1506001,1068566
1506019,171934,1068570
1506075,1506077,1068577
1506075,1506078,1068577
1506075,1506080,1068577
171976,1506131,1068581
171997,1506127,1068581
1506195,172021,1068612
1506195,172023,1068612
1506277,1506302,1068639
1506355,1506388,1068641
1506636,1506659,1068691
771778,1506986,1068731
771778,1506987,1068731
771778,1506991,1068731
1507086,173210,1068754
1507086,173212,1068754
1507142,1507143,1068765
173523,173579,1068798
173581,173586,1068798
173581,173592,1068798
173581,173596,1068798
173581,1507320,1068798
173581,1507383,1068798
173581,1507384,1068798
1507240,173572,1068798
1507240,1507352,1068798
1507259,1507269,1068798
1507259,1507284,1068798
1507259,1507287,1068798
1507259,1507293,1068798
1507259,1507306,1068798
1507259,1507307,1068798
1507259,1507310,1068798
1507259,1507311,1068798
1507259,1507314,1068798
1507259,1507315,1068798
1507259,1507317,1068798
1507259,1507318,1068798
1507259,1507321,1068798
1507259,1507323,1068798
1507259,1507327,1068798
1507259,1507329,1068798
1507259,1507332,1068798
1507259,1507334,1068798
1507259,1507337,1068798
1507259,1507340,1068798
1507259,1507343,1068798
1507259,1507378,1068798
1507259,1507380,1068798
1507356,173513,1068798
1507356,1507353,1068798
1507633,1507634,1068908
1507635,173680,1068908
1507635,173684,1068908
1507635,173686,1068908
1507635,173713,1068908
1507635,173715,1068908
1507635,173719,1068908
1507635,1507636,1068908
1507635,1507637,1068908
1507635,1507638,1068908
1507635,1507641,1068908
1507635,1507642,1068908
1507635,1507643,1068908
1507794,1507795,1068944
1507897,1507898,1068959
1508336,1508337,1069070
1508467,1508468,1069082
772734,1509267,1069171
1509507,1509508,1069211
1509517,1509518,1069211
1509659,1509660,1069238
1509661,1509662,1069238
1509663,1509664,1069238
1509667,1509668,1069238
175748,1509937,1069355
773122,1509928,1069355
1509894,1509897,1069366
1510035,1510020,1069402
1510040,1510019,1069402
773026,175671,1069418
773026,1510052,1069418
175807,175809,1069430
175836,1510152,1069430
175891,1510155,1069430
175909,1510157,1069430
773074,175907,1069430
773078,1510145,1069430
773087,175814,1069430
773133,175881,1069430
773148,1510129,1069430
1510090,1510091,1069434
175785,175796,1069439
1510316,1510321,1069465
1510317,1510319,1069465
1510466,1510469,1069488
1510544,1510545,1069494
176219,1510578,1069498
176221,176228,1069498
176250,1510556,1069498
176252,176257,1069498
1510560,1510561,1069498
1510563,1510564,1069498
1510566,1510575,1069498
1510642,1510653,1069506
176881,1511011,1069642
176881,1511025,1069642
176881,1511029,1069642
176881,1511033,1069642
176881,1511038,1069642
176881,1511044,1069642
1511363,1511364,1069711
1511366,1511367,1069711
1511402,1511403,1069727
1511405,1511406,1069727
1513010,1513020,1069895
1514330,1514331,1070008
1514455,1514456,1070062
1515066,1515067,1070264
178484,1515129,1070270
178617,178618,1070316
178617,178623,1070316
774333,1515588,1070334
1515356,178785,1070347
178798,1515393,1070357
1515403,178809,1070365
1515403,1515407,1070365
178832,1515448,1070379
178832,1515458,1070379
178832,1515460,1070379
178832,1515463,1070379
178832,1515466,1070379
178835,1515450,1070379
1515446,1515447,1070379
1515496,1515526,1070397
1515496,1515540,1070397
1515503,1515516,1070397
1515614,1515618,1070417
1515615,1515616,1070417
1515629,1515633,1070421
1515629,1515637,1070421
1515631,1515632,1070421
1515645,1515649,1070425
1515645,1515653,1070425
1515647,1515648,1070425
1515647,1515655,1070425
178992,1515712,1070447
178992,1515715,1070447
178992,1515718,1070447
1515895,179079,1070499
179158,1516081,1070524
179160,1516070,1070524
179162,1516071,1070524
774458,1516074,1070524
774458,1516075,1070524
774458,1516103,1070524
1516043,1516055,1070524
1516044,1516059,1070524
1516050,1516052,1070524
1516054,1516056,1070524
1516058,1516060,1070524
1516086,1516051,1070524
1516124,1516062,1070524
1516124,1516065,1070524
1516124,1516067,1070524
1516245,179292,1070556
1516245,179300,1070556
1516245,1516252,1070556
1516245,1516253,1070556
1516245,1516255,1070556
1516245,1516257,1070556
774550,1516294,1070571
1516376,179368,1070592
774640,1516716,1070598
774756,179973,1070735
774771,1516939,1070735
774797,1516938,1070735
774806,180099,1070735
775135,181045,1070956
1517977,181297,1071055
1518234,181493,1071093
182044,182072,1071197
1518772,1518773,1071233
1518774,1518775,1071233
1518801,1518802,1071237
1518803,1518804,1071237
1518829,1518830,1071244
1518831,1518832,1071244
1518860,1518861,1071248
1518862,1518863,1071248
775949,1519064,1071268
775949,1519070,1071268
775949,1519074,1071268
775949,1519077,1071268
775949,1519085,1071268
775949,1519091,1071268
775949,1519093,1071268
775949,1519098,1071268
775949,1519121,1071268
775949,1519124,1071268
775949,1519150,1071268
775951,1519099,1071268
775951,1519131,1071268
775951,1519147,1071268
775951,1519151,1071268
182440,1518983,1071281
1519028,1519029,1071284
1519030,1519031,1071284
182652,1519486,1071339
182673,1519554,1071361
1519541,1519543,1071361
1519544,1519545,1071361
1519544,1519546,1071361
1519544,1519548,1071361
1519653,1519654,1071384
1519684,1519685,1071389
1519870,1519872,1071439
1519982,183079,1071463
1519982,183137,1071463
1520166,1520168,1071527
1520188,1520190,1071539
183292,183300,1071611
776477,183439,1071688
1520779,1520771,1071688
776588,1520921,1071745
776588,1520923,1071745
776588,1520925,1071745
776588,1520927,1071745
776693,1521062,1071777
1521116,1521117,1071816
1521117,183857,1071816
1521118,1521119,1071816
1521119,183862,1071816
1521123,1521124,1071816
1521124,1521136,1071816
1521125,1521126,1071816
1521126,1521137,1071816
1521127,1521128,1071816
1521130,1521134,1071816
184107,1521405,1071841
1521419,1521396,1071841
1521419,1521397,1071841
1521421,1521389,1071841
1521421,1521393,1071841
1521422,1521388,1071841
1521422,1521392,1071841
1521427,1521380,1071841
1521427,1521381,1071841
1521428,1521374,1071841
1521428,1521378,1071841
1521429,1521373,1071841
1521429,1521377,1071841
184073,1521342,1071875
184073,1521345,1071875
1521659,1521660,1071898
1521674,1521675,1071903
1521930,184470,1071946
1522013,1522010,1071952
1521960,184478,1071959
1522068,1522082,1071967
777137,1522254,1071971
777143,1522264,1071971
777148,1522274,1071971
777117,184675,1071985
184820,1522449,1071993
184870,1522462,1071993
184834,184814,1072015
184834,1522499,1072015
184834,1522502,1072015
184834,1522517,1072015
184984,1522619,1072037
777490,185286,1072127
777687,1523307,1072250
777687,1523308,1072250
777687,1523309,1072250
777687,1523310,1072250
777687,1523311,1072250
777687,1523312,1072250
1523614,1523615,1072414
1523615,1523616,1072414
1523617,1523618,1072414
1523618,1523619,1072414
778121,186365,1072529
186570,186584,1072617
1524599,1524606,1072617
1524599,1524608,1072617
1524599,1524609,1072617
1524764,1524766,1072669
1524852,186924,1072702
1524852,186926,1072702
1525135,1525139,1072769
1525135,1525140,1072769
1525135,1525141,1072769
1525135,1525142,1072769
1525205,1525211,1072809
1525205,1525212,1072809
1525205,1525213,1072809
1525205,1525214,1072809
187288,1525333,1072843
187358,1525372,1072860
1525527,1525529,1072918
1525544,1525545,1072920
1525547,1525548,1072920
1525550,1525551,1072920
1525553,1525555,1072920
1525567,1525569,1072928
1525585,1525586,1072935
1525588,1525589,1072935
1525593,1525595,1072935
1525619,1525623,1072948
1525636,1525638,1072952
1525640,1525642,1072952
1525646,1525649,1072952
1525684,1525686,1072958
1525726,1525727,1072962
1525731,1525732,1072962
1525734,1525735,1072962
1525740,1525741,1072962
1525743,1525745,1072962
1525749,1525764,1072962
1525827,1525829,1072967
1525832,1525842,1072967
1525872,1525873,1072973
1525878,1525879,1072973
1525937,1525941,1073011
1525945,1525967,1073011
1526005,1526006,1073029
1526013,1526014,1073029
1526068,1526071,1073039
1526069,1526070,1073039
1526114,1526117,1073048
1526115,1526116,1073048
1526135,1526138,1073050
1526136,1526137,1073050
1526161,1526164,1073056
1526162,1526163,1073056
1526193,1526197,1073063
1526194,1526195,1073063
1526502,1526503,1073132
1526587,1526589,1073142
1526591,1526600,1073142
1526935,1526938,1073249
188706,1527227,1073362
779327,189083,1073431
779296,189049,1073448
189057,1527783,1073451
189057,1527784,1073451
189057,1527785,1073451
1528347,1528348,1073602
1528382,1528383,1073610
1528390,1528391,1073612
1529843,1529846,1073645
1529843,1529855,1073645
1529843,1529859,1073645
1529843,1529867,1073645
1529843,1529873,1073645
1529843,1529879,1073645
1529843,1529885,1073645
1529843,1529891,1073645
1530475,1530477,1073776
1530552,1530553,1073780
1530554,1530556,1073780
1530558,1530559,1073780
1530593,1530607,1073787
1530594,1530597,1073787
1530599,1530600,1073787
1530642,1530646,1073791
1530643,1530644,1073791
1530676,1530679,1073793
1530677,1530678,1073793
1530724,1530728,1073815
1530725,1530726,1073815
1530747,1530750,1073817
1530748,1530749,1073817
190757,1531249,1073904
190757,1531251,1073904
190757,1531253,1073904
190757,1531255,1073904
1531184,190543,1073931
191492,191500,1074074
780595,191531,1074090
1532032,1532033,1074099
1532032,1532035,1074099
1532032,1532036,1074099
1532032,1532037,1074099
1532259,1532260,1074155
1532259,1532261,1074155
1532259,1532262,1074155
1532259,1532263,1074155
1532376,1532377,1074198
1532395,1532396,1074205
1532660,1532661,1074239
1532662,1532664,1074239
1532490,1532492,1074244
1532490,1532493,1074244
1532490,1532494,1074244
1532490,1532495,1074244
1532504,1532505,1074249
1532506,1532507,1074249
1532513,1532514,1074249
1532516,1532517,1074249
1532519,191943,1074249
1532520,1532521,1074249
780875,1532562,1074251
780875,1532574,1074251
780875,1532575,1074251
1532615,1532616,1074256
1532617,1532618,1074256
1532619,1532620,1074256
1532622,1532644,1074256
1532623,1532624,1074256
1532625,1532626,1074256
1532627,1532628,1074256
1533078,1533079,1074353
1533114,192394,1074384
192543,1533254,1074461
192543,1533256,1074461
192543,1533259,1074461
781265,192627,1074490
1533547,1533548,1074624
192759,1533500,1074631
192759,1533502,1074631
192759,1533505,1074631
193350,1534214,1074886
193350,1534215,1074886
193350,1534216,1074886
193350,1534217,1074886
193350,1534218,1074886
193350,1534219,1074886
193350,1534220,1074886
193350,1534221,1074886
193350,1534222,1074886
193350,1534223,1074886
193350,1534224,1074886
193350,1534225,1074886
193350,1534226,1074886
193350,1534228,1074886
193350,1534229,1074886
193350,1534230,1074886
193350,1534231,1074886
193350,1534232,1074886
193350,1534233,1074886
193350,1534235,1074886
193350,1534236,1074886
193350,1534237,1074886
193350,1534238,1074886
193350,1534239,1074886
193350,1534240,1074886
193350,1534241,1074886
193350,1534242,1074886
193350,1534243,1074886
193350,1534244,1074886
193350,1534245,1074886
193350,1534246,1074886
193350,1534247,1074886
193350,1534256,1074886
193350,1534257,1074886
193350,1534261,1074886
193350,1534263,1074886
193350,1534265,1074886
193350,1534267,1074886
193350,1534269,1074886
781742,193429,1074886
781742,1534271,1074886
781756,193460,1074886
781756,1534272,1074886
1534376,1534378,1074930
1534376,1534379,1074930
1534376,1534380,1074930
1534376,1534381,1074930
1534376,1534382,1074930
1534376,1534383,1074930
1534376,1534384,1074930
1534376,1534385,1074930
1534376,1534387,1074930
1534376,1534388,1074930
1534376,1534389,1074930
1534376,1534390,1074930
1534376,1534391,1074930
1534376,1534392,1074930
1534376,1534393,1074930
1534433,1534434,1074942
1534433,1534435,1074942
1534433,1534436,1074942
1534433,1534438,1074942
1534433,1534439,1074942
1534433,1534440,1074942
1534433,1534441,1074942
1534503,1534505,1074951
1534503,1534506,1074951
1534503,1534508,1074951
1534503,1534510,1074951
1534503,1534512,1074951
1534503,1534514,1074951
1534503,1534516,1074951
1534503,1534519,1074951
1534503,1534521,1074951
1534503,1534524,1074951
1534503,1534525,1074951
1534503,1534527,1074951
1534503,1534529,1074951
1534503,1534530,1074951
1534503,1534531,1074951
1534503,1534533,1074951
1534503,1534535,1074951
1534503,1534537,1074951
1534503,1534544,1074951
1534503,1534558,1074951
1534503,1534561,1074951
1534503,1534567,1074951
1534503,1534573,1074951
1534503,1534586,1074951
1534503,1534587,1074951
1534681,1534682,1074977
1534681,1534684,1074977
1534681,1534686,1074977
1534681,1534687,1074977
193605,193607,1074989
193605,193611,1074989
193605,1534720,1074989
1534737,1534740,1075001
1534737,1534743,1075001
1534737,1534744,1075001
1534737,1534748,1075001
193719,1534822,1075013
193719,1534823,1075013
193719,1534825,1075013
193719,1534826,1075013
193719,1534828,1075013
193719,1534829,1075013
193719,1534837,1075013
193719,1534838,1075013
193719,1534839,1075013
193719,1534840,1075013
193719,1534841,1075013
193719,1534843,1075013
193719,1534844,1075013
193719,1534846,1075013
193719,1534847,1075013
193719,1534873,1075013
193755,1534963,1075036
193759,1534949,1075036
193759,1534950,1075036
193759,1534953,1075036
193759,1534956,1075036
193759,1534957,1075036
193759,1534958,1075036
193759,1534960,1075036
193759,1534961,1075036
193759,1534964,1075036
193759,1534968,1075036
193759,1534999,1075036
193759,1535001,1075036
193759,1535003,1075036
193759,1535005,1075036
193759,1535007,1075036
193885,1535094,1075053
193885,1535099,1075053
193885,1535142,1075053
193885,1535165,1075053
193888,1535091,1075053
193888,1535098,1075053
193888,1535113,1075053
193888,1535168,1075053
1535063,1535064,1075070
1535219,1535220,1075086
194046,1535301,1075101
194046,1535302,1075101
194046,1535303,1075101
194046,1535305,1075101
194046,1535306,1075101
194046,1535308,1075101
194046,1535309,1075101
194046,1535311,1075101
194046,1535312,1075101
194046,1535314,1075101
194046,1535315,1075101
194046,1535317,1075101
194046,1535319,1075101
194046,1535322,1075101
194046,1535323,1075101
194046,1535325,1075101
194046,1535326,1075101
194046,1535328,1075101
194046,1535329,1075101
194046,1535335,1075101
194046,1535337,1075101
194046,1535338,1075101
194046,1535339,1075101
194046,1535340,1075101
194046,1535342,1075101
194046,1535343,1075101
194046,1535344,1075101
194046,1535345,1075101
194046,1535346,1075101
194046,1535347,1075101
194046,1535348,1075101
194046,1535349,1075101
194046,1535357,1075101
194046,1535358,1075101
194046,1535378,1075101
194046,1535380,1075101
194046,1535382,1075101
194046,1535384,1075101
194046,1535386,1075101
782031,194093,1075101
782031,1535388,1075101
782048,194124,1075101
782048,1535389,1075101
1535280,1535281,1075103
1535697,1535698,1075112
1535699,1535700,1075112
1535703,1535704,1075112
1535705,1535706,1075112
1535710,1535711,1075112
1535712,1535713,1075112
1535719,1535720,1075112
1535721,1535722,1075112
1535725,1535726,1075112
1535727,1535728,1075112
1535731,1535732,1075112
1535733,1535734,1075112
1535738,1535739,1075112
1535740,1535741,1075112
1535747,1535748,1075112
1535749,1535750,1075112
1535752,1535753,1075112
1535758,1535759,1075112
1535766,1535767,1075112
1535768,1535769,1075112
1535772,1535773,1075112
1535774,1535775,1075112
1535779,1535780,1075112
1535781,1535782,1075112
1535788,1535789,1075112
1535790,1535791,1075112
1535458,1535459,1075131
1535458,1535460,1075131
1535458,1535461,1075131
1535458,1535462,1075131
1535458,1535463,1075131
1535458,1535465,1075131
1535458,1535467,1075131
1535458,1535468,1075131
1535458,1535470,1075131
1535458,1535473,1075131
1535458,1535474,1075131
1535458,1535476,1075131
1535458,1535478,1075131
1535458,1535479,1075131
1535458,1535480,1075131
1535522,1535523,1075139
1535522,1535524,1075139
1535522,1535525,1075139
1535522,1535527,1075139
1535522,1535530,1075139
1535522,1535532,1075139
1535522,1535535,1075139
1535572,1535573,1075147
1535572,1535576,1075147
1535572,1535578,1075147
1535572,1535581,1075147
1535572,1535584,1075147
1535572,1535586,1075147
1535572,1535588,1075147
1535572,1535591,1075147
1535572,1535594,1075147
1535572,1535596,1075147
1535572,1535599,1075147
1535572,1535602,1075147
1535572,1535605,1075147
1535572,1535607,1075147
1535572,1535608,1075147
1535572,1535609,1075147
1535572,1535612,1075147
1535572,1535614,1075147
1535572,1535615,1075147
1535572,1535618,1075147
1535572,1535622,1075147
1535572,1535626,1075147
1535572,1535628,1075147
1535572,1535660,1075147
1535572,1535666,1075147
1535840,1535841,1075160
1535840,1535843,1075160
1535840,1535846,1075160
1535840,1535848,1075160
194528,194530,1075166
194528,194536,1075166
194528,1535873,1075166
1535907,1535910,1075180
1535907,1535913,1075180
1535907,1535914,1075180
1535907,1535918,1075180
194598,1535942,1075186
194598,1535943,1075186
194598,1535946,1075186
194598,1535947,1075186
194598,1535950,1075186
194598,1535951,1075186
194598,1535960,1075186
194598,1535962,1075186
194598,1535963,1075186
194598,1535965,1075186
194598,1535966,1075186
194598,1535968,1075186
194598,1535969,1075186
194598,1535972,1075186
194598,1535973,1075186
194598,1535981,1075186
194613,1536055,1075200
194617,1536042,1075200
194617,1536043,1075200
194617,1536046,1075200
194617,1536049,1075200
194617,1536050,1075200
194617,1536051,1075200
194617,1536052,1075200
194617,1536053,1075200
194617,1536056,1075200
194617,1536058,1075200
194617,1536079,1075200
194617,1536081,1075200
194617,1536083,1075200
194617,1536085,1075200
194617,1536087,1075200
194682,1536106,1075215
194682,1536109,1075215
194682,1536130,1075215
194682,1536168,1075215
194685,1536103,1075215
194685,1536108,1075215
194685,1536121,1075215
194685,1536170,1075215
782361,194755,1075225
1536287,1536296,1075225
1536287,1536300,1075225
1536287,1536302,1075225
1536215,1536216,1075250
1536215,1536218,1075250
1536215,1536220,1075250
1536215,1536221,1075250
1536236,1536239,1075256
1536236,1536242,1075256
1536236,1536246,1075256
1536236,1536293,1075256
1536240,1536244,1075256
194742,1536381,1075270
194742,1536382,1075270
194742,1536383,1075270
194742,1536384,1075270
194742,1536385,1075270
194742,1536386,1075270
194742,1536387,1075270
194742,1536388,1075270
194742,1536389,1075270
194742,1536390,1075270
194742,1536391,1075270
194742,1536392,1075270
194742,1536393,1075270
194742,1536394,1075270
194742,1536397,1075270
194742,1536398,1075270
194742,1536399,1075270
194742,1536400,1075270
194742,1536401,1075270
194742,1536402,1075270
194742,1536403,1075270
194742,1536404,1075270
194742,1536405,1075270
194742,1536406,1075270
194742,1536407,1075270
194742,1536408,1075270
194742,1536409,1075270
194742,1536410,1075270
194742,1536411,1075270
194742,1536412,1075270
194742,1536413,1075270
194742,1536414,1075270
194742,1536415,1075270
194742,1536416,1075270
194742,1536417,1075270
194742,1536418,1075270
194742,1536419,1075270
194742,1536420,1075270
194742,1536421,1075270
194742,1536422,1075270
194742,1536423,1075270
194742,1536424,1075270
194742,1536425,1075270
194742,1536426,1075270
194742,1536427,1075270
194742,1536428,1075270
194742,1536429,1075270
194742,1536430,1075270
194742,1536431,1075270
194742,1536437,1075270
194742,1536438,1075270
194742,1536439,1075270
194742,1536440,1075270
194742,1536442,1075270
194742,1536443,1075270
194742,1536445,1075270
194742,1536502,1075270
194742,1536504,1075270
194742,1536506,1075270
194742,1536508,1075270
194742,1536510,1075270
1536605,1536606,1075309
1536605,1536608,1075309
1536605,1536610,1075309
1536605,1536611,1075309
1536636,1536638,1075322
1536636,1536641,1075322
1536636,1536644,1075322
1536636,1536676,1075322
1536639,1536643,1075322
194880,1536746,1075345
194880,1536747,1075345
194880,1536748,1075345
194880,1536749,1075345
194880,1536750,1075345
194880,1536751,1075345
194880,1536752,1075345
194880,1536754,1075345
194880,1536755,1075345
194880,1536756,1075345
194880,1536757,1075345
194880,1536758,1075345
194880,1536759,1075345
194880,1536760,1075345
194880,1536763,1075345
194880,1536764,1075345
194880,1536765,1075345
194880,1536766,1075345
194880,1536767,1075345
194880,1536768,1075345
194880,1536769,1075345
194880,1536770,1075345
194880,1536771,1075345
194880,1536772,1075345
194880,1536773,1075345
194880,1536774,1075345
194880,1536775,1075345
194880,1536776,1075345
194880,1536777,1075345
194880,1536779,1075345
194880,1536780,1075345
194880,1536781,1075345
194880,1536782,1075345
194880,1536783,1075345
194880,1536784,1075345
194880,1536785,1075345
194880,1536786,1075345
194880,1536787,1075345
194880,1536788,1075345
194880,1536789,1075345
194880,1536790,1075345
194880,1536791,1075345
194880,1536792,1075345
194880,1536793,1075345
194880,1536794,1075345
194880,1536795,1075345
194880,1536796,1075345
194880,1536797,1075345
194880,1536798,1075345
194880,1536804,1075345
194880,1536805,1075345
194880,1536806,1075345
194880,1536807,1075345
194880,1536810,1075345
194880,1536811,1075345
194880,1536813,1075345
194880,1536870,1075345
194880,1536872,1075345
194880,1536874,1075345
194880,1536876,1075345
194880,1536878,1075345
1536922,1536923,1075365
1536954,1536955,1075371
1536954,1536957,1075371
1536954,1536960,1075371
1536954,1536961,1075371
1537014,1537017,1075380
1537014,1537021,1075380
1537014,1537025,1075380
1537014,1537063,1075380
1537018,1537023,1075380
194954,194942,1075407
194954,1537106,1075407
194954,1537110,1075407
195020,1537221,1075430
195020,1537222,1075430
195020,1537223,1075430
195020,1537225,1075430
195020,1537226,1075430
195020,1537228,1075430
195020,1537229,1075430
195020,1537231,1075430
195020,1537232,1075430
195020,1537234,1075430
195020,1537235,1075430
195020,1537237,1075430
195020,1537239,1075430
195020,1537243,1075430
195020,1537244,1075430
195020,1537246,1075430
195020,1537247,1075430
195020,1537249,1075430
195020,1537250,1075430
195020,1537253,1075430
195020,1537255,1075430
195020,1537256,1075430
195020,1537257,1075430
195020,1537258,1075430
195020,1537260,1075430
195020,1537261,1075430
195020,1537262,1075430
195020,1537263,1075430
195020,1537264,1075430
195020,1537265,1075430
195020,1537266,1075430
195020,1537267,1075430
195020,1537275,1075430
195020,1537276,1075430
195020,1537298,1075430
195020,1537301,1075430
195020,1537305,1075430
195020,1537307,1075430
195020,1537309,1075430
782501,195068,1075430
782501,1537311,1075430
782503,195089,1075430
782503,1537312,1075430
1537328,1537329,1075446
1537338,1537339,1075448
1537412,1537413,1075454
1537493,1537494,1075468
1537493,1537495,1075468
1537493,1537496,1075468
1537493,1537497,1075468
1537493,1537498,1075468
1537493,1537500,1075468
1537493,1537502,1075468
1537493,1537503,1075468
1537493,1537505,1075468
1537493,1537508,1075468
1537493,1537509,1075468
1537493,1537511,1075468
1537493,1537513,1075468
1537493,1537514,1075468
1537493,1537515,1075468
195116,1537568,1075476
1537597,1537598,1075481
1537597,1537599,1075481
1537597,1537600,1075481
1537597,1537602,1075481
1537597,1537605,1075481
1537597,1537607,1075481
1537597,1537609,1075481
1537665,1537670,1075487
1537665,1537672,1075487
1537665,1537676,1075487
1537665,1537681,1075487
1537665,1537685,1075487
1537665,1537689,1075487
1537665,1537695,1075487
1537665,1537700,1075487
1537665,1537704,1075487
1537665,1537710,1075487
1537665,1537715,1075487
1537665,1537724,1075487
1537665,1537726,1075487
1537665,1537727,1075487
1537665,1537728,1075487
1537665,1537731,1075487
1537665,1537733,1075487
1537665,1537736,1075487
1537665,1537741,1075487
1537665,1537742,1075487
1537665,1537747,1075487
1537665,1537749,1075487
1537665,1537783,1075487
1537665,1537789,1075487
1537665,1537800,1075487
1537839,1537840,1075505
1537839,1537842,1075505
1537839,1537845,1075505
1537839,1537847,1075505
195236,195238,1075512
195236,195242,1075512
195236,1537896,1075512
1537918,1537921,1075516
1537918,1537924,1075516
1537918,1537925,1075516
1537918,1537929,1075516
195314,1537957,1075522
195314,1537958,1075522
195314,1537961,1075522
195314,1537962,1075522
195314,1537966,1075522
195314,1537967,1075522
195314,1537976,1075522
195314,1537979,1075522
195314,1537980,1075522
195314,1537982,1075522
195314,1537983,1075522
195314,1537985,1075522
195314,1537986,1075522
195314,1537989,1075522
195314,1537990,1075522
195314,1538004,1075522
195351,1538161,1075540
195357,1538148,1075540
195357,1538149,1075540
195357,1538152,1075540
195357,1538155,1075540
195357,1538156,1075540
195357,1538157,1075540
195357,1538158,1075540
195357,1538159,1075540
195357,1538162,1075540
195357,1538164,1075540
195357,1538195,1075540
195357,1538197,1075540
195357,1538199,1075540
195357,1538201,1075540
195357,1538203,1075540
1538213,1538214,1075565
1538228,1538229,1075567
1538234,1538240,1075567
1538236,1538246,1075567
195402,1538261,1075572
195402,1538264,1075572
195402,1538285,1075572
195402,1538324,1075572
195405,1538258,1075572
195405,1538263,1075572
195405,1538276,1075572
195405,1538326,1075572
1538351,1538352,1075585
1538357,1538360,1075587
1538362,1538364,1075587
1538366,1538367,1075587
1538379,1538383,1075591
1538385,1538387,1075591
1538389,1538390,1075591
195448,195428,1075597
195448,1538441,1075597
195448,1538445,1075597
195568,1538598,1075622
195568,1538599,1075622
195568,1538600,1075622
195568,1538602,1075622
195568,1538603,1075622
195568,1538605,1075622
195568,1538606,1075622
195568,1538608,1075622
195568,1538609,1075622
195568,1538611,1075622
195568,1538612,1075622
195568,1538614,1075622
195568,1538617,1075622
195568,1538620,1075622
195568,1538621,1075622
195568,1538623,1075622
195568,1538624,1075622
195568,1538626,1075622
195568,1538627,1075622
195568,1538630,1075622
195568,1538633,1075622
195568,1538634,1075622
195568,1538635,1075622
195568,1538636,1075622
195568,1538638,1075622
195568,1538639,1075622
195568,1538640,1075622
195568,1538641,1075622
195568,1538642,1075622
195568,1538643,1075622
195568,1538644,1075622
195568,1538645,1075622
195568,1538653,1075622
195568,1538654,1075622
195568,1538689,1075622
195568,1538693,1075622
195568,1538696,1075622
195568,1538699,1075622
195568,1538701,1075622
782763,195681,1075622
782763,1538703,1075622
782779,195705,1075622
782779,1538704,1075622
782741,195655,1075683
1538881,1538882,1075722
1538881,1538883,1075722
1538881,1538884,1075722
1538881,1538885,1075722
1538881,1538886,1075722
1538881,1538888,1075722
1538881,1538890,1075722
1538881,1538891,1075722
1538881,1538893,1075722
1538881,1538896,1075722
1538881,1538897,1075722
1538881,1538899,1075722
1538881,1538901,1075722
1538881,1538902,1075722
1538881,1538903,1075722
1538985,1538986,1075739
1538985,1538987,1075739
1538985,1538988,1075739
1538985,1538990,1075739
1538985,1538993,1075739
1538985,1538995,1075739
1538985,1538997,1075739
1539105,1539106,1075760
1539105,1539109,1075760
1539105,1539111,1075760
1539105,1539114,1075760
1539105,1539117,1075760
1539105,1539119,1075760
1539105,1539121,1075760
1539105,1539124,1075760
1539105,1539127,1075760
1539105,1539129,1075760
1539105,1539132,1075760
1539105,1539135,1075760
1539105,1539138,1075760
1539105,1539140,1075760
1539105,1539141,1075760
1539105,1539142,1075760
1539105,1539145,1075760
1539105,1539147,1075760
1539105,1539148,1075760
1539105,1539151,1075760
1539105,1539155,1075760
1539105,1539159,1075760
1539105,1539161,1075760
1539105,1539193,1075760
1539105,1539199,1075760
1539245,1539246,1075774
1539245,1539248,1075774
1539245,1539251,1075774
1539245,1539253,1075774
195915,195917,1075789
195915,195924,1075789
195915,1539298,1075789
1539313,1539316,1075793
1539313,1539319,1075793
1539313,1539320,1075793
1539313,1539324,1075793
195978,1539345,1075809
195978,1539346,1075809
195978,1539349,1075809
195978,1539350,1075809
195978,1539353,1075809
195978,1539354,1075809
195978,1539363,1075809
195978,1539365,1075809
195978,1539366,1075809
195978,1539368,1075809
195978,1539369,1075809
195978,1539371,1075809
195978,1539372,1075809
195978,1539375,1075809
195978,1539376,1075809
195978,1539384,1075809
195995,1539450,1075824
195999,1539437,1075824
195999,1539438,1075824
195999,1539441,1075824
195999,1539444,1075824
195999,1539445,1075824
195999,1539446,1075824
195999,1539447,1075824
195999,1539448,1075824
195999,1539451,1075824
195999,1539453,1075824
195999,1539474,1075824
195999,1539476,1075824
195999,1539478,1075824
195999,1539480,1075824
195999,1539482,1075824
196049,1539533,1075841
196049,1539536,1075841
196049,1539557,1075841
196049,1539595,1075841
196052,1539530,1075841
196052,1539535,1075841
196052,1539548,1075841
196052,1539597,1075841
196202,1539688,1075853
1539736,196210,1075879
1539736,1539741,1075879
1539744,196258,1075879
1539786,1539797,1075887
1539786,1539798,1075887
1539837,1539838,1075897
1539849,1539850,1075899
1539853,1539854,1075899
1540043,1540044,1075942
1540045,1540046,1075942
1540167,1540200,1076001
1540178,1540179,1076001
1540192,1540196,1076001
1540193,1540209,1076001
1540555,1540556,1076100
1540557,1540558,1076100
1540561,1540565,1076100
1540563,1540564,1076100
1540718,196897,1076124
1540718,1540753,1076124
1540709,1540710,1076132
1540847,1540849,1076164
1540859,1540860,1076169
196985,1540902,1076177
196989,1540933,1076182
1541445,1541446,1076344
1541448,1541451,1076344
1541453,1541456,1076344
1541467,1541470,1076344
1541474,1541478,1076344
1541482,1541485,1076344
1541488,1541491,1076344
1541494,1541497,1076344
1541503,1541505,1076344
1541512,1541514,1076344
783591,1541685,1076386
783591,1541687,1076386
1541770,1541771,1076400
1541773,1541775,1076400
1541777,1541779,1076400
1541781,1541783,1076400
1541785,1541787,1076400
1541790,1541792,1076400
1541794,1541796,1076400
1541804,1541805,1076400
1541807,1541808,1076400
1541957,1541960,1076436
1541962,1541965,1076436
199821,1542154,1076526
199821,1542158,1076526
199821,1542160,1076526
199821,1542162,1076526
199821,1542186,1076526
200077,1542416,1076580
200077,1542425,1076580
200077,1542428,1076580
200077,1542455,1076580
200077,1542458,1076580
200077,1542493,1076580
200077,1542498,1076580
1542748,200297,1076688
783998,1542820,1076725
1543042,200551,1076808
1543042,200591,1076808
1543044,1543055,1076808
1543050,200568,1076808
1543054,200609,1076808
784105,200692,1076811
1543074,1543075,1076811
200702,200700,1076822
1543625,1543628,1076934
1543671,200960,1076947
1543760,201165,1076994
1544047,1544048,1077096
1544125,1544126,1077109
1544220,1544221,1077118
1544224,1544225,1077118
1544248,1544249,1077120
1544265,1544266,1077122
1544285,1544286,1077124
1544295,1544296,1077129
1544313,1544315,1077131
1544328,1544329,1077133
1545026,1545027,1077356
1545032,1545033,1077358
1545039,1545040,1077360
1545042,1545043,1077362
1545047,1545048,1077364
1545084,1545085,1077366
1545087,1545088,1077368
1545094,1545095,1077372
1545098,1545099,1077374
1545105,1545107,1077376
1545107,1545108,1077376
1545110,1545111,1077381
1545115,1545116,1077383
1545118,1545119,1077385
1545123,1545124,1077387
1547043,1547046,1077530
1547043,1547048,1077530
1547043,1547050,1077530
1547043,1547052,1077530
1547113,202674,1077532
1547113,202680,1077532
1547194,1547196,1077560
1547211,1547212,1077564
1547591,1547595,1077707
1547591,1547598,1077707
1547591,1547603,1077707
1547591,1547608,1077707
1547628,1547631,1077717
1547628,1547634,1077717
785408,203623,1077799
203909,203905,1077813
203909,203911,1077813
1547986,1547988,1077826
1548046,203739,1077842
1548085,1548088,1077848
1548277,203993,1077881
1548277,1548282,1077881
1548277,1548283,1077881
1548330,204045,1077890
1548351,204129,1077894
1548420,204197,1077910
1548420,1548429,1077910
1548420,1548431,1077910
1548446,1548453,1077915
1548446,1548456,1077915
1548446,1548458,1077915
1548475,204226,1077920
1548475,204227,1077920
1548475,1548485,1077920
785645,1548526,1077934
785645,1548527,1077934
785645,1548531,1077934
785645,1548535,1077934
1548538,1548542,1077934
1548538,1548546,1077934
1548540,204300,1077934
1548540,1548541,1077934
1548540,1548543,1077934
1548544,1548547,1077934
1548521,204283,1077940
1548739,1548743,1077985
1548747,1548751,1077988
1548761,204435,1077993
1548761,204440,1077993
1548761,1548766,1077993
1548799,204466,1077995
1549913,205259,1078348
1549915,205263,1078348
786031,1549932,1078351
1549950,205278,1078361
1549953,1549954,1078361
786045,1549969,1078364
1549970,205290,1078364
1550056,1550059,1078384
1550233,1550234,1078441
1550235,1550236,1078441
1550238,1550239,1078441
1550242,1550243,1078441
1550244,1550245,1078441
1550247,1550248,1078441
1550261,1550242,1078441
1550478,205982,1078513
1550497,206008,1078515
1550509,206022,1078517
1550530,206041,1078523
1550536,206047,1078527
786484,1550570,1078561
1550588,1550591,1078620
1550588,1550594,1078620
1550589,1550590,1078620
1550589,1550593,1078620
1550604,1550606,1078629
1550604,1550612,1078629
206542,206540,1078736
206542,1550788,1078736
206566,206579,1078736
206566,206586,1078736
206566,1550779,1078736
206566,1550782,1078736
206566,1550784,1078736
206566,1550785,1078736
1550850,1550855,1078746
1550831,1550833,1078748
1550831,1550835,1078748
206669,206666,1078780
206669,206667,1078780
206673,206686,1078780
206673,206687,1078780
206673,206699,1078780
206673,206700,1078780
206673,1550951,1078780
206673,1550953,1078780
1551109,1551110,1078875
1551145,1551146,1078888
1551182,1551183,1078901
1551271,1551272,1078916
1551295,1551296,1078921
1551377,1551378,1078931
1551443,206987,1078944
1551623,207003,1078964
1552006,1552007,1078977
786826,207092,1078991
786826,1551979,1078991
786826,1551980,1078991
786826,1551981,1078991
786826,1551982,1078991
786826,1551984,1078991
1552025,1552026,1079003
1552028,1552029,1079003
1552031,1552032,1079003
1552034,1552035,1079003
1552037,1552039,1079003
1552042,1552044,1079003
1552047,1552049,1079003
1552052,1552054,1079003
207154,207166,1079008
1552295,207545,1079138
1552296,207546,1079138
1552313,207567,1079143
1552314,207568,1079143
1552350,207581,1079154
1552351,207582,1079154
1552372,207609,1079162
1552373,207610,1079162
1552614,207752,1079277
1552614,1552619,1079277
1552905,1552906,1079385
1552905,1552909,1079385
1552936,1552937,1079396
1552939,1552940,1079396
208141,1553008,1079406
208141,1553010,1079406
208141,1553016,1079406
208141,1553018,1079406
208141,1553023,1079406
208153,1553011,1079406
208153,1553013,1079406
208153,1553019,1079406
1552997,1553007,1079406
1552997,1553074,1079406
1552997,1553080,1079406
1553004,208143,1079406
1553004,208151,1079406
1553004,208154,1079406
1553004,208204,1079406
1553004,1553052,1079406
1553004,1553061,1079406
1552963,1552967,1079413
787132,1552992,1079419
787132,1552994,1079419
1552992,208134,1079419
1552994,208128,1079419
1553101,208179,1079425
1553102,1553103,1079425
1553134,208206,1079432
1553168,208248,1079446
1553182,208260,1079451
1553193,208269,1079453
1553222,208296,1079457
1553278,208327,1079474
1553279,208328,1079474
1553396,208420,1079512
1553419,1553420,1079516
1553434,208457,1079522
1553462,1553476,1079530
1553519,208531,1079553
1553578,1553581,1079569
1553609,208579,1079579
1553626,208599,1079586
1553648,208635,1079605
1553665,208665,1079641
208739,208793,1079665
208782,1553732,1079673
208782,1553733,1079673
208782,1553734,1079673
208782,1553740,1079673
208782,1553741,1079673
208782,1553760,1079673
1553730,1553752,1079673
1553730,1553753,1079673
1553730,1553754,1079673
1553730,1553770,1079673
208945,1553887,1079743
208945,1553889,1079743
208945,1553890,1079743
208945,1553898,1079743
208945,1553911,1079743
1553884,1553908,1079743
1553884,1553909,1079743
1553884,1553910,1079743
1553884,1553920,1079743
209208,209199,1079835
209208,1554110,1079835
209208,1554111,1079835
209208,1554112,1079835
209208,1554128,1079835
1554109,1554137,1079835
1554109,1554138,1079835
1554109,1554139,1079835
1554109,1554177,1079835
209246,209250,1079909
209247,209251,1079909
209268,209272,1079916
209269,209273,1079916
209304,209308,1079923
209305,209309,1079923
1554364,209357,1079937
209326,209330,1079947
209327,209331,1079947
209353,209359,1079961
209354,209360,1079961
209386,209393,1079964
209387,209394,1079964
209413,209419,1079985
209414,209420,1079985
209445,209449,1080003
209446,209450,1080003
209461,209467,1080016
209462,209468,1080016
209497,209504,1080019
209498,209505,1080019
209519,209525,1080033
209520,209526,1080033
1554561,209532,1080038
1554561,209534,1080038
1554561,209551,1080038
1554561,209553,1080038
209574,209582,1080050
209575,209583,1080050
209594,209598,1080067
209595,209599,1080067
209949,209927,1080074
209615,209621,1080078
209616,209622,1080078
1554651,1554652,1080087
209634,209639,1080089
209635,209640,1080089
209660,209664,1080100
209661,209665,1080100
209677,209683,1080112
209678,209684,1080112
209703,209707,1080115
209704,209708,1080115
209718,209722,1080126
209719,209723,1080126
209736,209740,1080132
209737,209741,1080132
209749,209753,1080139
209750,209754,1080139
209773,209777,1080142
209774,209778,1080142
209787,209791,1080149
209788,209792,1080149
209805,209809,1080152
209806,209810,1080152
1554753,1554758,1080159
1554754,209815,1080159
1554769,1554773,1080162
1554770,209828,1080162
1554785,209835,1080169
1554786,209836,1080169
1554797,209851,1080173
1554798,209852,1080173
1554940,1554942,1080214
1555101,210194,1080289
1555110,210188,1080289
1555113,210134,1080294
1555114,210136,1080294
1555134,210172,1080297
1555135,210173,1080297
1555154,210200,1080312
1555155,210201,1080312
1555168,210251,1080319
1555169,210252,1080319
1555217,210334,1080341
1555274,210366,1080370
1555337,1555343,1080387
1555338,1555339,1080387
1555339,210409,1080387
1555340,1555341,1080387
1555341,210412,1080387
1555341,210413,1080387
1555341,210421,1080387
1555341,210422,1080387
1555343,210404,1080387
1555306,210394,1080391
1555447,1555449,1080442
1555462,1555463,1080442
1555467,1555469,1080442
210829,210846,1080480
210829,210893,1080480
210829,1555653,1080480
210829,1555655,1080480
210829,1555661,1080480
210829,1555664,1080480
788223,1555813,1080555
788234,1555841,1080557
1556023,1556028,1080649
1556233,1556234,1080701
1556237,1556241,1080701
211275,1556293,1080728
1556297,1556298,1080728
1556300,1556301,1080728
1556302,1556303,1080728
1556371,1556372,1080743
1556375,1556376,1080743
1556380,211447,1080743
1556382,211448,1080743
1556386,1556388,1080743
1556619,1556627,1080824
1556622,211521,1080824
1556731,1556732,1080877
1556737,1556738,1080877
788702,1556773,1080890
788702,1556775,1080890
211941,1556875,1080894
211954,1556857,1080894
211997,1556839,1080894
788812,1556855,1080894
788826,1556840,1080894
1556841,1556842,1080894
1556843,1556844,1080894
1556880,1556862,1080894
1556880,1556877,1080894
1556881,1556860,1080894
1556885,1556866,1080894
1556885,1556882,1080894
1556886,1556868,1080894
1556964,1556854,1080894
1556973,1556867,1080894
1557092,211866,1080940
1557092,211873,1080940
1557092,211874,1080940
1557092,1557101,1080940
1557092,1557103,1080940
788816,211974,1080969
789044,1557537,1081014
1557417,1557418,1081014
1557421,1557422,1081014
1557424,1557434,1081014
1557425,1557435,1081014
1557426,1557427,1081014
1557431,1557432,1081014
1557438,1557441,1081014
1557439,1557440,1081014
1557445,1557448,1081014
1557446,1557447,1081014
1557451,1557455,1081014
1557453,1557454,1081014
1557461,1557464,1081014
1557462,1557463,1081014
1557476,212252,1081014
1557477,212253,1081014
1557512,1557430,1081014
1557520,1557428,1081014
1557515,212228,1081060
1557554,212236,1081071
789448,212962,1081407
1558989,1558991,1081416
1559116,1559117,1081446
1559173,1559175,1081474
1559267,1559268,1081494
1559270,1559271,1081494
1559274,1559275,1081494
789635,213321,1081508
789652,213359,1081512
1559550,1559551,1081576
1559553,1559554,1081578
1559560,1559561,1081580
1559592,1559593,1081584
1559902,213804,1081727
1559926,213851,1081747
1559926,213852,1081747
1559926,213853,1081747
1559926,213854,1081747
213972,214029,1081769
213972,1560063,1081769
214147,214193,1081812
214147,214197,1081812
1560283,1560284,1081873
1560294,1560307,1081875
1560573,1560580,1082083
1560573,1560582,1082083
1560573,1560583,1082083
1560837,1560838,1082142
1561372,1561373,1082245
791080,1561759,1082364
1561844,1561846,1082394
1561969,1561975,1082397
1561976,1561977,1082397
1561979,1561981,1082397
1561982,1561983,1082397
1561984,215817,1082397
1561985,215829,1082397
1561986,215844,1082397
1561987,215856,1082397
1562033,215697,1082439
1562040,1562041,1082439
1562456,1562457,1082538
1562488,1562501,1082550
1562488,1562511,1082550
216782,1563734,1082796
1564159,1564161,1082931
1564745,1564753,1083158
1564745,1564756,1083158
1564745,1564758,1083158
1564745,1564768,1083158
1564745,1564771,1083158
1564761,1564762,1083158
1564765,1564766,1083158
1564784,1564785,1083158
1564916,1564917,1083180
1564917,1564950,1083180
1564939,1564940,1083180
1564940,1564994,1083180
1564959,1564960,1083180
1564960,1564990,1083180
1565004,1565006,1083197
1565006,1565007,1083197
217750,1565105,1083211
792322,1565808,1083284
792322,1565813,1083284
792480,218386,1083366
218471,1566112,1083377
218471,1566119,1083377
1566114,1566116,1083377
1566121,1566122,1083377
792573,1566246,1083422
792618,1566356,1083458
792618,1566359,1083458
792625,218710,1083458
792625,218722,1083458
792625,1566370,1083458
1566458,218779,1083498
1566609,1566612,1083544
792739,1566651,1083562
792739,1566653,1083562
1566739,1566740,1083602
1566746,1566747,1083602
1566900,1566902,1083633
1567241,1567242,1083666
1567245,1567244,1083666
1567250,1567245,1083666
219922,219911,1083791
219922,219915,1083791
219922,219916,1083791
1567763,1567765,1083842
220360,220353,1083868
220575,220564,1083868
1568027,1568028,1083883
1568067,1568068,1083886
1568069,1568070,1083886
793165,1568085,1083888
793165,1568087,1083888
793165,1568092,1083888
220571,1568194,1083895
220573,1568203,1083895
793252,220625,1083895
793489,221208,1083979
793522,221254,1083979
793695,221524,1084003
793697,221526,1084003
793708,221547,1084003
793711,221549,1084003
1568977,1568948,1084003
1568883,1568890,1084011
1568883,1568892,1084011
1568883,1568894,1084011
1568912,1568914,1084015
1568912,1568916,1084015
793567,221294,1084022
793567,221296,1084022
793603,221365,1084027
793620,221395,1084031
221412,221414,1084033
221412,221415,1084033
221412,221419,1084033
221412,221420,1084033
221412,221432,1084033
221412,221433,1084033
221412,221435,1084033
221412,221436,1084033
221412,221437,1084033
221412,221438,1084033
221412,221439,1084033
221412,221440,1084033
221412,1569092,1084033
221412,1569096,1084033
221412,1569100,1084033
221412,1569101,1084033
221412,1569105,1084033
221412,1569106,1084033
221412,1569107,1084033
221412,1569111,1084033
1569163,1569169,1084042
1569163,1569173,1084042
1569163,1569174,1084042
1569163,1569177,1084042
1569163,1569179,1084042
1569163,1569180,1084042
1569248,1569290,1084051
1569248,1569294,1084051
1569248,1569298,1084051
1569248,1569303,1084051
1569248,1569308,1084051
1569259,1569288,1084051
794037,222330,1084180
794039,222332,1084180
794046,222340,1084180
794048,222342,1084180
1570023,1569999,1084180
794207,222621,1084382
1570342,1570345,1084399
222702,222692,1084410
222702,1570384,1084410
794247,1570379,1084410
794247,1570385,1084410
1570385,1570386,1084410
222746,222738,1084427
222746,1570453,1084427
794267,1570454,1084427
1570454,1570455,1084427
794263,1570440,1084437
1570611,222807,1084498
1570816,1570819,1084602
1570820,1570821,1084602
1570822,1570823,1084602
1570824,222970,1084602
1570827,1570829,1084602
794493,223321,1084666
1571085,1571086,1084666
1571284,223306,1084679
1571078,1571079,1084688
1571083,1571084,1084690
1571097,1571098,1084692
1571174,1571175,1084698
794587,1571417,1084729
1571772,223713,1084840
1572040,223863,1084936
1572123,1572124,1084975
1572123,1572125,1084975
1572123,1572126,1084975
1572123,1572127,1084975
1572123,1572128,1084975
1572123,1572129,1084975
1572123,1572130,1084975
1572123,1572131,1084975
1572123,1572132,1084975
1572123,1572133,1084975
1572123,1572134,1084975
1572123,1572136,1084975
1572123,1572138,1084975
1572123,1572139,1084975
1572123,1572141,1084975
1572123,1572143,1084975
1572123,1572144,1084975
1572123,1572146,1084975
1572123,1572148,1084975
1572196,1572197,1084986
1572196,1572198,1084986
1572196,1572199,1084986
1572196,1572200,1084986
1572196,1572201,1084986
1572196,1572202,1084986
1572196,1572203,1084986
1572196,1572204,1084986
1572196,1572205,1084986
1572196,1572206,1084986
1572196,1572207,1084986
1572196,1572208,1084986
1572196,1572210,1084986
1572196,1572212,1084986
1572196,1572213,1084986
1572196,1572215,1084986
1572196,1572217,1084986
1572196,1572218,1084986
1572196,1572220,1084986
1572196,1572224,1084986
1572196,1572225,1084986
1572196,1572227,1084986
1572196,1572230,1084986
1572196,1572233,1084986
1572196,1572236,1084986
1572196,1572239,1084986
1572587,224563,1085061
224992,224977,1085213
1573286,225271,1085278
225405,225387,1085301
1573399,1573403,1085308
795569,225436,1085374
795569,225458,1085374
795569,225462,1085374
1573692,225703,1085436
1573870,225844,1085454
1573938,1573939,1085477
1574073,1574074,1085511
1574102,1574103,1085549
1574171,1574172,1085569
796219,1574848,1085723
796219,1574852,1085723
1575087,1575088,1085804
796382,226898,1085887
1575974,1575977,1086095
1575975,1575976,1086095
227833,227830,1086275
227833,227853,1086275
227833,1576433,1086275
227833,1576436,1086275
227929,1576563,1086306
228023,1576636,1086324
228023,1576644,1086324
228135,1576755,1086366
228135,1576756,1086366
228135,1576757,1086366
228135,1576758,1086366
228135,1576759,1086366
228135,1576760,1086366
1576915,228292,1086412
228419,1577041,1086442
228419,1577047,1086442
1577180,1577181,1086490
1577631,228749,1086582
1577979,1577980,1086763
1578110,228978,1086799
1578034,1578045,1086805
1578037,1578048,1086805
1578089,1578101,1086823
1578092,1578093,1086823
1578094,1578105,1086823
229380,229379,1087012
229380,1578413,1087012
229380,1578417,1087012
229380,1578420,1087012
1578425,229360,1087012
1578425,1578432,1087012
1578715,229614,1087129
1578724,229623,1087133
1579193,1579194,1087437
1579195,1579196,1087437
1579205,1579206,1087439
1579228,1579229,1087444
1579230,1579231,1087444
1579232,1579233,1087444
1579621,1579624,1087709
798175,1579773,1087719
798175,1579784,1087719
1579792,1579794,1087742
1579808,1579809,1087748
1579828,1579829,1087751
230951,1579891,1087766
230951,1579892,1087766
798241,230979,1087780
1580094,231044,1087869
1580280,1580281,1087974
1580295,231127,1087974
1580316,231139,1087981
1580322,1580323,1087981
1580407,1580411,1088010
1580413,1580417,1088010
231307,231305,1088014
798452,1581528,1088124
798454,1581581,1088126
798527,1581948,1088145
798539,1582039,1088147
1583522,1583523,1088278
1583523,1583524,1088278
1583684,1583686,1088341
231815,231788,1088349
1583894,1583898,1088359
1583975,1583978,1088362
1583975,1583981,1088362
1584279,1584280,1088437
1584282,1584283,1088437
1584284,1584285,1088437
1584286,1584287,1088437
798805,1584508,1088497
798807,1584513,1088497
798809,1584514,1088497
798815,1584520,1088497
798817,1584521,1088497
798822,1584526,1088497
798828,1584527,1088497
798830,1584530,1088497
798851,1584458,1088497
1584431,232164,1088497
1584437,232352,1088497
1584438,232353,1088497
1584458,232265,1088497
1584484,232158,1088497
232514,1584905,1088606
1584906,1584907,1088606
1584909,1584910,1088606
1584913,232501,1088606
1584916,1584917,1088606
1584918,1584919,1088606
1584923,1584961,1088606
1584924,1584925,1088606
1584926,1584927,1088606
799001,232625,1088665
1585105,232660,1088670
1585105,1585127,1088670
799112,232814,1088715
1585334,1585337,1088723
1585345,232840,1088726
1585345,1585353,1088726
799131,232851,1088730
1585440,1585442,1088744
1585442,232887,1088744
232929,232932,1088750
232929,232934,1088750
232929,1585463,1088750
232945,232948,1088750
232945,232952,1088750
232945,1585460,1088750
232958,232962,1088750
232958,232970,1088750
232958,1585457,1088750
799162,232929,1088750
799162,232945,1088750
799162,232958,1088750
1585518,1585474,1088750
1586223,233433,1088829
1586300,233350,1088829
799263,233192,1088848
1585889,233207,1088848
1585889,1585900,1088848
1585889,1585906,1088848
1585896,1585897,1088848
1585897,233206,1088848
1585898,1585899,1088848
1585901,1585902,1088848
1585904,1585905,1088848
1585975,1585984,1088868
1586007,1586013,1088872
1586026,1586033,1088876
1586099,233276,1088890
1586108,1586116,1088899
1586134,1586149,1088913
1586561,1586568,1088979
1586589,1586596,1088985
1586607,1586613,1088987
1586650,1586663,1088992
1586705,1586712,1088999
1586723,1586730,1089003
1586746,1586755,1089006
1586783,1586798,1089021
1586903,1586916,1089112
1586955,1586968,1089117
1587000,233812,1089130
1587145,1587154,1089152
1587346,234021,1089179
1587346,1587360,1089179
1587443,234060,1089195
1587444,1587451,1089195
1588317,1588318,1089574
1588321,1588322,1089574
1588325,1588326,1089574
1588329,1588330,1089574
1588401,1588402,1089592
1588403,1588409,1089592
1588420,1588424,1089592
1588567,1588569,1089611
1588630,1588631,1089620
1588633,1588634,1089620
1588736,1588737,1089634
1588739,1588740,1089634
1588813,1588814,1089661
1588820,1588821,1089661
1588952,1588953,1089692
1588955,1588956,1089692
1589051,1589065,1089711
1589062,1589064,1089711
1589153,1589154,1089735
1589157,1589158,1089735
1589162,1589163,1089735
1589166,1589167,1089735
1589189,1589204,1089739
1589201,1589202,1089739
235102,1589287,1089748
1589281,1589282,1089748
1589358,1589359,1089767
1589358,1589364,1089767
1589358,1589368,1089767
1589358,1589371,1089767
1589358,1589374,1089767
1589403,1589362,1089767
1589434,1589435,1089772
1589436,1589438,1089772
1589798,1589795,1089873
1589819,1589816,1089880
1589969,1589971,1089971
1589969,1589972,1089971
1589992,1589994,1089987
1589992,1589997,1089987
1589992,1590001,1089987
1590144,1590148,1090074
1590144,1590150,1090074
236007,236005,1090201
236049,1591029,1090205
236049,1591032,1090205
236049,1591036,1090205
236049,1591042,1090205
236049,1591048,1090205
236049,1591054,1090205
236049,1591060,1090205
236049,1591067,1090205
800651,1591269,1090216
800668,1591273,1090216
1591551,236198,1090220
800993,236844,1090399
800993,1592249,1090399
800993,1592250,1090399
800993,1592251,1090399
800993,1592252,1090399
1592938,237378,1090605
801342,237413,1090613
801342,1592966,1090613
801342,1592980,1090613
801342,1592981,1090613
237567,1593292,1090696
237567,1593294,1090696
1593770,1593772,1090766
1593800,1593801,1090773
1593805,1593807,1090775
1593817,1593819,1090777
1593845,1593847,1090789
1593861,1593863,1090795
1593921,1593922,1090805
1594044,238048,1090829
1594205,238135,1090884
1594238,1594239,1090892
1594242,1594243,1090892
1594251,1594252,1090892
1594257,1594258,1090892
1594265,1594266,1090892
1594271,1594272,1090892
1594306,1594309,1090896
1594667,1594668,1090977
1594693,1594694,1090979
1594751,1594752,1090991
1594996,238597,1091051
1595025,1595026,1091061
1595025,1595030,1091061
1595031,238614,1091061
1595054,1595067,1091065
1595102,1595103,1091080
1595102,1595109,1091080
1595106,1595107,1091080
1595147,238645,1091089
1595148,238646,1091089
1595150,1595151,1091089
1595152,1595153,1091089
238656,1595166,1091091
1595199,238699,1091094
1595200,238702,1091094
1595202,1595203,1091094
1595190,1595192,1091097
1595193,238686,1091097
1595262,1595263,1091114
238763,238772,1091119
1595275,238767,1091119
1595277,238764,1091119
1595283,1595285,1091119
1595284,1595288,1091124
1595337,1595343,1091132
1595340,1595342,1091132
1595364,1595365,1091137
1595396,1595401,1091147
1595397,1595398,1091147
1595399,238825,1091147
1595474,238909,1091159
1595477,1595478,1091159
1595479,238870,1091159
1595480,1595482,1091159
1595492,1595493,1091159
1595494,1595495,1091159
239138,1596325,1091246
802317,1596421,1091262
802317,1596423,1091262
1596915,1596916,1091417
1596981,1596983,1091431
1597128,1597109,1091493
1597262,1597247,1091623
1597500,240242,1091768
1597500,240260,1091768
1597500,240269,1091768
1598448,1598450,1092017
1598448,1598451,1092017
1598448,1598452,1092017
1598448,1598453,1092017
1598448,1598456,1092017
1598448,1598460,1092017
1598448,1598463,1092017
1598448,1598464,1092017
1598448,1598475,1092017
1598448,1598476,1092017
1598448,1598477,1092017
1598448,1598487,1092017
1598448,1598488,1092017
240863,1598555,1092052
1599436,1599452,1092317
1599523,1599526,1092330
1599525,1599541,1092330
1599847,1599848,1092479
1599859,1599863,1092479
1599903,1599904,1092506
1599938,1599939,1092520
1599941,1599942,1092520
1599990,1599991,1092531
1600029,1600040,1092554
1600036,1600037,1092554
1600147,1600154,1092568
803864,242128,1092590
1600229,1600230,1092592
242302,1600404,1092622
803924,1600411,1092622
1600383,1600403,1092622
1600385,1600409,1092622
1600387,1600402,1092622
1600389,1600407,1092622
1600640,1600643,1092687
804033,1600728,1092729
804033,1600730,1092729
804033,1600731,1092729
804033,1600736,1092729
1600902,242704,1092804
1600947,242717,1092813
243020,243009,1092893
804269,1601347,1092907
804269,1601354,1092907
804269,1601355,1092907
804269,1601360,1092907
1601338,1601365,1092907
1601338,1601368,1092907
1601341,243105,1092907
1601341,1601346,1092907
243150,243116,1092916
243190,243166,1092928
1601844,1601845,1093015
1601845,243509,1093015
1601846,1601847,1093015
1601847,243500,1093015
1601848,1601849,1093015
1601849,243478,1093015
1601850,1601851,1093015
1601851,243493,1093015
1601852,1601853,1093015
1601853,243470,1093015
1601855,1601856,1093015
1601856,243475,1093015
1602349,243764,1093204
1602631,244047,1093304
244094,244073,1093312
244094,244079,1093312
244094,244089,1093312
244094,244090,1093312
1603600,1603601,1093560
1604905,1604906,1093686
805833,247643,1093827
1606511,248976,1093942
1606511,248984,1093942
1606511,248989,1093942
806384,1606680,1093995
806384,1606681,1093995
806702,1607200,1094114
806702,1607201,1094114
806702,1607202,1094114
806702,1607203,1094114
1607244,1607248,1094120
1607312,1607313,1094130
1607337,1607338,1094133
1607367,1607368,1094144
1607378,1607380,1094146
1607404,1607405,1094154
1607441,1607442,1094169
1607527,1607528,1094186
1607778,1607780,1094250
1607889,1607890,1094286
250879,1608087,1094364
1608120,250903,1094376
1608121,1608122,1094376
1608162,1608164,1094387
1608184,1608186,1094391
1608185,250961,1094391
1608268,251016,1094397
251109,1608407,1094435
251109,1608408,1094435
251109,1608409,1094435
251109,1608410,1094435
251109,1608411,1094435
251109,1608412,1094435
807192,251165,1094446
807192,251197,1094446
807192,251198,1094446
807192,251199,1094446
807192,1608430,1094446
807192,1608431,1094446
807192,1608435,1094446
807192,1608436,1094446
1608599,1608600,1094493
1608635,1608636,1094505
1608672,1608673,1094519
1608755,1608756,1094537
1608853,251680,1094556
1608855,1608856,1094556
1608858,1608883,1094556
1608979,1608980,1094578
1609008,1609009,1094583
1609028,1609035,1094586
1609036,1609037,1094586
1609179,1609180,1094599
1609181,1609182,1094599
1609282,1609283,1094606
1609284,1609285,1094606
1609336,1609337,1094619
1609338,1609339,1094619
1609400,1609401,1094631
1609402,1609403,1094631
1609456,251949,1094643
1609462,1609465,1094643
1609466,1609469,1094643
1609506,1609507,1094657
1609509,1609512,1094657
1609510,1609511,1094657
1609513,1609515,1094657
1609558,1609559,1094669
1609561,1609563,1094669
1609564,1609565,1094669
1609566,1609567,1094669
1609688,1609689,1094689
1609692,1609693,1094689
1609694,1609696,1094689
1609749,1609750,1094706
1609752,1609754,1094706
1609755,1609756,1094706
1609757,1609758,1094706
253363,1610880,1094824
253556,1610836,1094824
253556,1610837,1094824
253569,1610828,1094824
253569,1610829,1094824
253591,1610821,1094824
253591,1610822,1094824
253609,1610815,1094824
253609,1610816,1094824
808102,1610877,1094824
1610863,253439,1094824
1610890,1611090,1094824
1610935,1610897,1094824
1610935,1610901,1094824
1610935,1610908,1094824
1610943,1610889,1094824
1610751,1610763,1094928
1610756,252993,1094928
1610759,252996,1094928
253214,1611630,1095035
253214,1611632,1095035
253214,1611634,1095035
1611791,1611792,1095046
1611794,1611795,1095046
1611797,1611798,1095046
1611799,1611800,1095046
1611801,1611802,1095046
1611803,253338,1095046
1611808,1611809,1095046
1611810,253325,1095046
1611817,1611818,1095046
1611831,1611833,1095055
1611868,1611869,1095058
1611871,1611872,1095058
1611874,1611875,1095058
1611877,1611880,1095058
1611919,1612052,1095067
1611950,1611951,1095067
1611955,1611956,1095067
1611960,1611961,1095067
1611965,1611966,1095067
1611970,1611971,1095067
1611975,1611976,1095067
1611982,1612045,1095067
1612013,1612014,1095067
1612018,1612019,1095067
1612024,1612025,1095067
1612029,1612030,1095067
1612033,1612034,1095067
1612035,1612036,1095067
1611897,1611898,1095069
1611899,1611902,1095069
1611900,253452,1095069
1612087,1612088,1095075
1612093,1612094,1095075
1612115,1612116,1095079
1612120,1612121,1095079
1612334,1612341,1095144
1612406,1612407,1095168
1612412,253897,1095168
1612412,1612408,1095168
1612412,1612410,1095168
1612422,1612423,1095170
1612431,253923,1095170
1612431,1612424,1095170
1612431,1612426,1095170
1612601,1612602,1095218
1612614,1612616,1095224
1612845,254464,1095280
1612851,254500,1095280
254538,1613006,1095315
254552,1613005,1095315
808762,1613299,1095399
808762,1613302,1095399
1613458,254923,1095470
808969,255271,1095535
1613965,1613966,1095537
1613969,1613970,1095537
1614229,1614231,1095641
256036,256021,1095880
256036,256025,1095880
256036,256031,1095880
256225,1615041,1095980
256325,1615100,1095986
256325,1615110,1095986
256326,256285,1095986
256326,256296,1095986
256326,1615102,1095986
256326,1615104,1095986
256326,1615127,1095986
256326,1615130,1095986
256326,1615155,1095986
256326,1615159,1095986
256326,1615163,1095986
256326,1615167,1095986
256326,1615176,1095986
1615149,1615150,1095986
256402,256398,1096014
256403,256446,1096014
256403,1615418,1096014
256404,256417,1096014
256404,1615413,1096014
256552,256547,1096049
256553,256605,1096049
256553,1615539,1096049
256554,256561,1096049
256554,1615527,1096049
1615625,1615626,1096100
1615630,1615631,1096100
1615637,1615638,1096100
1615641,1615642,1096100
1615646,1615647,1096100
1615970,1615971,1096168
1615973,1615974,1096168
1616424,1616428,1096331
1616429,1616430,1096331
1616447,1616448,1096343
1616449,1616450,1096343
257346,257361,1096350
1617501,1617490,1096692
1617507,258292,1096692
1617829,258521,1096828
1617832,1617833,1096828
1617834,1617835,1096828
1617836,1617837,1096828
1618116,1618118,1096870
258977,1618464,1096876
258977,1618479,1096876
258977,1618495,1096876
258977,1618496,1096876
258977,1618497,1096876
258977,1618498,1096876
258977,1618499,1096876
258977,1618500,1096876
810657,1618245,1096879
810666,1618372,1096883
1618800,1618802,1096946
1618806,1618808,1096952
1618826,1618830,1096959
259596,1619014,1097005
259638,1619070,1097017
259687,1619104,1097031
259687,1619108,1097031
1619467,1619468,1097129
1619527,1619529,1097147
1619571,1619572,1097155
1619730,1619729,1097179
1619734,1619735,1097179
1619906,260474,1097259
1619909,260454,1097259
1619913,260427,1097259
1619918,260398,1097259
1619993,1619994,1097307
1620273,1620276,1097483
811664,1620524,1097617
811664,1620527,1097617
811664,1620530,1097617
811733,1620749,1097677
1620729,1620730,1097677
1620731,261182,1097677
1620733,261186,1097677
1620735,261174,1097677
1620737,261178,1097677
1620740,1620741,1097677
1620742,261141,1097677
1620743,261147,1097677
811853,261418,1097781
811853,1621001,1097781
1621497,1621499,1097949
1621628,1621630,1097989
1621628,1621635,1097989
1621689,1621702,1098004
1621692,1621698,1098004
812200,1621772,1098022
812204,1621821,1098032
812204,1621823,1098032
1621838,1621839,1098036
262084,1621869,1098045
262084,1621870,1098045
262084,1621871,1098045
262084,1621872,1098045
262084,1621873,1098045
262084,1621875,1098045
262084,1621876,1098045
1621918,1621920,1098049
1621918,1621924,1098049
1621918,1621926,1098049
1621918,1621930,1098049
1621918,1621935,1098049
1621918,1621940,1098049
1621918,1621948,1098049
1621918,1621951,1098049
1622107,262133,1098065
262335,262252,1098086
262335,262263,1098086
262335,262387,1098086
262335,1622295,1098086
262335,1622302,1098086
262335,1622303,1098086
262335,1622304,1098086
262335,1622305,1098086
262335,1622306,1098086
262335,1622307,1098086
262335,1622308,1098086
262335,1622310,1098086
262335,1622311,1098086
262335,1622312,1098086
262335,1622313,1098086
262335,1622314,1098086
262335,1622316,1098086
262335,1622317,1098086
262335,1622318,1098086
262335,1622320,1098086
262335,1622321,1098086
262335,1622322,1098086
262335,1622323,1098086
262335,1622324,1098086
262335,1622325,1098086
262335,1622326,1098086
262335,1622327,1098086
262335,1622328,1098086
262335,1622329,1098086
262335,1622331,1098086
262335,1622345,1098086
262335,1622348,1098086
262335,1622354,1098086
262335,1622356,1098086
262335,1622357,1098086
262335,1622359,1098086
262335,1622362,1098086
262335,1622370,1098086
262335,1622372,1098086
262335,1622374,1098086
262335,1622379,1098086
262335,1622381,1098086
262335,1622384,1098086
262335,1622386,1098086
262335,1622394,1098086
262335,1622396,1098086
262335,1622397,1098086
262335,1622404,1098086
262335,1622405,1098086
262335,1622409,1098086
262335,1622410,1098086
262335,1622412,1098086
262335,1622413,1098086
262335,1622414,1098086
262335,1622432,1098086
262335,1622434,1098086
262335,1622435,1098086
262335,1622436,1098086
262335,1622437,1098086
262335,1622616,1098086
1622293,1622294,1098086
1622293,1622309,1098086
1622293,1622315,1098086
1622293,1622319,1098086
1622293,1622334,1098086
1622293,1622367,1098086
1622293,1622392,1098086
1622293,1622408,1098086
1622293,1622411,1098086
1622297,1622416,1098086
1622297,1622421,1098086
1622297,1622427,1098086
1622298,1622299,1098086
1622298,1622301,1098086
1622298,1622332,1098086
1622298,1622336,1098086
1622298,1622338,1098086
1622298,1622340,1098086
1622298,1622342,1098086
1622298,1622364,1098086
1622298,1622376,1098086
1622298,1622407,1098086
1622298,1622415,1098086
1622298,1622431,1098086
1622298,1622433,1098086
1622260,1622262,1098125
1622260,1622267,1098125
1622260,1622271,1098125
1622265,1622266,1098125
262233,1622353,1098128
1622373,1622361,1098128
1622780,1622781,1098161
1622787,1622788,1098161
1622794,1622795,1098161
1622804,1622805,1098161
1622804,1622808,1098161
1622804,1622811,1098161
812330,1622852,1098181
812332,1622850,1098181
812332,1622858,1098181
1622950,1622951,1098185
1622988,1622991,1098185
1622989,1622990,1098185
1622993,1623000,1098185
1623007,1623013,1098185
1623270,1623271,1098286
1623317,1623318,1098288
1623320,1623321,1098288
262671,1623458,1098312
262671,1623459,1098312
262671,1623472,1098312
262671,1623473,1098312
1623404,1623405,1098321
1623406,1623407,1098321
1623408,1623409,1098321
1623449,1623452,1098323
1623462,1623464,1098323
1623498,1623500,1098330
1623502,1623505,1098330
1623507,1623508,1098330
1623599,1623600,1098339
1623614,1623615,1098343
262713,1623666,1098345
262713,1623667,1098345
262713,1623668,1098345
262713,1623669,1098345
262713,1623678,1098345
262713,1623679,1098345
262713,1623680,1098345
262713,1623681,1098345
812498,1623636,1098350
1623842,1623843,1098353
1623845,1623846,1098353
1623847,1623848,1098353
1623849,1623852,1098353
1623850,1623851,1098353
1623853,1623856,1098353
1623854,1623855,1098353
1623857,1623860,1098353
1623858,1623859,1098353
1623863,1623864,1098353
1623866,1623867,1098353
1623869,1623870,1098353
1623872,1623873,1098353
1623875,1623876,1098353
1623877,1623880,1098353
1623878,1623879,1098353
1623881,1623884,1098353
1623882,1623883,1098353
1623886,1623887,1098353
1623889,1623890,1098353
1623892,1623893,1098353
1623895,1623896,1098353
1623897,1623900,1098353
1623898,1623899,1098353
1623902,1623903,1098353
1623905,1623906,1098353
1623909,1623910,1098353
1623913,1623914,1098353
1623916,1623917,1098353
812520,1623790,1098361
262761,1624002,1098364
262761,1624004,1098364
262761,1624006,1098364
262761,1624008,1098364
262761,1624026,1098364
262761,1624028,1098364
262761,1624030,1098364
262761,1624031,1098364
262838,1624259,1098385
262838,1624262,1098385
262838,1624267,1098385
262838,1624272,1098385
262838,1624277,1098385
262838,1624281,1098385
262838,1624284,1098385
262838,1624286,1098385
262838,1624316,1098385
262838,1624318,1098385
262838,1624321,1098385
262838,1624324,1098385
262838,1624326,1098385
262838,1624328,1098385
262838,1624330,1098385
262838,1624332,1098385
1624274,1624302,1098393
1624298,1624300,1098393
1624538,1624546,1098425
262919,1624779,1098481
1624773,1624774,1098481
262964,1624908,1098506
262964,1624927,1098506
262964,1624929,1098506
262964,1624932,1098506
262964,1624935,1098506
262964,1624950,1098506
262964,1624952,1098506
262964,1624955,1098506
262964,1624966,1098506
262964,1624968,1098506
262964,1624976,1098506
1624905,1624906,1098506
1624911,1624912,1098506
1624913,1624916,1098506
1624914,1624915,1098506
1624917,1624920,1098506
1624918,1624919,1098506
1624921,1624924,1098506
1624922,1624923,1098506
1624939,1624940,1098506
1624941,1624944,1098506
1624942,1624943,1098506
1624945,1624948,1098506
1624946,1624947,1098506
1624959,1624960,1098506
1624961,1624964,1098506
1624962,1624963,1098506
1624972,1624973,1098506
1624979,1624980,1098506
1625232,1625233,1098583
1625235,1625236,1098583
1625242,1625243,1098583
1625244,1625245,1098583
1625246,1625247,1098583
1625281,1625282,1098620
1625291,1625292,1098620
1625293,1625303,1098620
1625296,1625297,1098620
1625344,1625345,1098631
1625350,1625351,1098631
1625355,1625368,1098631
1625356,1625369,1098631
1625359,1625360,1098631
1625740,1625741,1098642
1626044,1626045,1098644
1626049,1626051,1098644
1626049,1626062,1098644
1626056,1626072,1098644
1626058,1626091,1098644
1626063,1626064,1098644
1626127,263057,1098654
1626175,1626325,1098668
1626185,1626186,1098668
1626190,1626191,1098668
1626195,1626196,1098668
1626197,1626198,1098668
1626199,1626202,1098668
1626205,1626207,1098668
1626211,1626212,1098668
1626215,1626216,1098668
1626219,1626220,1098668
1626223,1626224,1098668
1626225,1626226,1098668
1626228,1626229,1098668
1626232,1626233,1098668
1626236,1626237,1098668
1626240,1626241,1098668
1626243,1626244,1098668
1626247,1626248,1098668
1626253,1626254,1098668
1626260,1626275,1098668
1626263,1626264,1098668
1626265,1626266,1098668
1626569,1626693,1098692
1626577,1626579,1098692
1626580,1626582,1098692
1626580,1626594,1098692
1626580,1626597,1098692
1626580,1626601,1098692
1626580,1626605,1098692
1626580,1626615,1098692
1626580,1626618,1098692
1626580,1626622,1098692
1626580,1626630,1098692
1626580,1626633,1098692
1626580,1626640,1098692
1626580,1626686,1098692
1626586,1626587,1098692
1626588,1626589,1098692
1626591,1626592,1098692
1626610,1626611,1098692
1626612,1626613,1098692
1626627,1626628,1098692
1626651,1626652,1098692
1626653,1626654,1098692
1626502,263168,1098700
1626518,1626523,1098707
1626519,1626520,1098707
1626523,1626524,1098707
1626527,1626528,1098707
264484,264496,1099068
813509,264537,1099085
813550,1628392,1099134
1628637,1628638,1099231
1628638,1628639,1099231
265532,265623,1099396
265532,1629327,1099396
265532,1629331,1099396
265366,265357,1099414
265366,265358,1099414
265366,1629172,1099414
265366,1629177,1099414
265367,265382,1099414
265367,265383,1099414
265367,265391,1099414
265367,265392,1099414
265367,1629167,1099414
265367,1629169,1099414
265691,265626,1099446
265691,265632,1099446
265691,265633,1099446
265691,265667,1099446
265691,265668,1099446
265691,265669,1099446
1629504,265951,1099462
1629507,266064,1099462
266227,1629629,1099472
266240,1629628,1099472
1630237,1630238,1099660
267161,267118,1099752
267161,267140,1099752
267161,1630747,1099752
1632322,1632323,1099886
1632590,1632592,1099924
1632592,1632593,1099924
1632649,1632652,1099926
1632652,1632653,1099926
1632688,1632689,1099930
1632689,1632690,1099930
1632691,1632692,1099930
1632692,267634,1099930
1632693,1632694,1099930
1632694,1632695,1099930
1632753,1632754,1099968
1633015,1633017,1100109
1633224,1633225,1100271
1633234,1633235,1100271
1633172,268115,1100274
1633274,1633275,1100297
268773,1634070,1100609
815275,268932,1100684
1634512,1634515,1100711
1634512,1634517,1100711
1634512,1634524,1100711
1634513,1634568,1100711
1634513,1634571,1100711
1634514,1634564,1100711
815312,1634384,1100730
815383,1634720,1100748
815397,1634828,1100763
815585,269584,1100886
815585,1635199,1100886
269646,1635241,1100903
269646,1635243,1100903
1635611,1635612,1101009
1635615,1635616,1101009
1635623,1635624,1101009
1635683,1635684,1101027
1635687,1635688,1101027
1635694,1635695,1101027
1635932,1635937,1101092
1635932,1635940,1101092
1636397,270361,1101172
1636405,1636410,1101179
1636405,1636416,1101179
1636485,1636490,1101183
1636485,1636510,1101183
1636628,1636629,1101209
1636892,270888,1101232
1636892,270890,1101232
1636892,271061,1101232
1636892,271063,1101232
1636892,271065,1101232
1636892,271077,1101232
1636892,271092,1101232
1636892,271132,1101232
1636892,1636894,1101232
1636892,1636912,1101232
1636892,1636917,1101232
1636892,1636919,1101232
1636901,270972,1101232
1636903,270973,1101232
1636905,270994,1101232
1636908,1636909,1101232
1636910,270887,1101232
1636911,270892,1101232
816101,270779,1101265
816101,270930,1101265
816101,270956,1101265
816101,1636807,1101265
1636810,270824,1101265
1636814,270743,1101265
1636817,270762,1101265
1637009,270954,1101320
1637029,271249,1101331
1637131,1637132,1101341
1637285,271456,1101448
1637285,271479,1101448
1637474,1637475,1101453
1637475,1637476,1101453
1637481,1637482,1101455
1637482,1637483,1101455
1637490,1637491,1101459
1637491,1637492,1101459
1637493,1637494,1101459
1637494,271566,1101459
1637495,1637496,1101459
1637496,1637497,1101459
1637594,271767,1101480
1639197,1639198,1101685
816711,272501,1101690
272569,272567,1101706
272569,1639278,1101706
1639319,1639320,1101733
1639440,1639441,1101766
1639471,1639472,1101779
1639493,1639494,1101788
1639548,1639549,1101808
1639567,1639571,1101810
1639567,1639573,1101810
1639567,1639574,1101810
1639567,1639575,1101810
1639567,1639576,1101810
1639603,1639604,1101830
1639607,1639608,1101830
1639610,1639611,1101830
1639613,1639614,1101830
1639616,1639617,1101830
273014,1640010,1101912
816923,273069,1101932
273127,1640175,1101944
1640262,1640263,1101952
273210,1640313,1101963
273290,273292,1101973
273336,273338,1101998
1640553,1640569,1102016
1640554,1640568,1102016
817152,1640687,1102042
817168,1640695,1102042
1641387,274155,1102198
1641387,274163,1102198
1641387,1641388,1102198
1641547,274261,1102260
275022,1642006,1102400
275195,1642118,1102463
275289,1642129,1102463
275289,1642133,1102463
1643032,1643036,1102720
1643032,1643037,1102720
1643032,1643038,1102720
1643032,1643039,1102720
1643032,1643041,1102720
1643032,1643042,1102720
1643032,1643043,1102720
1643032,1643044,1102720
1643032,1643045,1102720
1643032,1643048,1102720
1643486,276212,1102853
1643488,1643489,1102853
1643548,276228,1102871
1643551,1643556,1102871
1644020,1644021,1103028
1644667,277007,1103161
1644669,277006,1103161
1644690,1644691,1103164
1644710,1644711,1103166
818751,1644738,1103172
1644859,1644860,1103205
1644862,1644864,1103205
1644870,1644871,1103205
277311,277318,1103277
277311,277334,1103277
277311,277335,1103277
277311,1645269,1103277
277311,1645270,1103277
277311,1645277,1103277
277311,1645278,1103277
277311,1645315,1103277
277311,1645317,1103277
819331,1645998,1103475
1646396,278296,1103614
1646398,278304,1103614
819893,278867,1103733
819899,1646940,1103733
1646989,278825,1103770
1646989,278826,1103770
1646989,278827,1103770
1646989,278828,1103770
1646989,1646992,1103770
1646989,1646994,1103770
1646989,1646998,1103770
1646989,1647003,1103770
1646989,1647005,1103770
1647027,278844,1103778
1647027,278845,1103778
1647027,278846,1103778
1647027,278847,1103778
1647027,1647030,1103778
1647027,1647031,1103778
1647027,1647034,1103778
1647027,1647039,1103778
1647027,1647040,1103778
278858,1647053,1103786
278858,1647055,1103786
278858,1647056,1103786
278858,1647058,1103786
278858,1647059,1103786
278873,1647070,1103796
278873,1647074,1103796
278873,1647076,1103796
278873,1647077,1103796
278873,1647078,1103796
1647100,1647101,1103809
1647100,1647104,1103809
1647100,1647107,1103809
1647100,1647109,1103809
1647100,1647113,1103809
1647100,1647115,1103809
1647100,1647116,1103809
1647100,1647121,1103809
1647100,1647123,1103809
1647100,1647124,1103809
1647100,1647129,1103809
1647100,1647130,1103809
1647100,1647136,1103809
1647100,1647137,1103809
279051,1647241,1103826
279051,1647242,1103826
279051,1647256,1103826
279051,1647257,1103826
279051,1647258,1103826
279051,1647259,1103826
279051,1647262,1103826
279051,1647263,1103826
279051,1647266,1103826
279051,1647267,1103826
279051,1647270,1103826
279051,1647271,1103826
279051,1647275,1103826
279051,1647279,1103826
279051,1647310,1103826
279051,1647312,1103826
279051,1647315,1103826
279051,1647318,1103826
279051,1647357,1103826
279051,1647361,1103826
279051,1647365,1103826
279051,1647369,1103826
279054,1647274,1103826
279054,1647278,1103826
1647226,279008,1103834
1647226,1647229,1103834
279121,1647409,1103853
279121,1647410,1103853
279121,1647412,1103853
279121,1647413,1103853
279121,1647415,1103853
279121,1647417,1103853
279121,1647418,1103853
279121,1647422,1103853
279121,1647423,1103853
279121,1647425,1103853
279121,1647427,1103853
279121,1647428,1103853
279121,1647440,1103853
279121,1647441,1103853
279121,1647450,1103853
279121,1647451,1103853
279121,1647454,1103853
279121,1647455,1103853
279121,1647457,1103853
279121,1647458,1103853
279121,1647462,1103853
279121,1647463,1103853
279121,1647466,1103853
279121,1647467,1103853
279121,1647472,1103853
279121,1647473,1103853
1647408,1647432,1103853
1647408,1647433,1103853
1647408,1647434,1103853
1647408,1647436,1103853
1647408,1647439,1103853
1647408,1647445,1103853
1647408,1647447,1103853
1647408,1647449,1103853
279160,1647593,1103874
279160,1647597,1103874
279160,1647599,1103874
279160,1647603,1103874
1647564,1647565,1103874
1647564,1647566,1103874
1647564,1647568,1103874
1647564,1647569,1103874
1647564,1647572,1103874
1647564,1647574,1103874
1647564,1647575,1103874
1647564,1647578,1103874
1647564,1647580,1103874
1647564,1647581,1103874
1647564,1647584,1103874
1647564,1647586,1103874
1647564,1647587,1103874
1647564,1647591,1103874
1647564,1647594,1103874
1647564,1647600,1103874
1647659,1647660,1103879
1647659,1647663,1103879
1647659,1647666,1103879
1647659,1647669,1103879
1647659,1647673,1103879
1647659,1647674,1103879
1647659,1647677,1103879
1647659,1647680,1103879
1647659,1647685,1103879
1647659,1647686,1103879
1647659,1647692,1103879
1647659,1647696,1103879
1647659,1647702,1103879
1647659,1647703,1103879
1647659,1647706,1103879
1647659,1647712,1103879
1647659,1647713,1103879
1647659,1647716,1103879
1647659,1647722,1103879
1647659,1647723,1103879
1647659,1647729,1103879
1647659,1647730,1103879
279265,1647924,1103892
279265,1647925,1103892
279265,1647940,1103892
279265,1647941,1103892
279265,1647942,1103892
279265,1647943,1103892
279265,1647946,1103892
279265,1647947,1103892
279265,1647951,1103892
279265,1647952,1103892
279265,1647954,1103892
279265,1647955,1103892
279265,1647963,1103892
279265,1647964,1103892
279265,1647967,1103892
279265,1647968,1103892
279265,1647971,1103892
279265,1647974,1103892
279265,1647980,1103892
279265,1647985,1103892
279265,1648018,1103892
279265,1648020,1103892
279265,1648023,1103892
279265,1648026,1103892
279265,1648068,1103892
279265,1648072,1103892
279265,1648076,1103892
279265,1648080,1103892
279268,1647957,1103892
279268,1647960,1103892
279268,1647978,1103892
279268,1647984,1103892
279305,1648183,1103906
279305,1648185,1103906
279305,1648188,1103906
279305,1648201,1103906
279305,1648203,1103906
279305,1648206,1103906
279310,1648174,1103906
279310,1648176,1103906
279310,1648177,1103906
279310,1648180,1103906
279317,1648171,1103906
279317,1648172,1103906
279317,1648189,1103906
279317,1648190,1103906
279317,1648192,1103906
279317,1648193,1103906
279317,1648195,1103906
279317,1648196,1103906
279317,1648198,1103906
279317,1648199,1103906
279317,1648207,1103906
279317,1648208,1103906
279317,1648210,1103906
279317,1648212,1103906
279317,1648214,1103906
279317,1648215,1103906
279317,1648217,1103906
279317,1648218,1103906
279317,1648222,1103906
279317,1648223,1103906
279317,1648225,1103906
279317,1648227,1103906
279317,1648230,1103906
279317,1648234,1103906
279317,1648237,1103906
279317,1648239,1103906
279317,1648242,1103906
279317,1648246,1103906
279317,1648249,1103906
279317,1648257,1103906
279317,1648259,1103906
279317,1648262,1103906
279317,1648263,1103906
279317,1648265,1103906
279317,1648267,1103906
279317,1648270,1103906
279317,1648273,1103906
279317,1648276,1103906
279317,1648277,1103906
279317,1648280,1103906
279317,1648284,1103906
279317,1648286,1103906
279296,279290,1103910
279398,1648445,1103936
279398,1648448,1103936
279398,1648450,1103936
279398,1648453,1103936
279398,1648475,1103936
279398,1648480,1103936
279398,1648482,1103936
279398,1648486,1103936
1648415,1648416,1103936
1648415,1648417,1103936
1648415,1648419,1103936
1648415,1648420,1103936
1648415,1648423,1103936
1648415,1648425,1103936
1648415,1648426,1103936
1648415,1648429,1103936
1648415,1648431,1103936
1648415,1648432,1103936
1648415,1648435,1103936
1648415,1648437,1103936
1648415,1648438,1103936
1648415,1648443,1103936
1648415,1648455,1103936
1648415,1648456,1103936
1648415,1648459,1103936
1648415,1648461,1103936
1648415,1648462,1103936
1648415,1648465,1103936
1648415,1648467,1103936
1648415,1648471,1103936
1648415,1648477,1103936
1648415,1648483,1103936
279425,1648566,1103954
279425,1648568,1103954
279425,1648570,1103954
279425,1648573,1103954
279425,1648578,1103954
279425,1648582,1103954
279425,1648589,1103954
279425,1648591,1103954
279425,1648593,1103954
279425,1648595,1103954
279425,1648597,1103954
279425,1648599,1103954
1648581,279415,1103961
279625,1648754,1103978
279625,1648756,1103978
279625,1648758,1103978
279625,1648760,1103978
279625,1648762,1103978
279625,1648764,1103978
279625,1648788,1103978
279625,1648790,1103978
279625,1648792,1103978
279625,1648794,1103978
279625,1648808,1103978
279625,1648810,1103978
279625,1648839,1103978
279625,1648841,1103978
279680,279628,1103978
279680,279631,1103978
279680,279669,1103978
279680,279670,1103978
279680,279673,1103978
279680,279674,1103978
279680,279685,1103978
279680,279686,1103978
279680,279687,1103978
279680,279688,1103978
279680,279713,1103978
279680,279714,1103978
279680,279715,1103978
279680,279716,1103978
279680,279720,1103978
279680,279721,1103978
279680,279739,1103978
279680,279740,1103978
279680,1648740,1103978
279680,1648743,1103978
279680,1648747,1103978
279680,1648752,1103978
279680,1648770,1103978
279680,1648772,1103978
279680,1648774,1103978
279680,1648776,1103978
279680,1648778,1103978
279680,1648780,1103978
279680,1648782,1103978
279680,1648784,1103978
279680,1648786,1103978
279680,1648787,1103978
279680,1648800,1103978
279680,1648802,1103978
279680,1648804,1103978
279680,1648806,1103978
279680,1648816,1103978
279680,1648818,1103978
279680,1648820,1103978
279680,1648822,1103978
279680,1648823,1103978
279680,1648826,1103978
279680,1648829,1103978
279680,1648843,1103978
1648732,279632,1103978
1648732,279633,1103978
1648732,279722,1103978
1648732,279723,1103978
1648732,279741,1103978
1648732,279742,1103978
1648732,1648739,1103978
1648732,1648742,1103978
1648732,1648746,1103978
1648732,1648749,1103978
1648732,1648750,1103978
1648732,1648751,1103978
1648732,1648825,1103978
1648732,1648828,1103978
1649071,1649072,1104032
1649215,1649220,1104041
1649215,1649251,1104041
1649215,1649282,1104041
1649355,279869,1104056
1649355,279879,1104056
1649355,1649362,1104056
1649355,1649364,1104056
1649355,1649365,1104056
1649355,1649367,1104056
820463,1649423,1104065
1649632,1649633,1104167
1649703,1649704,1104222
1649796,280303,1104259
1649796,280304,1104259
1649796,280305,1104259
1649796,280306,1104259
1649841,1649842,1104271
1649843,1649844,1104271
820756,1650060,1104370
1650783,1650789,1104704
1650788,1650790,1104704
1651030,1651031,1104781
1651031,1651032,1104781
1651035,1651036,1104781
1651036,281577,1104781
1651037,1651038,1104781
1651038,281582,1104781
1651039,1651040,1104781
1651040,281585,1104781
1651041,1651042,1104781
1651042,281587,1104781
1651395,1651399,1104858
1651474,1651486,1104869
1651528,281973,1104871
1651532,1651533,1104871
1651744,281937,1104881
282088,282063,1104901
282088,282066,1104901
282090,282062,1104901
282090,282065,1104901
1652510,282081,1104905
1652555,1652557,1104929
1652555,1652559,1104929
1652555,1652562,1104929
1652555,1652563,1104929
1652555,1652565,1104929
1652562,1652576,1104929
1652563,1652577,1104929
1652565,1652566,1104929
1652664,1652665,1104946
1652665,1652666,1104946
1652667,1652668,1104946
1652668,1652669,1104946
1652674,282224,1104948
1652705,1652706,1104962
1652706,1652707,1104962
1652708,1652709,1104962
1652709,1652710,1104962
1652712,1652713,1104962
1652713,1652714,1104962
1652719,282272,1104964
1652734,1652738,1104970
1652734,1652742,1104970
1652735,1652739,1104970
1652735,1652743,1104970
1652738,1652741,1104970
1652739,1652740,1104970
1652742,1652745,1104970
1652743,1652744,1104970
1652803,1652804,1104983
1652806,1652807,1104983
1652808,1652809,1104983
1652809,1652810,1104983
1652816,1652817,1104983
1652817,1652818,1104983
1653267,1653268,1105131
1653371,1653372,1105141
1653371,1653375,1105141
1653394,283206,1105148
1653399,1653403,1105151
283233,1653411,1105154
283233,1653414,1105154
1653415,1653407,1105154
1653415,1653410,1105154
283264,1653427,1105159
283264,1653428,1105159
1653429,1653419,1105159
1653429,1653420,1105159
1653437,1653439,1105170
1653437,1653441,1105170
1653441,1653443,1105170
1653448,1653450,1105176
1653448,1653452,1105176
1653452,1653453,1105176
1653461,1653463,1105180
1653463,1653464,1105180
1653474,1653476,1105186
1653474,1653479,1105186
1653474,1653483,1105186
1653474,1653485,1105186
1653474,1653487,1105186
1653479,1653480,1105186
1653485,1653486,1105186
1653487,1653489,1105186
1653499,1653501,1105190
1653499,1653504,1105190
1653499,1653505,1105190
1653499,1653511,1105190
1653505,1653506,1105190
1653511,1653512,1105190
821394,1653543,1105196
1653793,283715,1105218
1653798,1653799,1105218
1653834,1653835,1105222
1653844,1653845,1105224
1653989,284199,1105263
284406,284421,1105322
284406,284429,1105322
1654320,1654321,1105327
1654320,1654327,1105327
1654320,1654336,1105327
821806,1654624,1105431
821806,1654630,1105431
1654892,1654893,1105462
1654900,1654901,1105464
822268,1657192,1105691
1657239,286663,1105703
1657255,286676,1105707
1657278,1657279,1105718
1657287,1657289,1105720
822326,1657298,1105722
1657445,1657446,1105772
1657456,1657457,1105776
1657461,1657465,1105776
1657463,1657464,1105776
1657464,286930,1105776
1657467,1657471,1105776
1657469,1657470,1105776
1657470,286926,1105776
1657474,1657478,1105776
1657476,1657477,1105776
1657477,286912,1105776
1657505,1657506,1105793
1657540,1657541,1105817
1657543,1657544,1105817
1657544,1657546,1105817
1657603,287021,1105827
1657605,1657606,1105827
1657606,1657607,1105827
1657663,287089,1105844
1657665,1657666,1105844
1657967,1657968,1105975
1657972,1657973,1105975
1657979,1657981,1105975
822680,287511,1106013
1658568,287842,1106115
1658568,287843,1106115
1658630,287944,1106134
1658630,1658632,1106134
1658630,1658637,1106134
822973,288001,1106148
1658924,1658926,1106212
1658973,288146,1106220
1658976,1658977,1106220
1658978,1658979,1106220
1659006,1659007,1106227
1659011,1659012,1106227
1659441,1659445,1106373
1659475,288676,1106377
288694,1659542,1106394
1659535,1659544,1106394
1659540,1659541,1106394
1659569,288742,1106398
1659599,1659602,1106410
823366,288802,1106412
288782,1659626,1106415
1659641,1659645,1106419
1659646,1659649,1106419
1659692,1659714,1106423
1659694,1659708,1106423
1659730,1659735,1106434
1659733,1659734,1106434
288872,1659779,1106438
1659772,1659780,1106438
1659777,1659778,1106438
1659848,1659853,1106453
1659849,1659850,1106453
1659852,1659856,1106453
1659878,1659879,1106458
1659891,1659892,1106458
1659894,1659898,1106458
1660299,1660301,1106585
1660299,1660302,1106585
1660299,1660303,1106585
1660299,1660304,1106585
1660299,1660305,1106585
1660299,1660306,1106585
1660299,1660308,1106585
1660378,1660381,1106600
1660379,1660380,1106600
1660382,1660385,1106600
1660383,1660384,1106600
1660386,1660390,1106600
1660388,1660389,1106600
1660473,1660474,1106617
1660598,289343,1106666
1660598,289345,1106666
1660657,289379,1106686
1660657,289381,1106686
1660741,289477,1106728
1660741,289479,1106728
1660800,289544,1106745
1660800,289546,1106745
1660800,289550,1106745
1660800,289552,1106745
1660931,289597,1106781
1660933,1660935,1106781
1661718,1661728,1107067
290534,290506,1107120
290534,290512,1107120
290534,290524,1107120
290534,1661938,1107120
1662207,1662208,1107168
1664066,291441,1107310
1664066,291442,1107310
291446,291460,1107317
291452,291467,1107317
1665548,291775,1107416
1665576,1665577,1107426
1665578,1665579,1107426
824963,1665673,1107449
1665731,1665733,1107476
1665735,1665748,1107476
1665820,1665826,1107495
1665827,1665829,1107495
825060,1665909,1107521
1665922,1665927,1107529
1665922,1665929,1107529
1665923,1665925,1107529
825094,1666052,1107550
1666065,1666067,1107562
1666065,1666069,1107562
1666078,1666079,1107565
1667733,1667734,1107743
293946,293944,1107773
1668214,294283,1107810
1668214,294285,1107810
1668246,294323,1107814
1668246,294325,1107814
825678,1668396,1107820
825687,1668393,1107820
1668643,294447,1107826
825699,1668708,1107831
294488,294524,1107839
294488,294567,1107839
294488,294640,1107839
294488,1668988,1107839
294488,1668997,1107839
294488,1668999,1107839
294488,1669005,1107839
294488,1669009,1107839
294488,1669058,1107839
294488,1669068,1107839
294488,1669080,1107839
294525,294528,1107839
294525,294529,1107839
294525,294563,1107839
294525,294569,1107839
294525,294617,1107839
294525,1669001,1107839
294525,1669003,1107839
294525,1669006,1107839
294525,1669010,1107839
294525,1669052,1107839
294694,294699,1107876
294694,1669298,1107876
1669392,1669375,1107879
1669392,1669376,1107879
1669392,1669439,1107879
1669392,1669440,1107879
1669392,1669448,1107879
1669393,1669373,1107879
1669393,1669374,1107879
1669393,1669434,1107879
1669393,1669435,1107879
1669393,1669445,1107879
295232,1670106,1108033
826246,1670105,1108033
1670147,295266,1108050
826267,295291,1108075
826304,295325,1108077
826313,295335,1108077
1670228,1670229,1108077
826329,295358,1108099
295758,295742,1108189
826761,1671075,1108267
826790,1671090,1108271
1671613,296619,1108385
1671494,1671495,1108412
1671496,1671501,1108412
1671519,296513,1108422
1671521,1671522,1108422
1671540,1671541,1108428
1671550,1671551,1108430
1671870,297000,1108532
1672107,1672108,1108676
1672111,1672112,1108676
297351,1672127,1108678
827396,1672118,1108678
827396,1672122,1108678
1672121,297362,1108678
1672123,297366,1108678
1672173,297395,1108691
1672174,297390,1108691
827516,297532,1108752
827554,1672408,1108773
1672557,1672559,1108813
297919,297925,1108833
297919,1672716,1108833
297919,1672718,1108833
297919,1672720,1108833
1672723,297926,1108833
1672670,1672672,1108835
1672670,1672677,1108835
1672673,1672675,1108835
1672673,1672678,1108835
297981,297992,1108853
297981,297993,1108853
297981,297997,1108853
297981,297998,1108853
297981,1672785,1108853
297981,1672786,1108853
297981,1672794,1108853
297981,1672795,1108853
1672907,1672908,1108866
298120,298122,1108891
298120,298123,1108891
298120,1672959,1108891
298120,1672960,1108891
827773,1672964,1108891
827773,1672985,1108891
827773,1672986,1108891
827773,1672987,1108891
827778,1672972,1108891
1673080,298200,1108916
1673080,298201,1108916
1673080,298207,1108916
1673080,298208,1108916
1673080,1673090,1108916
1673080,1673095,1108916
1673080,1673100,1108916
1673080,1673104,1108916
1673080,1673112,1108916
1673080,1673116,1108916
1673080,1673123,1108916
1673080,1673127,1108916
1673495,1673498,1108993
1673693,298609,1109077
1673694,298610,1109077
298763,1673885,1109116
298763,1673897,1109116
1673834,1673835,1109133
1674236,1674237,1109335
1674239,1674240,1109335
1674546,1674547,1109466
1674547,1674548,1109466
1674549,1674550,1109466
1674550,1674551,1109466
1674568,1674569,1109468
1674569,299595,1109468
1674571,1674572,1109468
1674572,1674573,1109468
1674574,1674575,1109468
1674575,1674576,1109468
1674579,1674580,1109468
1674580,1674581,1109468
1674607,1674608,1109483
1674608,1674609,1109483
1674615,1674616,1109485
1674616,1674617,1109485
1674625,1674626,1109487
1674626,299721,1109487
1674628,1674629,1109487
1674629,1674630,1109487
1674631,1674632,1109487
1674632,1674633,1109487
1674635,1674636,1109487
1674636,1674637,1109487
1674643,1674644,1109487
1674644,1674645,1109487
1674646,1674647,1109487
1674647,299750,1109487
1674648,1674649,1109487
1674649,299752,1109487
1674650,1674651,1109487
1674651,299753,1109487
1674652,1674653,1109487
1674653,299754,1109487
1674743,1674745,1109527
1674745,1674746,1109527
1674748,1674750,1109527
1674758,1674759,1109527
1674759,1674760,1109527
1674776,1674778,1109542
1674837,1674838,1109545
1674838,1674840,1109545
1674841,1674844,1109545
1674847,1674850,1109545
1674851,1674854,1109545
1674855,1674858,1109545
1674859,1674862,1109545
1674864,1674865,1109545
1674865,1674888,1109545
1674866,1674867,1109545
1674867,1674868,1109545
1674869,1674870,1109545
1674870,1674898,1109545
1674871,1674872,1109545
1674873,1674874,1109545
1674875,1674876,1109545
1674877,1674878,1109545
1674878,1674897,1109545
1674879,1674880,1109545
1674880,1674881,1109545
1674936,1674937,1109561
300219,1674983,1109565
1674956,1674957,1109574
1675022,1675023,1109578
1675053,1675054,1109585
1675045,300276,1109587
1675202,1675203,1109645
1675204,1675205,1109645
300562,1675322,1109651
300562,1675326,1109651
300562,1675333,1109651
1675317,1675318,1109651
1675443,300646,1109696
300771,1675567,1109741
300798,1675599,1109764
1675651,1675703,1109777
1675651,1675704,1109777
1675651,1675705,1109777
1675711,1675656,1109777
1675711,1675660,1109777
1675711,1675665,1109777
1675711,1675668,1109777
1675711,1675671,1109777
1675711,1675676,1109777
1675711,1675679,1109777
1675711,1675684,1109777
1675711,1675688,1109777
1675711,1675691,1109777
1675711,1675696,1109777
1675711,1675699,1109777
1675742,300853,1109802
1675742,300854,1109802
1675742,300855,1109802
1675742,300857,1109802
1675742,300858,1109802
1675742,300859,1109802
1675742,300861,1109802
1675742,300862,1109802
1675742,300863,1109802
1675862,1675863,1109845
1675881,1675884,1109849
1675901,1675902,1109853
1675905,1675906,1109853
1675991,1675993,1109879
1676022,1676023,1109889
1676101,1676102,1109940
1676107,1676108,1109944
1676118,301189,1109950
301275,1676237,1109996
301275,1676239,1109996
301275,1676240,1109996
301275,1676241,1109996
301275,1676243,1109996
301275,1676245,1109996
301275,1676247,1109996
301275,1676254,1109996
302310,1676704,1110091
302310,1676705,1110091
302310,1676707,1110091
302310,1676708,1110091
302310,1676709,1110091
302310,1676710,1110091
302310,1676711,1110091
302310,1676712,1110091
828980,302024,1110091
828980,1676762,1110091
828980,1676763,1110091
828980,1676764,1110091
828980,1676765,1110091
828980,1676767,1110091
828980,1676768,1110091
828980,1676769,1110091
828980,1676776,1110091
829073,1676747,1110091
1676714,1676715,1110091
1676718,1676719,1110091
1676741,1676743,1110091
1676782,301800,1110091
1676783,1676784,1110091
828869,1676522,1110122
1676523,301550,1110122
828938,301667,1110127
1677151,1677157,1110158
304203,304219,1110214
304203,304220,1110214
304203,304221,1110214
304203,304305,1110214
304203,304314,1110214
304206,304360,1110214
304206,304375,1110214
304206,1678542,1110214
304206,1678544,1110214
304206,1678546,1110214
304211,1678369,1110214
304211,1678392,1110214
304211,1678490,1110214
304211,1678496,1110214
304211,1678501,1110214
304211,1678504,1110214
304211,1678515,1110214
304211,1678520,1110214
304211,1678527,1110214
304211,1678529,1110214
304211,1678531,1110214
304211,1678567,1110214
304211,1679005,1110214
304211,1679021,1110214
304211,1679037,1110214
304211,1679053,1110214
304211,1679151,1110214
304211,1679169,1110214
304222,1678533,1110214
304222,1678535,1110214
304222,1678538,1110214
304222,1678548,1110214
304222,1678550,1110214
304222,1678553,1110214
304222,1678559,1110214
304222,1678560,1110214
304222,1678562,1110214
829405,1678598,1110214
829405,1678604,1110214
829451,1678584,1110214
829457,1678634,1110214
1678414,1678415,1110214
1678471,1678472,1110214
1678472,1678473,1110214
1678474,1678475,1110214
1678475,1678476,1110214
1678479,1678480,1110214
1678480,1678481,1110214
1678482,1678483,1110214
1678483,1678484,1110214
1678494,1678497,1110214
1678497,1678498,1110214
1678505,1678506,1110214
1678521,1678872,1110214
1678634,1678585,1110214
1678657,1678373,1110214
1678657,1678396,1110214
1678657,1678420,1110214
1678658,1678371,1110214
1678658,1678394,1110214
1678063,1678068,1110243
1678063,1678069,1110243
303455,1678081,1110253
304022,1678759,1110325
304022,1678776,1110325
304022,1678785,1110325
304022,1678788,1110325
304022,1678791,1110325
304022,1678798,1110325
304022,1678807,1110325
304022,1678812,1110325
304022,1678817,1110325
1678831,1678832,1110325
1678835,1678837,1110325
1678840,1678842,1110325
1679260,1679261,1110334
1679284,1679285,1110344
1679291,1679292,1110347
1679301,1679302,1110351
1679314,1679315,1110353
1679322,1679327,1110355
1679324,1679325,1110355
1679327,1679328,1110355
1679345,1679352,1110361
1679347,1679348,1110361
1679426,1679434,1110395
1679427,1679432,1110395
304495,1679475,1110398
304495,1679501,1110398
304495,1679514,1110398
1679488,1679491,1110398
1679492,1679495,1110398
1679499,1679500,1110398
1679506,1679511,1110398
1679739,1679741,1110462
1680115,305202,1110502
1680115,305219,1110502
1680115,1680117,1110502
1680115,1680124,1110502
1680070,305128,1110506
1680088,305159,1110514
305328,305334,1110524
305328,305364,1110524
305328,1680188,1110524
305328,1680203,1110524
305329,1680199,1110524
305728,1680377,1110556
1680412,1680413,1110568
1680442,1680443,1110571
1680570,1680571,1110574
306034,1680647,1110577
306050,1680645,1110577
306072,1680643,1110577
1680714,1680715,1110587
306803,1682027,1110589
830118,1682021,1110589
830118,1682029,1110589
830122,1682020,1110589
830122,1682028,1110589
1681886,1681887,1110589
1681930,306816,1110589
1680743,1680744,1110592
1681683,306505,1110667
1681744,1681756,1110702
1681744,1681759,1110702
1681744,1681768,1110702
1681744,1681780,1110702
1681744,1681791,1110702
1681744,1681806,1110702
1681747,1681749,1110702
1681747,1681750,1110702
1681747,1681754,1110702
1681747,1681769,1110702
1681747,1681773,1110702
1681747,1681776,1110702
1681747,1681783,1110702
1681747,1681788,1110702
1681747,1681796,1110702
1681747,1681811,1110702
1681747,1681817,1110702
1681747,1681820,1110702
1681747,1681841,1110702
1682209,1682210,1110737
1682213,1682214,1110737
1682219,1682220,1110737
1682225,1682226,1110737
1682242,1682243,1110739
1682246,1682247,1110739
1682262,1682263,1110741
1682291,306874,1110746
1682367,1682369,1110763
1682372,1682375,1110763
1682582,1682583,1110797
1682638,1682642,1110843
1682639,1682643,1110843
1682640,1682644,1110843
1682752,1682762,1110856
1682868,1682870,1110880
1682868,1682874,1110880
1682868,1682876,1110880
1682905,1682906,1110885
1682972,1682973,1110888
1683078,1683089,1110915
1683113,1683114,1110922
1683117,307385,1110922
1683126,1683157,1110922
1683135,1683163,1110922
1683139,307365,1110922
1683198,1683199,1110929
1683203,1683204,1110929
1683219,1683229,1110929
1683220,1683227,1110929
1683338,307511,1110955
830577,1683356,1110961
1683364,1683365,1110963
1683369,1683373,1110963
1683375,1683376,1110963
307554,1683402,1110969
1683430,1683418,1110971
1683450,1683412,1110971
1683450,1683416,1110971
1683523,1683504,1110975
1683539,1683506,1110975
1683539,1683513,1110975
1683564,1683565,1110988
1683582,1683583,1110991
1683584,1683585,1110991
1683616,1683617,1110998
1683647,1683648,1111009
1683655,1683656,1111009
1683666,1683667,1111009
1683674,1683675,1111009
1683769,307740,1111026
1683770,307736,1111026
1683780,1683781,1111028
1683789,1683790,1111028
1683795,1683796,1111028
1683848,1683849,1111034
1683864,1683865,1111034
1683908,1683898,1111041
1683926,1683917,1111041
1683927,1683915,1111041
1683932,1683900,1111041
1683932,1683909,1111041
1683973,1683974,1111048
1684006,1684007,1111052
1684022,1684029,1111057
1684031,1684032,1111057
1684031,1684040,1111057
1684064,1684065,1111063
1684078,307834,1111065
1684079,1684080,1111065
1684558,1684560,1111111
1684564,1684566,1111111
1684665,1684666,1111113
1684667,1684668,1111113
1684676,1684677,1111115
1684716,1684717,1111126
308480,308468,1111356
308480,308469,1111356
308480,1685364,1111356
308480,1685366,1111356
308510,308502,1111365
308510,308503,1111365
308510,308507,1111365
308510,308508,1111365
308510,308519,1111365
308510,308520,1111365
1685422,1685423,1111374
1685422,1685425,1111374
1685556,308573,1111391
1685560,308582,1111391
1685565,1685566,1111391
1685570,1685571,1111391
1685585,308575,1111391
1685586,308576,1111391
1685587,308584,1111391
1685589,308585,1111391
831414,308596,1111395
1685620,308614,1111400
1685620,308618,1111400
1685620,308624,1111400
1685620,308626,1111400
1685697,308647,1111419
1685697,308649,1111419
1685697,308654,1111419
1685697,308661,1111419
308727,308770,1111428
308727,308796,1111428
308727,1685841,1111428
308727,1685849,1111428
308727,1685860,1111428
308729,308771,1111428
308729,308830,1111428
308729,1685844,1111428
308729,1685852,1111428
308729,1685856,1111428
308729,1685861,1111428
308914,308933,1111476
308914,308965,1111476
308914,1686060,1111476
308914,1686072,1111476
308914,1686082,1111476
308916,308932,1111476
308916,308945,1111476
308916,1686064,1111476
308916,1686069,1111476
308916,1686077,1111476
308916,1686083,1111476
1686212,308940,1111501
1686212,1686213,1111501
1686301,309096,1111524
1686301,309109,1111524
1686396,1686397,1111539
1686450,309198,1111553
1686513,1686514,1111556
831861,309601,1111581
831861,309606,1111581
831861,309614,1111581
831861,309622,1111581
831861,1687055,1111581
831880,309640,1111581
831880,309642,1111581
831880,1687075,1111581
1687044,1687045,1111581
1686712,1686714,1111593
831715,1686722,1111596
1686729,309310,1111598
831755,1686757,1111630
831763,309386,1111640
1686799,1686805,1111664
1686800,1686804,1111664
1686822,309424,1111669
1686831,309432,1111671
1686846,309443,1111675
310389,1687436,1111781
1687399,1687400,1111781
1687402,1687403,1111781
1687405,1687407,1111781
1687410,1687411,1111781
1687413,1687414,1111781
1687416,1687417,1111781
1687419,1687420,1111781
1687422,1687423,1111781
1687425,1687426,1111781
1687428,1687429,1111781
1687617,1687620,1111781
1687626,1687629,1111781
1687636,1687639,1111781
1687645,1687646,1111781
1687648,1687649,1111781
1687651,1687652,1111781
1687654,1687655,1111781
1687657,1687658,1111781
1687660,1687661,1111781
1687663,1687664,1111781
832135,1687929,1111875
832341,1688331,1111945
832275,1688278,1111977
832295,310715,1111986
1688594,311100,1112023
1688594,1688603,1112023
311863,1689526,1112269
1689751,1689752,1112304
1689757,1689759,1112310
1689781,1689782,1112312
1689799,1689803,1112314
1689811,1689812,1112316
1689815,1689816,1112316
1689818,311935,1112316
1689821,311936,1112316
1689828,1689829,1112318
1689832,1689833,1112318
1689835,311957,1112318
1689838,311958,1112318
832999,312251,1112344
832999,312253,1112344
832999,312264,1112344
832999,1690061,1112344
1690052,1690053,1112344
1690192,1690193,1112383
1690196,1690197,1112383
1690200,1690201,1112383
1690330,1690331,1112425
1690332,1690333,1112425
1690423,1690424,1112435
1690425,1690426,1112435
1690701,1690702,1112490
1691425,1691426,1112758
1691602,1691633,1112786
1691604,1691605,1112786
1691716,1691717,1112800
313714,1691839,1112824
313735,1691871,1112828
313751,1691887,1112830
313764,1691897,1112834
834089,314306,1112934
834103,1692392,1112943
834112,314365,1112958
834129,314404,1112972
834164,1692640,1112988
834164,1692641,1112988
834211,1692686,1112995
834242,314507,1113005
1693097,1693098,1113147
1693258,1693259,1113203
1693259,1693260,1113203
1693261,1693262,1113203
834423,1693272,1113219
1693287,1693289,1113228
1693289,1693290,1113228
315248,1693391,1113254
1693426,1693428,1113257
1693430,1693431,1113257
1693527,1693529,1113281
1693581,315164,1113288
315621,1693697,1113297
1693688,315368,1113297
834644,315314,1113300
1693911,1693945,1113368
1693914,1693915,1113368
1694043,1694044,1113412
834919,1694217,1113531
834935,1694218,1113531
1694395,1694397,1113577
1694456,1694459,1113604
1694461,1694463,1113604
1694465,1694466,1113604
1694479,1694482,1113606
1694484,1694486,1113606
1694488,1694489,1113606
1695023,316343,1113706
1695233,316430,1113796
835170,1695409,1113871
835175,1695418,1113873
1695547,316689,1113913
1696205,1696207,1114025
1696306,1696333,1114063
1696325,1696326,1114063
1696463,1696464,1114100
1696640,1696630,1114116
1696833,1696741,1114147
1696833,1696820,1114147
1696833,1696914,1114147
1696833,1696950,1114147
1696833,1696960,1114147
1696833,1696983,1114147
1696833,1696990,1114147
1696833,1696998,1114147
1696833,1697005,1114147
1696839,317352,1114163
1696867,317353,1114163
1696911,317409,1114163
1697032,317408,1114163
1697090,1697112,1114190
1697106,1697117,1114190
317501,1697267,1114213
317501,1697272,1114213
317501,1697294,1114213
317501,1697295,1114213
317501,1697419,1114213
317501,1697423,1114213
317501,1697480,1114213
317501,1697572,1114213
317503,1697235,1114213
317503,1697255,1114213
317503,1697286,1114213
317503,1697288,1114213
1697882,1698041,1114263
1697882,1698254,1114263
1697894,1697897,1114263
1697894,1697903,1114263
1697894,1697905,1114263
1697894,1697908,1114263
1697894,1697910,1114263
1697894,1697913,1114263
1697894,1697915,1114263
1697894,1697918,1114263
1697894,1697920,1114263
1697894,1697924,1114263
1697894,1697926,1114263
1697894,1697929,1114263
1697894,1697932,1114263
1697894,1697935,1114263
1697894,1697937,1114263
1697894,1697940,1114263
1697894,1697943,1114263
1697894,1697947,1114263
1697894,1697949,1114263
1697894,1697952,1114263
1697894,1697955,1114263
1697894,1697958,1114263
1697894,1697961,1114263
1697894,1697964,1114263
1697894,1697967,1114263
1697894,1697981,1114263
1698069,317707,1114269
1698093,317708,1114269
1698110,1698111,1114269
1698114,1698115,1114269
1698120,317768,1114269
1698168,317767,1114269
1698612,1698551,1114295
1698612,1698605,1114295
1698612,1698673,1114295
1698612,1698692,1114295
1698612,1698698,1114295
1698612,1698713,1114295
1698612,1698717,1114295
1698612,1698721,1114295
1698612,1698725,1114295
1698786,1698939,1114301
1698786,1699035,1114301
1698804,1698810,1114301
1698804,1698820,1114301
1698804,1698824,1114301
1698804,1698829,1114301
1698804,1698832,1114301
1698804,1698838,1114301
1698804,1698840,1114301
1698804,1698843,1114301
1698804,1698845,1114301
1698804,1698849,1114301
1698804,1698851,1114301
1698804,1698854,1114301
1698804,1698857,1114301
1698804,1698860,1114301
1698804,1698862,1114301
1698804,1698865,1114301
1698804,1698868,1114301
1698804,1698872,1114301
1698804,1698874,1114301
1698804,1698877,1114301
1698804,1698880,1114301
1698804,1698883,1114301
1698804,1698886,1114301
1698804,1698889,1114301
1698804,1698892,1114301
1698804,1698906,1114301
1699067,1699108,1114309
1699072,1699114,1114309
1699084,1699112,1114309
1699090,1699091,1114309
1699188,1699233,1114327
1699196,1699245,1114327
1699207,1699242,1114327
1699213,1699214,1114327
1699373,1699503,1114336
1699405,1699507,1114336
1699571,1699572,1114353
1699572,1699575,1114353
1699588,1699589,1114355
1699589,1699590,1114355
1699590,1699591,1114355
1699592,1699593,1114355
1699593,1699594,1114355
1699594,1699595,1114355
1699628,1699661,1114359
1699856,1699857,1114379
1701061,1701064,1114546
836392,319121,1114712
319622,319626,1114927
1702140,319740,1114999
836796,1702319,1115045
1702316,1702317,1115045
1702324,1702327,1115045
1702325,1702326,1115045
1702328,1702332,1115045
1702330,1702331,1115045
1702663,1702705,1115068
1702759,320234,1115149
1702771,320247,1115159
1702998,1702999,1115204
1703717,320825,1115268
1703774,1703784,1115281
1703778,320845,1115281
1703779,1703786,1115281
1703933,320874,1115284
1703936,1703937,1115284
1703998,320921,1115290
1704001,320929,1115290
1704003,1704004,1115290
1704028,1704029,1115292
837402,1704125,1115294
1704130,321019,1115294
1704156,1704157,1115296
1704225,1704226,1115298
1704255,321036,1115312
1704350,321158,1115336
1704362,1704363,1115336
1704368,1704370,1115336
1704379,1704382,1115336
1704388,1704389,1115336
1704523,321267,1115393
837629,321645,1115444
837634,321670,1115444
1704785,1704815,1115444
1704718,1704719,1115465
1705069,1705070,1115526
321850,1705147,1115538
1705148,1705149,1115538
1705238,1705252,1115575
1705248,1705249,1115575
1705494,1705495,1115599
1705506,1705530,1115599
1705586,1705587,1115627
837817,1705708,1115641
837817,1705711,1115641
837817,1705712,1115641
837817,1705713,1115641
837817,1705714,1115641
837817,1705715,1115641
837817,1705716,1115641
1705706,1705707,1115641
1705709,1705710,1115641
1705919,1705920,1115725
1706006,1706038,1115735
1706286,1706288,1115835
1706407,1706408,1115858
322591,1706470,1115864
322591,1706474,1115864
322591,1706477,1115864
322591,1706480,1115864
1706504,1706507,1115873
1706508,1706509,1115873
322667,1706719,1115886
322667,1706721,1115886
838086,1706725,1115886
322631,1706700,1115893
322631,1706701,1115893
322631,1706704,1115893
322631,1706705,1115893
1706790,322732,1115914
1706790,322735,1115914
1706790,322760,1115914
1706790,322761,1115914
322935,322964,1115961
322970,1706992,1115961
322970,1706993,1115961
322970,1707010,1115961
322970,1707012,1115961
323411,1707427,1116117
323411,1707431,1116117
323411,1707433,1116117
323411,1707436,1116117
323421,1707416,1116117
323421,1707421,1116117
323421,1707423,1116117
323421,1707425,1116117
1707528,1707531,1116158
324064,324069,1116434
324205,324193,1116547
324205,324202,1116547
324205,324203,1116547
838784,1708258,1116567
1708322,1708326,1116591
1708388,1708390,1116612
838860,1708413,1116616
838860,1708415,1116616
838860,1708417,1116616
838860,1708418,1116616
838956,324532,1116676
838956,1708744,1116676
838956,1708749,1116676
838956,1708773,1116676
1708766,324522,1116676
1708766,1708768,1116676
1708615,324428,1116680
1708660,324436,1116686
1708665,1708666,1116686
324600,324561,1116716
324600,324566,1116716
324600,324571,1116716
324600,324574,1116716
324600,324579,1116716
324600,324582,1116716
324600,324585,1116716
324600,324588,1116716
839016,1708887,1116724
1708838,324563,1116726
1708840,324568,1116726
838980,1708856,1116731
838980,1708857,1116731
1709019,1709020,1116759
1709028,1709030,1116759
1709031,1709032,1116759
1709039,1709040,1116759
1709041,1709042,1116759
1709045,1709046,1116759
1709049,1709050,1116759
1709066,1709067,1116759
1709071,1709072,1116759
1709076,1709078,1116759
324792,324784,1116769
324792,324785,1116769
324792,324810,1116769
324792,324814,1116769
324792,1709141,1116769
324792,1709144,1116769
324792,1709147,1116769
1709209,1709210,1116777
1709211,1709212,1116777
1709214,1709215,1116777
839228,1709608,1116842
839228,1709611,1116842
839228,1709613,1116842
839228,1709614,1116842
839228,1709615,1116842
839228,1709616,1116842
839228,1709617,1116842
839228,1709618,1116842
839228,1709619,1116842
1710376,1710377,1117108
1710412,1710413,1117122
1710415,1710416,1117122
1710441,1710442,1117130
1710444,1710445,1117130
1710454,1710455,1117132
1710457,1710458,1117132
1710510,1710511,1117153
1710513,1710514,1117153
1710526,1710527,1117157
1710541,1710542,1117159
1710555,1710556,1117163
1710593,1710594,1117169
1710604,1710605,1117171
1710626,1710627,1117178
1710631,1710632,1117178
1710647,1710648,1117184
1710651,1710652,1117184
1710656,1710657,1117184
1710697,1710698,1117200
1710732,1710733,1117204
1710755,1710756,1117207
1710768,1710769,1117211
1710793,1710795,1117217
1710815,1710816,1117243
1710824,1710825,1117245
1710865,1710866,1117251
1710894,1710895,1117255
1710887,1710888,1117259
1710905,1710906,1117262
1710962,1710965,1117281
1711019,1711020,1117290
326741,326746,1117575
326741,326747,1117575
326741,326764,1117575
326741,326765,1117575
326741,326771,1117575
326741,326772,1117575
326741,326773,1117575
326741,326778,1117575
326741,326779,1117575
326741,326780,1117575
326741,1711867,1117575
326741,1711868,1117575
326741,1711870,1117575
326741,1711871,1117575
326741,1711872,1117575
326741,1711873,1117575
326741,1711898,1117575
326741,1711899,1117575
326741,1711900,1117575
326741,1711901,1117575
326741,1711902,1117575
326741,1711903,1117575
326743,1711861,1117575
326743,1711863,1117575
326743,1711865,1117575
326743,1711881,1117575
1711891,326784,1117575
1711891,326785,1117575
1711891,1711857,1117575
1711891,1711858,1117575
1711891,1711859,1117575
1711891,1711860,1117575
1711997,326831,1117600
840413,327118,1117679
1712349,1712351,1117693
1712380,327187,1117693
1712380,327193,1117693
1712382,327180,1117693
1712382,327185,1117693
1712469,1712470,1117703
1712472,1712473,1117703
1712477,1712478,1117703
1712480,1712481,1117703
1712486,1712487,1117703
1712489,1712490,1117703
1712644,1712645,1117715
1712809,1712810,1117728
1713284,327511,1117812
840763,1713418,1117826
840763,1713422,1117826
1713445,1713447,1117828
1713445,1713450,1117828
1713513,1713514,1117843
840844,1713584,1117855
1713601,1713602,1117857
840857,1713614,1117859
1713963,328085,1118019
329044,329052,1118338
1715194,1715195,1118357
1715198,1715199,1118357
1715202,1715203,1118357
1715206,1715207,1118357
1715213,1715214,1118357
1715219,1715220,1118357
1715226,1715227,1118357
1715232,1715233,1118357
1715238,1715240,1118357
1715833,329719,1118540
1716552,1716553,1118733
1716568,1716569,1118733
1716584,1716585,1118733
1716717,1716718,1118755
1716720,1716721,1118755
1716971,330994,1118808
842553,1717156,1118877
1717355,1717357,1118918
1718067,1718070,1119165
1718255,1718256,1119338
1718328,1718329,1119375
1718330,1718331,1119375
1718356,1718361,1119384
1718368,1718357,1119384
1718368,1718358,1119384
1718387,1718389,1119411
332883,332943,1119640
333008,1719031,1119640
333008,1719033,1119640
333008,1719036,1119640
333008,1719041,1119640
333008,1719043,1119640
333008,1719045,1119640
333008,1719096,1119640
333008,1719098,1119640
1719061,1719062,1119640
1719082,1719124,1119640
1719128,1719132,1119640
1719589,1719591,1120024
1719608,1719609,1120024
1719921,1719927,1120371
1719923,1719924,1120371
1719927,1719928,1120371
1719931,1719933,1120371
1719934,1719936,1120371
1719937,1719939,1120371
1719940,1719942,1120371
1719943,1719945,1120371
1719946,1719948,1120371
1719949,1719951,1120371
1719952,1719954,1120371
1719955,1719958,1120371
1719959,1719961,1120371
1719962,1719964,1120371
1719965,1719967,1120371
1719968,1719970,1120371
1719971,1719973,1120371
1719974,1719976,1120371
1719977,1719979,1120371
1719980,1719982,1120371
1719983,1719985,1120371
1719986,1719988,1120371
1719989,1719991,1120371
1719992,1719994,1120371
1719995,1719997,1120371
1719998,1720000,1120371
1720001,1720003,1120371
1720340,334178,1120414
1720282,1720287,1120422
1720282,1720292,1120422
1720282,1720297,1120422
1720357,334187,1120430
1720531,334307,1120459
1720531,1720499,1120459
843716,1720799,1120529
1721531,335160,1120645
335528,1721776,1120707
1722367,1722370,1120904
1722367,1722373,1120904
1722413,336894,1120916
1722415,336895,1120916
1722427,336902,1120923
1722429,336903,1120923
1722652,1722653,1121049
1723043,1723044,1121158
1723045,1723046,1121158
1723067,337528,1121166
1723069,1723070,1121166
1723094,337567,1121177
1723095,1723096,1121177
1723349,1723350,1121262
1723351,1723353,1121264
1723584,1723588,1121345
1723598,1723602,1121351
337982,1723630,1121360
1724127,338432,1121489
1724129,1724130,1121489
845169,1724336,1121505
1724355,1724356,1121505
1724360,1724361,1121505
845231,339035,1121526
845231,339046,1121526
1724861,1724862,1121665
1724865,1724866,1121665
1724867,1724869,1121665
1724872,339387,1121665
1724876,1724872,1121665
1724950,1724951,1121698
1724952,1724953,1121698
1724969,1724970,1121705
1724971,1724972,1121705
1724987,1724989,1121707
1724991,1724993,1121707
1725094,1725095,1121742
1725156,339588,1121761
1725157,339589,1121761
1725158,339601,1121761
1725287,1725288,1121827
1725320,1725321,1121841
1725385,1725387,1121866
1725419,1725421,1121869
1725438,1725441,1121877
1725441,1725442,1121877
1725456,1725458,1121883
1725458,1725459,1121883
339848,339970,1121918
339848,1725615,1121918
339848,1725617,1121918
339848,1725618,1121918
339848,1725620,1121918
339848,1725625,1121918
339848,1725632,1121918
339848,1725651,1121918
1725564,1725565,1121922
1725567,339808,1121922
1725729,1725730,1121987
1725737,1725738,1121987
1725781,1725783,1121994
1725791,1725792,1121994
845623,1725773,1121997
845623,1725777,1121997
1725826,1725827,1122002
1725830,1725831,1122002
340002,1725847,1122006
340030,1725874,1122019
1725882,1725883,1122024
340054,1725888,1122026
1725913,1725914,1122031
1725932,1725933,1122041
1725949,340079,1122047
1726060,1726141,1122060
1726060,1726152,1122060
1726062,1726064,1122060
1726062,1726066,1122060
1726062,1726070,1122060
1726062,1726072,1122060
1726062,1726076,1122060
1726062,1726078,1122060
1726062,1726082,1122060
1726062,1726084,1122060
1726062,1726086,1122060
1726062,1726090,1122060
1726062,1726092,1122060
1726062,1726096,1122060
1726062,1726098,1122060
1726062,1726102,1122060
1726062,1726104,1122060
1726062,1726108,1122060
1726062,1726110,1122060
1726062,1726112,1122060
1726062,1726118,1122060
1726062,1726124,1122060
1726062,1726135,1122060
1726426,1726429,1122097
1726575,1726577,1122111
1726589,340409,1122113
1726596,1726597,1122113
1726598,1726599,1122113
1726601,1726602,1122113
1726604,1726605,1122113
1726776,1726789,1122123
1726785,1726786,1122123
1726801,1726802,1122135
1726948,1726949,1122141
1727001,1727014,1122153
1727062,340719,1122187
340765,1727167,1122196
340883,1727520,1122282
1728285,1728286,1122339
1728289,1728290,1122339
1727930,341193,1122366
1729041,1729042,1122463
1729062,1729065,1122467
1729120,1729121,1122478
1729151,342532,1122480
1729153,1729154,1122480
1729237,1729240,1122482
1729244,342558,1122484
1729246,1729247,1122484
1729264,1729265,1122486
1729270,1729271,1122486
1729529,1729531,1122502
1729534,1729535,1122502
1729539,1729540,1122502
1729778,343342,1122571
1730152,1730153,1122685
1730163,1730164,1122685
1730165,343953,1122685
1730178,1730179,1122685
1730187,1730188,1122685
1730195,343787,1122685
1730196,343792,1122685
1730199,1730202,1122685
1730200,1730201,1122685
1730208,1730209,1122685
846911,1730325,1122703
846956,1730371,1122719
847044,1730512,1122727
343959,1730483,1122729
1730481,1730485,1122729
1730518,1730521,1122735
1730766,1730768,1122953
344286,1730853,1122964
1730830,1730842,1122964
1730832,1730833,1122964
1730838,1730839,1122964
1730993,1730994,1123050
1731036,1731037,1123066
1731076,1731080,1123087
1731077,1731079,1123087
1731111,1731118,1123108
1731112,1731117,1123108
1731165,1731166,1123127
1731175,1731176,1123127
1731221,1731222,1123140
1731236,1731237,1123145
1731286,1731289,1123159
1731306,1731307,1123162
1731311,1731312,1123162
1731444,1731448,1123194
1731445,1731447,1123194
1731464,1731467,1123205
1731484,1731485,1123208
345500,1732274,1123353
345573,1732345,1123382
345682,1732461,1123413
1733082,346210,1123562
1733082,346216,1123562
1733082,346220,1123562
1733082,346243,1123562
1733082,346249,1123562
1733082,346252,1123562
1733082,1733096,1123562
1733082,1733097,1123562
1733322,1733323,1123633
346628,346643,1123639
1733420,1733413,1123639
1733420,1733456,1123639
1733420,1733457,1123639
1733708,1733689,1123679
1733847,1733866,1123730
1733847,1733869,1123730
1733847,1733871,1123730
1733847,1733892,1123730
1733871,1733872,1123730
848345,1734019,1123756
848345,1734022,1123756
848345,1734024,1123756
1734024,1734026,1123756
1734042,1734025,1123756
1734059,1734016,1123756
848361,1734088,1123770
1734287,347325,1123830
1734313,347371,1123840
1734394,347402,1123864
1734705,1734691,1123922
1734705,1734692,1123922
1734705,1734693,1123922
1734705,1734694,1123922
1734705,1734695,1123922
1734705,1734696,1123922
1734705,1734697,1123922
848723,1734729,1123929
848723,1734731,1123929
848723,1734733,1123929
848723,1734734,1123929
848729,1734735,1123929
1734889,1734892,1123981
1734889,1734893,1123981
1734972,1734973,1123996
1734972,1734979,1123996
1734972,1734982,1123996
348160,1735198,1124062
348161,348188,1124062
348173,1735200,1124062
348174,348190,1124062
1735221,348176,1124068
1735983,1735985,1124295
1736119,349252,1124326
1736184,1736185,1124331
1736184,1736191,1124331
349352,349370,1124336
349352,1736216,1124336
349352,1736218,1124336
349352,1736227,1124336
349637,1736430,1124377
349637,1736434,1124377
349637,1736436,1124377
349637,1736437,1124377
849569,1736435,1124377
1736503,1736504,1124389
1736590,349656,1124400
1736593,1736594,1124400
1736681,349784,1124404
1736684,349791,1124404
1736690,1736691,1124404
1736763,349858,1124424
1736764,349868,1124424
1736765,1736766,1124424
1736956,350218,1124470
1736956,350254,1124470
1736956,1736957,1124470
1736956,1736966,1124470
350614,1737215,1124540
1737207,350613,1124540
350698,1737286,1124549
1737278,1737282,1124549
1737280,1737281,1124549
350785,1737359,1124566
1737342,350784,1124566
350920,350953,1124609
350920,1737454,1124609
350920,1737458,1124609
1737481,1737482,1124626
1737528,1737544,1124638
1737534,1737539,1124638
1737672,351261,1124685
1737675,351257,1124685
1737795,1737796,1124714
1737797,1737798,1124714
1737830,1737831,1124722
1737903,1737904,1124727
1737904,1737905,1124727
1737935,1737936,1124737
1737937,1737938,1124737
1737949,1737950,1124742
1737951,1737952,1124742
1737975,1737976,1124746
1737977,1737978,1124746
1737983,1737984,1124748
1737985,1737986,1124748
1738038,1738055,1124750
850643,1738940,1124937
850643,1738941,1124937
1739022,352705,1124950
850710,352877,1124968
850710,1739066,1124968
850710,1739067,1124968
850710,1739068,1124968
850710,1739069,1124968
850710,1739070,1124968
850710,1739071,1124968
1739235,1739255,1125043
1739267,1739262,1125043
1739862,1739869,1125108
1739862,1739873,1125108
1739862,1739880,1125108
1739862,1739885,1125108
1739862,1739892,1125108
1739862,1739896,1125108
1739862,1739902,1125108
1739862,1739906,1125108
1739862,1739912,1125108
1739862,1739916,1125108
1739862,1739922,1125108
1739862,1739927,1125108
1739862,1739933,1125108
1739862,1739938,1125108
1739862,1739944,1125108
1739862,1739948,1125108
1739862,1739954,1125108
1739862,1739958,1125108
1739862,1739964,1125108
1739862,1739968,1125108
1739972,1739979,1125112
1739992,1739993,1125116
1739992,1739996,1125116
1739992,1739998,1125116
1739992,1740000,1125116
1739992,1740002,1125116
1739992,1740005,1125116
1739992,1740007,1125116
1739992,1740009,1125116
1739992,1740011,1125116
1739992,1740013,1125116
1739992,1740016,1125116
1739992,1740018,1125116
1740462,1740463,1125260
1740466,1740467,1125260
1740582,354220,1125305
1740702,354307,1125359
354540,1741488,1125476
355437,1743442,1125896
355437,1743446,1125896
355437,1743469,1125896
355437,1743531,1125896
355437,1743534,1125896
1743714,355467,1125935
1744913,1744916,1125947
1744913,1744918,1125947
1744913,1744920,1125947
1744913,1744924,1125947
1744913,1744926,1125947
1744913,1744930,1125947
1744913,1744934,1125947
1744913,1744936,1125947
1744913,1744940,1125947
1744913,1744945,1125947
1744913,1744949,1125947
1744913,1744951,1125947
1744913,1744955,1125947
1744913,1744959,1125947
1744913,1744963,1125947
1744913,1744967,1125947
1744913,1744969,1125947
1744913,1744973,1125947
1744913,1744977,1125947
1744913,1744981,1125947
1744913,1744985,1125947
1744913,1744989,1125947
1744913,1744991,1125947
1744913,1744995,1125947
1744913,1744999,1125947
1744913,1745003,1125947
1744913,1745007,1125947
1744913,1745011,1125947
1744913,1745015,1125947
1744913,1745017,1125947
1744913,1745021,1125947
1744913,1745025,1125947
1744913,1745029,1125947
1744913,1745033,1125947
1744913,1745037,1125947
1744913,1745041,1125947
1744913,1745045,1125947
1744913,1745047,1125947
1744913,1745051,1125947
1744913,1745055,1125947
1744913,1745059,1125947
1744913,1745063,1125947
1744913,1745067,1125947
1744913,1745071,1125947
1744913,1745075,1125947
1744913,1745079,1125947
1744913,1745081,1125947
1744913,1745085,1125947
1744913,1745089,1125947
1744913,1745093,1125947
1744913,1745097,1125947
1744913,1745101,1125947
1744913,1745105,1125947
1744913,1745109,1125947
1744913,1745113,1125947
1744913,1745117,1125947
1744913,1745119,1125947
1744913,1745123,1125947
1744913,1745127,1125947
1744913,1745131,1125947
1744913,1745135,1125947
1744913,1745139,1125947
1744913,1745143,1125947
1744913,1745148,1125947
1744913,1745152,1125947
1744913,1745157,1125947
1744913,1745161,1125947
1744913,1745163,1125947
1744913,1745167,1125947
1744913,1745171,1125947
1744913,1745175,1125947
1744913,1745179,1125947
1744913,1745183,1125947
1744913,1745187,1125947
1744913,1745192,1125947
1744913,1745196,1125947
1744913,1745200,1125947
1744913,1745204,1125947
1744913,1745208,1125947
1744913,1745210,1125947
1744913,1745214,1125947
1744913,1745218,1125947
1744913,1745226,1125947
1744913,1745231,1125947
1744913,1745235,1125947
1744913,1745239,1125947
1744913,1745243,1125947
1744913,1745247,1125947
1744913,1745251,1125947
1744913,1745255,1125947
1744913,1745259,1125947
1744913,1745263,1125947
1744913,1745266,1125947
1744913,1745270,1125947
1744913,1745274,1125947
1744913,1745279,1125947
1744913,1745287,1125947
1744913,1745296,1125947
1744913,1745305,1125947
1744913,1745313,1125947
1744913,1745318,1125947
1744913,1745322,1125947
1744913,1745326,1125947
1744913,1745330,1125947
1744913,1745334,1125947
1744913,1745339,1125947
1744913,1745341,1125947
1744913,1745345,1125947
1744913,1745349,1125947
1744913,1745353,1125947
1744913,1745358,1125947
1744913,1745362,1125947
1744913,1745366,1125947
1744913,1745370,1125947
1744913,1745374,1125947
1744913,1745378,1125947
1744913,1745382,1125947
1744913,1745386,1125947
1744913,1745390,1125947
1744913,1745394,1125947
1744913,1745398,1125947
1744913,1745401,1125947
1744913,1745407,1125947
1744913,1745415,1125947
1744913,1745423,1125947
1744913,1745427,1125947
1744913,1745432,1125947
1744913,1745443,1125947
1744913,1745452,1125947
1744913,1745459,1125947
1744913,1745465,1125947
1744913,1745471,1125947
1744913,1745476,1125947
1744913,1745481,1125947
1744913,1745487,1125947
1744913,1745497,1125947
1744913,1745507,1125947
1744913,1745510,1125947
1744913,1745514,1125947
1744913,1745519,1125947
1744913,1745523,1125947
1744913,1745528,1125947
1744913,1745533,1125947
1744913,1745537,1125947
1744913,1745541,1125947
1744913,1745546,1125947
1744913,1745550,1125947
1744913,1745554,1125947
1744913,1745558,1125947
1744913,1745562,1125947
1744913,1745567,1125947
1744913,1745571,1125947
1744913,1745575,1125947
1744913,1745579,1125947
1744913,1745581,1125947
1744913,1745585,1125947
1744913,1745589,1125947
1744913,1745593,1125947
1744913,1745597,1125947
1744913,1745601,1125947
1744913,1745605,1125947
1744913,1745609,1125947
1744913,1745613,1125947
1744913,1745617,1125947
1744913,1745621,1125947
1744913,1745625,1125947
1744913,1745629,1125947
1744913,1745633,1125947
1744913,1745637,1125947
1744913,1745641,1125947
1744913,1745645,1125947
1744913,1745649,1125947
1744913,1745651,1125947
1744913,1745655,1125947
1744913,1745659,1125947
1744913,1745663,1125947
1744913,1745667,1125947
1744913,1745671,1125947
1744913,1745675,1125947
1744913,1745679,1125947
1744913,1745683,1125947
1744913,1745687,1125947
1744913,1745691,1125947
1744913,1745695,1125947
1744913,1745699,1125947
1744913,1745703,1125947
1744913,1745707,1125947
1744913,1745711,1125947
1744913,1745715,1125947
1744913,1745719,1125947
1744913,1745723,1125947
1744913,1745725,1125947
1744913,1745729,1125947
1744913,1745733,1125947
1744913,1745737,1125947
1744913,1745762,1125947
1744913,1745770,1125947
1744913,1745779,1125947
1744913,1745791,1125947
1744913,1745799,1125947
1744913,1745808,1125947
1744913,1745816,1125947
1744913,1745825,1125947
1744913,1745834,1125947
1744913,1745841,1125947
1744913,1745845,1125947
1744913,1745850,1125947
1744913,1745854,1125947
1744913,1745859,1125947
1744913,1745862,1125947
1744913,1745870,1125947
1744913,1745877,1125947
1744913,1745885,1125947
1744913,1745892,1125947
1744913,1745900,1125947
1744913,1745904,1125947
1744913,1745908,1125947
1744913,1745912,1125947
1744913,1745916,1125947
1744913,1745920,1125947
1744913,1745924,1125947
1744913,1745928,1125947
1744913,1745932,1125947
1744913,1745936,1125947
1744913,1745940,1125947
1744913,1745944,1125947
1744913,1745946,1125947
1744913,1745950,1125947
1744913,1745954,1125947
1744913,1745959,1125947
1744913,1745963,1125947
1744913,1745968,1125947
1744913,1745972,1125947
1744913,1745976,1125947
1744913,1745981,1125947
1744913,1745985,1125947
1744913,1745989,1125947
1744913,1745994,1125947
1744913,1745998,1125947
1744913,1746003,1125947
1744913,1746007,1125947
1744913,1746011,1125947
1744913,1746013,1125947
1744913,1746017,1125947
1744913,1746021,1125947
1744913,1746026,1125947
1744913,1746030,1125947
1744913,1746035,1125947
1744913,1746039,1125947
1744913,1746043,1125947
1744913,1746047,1125947
1744913,1746051,1125947
1744913,1746055,1125947
1744913,1746059,1125947
1744913,1746063,1125947
1744913,1746068,1125947
1744913,1746074,1125947
1744913,1746076,1125947
1744913,1746081,1125947
1744913,1746085,1125947
1744913,1746089,1125947
1744913,1746093,1125947
1744913,1746097,1125947
1744913,1746101,1125947
1744913,1746105,1125947
1744913,1746109,1125947
1744913,1746113,1125947
1744913,1746117,1125947
1744913,1746121,1125947
1744913,1746125,1125947
1744913,1746129,1125947
1744913,1746131,1125947
1744913,1746136,1125947
1744913,1746141,1125947
1744913,1746145,1125947
1744913,1746150,1125947
1744913,1746154,1125947
1744913,1746158,1125947
1744913,1746162,1125947
1744913,1746166,1125947
1744913,1746170,1125947
1744913,1746174,1125947
1744913,1746178,1125947
1744913,1746182,1125947
1744913,1746184,1125947
1744913,1746188,1125947
1744913,1746192,1125947
1744913,1746196,1125947
1744913,1746200,1125947
1744913,1746204,1125947
1744913,1746208,1125947
1744913,1746212,1125947
1744913,1746216,1125947
1744913,1746220,1125947
1744913,1746224,1125947
1744913,1746228,1125947
1744913,1746230,1125947
1744913,1746234,1125947
1744913,1746238,1125947
1744913,1746242,1125947
1744913,1746246,1125947
1744913,1746250,1125947
1744913,1746254,1125947
1744913,1746258,1125947
1744913,1746263,1125947
1744913,1746267,1125947
1744913,1746271,1125947
1744913,1746273,1125947
1744913,1746277,1125947
1744913,1746281,1125947
1744913,1746285,1125947
1744913,1746289,1125947
1744913,1746293,1125947
1744913,1746297,1125947
1744913,1746301,1125947
1744913,1746305,1125947
1744913,1746309,1125947
1744913,1746311,1125947
1744913,1746315,1125947
1744913,1746319,1125947
1744913,1746323,1125947
1744913,1746327,1125947
1744913,1746331,1125947
1744913,1746335,1125947
1744913,1746339,1125947
1744913,1746343,1125947
1744913,1746345,1125947
1744913,1746349,1125947
1744913,1746353,1125947
1744913,1746357,1125947
1744913,1746361,1125947
1744913,1746365,1125947
1744913,1746369,1125947
1744913,1746373,1125947
1744913,1746375,1125947
1744913,1746379,1125947
1744913,1746383,1125947
1744913,1746387,1125947
1744913,1746391,1125947
1744913,1746395,1125947
1744913,1746399,1125947
1744913,1746401,1125947
1744913,1746405,1125947
1744913,1746409,1125947
1744913,1746413,1125947
1744913,1746417,1125947
1744913,1746421,1125947
1744913,1746423,1125947
1744913,1746428,1125947
1744913,1746432,1125947
1744913,1746442,1125947
1744913,1746454,1125947
1744913,1746458,1125947
1744913,1746470,1125947
1744913,1746477,1125947
1744913,1746484,1125947
1744913,1746487,1125947
1744913,1746493,1125947
1744913,1746502,1125947
1744913,1746504,1125947
1744913,1746508,1125947
1744914,1744915,1125947
1744914,1744917,1125947
1744914,1744919,1125947
1744914,1744923,1125947
1744914,1744925,1125947
1744914,1744929,1125947
1744914,1744933,1125947
1744914,1744935,1125947
1744914,1744939,1125947
1744914,1744944,1125947
1744914,1744948,1125947
1744914,1744950,1125947
1744914,1744954,1125947
1744914,1744958,1125947
1744914,1744962,1125947
1744914,1744966,1125947
1744914,1744968,1125947
1744914,1744972,1125947
1744914,1744976,1125947
1744914,1744980,1125947
1744914,1744984,1125947
1744914,1744988,1125947
1744914,1744990,1125947
1744914,1744994,1125947
1744914,1744998,1125947
1744914,1745002,1125947
1744914,1745006,1125947
1744914,1745010,1125947
1744914,1745014,1125947
1744914,1745016,1125947
1744914,1745020,1125947
1744914,1745024,1125947
1744914,1745028,1125947
1744914,1745032,1125947
1744914,1745036,1125947
1744914,1745040,1125947
1744914,1745044,1125947
1744914,1745046,1125947
1744914,1745050,1125947
1744914,1745054,1125947
1744914,1745058,1125947
1744914,1745062,1125947
1744914,1745066,1125947
1744914,1745070,1125947
1744914,1745074,1125947
1744914,1745078,1125947
1744914,1745080,1125947
1744914,1745084,1125947
1744914,1745088,1125947
1744914,1745092,1125947
1744914,1745096,1125947
1744914,1745100,1125947
1744914,1745104,1125947
1744914,1745108,1125947
1744914,1745112,1125947
1744914,1745116,1125947
1744914,1745118,1125947
1744914,1745122,1125947
1744914,1745126,1125947
1744914,1745130,1125947
1744914,1745134,1125947
1744914,1745138,1125947
1744914,1745142,1125947
1744914,1745146,1125947
1744914,1745151,1125947
1744914,1745155,1125947
1744914,1745160,1125947
1744914,1745162,1125947
1744914,1745166,1125947
1744914,1745170,1125947
1744914,1745174,1125947
1744914,1745178,1125947
1744914,1745182,1125947
1744914,1745186,1125947
1744914,1745191,1125947
1744914,1745195,1125947
1744914,1745199,1125947
1744914,1745203,1125947
1744914,1745207,1125947
1744914,1745209,1125947
1744914,1745213,1125947
1744914,1745217,1125947
1744914,1745225,1125947
1744914,1745230,1125947
1744914,1745234,1125947
1744914,1745238,1125947
1744914,1745242,1125947
1744914,1745246,1125947
1744914,1745250,1125947
1744914,1745254,1125947
1744914,1745258,1125947
1744914,1745262,1125947
1744914,1745265,1125947
1744914,1745269,1125947
1744914,1745273,1125947
1744914,1745278,1125947
1744914,1745285,1125947
1744914,1745295,1125947
1744914,1745304,1125947
1744914,1745311,1125947
1744914,1745317,1125947
1744914,1745321,1125947
1744914,1745325,1125947
1744914,1745329,1125947
1744914,1745333,1125947
1744914,1745338,1125947
1744914,1745340,1125947
1744914,1745344,1125947
1744914,1745348,1125947
1744914,1745352,1125947
1744914,1745357,1125947
1744914,1745361,1125947
1744914,1745365,1125947
1744914,1745369,1125947
1744914,1745373,1125947
1744914,1745377,1125947
1744914,1745381,1125947
1744914,1745385,1125947
1744914,1745389,1125947
1744914,1745393,1125947
1744914,1745397,1125947
1744914,1745399,1125947
1744914,1745405,1125947
1744914,1745413,1125947
1744914,1745422,1125947
1744914,1745426,1125947
1744914,1745430,1125947
1744914,1745440,1125947
1744914,1745449,1125947
1744914,1745457,1125947
1744914,1745463,1125947
1744914,1745470,1125947
1744914,1745474,1125947
1744914,1745480,1125947
1744914,1745486,1125947
1744914,1745494,1125947
1744914,1745506,1125947
1744914,1745509,1125947
1744914,1745513,1125947
1744914,1745518,1125947
1744914,1745522,1125947
1744914,1745527,1125947
1744914,1745532,1125947
1744914,1745536,1125947
1744914,1745540,1125947
1744914,1745545,1125947
1744914,1745549,1125947
1744914,1745553,1125947
1744914,1745557,1125947
1744914,1745561,1125947
1744914,1745566,1125947
1744914,1745570,1125947
1744914,1745574,1125947
1744914,1745578,1125947
1744914,1745580,1125947
1744914,1745584,1125947
1744914,1745588,1125947
1744914,1745592,1125947
1744914,1745596,1125947
1744914,1745600,1125947
1744914,1745604,1125947
1744914,1745608,1125947
1744914,1745612,1125947
1744914,1745616,1125947
1744914,1745620,1125947
1744914,1745624,1125947
1744914,1745628,1125947
1744914,1745632,1125947
1744914,1745636,1125947
1744914,1745640,1125947
1744914,1745644,1125947
1744914,1745648,1125947
1744914,1745650,1125947
1744914,1745654,1125947
1744914,1745658,1125947
1744914,1745662,1125947
1744914,1745666,1125947
1744914,1745670,1125947
1744914,1745674,1125947
1744914,1745678,1125947
1744914,1745682,1125947
1744914,1745686,1125947
1744914,1745690,1125947
1744914,1745694,1125947
1744914,1745698,1125947
1744914,1745702,1125947
1744914,1745706,1125947
1744914,1745710,1125947
1744914,1745714,1125947
1744914,1745718,1125947
1744914,1745722,1125947
1744914,1745724,1125947
1744914,1745728,1125947
1744914,1745732,1125947
1744914,1745736,1125947
1744914,1745760,1125947
1744914,1745768,1125947
1744914,1745777,1125947
1744914,1745788,1125947
1744914,1745796,1125947
1744914,1745806,1125947
1744914,1745814,1125947
1744914,1745822,1125947
1744914,1745832,1125947
1744914,1745840,1125947
1744914,1745844,1125947
1744914,1745849,1125947
1744914,1745853,1125947
1744914,1745858,1125947
1744914,1745860,1125947
1744914,1745868,1125947
1744914,1745875,1125947
1744914,1745883,1125947
1744914,1745890,1125947
1744914,1745898,1125947
1744914,1745903,1125947
1744914,1745907,1125947
1744914,1745911,1125947
1744914,1745915,1125947
1744914,1745919,1125947
1744914,1745923,1125947
1744914,1745927,1125947
1744914,1745931,1125947
1744914,1745935,1125947
1744914,1745939,1125947
1744914,1745943,1125947
1744914,1745945,1125947
1744914,1745949,1125947
1744914,1745953,1125947
1744914,1745957,1125947
1744914,1745962,1125947
1744914,1745967,1125947
1744914,1745971,1125947
1744914,1745975,1125947
1744914,1745980,1125947
1744914,1745984,1125947
1744914,1745988,1125947
1744914,1745993,1125947
1744914,1745997,1125947
1744914,1746002,1125947
1744914,1746006,1125947
1744914,1746010,1125947
1744914,1746012,1125947
1744914,1746016,1125947
1744914,1746020,1125947
1744914,1746024,1125947
1744914,1746029,1125947
1744914,1746034,1125947
1744914,1746038,1125947
1744914,1746042,1125947
1744914,1746046,1125947
1744914,1746050,1125947
1744914,1746054,1125947
1744914,1746058,1125947
1744914,1746062,1125947
1744914,1746066,1125947
1744914,1746073,1125947
1744914,1746075,1125947
1744914,1746080,1125947
1744914,1746084,1125947
1744914,1746088,1125947
1744914,1746092,1125947
1744914,1746096,1125947
1744914,1746100,1125947
1744914,1746104,1125947
1744914,1746108,1125947
1744914,1746112,1125947
1744914,1746116,1125947
1744914,1746120,1125947
1744914,1746124,1125947
1744914,1746128,1125947
1744914,1746130,1125947
1744914,1746135,1125947
1744914,1746140,1125947
1744914,1746144,1125947
1744914,1746149,1125947
1744914,1746153,1125947
1744914,1746157,1125947
1744914,1746161,1125947
1744914,1746165,1125947
1744914,1746169,1125947
1744914,1746173,1125947
1744914,1746177,1125947
1744914,1746181,1125947
1744914,1746183,1125947
1744914,1746187,1125947
1744914,1746191,1125947
1744914,1746195,1125947
1744914,1746199,1125947
1744914,1746203,1125947
1744914,1746207,1125947
1744914,1746211,1125947
1744914,1746215,1125947
1744914,1746219,1125947
1744914,1746223,1125947
1744914,1746227,1125947
1744914,1746229,1125947
1744914,1746233,1125947
1744914,1746237,1125947
1744914,1746241,1125947
1744914,1746245,1125947
1744914,1746249,1125947
1744914,1746253,1125947
1744914,1746257,1125947
1744914,1746262,1125947
1744914,1746266,1125947
1744914,1746270,1125947
1744914,1746272,1125947
1744914,1746276,1125947
1744914,1746280,1125947
1744914,1746284,1125947
1744914,1746288,1125947
1744914,1746292,1125947
1744914,1746296,1125947
1744914,1746300,1125947
1744914,1746304,1125947
1744914,1746308,1125947
1744914,1746310,1125947
1744914,1746314,1125947
1744914,1746318,1125947
1744914,1746322,1125947
1744914,1746326,1125947
1744914,1746330,1125947
1744914,1746334,1125947
1744914,1746338,1125947
1744914,1746342,1125947
1744914,1746344,1125947
1744914,1746348,1125947
1744914,1746352,1125947
1744914,1746356,1125947
1744914,1746360,1125947
1744914,1746364,1125947
1744914,1746368,1125947
1744914,1746372,1125947
1744914,1746374,1125947
1744914,1746378,1125947
1744914,1746382,1125947
1744914,1746386,1125947
1744914,1746390,1125947
1744914,1746394,1125947
1744914,1746398,1125947
1744914,1746400,1125947
1744914,1746404,1125947
1744914,1746408,1125947
1744914,1746412,1125947
1744914,1746416,1125947
1744914,1746420,1125947
1744914,1746422,1125947
1744914,1746427,1125947
1744914,1746431,1125947
1744914,1746440,1125947
1744914,1746452,1125947
1744914,1746456,1125947
1744914,1746468,1125947
1744914,1746475,1125947
1744914,1746483,1125947
1744914,1746485,1125947
1744914,1746491,1125947
1744914,1746501,1125947
1744914,1746503,1125947
1744914,1746507,1125947
1743829,355537,1125961
851616,355582,1125968
851616,1743875,1125968
1743918,355612,1125982
1743967,1743968,1125998
1743980,1743981,1126000
1743992,1743993,1126007
1744006,1744007,1126011
1744372,1744374,1126122
1744410,1744446,1126139
356156,1744508,1126150
356156,1744511,1126150
356156,1744514,1126150
1744540,1744552,1126157
1744540,1744554,1126157
1744540,1744566,1126157
1744542,1744579,1126157
1744542,1744589,1126157
1744614,1744627,1126166
1744614,1744629,1126166
1744614,1744642,1126166
1744616,1744659,1126166
1744616,1744674,1126166
1744658,356196,1126175
1744700,1744701,1126187
1745282,1745503,1126234
1745284,1745286,1126234
1745293,1745504,1126234
1745297,1745298,1126234
1745308,1745312,1126234
1745310,356518,1126234
1745750,1745751,1126239
1745763,1745778,1126239
1745795,1745807,1126239
1745819,1745831,1126239
1746621,1746622,1126253
851984,1746659,1126264
851990,1746663,1126264
356644,356645,1126280
356644,356646,1126280
356644,356647,1126280
356644,356648,1126280
356644,356649,1126280
356644,356650,1126280
356644,356651,1126280
356644,356654,1126280
356644,356655,1126280
356644,356656,1126280
356644,356657,1126280
356644,356658,1126280
356644,356659,1126280
356644,356660,1126280
356644,356661,1126280
356644,356662,1126280
356644,356663,1126280
356644,356664,1126280
356644,356665,1126280
852018,1746710,1126287
852018,1746715,1126287
1746972,1746974,1126289
1746972,1746976,1126289
1746972,1746979,1126289
1746972,1746981,1126289
1746972,1746984,1126289
1746972,1746986,1126289
1746972,1746989,1126289
1746972,1746991,1126289
1746972,1747009,1126289
1746972,1747010,1126289
1746972,1747011,1126289
1746972,1747012,1126289
1746972,1747016,1126289
1746972,1747017,1126289
1746972,1747018,1126289
1746972,1747019,1126289
1746972,1747023,1126289
1746972,1747024,1126289
1746972,1747027,1126289
1746972,1747028,1126289
1746972,1747029,1126289
1746972,1747030,1126289
1746972,1747033,1126289
1746972,1747034,1126289
1746972,1747038,1126289
1746972,1747039,1126289
1746972,1747040,1126289
1746972,1747041,1126289
1746972,1747044,1126289
1746972,1747045,1126289
1746972,1747049,1126289
1746972,1747050,1126289
1746972,1747053,1126289
1746972,1747054,1126289
1746972,1747055,1126289
1746972,1747056,1126289
1746972,1747059,1126289
1746972,1747060,1126289
1746972,1747063,1126289
1746972,1747064,1126289
1746972,1747068,1126289
1746972,1747069,1126289
1746972,1747070,1126289
1746972,1747071,1126289
1746972,1747074,1126289
1746972,1747075,1126289
1746972,1747078,1126289
1746972,1747079,1126289
1746972,1747083,1126289
1746972,1747084,1126289
1746972,1747087,1126289
1746972,1747088,1126289
1746972,1747089,1126289
1746972,1747090,1126289
1746972,1747093,1126289
1746972,1747094,1126289
1746972,1747097,1126289
1746972,1747098,1126289
1746972,1747101,1126289
1746972,1747102,1126289
1746972,1747106,1126289
1746972,1747107,1126289
1746972,1747108,1126289
1746972,1747109,1126289
1746972,1747112,1126289
1746972,1747113,1126289
1746972,1747116,1126289
1746972,1747117,1126289
1746972,1747120,1126289
1746972,1747121,1126289
1746972,1747125,1126289
1746972,1747126,1126289
1746972,1747129,1126289
1746972,1747130,1126289
1746972,1747131,1126289
1746972,1747132,1126289
1746972,1747135,1126289
1746972,1747136,1126289
1746972,1747139,1126289
1746972,1747140,1126289
1746972,1747143,1126289
1746972,1747144,1126289
1746972,1747147,1126289
1746972,1747148,1126289
1746972,1747152,1126289
1746972,1747153,1126289
1746972,1747155,1126289
1746972,1747156,1126289
1746972,1747159,1126289
1746972,1747160,1126289
1746972,1747163,1126289
1746972,1747164,1126289
1746972,1747167,1126289
1746972,1747168,1126289
1746972,1747171,1126289
1746972,1747172,1126289
1746972,1747176,1126289
1746972,1747177,1126289
1746972,1747182,1126289
1746972,1747183,1126289
1746972,1747184,1126289
1746972,1747185,1126289
1746972,1747188,1126289
1746972,1747189,1126289
1746972,1747192,1126289
1746972,1747193,1126289
1746972,1747196,1126289
1746972,1747197,1126289
1746972,1747200,1126289
1746972,1747201,1126289
1746972,1747204,1126289
1746972,1747205,1126289
1746972,1747209,1126289
1746972,1747210,1126289
1746972,1747211,1126289
1746972,1747212,1126289
1746972,1747215,1126289
1746972,1747216,1126289
1746972,1747219,1126289
1746972,1747220,1126289
1746972,1747223,1126289
1746972,1747224,1126289
1746972,1747227,1126289
1746972,1747228,1126289
1746972,1747231,1126289
1746972,1747233,1126289
1746972,1747239,1126289
1746972,1747240,1126289
1746972,1747243,1126289
1746972,1747244,1126289
1746972,1747245,1126289
1746972,1747246,1126289
1746972,1747249,1126289
1746972,1747250,1126289
1746972,1747253,1126289
1746972,1747254,1126289
1746972,1747257,1126289
1746972,1747258,1126289
1746972,1747261,1126289
1746972,1747262,1126289
1746972,1747265,1126289
1746972,1747266,1126289
1746972,1747269,1126289
1746972,1747270,1126289
1746972,1747274,1126289
1746972,1747275,1126289
1746972,1747276,1126289
1746972,1747277,1126289
1746972,1747280,1126289
1746972,1747281,1126289
1746972,1747284,1126289
1746972,1747285,1126289
1746972,1747288,1126289
1746972,1747289,1126289
1746972,1747292,1126289
1746972,1747293,1126289
1746972,1747296,1126289
1746972,1747297,1126289
1746972,1747300,1126289
1746972,1747301,1126289
1746972,1747305,1126289
1746972,1747306,1126289
1746972,1747309,1126289
1746972,1747310,1126289
1746972,1747311,1126289
1746972,1747312,1126289
1746972,1747315,1126289
1746972,1747316,1126289
1746972,1747319,1126289
1746972,1747320,1126289
1746972,1747323,1126289
1746972,1747324,1126289
1746972,1747327,1126289
1746972,1747328,1126289
1746972,1747331,1126289
1746972,1747332,1126289
1746972,1747335,1126289
1746972,1747336,1126289
1746972,1747339,1126289
1746972,1747340,1126289
1746972,1747344,1126289
1746972,1747345,1126289
1746972,1747346,1126289
1746972,1747347,1126289
1746972,1747350,1126289
1746972,1747351,1126289
1746972,1747354,1126289
1746972,1747355,1126289
1746972,1747358,1126289
1746972,1747359,1126289
1746972,1747362,1126289
1746972,1747363,1126289
1746972,1747366,1126289
1746972,1747367,1126289
1746972,1747370,1126289
1746972,1747371,1126289
1746972,1747374,1126289
1746972,1747375,1126289
1746972,1747379,1126289
1746972,1747380,1126289
1746972,1747383,1126289
1746972,1747384,1126289
1746972,1747385,1126289
1746972,1747386,1126289
1746972,1747389,1126289
1746972,1747390,1126289
1746972,1747393,1126289
1746972,1747394,1126289
1746972,1747397,1126289
1746972,1747398,1126289
1746972,1747401,1126289
1746972,1747402,1126289
1746972,1747405,1126289
1746972,1747406,1126289
1746972,1747409,1126289
1746972,1747410,1126289
1746972,1747413,1126289
1746972,1747414,1126289
1746972,1747418,1126289
1746972,1747419,1126289
1746972,1747420,1126289
1746972,1747421,1126289
1746972,1747424,1126289
1746972,1747425,1126289
1746972,1747428,1126289
1746972,1747429,1126289
1746972,1747432,1126289
1746972,1747433,1126289
1746972,1747436,1126289
1746972,1747437,1126289
1746972,1747440,1126289
1746972,1747441,1126289
1746972,1747444,1126289
1746972,1747445,1126289
1746972,1747449,1126289
1746972,1747450,1126289
1746972,1747453,1126289
1746972,1747454,1126289
1746972,1747455,1126289
1746972,1747456,1126289
1746972,1747459,1126289
1746972,1747460,1126289
1746972,1747463,1126289
1746972,1747464,1126289
1746972,1747467,1126289
1746972,1747468,1126289
1746972,1747471,1126289
1746972,1747472,1126289
1746972,1747475,1126289
1746972,1747477,1126289
1746972,1747480,1126289
1746972,1747481,1126289
1746972,1747485,1126289
1746972,1747486,1126289
1746972,1747487,1126289
1746972,1747488,1126289
1746972,1747491,1126289
1746972,1747492,1126289
1746972,1747495,1126289
1746972,1747496,1126289
1746972,1747499,1126289
1746972,1747500,1126289
1746972,1747503,1126289
1746972,1747504,1126289
1746972,1747507,1126289
1746972,1747508,1126289
1746972,1747512,1126289
1746972,1747513,1126289
1746972,1747516,1126289
1746972,1747517,1126289
1746972,1747519,1126289
1746972,1747520,1126289
1746972,1747524,1126289
1746972,1747525,1126289
1746972,1747528,1126289
1746972,1747529,1126289
1746972,1747532,1126289
1746972,1747533,1126289
1746972,1747536,1126289
1746972,1747537,1126289
1746972,1747540,1126289
1746972,1747541,1126289
1746972,1747545,1126289
1746972,1747546,1126289
1746972,1747547,1126289
1746972,1747548,1126289
1746972,1747551,1126289
1746972,1747552,1126289
1746972,1747555,1126289
1746972,1747556,1126289
1746972,1747559,1126289
1746972,1747560,1126289
1746972,1747563,1126289
1746972,1747564,1126289
1746972,1747568,1126289
1746972,1747569,1126289
1746972,1747572,1126289
1746972,1747573,1126289
1746972,1747574,1126289
1746972,1747575,1126289
1746972,1747578,1126289
1746972,1747579,1126289
1746972,1747582,1126289
1746972,1747583,1126289
1746972,1747586,1126289
1746972,1747587,1126289
1746972,1747590,1126289
1746972,1747591,1126289
1746972,1747604,1126289
1746972,1747608,1126289
1746972,1747609,1126289
1746972,1747610,1126289
1746972,1747613,1126289
1746972,1747615,1126289
1746972,1747618,1126289
1746972,1747619,1126289
1746972,1747622,1126289
1746972,1747623,1126289
1746972,1747628,1126289
1746972,1747629,1126289
1746972,1747632,1126289
1746972,1747633,1126289
1746972,1747634,1126289
1746972,1747635,1126289
1746972,1747638,1126289
1746972,1747639,1126289
1746972,1747642,1126289
1746972,1747643,1126289
1746972,1747646,1126289
1746972,1747647,1126289
1746972,1747651,1126289
1746972,1747652,1126289
1746972,1747653,1126289
1746972,1747654,1126289
1746972,1747657,1126289
1746972,1747658,1126289
1746972,1747661,1126289
1746972,1747662,1126289
1746972,1747666,1126289
1746972,1747667,1126289
1746972,1747671,1126289
1746972,1747673,1126289
1746972,1747675,1126289
1746972,1747676,1126289
1746972,1747681,1126289
1746972,1747683,1126289
1746972,1747690,1126289
1746972,1747692,1126289
1746972,1747700,1126289
1746972,1747701,1126289
1746972,1747703,1126289
1746972,1747704,1126289
1746972,1747708,1126289
1746972,1747710,1126289
1746972,1747715,1126289
1746972,1747717,1126289
1746972,1747721,1126289
1746972,1747722,1126289
1746972,1747723,1126289
1746972,1747725,1126289
1746972,1747729,1126289
1746972,1747730,1126289
1746972,1747736,1126289
1746972,1747737,1126289
1746972,1747738,1126289
1746972,1747739,1126289
1746972,1747745,1126289
1746972,1747746,1126289
1746972,1747751,1126289
1746972,1747752,1126289
1746972,1747753,1126289
1746972,1747754,1126289
1746972,1747759,1126289
1746972,1747761,1126289
1746972,1747763,1126289
1746972,1747764,1126289
1746972,1747769,1126289
1746972,1747770,1126289
1746972,1747773,1126289
1746972,1747774,1126289
357320,357332,1126558
357320,357333,1126558
1748881,357553,1126611
1748884,357559,1126611
1748887,357561,1126611
1748890,357565,1126611
1749723,358164,1126956
1749743,358228,1126973
1750162,358979,1127333
359846,359834,1127667
1750867,1750871,1127667
1750971,1750972,1127729
1750975,1750976,1127729
1751758,1751764,1128157
1751758,1751768,1128157
1751758,1751774,1128157
1751758,1751779,1128157
1751758,1751785,1128157
1751758,1751789,1128157
1751758,1751794,1128157
1751758,1751798,1128157
1751814,1751815,1128168
1751814,1751818,1128168
1751814,1751822,1128168
1751814,1751825,1128168
1751814,1751829,1128168
1751814,1751832,1128168
1751814,1751836,1128168
1751814,1751839,1128168
1751814,1751841,1128168
1752412,1752415,1128384
1752412,1752417,1128384
1752412,1752419,1128384
1752412,1752423,1128384
1752412,1752425,1128384
1752412,1752429,1128384
1752412,1752433,1128384
1752412,1752435,1128384
1752412,1752439,1128384
1752412,1752443,1128384
1752412,1752447,1128384
1752412,1752449,1128384
1752412,1752453,1128384
1752412,1752457,1128384
1752412,1752461,1128384
1752412,1752465,1128384
1752412,1752467,1128384
1752412,1752471,1128384
1752412,1752475,1128384
1752412,1752479,1128384
1752412,1752483,1128384
1752412,1752487,1128384
1752412,1752489,1128384
1752412,1752493,1128384
1752412,1752497,1128384
1752412,1752501,1128384
1752412,1752505,1128384
1752412,1752509,1128384
1752412,1752513,1128384
1752412,1752515,1128384
1752412,1752520,1128384
1752412,1752527,1128384
1752412,1752533,1128384
1752412,1752541,1128384
1752412,1752549,1128384
1752412,1752554,1128384
1752412,1752564,1128384
1752412,1752568,1128384
1752412,1752572,1128384
1752412,1752576,1128384
1752412,1752580,1128384
1752412,1752584,1128384
1752412,1752588,1128384
1752412,1752592,1128384
1752412,1752596,1128384
1752412,1752600,1128384
1752412,1752602,1128384
1752412,1752606,1128384
1752412,1752610,1128384
1752412,1752614,1128384
1752412,1752618,1128384
1752412,1752622,1128384
1752412,1752626,1128384
1752412,1752630,1128384
1752412,1752634,1128384
1752412,1752638,1128384
1752412,1752640,1128384
1752412,1752644,1128384
1752412,1752648,1128384
1752412,1752652,1128384
1752412,1752656,1128384
1752412,1752660,1128384
1752412,1752664,1128384
1752412,1752668,1128384
1752412,1752673,1128384
1752412,1752676,1128384
1752412,1752680,1128384
1752412,1752684,1128384
1752412,1752688,1128384
1752412,1752692,1128384
1752412,1752696,1128384
1752412,1752702,1128384
1752412,1752706,1128384
1752412,1752708,1128384
1752412,1752712,1128384
1752412,1752716,1128384
1752412,1752720,1128384
1752412,1752724,1128384
1752412,1752728,1128384
1752412,1752732,1128384
1752412,1752734,1128384
1752412,1752738,1128384
1752412,1752742,1128384
1752412,1752746,1128384
1752412,1752750,1128384
1752412,1752754,1128384
1752412,1752756,1128384
1752412,1752761,1128384
1752412,1752765,1128384
1752412,1752769,1128384
1752412,1752773,1128384
1752412,1752775,1128384
1752412,1752779,1128384
1752412,1752783,1128384
1752412,1752787,1128384
1752412,1752789,1128384
1752412,1752793,1128384
1752412,1752797,1128384
1752412,1752799,1128384
1752412,1752803,1128384
1752413,1752414,1128384
1752413,1752416,1128384
1752413,1752418,1128384
1752413,1752422,1128384
1752413,1752424,1128384
1752413,1752428,1128384
1752413,1752432,1128384
1752413,1752434,1128384
1752413,1752438,1128384
1752413,1752442,1128384
1752413,1752446,1128384
1752413,1752448,1128384
1752413,1752452,1128384
1752413,1752456,1128384
1752413,1752460,1128384
1752413,1752464,1128384
1752413,1752466,1128384
1752413,1752470,1128384
1752413,1752474,1128384
1752413,1752478,1128384
1752413,1752482,1128384
1752413,1752486,1128384
1752413,1752488,1128384
1752413,1752492,1128384
1752413,1752496,1128384
1752413,1752500,1128384
1752413,1752504,1128384
1752413,1752508,1128384
1752413,1752512,1128384
1752413,1752514,1128384
1752413,1752518,1128384
1752413,1752525,1128384
1752413,1752531,1128384
1752413,1752538,1128384
1752413,1752547,1128384
1752413,1752553,1128384
1752413,1752558,1128384
1752413,1752567,1128384
1752413,1752571,1128384
1752413,1752575,1128384
1752413,1752579,1128384
1752413,1752583,1128384
1752413,1752587,1128384
1752413,1752591,1128384
1752413,1752595,1128384
1752413,1752599,1128384
1752413,1752601,1128384
1752413,1752605,1128384
1752413,1752609,1128384
1752413,1752613,1128384
1752413,1752617,1128384
1752413,1752621,1128384
1752413,1752625,1128384
1752413,1752629,1128384
1752413,1752633,1128384
1752413,1752637,1128384
1752413,1752639,1128384
1752413,1752643,1128384
1752413,1752647,1128384
1752413,1752651,1128384
1752413,1752655,1128384
1752413,1752659,1128384
1752413,1752663,1128384
1752413,1752667,1128384
1752413,1752672,1128384
1752413,1752674,1128384
1752413,1752679,1128384
1752413,1752683,1128384
1752413,1752687,1128384
1752413,1752691,1128384
1752413,1752695,1128384
1752413,1752701,1128384
1752413,1752705,1128384
1752413,1752707,1128384
1752413,1752711,1128384
1752413,1752715,1128384
1752413,1752719,1128384
1752413,1752723,1128384
1752413,1752727,1128384
1752413,1752731,1128384
1752413,1752733,1128384
1752413,1752737,1128384
1752413,1752741,1128384
1752413,1752745,1128384
1752413,1752749,1128384
1752413,1752753,1128384
1752413,1752755,1128384
1752413,1752760,1128384
1752413,1752764,1128384
1752413,1752768,1128384
1752413,1752772,1128384
1752413,1752774,1128384
1752413,1752778,1128384
1752413,1752782,1128384
1752413,1752786,1128384
1752413,1752788,1128384
1752413,1752792,1128384
1752413,1752796,1128384
1752413,1752798,1128384
1752413,1752802,1128384
361381,361382,1128413
361381,361383,1128413
361381,361384,1128413
361381,361385,1128413
361381,361386,1128413
361381,361387,1128413
361381,361388,1128413
361381,361389,1128413
361381,361390,1128413
361381,361391,1128413
1752833,1752834,1128415
1752833,1752835,1128415
1752833,1752836,1128415
1752833,1752837,1128415
1752833,1752839,1128415
1752833,1752840,1128415
1752833,1752842,1128415
1752833,1752843,1128415
1752833,1752846,1128415
1752833,1752847,1128415
1752833,1752848,1128415
1752833,1752849,1128415
1752833,1752853,1128415
1752833,1752854,1128415
1752833,1752855,1128415
1752833,1752856,1128415
1752833,1752860,1128415
1752833,1752861,1128415
1752833,1752864,1128415
1752833,1752865,1128415
1752833,1752866,1128415
1752833,1752867,1128415
1752833,1752870,1128415
1752833,1752872,1128415
1752833,1752878,1128415
1752833,1752879,1128415
1752833,1752882,1128415
1752833,1752883,1128415
1752833,1752889,1128415
1752833,1752890,1128415
1752833,1752895,1128415
1752833,1752896,1128415
1752833,1752902,1128415
1752833,1752903,1128415
1752833,1752904,1128415
1752833,1752905,1128415
1752833,1752908,1128415
1752833,1752909,1128415
1752833,1752915,1128415
1752833,1752916,1128415
1752833,1752923,1128415
1752833,1752924,1128415
1752833,1752925,1128415
1752833,1752926,1128415
1752833,1752929,1128415
1752833,1752930,1128415
1752833,1752933,1128415
1752833,1752934,1128415
1752833,1752938,1128415
1752833,1752939,1128415
1752833,1752942,1128415
1752833,1752943,1128415
1752833,1752944,1128415
1752833,1752945,1128415
1752833,1752948,1128415
1752833,1752949,1128415
1752833,1752952,1128415
1752833,1752953,1128415
1752833,1752956,1128415
1752833,1752957,1128415
1752833,1752961,1128415
1752833,1752962,1128415
1752833,1752963,1128415
1752833,1752964,1128415
1752833,1752967,1128415
1752833,1752968,1128415
1752833,1752971,1128415
1752833,1752972,1128415
1752833,1752976,1128415
1752833,1752977,1128415
1752833,1752980,1128415
1752833,1752981,1128415
1752833,1752982,1128415
1752833,1752983,1128415
1752833,1752986,1128415
1752833,1752987,1128415
1752833,1752990,1128415
1752833,1752991,1128415
1752833,1752995,1128415
1752833,1752996,1128415
1752833,1752997,1128415
1752833,1752998,1128415
1752833,1753001,1128415
1752833,1753002,1128415
1752833,1753006,1128415
1752833,1753007,1128415
1752833,1753010,1128415
1752833,1753011,1128415
1752833,1753012,1128415
1752833,1753013,1128415
1752833,1753016,1128415
1752833,1753017,1128415
1752833,1753021,1128415
1752833,1753022,1128415
1752833,1753023,1128415
1752833,1753024,1128415
1752833,1753028,1128415
1752833,1753029,1128415
1752833,1753032,1128415
1752833,1753033,1128415
1752833,1753034,1128415
1752833,1753035,1128415
1752833,1753039,1128415
1752833,1753040,1128415
1752833,1753042,1128415
1752833,1753043,1128415
1752833,1753046,1128415
1752833,1753047,1128415
1752833,1753049,1128415
1752833,1753050,1128415
853939,361730,1128524
1753472,1753444,1128532
1753472,1753446,1128532
361916,1753545,1128548
854053,1753821,1128550
854053,1753823,1128550
854053,1753827,1128550
854053,1753838,1128550
1754132,1754135,1128552
1754599,1754603,1128600
1754775,1754772,1128652
1754778,1754768,1128652
1754854,1754855,1128656
1755399,1755402,1128818
1755399,1755406,1128818
854551,1755505,1128830
854552,1755507,1128830
854552,1755508,1128830
1755655,363314,1128870
1755698,1755700,1128881
1755907,1755909,1128888
1755941,1755956,1128892
855022,1756268,1128961
855022,1756270,1128961
1756500,364294,1129022
1756500,364321,1129022
1756500,1756507,1129022
1756500,1756512,1129022
1756548,1756549,1129033
1756656,1756663,1129058
1756659,1756660,1129058
1756661,1756662,1129058
1757609,1757618,1129262
1757612,1757613,1129262
1757945,1757948,1129387
365895,1758021,1129407
365895,1758037,1129407
1758457,366250,1129564
1758551,1758553,1129595
1758568,1758569,1129600
1758595,1758596,1129604
1758629,366379,1129610
1758970,1758972,1129703
1758973,1758974,1129703
1758990,1758991,1129703
1758993,1758994,1129703
1759180,366740,1129737
1759202,366748,1129739
1759303,1759304,1129772
367506,367515,1129967
367506,367520,1129967
367506,1759968,1129967
367506,1759975,1129967
367527,1759910,1129967
367527,1759913,1129967
367527,1759916,1129967
367527,1759930,1129967
367527,1759940,1129967
367527,1759942,1129967
367527,1759945,1129967
367527,1759948,1129967
367527,1759952,1129967
367527,1759955,1129967
367527,1759958,1129967
367527,1759961,1129967
367527,1759966,1129967
367527,1759970,1129967
367567,1759901,1129967
367568,1759904,1129967
1759843,1759869,1129967
1759843,1759871,1129967
1759843,1759873,1129967
1759843,1759875,1129967
1759843,1759976,1129967
1759843,1759978,1129967
1760160,1760161,1130013
1760169,1760170,1130024
1760320,1760321,1130094
1760379,367833,1130132
1760381,367834,1130132
1760418,1760419,1130137
1760418,1760421,1130137
1760418,1760422,1130137
1760418,1760423,1130137
1760418,1760433,1130137
1760418,1760434,1130137
1760418,1760435,1130137
1760418,1760436,1130137
1760418,1760439,1130137
1760418,1760448,1130137
1760418,1760449,1130137
1760418,1760450,1130137
1760418,1760452,1130137
1760418,1760453,1130137
1760418,1760465,1130137
1760541,1760542,1130155
1760583,1760584,1130169
1760583,1760585,1130169
1760583,1760586,1130169
1760583,1760589,1130169
1760583,1760590,1130169
1760773,367941,1130196
1760773,367942,1130196
1760773,367949,1130196
1760773,367950,1130196
1760773,367951,1130196
1760773,367952,1130196
1760773,367959,1130196
1760773,367961,1130196
1760773,367964,1130196
1760773,367966,1130196
1760773,367968,1130196
1760773,367969,1130196
1760773,1760774,1130196
1760773,1760775,1130196
1760773,1760783,1130196
1760773,1760785,1130196
1760778,1760779,1130196
1760896,368036,1130219
1760896,368037,1130219
1760896,368041,1130219
1760896,368042,1130219
1760896,368043,1130219
1760896,368044,1130219
1760896,368054,1130219
1760896,368055,1130219
1760896,368056,1130219
1760896,368057,1130219
1760896,368058,1130219
1760896,368059,1130219
1760896,1760897,1130219
1760896,1760898,1130219
1760896,1760916,1130219
1760896,1760917,1130219
1760902,1760903,1130219
368089,368091,1130268
368089,368092,1130268
368089,368096,1130268
368089,368097,1130268
368089,368099,1130268
368089,368100,1130268
368089,368102,1130268
368089,368105,1130268
368089,368106,1130268
368089,368107,1130268
368089,368109,1130268
368089,368110,1130268
368089,368111,1130268
368089,368112,1130268
368089,368113,1130268
368089,368114,1130268
368089,1761055,1130268
368089,1761061,1130268
1761050,1761051,1130268
1761054,1761056,1130268
1761060,1761062,1130268
368127,368202,1130273
1761354,1761355,1130569
1761358,1761360,1130569
1761367,1761369,1130569
1761379,1761380,1130569
1761448,1761453,1130629
1761451,1761452,1130629
1761570,1761572,1130673
1761622,1761623,1130682
1761630,1761631,1130682
368876,1761716,1130695
368876,1761719,1130695
368876,1761721,1130695
368876,1761722,1130695
368876,1761723,1130695
368876,1761724,1130695
368876,1761729,1130695
1761766,1761767,1130699
1761771,1761772,1130701
1761814,1761816,1130705
1761814,1761818,1130705
1761814,1761820,1130705
1761814,1761822,1130705
1761814,1761824,1130705
1761814,1761826,1130705
1761814,1761828,1130705
1761814,1761830,1130705
1761814,1761832,1130705
1761814,1761833,1130705
1761972,369079,1130754
1761981,1761983,1130758
1762034,1762035,1130769
1762072,1762077,1130776
1762095,1762096,1130785
857782,1762158,1130800
857782,1762160,1130800
857782,1762161,1130800
857782,1762163,1130800
1762200,1762191,1130805
1762305,1762306,1130861
1762307,1762308,1130861
1762311,1762313,1130861
1762314,1762315,1130861
1762334,1762343,1130868
1762335,1762342,1130868
1762501,1762502,1130925
1762503,1762504,1130925
1762835,1762836,1130942
1762838,1762862,1130942
1762839,1762840,1130942
1762843,1762855,1130942
1762917,1762918,1130953
1762919,1762920,1130953
1762922,1762923,1130953
1762924,1762925,1130953
1762926,1762927,1130953
1762928,369486,1130953
1762935,1762936,1130953
1762939,1762940,1130953
1762941,1762942,1130953
1762944,1762945,1130953
857986,1763127,1130996
369593,1763187,1131000
1763545,1763628,1131012
1763556,1763559,1131012
1763557,1763558,1131012
1763560,1763561,1131012
1763563,1763564,1131012
1763585,1763587,1131012
1763588,1763589,1131012
1763623,1763624,1131012
1763631,1763632,1131012
1763764,1763765,1131183
1763778,1763779,1131187
1763791,1763792,1131195
1763798,1763800,1131201
1763874,1763875,1131209
1763882,1763883,1131215
1763884,1763885,1131215
1763892,1763893,1131218
1763898,1763900,1131220
1763905,1763906,1131223
1763918,1763919,1131225
1763938,1763939,1131234
1763958,1763959,1131245
1763961,1763962,1131245
1763964,1763968,1131245
1763965,1763966,1131245
1763969,1763970,1131245
1763976,1763977,1131247
1763979,1763980,1131247
1763982,1763986,1131247
1763983,1763984,1131247
1763997,1763998,1131249
1764017,1764018,1131259
1764037,1764038,1131261
1764077,1764078,1131269
1764101,1764102,1131275
1764112,1764113,1131277
1764135,1764136,1131283
1764172,1764173,1131291
1764190,1764204,1131296
1764378,1764359,1131325
1764378,1764363,1131325
1764327,1764328,1131330
1764410,1764411,1131347
1764494,370706,1131355
1764427,1764429,1131357
1764532,1764533,1131368
1764535,1764537,1131368
1764538,1764539,1131368
858256,370800,1131374
1764569,1764570,1131378
1764585,1764586,1131383
1764610,1764611,1131391
1764632,1764633,1131396
1764655,1764656,1131403
1764676,1764678,1131405
1764683,1764684,1131410
1764723,1764724,1131417
1764727,1764729,1131417
1764730,1764731,1131417
1764990,371544,1131487
1765069,371552,1131496
1765072,371565,1131496
858450,1765199,1131505
858450,1765201,1131505
858450,1765204,1131505
858450,1765206,1131505
858450,1765208,1131505
858450,1765209,1131505
858450,1765211,1131505
858450,1765212,1131505
858450,1765214,1131505
858450,1765216,1131505
858450,1765218,1131505
858450,1765220,1131505
858450,1765222,1131505
858450,1765224,1131505
858450,1765226,1131505
858450,1765228,1131505
858450,1765230,1131505
858450,1765232,1131505
858450,1765233,1131505
858450,1765234,1131505
858450,1765236,1131505
858450,1765238,1131505
858450,1765240,1131505
858450,1765242,1131505
858450,1765244,1131505
858450,1765246,1131505
858450,1765248,1131505
858450,1765250,1131505
858450,1765252,1131505
858450,1765254,1131505
858450,1765256,1131505
858450,1765257,1131505
858450,1765258,1131505
858450,1765260,1131505
858450,1765262,1131505
858450,1765264,1131505
858450,1765267,1131505
858450,1765269,1131505
858450,1765271,1131505
858450,1765273,1131505
858450,1765276,1131505
858450,1765281,1131505
858450,1765283,1131505
858450,1765285,1131505
858450,1765287,1131505
858450,1765288,1131505
858450,1765289,1131505
858450,1765291,1131505
858450,1765293,1131505
858450,1765295,1131505
858450,1765297,1131505
858450,1765299,1131505
858450,1765301,1131505
858450,1765302,1131505
1765190,1765192,1131517
1765588,371901,1131536
372106,1765712,1131583
372106,1765716,1131583
372106,1765721,1131583
372106,1765723,1131583
858662,372114,1131583
372225,1765800,1131608
372225,1765802,1131608
858704,372233,1131608
1766091,1766093,1131685
1766092,372448,1131685
1766097,1766099,1131685
1766098,372437,1131685
1766100,1766105,1131685
1766101,372435,1131685
1766112,1766123,1131685
1766121,1766122,1131685
1766125,372426,1131685
1766126,372427,1131685
1766128,372428,1131685
1766130,372429,1131685
1766142,1766145,1131685
1766143,1766144,1131685
1766448,1766451,1131737
1766449,1766450,1131737
1766452,1766455,1131737
1766453,1766454,1131737
373144,373160,1131906
373144,373170,1131906
1767881,1767884,1132026
1768670,1768673,1132226
1768675,1768676,1132226
1768681,1768682,1132226
1768685,374124,1132226
1769016,374441,1132563
1769068,1769072,1132610
1769757,1769758,1132892
1769864,1769865,1132912
1769909,1769910,1132922
1770101,1770102,1133017
860277,1770450,1133165
860276,1770470,1133168
1770521,1770524,1133177
1770529,1770564,1133177
1770531,1770536,1133177
1770533,1770534,1133177
1770540,1770545,1133177
1770543,1770544,1133177
1770629,1770630,1133197
1770632,375944,1133197
1770633,375950,1133197
1770677,1770693,1133209
1770678,1770694,1133209
1770681,1770687,1133209
1770682,1770688,1133209
1770684,1770685,1133209
1770690,1770691,1133209
1770902,1770928,1133272
1770902,1770935,1133272
1770902,1770942,1133272
1770902,1770950,1133272
1770930,1770931,1133272
1770937,1770938,1133272
1770945,1770946,1133272
1770952,1770953,1133272
860506,1771460,1133337
860493,376188,1133344
860495,376192,1133344
860514,376219,1133346
860514,376277,1133346
860514,376285,1133346
860512,376211,1133350
860520,376222,1133350
860529,376240,1133359
860529,1771540,1133359
860557,376313,1133363
860565,376321,1133363
376360,376375,1133369
376360,1771663,1133369
376360,1771666,1133369
376380,376390,1133369
376380,376392,1133369
376448,376462,1133379
376448,376465,1133379
860641,1771744,1133427
860641,1771746,1133427
860657,376594,1133435
376666,376683,1133450
376666,376686,1133450
860803,376801,1133493
376811,376837,1133514
376811,1772096,1133514
376811,1772101,1133514
1772190,376893,1133528
1772238,377034,1133543
1772238,1772253,1133543
1772238,1772254,1133543
1772238,1772255,1133543
1772238,1772256,1133543
1772238,1772258,1133543
1772238,1772260,1133543
860862,1772272,1133561
860862,1772274,1133561
860992,377153,1133611
861094,377407,1133715
861094,1772776,1133715
861115,377446,1133735
377545,1772911,1133756
377545,1772926,1133756
377550,1772918,1133756
377550,1772933,1133756
377555,1772904,1133756
1772906,1772907,1133756
861147,377529,1133767
1773056,1773059,1133788
1773584,1773587,1133944
1773591,1773594,1133944
1773685,1773709,1133951
1773686,1773687,1133951
1773699,1773700,1133951
378463,1774480,1134140
1774469,1774483,1134140
1774474,1774482,1134140
1774554,1774555,1134165
861587,1774607,1134167
1774566,1774568,1134167
861789,379007,1134346
1775463,1775464,1134462
1775465,379263,1134462
1775472,1775473,1134462
1775474,379255,1134462
379366,1775642,1134523
379366,1775644,1134523
379366,1775647,1134523
379395,379387,1134550
379395,1775693,1134550
379395,1775697,1134550
1775972,1776048,1134694
1775973,1776049,1134694
1775974,1776051,1134694
1775979,1776129,1134694
1775981,1776130,1134694
1775983,1776015,1134694
1775986,1776016,1134694
1776002,1776006,1134694
1776004,1776005,1134694
1776009,1776013,1134694
1776011,1776012,1134694
1776017,1776058,1134694
1776019,1776059,1134694
1776021,1776022,1134694
379692,379713,1134759
1776315,1776316,1134804
1776318,1776319,1134804
1776328,1776329,1134804
1776332,1776334,1134804
1776337,1776341,1134804
1776339,1776340,1134804
1776354,1776356,1134804
1776430,1776431,1134827
1776442,1776443,1134827
1776471,1776472,1134832
1776485,1776490,1134839
1776487,1776488,1134839
1776493,1776499,1134839
1776496,1776497,1134839
1776505,1776511,1134839
1776508,1776509,1134839
1776518,1776519,1134839
1776522,1776525,1134839
1776530,1776533,1134839
380031,380044,1134879
380031,380046,1134879
380031,1776809,1134879
1777438,1777441,1135044
1777439,1777440,1135044
1777458,1777459,1135049
1777460,1777463,1135049
1777465,1777466,1135049
1777470,1777471,1135049
1777491,1777492,1135056
1777529,1777530,1135080
862804,1777651,1135136
1777684,1777687,1135145
1777684,1777690,1135145
1777684,1777693,1135145
1777685,1777686,1135145
1777688,1777689,1135145
1777691,1777692,1135145
381091,381104,1135181
1777838,1777840,1135208
1777838,1777842,1135208
1777905,1777915,1135222
1777906,1777916,1135222
1777913,381165,1135222
1777914,381168,1135222
1777963,1777974,1135231
1777963,1777977,1135231
1777995,1778006,1135245
1778000,1778001,1135245
1778003,1778004,1135245
1778005,1778013,1135245
1778043,1778048,1135260
1778049,1778050,1135260
1778456,1778431,1135324
1778900,381803,1135538
863330,1778982,1135573
1779021,381977,1135577
1779021,382005,1135577
1779021,382049,1135577
1779021,1779023,1135577
1779021,1779024,1135577
1779021,1779031,1135577
1779021,1779037,1135577
1779392,1779397,1135740
1779392,1779402,1135740
1779413,1779414,1135747
1779413,1779417,1135747
1779413,1779420,1135747
1779860,1779863,1135814
1779860,1779865,1135814
1779860,1779867,1135814
1779860,1779871,1135814
1779860,1779873,1135814
1779860,1779877,1135814
1779860,1779881,1135814
1779860,1779883,1135814
1779860,1779887,1135814
1779860,1779891,1135814
1779860,1779895,1135814
1779860,1779897,1135814
1779860,1779901,1135814
1779860,1779905,1135814
1779860,1779909,1135814
1779860,1779913,1135814
1779860,1779915,1135814
1779860,1779919,1135814
1779860,1779923,1135814
1779860,1779927,1135814
1779860,1779931,1135814
1779860,1779935,1135814
1779860,1779937,1135814
1779860,1779941,1135814
1779860,1779945,1135814
1779860,1779949,1135814
1779860,1779953,1135814
1779860,1779958,1135814
1779860,1779962,1135814
1779860,1779964,1135814
1779860,1779968,1135814
1779860,1779972,1135814
1779860,1779976,1135814
1779860,1779980,1135814
1779860,1779984,1135814
1779860,1779988,1135814
1779860,1779992,1135814
1779860,1779994,1135814
1779860,1779998,1135814
1779860,1780002,1135814
1779860,1780006,1135814
1779860,1780010,1135814
1779860,1780014,1135814
1779860,1780018,1135814
1779860,1780022,1135814
1779860,1780026,1135814
1779860,1780028,1135814
1779860,1780032,1135814
1779860,1780036,1135814
1779860,1780040,1135814
1779860,1780045,1135814
1779860,1780049,1135814
1779860,1780053,1135814
1779860,1780057,1135814
1779860,1780061,1135814
1779860,1780065,1135814
1779860,1780067,1135814
1779860,1780071,1135814
1779860,1780075,1135814
1779860,1780079,1135814
1779860,1780083,1135814
1779860,1780087,1135814
1779860,1780091,1135814
1779860,1780095,1135814
1779860,1780099,1135814
1779860,1780101,1135814
1779860,1780105,1135814
1779860,1780109,1135814
1779860,1780113,1135814
1779860,1780117,1135814
1779860,1780121,1135814
1779860,1780125,1135814
1779860,1780129,1135814
1779860,1780131,1135814
1779860,1780135,1135814
1779860,1780139,1135814
1779860,1780143,1135814
1779860,1780147,1135814
1779860,1780151,1135814
1779860,1780155,1135814
1779860,1780157,1135814
1779860,1780161,1135814
1779860,1780165,1135814
1779860,1780170,1135814
1779860,1780174,1135814
1779860,1780178,1135814
1779860,1780180,1135814
1779860,1780184,1135814
1779860,1780188,1135814
1779860,1780192,1135814
1779860,1780196,1135814
1779860,1780198,1135814
1779860,1780202,1135814
1779860,1780206,1135814
1779860,1780210,1135814
1779860,1780212,1135814
1779860,1780216,1135814
1779860,1780220,1135814
1779860,1780222,1135814
1779860,1780226,1135814
1779861,1779862,1135814
1779861,1779864,1135814
1779861,1779866,1135814
1779861,1779870,1135814
1779861,1779872,1135814
1779861,1779876,1135814
1779861,1779880,1135814
1779861,1779882,1135814
1779861,1779886,1135814
1779861,1779890,1135814
1779861,1779894,1135814
1779861,1779896,1135814
1779861,1779900,1135814
1779861,1779904,1135814
1779861,1779908,1135814
1779861,1779912,1135814
1779861,1779914,1135814
1779861,1779918,1135814
1779861,1779922,1135814
1779861,1779926,1135814
1779861,1779930,1135814
1779861,1779934,1135814
1779861,1779936,1135814
1779861,1779940,1135814
1779861,1779944,1135814
1779861,1779948,1135814
1779861,1779952,1135814
1779861,1779957,1135814
1779861,1779961,1135814
1779861,1779963,1135814
1779861,1779967,1135814
1779861,1779971,1135814
1779861,1779975,1135814
1779861,1779979,1135814
1779861,1779983,1135814
1779861,1779987,1135814
1779861,1779991,1135814
1779861,1779993,1135814
1779861,1779997,1135814
1779861,1780001,1135814
1779861,1780005,1135814
1779861,1780009,1135814
1779861,1780013,1135814
1779861,1780017,1135814
1779861,1780021,1135814
1779861,1780025,1135814
1779861,1780027,1135814
1779861,1780031,1135814
1779861,1780035,1135814
1779861,1780039,1135814
1779861,1780044,1135814
1779861,1780048,1135814
1779861,1780052,1135814
1779861,1780056,1135814
1779861,1780060,1135814
1779861,1780064,1135814
1779861,1780066,1135814
1779861,1780070,1135814
1779861,1780074,1135814
1779861,1780078,1135814
1779861,1780082,1135814
1779861,1780086,1135814
1779861,1780090,1135814
1779861,1780094,1135814
1779861,1780098,1135814
1779861,1780100,1135814
1779861,1780104,1135814
1779861,1780108,1135814
1779861,1780112,1135814
1779861,1780116,1135814
1779861,1780120,1135814
1779861,1780124,1135814
1779861,1780128,1135814
1779861,1780130,1135814
1779861,1780134,1135814
1779861,1780138,1135814
1779861,1780142,1135814
1779861,1780146,1135814
1779861,1780150,1135814
1779861,1780154,1135814
1779861,1780156,1135814
1779861,1780160,1135814
1779861,1780164,1135814
1779861,1780169,1135814
1779861,1780173,1135814
1779861,1780177,1135814
1779861,1780179,1135814
1779861,1780183,1135814
1779861,1780187,1135814
1779861,1780191,1135814
1779861,1780195,1135814
1779861,1780197,1135814
1779861,1780201,1135814
1779861,1780205,1135814
1779861,1780209,1135814
1779861,1780211,1135814
1779861,1780215,1135814
1779861,1780219,1135814
1779861,1780221,1135814
1779861,1780225,1135814
382723,382724,1135866
382723,382725,1135866
382723,382726,1135866
382723,382727,1135866
382723,382728,1135866
382723,382729,1135866
382723,382731,1135866
382723,382732,1135866
382723,382733,1135866
382723,382734,1135866
1780336,1780338,1135868
1780336,1780339,1135868
1780336,1780341,1135868
1780336,1780342,1135868
1780336,1780348,1135868
1780336,1780349,1135868
1780336,1780352,1135868
1780336,1780353,1135868
1780336,1780357,1135868
1780336,1780358,1135868
1780336,1780359,1135868
1780336,1780360,1135868
1780336,1780367,1135868
1780336,1780368,1135868
1780336,1780369,1135868
1780336,1780370,1135868
1780336,1780375,1135868
1780336,1780376,1135868
1780336,1780380,1135868
1780336,1780381,1135868
1780336,1780382,1135868
1780336,1780383,1135868
1780336,1780387,1135868
1780336,1780388,1135868
1780336,1780394,1135868
1780336,1780395,1135868
1780336,1780396,1135868
1780336,1780398,1135868
1780336,1780401,1135868
1780336,1780403,1135868
1780336,1780408,1135868
1780336,1780409,1135868
1780336,1780413,1135868
1780336,1780414,1135868
1780336,1780415,1135868
1780336,1780416,1135868
1780336,1780420,1135868
1780336,1780422,1135868
1780336,1780426,1135868
1780336,1780427,1135868
1780336,1780431,1135868
1780336,1780432,1135868
1780336,1780433,1135868
1780336,1780434,1135868
1780336,1780438,1135868
1780336,1780439,1135868
1780336,1780443,1135868
1780336,1780444,1135868
1780336,1780449,1135868
1780336,1780451,1135868
1780336,1780455,1135868
1780336,1780456,1135868
1780336,1780458,1135868
1780336,1780459,1135868
1780336,1780462,1135868
1780336,1780464,1135868
1780336,1780468,1135868
1780336,1780469,1135868
1780336,1780473,1135868
1780336,1780475,1135868
1780336,1780480,1135868
1780336,1780481,1135868
1780336,1780483,1135868
1780336,1780484,1135868
1780336,1780488,1135868
1780336,1780489,1135868
1780336,1780493,1135868
1780336,1780494,1135868
1780336,1780499,1135868
1780336,1780500,1135868
1780336,1780506,1135868
1780336,1780507,1135868
1780336,1780508,1135868
1780336,1780510,1135868
1780336,1780514,1135868
1780336,1780515,1135868
1780336,1780519,1135868
1780336,1780520,1135868
1780336,1780525,1135868
1780336,1780527,1135868
1780336,1780528,1135868
1780336,1780529,1135868
1780336,1780533,1135868
1780336,1780534,1135868
1780336,1780539,1135868
1780336,1780540,1135868
1780336,1780545,1135868
1780336,1780546,1135868
1780336,1780547,1135868
1780336,1780549,1135868
1780336,1780552,1135868
1780336,1780554,1135868
1780336,1780558,1135868
1780336,1780559,1135868
1780336,1780560,1135868
1780336,1780562,1135868
1780336,1780567,1135868
1780336,1780568,1135868
1780336,1780572,1135868
1780336,1780573,1135868
1780336,1780574,1135868
1780336,1780576,1135868
1780336,1780581,1135868
1780336,1780582,1135868
1780336,1780585,1135868
1780336,1780586,1135868
1780336,1780591,1135868
1780336,1780592,1135868
1780336,1780596,1135868
1780336,1780597,1135868
1780863,1780868,1135887
1780963,1780964,1135902
1780968,1780969,1135904
1780973,1780974,1135906
1780978,1780979,1135908
1781169,1781170,1135922
1781171,1781180,1135922
1781257,1781258,1135927
1781260,1781261,1135927
1781267,1781268,1135927
1781272,1781284,1135927
1781273,1781274,1135927
1781276,1781297,1135927
1781282,1781283,1135927
863851,383144,1135949
863851,383145,1135949
863851,383220,1135949
863851,383221,1135949
863851,1781454,1135949
863851,1781455,1135949
863851,1781459,1135949
863851,1781470,1135949
863851,1781471,1135949
863851,1781472,1135949
1781529,1781530,1135965
1781531,1781574,1135965
1781533,1781534,1135965
1781539,1781547,1135965
1781566,1781569,1135965
1781733,1781734,1135989
1781743,1781744,1135989
1781774,1781776,1135993
1781806,1781817,1135997
1781849,1781850,1136001
1781876,1781877,1136009
863908,383283,1136018
1781957,383289,1136018
1781958,383291,1136018
1781959,1781961,1136018
863930,383356,1136041
863930,383357,1136041
863930,383401,1136041
863930,383402,1136041
863930,1782167,1136041
863930,1782179,1136041
863930,1782190,1136041
863930,1782193,1136041
864011,383488,1136115
864011,383489,1136115
864011,383559,1136115
864011,383560,1136115
864011,1782349,1136115
864011,1782354,1136115
864011,1782362,1136115
864011,1782365,1136115
864264,384391,1136447
1783165,1783166,1136468
864279,384482,1136474
1783234,384519,1136474
1783234,384525,1136474
1783238,1783253,1136474
1783238,1783255,1136474
1783238,1783263,1136474
1783238,1783273,1136474
1783567,384720,1136572
1783567,384725,1136572
1783567,1783578,1136572
1783622,384729,1136589
1783622,384730,1136589
1783876,1783878,1136633
864582,1784418,1136771
1784568,385368,1136806
385614,1784854,1136937
1784881,1784884,1136948
1784882,1784883,1136948
1784882,1784888,1136948
1784885,1784886,1136948
1784887,1784889,1136948
1784920,1784923,1136956
1784922,1784924,1136956
1785201,1785202,1137087
1785201,1785206,1137087
1785201,1785210,1137087
1785201,1785212,1137087
1785203,1785204,1137087
1785203,1785207,1137087
1785203,1785211,1137087
1785203,1785213,1137087
386056,1785331,1137156
386374,1785513,1137210
386376,1785512,1137210
386397,1785515,1137210
386398,1785516,1137210
386398,1785520,1137210
386398,1785615,1137210
386398,1785624,1137210
386399,1785500,1137210
386399,1785505,1137210
1785534,1785618,1137210
1785585,1785521,1137210
1785603,1785534,1137210
1785607,1785626,1137210
865065,1785762,1137374
1785751,1785760,1137374
1785753,1785759,1137374
1785756,1785761,1137374
1785788,1785789,1137399
865209,1785990,1137503
1786117,1786118,1137558
1786119,1786120,1137558
1786124,1786125,1137558
1786128,386815,1137558
386854,1786172,1137571
386881,1786171,1137571
387311,387307,1137829
1786625,1786626,1137838
1787317,387774,1138127
1787447,387911,1138221
1787447,1787419,1138221
1788340,1788344,1138693
866503,388923,1138710
388956,388953,1138741
388956,1788438,1138741
388956,1788440,1138741
389110,389103,1138796
389110,1788526,1138796
389233,389236,1138898
389233,389251,1138898
389233,1788785,1138898
389389,389408,1139009
389755,389732,1139127
390013,1790074,1139207
390013,1790075,1139207
390013,1790087,1139207
1790020,1790021,1139211
1790022,1790023,1139211
1790029,1790030,1139211
1790031,1790032,1139211
390167,1790224,1139232
390168,1790225,1139232
390169,1790226,1139232
867045,1790257,1139252
867045,1790259,1139252
867045,1790262,1139252
867045,1790264,1139252
1790326,1790327,1139257
1790378,1790381,1139257
1790383,1790384,1139257
1790387,1790388,1139257
1790388,1790349,1139257
1790388,1790351,1139257
1790388,1790353,1139257
1790388,1790355,1139257
1790392,1790393,1139257
1790715,1790719,1139313
1790937,1790939,1139378
1791011,390624,1139394
1791076,390745,1139414
867282,1791202,1139434
867282,1791203,1139434
867283,1791217,1139434
867283,1791218,1139434
1791195,1791196,1139434
1791199,1791200,1139434
1791209,1791210,1139434
1791212,1791213,1139434
1791215,1791216,1139434
1791224,1791225,1139434
1791228,1791229,1139434
1791232,390797,1139434
1791235,1791236,1139434
867304,1791268,1139442
867304,1791269,1139442
867307,1791286,1139442
867307,1791287,1139442
1791261,1791262,1139442
1791265,1791266,1139442
1791275,1791276,1139442
1791279,1791280,1139442
1791283,1791284,1139442
1791293,1791294,1139442
1791296,1791297,1139442
1791301,390822,1139442
1791304,1791305,1139442
867320,1791328,1139447
867320,1791329,1139447
867321,1791346,1139447
867321,1791347,1139447
1791322,1791323,1139447
1791326,1791327,1139447
1791335,1791336,1139447
1791339,1791340,1139447
1791343,1791344,1139447
1791353,1791354,1139447
1791357,1791358,1139447
1791362,390837,1139447
1791365,1791366,1139447
867338,1791389,1139464
867338,1791391,1139464
867341,1791413,1139464
867341,1791414,1139464
1791382,1791383,1139464
1791385,1791386,1139464
1791400,1791401,1139464
1791406,1791407,1139464
1791410,1791411,1139464
1791419,1791420,1139464
1791423,1791424,1139464
1791428,390855,1139464
1791430,1791431,1139464
1791467,1791468,1139474
1791484,1791485,1139487
1791496,1791497,1139489
867413,390941,1139493
867413,390942,1139493
867413,1791521,1139493
867413,1791525,1139493
867413,1791527,1139493
867413,1791530,1139493
867413,1791532,1139493
867421,390968,1139493
867421,390969,1139493
867421,1791545,1139493
867421,1791547,1139493
867421,1791548,1139493
867421,1791551,1139493
867421,1791552,1139493
1791514,390923,1139493
1791518,390921,1139493
1791537,390915,1139493
1791539,1791540,1139493
1791542,1791544,1139493
1791554,390917,1139493
1791556,1791557,1139493
1791560,1791561,1139493
1791563,1791564,1139493
1791751,1791752,1139573
1791754,1791755,1139578
1791988,1791989,1139623
867636,1792066,1139638
1792053,1792054,1139638
867672,1792129,1139651
392038,392034,1139956
392038,392040,1139956
392578,1793797,1140104
392582,1793806,1140106
868552,392786,1140115
868552,1794097,1140115
868552,1794098,1140115
868552,1794127,1140115
868552,1794129,1140115
868582,392758,1140115
868611,1794106,1140115
1794085,1794086,1140115
392877,392882,1140160
1794355,1794356,1140160
1794876,393124,1140240
868916,393352,1140251
1794984,1794995,1140251
393463,393613,1140272
393463,1795115,1140272
1795137,393610,1140272
869023,393571,1140334
1795305,393634,1140377
869077,393852,1140379
869083,1795393,1140379
869118,393807,1140379
1795341,393655,1140383
1795758,1795767,1140517
1795764,1795768,1140517
1795799,1795800,1140534
1796032,1796037,1140577
869248,1796132,1140615
869253,1796130,1140615
394229,394240,1140634
1796217,394241,1140634
1796386,394310,1140661
1796386,394316,1140661
1796431,1796433,1140675
1796453,1796454,1140679
1796469,1796470,1140685
1796657,1796658,1140732
1796708,1796709,1140747
869485,1796774,1140751
869485,1796778,1140751
869485,1796779,1140751
1796854,394574,1140763
1796855,1796856,1140763
1796856,394581,1140763
1796857,1796858,1140763
1796858,394580,1140763
869684,1797170,1140895
869684,1797172,1140895
1797290,395050,1140941
1797438,395168,1141011
1797530,395196,1141025
1797688,1797692,1141088
1797688,1797693,1141088
870042,1797882,1141134
1798007,1798009,1141148
870135,1798079,1141164
870169,1798171,1141183
870204,1798236,1141198
870204,1798245,1141198
1798410,1798393,1141234
870252,1798375,1141238
395868,1798468,1141256
395868,1798471,1141256
395876,1798496,1141266
1798783,1798784,1141375
1798817,1798818,1141377
1798842,1798843,1141382
1798851,1798853,1141384
1798886,1798887,1141389
1798898,1798899,1141391
1798967,1798962,1141405
396328,396349,1141423
396402,396384,1141423
1799297,396420,1141423
870566,1799107,1141429
870566,1799117,1141429
396530,396569,1141563
396475,1799406,1141567
1799398,1799404,1141567
870666,1799392,1141569
870668,396525,1141569
1799470,396582,1141591
1799470,1799484,1141591
1799472,396648,1141591
1799472,1799477,1141591
1799456,396500,1141594
1799456,1799459,1141594
1799456,1799464,1141594
1799457,396501,1141594
1799457,1799460,1141594
1799457,1799465,1141594
396507,396513,1141598
396507,396515,1141598
396508,396514,1141598
396508,396516,1141598
1799529,1799533,1141602
1799529,1799534,1141602
1799529,1799536,1141602
1799529,1799538,1141602
1799529,1799548,1141602
1799529,1799549,1141602
1799530,1799535,1141602
1799530,1799537,1141602
1799530,1799539,1141602
1799530,1799542,1141602
1799530,1799552,1141602
1799530,1799553,1141602
396660,1799614,1141643
396674,1799620,1141651
1799627,1799628,1141659
1799627,1799629,1141659
1799627,1799631,1141659
1799627,1799633,1141659
1799627,1799636,1141659
1799627,1799637,1141659
1799627,1799639,1141659
1799627,1799641,1141659
1799627,1799644,1141659
1799627,1799645,1141659
1799627,1799647,1141659
1799627,1799649,1141659
1799659,396703,1141664
1799659,396704,1141664
1799659,396705,1141664
1799659,1799662,1141664
1799659,1799665,1141664
1799659,1799668,1141664
1800307,1800308,1142077
1800309,1800310,1142077
1800328,1800329,1142083
1800332,1800333,1142083
871026,1800379,1142102
1800603,1800604,1142186
1800627,398092,1142186
1800627,1800614,1142186
1800627,1800616,1142186
1800714,398162,1142186
1800714,398180,1142186
1800714,1800599,1142186
1800714,1800601,1142186
1800755,1800756,1142213
1800892,1800893,1142269
1800936,1800937,1142285
398393,1800964,1142292
398393,1800966,1142292
398394,398389,1142292
398452,1801039,1142324
398452,1801041,1142324
398453,398442,1142324
1801082,1801085,1142337
1801082,1801086,1142337
1801083,398472,1142337
1801083,1801087,1142337
1801083,1801088,1142337
871479,1801508,1142375
871509,398922,1142375
1801703,399025,1142407
1801915,399105,1142411
1801915,399129,1142411
1801915,1801885,1142411
871591,1801820,1142425
399266,399276,1142467
399266,399280,1142467
399266,1802056,1142467
399252,1802105,1142483
399271,1802116,1142485
1802313,399379,1142550
1802315,1802316,1142550
1802415,1802416,1142571
399535,399571,1142576
1802464,1802476,1142580
1802470,1802523,1142580
1802505,1802507,1142580
1802664,1802673,1142637
1802664,1802674,1142637
1802699,399852,1142656
1802703,1802704,1142656
1802708,1802709,1142656
1802718,1802719,1142656
1802733,1802736,1142656
1802769,399793,1142675
1803112,1803117,1142773
1803204,1803205,1142814
400144,400134,1142839
1803337,1803338,1142877
1803657,1803658,1142977
872323,400772,1143009
1803876,1803877,1143023
1804031,1804032,1143057
872633,1805068,1143188
872633,1805071,1143188
872723,1805197,1143202
872723,1805198,1143202
872723,1805210,1143202
1805229,1805193,1143202
1805229,1805194,1143202
1805229,1805195,1143202
1805229,1805196,1143202
1805658,1805668,1143285
1805677,401680,1143285
1805686,401698,1143285
1805686,1805665,1143285
1805969,1805971,1143364
1805969,1805973,1143364
1806387,1806388,1143405
1806388,1806389,1143405
1806411,1806412,1143409
1806412,1806413,1143409
1806566,402108,1143440
1806568,1806569,1143440
1806589,1806590,1143448
1806615,1806616,1143450
1806627,1806628,1143453
1806650,1806642,1143457
1806722,402212,1143475
1806722,1806727,1143475
1806798,1806770,1143477
1806907,402371,1143510
1807083,1807084,1143664
1807087,1807088,1143664
1807091,1807092,1143664
1807095,402630,1143664
1807097,402635,1143664
1807100,1807101,1143664
1807103,1807104,1143664
1807156,1807158,1143690
1807160,1807163,1143690
1807164,1807166,1143690
1807167,1807168,1143690
1807169,1807171,1143690
1807172,1807173,1143690
1807177,1807178,1143690
1807179,1807180,1143690
1807150,1807152,1143702
1807152,1807153,1143702
1807280,1807281,1143779
1807282,1807283,1143779
1807313,1807336,1143790
1807315,1807320,1143790
1807316,1807319,1143790
1807317,1807327,1143790
1807381,1807382,1143821
1807384,402809,1143821
1807407,1807408,1143831
1807410,1807411,1143831
1807414,1807415,1143831
1807417,1807418,1143831
1807424,402871,1143831
1807426,402872,1143831
1807428,402873,1143831
1807432,1807433,1143831
1807435,1807436,1143831
1807443,402862,1143831
1807445,402865,1143831
1807447,402866,1143831
1807499,402908,1143869
1807503,402904,1143869
1807507,402897,1143869
1807536,1807537,1143884
1807540,1807552,1143884
1807544,402925,1143884
1807546,402926,1143884
1807548,402927,1143884
873443,1807626,1143916
873457,1807682,1143937
1807697,1807698,1143948
1807698,1807699,1143948
1807700,1807701,1143948
1807701,1807702,1143948
1807720,1807721,1143950
1807721,403035,1143950
1807728,1807731,1143950
1807731,1807733,1143950
1807734,1807735,1143950
1807735,1807737,1143950
1807740,1807741,1143950
1807741,1807742,1143950
873469,403056,1143953
873469,1807730,1143953
1807782,1807784,1143972
1807784,1807786,1143972
1807796,1807797,1143974
1807797,1807798,1143974
1807805,1807806,1143978
1807806,1807807,1143978
1807816,1807817,1143985
1807817,403106,1143985
1807819,1807820,1143985
1807820,1807821,1143985
1807822,1807823,1143985
1807823,1807824,1143985
1807826,1807827,1143985
1807827,1807828,1143985
1807835,1807836,1143985
1807836,1807837,1143985
1807838,1807839,1143985
1807839,403133,1143985
1807840,1807841,1143985
1807841,403135,1143985
1807842,1807843,1143985
1807843,403136,1143985
1807844,1807845,1143985
1807845,403137,1143985
1807846,1807847,1143985
1807847,403138,1143985
1807855,1807868,1143988
1807859,1807861,1143988
873535,1807931,1144014
1807946,1807947,1144021
1807947,403198,1144021
1807948,1807949,1144021
1807949,403199,1144021
1807950,1807951,1144021
1807951,403200,1144021
1807953,1807954,1144021
1807954,403201,1144021
1807956,1807958,1144021
1807958,403202,1144021
1807960,1807961,1144021
1807961,403203,1144021
1807962,1807963,1144021
1807963,1807964,1144021
1807965,1807966,1144021
1807966,1807967,1144021
873540,1807987,1144031
1808032,1808033,1144054
1808033,403241,1144054
1808034,1808035,1144054
1808035,403242,1144054
1808036,1808037,1144054
1808037,403243,1144054
1808038,1808039,1144054
1808039,403244,1144054
873559,1808057,1144064
1808088,1808089,1144082
1808089,1808090,1144082
1808092,1808095,1144082
1808095,1808097,1144082
1808098,1808099,1144082
1808099,1808100,1144082
1808152,1808153,1144115
1808153,1808154,1144115
1808188,1808189,1144117
1808189,403307,1144117
1808194,403471,1144117
1808200,403387,1144117
1808206,403330,1144117
873567,1808178,1144126
873576,1808248,1144137
1808453,1808454,1144289
1808455,403704,1144289
1808463,403707,1144289
1808496,1808497,1144309
1808497,1808505,1144309
1808498,1808499,1144309
1808499,1808500,1144309
1808501,1808502,1144309
1808502,403729,1144309
1808503,1808504,1144309
403800,403789,1144343
1808567,1808568,1144353
1808568,1808570,1144353
1808571,1808573,1144353
1808574,1808576,1144353
1808581,1808582,1144353
1808582,1808583,1144353
1808604,1808606,1144370
1808615,1808617,1144383
403882,403870,1144391
1808662,1808663,1144396
1808663,1808665,1144396
1808666,1808669,1144396
1808672,1808675,1144396
1808676,1808679,1144396
1808680,1808683,1144396
1808684,1808687,1144396
1808688,1808691,1144396
1808693,1808694,1144396
1808694,1808718,1144396
1808695,1808697,1144396
1808697,1808698,1144396
1808699,1808700,1144396
1808700,1808729,1144396
1808701,1808702,1144396
1808703,1808704,1144396
1808705,1808706,1144396
1808707,1808708,1144396
1808708,1808728,1144396
1808709,1808710,1144396
1808710,1808711,1144396
403945,403925,1144419
1808771,1808774,1144430
1808775,1808777,1144430
1808778,1808780,1144430
1808822,1808825,1144451
1808826,1808828,1144451
1808829,1808831,1144451
1808832,1808834,1144451
1808835,1808837,1144451
1808838,1808841,1144451
1808842,1808844,1144451
1808845,1808847,1144451
873705,1808869,1144476
873705,1808871,1144476
1808891,1808894,1144488
1808895,1808897,1144488
1808898,1808900,1144488
1808901,1808904,1144488
873710,1808911,1144499
873710,1808913,1144499
873714,1808930,1144512
873714,1808932,1144512
873720,1808955,1144527
873720,1808957,1144527
873726,1808979,1144546
873726,1808981,1144546
1809052,404516,1144574
1809055,404482,1144574
1809060,404449,1144574
1809062,404405,1144574
1809064,404356,1144574
1809071,404332,1144574
1809074,404380,1144574
1809076,404426,1144574
1809230,404723,1144720
1809232,404726,1144720
1809261,404781,1144720
1809381,404961,1144776
1809383,404970,1144776
873869,1809403,1144789
1809530,405173,1144846
1809537,1809541,1144846
1809625,1809626,1144900
1809692,1809693,1144935
1809773,1809774,1144977
1809901,1809902,1145002
1809944,1809945,1145086
1810162,1810163,1145203
1810166,1810167,1145203
1810192,1810193,1145203
1810198,1810199,1145203
1810242,1810243,1145203
1810247,1810248,1145203
1810260,1810261,1145203
1810264,1810265,1145203
1810045,1810046,1145205
1810046,1810047,1145205
1810809,1810822,1145361
1810812,1810814,1145361
1810817,1810818,1145361
1810824,1810825,1145361
1810839,1810840,1145361
1810843,1810844,1145361
1810863,1810864,1145361
1810868,1810870,1145361
1811321,406250,1145383
1811870,1811871,1145397
1812156,1812157,1145410
1812206,406472,1145427
1812534,406715,1145571
406859,1812697,1145606
406859,1812698,1145606
406859,1812699,1145606
406859,1812700,1145606
406859,1812701,1145606
406859,1812702,1145606
406859,1812718,1145606
406859,1812719,1145606
406859,1812720,1145606
406859,1812721,1145606
406859,1812722,1145606
406859,1812723,1145606
1812649,1812650,1145620
1812654,1812655,1145620
1812681,406838,1145620
1812838,1812839,1145649
1812841,406912,1145649
1812960,1812963,1145673
1812960,1812965,1145673
1812960,1812968,1145673
1812960,1812969,1145673
1812980,1812983,1145678
1813002,407018,1145683
874636,407087,1145694
1813203,407248,1145718
1813203,407261,1145718
1813203,1813207,1145718
1813203,1813208,1145718
1813203,1813210,1145718
1813203,1813211,1145718
1813203,1813220,1145718
1813203,1813224,1145718
1813203,1813230,1145718
1813203,1813235,1145718
874901,407493,1145774
874901,407508,1145774
874901,407525,1145774
874901,1813418,1145774
874901,1813419,1145774
1813464,407545,1145817
1813913,1813914,1145935
1814021,1814022,1145970
875216,1814031,1145974
875260,408229,1145996
875260,1814102,1145996
1814204,1814205,1146034
1814234,1814235,1146036
875428,1814719,1146107
1814892,1814893,1146154
1814926,1814937,1146161
1814983,1814979,1146184
1814983,1814980,1146184
875582,1815065,1146190
875582,1815074,1146190
1815179,1815180,1146234
409297,1815529,1146355
875788,409340,1146402
409354,409345,1146410
409371,409386,1146425
409371,1815691,1146425
409371,1815697,1146425
875823,1815694,1146425
875823,1815695,1146425
409500,409502,1146489
409500,1815824,1146489
409507,1815836,1146492
409507,1815837,1146492
409507,1815838,1146492
409507,1815839,1146492
1815847,409536,1146495
409610,409553,1146497
1816512,1816516,1146693
1816637,1816639,1146737
1816637,1816641,1146737
1817058,1817059,1146842
1817073,1817074,1146842
1817098,1817099,1146848
1817101,1817103,1146848
1817114,1817115,1146850
1817117,410617,1146850
1817119,1817120,1146850
1817144,1817147,1146859
1817149,1817150,1146859
1817258,1817260,1146881
1817275,1817276,1146890
1817280,1817281,1146890
1817285,1817286,1146890
1817294,1817295,1146896
1817299,1817300,1146896
1817304,1817305,1146896
1817307,1817308,1146896
1817367,1817446,1146903
1817372,1817403,1146903
876737,1817496,1146942
876751,1817508,1146944
1817885,1817888,1147115
1817909,1817911,1147138
1817975,1817976,1147159
876996,411284,1147167
877120,411541,1147210
877120,411547,1147210
877293,411825,1147237
1818472,1818473,1147250
1818478,1818479,1147252
412081,1818799,1147420
412081,1818819,1147420
877420,1818815,1147420
877420,1818859,1147420
1818864,1818805,1147420
1818864,1818812,1147420
877454,412129,1147462
1819203,1819204,1147502
1819207,1819208,1147502
1819331,1819335,1147520
877619,1819379,1147528
1819366,1819368,1147528
877622,1819432,1147536
1819447,1819448,1147540
412516,1819524,1147553
412516,1819527,1147553
412522,1819525,1147553
412522,1819528,1147553
412528,1819526,1147553
412528,1819529,1147553
877658,1819536,1147553
877701,1819652,1147570
877745,412672,1147574
1819673,1819674,1147574
1819676,1819677,1147574
1819679,1819680,1147574
1819684,1819686,1147574
1819832,412724,1147577
1819833,412729,1147577
1819834,1819835,1147577
1819837,413081,1147577
1819838,413084,1147577
1819840,413087,1147577
1819841,413092,1147577
1819848,412954,1147577
1819849,412959,1147577
1819850,412971,1147577
1819851,412979,1147577
1819858,412781,1147577
1819859,412784,1147577
1819860,1819861,1147577
1819862,1819863,1147577
1819864,1819865,1147577
1819866,1819867,1147577
1819868,412824,1147577
1819871,1819872,1147577
1819873,412702,1147577
1819874,412706,1147577
1819876,412713,1147577
1819878,412716,1147577
1819884,412741,1147577
1819886,412744,1147577
1819887,412747,1147577
1819889,412750,1147577
1819890,412755,1147577
1819892,412768,1147577
1819893,412773,1147577
1819895,412776,1147577
877850,1820215,1147649
877852,1820216,1147649
877913,1820274,1147656
877916,1820289,1147656
1820408,1820429,1147694
413300,1820577,1147729
878073,1820765,1147775
1820818,1820819,1147788
1820820,1820821,1147788
1820822,1820823,1147788
1820824,1820825,1147788
878168,1821238,1147827
878177,413654,1147872
878216,413782,1147928
1822734,1822722,1148343
1822735,1822726,1148343
414592,414601,1148351
414592,414605,1148351
414592,1822768,1148351
1822890,414669,1148369
878730,414684,1148385
878730,414693,1148385
1822991,1822988,1148409
1823020,1823021,1148423
1823040,1823044,1148429
1823040,1823050,1148429
1823067,1823068,1148431
1823100,1823104,1148439
414805,1823133,1148450
414805,1823145,1148450
1823226,414849,1148461
1823226,414851,1148461
1823226,1823234,1148461
1823226,1823235,1148461
1823256,1823252,1148463
1823358,415015,1148485
1823358,1823362,1148485
1823358,1823363,1148485
1823579,1823580,1148567
1823581,1823582,1148567
1823584,415314,1148567
1823594,415247,1148567
1823602,1823603,1148567
1823604,1823605,1148567
1823608,1823609,1148567
1823734,1823735,1148614
1823760,415506,1148616
1823760,415542,1148616
1823761,415437,1148616
1823761,1823776,1148616
1823762,1823754,1148616
1823762,1823758,1148616
1823762,1823771,1148616
1823762,1823775,1148616
879221,1823876,1148624
415480,1823896,1148631
1823887,1823894,1148631
1824106,1824108,1148687
1824109,415637,1148687
1824109,1824112,1148687
879352,1824155,1148695
879352,1824156,1148695
879352,1824157,1148695
879352,1824158,1148695
1824173,1824174,1148700
1824178,415677,1148700
1824903,1824905,1148927
1824906,416264,1148927
1825068,416357,1148962
1825959,1825960,1149208
1826518,1826519,1149385
1826661,1826662,1149405
1826833,1826834,1149433
1827014,1827015,1149480
880642,418116,1149552
880642,1827300,1149552
880670,418142,1149552
1827383,1827384,1149569
880732,418230,1149590
880732,1827534,1149590
419008,419035,1149873
419008,419036,1149873
419008,419038,1149873
419008,419039,1149873
419008,1828562,1149873
419008,1828563,1149873
419008,1828566,1149873
419008,1828567,1149873
419115,1828676,1149905
419138,1828691,1149914
419153,1828697,1149921
419162,1828718,1149928
419176,419171,1149933
1828826,419241,1149958
1828876,419291,1149994
1828899,1828900,1150002
1828922,1828923,1150013
1828941,1828942,1150023
1828978,1828979,1150032
419324,1829011,1150047
419324,1829013,1150047
419326,1829010,1150047
419326,1829012,1150047
419336,1829041,1150058
419336,1829043,1150058
419338,1829040,1150058
419338,1829042,1150058
419356,1829099,1150076
419356,1829101,1150076
419358,1829098,1150076
419358,1829100,1150076
419377,1829131,1150086
419377,1829133,1150086
419379,1829130,1150086
419379,1829132,1150086
419397,1829167,1150097
419397,1829169,1150097
419399,1829166,1150097
419399,1829168,1150097
419416,1829204,1150107
419416,1829206,1150107
419418,1829203,1150107
419418,1829205,1150107
881245,1829232,1150113
881245,1829234,1150113
419460,1829258,1150121
419460,1829260,1150121
419464,1829257,1150121
419464,1829259,1150121
881256,1829278,1150125
881256,1829281,1150125
419477,1829303,1150127
419477,1829305,1150127
419479,1829302,1150127
419479,1829304,1150127
881276,1829333,1150133
881276,1829335,1150133
419492,1829344,1150135
419492,1829346,1150135
419494,1829343,1150135
419494,1829345,1150135
419506,1829363,1150139
419506,1829365,1150139
419508,1829362,1150139
419508,1829364,1150139
881305,1829388,1150145
881305,1829390,1150145
419525,419521,1150151
419525,419533,1150151
419525,419547,1150151
419527,419523,1150151
419527,419535,1150151
419527,419551,1150151
419560,1829442,1150159
419562,1829441,1150159
881318,1829454,1150163
881318,1829457,1150163
419578,1829476,1150167
419580,1829475,1150167
419605,419599,1150183
419605,419615,1150183
419605,419619,1150183
419607,419601,1150183
419607,419617,1150183
419607,419621,1150183
881353,419665,1150208
1829575,1829579,1150213
1829575,1829580,1150213
881364,419690,1150218
881406,1829666,1150244
1829652,1829653,1150244
1829658,1829662,1150244
881387,419764,1150250
881452,1829773,1150269
1829746,1829747,1150271
1829808,1829809,1150277
1829811,1829812,1150277
1829872,1829873,1150286
1829875,1829876,1150286
1829934,1829947,1150298
1829945,1829946,1150298
881486,419917,1150311
1830008,1830013,1150317
1830120,1830135,1150341
1830132,1830133,1150341
1830183,1830174,1150352
1830555,1830559,1150473
1830557,1830558,1150473
1830561,1830565,1150473
1830563,1830564,1150473
1830569,1830573,1150473
1830571,1830572,1150473
1830669,1830670,1150486
1830677,1830682,1150486
1830692,1830697,1150486
1830708,1830709,1150486
1830715,1830720,1150486
1830730,1830735,1150486
1831025,420662,1150531
1831072,420693,1150537
1831075,420698,1150537
1831167,1831168,1150569
1831171,1831172,1150569
1831202,1831203,1150578
1831389,1831393,1150612
1831391,420882,1150612
1831487,420950,1150629
1831506,420978,1150634
1831508,1831509,1150634
1831524,421002,1150637
1831529,1831530,1150637
1831543,421016,1150643
1831545,421024,1150643
1831575,421037,1150652
1831578,1831579,1150652
421032,1831595,1150658
421032,1831606,1150658
1831612,1831613,1150663
1831623,1831625,1150663
1831628,1831629,1150663
1831631,1831632,1150663
1831635,1831636,1150663
421064,1831658,1150671
421076,1831662,1150671
1831698,1831699,1150678
1831710,1831713,1150678
1831716,1831718,1150678
1831721,1831722,1150678
1831730,1831731,1150678
421097,1831689,1150690
421136,1831813,1150728
421138,1831807,1150728
1831803,421148,1150728
1831803,1831820,1150728
1831820,1831815,1150728
1831901,421176,1150747
1832253,1832254,1151293
1832339,1832340,1151425
1832341,1832344,1151425
1832342,1832343,1151425
1832345,421356,1151425
1832346,421359,1151425
1832366,1832367,1151430
1832372,1832374,1151430
1832407,421383,1151446
1832408,421386,1151446
421393,1832431,1151457
1832428,1832433,1151457
882362,1832678,1151507
882368,1832674,1151507
882370,1832675,1151507
421924,1833287,1151724
1833343,1833344,1151734
1833348,1833349,1151736
1833410,1833412,1151758
1833410,1833414,1151758
1833507,1833508,1151790
1833513,1833514,1151790
1833852,422262,1151888
1833852,422263,1151888
1833852,422264,1151888
1833852,422265,1151888
1833852,422266,1151888
1833852,422267,1151888
1833879,1833882,1151895
1833879,1833884,1151895
1833879,1833886,1151895
1833879,1833888,1151895
1833879,1833890,1151895
1833879,1833892,1151895
1833901,422351,1151916
1833901,422352,1151916
1833901,422353,1151916
1833901,422354,1151916
1833901,422355,1151916
1833901,422356,1151916
1833909,422367,1151919
1833909,422368,1151919
1833909,422369,1151919
1833909,422370,1151919
1833909,422371,1151919
1833909,422372,1151919
1833969,1834008,1151938
1833969,1834009,1151938
1833969,1834010,1151938
1833969,1834011,1151938
1833969,1834012,1151938
1833969,1834013,1151938
1834043,1834044,1151957
1834043,1834045,1151957
1834043,1834046,1151957
1834177,1834178,1151980
1834183,1834198,1151980
1834183,1834201,1151980
422533,422545,1152002
422533,422548,1152002
422533,422568,1152002
422533,422573,1152002
422533,422609,1152002
1834548,1834549,1152027
1834548,1834551,1152027
1834548,1834553,1152027
1834548,1834556,1152027
1834678,422866,1152058
1834701,422883,1152075
1834784,422963,1152077
1834957,1834958,1152143
1834959,423152,1152143
1834962,423128,1152143
1835131,423336,1152207
1835250,423542,1152232
1835280,423509,1152232
1835309,423549,1152232
883978,424194,1152430
884005,1836386,1152436
1836525,1836519,1152454
884136,424470,1152507
884136,1836667,1152507
884275,1836867,1152554
1837137,424899,1152632
1837203,424972,1152673
1837203,1837206,1152673
1837417,425096,1152754
1837597,425204,1152804
884845,1838606,1153139
884845,1838608,1153139
884866,1838680,1153161
1838890,1838891,1153194
426282,426330,1153273
426282,426337,1153273
426282,1839308,1153273
1839476,1839478,1153317
1839884,1839885,1153440
1839988,1839990,1153464
1840245,427105,1153495
1840245,427117,1153495
1840245,427119,1153495
1840245,427124,1153495
1840279,427136,1153503
1840357,1840358,1153532
1840385,1840387,1153537
1840594,1840596,1153605
1840766,1840791,1153683
1840811,1840826,1153688
1841026,1841027,1153746
885835,427824,1153790
885866,427883,1153790
885897,428037,1153790
885935,428103,1153790
885959,428150,1153790
1841156,428129,1153790
1841186,428142,1153790
885962,428219,1153832
885962,428248,1153832
885962,1841579,1153832
1841716,1841711,1153880
1841716,1841714,1153880
886161,1841894,1153918
1841928,428714,1153921
1841928,428760,1153921
1842141,428968,1153967
886359,1842278,1153999
886359,1842280,1153999
886361,1842307,1154010
886361,1842311,1154010
886364,1842372,1154018
886364,1842374,1154018
886382,1842387,1154024
886382,1842389,1154024
429195,1842399,1154026
1842580,1842581,1154094
429347,1842632,1154106
1842634,1842635,1154106
1842666,1842667,1154114
1842669,1842670,1154114
1842690,1842691,1154120
1842694,1842696,1154126
1842716,1842727,1154132
1842709,1842710,1154134
1842744,1842745,1154149
886535,1842760,1154154
886535,1842764,1154154
886539,1842793,1154158
886539,1842796,1154158
429565,1842866,1154197
429747,1843130,1154226
429758,1843127,1154226
429758,1843128,1154226
429867,1843270,1154321
429867,1843278,1154321
1843670,1843673,1154437
1843722,1843723,1154453
1843748,430358,1154462
1843753,1843754,1154462
1843908,1843911,1154464
1843914,1843915,1154464
1843933,1844085,1154464
1843960,1843967,1154464
1843961,1843962,1154464
430360,1843770,1154468
1843811,1843812,1154480
1843842,1843843,1154492
1843868,1843869,1154497
886871,1843892,1154513
430461,1844122,1154515
430461,1844124,1154515
430461,1844136,1154515
430461,1844154,1154515
430461,1844164,1154515
430461,1844211,1154515
430461,1844217,1154515
430461,1844219,1154515
430461,1844228,1154515
430461,1844230,1154515
1844325,1844326,1154549
1844325,1844327,1154549
1844343,1844344,1154554
1844343,1844346,1154554
1844343,1844348,1154554
1844401,1844407,1154559
1844425,1844427,1154576
1844465,1844473,1154587
1844482,1844483,1154587
1844487,1844503,1154587
1844493,1844499,1154587
1844494,1844495,1154587
1844456,1844460,1154599
430782,1844525,1154602
1844837,1844838,1154678
1844847,1844848,1154684
431194,1845055,1154773
1845043,1845044,1154776
1845043,1845045,1154776
1845043,1845046,1154776
1845080,1845081,1154780
1845080,1845082,1154780
1845080,1845084,1154780
431259,1845185,1154817
431330,431342,1154821
431330,431346,1154821
431330,1845253,1154821
431337,1845286,1154842
1845535,1845536,1154909
1845547,1845548,1154909
1845564,1845565,1154909
1845575,1845576,1154909
1845578,1845579,1154909
1846009,431813,1155034
1846044,1846054,1155039
1846044,1846056,1155039
1846044,1846075,1155039
1846834,1846913,1155104
1846834,1846926,1155104
1846834,1846928,1155104
1846834,1846947,1155104
1846834,1846950,1155104
1846834,1846954,1155104
1846834,1846961,1155104
1846834,1846965,1155104
1846834,1846970,1155104
1846834,1846974,1155104
1846834,1847115,1155104
1846837,1846943,1155104
1846837,1846984,1155104
1846839,1846866,1155104
1846839,1846868,1155104
1846839,1846871,1155104
1846839,1846873,1155104
1846839,1846874,1155104
1846839,1846876,1155104
1846839,1846878,1155104
1846839,1846880,1155104
1846839,1846882,1155104
1846839,1846887,1155104
1846839,1846889,1155104
1846839,1846891,1155104
1846839,1846894,1155104
1846839,1846898,1155104
1846839,1846899,1155104
1846839,1846901,1155104
1846839,1846902,1155104
1846841,1846909,1155104
1846841,1846981,1155104
1846841,1847075,1155104
1846843,1846845,1155104
1846906,1846910,1155104
1846931,1846934,1155104
1846931,1846987,1155104
1846938,1846944,1155104
1846938,1846985,1155104
1846583,1846587,1155117
1846583,1846591,1155117
1846585,1846586,1155117
1846585,1846590,1155117
1846625,1846627,1155120
1846625,1846631,1155120
1848547,432265,1155175
1849860,1849862,1155319
1849971,1849972,1155341
1849978,1849979,1155341
1849984,1849985,1155341
1849990,1849991,1155341
1850153,1850154,1155393
1850313,1850324,1155418
1850314,1850315,1155418
1850685,1850686,1155493
1850758,1850759,1155516
1850792,1850793,1155530
1850822,433353,1155532
1850851,1850853,1155541
1851195,1851196,1155610
1851197,1851199,1155610
1851220,1851228,1155615
1851292,1851295,1155621
1851294,433813,1155621
1851413,1851418,1155659
1851413,1851437,1155659
1851447,434092,1155665
1851457,1851462,1155677
1851457,1851481,1155677
1851675,434777,1155772
1851676,434758,1155772
1851677,434742,1155772
1851678,434726,1155772
1851679,434706,1155772
1851680,434687,1155772
1851681,434669,1155772
1851682,434647,1155772
1851683,434620,1155772
435087,1851879,1155786
1851874,1851878,1155786
1851874,1851881,1155786
1852394,435502,1155915
1852432,435567,1155926
1853051,1853052,1156057
1853060,1853065,1156062
889138,436155,1156113
889138,436162,1156113
889138,1853231,1156113
889170,436214,1156117
889170,436228,1156117
1853436,1853438,1156152
1853436,1853447,1156152
889254,436328,1156168
1853751,436691,1156273
1853751,1853769,1156273
1853753,436685,1156273
1853753,1853788,1156273
1854107,437008,1156333
1854312,437285,1156409
1854312,437286,1156409
1854312,437297,1156409
1854313,437287,1156409
1854313,437298,1156409
1854532,437623,1156475
1854532,437624,1156475
1854730,1854731,1156514
1854746,1854747,1156518
1854748,1854749,1156518
437919,437928,1156542
437919,1854929,1156542
1855046,1855047,1156585
1855048,1855049,1156585
1855069,1855070,1156587
1855071,1855072,1156587
1855413,438261,1156693
1855469,438386,1156695
1855469,1855456,1156695
1855469,1855458,1156695
1856006,1856008,1156827
1856022,1856023,1156832
1856122,1856123,1156870
890615,1856348,1156925
890615,1856350,1156925
890657,1856412,1156942
890657,1856424,1156942
1856407,1856408,1156942
1856419,1856411,1156942
1856419,1856414,1156942
1856419,1856420,1156942
1856665,1856682,1157051
1856670,1856671,1157051
1856676,1856677,1157051
890753,1856717,1157053
890753,1856721,1157053
1856700,1856722,1157053
1856701,1856718,1157053
1856861,439427,1157065
1856861,439429,1157065
1857025,439512,1157079
1857025,1857026,1157079
1857025,1857028,1157079
1857025,1857033,1157079
1857034,439517,1157079
890954,439607,1157113
890954,439618,1157113
890970,439660,1157113
890970,439670,1157113
439976,439931,1157223
891077,439899,1157223
891095,1857563,1157223
1857725,1857726,1157265
1857732,1857733,1157265
1857735,1857737,1157265
1857894,1857890,1157300
891263,1857942,1157303
891263,1857944,1157303
440288,440295,1157328
440288,440296,1157328
440288,440301,1157328
440288,440302,1157328
440288,440305,1157328
440288,440306,1157328
440288,440309,1157328
440288,440310,1157328
891301,1858099,1157349
891301,1858101,1157349
1858158,1858173,1157363
1858166,1858167,1157363
1858168,1858169,1157363
1858333,440472,1157393
1858383,440710,1157411
1858385,440812,1157411
1858388,440931,1157411
1858373,440554,1157416
1858785,1858787,1157520
1858792,1858793,1157520
1859256,1859259,1157556
1859257,1859258,1157556
1859260,1859261,1157556
1859262,1859263,1157556
1859264,1859267,1157556
1859265,1859266,1157556
1859268,1859269,1157556
1859270,1859271,1157556
1859273,1859277,1157556
1859275,1859276,1157556
1859278,1859279,1157556
1859280,1859281,1157556
1859282,1859283,1157556
1859284,1859285,1157556
1859368,1859369,1157567
1859370,1859371,1157567
1859374,1859375,1157567
1859377,1859378,1157567
1859379,1859380,1157567
1859382,1859383,1157567
1859385,441406,1157567
1859387,441405,1157567
1859388,441404,1157567
1859390,441403,1157567
1859397,1859398,1157567
1859399,1859400,1157567
1859460,1859442,1157572
1859487,1859488,1157575
1859490,1859491,1157575
1859492,1859493,1157575
1859495,1859496,1157575
1859498,441493,1157575
1859500,441492,1157575
1859501,441491,1157575
1859503,441490,1157575
1859567,1859545,1157583
1859584,1859585,1157590
1859589,1859610,1157590
1859591,1859592,1157590
1859596,1859597,1157590
1859601,1859602,1157590
1859606,1859607,1157590
1859707,1859733,1157604
1859762,1859777,1157612
1859829,1859830,1157620
1859832,1859833,1157620
1859835,1859839,1157620
1859843,1859844,1157620
1859846,1859847,1157620
1859849,1859852,1157620
1859861,441665,1157624
1859864,441674,1157624
1859975,441790,1157632
1859977,441802,1157632
1859978,441782,1157632
1859987,441711,1157632
1859989,441744,1157632
1859990,441699,1157632
1859993,1859994,1157632
1859995,1859997,1157632
1859998,1859999,1157632
1860000,1860002,1157632
1860210,1860211,1157674
1860425,1860428,1157730
892082,1860437,1157738
892082,1860439,1157738
892089,1860452,1157745
892089,1860454,1157745
892095,1860466,1157747
892095,1860468,1157747
892095,1860469,1157747
892095,1860470,1157747
892095,1860474,1157747
1860532,1860518,1157759
1860532,1860521,1157759
1860532,1860524,1157759
1860532,1860525,1157759
1860532,1860530,1157759
1860533,1860519,1157759
1860533,1860527,1157759
1860592,1860584,1157768
1860592,1860586,1157768
1860592,1860587,1157768
1860593,1860583,1157768
1860593,1860589,1157768
1860593,1860607,1157768
1860819,442725,1157805
1860819,442726,1157805
1860812,442734,1157809
1862180,1862183,1158209
1862200,1862201,1158211
1862224,1862227,1158219
1862243,1862245,1158224
1862255,1862257,1158233
893217,1862744,1158420
893234,445198,1158420
893234,1862737,1158420
893234,1862738,1158420
893234,1862751,1158420
445565,1863121,1158558
445565,1863123,1158558
445565,1863125,1158558
445565,1863127,1158558
445565,1863129,1158558
445565,1863131,1158558
1863227,1863268,1158575
1863245,1863247,1158575
1863252,1863254,1158575
1863256,1863307,1158575
1863259,1863262,1158575
1863260,1863261,1158575
1863272,445586,1158575
1863276,445587,1158575
1863279,445588,1158575
1863410,1863414,1158579
1863410,1863440,1158579
1863410,1863442,1158579
1863424,445723,1158579
1863427,445673,1158579
1863428,1863429,1158579
1863430,1863431,1158579
1863433,1863435,1158579
1863443,445630,1158579
1863514,1863515,1158587
1863517,1863520,1158587
1863518,1863519,1158587
1863519,445794,1158587
1863523,1863524,1158587
1863523,1863526,1158587
1863527,445792,1158587
1863662,1863675,1158609
1863663,1863678,1158609
1863664,1863680,1158609
1863699,1863700,1158617
1863700,1863701,1158617
1863703,1863704,1158617
1863706,1863707,1158617
1863710,1863711,1158617
1863715,1863716,1158617
1863716,1863718,1158617
1863724,1863725,1158617
1863769,445889,1158622
893650,1864146,1158733
893728,446202,1158746
1864321,1864322,1158746
1864495,1864497,1158752
1864499,1864501,1158752
1864503,1864505,1158752
1864507,1864508,1158752
1864509,1864510,1158752
1864518,1864520,1158752
893788,1864614,1158764
1864619,1864621,1158767
1864619,1864622,1158767
1864670,1864672,1158793
1864670,1864673,1158793
1864755,1864764,1158805
1864757,1864759,1158805
1864850,1864853,1158811
446987,446995,1158937
446991,447007,1158937
1865680,1865687,1159076
1866038,1866042,1159181
1866039,1866041,1159181
1866405,1866406,1159256
1866429,1866430,1159256
1866432,1866434,1159256
1866442,1866443,1159256
1866358,447849,1159264
1866359,447906,1159264
1866970,1866971,1159375
1868500,1868501,1159611
1868500,1868502,1159611
1868500,1868503,1159611
1868500,1868504,1159611
1868500,1868505,1159611
1868500,1868506,1159611
1868500,1868507,1159611
1868500,1868508,1159611
1868500,1868509,1159611
1868563,1868565,1159621
1868572,1868573,1159621
1868995,449718,1159676
1868995,449720,1159676
895682,1869048,1159691
1869043,1869044,1159691
1869130,1869131,1159733
1869135,449901,1159733
1869137,1869138,1159733
1869140,449845,1159733
1869142,1869146,1159733
1869678,1869694,1159885
450497,1869799,1159887
1869718,1869719,1159902
1869845,1869846,1159919
896056,1869910,1159951
450737,450766,1160020
450737,450767,1160020
450737,450768,1160020
450737,450769,1160020
450737,450785,1160020
450737,450786,1160020
450737,450787,1160020
450737,450788,1160020
450737,450792,1160020
450737,450793,1160020
450737,450794,1160020
450737,450795,1160020
896286,1870440,1160179
1870545,451122,1160229
1870553,451126,1160229
1870553,451128,1160229
1870553,451132,1160229
1870553,1870532,1160229
1870553,1870533,1160229
451211,451234,1160250
451211,451236,1160250
896380,451214,1160250
1870595,451230,1160250
1870595,1870580,1160250
1870595,1870582,1160250
1870595,1870585,1160250
1870595,1870586,1160250
1870595,1870588,1160250
1870672,1870684,1160287
1870675,1870677,1160287
1870675,1870681,1160287
1870675,1870683,1160287
1870711,1870688,1160287
1870744,1870753,1160301
1870744,1870756,1160301
1870744,1870759,1160301
1870744,1870762,1160301
1870750,1870751,1160301
1870750,1870754,1160301
1870750,1870757,1160301
1870750,1870760,1160301
451362,1870856,1160321
451362,1870867,1160321
451362,1870877,1160321
451362,1870879,1160321
1870853,1870858,1160321
1870853,1870868,1160321
451995,1871883,1160602
451995,1871886,1160602
451995,1871888,1160602
451995,1871892,1160602
451995,1871914,1160602
1871876,1871879,1160602
1872095,1872096,1160658
1872133,1872134,1160662
1872213,1872214,1160674
1872265,1872266,1160680
1872461,1872462,1160721
1872480,1872481,1160725
1872496,1872497,1160733
1872513,452441,1160745
1872516,452442,1160745
1872837,452729,1160813
1872852,1872854,1160813
1872859,1872861,1160813
1872876,1872872,1160813
1872971,1872967,1160832
1873034,452859,1160844
1873205,1873208,1160878
1873206,1873207,1160878
1873211,1873214,1160878
1873212,1873213,1160878
1873363,1873364,1160919
1873508,453070,1160959
1873665,1873666,1160985
1873669,1873670,1160985
1873672,1873673,1160985
1873674,1873675,1160985
1873676,1873707,1160985
1873752,1873755,1161007
1873752,1873757,1161007
1873752,1873761,1161007
1873752,1873764,1161007
1874004,453311,1161088
1874004,1874007,1161088
1874004,1874008,1161088
1874004,1874009,1161088
1874187,1874198,1161129
1874200,1874201,1161129
1874220,1874222,1161131
1874240,453417,1161136
1874242,453418,1161136
1874245,453419,1161136
1874260,1874287,1161142
1874266,453427,1161142
1874273,1874284,1161142
1874306,1874307,1161148
1874310,1874311,1161148
1874312,453445,1161148
1874342,1874344,1161160
1874346,1874347,1161160
1874350,453501,1161160
1874357,1874402,1161168
1874365,453458,1161168
1874379,1874399,1161168
1874434,1874459,1161180
1874440,453488,1161180
1874447,1874455,1161180
1874534,1874593,1161199
1874551,453537,1161199
1874554,453539,1161199
1874567,1874580,1161199
1874582,453551,1161199
1874586,453553,1161199
1874690,453596,1161221
1874754,453628,1161252
1874794,453669,1161266
1874798,453664,1161266
1874896,453790,1161271
1874900,453766,1161271
1874902,453770,1161271
1874904,453748,1161271
1874827,1874831,1161276
1874831,1874832,1161276
1874854,453700,1161286
1874857,453693,1161286
1874866,453685,1161286
1874944,453814,1161290
1874947,453760,1161290
453829,453821,1161323
453829,453823,1161323
453829,453833,1161323
453963,1875197,1161375
453963,1875199,1161375
453963,1875201,1161375
453963,1875221,1161375
897678,1875416,1161426
897678,1875417,1161426
897678,1875418,1161426
897678,1875419,1161426
897678,1875420,1161426
897678,1875421,1161426
454380,1875579,1161431
454380,1875583,1161431
454380,1875586,1161431
454380,1875589,1161431
454380,1875592,1161431
454380,1875595,1161431
454380,1875601,1161431
454380,1875604,1161431
454380,1875613,1161431
454380,1875615,1161431
1875542,454217,1161449
1875547,1875548,1161449
1875552,1875553,1161449
1875556,1875557,1161449
1875644,1875645,1161455
1875652,1875653,1161455
1875777,1875779,1161465
1875785,1875787,1161465
454255,1875878,1161477
1875879,1875880,1161477
1875884,1875885,1161477
1875918,454277,1161486
1875922,1875923,1161486
1875970,454318,1161490
1875975,1875976,1161490
1876022,454335,1161499
1876023,454337,1161499
1876027,1876028,1161499
1876117,1876170,1161515
1876119,1876148,1161515
897901,1876308,1161559
897901,1876310,1161559
897909,1876327,1161563
897909,1876329,1161563
897917,1876367,1161572
897917,1876369,1161572
897933,1876386,1161574
897933,1876388,1161574
1876447,1876498,1161578
1876450,1876477,1161578
1876615,1876616,1161618
1876644,1876645,1161638
1876882,1876884,1161733
1877040,455229,1161760
898198,1877073,1161785
898198,1877076,1161785
898198,1877082,1161785
898198,1877083,1161785
898198,1877084,1161785
898198,1877087,1161785
898198,1877088,1161785
898198,1877089,1161785
898198,1877093,1161785
898198,1877094,1161785
898198,1877099,1161785
898198,1877100,1161785
898198,1877101,1161785
898198,1877104,1161785
455574,455594,1161898
1877869,1877870,1162125
1877892,1877964,1162148
1877892,1878008,1162148
1877892,1878009,1162148
1877892,1878027,1162148
1877892,1878034,1162148
1877892,1878035,1162148
1877907,1877908,1162148
1877911,1877912,1162148
1877914,1877915,1162148
1877922,1877923,1162148
1877925,1877926,1162148
1877940,1877941,1162148
1877944,1877945,1162148
1877948,1877949,1162148
1877951,1877952,1162148
898545,1878249,1162162
898545,1878253,1162162
456097,456105,1162177
456097,456107,1162177
456097,456109,1162177
456097,456111,1162177
456097,456120,1162177
456097,456122,1162177
456097,456124,1162177
456097,456129,1162177
1878073,1878193,1162177
1878074,1878194,1162177
1878075,1878200,1162177
1878096,1878196,1162177
1878097,1878197,1162177
1878111,1878181,1162177
1878112,1878182,1162177
1878113,1878183,1162177
1878114,1878184,1162177
1878322,456194,1162195
1878322,1878325,1162195
1878451,456232,1162206
456325,456437,1162223
456325,1878636,1162223
456325,1878659,1162223
1879245,1879256,1162300
1879247,1879248,1162300
1879251,1879252,1162300
1879258,456811,1162300
1879263,1879288,1162300
1879272,1879474,1162300
1879284,1879467,1162300
1879294,1879449,1162300
1879327,1879328,1162300
1879332,1879333,1162300
1879370,1879371,1162300
1879374,1879375,1162300
1879576,1879577,1162316
1879578,1879579,1162316
1879760,1879761,1162342
1879771,1879772,1162342
1879813,1879814,1162349
1879816,1879817,1162349
1879835,1879837,1162349
1879839,1879851,1162349
1879842,1879843,1162349
1879846,1879847,1162349
1879853,1879865,1162349
1879856,1879857,1162349
1879860,1879861,1162349
1879867,1879868,1162349
1879870,1879871,1162349
1879873,1879874,1162349
1879972,1879973,1162362
1879979,1879980,1162362
1879993,1880062,1162362
1880003,1880004,1162362
1880007,1880008,1162362
1880015,1880016,1162362
1880027,1880057,1162362
1880035,1880036,1162362
1880040,1880041,1162362
1880098,1880099,1162404
899177,1880406,1162497
899177,1880407,1162497
899177,1880408,1162497
899177,1880409,1162497
899256,1880517,1162517
899256,1880519,1162517
899266,1880547,1162521
899266,1880549,1162521
1880571,1880572,1162528
1880576,1880577,1162528
899281,1880643,1162543
899281,1880645,1162543
457433,1880758,1162557
1880703,1880705,1162557
1880712,1880714,1162557
1880729,1880730,1162557
1880738,1880739,1162557
1880901,457462,1162611
1880926,457473,1162613
457692,1881270,1162665
457692,1881293,1162665
457692,1881296,1162665
457692,1881325,1162665
457692,1881344,1162665
899427,1881440,1162694
899430,1881461,1162698
1881588,1881585,1162706
1881588,1881605,1162706
1881588,1881655,1162706
1881598,1881636,1162706
1881946,458105,1162819
458346,458336,1162883
1883308,1883310,1163172
1883308,1883311,1163172
1883308,1883312,1163172
900103,459170,1163183
1883884,459566,1163402
900387,1884006,1163440
1884316,459978,1163518
1884316,459986,1163518
1884316,460035,1163518
1884316,1884264,1163518
1884316,1884271,1163518
1884316,1884274,1163518
1884316,1884285,1163518
1884352,1884355,1163531
1884352,1884356,1163531
1884352,1884362,1163531
1884855,1884858,1163660
1884911,1884912,1163674
1884915,460303,1163674
1885292,460624,1163794
900879,460810,1163796
1885307,460633,1163799
1885559,461005,1163866
1885565,461048,1163866
461124,1885792,1163894
1885790,1885791,1163894
1885905,1885913,1163952
1885905,1885916,1163952
1885905,1885919,1163952
1885905,1885920,1163952
1885905,1885922,1163952
1885905,1885924,1163952
1885905,1885925,1163952
1885905,1885928,1163952
1885905,1885929,1163952
1885913,1885914,1163952
1885916,1885917,1163952
1885922,1885923,1163952
1885924,1885927,1163952
1885925,1885926,1163952
1885928,1885940,1163952
1885929,1885941,1163952
1885935,1885915,1163952
1885935,1885918,1163952
1886042,1886043,1163980
1886043,1886047,1163980
1886044,1886045,1163980
1886045,1886046,1163980
1886048,1886049,1163980
1886049,1886053,1163980
1886050,1886051,1163980
1886051,1886052,1163980
1886106,1886107,1163988
1886188,1886189,1163992
1886230,1886231,1164003
1886261,1886262,1164015
901125,461397,1164042
901186,461538,1164095
1886432,461540,1164097
1886471,1886472,1164104
1886541,1886542,1164120
1887021,461849,1164175
901483,461977,1164366
1887374,1887383,1164468
1887413,1887422,1164488
1887486,1887495,1164508
1887571,1887585,1164552
1887908,1887909,1164671
462296,1888176,1164712
462297,1888180,1164712
1888405,1888400,1164805
1888408,1888409,1164805
901922,462738,1164956
901958,1888846,1164956
901962,1888906,1164956
901964,1888907,1164956
1888826,1888829,1164956
901990,1889039,1164993
462856,1889083,1165001
462856,1889084,1165001
1889070,1889088,1165001
1889503,1889504,1165113
1890010,1890011,1165335
1890039,1890041,1165349
1890306,1890308,1165407
1890360,1890361,1165417
1890372,1890374,1165419
1890470,1890472,1165421
1890493,1890495,1165424
1890522,1890524,1165426
1892738,1892740,1165575
1893295,1893320,1165617
1893295,1893324,1165617
1893405,464128,1165644
1893405,1893407,1165644
902775,1893929,1165750
1894356,1894357,1165882
1894362,1894366,1165882
1894368,1894369,1165882
1894369,1894403,1165882
1894370,1894371,1165882
1894373,1894374,1165882
1894378,1894379,1165882
1894382,1894383,1165882
1894476,1894477,1165904
1894488,464964,1165904
1894491,1894492,1165904
1894493,1894522,1165904
1894498,1894499,1165904
1894503,1894504,1165904
1894505,1894506,1165904
1894511,1894512,1165904
1894519,1894598,1165904
1894519,1894603,1165904
1894576,1894578,1165904
1894530,1894531,1165908
1894530,1894532,1165908
464901,1894604,1165920
464909,464933,1165920
1894613,464875,1165922
1894613,1894615,1165922
1894838,1894846,1165936
1894760,1894761,1165947
1894768,1894769,1165947
1894748,1894749,1165949
1894749,465025,1165949
1894750,1894752,1165949
1894752,1894753,1165949
903211,465369,1166028
1895245,1895246,1166045
1895247,1895248,1166045
903598,1896096,1166258
903598,1896097,1166258
1896142,1896143,1166274
903827,1896542,1166421
903827,1896543,1166421
903827,1896544,1166421
466639,1896878,1166463
466639,1896880,1166463
904010,1897404,1166502
1897994,1897995,1166566
1898038,1898039,1166589
1898076,467003,1166596
1898121,1898123,1166607
1898135,1898138,1166609
1898141,1898143,1166609
904235,467293,1166661
1898702,467288,1166666
1898704,1898705,1166666
1898709,1898710,1166666
467343,1898818,1166687
1898855,1898856,1166693
1898894,467397,1166699
1898904,1898906,1166710
1898904,1898908,1166710
468056,1899367,1166845
468056,1899368,1166845
468056,1899370,1166845
468056,1899371,1166845
468056,1899374,1166845
468649,468664,1167097
905092,1900154,1167126
905092,1900155,1167126
905146,1900201,1167144
1900248,468868,1167152
1900468,1900469,1167194
1900614,1900622,1167255
1900737,469431,1167257
1900737,469437,1167257
1900737,469447,1167257
1900737,469463,1167257
1900737,469473,1167257
1900737,469483,1167257
1900737,469493,1167257
1900737,469517,1167257
1900737,469529,1167257
1900737,469539,1167257
1900737,469559,1167257
1900737,469569,1167257
1900737,1900748,1167257
1900737,1900749,1167257
1900737,1900750,1167257
1900737,1900751,1167257
1900737,1900752,1167257
1900737,1900753,1167257
1900737,1900754,1167257
1900737,1900755,1167257
1900737,1900756,1167257
1900737,1900757,1167257
1900737,1900758,1167257
1900737,1900759,1167257
1900737,1900760,1167257
1900737,1900761,1167257
1900737,1900762,1167257
1900737,1900763,1167257
1900737,1900764,1167257
1900737,1900765,1167257
1900737,1900769,1167257
1900737,1900791,1167257
1901290,469945,1167420
905664,469948,1167422
905664,469969,1167422
905702,1901432,1167509
1901485,470066,1167519
905738,1901612,1167523
905738,1901613,1167523
905738,1901622,1167523
905802,1901671,1167546
905810,470241,1167546
905946,1901939,1167614
1901931,1901932,1167614
1901937,1901938,1167614
1902258,470703,1167721
1902237,1902238,1167724
1902241,1902245,1167731
1902250,1902252,1167733
1902255,1902257,1167735
906059,1902286,1167754
1902539,1902540,1167874
1902911,471298,1167925
1902913,471297,1167925
1902914,1902915,1167925
1902941,1902942,1167930
1903756,1903757,1168243
1903762,472163,1168243
1903851,1903852,1168257
1903853,1903854,1168257
1903915,1903916,1168266
1903968,1903970,1168266
1903972,1903973,1168266
472400,472419,1168307
473114,473120,1168528
473114,473132,1168528
473114,473141,1168528
473114,473154,1168528
473114,473184,1168528
473114,473195,1168528
473114,473237,1168528
473114,473244,1168528
1905284,473786,1168684
1905379,1905380,1168713
1905382,1905383,1168713
907745,474077,1168798
1905985,1905986,1168894
1905990,1905991,1168894
1905995,1905996,1168894
907988,474440,1168971
1906209,1906210,1168973
1906211,1906212,1168973
1906213,1906214,1168973
1906215,1906216,1168973
1906217,1906218,1168973
1906202,1906203,1168976
1906204,1906205,1168976
476489,476432,1168982
476489,476515,1168982
476496,476437,1168982
476496,476522,1168982
909084,476427,1168982
909084,476510,1168982
909084,476585,1168982
909085,1909467,1168982
909085,1909470,1168982
909085,1909472,1168982
909085,1909475,1168982
1909498,1909499,1168982
1909501,1910108,1168982
1909505,1909507,1168982
1909510,1909511,1168982
1909512,1909513,1168982
1909571,1909572,1168982
1909574,1910072,1168982
1909576,1909577,1168982
1909579,1909580,1168982
1909581,1909582,1168982
1909589,1909590,1168982
1909592,1910038,1168982
1909597,1909598,1168982
1909600,1909601,1168982
1909602,1909604,1168982
1909607,1909608,1168982
1909610,1910010,1168982
1909612,1909613,1168982
1909615,1909616,1168982
1909617,1909618,1168982
1909869,1909646,1168982
1909869,1909653,1168982
1909870,476534,1168982
1909870,476537,1168982
1909870,476546,1168982
1909870,476549,1168982
1909870,1909550,1168982
1909870,1909560,1168982
1909870,1909567,1168982
1909871,476529,1168982
1909871,476540,1168982
1909871,476543,1168982
1909871,476552,1168982
1909871,1909532,1168982
1909871,1909564,1168982
1909871,1909568,1168982
1906260,1906261,1168985
1906264,1906265,1168985
1906306,1906307,1169001
1906345,1906346,1169009
1906358,1906359,1169014
1906360,1906361,1169014
1906374,1906375,1169020
1906376,1906377,1169020
1906426,1906427,1169034
1906634,1906639,1169117
1906763,1906804,1169152
1906764,1906789,1169152
474890,474917,1169162
474890,1906896,1169162
474890,1906903,1169162
474890,1906912,1169162
474983,1906952,1169171
1907796,1907797,1169411
1908263,1908264,1169515
1908661,1908662,1169574
1908666,1908667,1169574
1908670,1908751,1169574
1908688,1908749,1169574
476098,1908765,1169584
1909052,1909053,1169655
1909066,1909067,1169657
1909075,1909076,1169659
1909087,1909088,1169661
1909097,1909098,1169668
1909106,1909107,1169670
1909109,1909110,1169670
1909136,1909137,1169683
1909147,1909148,1169685
1909150,1909151,1169685
1909153,1909154,1169685
1909195,1909196,1169688
1909198,1909199,1169688
1909208,1909209,1169690
1909211,1909212,1169690
1909214,1909215,1169690
1909225,1909226,1169693
1909228,1909229,1169693
909060,1909440,1169755
909062,1909456,1169757
909271,1910747,1169831
1910832,1910834,1169843
1910847,1910829,1169843
1910851,1910825,1169843
1910855,1910821,1169843
1910859,1910817,1169843
1910779,476999,1169850
1910915,1911073,1169852
1910922,1910925,1169852
1911027,1911029,1169852
1911037,1911038,1169852
1911133,1911134,1169878
1911149,1911150,1169878
1911230,1911232,1169888
1911238,1911229,1169888
1911241,1911227,1169888
1911244,1911225,1169888
1911247,1911223,1169888
1911193,1911194,1169897
1911204,1911205,1169897
1911373,1911374,1169913
1911375,1911376,1169913
909431,477367,1169922
1911534,1911535,1169922
1911538,1911539,1169922
1911542,1911543,1169922
1911547,1911548,1169922
1911553,1911554,1169922
1911562,1911563,1169922
1911567,1911568,1169922
1911572,1911573,1169922
1911574,1911575,1169922
1911579,1911580,1169922
1911589,1911590,1169922
1911598,1911600,1169922
1911606,1911607,1169922
1911608,1911609,1169922
1911613,1911614,1169922
1911982,477471,1170031
1912017,477482,1170040
1912026,477499,1170045
1912047,477536,1170052
1912103,477560,1170067
1912140,477586,1170078
1912226,477627,1170111
1912272,477660,1170121
1912290,477663,1170133
1912327,477694,1170137
477908,1912550,1170217
477908,1912554,1170217
909693,1912556,1170217
909693,1912558,1170217
909694,1912557,1170217
909694,1912559,1170217
477944,477926,1170222
477944,1912644,1170222
477944,1912647,1170222
477944,1912649,1170222
909705,1912617,1170230
909705,1912619,1170230
909749,1912696,1170234
909749,1912698,1170234
909749,1912700,1170234
909752,1912687,1170234
909752,1912689,1170234
909752,1912691,1170234
1912726,477969,1170237
909777,1912797,1170249
909779,1912788,1170249
909794,478108,1170249
909798,478110,1170249
1912882,1912884,1170271
909857,1913052,1170324
1913702,478827,1170625
1913763,1913764,1170632
1913765,1913766,1170632
1913886,1913888,1170652
1913892,478918,1170652
1913895,1913899,1170652
1913897,1913898,1170652
1914084,1914085,1170709
1914084,1914087,1170709
1914084,1914089,1170709
1914084,1914093,1170709
1914280,1914292,1170756
1914333,1914345,1170767
1914425,1914426,1170775
1914428,1914429,1170775
1914431,1914432,1170775
1914434,1914435,1170775
1914482,479304,1170783
1914482,479312,1170783
479332,1914577,1170789
1914540,479332,1170789
1914549,1914559,1170789
1914639,1914648,1170796
1914735,479394,1170811
1914739,1914740,1170811
1914740,1914754,1170811
1914827,1914836,1170823
1914873,1914874,1170830
1914885,1914888,1170832
1914888,1914889,1170832
1914890,1914891,1170832
1914923,1914924,1170834
1914935,1914937,1170836
1914950,1914951,1170840
1914979,1915010,1170842
1914985,1915000,1170842
1915000,1914987,1170842
1915010,1914981,1170842
1915029,1915044,1170851
1915046,1915047,1170851
1915016,1915017,1170858
1915118,1915120,1170864
1915120,1915122,1170864
1915108,1915109,1170866
1915144,1915145,1170868
1915162,1915163,1170870
1915176,1915177,1170872
1915185,1915186,1170874
1915290,1915402,1170876
1915308,1915309,1170876
1915310,1915311,1170876
1915313,1915314,1170876
1915316,1915317,1170876
1915323,1915357,1170876
1915323,1915370,1170876
1915211,1915212,1170879
1915214,1915215,1170879
1915612,1915625,1170938
1915615,1915616,1170938
1915617,1915618,1170938
1915648,1915651,1170950
1915648,1915653,1170950
1915648,1915657,1170950
1915648,1915668,1170950
1915663,1915678,1170950
1915664,1915677,1170950
1915665,1915666,1170950
1915740,1915743,1170970
1915740,1915745,1170970
1915740,1915749,1170970
1915740,1915754,1170970
479750,1915863,1171004
1915865,1915866,1171004
1916087,1916090,1171073
1916088,1916089,1171073
1916092,1916095,1171073
1916093,1916094,1171073
480095,1916353,1171079
1916351,1916352,1171079
910547,1916307,1171092
910550,1916320,1171099
910554,1916340,1171101
910554,1916343,1171101
910561,480082,1171107
910561,480083,1171107
910561,480084,1171107
910561,480085,1171107
910632,1916500,1171146
910637,1916540,1171154
910642,1916558,1171157
910647,1916562,1171157
1916596,1916601,1171161
1916596,1916602,1171161
1916927,1916933,1171211
910741,1917136,1171254
910746,480548,1171254
480579,1917213,1171267
480579,1917223,1171267
480579,1917238,1171267
910784,480572,1171267
1917207,1917227,1171267
1917207,1917231,1171267
1917207,1917250,1171267
1917207,1917254,1171267
1917207,1917258,1171267
1917217,1917221,1171267
1917217,1917236,1171267
1917217,1917245,1171267
1917217,1917246,1171267
480756,1917445,1171336
480756,1917446,1171336
480756,1917447,1171336
480756,1917448,1171336
1917757,1917758,1171400
1917761,1917762,1171400
1917766,1917767,1171400
1917770,1917771,1171400
1917775,1917776,1171400
1917779,1917780,1171400
1917784,1917785,1171400
1917837,1917839,1171411
1917837,1917842,1171411
1917837,1917847,1171411
1917837,1917852,1171411
1917864,1917866,1171414
1917864,1917869,1171414
1918365,1918367,1171560
1918355,1918356,1171565
1918375,1918376,1171567
1918378,1918379,1171567
1918411,1918412,1171569
1918483,1918490,1171574
1918485,1918486,1171574
1918516,1918517,1171576
1918519,1918520,1171576
1918523,1918524,1171576
1918527,1918528,1171576
1918555,1918556,1171578
1918560,1918561,1171578
1918567,1918568,1171578
1918574,1918575,1171578
1918581,1918582,1171578
1918588,1918589,1171578
1918596,1918597,1171578
1918603,1918604,1171578
1918808,1918809,1171613
1919026,1919028,1171649
1919027,482015,1171649
911626,1919119,1171655
1919192,1919193,1171673
1919201,1919202,1171677
1919222,1919223,1171685
1919369,1919379,1171711
1919370,1919378,1171711
1919371,1919377,1171711
1919400,482250,1171723
482293,482298,1171740
1919431,1919432,1171740
482400,482409,1171746
1919495,1919496,1171746
1919507,482355,1171746
1919608,1919609,1171762
482542,482549,1171772
1919680,1919681,1171772
1919810,1919828,1171802
1919812,1919827,1171802
1919814,1919826,1171802
1919836,1919838,1171823
1920028,482747,1171883
1920028,1920032,1171883
1920053,482765,1171891
1920053,1920057,1171891
1920194,1920195,1171907
1920200,1920202,1171909
482972,1920309,1171942
1920357,483060,1171956
1920379,483085,1171962
1920380,483084,1171962
1920413,1920417,1171971
483138,483123,1171976
483138,1920442,1171976
483345,483341,1172052
483345,483343,1172052
1920774,483375,1172073
1920892,1920896,1172096
1920898,1920902,1172099
483468,1920920,1172104
912255,1920953,1172124
912267,1920993,1172132
1921012,483549,1172134
484052,1921385,1172259
484052,1921386,1172259
484052,1921387,1172259
484052,1921388,1172259
484079,1921464,1172274
484079,1921465,1172274
484079,1921470,1172274
484079,1921471,1172274
1922656,1922659,1172365
913165,1923347,1172524
913165,1923348,1172524
913165,1923349,1172524
913165,1923350,1172524
913165,1923351,1172524
913165,1923352,1172524
913165,1923353,1172524
913165,1923354,1172524
484914,484918,1172534
484916,484943,1172534
1923625,484990,1172612
1923625,1923630,1172612
1923625,1923633,1172612
1923625,1923635,1172612
485116,1923827,1172675
485147,1923806,1172675
913373,1923834,1172675
913373,1923837,1172675
913384,1923813,1172675
913384,1923816,1172675
1923797,1923817,1172675
1923797,1923838,1172675
1923799,1923808,1172675
1923799,1923829,1172675
1923855,1923815,1172675
1923855,1923836,1172675
1923855,1923848,1172675
1923857,1923810,1172675
1923857,1923831,1172675
1923857,1923845,1172675
1923903,1923825,1172675
1923933,1923804,1172675
1924039,485099,1172711
485230,1924129,1172741
1924157,1924161,1172741
1924159,1924160,1172741
1924159,1924165,1172741
1924171,1924174,1172741
1924172,1924173,1172741
1924172,1924177,1172741
1924179,1924139,1172741
1924180,1924131,1172741
1924181,1924138,1172741
1924182,1924133,1172741
485317,1924359,1172812
485340,1924342,1172812
1924337,1924344,1172812
1924337,1924361,1172812
1924387,1924349,1172812
1924387,1924366,1172812
1925290,1925291,1173108
1925325,1925326,1173118
1925492,1925493,1173162
1925494,1925495,1173162
1925537,1925539,1173181
913947,1925798,1173305
913947,1925800,1173305
913947,1925802,1173305
913949,1925799,1173305
913949,1925801,1173305
1925972,486825,1173364
1925972,486831,1173364
1925972,486833,1173364
1925972,486837,1173364
1925972,486839,1173364
1925972,486843,1173364
1925972,486844,1173364
1925972,486848,1173364
1925972,1925973,1173364
1925972,1925974,1173364
1925972,1925975,1173364
1925972,1925976,1173364
1925972,1925979,1173364
1925972,1925981,1173364
1925972,1925982,1173364
1925972,1925984,1173364
1925972,1925986,1173364
1925972,1925988,1173364
1925972,1925991,1173364
1925972,1925992,1173364
914131,486895,1173382
1926022,1926026,1173386
1926061,486923,1173394
1926100,486950,1173401
1926100,486964,1173401
1926100,486970,1173401
1926100,1926104,1173401
1926100,1926105,1173401
1926100,1926106,1173401
1926100,1926130,1173401
1926099,1926087,1173403
1926099,1926091,1173403
1926099,1926093,1173403
914238,487114,1173454
1926378,1926415,1173516
1926378,1926416,1173516
1926378,1926423,1173516
1926379,1926419,1173516
1926379,1926420,1173516
1926379,1926427,1173516
1926386,1926405,1173516
1926386,1926412,1173516
1926386,1926438,1173516
1926386,1926439,1173516
487751,1926968,1173597
1927006,1927007,1173606
1927038,1927039,1173624
1927055,1927056,1173629
1927065,1927066,1173633
1927078,1927079,1173635
1927084,1927089,1173640
1927086,1927087,1173640
1927089,1927090,1173640
1927111,1927118,1173650
1927113,1927114,1173650
1927125,1927126,1173654
1927130,1927135,1173659
1927132,1927133,1173659
1927135,1927136,1173659
1927148,1927154,1173665
1927150,1927151,1173665
1927167,1927168,1173679
1927178,1927184,1173681
1927181,1927182,1173681
1927184,1927185,1173681
487916,1927206,1173687
1927204,1927212,1173692
1927207,1927208,1173692
488416,1927713,1173728
488495,1927719,1173728
488495,1927723,1173728
1927838,1927754,1173728
1927838,1927756,1173728
1928037,1928039,1173896
1928067,1928066,1173898
1928199,1928200,1173919
1928271,1928273,1173938
915064,1928487,1174018
915064,1928488,1174018
915064,1928489,1174018
915064,1928490,1174018
915064,1928494,1174018
1928834,1928835,1174164
1929156,489519,1174276
1929170,1929171,1174281
1929173,489543,1174281
1929175,489544,1174281
1929176,489550,1174281
1929177,489551,1174281
1929182,1929186,1174281
1929188,1929189,1174281
1929214,489674,1174283
1929216,489675,1174283
1929218,489690,1174283
1929219,489691,1174283
1929221,1929224,1174283
1929226,1929227,1174283
1929228,489637,1174283
1929230,489638,1174283
1929233,489649,1174283
1929234,489650,1174283
1929236,1929239,1174283
1929241,1929242,1174283
1929248,1929251,1174283
1929256,1929259,1174283
1929342,489866,1174297
1929344,489867,1174297
1929345,489875,1174297
1929346,489876,1174297
1929351,1929356,1174297
1929360,1929362,1174297
1929364,489838,1174297
1929368,489839,1174297
1929378,489848,1174297
1929379,489849,1174297
1929382,1929385,1174297
1929388,1929390,1174297
1929396,1929400,1174297
1929410,1929413,1174297
1929355,1929357,1174301
915366,489794,1174305
915366,1929392,1174305
915366,1929398,1174305
915404,489880,1174335
915404,1929552,1174335
915404,1929553,1174335
1929610,1929611,1174354
1929610,1929616,1174354
1929610,1929621,1174354
1929610,1929624,1174354
1929610,1929626,1174354
1929912,1929913,1174384
1929915,1929916,1174384
1929918,1929919,1174384
1930063,1930066,1174418
1930071,490135,1174418
915570,1930103,1174422
915570,1930104,1174422
915598,1930120,1174433
915598,1930121,1174433
915604,1930142,1174450
915604,1930143,1174450
1930347,490467,1174507
915731,490559,1174527
915750,490602,1174535
1930906,1930911,1174710
1931445,1931446,1174922
1931454,1931455,1174926
1931523,1931524,1174949
1931525,1931526,1174949
1931528,1931529,1174949
1931530,1931531,1174949
1931582,1931584,1174963
1931708,1931711,1174969
1931708,1931712,1174969
1931593,491408,1174971
1931593,491410,1174971
1931593,491417,1174971
1931593,1931624,1174971
1931600,1931601,1174971
1931602,1931603,1174971
1931605,1931640,1174971
1931606,1931607,1174971
1931608,1931609,1174971
1931611,1931623,1174971
1931660,1931662,1174976
1931682,1931684,1174980
1931750,1931751,1174989
491559,1931860,1174991
491559,1931863,1174991
491559,1931866,1174991
491559,1931869,1174991
916198,1931819,1174991
916254,1931823,1174991
916254,1931824,1174991
916254,1931825,1174991
916254,1931826,1174991
916254,1931827,1174991
916254,1931828,1174991
916254,1931829,1174991
916254,1931830,1174991
916254,1931831,1174991
916254,1931833,1174991
1931807,491535,1174991
1931807,1931889,1174991
1931807,1931914,1174991
1931872,1931873,1174991
916180,1931772,1175003
916185,1931788,1175009
916278,1932028,1175033
491805,491799,1175035
491805,491825,1175035
491805,491840,1175035
491805,1932047,1175035
491805,1932049,1175035
491805,1932050,1175035
491805,1932135,1175035
491860,491854,1175035
1932208,491810,1175041
1932208,491814,1175041
1932255,491870,1175048
1932297,1932298,1175057
492028,492022,1175070
492033,491994,1175070
492033,492014,1175070
492033,492015,1175070
492033,1932346,1175070
492033,1932347,1175070
492033,1932348,1175070
916420,1932397,1175087
916422,1932398,1175087
1932410,491934,1175093
916469,1932609,1175197
492188,492149,1175220
492188,492154,1175220
492188,492159,1175220
492188,492160,1175220
492188,492170,1175220
492188,492171,1175220
492188,1932680,1175220
492188,1932684,1175220
492188,1932685,1175220
492188,1932690,1175220
492182,1932803,1175263
492182,1932806,1175263
492182,1932820,1175263
492182,1932841,1175263
492182,1932842,1175263
492182,1932846,1175263
492182,1932874,1175263
492182,1932875,1175263
492182,1932879,1175263
492182,1932880,1175263
1932920,1932985,1175268
1932926,492350,1175268
1932936,1932976,1175268
1932941,1932952,1175268
492481,492478,1175301
492481,1933097,1175301
492481,1933098,1175301
1933205,1933208,1175335
1933784,1933785,1175551
1933839,1933840,1175554
1933872,1933873,1175559
1933894,1933896,1175561
1933896,1933897,1175561
1933905,1933908,1175567
1934094,1934096,1175624
1934111,1934112,1175626
1934113,1934114,1175626
1934115,1934116,1175626
1934149,1934150,1175640
493557,1934266,1175650
1934268,1934269,1175650
1934270,1934271,1175650
1934271,493468,1175650
1934272,1934273,1175650
1934273,493470,1175650
1934274,1934275,1175650
1934275,493472,1175650
1934276,1934277,1175650
1934277,1934278,1175650
1934279,1934280,1175650
1934280,1934281,1175650
1934282,1934283,1175650
1934283,1934284,1175650
1934285,1934286,1175650
1934286,1934287,1175650
1934289,1934290,1175650
1934290,1934291,1175650
1934294,1934295,1175650
1934295,493509,1175650
1934296,1934297,1175650
1934297,493505,1175650
1934298,1934299,1175650
1934299,493499,1175650
1934301,1934302,1175650
1934302,493495,1175650
1934303,1934305,1175650
1934305,493482,1175650
1934320,1934321,1175650
1934321,1934322,1175650
1934187,1934188,1175654
1934233,1934234,1175664
1934388,1934393,1175684
1934452,1934453,1175705
1934482,1934501,1175713
1934487,493585,1175713
917219,493742,1175723
917230,493746,1175723
917236,493752,1175723
917242,493772,1175723
917254,493788,1175723
1934771,1934772,1175743
1935083,1935085,1175821
1935083,1935086,1175821
1935083,1935087,1175821
1935083,1935088,1175821
1935083,1935090,1175821
1935083,1935091,1175821
1935276,1935277,1175892
1935375,1935376,1175912
1935407,1935410,1175919
1935408,1935409,1175919
1935442,1935443,1175925
1935499,1935501,1175943
1935534,1935535,1175950
1935540,1935541,1175950
1935544,1935547,1175950
1935545,1935546,1175950
1935573,494324,1175960
1935573,494325,1175960
1935573,1935576,1175960
1935573,1935579,1175960
1935573,1935588,1175960
1935573,1935590,1175960
1935645,1935646,1175981
1935717,1935718,1175998
1935765,1935768,1176017
1935766,1935767,1176017
1935786,1935787,1176024
1935813,1935815,1176031
1935849,1935853,1176035
1935850,1935851,1176035
494814,1936199,1176110
494814,1936200,1176110
494814,1936202,1176110
917798,494840,1176123
917798,494877,1176123
917798,494894,1176123
917798,1936269,1176123
917798,1936271,1176123
1936317,1936318,1176131
917820,1936335,1176133
917820,1936336,1176133
1936376,1936390,1176145
1936377,1936378,1176145
1936379,1936380,1176145
1936431,1936434,1176147
1936431,1936439,1176147
1936404,1936408,1176152
1936460,1936475,1176156
1936461,1936462,1176156
1936463,1936464,1176156
1936518,1936533,1176173
1936519,1936520,1176173
1936521,1936522,1176173
1936621,1936623,1176183
1936621,1936630,1176183
1936626,1936627,1176183
1936627,1936628,1176183
1936633,1936634,1176183
1936634,1936636,1176183
1936570,1936585,1176191
1936571,1936572,1176191
1936573,1936574,1176191
1936723,1936725,1176237
1936723,1936732,1176237
1936728,1936729,1176237
1936729,1936730,1176237
1936736,1936737,1176237
1936737,1936738,1176237
1936760,1936775,1176240
1936760,1936801,1176240
1936760,1936813,1176240
1936770,1936771,1176240
1936786,1936787,1176240
1936796,1936797,1176240
1936854,1936862,1176261
1936854,1936874,1176261
1936854,1936888,1176261
1936863,1936864,1176261
1936876,1936877,1176261
1936889,1936890,1176261
917959,495277,1176344
917928,1937142,1176365
917928,1937143,1176365
917928,1937144,1176365
1937162,1937163,1176370
1937187,1937188,1176376
1937289,1937290,1176378
918038,1937355,1176381
918061,1937379,1176383
918083,1937418,1176389
1937694,1937695,1176469
1937695,1937696,1176469
1937699,1937701,1176469
1937703,1937704,1176469
1937707,1937708,1176469
1937708,1937709,1176469
918261,1937836,1176534
918261,1937837,1176534
918261,1937838,1176534
918261,1937839,1176534
918261,1937840,1176534
918282,496279,1176538
918282,496300,1176538
918282,496311,1176538
918282,496332,1176538
1937871,496236,1176538
1937961,496442,1176575
918413,496619,1176577
1938096,1938097,1176618
1938098,1938100,1176620
1938240,1938245,1176625
1938343,496760,1176651
1938345,496768,1176651
1938708,496932,1176690
1938742,496945,1176692
1939005,497142,1176729
1939399,1939403,1176776
1939415,1939419,1176779
497350,1939467,1176785
497350,1939469,1176785
918863,497484,1176835
1939997,497547,1176854
918893,497555,1176862
918963,497692,1176907
918985,497719,1176917
1941208,1941210,1177041
1941266,1941267,1177045
1941270,1941271,1177045
1941272,1941273,1177045
1941410,1941411,1177072
1941525,1941526,1177094
1941740,1941742,1177157
919466,1941878,1177191
919466,1941881,1177191
919470,1941890,1177191
919470,1941891,1177191
1941878,498680,1177191
1941881,498678,1177191
919579,498837,1177204
919764,499309,1177276
919764,1942664,1177276
919764,1942684,1177276
1942935,1942937,1177390
1942938,1942939,1177390
1942940,1942941,1177390
1942952,1942954,1177392
1942955,1942956,1177392
1942957,1942958,1177392
1942959,1942960,1177392
1942962,1942963,1177392
1942969,499533,1177392
1942970,1942977,1177392
1942991,1942993,1177394
1942994,1942995,1177394
1942996,1943000,1177394
1943521,1943537,1177492
1943522,1943538,1177492
1943523,1943526,1177492
1943524,1943525,1177492
499980,1943624,1177501
1943610,1943611,1177501
1943612,1943613,1177501
1943620,1943621,1177501
1943623,1943625,1177501
1943638,1943639,1177501
1943779,1943780,1177528
1943785,500062,1177528
1943788,500063,1177528
1943794,500064,1177528
1943799,500065,1177528
1943805,500066,1177528
1943814,500067,1177528
1943893,1943916,1177530
920173,1943967,1177532
1943965,1943966,1177532
1943969,500080,1177532
1944095,1944097,1177542
1944104,1944105,1177542
1944112,500114,1177542
1944173,500138,1177552
1944291,1944309,1177561
1944296,500172,1177561
1944298,500173,1177561
1944300,500174,1177561
1944302,500175,1177561
1944304,500176,1177561
1944306,500177,1177561
1945023,1945024,1177797
1945134,1945135,1177817
1945173,1945211,1177823
1945199,1945200,1177823
1945333,1945334,1177857
1945342,1945383,1177857
1945346,1945347,1177857
1945355,1945358,1177857
1945424,1945427,1177879
1945464,501158,1177886
1945464,1945465,1177886
1945567,1945568,1177888
1945589,1945590,1177888
1945608,1945642,1177888
1945612,1945613,1177888
1945622,1945625,1177888
1945478,501178,1177891
1945478,1945481,1177891
1945598,501286,1177915
1946304,1946325,1178062
1946311,1946324,1178062
1946320,1946321,1178062
1946502,1946503,1178071
1946504,1946505,1178071
1946523,1946524,1178071
1946525,1946526,1178071
1946527,501910,1178071
1946528,501911,1178071
1946529,1946530,1178071
1946539,1946540,1178071
1946395,1946433,1178073
1946403,1946421,1178073
1946416,1946417,1178073
501860,501874,1178079
1946858,1946994,1178111
1946908,1946998,1178111
1946753,1946754,1178132
1946755,1946756,1178132
1946815,1946816,1178175
1946817,1946818,1178175
1947025,1947028,1178196
1947187,1947202,1178234
1947525,1947526,1178278
1947538,1947539,1178278
1947540,1947541,1178278
1947542,1947543,1178278
1947544,1947545,1178278
1947547,1947548,1178278
1947550,1947551,1178278
1947568,1947569,1178281
502419,1947599,1178283
502419,1947602,1178283
502419,1947606,1178283
1947647,1947664,1178287
1947663,1947665,1178287
921143,1947743,1178293
921143,1947744,1178293
921145,1947741,1178293
921145,1947742,1178293
1947781,1947782,1178297
1947784,1947786,1178297
1947788,1947789,1178297
1947797,1947798,1178297
1947800,1947801,1178297
1947803,502481,1178297
1947804,502485,1178297
1947805,1947806,1178297
1947808,1947809,1178297
1947811,1947812,1178297
1947815,1947819,1178297
1947816,1947817,1178297
1947821,1947825,1178297
1947822,1947823,1178297
1947828,1947829,1178297
1947830,1947833,1178297
1947831,1947832,1178297
1947836,1947840,1178297
1947837,1947838,1178297
1947842,1947846,1178297
1947843,1947844,1178297
1947849,1947850,1178297
1947851,1947854,1178297
1947852,1947853,1178297
1947857,1947858,1178297
1947859,1947860,1178297
1947861,1947864,1178297
1947862,1947863,1178297
1947867,1947870,1178297
1947868,1947869,1178297
1947873,1947874,1178297
1947875,1947876,1178297
1947877,1947878,1178297
1947879,1947880,1178297
1947881,1947882,1178297
1947885,1947886,1178297
1947891,1947892,1178297
1948096,1948098,1178313
1948096,1948103,1178313
1948096,1948107,1178313
1948096,1948110,1178313
921210,502605,1178316
1948620,1948621,1178320
1948622,502632,1178320
502689,1948808,1178333
502689,1948820,1178333
502689,1948825,1178333
502689,1948831,1178333
1948935,1948977,1178335
1948959,1949011,1178335
1948980,1948984,1178335
1949154,502806,1178347
1949154,502807,1178347
1949154,1949164,1178347
502945,502987,1178389
502945,1949882,1178389
502945,1950000,1178389
502946,502989,1178389
502946,1949753,1178389
502946,1949870,1178389
502946,1949878,1178389
1949754,502940,1178389
1949754,503005,1178389
1949754,503065,1178389
1949754,503067,1178389
1949754,503079,1178389
1949754,503104,1178389
1949754,1949872,1178389
1949758,502941,1178389
1949758,502960,1178389
1949758,502988,1178389
1949758,503012,1178389
1949758,503025,1178389
1949758,503069,1178389
1949758,503071,1178389
1949758,503100,1178389
1949758,503102,1178389
1949758,1949780,1178389
1949758,1949784,1178389
1949758,1949786,1178389
1949758,1949796,1178389
1949758,1949797,1178389
1949758,1950047,1178389
1949763,1949906,1178389
1949763,1949907,1178389
1949763,1949908,1178389
1949818,1949819,1178389
1949820,1949821,1178389
1949825,1949826,1178389
1949828,1949829,1178389
1949917,1949919,1178389
1949926,1949929,1178389
1950035,1949823,1178389
1950035,1949824,1178389
1950084,1950101,1178389
1949706,1949707,1178411
1949708,1949709,1178411
1949721,1949722,1178413
1949723,1949724,1178413
921470,1950189,1178491
503162,1950229,1178493
503162,1950232,1178493
1950243,503152,1178493
1950249,503162,1178493
1950264,1950265,1178509
1950265,1950266,1178509
1950266,1950268,1178509
1950266,1950269,1178509
1950279,1950281,1178512
1950279,1950284,1178512
503184,503186,1178519
503184,1950310,1178519
1950304,1950307,1178519
1950307,503184,1178519
1950348,1950353,1178527
1950350,1950351,1178527
1950444,1950446,1178540
1951208,1951209,1178754
1951211,1951213,1178754
922063,504574,1178944
504835,504841,1179130
504835,504843,1179130
504835,1952126,1179130
922258,1952409,1179198
922258,1952410,1179198
922258,1952411,1179198
922258,1952412,1179198
922258,1952413,1179198
1952424,1952428,1179198
1952916,1952917,1179360
1952916,1952921,1179360
1952916,1952927,1179360
1952916,1952931,1179360
1952916,1952932,1179360
1952916,1952934,1179360
1952916,1952936,1179360
1952916,1952937,1179360
1952916,1952942,1179360
1952916,1952943,1179360
1952919,1952922,1179360
1953109,1953134,1179381
1953177,505574,1179391
1953520,505768,1179499
1953520,505769,1179499
1953520,505780,1179499
1953732,1953736,1179550
1953732,1953741,1179550
1953732,1953763,1179550
1953732,1953779,1179550
1954194,1954195,1179666
506137,506167,1179672
506137,506213,1179672
506137,1954220,1179672
506137,1954222,1179672
506137,1954224,1179672
506582,1954578,1179785
1954680,506662,1179849
1954683,506674,1179849
1954681,1954682,1179861
1954784,506731,1179878
506803,506794,1179943
506803,506840,1179943
506850,506876,1179959
1955058,1955059,1179979
1955073,506927,1179985
1955073,506933,1179985
1955073,1955093,1179985
506996,1955133,1180001
923087,506974,1180001
923087,1955130,1180001
923087,1955153,1180001
923094,1955146,1180001
1955325,1955327,1180079
1955325,1955328,1180079
1955325,1955329,1180079
1955325,1955330,1180079
1955325,1955331,1180079
1955325,1955332,1180079
1955325,1955333,1180079
1955325,1955334,1180079
1955325,1955335,1180079
1955325,1955336,1180079
1955325,1955337,1180079
1955325,1955338,1180079
923193,1955501,1180118
923193,1955504,1180118
507173,1955532,1180144
1955819,507609,1180327
508034,508040,1180537
923601,1956146,1180537
923795,1956572,1180695
923795,1956574,1180695
923854,1956554,1180695
923854,1956555,1180695
923854,1956556,1180695
923854,1956557,1180695
923854,1956558,1180695
1956568,1956631,1180695
1956572,1956573,1180695
1956574,1956575,1180695
1956410,1956411,1180719
1957672,1957673,1180959
1957931,1957932,1180996
1957958,1957959,1181015
1957972,1957973,1181019
1957994,1957995,1181035
1958021,1958022,1181046
1958065,1958066,1181056
1958107,1958109,1181061
924731,1958329,1181129
1958379,1958381,1181141
1958505,509874,1181171
924860,509893,1181174
924867,509897,1181174
1958668,509933,1181193
924945,509967,1181195
924978,509993,1181195
1958726,509968,1181195
1958956,1958957,1181291
925213,510292,1181316
925213,1959024,1181316
1959110,1959111,1181347
1959133,1959134,1181372
1959145,1959146,1181389
1959403,1959404,1181449
1959542,510830,1181453
1959542,510833,1181453
1959542,1959605,1181453
1959760,510981,1181511
1959763,510982,1181511
1959765,510983,1181511
1959767,510984,1181511
1959769,510988,1181511
1959771,510989,1181511
1959773,510990,1181511
1959775,510991,1181511
1959778,510995,1181511
1959780,510996,1181511
1959782,510997,1181511
1959784,510998,1181511
1959786,511057,1181511
1959788,511058,1181511
1959790,511059,1181511
1959792,511060,1181511
1959794,511065,1181511
1959796,511066,1181511
1959798,511067,1181511
1959800,511068,1181511
1959802,511070,1181511
1959804,511071,1181511
1959806,511072,1181511
1959808,511073,1181511
1959811,511019,1181511
1959813,511020,1181511
1959815,511021,1181511
1959817,511022,1181511
1959819,511027,1181511
1959821,511028,1181511
1959823,511029,1181511
1959825,511030,1181511
1959827,511034,1181511
1959829,511035,1181511
1959831,511036,1181511
1959833,511037,1181511
1959836,510944,1181511
1959838,510945,1181511
1959840,510946,1181511
1959842,510947,1181511
1959844,510951,1181511
1959846,510952,1181511
1959848,510953,1181511
1959850,510954,1181511
1959852,510969,1181511
1959854,510970,1181511
1959856,510971,1181511
1959858,510972,1181511
925608,511095,1181527
1960498,511644,1181648
1960574,1960575,1181658
1960576,1960577,1181658
1960857,1960858,1181695
1960859,1960860,1181695
1961007,1961008,1181723
1961009,1961010,1181723
1961013,512020,1181723
1961027,1961030,1181731
1961027,1961033,1181731
1961201,1961202,1181770
1961382,1961384,1181798
1962217,1962218,1181875
1962313,1962321,1181894
1962315,512635,1181897
1962344,1962345,1181904
1962346,1962347,1181904
1962411,512752,1181910
1962411,1962424,1181910
1962411,1962425,1181910
1962411,1962426,1181910
1962411,1962427,1181910
1962411,1962428,1181910
1962411,1962431,1181910
1962737,1962758,1181950
1962740,512839,1181950
1962997,1962998,1182023
513131,1963041,1182031
513134,1963040,1182031
513174,1963184,1182041
513230,1963177,1182041
1963214,1963176,1182041
1963215,1963182,1182041
1963216,1963175,1182041
1963217,1963180,1182041
513146,513151,1182045
513146,513164,1182045
513762,1964491,1182066
513762,1964493,1182066
513762,1964499,1182066
513762,1964501,1182066
513762,1964503,1182066
513762,1964505,1182066
513762,1964521,1182066
513762,1964523,1182066
927291,1964498,1182066
513271,1963452,1182072
513293,1963444,1182072
1963486,1963443,1182072
1963487,1963450,1182072
1963489,1963442,1182072
1963490,1963448,1182072
513400,1964002,1182078
513496,1964221,1182085
1964216,1964217,1182085
1964218,1964219,1182085
513574,1964382,1182100
1964395,1964399,1182107
513683,1964668,1182114
1964591,1964594,1182116
1965087,1965089,1182135
1965107,1965128,1182140
1965107,1965134,1182140
1965148,1965151,1182144
1965243,1965244,1182164
1965243,1965249,1182164
1965243,1965252,1182164
1965243,1965255,1182164
1965243,1965256,1182164
1965243,1965279,1182164
1965243,1965282,1182164
1965592,1965641,1182212
1965592,1965670,1182212
1965592,1965676,1182212
1965592,1965677,1182212
1965640,1965644,1182212
1965640,1965672,1182212
1965803,1965804,1182224
1965803,1965807,1182224
1965803,1965810,1182224
1965803,1965817,1182224
1965803,1965820,1182224
1965803,1965821,1182224
1965803,1965844,1182224
1965803,1965851,1182224
1965803,1965854,1182224
1965806,1965815,1182224
1966024,1966025,1182235
1966034,1966035,1182239
1966109,1966110,1182261
1966112,1966113,1182261
1966115,1966116,1182261
1966170,514768,1182268
514820,514808,1182270
1966468,1966469,1182380
927500,1966950,1182494
1966958,1966962,1182494
1966959,1966960,1182494
1966963,1966964,1182494
1966993,515659,1182504
1967002,515668,1182506
1967002,515675,1182506
1967002,515685,1182506
1967002,515692,1182506
1967004,1967005,1182506
1967004,1967014,1182506
1967010,1967011,1182506
1967010,1967012,1182506
1967010,1967013,1182506
927524,1967025,1182510
1967028,1967029,1182510
1967031,1967032,1182510
1967035,1967036,1182510
1967074,1967075,1182519
1967074,1967076,1182519
927547,1967099,1182525
1967104,1967107,1182525
1967105,1967106,1182525
1967108,1967109,1182525
1967089,1967090,1182538
1967091,1967092,1182538
927561,1967155,1182547
1967158,1967159,1182547
1967161,1967162,1182547
1967166,1967167,1182547
1967209,515856,1182563
1967209,515873,1182563
1967209,1967210,1182563
1967209,1967211,1182563
1967200,1967201,1182568
1967206,1967208,1182574
1967277,515861,1182582
515905,1967352,1182586
515905,1967353,1182586
515905,1967354,1182586
515905,1967355,1182586
1967324,1967326,1182594
1967366,1967368,1182602
1967397,515932,1182609
516088,516103,1182618
927673,1967624,1182672
1967667,1967668,1182712
516259,516262,1182727
516259,516264,1182727
516259,516268,1182727
516259,516274,1182727
1967766,516253,1182737
1967767,516241,1182737
1967893,1967894,1182752
927776,1967904,1182758
1967910,516367,1182758
1967910,1967907,1182758
1967910,1967908,1182758
1967953,1967954,1182770
1967965,1967966,1182773
1967985,1967988,1182780
1967986,516444,1182780
927822,1968026,1182782
927827,1968032,1182782
927830,1968016,1182782
927835,1968021,1182782
1968488,1968489,1182895
517053,1968600,1182897
517053,1968630,1182897
1968494,516796,1182899
1968535,1968536,1182902
1968588,1968589,1182913
1968649,1968651,1182918
1968725,1968726,1182928
1968740,1968741,1182930
517398,517347,1183001
517398,1968951,1183001
928154,517439,1183039
928154,1969181,1183039
928160,517443,1183039
928160,517447,1183039
928160,1969173,1183039
928160,1969175,1183039
1969215,1969216,1183073
1969217,1969218,1183073
1969249,1969250,1183073
1969252,1969253,1183073
1969255,1969256,1183073
1969257,1969258,1183073
1969260,1969261,1183073
1969263,1969264,1183073
1969266,1969267,1183073
1969271,1969272,1183073
928235,517609,1183082
1969379,517706,1183112
1969402,1969403,1183115
1969404,1969407,1183115
928379,517811,1183125
1969474,517796,1183143
1969508,1969509,1183161
1969526,517868,1183161
1969547,517894,1183178
518225,1969812,1183240
518244,1969790,1183240
518244,1969797,1183240
518244,1969804,1183240
928603,1969798,1183240
1969952,518382,1183267
928753,1969979,1183276
1970321,519212,1183391
929166,519531,1183399
929172,519548,1183399
1970390,1970391,1183409
1970392,1970393,1183409
1970402,1970403,1183409
1970405,1970406,1183409
1970410,1970411,1183409
1970508,1970509,1183424
1970619,1970620,1183430
520060,1970928,1183467
520060,1970941,1183467
520060,1970949,1183467
1970951,1970952,1183467
929295,519787,1183478
520331,520359,1183513
520331,520384,1183513
929776,520976,1183641
929803,521025,1183653
1972245,521583,1183709
1972245,521612,1183709
1972245,521674,1183709
1972245,521687,1183709
1972245,521759,1183709
1972245,521764,1183709
1972245,521820,1183709
1972245,521847,1183709
1972246,521582,1183709
1972247,521611,1183709
1972248,521673,1183709
1972249,521686,1183709
1972250,521758,1183709
1972251,521763,1183709
1972252,521819,1183709
1972254,521846,1183709
1972266,1972267,1183715
1972269,1972270,1183715
1972508,1972509,1183739
930310,522166,1183775
1972864,522180,1183781
1973286,1973288,1183876
1973848,1973850,1184041
1973853,1973854,1184041
1973860,1973862,1184041
1973865,1973866,1184041
1973869,1973870,1184041
930637,1973927,1184051
1974045,1974046,1184066
1974262,1974263,1184070
1974276,1974277,1184070
1974319,1974320,1184070
1974348,1974289,1184070
1974348,1974296,1184070
1974348,1974350,1184070
1974351,1974251,1184070
1974351,1974257,1184070
1974351,1974352,1184070
1974354,1974237,1184070
1974354,1974242,1184070
1974354,1974244,1184070
1974356,1974310,1184070
1974356,1974312,1184070
1974358,1974306,1184070
1974358,1974309,1184070
1974359,1974393,1184070
1974359,1974394,1184070
1974443,1974444,1184100
930764,1974464,1184105
1974470,1974471,1184105
1974475,1974476,1184105
1974455,1974456,1184108
1974497,1974498,1184113
1974508,1974510,1184115
1974542,1974543,1184123
1974544,1974547,1184123
1974552,1974553,1184123
1974554,1974555,1184123
1974620,1974624,1184125
1974569,1974570,1184132
1974571,1974572,1184132
1974575,1974576,1184132
1974578,1974579,1184132
1974586,1974587,1184132
1974589,1974590,1184132
1974660,1974661,1184138
1974666,1974667,1184138
1974671,1974672,1184138
1974675,1974708,1184138
1974676,1974677,1184138
1974687,1974688,1184138
1974693,1974694,1184138
1974695,1974696,1184138
1974698,1974699,1184138
930866,1974739,1184144
930866,1974745,1184144
930866,1974751,1184144
930894,523338,1184154
931018,1975897,1184164
931018,1975915,1184164
931018,1975921,1184164
931018,1975923,1184164
931032,1975780,1184164
931032,1975799,1184164
931046,1975666,1184164
931046,1975675,1184164
931067,1975529,1184164
931067,1975552,1184164
931067,1975558,1184164
931067,1975564,1184164
931067,1975566,1184164
1975374,1975377,1184164
1975408,1975412,1184164
1975424,1975426,1184164
1975441,1975444,1184164
1975448,1975449,1184164
1975460,1975461,1184164
1975466,1975467,1184164
1975482,1975483,1184164
1975486,1975487,1184164
1975500,1975501,1184164
1975502,1975503,1184164
1975504,1975505,1184164
1975506,1975507,1184164
1975508,1975509,1184164
1975510,1975511,1184164
1975524,1975525,1184164
1975535,1975536,1184164
1975539,1975540,1184164
1975556,1975557,1184164
1975559,1975560,1184164
1975568,1975569,1184164
1975570,1975571,1184164
1975572,1975574,1184164
1975585,1975586,1184164
1975592,1975593,1184164
1975595,1975596,1184164
1975607,1975608,1184164
1975609,1975610,1184164
1975611,1975612,1184164
1975623,1975624,1184164
1975626,1975627,1184164
1975649,1975650,1184164
1975651,1975652,1184164
1975653,1975654,1184164
1975677,1975678,1184164
1975679,1975680,1184164
1975681,1975682,1184164
1975693,1975694,1184164
1975707,1975709,1184164
1975711,1975712,1184164
1975713,1975714,1184164
1975746,1975747,1184164
1975748,1975749,1184164
1975750,1975751,1184164
1975806,1975807,1184164
1975808,1975809,1184164
1975810,1975811,1184164
1975823,1975824,1184164
1975840,1975841,1184164
1975842,1975843,1184164
1975844,1975845,1184164
1975879,1975880,1184164
1975881,1975882,1184164
1975883,1975884,1184164
1975913,1975914,1184164
1975916,1975917,1184164
1975925,1975926,1184164
1975927,1975928,1184164
1975929,1975930,1184164
1975942,1975943,1184164
1975954,1975955,1184164
1975956,1975957,1184164
1975958,1975959,1184164
1976039,1976040,1184164
1976042,1976043,1184164
1976050,1976051,1184164
1976248,1975745,1184164
1976248,1975837,1184164
1976248,1975838,1184164
1976248,1975862,1184164
1976248,1975863,1184164
1976293,1975648,1184164
1976293,1975703,1184164
1976293,1975704,1184164
1976293,1975732,1184164
1976293,1975733,1184164
1976337,1975464,1184164
1976337,1975472,1184164
1976337,1975476,1184164
1975023,1975024,1184200
1975025,1975026,1184200
1975028,1975029,1184200
523637,1975409,1184306
523637,1975421,1184306
1975762,523665,1184322
1975762,523668,1184322
1976081,523691,1184334
1976081,523694,1184334
1976355,523718,1184344
1976355,523723,1184344
1976489,523750,1184355
1976489,523762,1184355
1976525,523790,1184364
1976525,523796,1184364
1976574,523828,1184382
1976574,523833,1184382
931085,1976819,1184433
931085,1976820,1184433
931085,1976821,1184433
931085,1976822,1184433
1976871,1976872,1184440
1977009,1977012,1184468
524180,1977051,1184476
524180,1977057,1184476
1977211,1977209,1184511
1977212,1977206,1184511
1977213,1977205,1184511
1977352,1977356,1184518
1977352,1977360,1184518
1977352,1977363,1184518
1977352,1977368,1184518
1977352,1977373,1184518
1977352,1977534,1184518
1977352,1977538,1184518
1977352,1977568,1184518
1977377,1977378,1184518
1977390,1977391,1184518
1977400,1977401,1184518
1977449,1977450,1184518
1977463,1977464,1184518
1977474,1977475,1184518
1977486,1977487,1184518
1977500,1977501,1184518
1977512,1977513,1184518
1977536,1977537,1184518
1977539,1977540,1184518
1977551,1977543,1184518
1977551,1977545,1184518
1977587,1977382,1184518
1977587,1977399,1184518
1977587,1977411,1184518
1977587,1977428,1184518
1977587,1977454,1184518
1977587,1977473,1184518
1977587,1977491,1184518
1977587,1977511,1184518
1977587,1977555,1184518
1977587,1977559,1184518
1977587,1977562,1184518
1977587,1977565,1184518
1977781,1977788,1184570
1977783,1977786,1184570
1977805,1977806,1184570
1977827,1977829,1184570
1977841,1977842,1184570
1977853,1977839,1184570
1977857,1977822,1184570
1977859,1977804,1184570
1977861,1977814,1184570
1977863,1977802,1184570
1977865,1977799,1184570
1977877,1977785,1184570
1977877,1977797,1184570
1977877,1977868,1184570
931244,524539,1184574
1977823,1977825,1184586
1977965,1977967,1184602
1977971,1977972,1184602
524774,1978305,1184615
524774,1978310,1184615
524790,1978284,1184615
524790,1978290,1184615
524804,1978260,1184615
524804,1978264,1184615
524827,1978269,1184615
524827,1978273,1184615
524846,1978253,1184615
524846,1978527,1184615
524868,1978249,1184615
524868,1978335,1184615
524907,1978233,1184615
524907,1978237,1184615
524927,1978216,1184615
524927,1978220,1184615
524941,1978191,1184615
524941,1978197,1184615
524960,1978202,1184615
524960,1978205,1184615
524974,1978179,1184615
524974,1978689,1184615
524984,1978176,1184615
524984,1978341,1184615
1978181,1978183,1184615
1978211,1978212,1184615
1978227,1978228,1184615
1978255,1978256,1184615
1978279,1978280,1184615
1978297,1978298,1184615
1978036,1978037,1184628
1978038,1978039,1184628
1978084,1978085,1184645
1978089,1978090,1184645
1978091,1978092,1184645
931324,524713,1184664
1978718,1978720,1184696
1978745,1978746,1184696
1978784,1978786,1184709
1978788,1978789,1184709
1978802,1978804,1184713
1978806,524781,1184713
1978809,1978810,1184713
1978833,1978836,1184721
1978838,1978839,1184721
1978967,524877,1184751
1978974,1978976,1184753
1978978,524879,1184753
1978980,524881,1184753
1978993,1978994,1184760
1979003,1979005,1184763
1979012,524903,1184765
1979024,1979029,1184768
1979026,1979028,1184768
1979036,524913,1184770
1979048,524937,1184772
1979059,524945,1184779
1979083,524964,1184781
1979122,1979123,1184788
1979125,1979126,1184788
1979191,1979192,1184795
1979193,525082,1184795
1979194,525077,1184795
1979230,525104,1184801
1979231,1979232,1184801
1979291,1979292,1184803
1979280,1979281,1184807
1979282,1979283,1184807
1979349,1979350,1184833
1979351,525179,1184833
1979352,525183,1184833
1979541,1979543,1184879
1979553,1979555,1184881
1979632,525391,1184902
1982773,1982774,1185166
1982786,1982793,1185169
1982790,1982791,1185169
1982805,1982811,1185174
1982808,1982809,1185174
1982815,1982816,1185174
1982822,1982823,1185174
1982841,1982873,1185179
1982850,1982867,1185179
1982907,1982939,1185191
1982918,1982935,1185191
932062,1983166,1185233
1983557,1983558,1185282
1983802,1983803,1185300
1983937,1983939,1185326
1984167,1984168,1185411
1984227,1984229,1185424
1984337,527054,1185456
932410,527132,1185467
527138,1984431,1185480
527138,1984432,1185480
527138,1984434,1185480
527138,1984435,1185480
527138,1984436,1185480
1984478,1984479,1185494
1984478,1984482,1185494
1984478,1984486,1185494
1984527,1984528,1185505
1984548,1984549,1185515
1984560,1984562,1185517
1984585,1984586,1185522
1984594,1984595,1185524
1984603,1984604,1185526
1984615,1984616,1185528
1984628,1984629,1185530
932675,1985291,1185650
932675,1985294,1185650
527756,527786,1185667
527756,527787,1185667
527756,527788,1185667
527756,527789,1185667
527756,527790,1185667
527756,527791,1185667
527756,527792,1185667
527756,527793,1185667
527756,1985401,1185667
527756,1985404,1185667
527756,1985406,1185667
527756,1985407,1185667
527756,1985413,1185667
527837,1985531,1185707
1985573,1985576,1185715
1985573,1985579,1185715
1985573,1985624,1185715
1985573,1985625,1185715
1985573,1985628,1185715
1985573,1985629,1185715
1985573,1985630,1185715
1985573,1985632,1185715
528235,1986309,1185847
528235,1986311,1185847
528235,1986319,1185847
528248,528254,1185855
528288,528304,1185860
528288,528305,1185860
528288,528306,1185860
528288,528307,1185860
528288,528308,1185860
528288,528309,1185860
1986688,1986690,1185954
1986694,1986703,1185954
1986742,1986743,1185973
1986748,1986770,1185973
933070,1986855,1186001
933070,1986857,1186001
933076,1986877,1186011
933076,1986879,1186011
933088,1986900,1186013
933088,1986902,1186013
933095,1986924,1186015
933095,1986926,1186015
933106,1986942,1186017
933106,1986944,1186017
933110,1986956,1186021
933110,1986958,1186021
933115,1987007,1186023
933115,1987011,1186023
1987432,1987433,1186099
933380,1987799,1186233
1988008,1988009,1186329
1988011,1988012,1186329
1988064,530100,1186333
1988066,1988069,1186333
1988067,1988068,1186333
1988195,530221,1186343
1988195,1988143,1186343
1988247,530254,1186350
1988287,1988289,1186360
1988290,1988292,1186360
1988295,1988297,1186360
1988336,1988303,1186360
1988336,1988305,1186360
1988336,1988308,1186360
1988337,1988302,1186360
1988425,530333,1186389
1988426,1988429,1186389
1988427,1988428,1186389
1988477,530350,1186393
1988477,1988481,1186393
1988497,530372,1186403
1988497,1988504,1186403
1988517,530386,1186414
1988531,1988534,1186419
1988879,1988880,1186494
1988906,1988907,1186496
530718,1988950,1186508
1988957,1988958,1186515
1989006,1989007,1186522
530948,530950,1186598
530952,1989232,1186598
530981,531011,1186604
1989428,531091,1186665
1989453,531102,1186670
933984,1989555,1186702
1989711,1989735,1186759
1989762,1989763,1186773
1989767,1989788,1186778
531439,1989883,1186799
531439,1989884,1186799
531439,1989894,1186799
531439,1989895,1186799
1989911,1989902,1186799
1989911,1989915,1186799
1989911,1989917,1186799
1990005,1990006,1186839
1990076,531570,1186862
934220,1990101,1186868
1990104,1990105,1186868
1990107,1990108,1186868
1990110,1990111,1186868
1990116,1990117,1186868
1990118,1990119,1186868
934272,1990202,1186880
934272,1990208,1186880
1990202,531692,1186880
1990202,531714,1186880
1990208,531754,1186880
1990208,531770,1186880
1990320,1990321,1186922
934338,531816,1186961
934338,1990465,1186961
934338,1990466,1186961
1990597,531935,1187054
1990598,1990599,1187054
1990601,1990602,1187054
1990603,1990604,1187054
1990628,531946,1187062
1990635,1990637,1187065
1990638,531948,1187065
1990656,1990657,1187074
1990672,1990674,1187076
1990680,1990681,1187078
1990688,531981,1187082
1990689,1990692,1187082
1990693,1990694,1187082
1990695,1990696,1187082
1990697,1990701,1187082
1990704,1990706,1187082
1990757,532035,1187099
1990758,1990759,1187099
1990761,1990762,1187099
1990764,532037,1187099
1990766,532039,1187099
1990768,532012,1187099
1990769,1990770,1187099
1990771,1990772,1187099
1990773,1990774,1187099
1990869,1990875,1187136
1990869,1990877,1187136
1990871,532088,1187136
1990872,532099,1187136
1990873,532090,1187136
1990876,532084,1187136
1990987,532202,1187164
1990987,532223,1187164
1990987,1990988,1187164
1990994,532211,1187164
1990994,1990995,1187164
1991059,1991060,1187190
1991063,1991064,1187190
1991131,532323,1187211
1991138,1991139,1187211
1991143,1991144,1187211
1991147,1991148,1187211
1991155,1991157,1187211
1991160,1991161,1187211
1991217,532331,1187219
532434,532445,1187256
532434,532446,1187256
532434,1991338,1187256
532434,1991339,1187256
532434,1991340,1187256
532434,1991341,1187256
532434,1991342,1187256
532434,1991343,1187256
532469,1991396,1187280
532469,1991397,1187280
532469,1991399,1187280
1991680,532874,1187397
1991771,532941,1187447
1991861,1991862,1187473
1991863,1991884,1187473
1991954,1991955,1187483
1992023,1992031,1187503
934939,1992089,1187520
934944,1992109,1187524
1992292,1992293,1187559
1992304,533830,1187559
1992305,1992306,1187559
1992278,1992279,1187571
1992504,533931,1187581
1992507,533907,1187581
1992486,1992487,1187583
1992696,533785,1187637
1992696,533795,1187637
1992696,533807,1187637
1992696,533816,1187637
1992696,533827,1187637
1992696,533837,1187637
1992696,1992698,1187637
1992696,1992699,1187637
1992696,1992700,1187637
1992696,1992701,1187637
1992696,1992702,1187637
1992696,1992703,1187637
1992696,1992704,1187637
1992696,1992705,1187637
1992741,1992742,1187645
1992743,1992745,1187645
1992750,1992751,1187645
1992753,1992755,1187645
534770,1992906,1187679
534770,1992917,1187679
534771,1992905,1187679
534771,1992907,1187679
534771,1992918,1187679
534771,1992919,1187679
1992884,1992933,1187679
1992885,1992928,1187679
1992891,1992892,1187679
1992894,1992895,1187679
1992897,1992898,1187679
1992904,1992956,1187679
1992908,1992909,1187679
1992910,1992911,1187679
1992912,1992913,1187679
1992916,1992951,1187679
1992940,1992941,1187679
1993139,1993140,1187701
1993143,1993144,1187701
1993183,534422,1187708
1993343,534709,1187724
1993347,534684,1187724
1993413,1993414,1187731
1993497,1993501,1187757
1993621,1993622,1187762
1993621,1993624,1187762
1993621,1993627,1187762
1993656,1993657,1187769
1993658,1993659,1187769
1993662,1993663,1187769
1993668,1993669,1187769
535530,535858,1187808
535530,535869,1187808
535530,535874,1187808
535530,535895,1187808
535530,535936,1187808
535530,535968,1187808
535530,536275,1187808
535530,536344,1187808
535530,536345,1187808
535530,1994111,1187808
535530,1994162,1187808
535530,1994171,1187808
535530,1994222,1187808
535530,1994266,1187808
535780,536217,1187808
535786,536243,1187808
1994093,1994139,1187808
1994093,1994142,1187808
1994093,1994156,1187808
1994093,1994174,1187808
1994093,1994178,1187808
1994093,1994184,1187808
1994093,1994187,1187808
1994093,1994190,1187808
1994093,1994202,1187808
1994093,1994205,1187808
1994093,1994227,1187808
1994093,1994230,1187808
1994093,1994269,1187808
1994146,536058,1187808
1994148,536051,1187808
1994149,536060,1187808
1994151,536020,1187808
1994152,536027,1187808
1994226,535614,1187808
1994571,536326,1187808
1994571,1994116,1187808
1994571,1994118,1187808
1994597,536357,1187808
1994613,536404,1187808
535509,1993871,1187814
535509,1993883,1187814
535510,1993870,1187814
535510,1993872,1187814
535510,1993884,1187814
535510,1993885,1187814
1993850,1993898,1187814
1993853,1993893,1187814
1993861,1993862,1187814
1993864,1993865,1187814
1993867,1993868,1187814
1993869,1993921,1187814
1993873,1993874,1187814
1993875,1993876,1187814
1993877,1993878,1187814
1993882,1993916,1187814
1993905,1993906,1187814
1993985,1993986,1187848
1993995,1993998,1187852
1994047,1994048,1187865
1994061,1994062,1187869
1994063,1994064,1187869
1994077,1994078,1187873
1994080,1994081,1187873
1994857,535929,1187961
1994857,535930,1187961
1994857,1994845,1187961
1994857,1994846,1187961
1994859,535943,1187961
1994859,535944,1187961
1994859,1994836,1187961
1994859,1994839,1187961
1994859,1994840,1187961
1994859,1994842,1187961
1994859,1994843,1187961
1994859,1994844,1187961
1994862,535950,1187961
1994862,535955,1187961
1994862,535956,1187961
1994862,1994830,1187961
1994862,1994831,1187961
1994862,1994832,1187961
1994862,1994833,1187961
1994864,535960,1187961
1994864,535963,1187961
1994864,1994827,1187961
1994864,1994828,1187961
1994864,1994829,1187961
536380,536371,1188051
536380,1995206,1188051
1995282,1995285,1188078
1995283,1995284,1188078
1995355,1995356,1188091
1995399,1995400,1188099
1995548,1995551,1188111
1995548,1995552,1188111
536545,1995589,1188117
1995658,536694,1188140
1995658,1995670,1188140
1995749,1995750,1188156
1995869,1995870,1188196
1995872,1995874,1188196
1995876,537168,1188196
1995878,537174,1188196
1995880,537192,1188196
1995882,537186,1188196
1995884,537198,1188196
1995886,537208,1188196
1995887,537180,1188196
1995891,537159,1188196
1995895,537097,1188196
1995898,537090,1188196
1995901,537078,1188196
1995902,537070,1188196
1995903,1995904,1188196
1996353,1996354,1188281
1996473,1996474,1188318
1996571,1996572,1188346
1996700,1996702,1188369
1996727,1996729,1188380
1996807,1996809,1188382
1996880,1996886,1188387
1996880,1996892,1188387
1996958,1996960,1188391
1996958,1996966,1188391
1997000,1997003,1188393
1997000,1997006,1188393
1997000,1997011,1188393
1997000,1997016,1188393
1997058,1997059,1188400
1997060,537615,1188400
1997076,1997079,1188405
1997076,1997084,1188405
1997076,1997088,1188405
1997076,1997096,1188405
1997135,537690,1188409
1997184,1997185,1188423
1997186,537757,1188423
1997187,537749,1188423
1997188,537768,1188423
1997210,537825,1188430
1997212,1997213,1188430
1997214,537920,1188430
1997215,537925,1188430
1997217,1997218,1188430
1998787,1998788,1188765
1999390,1999393,1188872
1999397,1999398,1188872
1999444,540395,1188905
1999484,1999498,1188911
1999609,1999631,1188921
1999609,1999635,1188921
1999708,1999718,1188931
1999708,1999724,1188931
1999738,1999739,1188933
1999738,1999740,1188933
1999738,1999741,1188933
1999738,1999743,1188933
1999803,1999804,1188941
1999803,1999807,1188941
1999803,1999811,1188941
1999838,1999839,1188943
1999989,540561,1188948
1999991,540563,1188948
2000049,540565,1188955
2000053,2000054,1188955
937476,2000483,1189029
937476,2000484,1189029
540679,2000475,1189036
540695,2000510,1189041
937498,2000527,1189045
937498,2000528,1189045
937512,2000543,1189052
937512,2000544,1189052
937678,541228,1189180
2002810,541923,1189486
2002810,2002833,1189486
2004444,2004445,1189631
2004871,2004872,1189631
2004879,2004880,1189631
2004887,2004888,1189631
2004895,2004896,1189631
2004969,2004971,1189631
2004994,2004996,1189631
2005002,2005004,1189631
2005030,2005032,1189631
2005044,2005053,1189631
2005079,2005081,1189631
2003372,2003373,1189681
2003639,2003646,1189816
2003639,2003648,1189816
2003639,2003653,1189816
2003641,2003644,1189816
2003641,2003645,1189816
2003691,2003695,1189826
542593,2003714,1189835
542593,2003716,1189835
542593,2003719,1189835
542593,2003721,1189835
542593,2003722,1189835
542593,2003724,1189835
542593,2003747,1189835
2003718,2003723,1189835
2003718,2003737,1189835
2003718,2003743,1189835
542650,2003774,1189851
542650,2003788,1189851
542650,2003822,1189851
2003766,2003768,1189851
2003766,2003769,1189851
2003766,2003778,1189851
2003766,2003779,1189851
2003766,2003795,1189851
2003842,2003849,1189870
2003842,2003851,1189870
2003842,2003856,1189870
2003846,2003847,1189870
2003846,2003848,1189870
938462,2003920,1189891
938462,2003922,1189891
938557,2004276,1189998
2004282,543351,1190000
2004282,2004283,1190000
2004282,2004286,1190000
2004282,2004287,1190000
2004282,2004288,1190000
2004282,2004292,1190000
2004282,2004293,1190000
2004766,2004801,1190023
2004776,2004784,1190023
543547,2004945,1190036
543547,2004947,1190036
543559,2005043,1190042
2005378,2005382,1190056
2005378,2005385,1190056
2005378,2005388,1190056
544124,544187,1190118
544124,2005621,1190118
544124,2005623,1190118
544124,2005624,1190118
544124,2005626,1190118
544124,2005628,1190118
544124,2005631,1190118
544124,2005635,1190118
544124,2005639,1190118
544124,2005642,1190118
544124,2005644,1190118
544124,2005652,1190118
544152,2005676,1190122
544203,2005727,1190129
544203,2005730,1190129
544230,544289,1190138
544230,2005770,1190138
544230,2005774,1190138
544230,2005777,1190138
544230,2005779,1190138
544230,2005782,1190138
544230,2005786,1190138
544230,2005788,1190138
544230,2005790,1190138
544230,2005792,1190138
544230,2005794,1190138
544230,2005799,1190138
2005866,2005868,1190146
2005866,2005870,1190146
2006259,2006260,1190239
2006264,2006265,1190239
2006269,2006270,1190239
2006274,2006275,1190239
2006279,2006280,1190239
2006284,2006285,1190239
2006288,2006289,1190239
2006291,2006292,1190239
2006299,2006300,1190239
2006323,2006325,1190239
544678,2006685,1190298
2006687,2006688,1190298
2006690,2006691,1190298
2006692,544667,1190298
2006748,2006749,1190307
2006751,2006745,1190307
544727,544731,1190313
544733,544734,1190313
2006771,2006772,1190313
2006771,2006797,1190313
2006783,2006787,1190313
2006785,2006786,1190313
2006793,544733,1190313
2006794,544727,1190313
2006795,544730,1190313
2006796,544723,1190313
2007101,2007107,1190320
2007108,2007109,1190320
2007110,2007111,1190320
2007113,2007114,1190320
2007116,2007117,1190320
2007137,2007120,1190320
2007143,2007144,1190320
2007152,2007153,1190320
2007175,2007176,1190320
2006871,2006878,1190330
2007309,2007310,1190401
2007372,2007373,1190442
2007390,2007395,1190445
2007393,2007394,1190445
545232,2007472,1190469
2007466,2007471,1190469
2007466,2007473,1190469
2007469,2007470,1190469
2007512,2007513,1190480
2007564,2007565,1190491
2007587,2007588,1190499
2007596,2007601,1190501
2007598,2007599,1190501
2007601,2007602,1190501
2007633,2007641,1190514
2007635,2007636,1190514
2007657,2007658,1190530
2007833,2007834,1190558
939386,545367,1190565
2008649,2008650,1190700
2008658,2008660,1190702
2008686,2008687,1190710
2008689,2008690,1190710
2008700,2008701,1190716
2008712,2008713,1190718
2008729,2008730,1190725
2008736,2008737,1190727
2008743,2008745,1190729
2008751,2008752,1190733
2009517,2009522,1190843
2009520,2009521,1190843
2009848,2009849,1190916
2009974,2009979,1190943
2010032,2010035,1190953
2010103,546585,1190961
2010128,2010134,1190967
546863,2010570,1191103
546863,2010571,1191103
546863,2010572,1191103
546863,2010573,1191103
546914,546921,1191103
546914,546922,1191103
2011760,2011763,1191401
2011838,2011840,1191466
2011842,2011844,1191472
2011849,2011851,1191481
2011856,2011858,1191490
2011868,2011870,1191500
2011874,2011876,1191510
2011880,2011882,1191520
2011888,2011891,1191529
2011895,2011898,1191541
2012634,2012643,1191899
2012634,2012647,1191899
2012644,2012646,1191899
2012648,2012650,1191899
2012789,548378,1191918
2012790,2012791,1191918
2012793,548369,1191918
2012794,2012795,1191918
2012796,548366,1191918
2012797,2012798,1191918
2012800,548359,1191918
2012801,2012802,1191918
2012804,548356,1191918
2012805,2012806,1191918
2012900,548404,1191953
2012902,2012903,1191953
2012960,2012961,1191970
2012963,548434,1191970
940756,2013014,1191983
2013026,548451,1191985
2013029,2013030,1191985
2013045,548463,1191990
2013048,2013049,1191990
2013072,548474,1191999
2013075,2013076,1191999
2013110,2013111,1192004
2013113,548503,1192004
2013156,548545,1192016
2013157,2013158,1192016
2013159,548541,1192016
2013160,2013161,1192016
2013162,548537,1192016
2013163,2013164,1192016
2013165,548531,1192016
2013166,2013167,1192016
2013169,2013173,1192016
2013170,548524,1192016
2013171,2013172,1192016
2013176,2013168,1192016
2013178,548539,1192016
2013180,548543,1192016
2013182,548547,1192016
2013232,548566,1192027
2013233,2013234,1192027
2013235,548568,1192027
2013261,2013262,1192036
2013264,548584,1192036
2013267,548586,1192036
2013310,548598,1192047
2013313,2013314,1192047
2013337,548608,1192061
2013341,2013342,1192061
2013385,548618,1192067
2013388,2013389,1192067
2013393,548627,1192075
2013393,548628,1192075
2013421,2013422,1192077
2013424,548649,1192077
2013427,548651,1192077
2013762,2013763,1192142
2013779,2013780,1192142
2013786,2013787,1192142
549252,549309,1192189
941156,2014342,1192237
941156,2014357,1192237
941156,2014360,1192237
2014369,2014343,1192237
2014369,2014344,1192237
2014369,2014345,1192237
2014369,2014346,1192237
2014369,2014347,1192237
2014369,2014348,1192237
2014369,2014349,1192237
2014369,2014350,1192237
2014369,2014351,1192237
2014369,2014352,1192237
2014369,2014353,1192237
2014369,2014354,1192237
2014369,2014362,1192237
2014369,2014363,1192237
2014369,2014364,1192237
2014369,2014367,1192237
941237,2014493,1192271
941237,2014498,1192271
941237,2014499,1192271
550374,550184,1192309
550375,2014876,1192309
550375,2014877,1192309
2014856,550242,1192309
2014902,2014905,1192309
2014913,550084,1192309
941357,2014806,1192355
941357,2014808,1192355
941364,2014937,1192363
941364,2014941,1192363
549980,2014966,1192365
941433,2015112,1192401
941575,2015718,1192468
551144,2016260,1192585
551144,2016266,1192585
551144,2016275,1192585
551144,2016281,1192585
551144,2016286,1192585
551144,2016298,1192585
551144,2016307,1192585
2016258,2016261,1192585
2016261,2016262,1192585
2016264,2016267,1192585
2016267,2016268,1192585
2016273,2016276,1192585
2016276,2016277,1192585
2016282,2016283,1192585
2016288,2016289,1192585
2016299,2016357,1192585
2016309,2016308,1192585
2016362,551261,1192585
2016597,551314,1192679
2016598,551315,1192679
2016599,551316,1192679
2016600,551317,1192679
2016628,2016635,1192692
2016629,2016634,1192692
551374,2016674,1192695
551374,2016698,1192695
2016685,2016688,1192695
2016689,2016692,1192695
2016696,2016697,1192695
2016703,2016708,1192695
551668,2017121,1192795
2017842,552250,1193032
552354,2017928,1193069
2018085,2018086,1193092
552439,2018095,1193095
2018140,2018143,1193111
2018226,2018222,1193138
2018351,2018352,1193166
2018442,2018443,1193182
942780,2018550,1193253
942795,552954,1193253
2018674,2018675,1193361
553175,553166,1193388
553176,553167,1193388
2018888,553236,1193395
2018889,553237,1193395
2018924,553280,1193407
2018926,553281,1193407
2019130,2019131,1193459
2019302,2019362,1193533
2019345,2019361,1193533
2019361,2019347,1193533
2019361,2019353,1193533
2019362,2019304,1193533
2019362,2019310,1193533
2019362,2019316,1193533
2019362,2019323,1193533
2019362,2019329,1193533
2019362,2019337,1193533
2019376,2019377,1193549
2019392,2019441,1193551
2019426,2019440,1193551
2019440,2019428,1193551
2019440,2019433,1193551
2019441,2019394,1193551
2019441,2019399,1193551
2019441,2019404,1193551
2019441,2019409,1193551
2019441,2019414,1193551
2019441,2019419,1193551
2019531,2019532,1193561
2019854,2019858,1193621
2019854,2019861,1193621
2019854,2019864,1193621
2019854,2019865,1193621
2019908,553893,1193631
2019909,2019910,1193631
2019910,553895,1193631
2019911,2019912,1193631
2019912,553897,1193631
943461,2020137,1193693
2020189,554080,1193721
943475,2020224,1193725
943477,554098,1193725
2020272,554118,1193739
2020322,2020325,1193756
2020322,2020330,1193756
2020322,2020334,1193756
2020322,2020336,1193756
943675,554328,1193798
943718,2020632,1193806
943725,2020637,1193806
943767,554468,1193815
2021032,554732,1193905
943988,2021190,1193957
943988,2021193,1193957
943988,2021195,1193957
944004,2021243,1193962
944004,2021246,1193962
944004,2021248,1193962
944019,2021345,1193966
944019,2021347,1193966
944055,2021408,1193970
944055,2021410,1193970
2021581,2021686,1193986
2021588,2021701,1193986
2021595,2021688,1193986
2021601,2021691,1193986
2021606,2021661,1193986
2021614,2021665,1193986
944087,2021545,1193991
944087,2021547,1193991
555227,555224,1194061
555374,555402,1194073
555374,555418,1194073
555374,555436,1194073
555374,555446,1194073
555374,555463,1194073
555374,2021912,1194073
555374,2021914,1194073
2022139,2022142,1194087
2022164,555535,1194097
2022546,2022550,1194148
2022556,2022563,1194148
555811,555821,1194155
555811,2022636,1194155
555811,2022637,1194155
555811,2022638,1194155
555811,2022639,1194155
2022728,555916,1194183
2022728,555918,1194183
2022728,2022725,1194183
2022777,2022784,1194189
2022777,2022785,1194189
944505,555943,1194200
2022860,2022861,1194202
2022863,2022934,1194202
2022866,2022867,1194202
2022869,2022939,1194202
2022871,2022872,1194202
2022874,2022940,1194202
2022878,2022879,1194202
2022882,2022883,1194202
2022888,2022889,1194202
2022897,2022898,1194202
2022900,2022937,1194202
2022901,2022909,1194202
2022904,2022932,1194202
2022906,2022933,1194202
2022908,2022930,1194202
2022992,2022993,1194214
2022995,2023041,1194214
2022997,2022998,1194214
2023000,2023043,1194214
2023002,2023003,1194214
2023006,2023007,1194214
2023013,2023014,1194214
2023022,2023025,1194214
2023024,2023040,1194214
2023191,2023188,1194281
2023936,2023937,1194357
2023944,2023946,1194357
2024069,2024071,1194364
2024072,2024074,1194364
2024076,2024077,1194364
2024253,2024254,1194374
2024255,2024257,1194374
2024264,2024304,1194374
2024265,2024266,1194374
2024397,556319,1194385
2024398,2024399,1194385
2024402,556311,1194385
2025373,2025375,1194495
944805,556625,1194518
944805,2025803,1194518
944844,556691,1194518
944844,556735,1194518
944844,2025781,1194518
944844,2025789,1194518
944844,2025860,1194518
2025788,556638,1194526
2025788,2025807,1194526
2025811,2025869,1194526
2025815,2025816,1194526
2025818,2025822,1194526
2025835,2025836,1194526
2025958,556788,1194563
2026031,2026035,1194593
2026057,2026082,1194599
2026071,2026072,1194599
2026072,2026073,1194599
2026876,557724,1194888
2026876,2026880,1194888
2026877,2026882,1194888
2026966,2026967,1194892
2026971,2026933,1194892
2026971,2026938,1194892
2027040,2027041,1194913
2027073,2027074,1194932
2027075,2027076,1194932
2027077,2027078,1194932
2027081,2027082,1194932
2027085,2027086,1194932
2027135,2027142,1194950
2027135,2027143,1194950
2027135,2027144,1194950
2027135,2027147,1194950
2027135,2027194,1194950
2027135,2027204,1194950
2027136,2027146,1194950
2027136,2027150,1194950
945411,2027215,1194969
945411,2027217,1194969
945413,2027234,1194987
945413,2027236,1194987
2027243,2027247,1194992
2027243,2027251,1194992
2027303,2027349,1194995
2027304,2027305,1194995
2027311,2027348,1194995
2027313,2027314,1194995
2027333,2027321,1194995
2027333,2027322,1194995
2027333,2027327,1194995
2027333,2027328,1194995
2027336,557954,1194995
2027336,557962,1194995
2027336,2027325,1194995
2027336,2027332,1194995
2027336,2027334,1194995
2027336,2027367,1194995
945415,2027274,1195001
945415,2027276,1195001
2027460,2027466,1195039
558006,2027503,1195048
558006,2027505,1195048
558007,2027509,1195048
558008,2027510,1195048
945438,2027500,1195048
945438,2027501,1195048
558138,2027636,1195058
558138,2027649,1195058
2027625,2027631,1195058
2027674,2027658,1195058
2027674,2027660,1195058
2027674,2027661,1195058
2027744,2027638,1195058
2027744,2027641,1195058
2027744,2027653,1195058
2027744,2027654,1195058
2027785,2027613,1195058
2027785,2027616,1195058
2027785,2027620,1195058
2027785,2027621,1195058
2027785,2027632,1195058
945541,2027959,1195124
2028183,558483,1195161
2028164,558424,1195188
945665,2028198,1195193
945665,2028203,1195193
945701,2028251,1195205
945701,2028254,1195205
945701,2028258,1195205
945760,2028421,1195219
558984,559008,1195230
945820,2028541,1195230
945820,2028547,1195230
945820,2028549,1195230
2029210,2029211,1195374
946211,2029296,1195390
946211,2029297,1195390
2029494,559986,1195429
2029574,2029575,1195440
2030154,2030155,1195538
2030157,2030158,1195538
2030159,2030160,1195538
2030161,2030162,1195538
2030214,2030215,1195557
2030216,2030217,1195557
2030225,2030227,1195557
2030226,560840,1195557
2030228,2030230,1195557
2030229,560829,1195557
561844,2031347,1195954
2031479,2031484,1195966
2031568,2031573,1195986
2031587,2031588,1195990
2031620,2031621,1196000
2031622,2031623,1196000
2031813,2031822,1196046
2031813,2031824,1196046
2031813,2031835,1196046
2031813,2031836,1196046
2031813,2031838,1196046
2031821,562195,1196046
2031821,562197,1196046
2031821,562199,1196046
2031821,562201,1196046
2031821,562203,1196046
2031821,562205,1196046
2031821,562225,1196046
2031821,562227,1196046
2032047,2032048,1196088
2032111,562332,1196098
2032111,562334,1196098
2032874,2032875,1196202
2032922,2032923,1196231
2032924,2032925,1196231
2032975,2032976,1196237
2032977,2032978,1196237
2033002,2033003,1196243
2033289,562984,1196308
947695,563170,1196359
2035262,2035268,1196756
2035263,564053,1196756
948262,564261,1196810
948262,564266,1196810
948262,564272,1196810
948262,2035495,1196810
948275,564279,1196815
948275,564284,1196815
948275,2035504,1196815
948275,2035506,1196815
2035641,2035643,1196847
948411,2036093,1196954
948418,2036166,1196957
948420,2036280,1196964
948434,2036395,1196969
2036593,564516,1196978
2036668,564523,1196980
2037155,564961,1197070
2037373,2037374,1197089
2037360,2037362,1197093
2037431,2037432,1197095
2037486,2037487,1197102
2038278,2038279,1197236
2038280,2038281,1197236
2038287,2038288,1197236
2038689,2038690,1197250
2038770,2038771,1197276
949301,2038993,1197369
2039106,2039108,1197412
2039291,2039293,1197452
570057,2039544,1197464
570057,2039546,1197464
570179,2039530,1197464
570321,2039459,1197464
570321,2039462,1197464
570321,2039467,1197464
570321,2039484,1197464
570321,2039488,1197464
570321,2039492,1197464
570321,2039496,1197464
570321,2039500,1197464
570321,2039505,1197464
570321,2039510,1197464
570321,2039516,1197464
570321,2039520,1197464
2040154,2040155,1197693
2040170,2040171,1197700
2040198,2040199,1197709
2040277,2040278,1197715
2040282,2040283,1197715
2040285,2040286,1197715
2040287,2040288,1197715
2040353,2040358,1197739
2040353,2040360,1197739
2040353,2040361,1197739
2040353,2040362,1197739
2040353,2040365,1197739
2040451,571379,1197759
2040453,571375,1197759
2040948,571883,1197875
2040948,2040953,1197875
2041392,2041393,1197980
2042564,2042565,1198292
2042614,2042666,1198307
2042620,2042621,1198307
2042623,2042649,1198307
572922,2042906,1198384
2043002,2043003,1198406
2044129,2044130,1198675
2044301,2044306,1198699
2044304,2044305,1198699
2044719,2044728,1198787
2044758,2044759,1198794
2044760,2044761,1198794
2044764,2044765,1198794
2044767,2044768,1198794
2044772,2044773,1198794
2044774,2044775,1198794
2044778,2044779,1198794
2044782,2044783,1198794
2044802,2044803,1198797
2044804,2044805,1198797
2044808,2044810,1198797
2044832,2044833,1198797
2044837,2044838,1198797
2044848,2044849,1198797
2044850,2044851,1198797
2044854,2044855,1198797
2044858,2044859,1198797
2044867,2044868,1198797
951648,2044905,1198811
951656,2045004,1198813
951661,2045012,1198815
2045022,2045023,1198817
2045024,2045025,1198817
2045027,2045028,1198817
2045030,2045031,1198817
951680,2045057,1198821
951680,2045063,1198821
951680,2045069,1198821
2045098,2045109,1198829
2045099,2045100,1198829
2045101,2045102,1198829
2045148,2045162,1198840
2045149,2045151,1198840
2045152,2045153,1198840
2045217,2045228,1198862
2045218,2045219,1198862
2045220,2045221,1198862
2045256,2045267,1198881
2045257,2045258,1198881
2045259,2045260,1198881
2045304,2045322,1198893
2045305,2045307,1198893
2045309,2045310,1198893
951769,2045552,1198907
951769,2045580,1198907
951769,2045589,1198907
951769,2045598,1198907
2045408,2045409,1198907
2045411,2045412,1198907
2045421,2045422,1198907
2045426,2045427,1198907
2045430,2045432,1198907
2045435,2045437,1198907
2045439,2045440,1198907
2045442,2045444,1198907
2045447,2045448,1198907
2045458,2045459,1198907
2045468,2045469,1198907
2045480,2045482,1198907
2045484,2045485,1198907
2045493,2045494,1198907
2045497,2045499,1198907
2045505,2045506,1198907
2045507,2045508,1198907
2045509,2045511,1198907
2045512,2045513,1198907
2045514,2045516,1198907
2045517,2045518,1198907
2045531,2045532,1198907
2045534,2045535,1198907
2045543,2045544,1198907
2045548,2045549,1198907
2045569,2045570,1198907
2045572,2045574,1198907
2045577,2045578,1198907
2045581,2045583,1198907
2045590,2045592,1198907
2045599,2045601,1198907
2045610,2045611,1198907
2045613,2045614,1198907
2045618,2045619,1198907
2045645,2045414,1198907
2045645,2045418,1198907
2045645,2045609,1198907
2045816,2045817,1198929
2045826,2045851,1198931
2045920,2045921,1198951
2045922,2045923,1198951
951856,2045951,1198955
2045956,2045968,1198958
2045957,2045958,1198958
2045959,2045960,1198958
2046005,2046009,1198965
2046007,2046024,1198965
2046036,2046041,1198969
2046039,2046040,1198969
2046042,2046043,1198969
2046057,2046078,1198972
2046058,2046085,1198972
2046059,2046081,1198972
2046119,2046124,1198980
2046122,2046123,1198980
2046125,2046126,1198980
575162,2046309,1198992
575162,2046313,1198992
575196,2046299,1198992
575196,2046303,1198992
575208,2046290,1198992
575208,2046294,1198992
575251,2046279,1198992
575251,2046282,1198992
575262,2046271,1198992
575262,2046274,1198992
575272,2046263,1198992
575272,2046266,1198992
2046256,2046257,1198992
2046329,575302,1198992
2046330,575303,1198992
2046331,575304,1198992
2046332,575305,1198992
2046538,575229,1199029
952064,2046595,1199057
2046593,2046594,1199057
575363,2046670,1199079
2046750,2046751,1199141
2046788,2046789,1199150
2046791,2046792,1199150
2046795,2046796,1199150
575463,575470,1199155
2046877,2046878,1199167
2046901,2046934,1199171
2046905,2046920,1199171
2046900,575489,1199175
2046900,2046909,1199175
2046947,2046951,1199178
952206,575660,1199206
2047040,2047041,1199206
2047152,2047155,1199228
2047157,2047159,1199228
2047161,2047162,1199228
2047172,2047175,1199230
2047177,2047179,1199230
2047181,2047182,1199230
576916,2047924,1199467
2047910,576905,1199467
2047910,576994,1199467
2048131,2048132,1199514
2048133,2048135,1199514
2048134,577084,1199514
2048204,2048182,1199526
2048204,2048183,1199526
2048204,2048184,1199526
2048306,2048307,1199534
2048412,577353,1199544
2048449,2048450,1199548
2048461,2048462,1199548
2048466,2048467,1199548
577565,577571,1199557
577683,577692,1199583
578048,577974,1199593
578048,2048805,1199593
578067,578054,1199593
578067,578083,1199593
578067,2048796,1199593
578067,2048797,1199593
578067,2048799,1199593
2048765,2048766,1199596
2048768,2048769,1199596
2048775,2048776,1199596
952775,2049058,1199614
952775,2049059,1199614
2049036,578131,1199614
2049038,578135,1199614
2049083,578183,1199622
2049083,578215,1199622
2049083,578232,1199622
578319,2049310,1199628
578320,2049246,1199628
578321,2049247,1199628
578321,2049248,1199628
578322,578361,1199628
578322,2049249,1199628
578242,578219,1199649
578242,578220,1199649
578242,578221,1199649
578242,578222,1199649
2049352,578301,1199664
2049352,578316,1199664
2049352,578317,1199664
2049352,578324,1199664
2049352,578325,1199664
2049352,578326,1199664
2049352,578338,1199664
2049352,578339,1199664
2049352,578340,1199664
2049352,578341,1199664
2049493,2049496,1199694
2049513,2049514,1199699
2049515,2049516,1199699
2049527,2049530,1199704
2049645,2049646,1199719
2049646,2049652,1199719
2049649,2049650,1199719
2049688,578621,1199728
2049688,578629,1199728
2049688,578631,1199728
2049688,578663,1199728
2049688,578665,1199728
2049688,578690,1199728
2049688,578727,1199728
2049688,578729,1199728
2049688,578775,1199728
2049688,578777,1199728
2049688,2049691,1199728
2049688,2049695,1199728
2049688,2049698,1199728
2049688,2049700,1199728
2049688,2049708,1199728
2049688,2049710,1199728
2049688,2049712,1199728
2049701,578620,1199728
2049701,578628,1199728
2049701,578630,1199728
2049701,578662,1199728
2049701,578664,1199728
2049701,578689,1199728
2049701,578726,1199728
2049701,578728,1199728
2049701,578774,1199728
2049701,578776,1199728
2049738,2049739,1199748
2049755,2049757,1199757
2049763,2049766,1199761
578824,2049810,1199778
578824,2049815,1199778
2049830,2049833,1199781
2049885,2049886,1199793
2049886,2049889,1199793
2049887,2049888,1199793
2049900,2049908,1199809
2049902,2049907,1199809
2049930,2049941,1199837
579033,2049946,1199840
579049,2049945,1199840
579041,2049968,1199848
579041,2049973,1199848
579041,2049977,1199848
953092,2050020,1199860
953096,2050014,1199860
2050037,2050038,1199874
2050069,2050070,1199899
2050069,2050079,1199899
2050075,2050076,1199899
2050075,2050080,1199899
2050075,2050081,1199899
2050123,2050124,1199909
2050123,2050133,1199909
2050129,2050131,1199909
2050129,2050136,1199909
2050164,2050167,1199915
579222,2050179,1199919
579222,2050183,1199919
579222,2050185,1199919
579222,2050188,1199919
579287,2050232,1199923
579287,2050239,1199923
579301,2050233,1199923
2050235,2050236,1199923
2050295,579336,1199937
2050297,579337,1199937
2050316,2050318,1199945
579400,2050348,1199954
579400,2050352,1199954
2050396,2050399,1199967
2050396,2050408,1199967
2050430,2050403,1199967
2050477,2050481,1199991
579518,2050510,1199995
579518,2050514,1199995
2050647,2050650,1200028
2050647,2050662,1200028
2050693,2050654,1200028
579702,2050757,1200068
579702,2050759,1200068
2050851,2050853,1200122
2050860,579833,1200125
2050909,2050911,1200153
2051276,2051277,1200309
2051395,2051397,1200341
953472,2051415,1200343
953472,2051416,1200343
2051921,2051922,1200496
2052406,2052417,1200703
2052632,2052633,1200758
2052632,2052635,1200758
2052640,581296,1200761
2052640,2052641,1200761
2052640,2052642,1200761
581354,2052657,1200765
581360,2052674,1200765
581360,2052681,1200765
581360,2052690,1200765
581360,2052697,1200765
2052659,2052660,1200765
2052785,2052788,1200774
2052834,2052835,1200816
2052836,2052837,1200816
2052851,2052852,1200821
2052854,2052855,1200821
2054211,582993,1201212
2054211,583007,1201212
2054211,2054213,1201212
2054211,2054214,1201212
2054211,2054216,1201212
2054688,2054690,1201351
2054704,2054706,1201354
2054704,2054708,1201354
2054745,583367,1201360
583436,583429,1201363
583436,583430,1201363
583727,2055032,1201430
583727,2055050,1201430
2055039,2055040,1201430
583782,2055132,1201446
583782,2055153,1201446
583782,2055157,1201446
583782,2055167,1201446
2055399,2055401,1201547
2055552,2055553,1201601
2055565,584153,1201608
2055567,584158,1201608
2055597,584184,1201620
2055655,2055656,1201651
2055660,584238,1201660
2055662,584239,1201660
2055670,584254,1201666
584259,2055681,1201670
584259,2055683,1201670
584270,2055698,1201676
584270,2055701,1201676
2055694,584271,1201676
2055694,2055696,1201676
2055694,2055697,1201676
2055694,2055700,1201676
584283,2055707,1201679
584283,2055709,1201679
584301,2055739,1201687
2055754,2055755,1201692
2055754,2055758,1201692
2055754,2055759,1201692
2055773,2055776,1201702
2055773,2055779,1201702
2055774,2055775,1201702
2055774,2055778,1201702
2055786,2055788,1201707
2055786,2055790,1201707
2055818,2055819,1201725
2055818,2055821,1201725
2055818,2055822,1201725
2055838,2055841,1201733
2055838,2055844,1201733
2055839,2055840,1201733
2055839,2055843,1201733
2055848,2055850,1201741
2055848,2055853,1201741
2055906,2055910,1201764
584370,2055913,1201767
2055911,584371,1201767
2055911,2055912,1201767
2055911,2055915,1201767
2055916,2055918,1201770
584391,2055928,1201775
2055941,584408,1201783
2055956,2055959,1201789
2055957,2055958,1201789
2055975,2055979,1201794
2056009,584447,1201813
2056071,2056074,1201841
2056072,2056073,1201841
2056147,584490,1201843
2056084,2056087,1201853
2056217,584515,1201916
2056274,2056275,1201937
2056286,2056287,1201944
2056292,2056293,1201946
2056342,584616,1201957
2056343,2056344,1201957
584642,2056361,1201964
584642,2056374,1201964
2056457,2056458,1201989
2056494,2056495,1201998
2056514,2056515,1202001
2056543,2056544,1202003
2056698,2056702,1202026
2056706,2056710,1202029
955436,2056717,1202032
955436,2056718,1202032
955436,2056719,1202032
955436,2056720,1202032
584941,2056747,1202034
584941,2056749,1202034
2056878,585007,1202059
2057111,585199,1202098
585594,2057500,1202197
585594,2057501,1202197
585668,2057558,1202220
585668,2057559,1202220
955749,585714,1202227
2057572,585696,1202227
2057572,585734,1202227
585731,2057625,1202242
585731,2057626,1202242
2057639,585720,1202249
2057668,2057669,1202260
2057673,2057674,1202260
2057677,2057678,1202260
2057680,2057681,1202260
2057685,2057686,1202260
2058194,2058196,1202400
2058195,586123,1202400
2058204,2058206,1202400
2058205,586116,1202400
955945,586114,1202403
955954,2058334,1202435
955965,2058359,1202438
955977,2058369,1202440
2058411,2058413,1202458
956065,2058465,1202463
2058480,2058481,1202465
2058594,586674,1202469
2058594,586676,1202469
2058594,2058600,1202469
2058594,2058602,1202469
2060250,2060254,1202695
2060250,2060256,1202695
2060250,2060258,1202695
2060250,2060269,1202695
2060250,2060271,1202695
2060250,2060275,1202695
2060250,2060307,1202695
2060250,2060336,1202695
2060281,2060282,1202695
2060287,2060288,1202695
2060293,2060294,1202695
2060298,2060300,1202695
2060311,588106,1202695
2060318,588107,1202695
2060327,588108,1202695
2060330,588109,1202695
2061283,588882,1202868
956973,589164,1202958
956979,2061511,1202966
956979,2061513,1202966
957109,589358,1202999
589519,2061797,1203059
589598,589609,1203061
2062362,2062364,1203229
2062535,2062537,1203251
2062550,2062551,1203251
2062592,2062594,1203255
2062595,2062596,1203255
2062598,2062599,1203255
2062659,2062660,1203269
2062732,2062735,1203288
2063043,2063044,1203377
2063155,2063159,1203482
2063254,590712,1203521
2063256,2063257,1203521
2063260,2063262,1203521
2063263,2063267,1203521
2063265,2063266,1203521
957856,2063424,1203546
591008,2063678,1203599
2063730,591035,1203625
2063865,591151,1203650
2063908,2063910,1203667
2063908,2063913,1203667
2063908,2063918,1203667
2063908,2063923,1203667
2063908,2063928,1203667
2063908,2063933,1203667
2063908,2063938,1203667
2063908,2063943,1203667
2063975,591301,1203680
2063975,591306,1203680
2063975,591308,1203680
2064238,2064239,1203808
2064257,2064258,1203816
2064272,2064273,1203850
2064276,2064277,1203850
2064279,2064281,1203850
2064284,2064286,1203850
591682,591693,1203875
2064946,2064943,1204119
2064962,592088,1204121
2064966,2064968,1204121
2064983,2064991,1204132
2064983,2064994,1204132
2064983,2064998,1204132
2064983,2065009,1204132
2064983,2065012,1204132
2064983,2065016,1204132
2064983,2065021,1204132
2064983,2065026,1204132
2064983,2065029,1204132
2064988,2065051,1204132
2064989,2064990,1204132
2064996,2064997,1204132
2065000,2065001,1204132
2065006,2065035,1204132
2065007,2065008,1204132
2065014,2065015,1204132
2065018,2065019,1204132
2065364,592321,1204154
2065368,592360,1204154
592225,592276,1204168
2065394,2065402,1204177
2065394,2065406,1204177
2065394,2065408,1204177
2065394,2065417,1204177
2065394,2065434,1204177
2065394,2065439,1204177
2065394,2065444,1204177
2065399,2065412,1204177
2065421,2065422,1204177
2065423,2065424,1204177
2065428,2065429,1204177
2065430,2065431,1204177
2065435,2065436,1204177
2065440,2065441,1204177
2065442,2065443,1204177
592475,2065568,1204199
2065566,2065567,1204199
958660,2065746,1204322
958671,2065771,1204331
2066081,2066094,1204473
2066085,2066086,1204473
2066143,2066144,1204483
2066146,592998,1204483
2066185,2066186,1204491
2066189,2066190,1204491
2066195,2066196,1204491
2066198,2066200,1204491
959216,593724,1204766
2067936,2067937,1204868
959347,2068003,1204888
2068002,2068004,1204888
2068007,2068008,1204888
2068013,2068014,1204888
2068046,2068047,1204918
959374,2068091,1204930
959549,594331,1205071
959549,2068747,1205071
959836,595018,1205319
959856,595029,1205333
959911,2069601,1205382
959922,2069637,1205397
595137,2069653,1205402
595137,2069654,1205402
595145,2069668,1205406
595145,2069670,1205406
959950,2069698,1205421
959950,2069699,1205421
959974,595208,1205427
2069768,2069769,1205434
2069796,2069800,1205440
960011,595323,1205442
2069806,2069810,1205448
595297,595317,1205450
595297,595318,1205450
595297,595319,1205450
960043,595415,1205455
960032,595369,1205458
960032,595370,1205458
2069928,2069929,1205467
595781,2070463,1205661
2070523,2070524,1205672
2070534,2070535,1205675
960470,2070566,1205682
960470,2070576,1205682
960551,2070692,1205718
2071068,2071070,1205816
2071068,2071077,1205816
2071068,2071081,1205816
596408,2071303,1205875
596465,596492,1205889
2071861,2071896,1206002
2071861,2071897,1206002
2071862,2071865,1206002
2071951,2071995,1206016
2071951,2071996,1206016
2072437,2072440,1206070
2072465,2072467,1206077
2073500,2073501,1206340
2073906,2073915,1206505
962158,598762,1206524
962158,598781,1206524
962158,598797,1206524
962158,2074015,1206524
962158,2074016,1206524
962158,2074017,1206524
962158,2074018,1206524
962158,2074020,1206524
962158,2074022,1206524
962158,2074023,1206524
962158,2074024,1206524
962158,2074027,1206524
962161,2074032,1206524
962164,598774,1206524
962164,598775,1206524
962164,598787,1206524
962164,598788,1206524
962164,598809,1206524
962164,598810,1206524
962166,598785,1206524
598726,2073985,1206540
2073981,2073982,1206540
2074093,598933,1206557
2074345,599088,1206636
599085,2074412,1206650
599085,2074414,1206650
2074481,2074484,1206670
2074566,2074567,1206690
2074569,2074570,1206690
2074595,2074599,1206695
2074597,2074598,1206695
2074671,2074675,1206718
2074671,2074678,1206718
599282,599284,1206735
599282,599285,1206735
599282,599287,1206735
599282,599288,1206735
962745,2075639,1207032
2075672,599948,1207040
2075672,2075688,1207040
2075672,2075692,1207040
2075672,2075701,1207040
2075672,2075707,1207040
2075672,2075709,1207040
962761,599928,1207052
2075846,2075848,1207092
2075847,600010,1207092
2075851,2075853,1207092
2075852,600006,1207092
600427,2076578,1207273
600597,600592,1207303
2076878,2076882,1207377
2076906,2076907,1207382
963214,601050,1207437
2077027,2077028,1207448
2077334,601406,1207581
2077334,601407,1207581
2077334,601408,1207581
2077334,601409,1207581
2077334,601410,1207581
2077334,601411,1207581
2077334,601412,1207581
2077334,601413,1207581
2077363,2077366,1207602
2077363,2077368,1207602
2077363,2077370,1207602
2077363,2077372,1207602
2077363,2077374,1207602
2077363,2077376,1207602
2077363,2077378,1207602
2077363,2077380,1207602
2077405,601534,1207645
2077405,601535,1207645
2077405,601536,1207645
2077405,601537,1207645
2077405,601538,1207645
2077405,601539,1207645
2077405,601540,1207645
2077405,601541,1207645
2077418,601554,1207650
2077418,601555,1207650
2077418,601556,1207650
2077418,601557,1207650
2077418,601558,1207650
2077418,601559,1207650
2077418,601560,1207650
2077418,601561,1207650
2077481,2077535,1207678
2077481,2077536,1207678
2077481,2077537,1207678
2077481,2077538,1207678
2077481,2077539,1207678
2077481,2077540,1207678
2077481,2077541,1207678
2077481,2077542,1207678
601717,2077568,1207694
601717,2077570,1207694
601717,2077572,1207694
601717,2077574,1207694
601718,2077597,1207694
601718,2077599,1207694
601718,2077601,1207694
601718,2077602,1207694
601718,2077603,1207694
601718,2077605,1207694
601718,2077606,1207694
601718,2077616,1207694
601784,601793,1207716
601784,601798,1207716
601784,601799,1207716
601784,601807,1207716
601784,601812,1207716
601784,2077716,1207716
601784,2077717,1207716
601784,2077719,1207716
601784,2077720,1207716
601784,2077721,1207716
601784,2077723,1207716
601784,2077737,1207716
601784,2077738,1207716
601786,601829,1207716
601786,2077709,1207716
601786,2077710,1207716
601786,2077712,1207716
601788,601794,1207716
601788,601800,1207716
601788,601809,1207716
601788,601826,1207716
601788,601831,1207716
601788,601834,1207716
601788,601850,1207716
601788,2077736,1207716
2077765,601822,1207726
601887,2077858,1207749
601887,2077859,1207749
601887,2077861,1207749
2077883,2077886,1207766
601986,601995,1207785
601986,2077985,1207785
2078039,2078041,1207818
2078039,2078044,1207818
2078050,602025,1207830
2078050,602027,1207830
2078050,602032,1207830
2078050,602041,1207830
2078178,2078182,1207905
2078178,2078186,1207905
2078178,2078189,1207905
2078233,2078234,1207909
2078254,2078255,1207911
2078283,2078284,1207932
2078301,2078302,1207945
2078338,2078341,1207961
2078420,2078421,1207975
2078424,2078425,1207975
2078453,2078454,1208002
602371,602400,1208005
2078619,602460,1208039
2078620,2078621,1208039
2078628,2078631,1208041
2078633,2078635,1208041
2078637,2078638,1208041
2078648,2078651,1208043
2078653,2078655,1208043
2078657,2078658,1208043
2078700,2078702,1208049
2078701,602482,1208049
2079045,2079050,1208129
2079045,2079054,1208129
2079045,2079060,1208129
2079045,2079064,1208129
2079045,2079070,1208129
2079045,2079074,1208129
2079045,2079080,1208129
2079045,2079084,1208129
2079045,2079090,1208129
2079045,2079095,1208129
2079045,2079101,1208129
2079045,2079105,1208129
2079045,2079111,1208129
2079045,2079115,1208129
2079136,602670,1208135
2079191,2079193,1208139
2079191,2079197,1208139
2079191,2079200,1208139
2079191,2079202,1208139
2079191,2079204,1208139
2079191,2079206,1208139
2079191,2079209,1208139
2079191,2079212,1208139
2079191,2079214,1208139
2080675,2080678,1208367
2080675,2080682,1208367
2080675,2080684,1208367
2080675,2080688,1208367
2080675,2080690,1208367
2080675,2080694,1208367
2080675,2080698,1208367
2080675,2080700,1208367
2080675,2080704,1208367
2080675,2080708,1208367
2080675,2080713,1208367
2080675,2080715,1208367
2080675,2080722,1208367
2080675,2080727,1208367
2080675,2080731,1208367
2080675,2080735,1208367
2080675,2080737,1208367
2080675,2080741,1208367
2080675,2080745,1208367
2080675,2080749,1208367
2080675,2080753,1208367
2080675,2080757,1208367
2080675,2080759,1208367
2080675,2080763,1208367
2080675,2080767,1208367
2080675,2080771,1208367
2080675,2080775,1208367
2080675,2080779,1208367
2080675,2080783,1208367
2080675,2080785,1208367
2080675,2080789,1208367
2080675,2080793,1208367
2080675,2080797,1208367
2080675,2080801,1208367
2080675,2080806,1208367
2080675,2080813,1208367
2080675,2080821,1208367
2080675,2080823,1208367
2080675,2080828,1208367
2080675,2080832,1208367
2080675,2080836,1208367
2080675,2080843,1208367
2080675,2080847,1208367
2080675,2080854,1208367
2080675,2080859,1208367
2080675,2080863,1208367
2080675,2080865,1208367
2080675,2080869,1208367
2080675,2080873,1208367
2080675,2080877,1208367
2080675,2080882,1208367
2080675,2080886,1208367
2080675,2080890,1208367
2080675,2080894,1208367
2080675,2080898,1208367
2080675,2080902,1208367
2080675,2080904,1208367
2080675,2080908,1208367
2080675,2080912,1208367
2080675,2080916,1208367
2080675,2080920,1208367
2080675,2080924,1208367
2080675,2080928,1208367
2080675,2080932,1208367
2080675,2080936,1208367
2080675,2080938,1208367
2080675,2080942,1208367
2080675,2080946,1208367
2080675,2080950,1208367
2080675,2080954,1208367
2080675,2080959,1208367
2080675,2080963,1208367
2080675,2080967,1208367
2080675,2080969,1208367
2080675,2080973,1208367
2080675,2080977,1208367
2080675,2080981,1208367
2080675,2080985,1208367
2080675,2080989,1208367
2080675,2080994,1208367
2080675,2080996,1208367
2080675,2081000,1208367
2080675,2081004,1208367
2080675,2081008,1208367
2080675,2081013,1208367
2080675,2081017,1208367
2080675,2081019,1208367
2080675,2081023,1208367
2080675,2081027,1208367
2080675,2081031,1208367
2080675,2081036,1208367
2080675,2081038,1208367
2080675,2081042,1208367
2080675,2081046,1208367
2080675,2081050,1208367
2080675,2081052,1208367
2080675,2081056,1208367
2080675,2081060,1208367
2080675,2081062,1208367
2080675,2081066,1208367
2080676,2080677,1208367
2080676,2080680,1208367
2080676,2080683,1208367
2080676,2080687,1208367
2080676,2080689,1208367
2080676,2080693,1208367
2080676,2080697,1208367
2080676,2080699,1208367
2080676,2080703,1208367
2080676,2080707,1208367
2080676,2080711,1208367
2080676,2080714,1208367
2080676,2080720,1208367
2080676,2080726,1208367
2080676,2080730,1208367
2080676,2080734,1208367
2080676,2080736,1208367
2080676,2080740,1208367
2080676,2080744,1208367
2080676,2080748,1208367
2080676,2080752,1208367
2080676,2080756,1208367
2080676,2080758,1208367
2080676,2080762,1208367
2080676,2080766,1208367
2080676,2080770,1208367
2080676,2080774,1208367
2080676,2080778,1208367
2080676,2080782,1208367
2080676,2080784,1208367
2080676,2080788,1208367
2080676,2080792,1208367
2080676,2080796,1208367
2080676,2080800,1208367
2080676,2080805,1208367
2080676,2080812,1208367
2080676,2080820,1208367
2080676,2080822,1208367
2080676,2080826,1208367
2080676,2080831,1208367
2080676,2080835,1208367
2080676,2080841,1208367
2080676,2080846,1208367
2080676,2080852,1208367
2080676,2080858,1208367
2080676,2080862,1208367
2080676,2080864,1208367
2080676,2080868,1208367
2080676,2080872,1208367
2080676,2080876,1208367
2080676,2080881,1208367
2080676,2080885,1208367
2080676,2080889,1208367
2080676,2080893,1208367
2080676,2080897,1208367
2080676,2080901,1208367
2080676,2080903,1208367
2080676,2080907,1208367
2080676,2080911,1208367
2080676,2080915,1208367
2080676,2080919,1208367
2080676,2080923,1208367
2080676,2080927,1208367
2080676,2080931,1208367
2080676,2080935,1208367
2080676,2080937,1208367
2080676,2080941,1208367
2080676,2080945,1208367
2080676,2080949,1208367
2080676,2080953,1208367
2080676,2080958,1208367
2080676,2080962,1208367
2080676,2080966,1208367
2080676,2080968,1208367
2080676,2080972,1208367
2080676,2080976,1208367
2080676,2080980,1208367
2080676,2080984,1208367
2080676,2080988,1208367
2080676,2080993,1208367
2080676,2080995,1208367
2080676,2080999,1208367
2080676,2081003,1208367
2080676,2081007,1208367
2080676,2081011,1208367
2080676,2081016,1208367
2080676,2081018,1208367
2080676,2081022,1208367
2080676,2081026,1208367
2080676,2081030,1208367
2080676,2081035,1208367
2080676,2081037,1208367
2080676,2081041,1208367
2080676,2081045,1208367
2080676,2081049,1208367
2080676,2081051,1208367
2080676,2081055,1208367
2080676,2081059,1208367
2080676,2081061,1208367
2080676,2081065,1208367
603490,603491,1208390
603490,603492,1208390
603490,603493,1208390
603490,603494,1208390
603490,603495,1208390
603490,603496,1208390
603490,603497,1208390
603490,603498,1208390
603490,603499,1208390
603490,603500,1208390
2081087,603530,1208392
2081105,2081106,1208394
2081105,2081107,1208394
2081105,2081108,1208394
2081105,2081109,1208394
2081105,2081111,1208394
2081105,2081112,1208394
2081105,2081114,1208394
2081105,2081115,1208394
2081105,2081118,1208394
2081105,2081119,1208394
2081105,2081120,1208394
2081105,2081121,1208394
2081105,2081125,1208394
2081105,2081126,1208394
2081105,2081127,1208394
2081105,2081128,1208394
2081105,2081132,1208394
2081105,2081133,1208394
2081105,2081136,1208394
2081105,2081137,1208394
2081105,2081138,1208394
2081105,2081139,1208394
2081105,2081142,1208394
2081105,2081143,1208394
2081105,2081147,1208394
2081105,2081148,1208394
2081105,2081149,1208394
2081105,2081150,1208394
2081105,2081153,1208394
2081105,2081154,1208394
2081105,2081158,1208394
2081105,2081159,1208394
2081105,2081162,1208394
2081105,2081163,1208394
2081105,2081164,1208394
2081105,2081165,1208394
2081105,2081168,1208394
2081105,2081169,1208394
2081105,2081172,1208394
2081105,2081173,1208394
2081105,2081177,1208394
2081105,2081178,1208394
2081105,2081179,1208394
2081105,2081180,1208394
2081105,2081183,1208394
2081105,2081184,1208394
2081105,2081187,1208394
2081105,2081188,1208394
2081105,2081192,1208394
2081105,2081193,1208394
2081105,2081196,1208394
2081105,2081197,1208394
2081105,2081198,1208394
2081105,2081199,1208394
2081105,2081202,1208394
2081105,2081203,1208394
2081105,2081206,1208394
2081105,2081207,1208394
2081105,2081210,1208394
2081105,2081211,1208394
2081105,2081215,1208394
2081105,2081216,1208394
2081105,2081217,1208394
2081105,2081218,1208394
2081105,2081221,1208394
2081105,2081222,1208394
2081105,2081225,1208394
2081105,2081226,1208394
2081105,2081230,1208394
2081105,2081231,1208394
2081105,2081234,1208394
2081105,2081235,1208394
2081105,2081236,1208394
2081105,2081237,1208394
2081105,2081240,1208394
2081105,2081241,1208394
2081105,2081244,1208394
2081105,2081245,1208394
2081105,2081249,1208394
2081105,2081250,1208394
2081105,2081251,1208394
2081105,2081252,1208394
2081105,2081255,1208394
2081105,2081256,1208394
2081105,2081260,1208394
2081105,2081261,1208394
2081105,2081264,1208394
2081105,2081265,1208394
2081105,2081266,1208394
2081105,2081267,1208394
2081105,2081270,1208394
2081105,2081271,1208394
2081105,2081275,1208394
2081105,2081276,1208394
2081105,2081277,1208394
2081105,2081278,1208394
2081105,2081282,1208394
2081105,2081283,1208394
2081105,2081286,1208394
2081105,2081287,1208394
2081105,2081288,1208394
2081105,2081289,1208394
2081105,2081293,1208394
2081105,2081294,1208394
2081105,2081296,1208394
2081105,2081297,1208394
2081105,2081300,1208394
2081105,2081301,1208394
2081105,2081303,1208394
2081105,2081304,1208394
603806,2081584,1208491
2081573,2081606,1208491
2081576,603815,1208491
2081578,603820,1208491
2081579,2081580,1208491
2081614,2081595,1208491
603952,2081974,1208523
603952,2081976,1208523
603952,2081979,1208523
603952,2081982,1208523
603952,2081985,1208523
2081691,2081698,1208532
2081694,2081695,1208532
2081970,2081971,1208573
2081994,2081995,1208575
2082024,603920,1208578
2082024,2082028,1208578
2082065,2082067,1208580
2082072,2082080,1208580
2082088,2082089,1208580
2082094,2082097,1208580
2082099,2082100,1208580
2082103,2082104,1208580
2082106,2082107,1208580
2082109,2082110,1208580
2082112,2082113,1208580
2082117,2082118,1208580
2082144,603962,1208584
2082151,603977,1208586
2082171,2082172,1208593
2082175,2082176,1208593
2082176,2082177,1208593
2082178,2082179,1208593
2082180,2082181,1208593
2082182,2082183,1208593
2082184,2082185,1208593
2082187,2082188,1208593
2082189,2082190,1208593
2082191,2082192,1208593
2082193,2082194,1208593
2082195,2082196,1208593
2082198,2082199,1208593
2082201,604002,1208593
2082207,2082208,1208593
2082208,2082209,1208593
604263,2082466,1208654
604263,2082469,1208654
604263,2082472,1208654
604263,2082475,1208654
604263,2082478,1208654
964580,604234,1208733
964580,604239,1208733
964580,604241,1208733
964580,604248,1208733
964580,604250,1208733
964580,604269,1208733
964580,604436,1208733
964580,2082585,1208733
964580,2082586,1208733
964580,2082588,1208733
964580,2082590,1208733
964580,2082600,1208733
964580,2082609,1208733
964580,2082628,1208733
964580,2082633,1208733
2082682,2082683,1208741
2082689,2082690,1208743
2083116,604620,1208820
2083117,2083118,1208820
2083119,2083120,1208820
2083122,2083123,1208820
2083125,2083126,1208820
2083127,2083128,1208820
2083130,2083131,1208820
2083132,2083134,1208820
2083135,2083136,1208820
2083137,2083139,1208820
2083140,2083141,1208820
2083143,2083145,1208820
2083146,2083147,1208820
2083148,2083149,1208820
2083153,2083155,1208820
2083156,2083157,1208820
2083162,2083163,1208820
2083164,2083165,1208820
2083168,2083169,1208820
2083171,2083172,1208820
2083174,2083176,1208820
2083179,2083180,1208820
2083185,2083186,1208820
2083187,2083188,1208820
2083190,2083192,1208820
2083193,2083194,1208820
2083197,2083198,1208820
2083199,2083200,1208820
2083202,2083203,1208820
2083207,2083208,1208820
2083211,2083212,1208820
2083216,2083217,1208820
2083220,2083150,1208820
2083220,2083158,1208820
2083220,2083170,1208820
2083220,2083204,1208820
2083220,2083213,1208820
2083220,2083226,1208820
2083222,2083223,1208820
2083228,2083229,1208820
2083233,2083234,1208820
2083379,2083380,1208857
2083379,2083382,1208857
2083379,2083384,1208857
2083379,2083388,1208857
2083379,2083391,1208857
2083379,2083393,1208857
2083421,2083422,1208866
2083421,2083423,1208866
2083421,2083424,1208866
2083421,2083425,1208866
2083421,2083427,1208866
2083421,2083428,1208866
2083456,2083457,1208882
2083459,2083460,1208882
2083461,2083462,1208882
2083463,2083464,1208882
2083468,2083469,1208882
2083471,2083472,1208882
2085192,2085193,1209036
2085192,2085195,1209036
2085439,2085441,1209085
2085442,2085497,1209085
605388,2085562,1209108
605388,2085563,1209108
605388,2085575,1209108
605388,2085576,1209108
605388,2085585,1209108
605388,2085586,1209108
605388,2085594,1209108
605388,2085595,1209108
605388,2085601,1209108
605388,2085606,1209108
605388,2085611,1209108
605388,2085615,1209108
605388,2085619,1209108
605388,2085623,1209108
965168,2085750,1209127
965176,2085758,1209129
965184,2085771,1209134
605461,2085827,1209140
605461,2085832,1209140
605461,2085835,1209140
605461,2085838,1209140
605461,2085841,1209140
605461,2085843,1209140
605461,2085845,1209140
605461,2085847,1209140
605461,2085876,1209140
605461,2085878,1209140
605461,2085894,1209140
605461,2085896,1209140
605461,2085913,1209140
605461,2085928,1209140
965201,2085792,1209150
965204,2085805,1209156
2085970,605474,1209162
2086038,2086039,1209179
2086038,2086040,1209179
2086038,2086050,1209179
2086038,2086051,1209179
2086038,2086058,1209179
2086038,2086059,1209179
2086038,2086065,1209179
2086038,2086066,1209179
2086038,2086070,1209179
2086038,2086075,1209179
2086038,2086080,1209179
2086038,2086083,1209179
2086038,2086087,1209179
2086038,2086090,1209179
2086038,2086093,1209179
2086038,2086095,1209179
2085999,605514,1209189
2086230,605547,1209209
2086243,605556,1209212
2086279,2086302,1209225
2086279,2086309,1209225
2086279,2086314,1209225
2086279,2086318,1209225
2086279,2086322,1209225
2086279,2086325,1209225
2086279,2086328,1209225
2086279,2086331,1209225
2086279,2086334,1209225
2086279,2086336,1209225
2086279,2086364,1209225
2086279,2086366,1209225
2086279,2086382,1209225
2086279,2086384,1209225
2086279,2086399,1209225
2086279,2086413,1209225
2086473,605589,1209243
2086495,2086497,1209245
605729,2086741,1209271
605729,2086742,1209271
605729,2086765,1209271
605729,2086766,1209271
605729,2086772,1209271
605729,2086777,1209271
605729,2086781,1209271
605729,2086788,1209271
605729,2086790,1209271
605729,2086792,1209271
605729,2086794,1209271
605729,2086849,1209271
605729,2086851,1209271
605729,2086884,1209271
605922,2087043,1209312
605922,2087050,1209312
605922,2087053,1209312
605922,2087055,1209312
605922,2087079,1209312
605922,2087093,1209312
2087491,2087492,1209400
2087511,2087512,1209404
606717,2088032,1209604
606758,2088074,1209613
606758,2088075,1209613
606758,2088076,1209613
965715,2088123,1209631
607154,607161,1209646
607154,2088408,1209646
607154,2088409,1209646
607199,2088413,1209646
607199,2088414,1209646
607215,2088415,1209646
965946,607341,1209780
2088989,2088990,1209893
2089001,2089002,1209895
608002,2089290,1209984
2089373,608112,1209999
2089374,608109,1209999
2089376,608106,1209999
2089377,608107,1209999
2089379,608123,1209999
2089380,608120,1209999
2089381,608115,1209999
2089382,608116,1209999
2089383,608140,1209999
2089384,608137,1209999
2089385,608130,1209999
2089386,608133,1209999
2089387,608151,1209999
2089388,608148,1209999
2089389,608145,1209999
2089390,608146,1209999
2089408,608064,1209999
2089409,608065,1209999
2089411,608071,1209999
2089412,608072,1209999
2089413,608078,1209999
2089414,608079,1209999
2089417,608083,1209999
2089418,608084,1209999
2089830,2089831,1210086
2089836,2089837,1210088
2089843,2089844,1210090
2089866,2089867,1210094
2089871,2089872,1210094
608385,2089900,1210096
2089886,2089901,1210096
2089888,2089889,1210096
2089893,2089894,1210096
2089898,2089899,1210096
2090075,2090076,1210138
2090079,2090080,1210138
2090081,2090082,1210138
2090085,2090086,1210138
609151,2090613,1210300
609151,2090614,1210300
609151,2090616,1210300
609151,2090617,1210300
609151,2090619,1210300
609151,2090620,1210300
609151,2090622,1210300
609151,2090623,1210300
609151,2090626,1210300
609151,2090627,1210300
609151,2090629,1210300
609151,2090630,1210300
609151,2090632,1210300
609151,2090634,1210300
609151,2090636,1210300
609151,2090639,1210300
609151,2090658,1210300
609151,2090659,1210300
609151,2090660,1210300
609151,2090666,1210300
609161,609156,1210300
609161,609157,1210300
609161,609171,1210300
609161,609172,1210300
609161,609178,1210300
609161,609179,1210300
609161,2090641,1210300
609161,2090642,1210300
609161,2090643,1210300
609161,2090644,1210300
609161,2090645,1210300
609161,2090646,1210300
609161,2090647,1210300
609161,2090648,1210300
609161,2090650,1210300
609161,2090651,1210300
609161,2090652,1210300
609161,2090653,1210300
609161,2090654,1210300
609161,2090655,1210300
609161,2090656,1210300
609161,2090657,1210300
609186,609192,1210324
609186,609193,1210324
609186,609200,1210324
609186,609201,1210324
609186,609202,1210324
609186,609203,1210324
609186,2090715,1210324
609186,2090716,1210324
609186,2090718,1210324
609186,2090720,1210324
609186,2090725,1210324
609186,2090726,1210324
609186,2090728,1210324
609186,2090729,1210324
609274,609286,1210334
609274,609287,1210334
609274,2090753,1210334
609274,2090754,1210334
2090916,2090918,1210402
2090953,2090955,1210410
2090977,609482,1210413
2090977,609483,1210413
2091070,2091071,1210426
2091072,2091073,1210426
2091084,2091085,1210428
2091086,2091087,1210428
2091356,2091360,1210499
966977,2091570,1210535
2092254,2092255,1210655
2092269,2092270,1210657
967445,2092802,1210762
967502,611015,1210775
967625,611253,1210800
2093315,2093316,1210817
2093227,2093235,1210872
2093227,2093237,1210872
2093227,2093240,1210872
2093227,2093242,1210872
2093231,2093274,1210872
2093233,2093252,1210872
2093233,2093287,1210872
967924,611833,1210909
967924,612034,1210909
968088,612160,1210909
968088,612173,1210909
2093482,2093468,1210909
2093482,2093469,1210909
2093482,2093470,1210909
2093482,2093471,1210909
2093697,2093699,1210915
2093480,2093481,1210921
2094169,2094170,1211021
2094169,2094172,1211021
2094180,2094181,1211027
2094186,2094189,1211029
2094186,2094191,1211029
2094199,2094200,1211031
2094199,2094203,1211031
2094217,2094219,1211034
2094217,2094222,1211034
2094230,612358,1211037
2094230,2094234,1211037
2094232,2094236,1211037
2094259,2094260,1211044
2094259,2094266,1211044
2094281,2094282,1211046
2094281,2094286,1211046
2094317,612432,1211049
2094317,2094320,1211049
2094346,612444,1211051
2094346,612445,1211051
2094534,2094541,1211060
2094544,2094545,1211060
2094553,2094564,1211060
2094587,612560,1211069
2094587,612572,1211069
2094620,2094621,1211075
2094650,2094651,1211077
2094653,2094654,1211077
2094660,2094662,1211081
2094711,2094712,1211086
2094714,2094715,1211086
2094749,612622,1211092
2094749,612632,1211092
2094807,2094808,1211094
2094813,2094814,1211094
2094778,612644,1211101
2094778,612660,1211101
2094876,2094877,1211113
2094876,2094880,1211113
968442,612699,1211117
2094923,2094924,1211119
2094926,2094927,1211119
968457,612731,1211131
2094990,2095005,1211133
2095003,2095004,1211133
2095033,612746,1211140
2095063,2095068,1211151
612837,2095147,1211163
2095144,2095145,1211163
2095150,2095151,1211163
612867,2095252,1211178
2095245,2095246,1211178
612892,2095343,1211189
612892,2095351,1211189
2095340,2095341,1211189
2095346,2095347,1211189
968556,2095425,1211204
2095550,613008,1211238
2095596,613010,1211240
968669,2095940,1211274
2095941,2095942,1211274
2095943,613496,1211274
2095944,613498,1211274
2095946,613490,1211274
2095948,613492,1211274
2095949,2095950,1211274
2095951,613479,1211274
2095952,613481,1211274
2096094,2096096,1211286
613585,2096119,1211288
613585,2096127,1211288
613585,2096130,1211288
613585,2096131,1211288
613585,2096135,1211288
2096123,2096160,1211288
2096124,2096182,1211288
2096128,2096179,1211288
2096136,2096137,1211288
2096137,2096173,1211288
2096138,2096158,1211288
2096139,2096140,1211288
2096142,2096174,1211288
2096143,2096144,1211288
2096145,2096146,1211288
2096148,2096149,1211288
2096150,2096151,1211288
2096152,2096153,1211288
2096207,613560,1211304
2096273,613631,1211329
2096295,2096296,1211347
2096297,2096299,1211347
2096301,2096303,1211347
2096305,2096306,1211347
2096412,2096413,1211368
2096412,2096417,1211368
2096415,2096433,1211368
2096418,2096419,1211368
2096419,2096441,1211368
2096420,2096431,1211368
2096421,2096422,1211368
2096424,2096442,1211368
2096425,2096426,1211368
2096536,2096537,1211400
2096536,2096545,1211400
2096539,2096540,1211400
2096542,2096543,1211400
2096663,2096743,1211402
2096668,2096736,1211402
2096679,613925,1211402
2096680,2096731,1211402
2096683,2096684,1211402
2096687,2096688,1211402
2096691,2096722,1211402
2096714,2096715,1211402
2096725,2096726,1211402
2096729,2096706,1211402
2096729,2096709,1211402
2096730,2096801,1211402
2096730,2096804,1211402
2096743,2096665,1211402
2096760,2096666,1211402
2096786,2096788,1211402
2097107,2097108,1211466
2097116,2097117,1211466
2097214,2097218,1211554
2097214,2097219,1211554
969136,614209,1211562
2097293,2097294,1211562
2097505,2097517,1211626
2097505,2097540,1211626
2097505,2097544,1211626
2097505,2097557,1211626
2097505,2097566,1211626
2097509,2097510,1211626
2097511,2097513,1211626
2097517,2097518,1211626
2097519,2097520,1211626
2097521,2097523,1211626
2097525,2097527,1211626
2097532,2097533,1211626
2097533,2097534,1211626
2097536,2097538,1211626
2097538,2097539,1211626
2097540,2097541,1211626
2097542,614427,1211626
2097543,614428,1211626
2097546,2097547,1211626
2097548,2097549,1211626
2097549,2097550,1211626
2097551,2097552,1211626
2097552,2097553,1211626
2097642,2097660,1211646
2097642,2097664,1211646
2097642,2097668,1211646
2097642,2097671,1211646
2097646,2097647,1211646
2097646,2097649,1211646
2097646,2097653,1211646
614458,2097731,1211657
614458,2097735,1211657
2097722,2097733,1211657
2097722,2097750,1211657
2097722,2097754,1211657
2097722,2097760,1211657
2097766,2097769,1211657
2097831,2097843,1211666
2097831,2097844,1211666
2097831,2097859,1211666
2097835,2097836,1211666
2097836,2097837,1211666
2097842,2097845,1211666
2097855,614498,1211666
2097938,2097946,1211675
2098087,2098092,1211685
2098087,2098095,1211685
2098087,2098096,1211685
2098088,2098094,1211685
2098131,2098132,1211696
614750,2098217,1211707
969394,2098235,1211707
2098388,614834,1211759
2098505,614882,1211786
2098674,2098675,1211838
2098901,2098902,1211844
2098909,2098910,1211844
2098912,2098913,1211844
2098914,2098915,1211844
2098944,2098945,1211844
2098948,2098949,1211844
2098950,2098951,1211844
2098970,2098998,1211844
2098972,2098997,1211844
2098976,2098977,1211844
2099398,2099399,1211875
2099423,2099424,1211877
2099758,2099760,1211904
2100360,615980,1211985
970176,2100949,1212148
970179,2100951,1212148
616582,2101369,1212305
2101325,2101334,1212305
970405,2101591,1212389
970424,2101625,1212401
2102149,617104,1212562
2102232,2102233,1212606
2104276,2104279,1212702
2104469,2104471,1212712
2104734,2104737,1212723
2104958,2104960,1212743
2105040,2105041,1212748
2105048,2105049,1212752
2105066,2105069,1212754
2105107,2105108,1212760
2105115,2105117,1212764
2105127,2105128,1212769
2105144,2105146,1212776
2105159,2105160,1212778
2105170,2105171,1212780
2105185,2105186,1212786
2105213,2105216,1212797
2105240,2105242,1212806
2105267,2105268,1212814
2105289,2105290,1212817
2105409,2105410,1212822
2105318,2105319,1212825
2105320,2105322,1212825
2105345,2105346,1212829
2105374,2105375,1212836
2105390,2105391,1212838
2105404,2105405,1212847
2105459,2105460,1212849
2105474,2105476,1212851
2105491,2105492,1212855
2105498,2105502,1212857
2105500,2105501,1212857
2105511,2105512,1212859
2105522,2105523,1212861
971062,2105625,1212876
2105645,617984,1212898
2105649,617975,1212898
2105788,2105790,1212923
2105816,2105817,1212925
2105819,618044,1212925
2105828,2105829,1212927
2105830,618059,1212927
2105839,618082,1212934
2105840,618083,1212934
2105841,2105842,1212934
2105873,618101,1212937
2105874,618102,1212937
2105875,2105876,1212937
2105889,2105890,1212940
2105892,618116,1212940
2105894,2105895,1212940
2105911,2105912,1212944
2105914,2105915,1212944
971180,2106071,1212972
971184,2106082,1212974
618922,618939,1213144
618922,618940,1213144
618922,2106774,1213144
618922,2106775,1213144
618922,2106776,1213144
618922,2106777,1213144
618922,2106778,1213144
618922,2106780,1213144
618922,2106784,1213144
618922,2106785,1213144
618922,2106786,1213144
618922,2106787,1213144
971346,619048,1213185
971351,619055,1213192
971365,619063,1213198
2107115,2107124,1213222
2107301,2107307,1213261
2107567,619423,1213344
2107568,619424,1213344
971661,619790,1213410
971746,2108028,1213426
971746,2108030,1213426
971901,2108504,1213580
971903,2108507,1213580
2108793,2108797,1213635
2108793,2108799,1213635
2108793,2108802,1213635
2108789,2108790,1213652
2108790,2108791,1213652
2108841,2108842,1213656
2108842,2108843,1213656
2108858,2108859,1213662
2108859,2108860,1213662
620808,620813,1213790
621075,2109946,1213798
621163,2109955,1213798
620920,620930,1213828
2109948,2109964,1213893
2109954,2109966,1213893
621166,621149,1213959
621166,621152,1213959
621166,2110101,1213959
621166,2110109,1213959
2110087,2110099,1213959
2110092,2110100,1213959
621230,621223,1213988
621230,621225,1213988
621230,2110170,1213988
621230,2110181,1213988
2110155,2110168,1213988
2110161,2110169,1213988
2110269,2110276,1214013
2110271,2110277,1214013
2110324,621278,1214035
2110372,621349,1214040
621601,2110508,1214068
621601,2110546,1214068
2110490,2110488,1214068
2110490,2110550,1214068
2110491,2110516,1214068
2110510,2110511,1214068
2110513,2110514,1214068
972538,621521,1214094
2110712,2110715,1214130
2110712,2110718,1214130
2110712,2110725,1214130
2110887,621711,1214197
2110918,2110923,1214239
2110919,2110920,1214239
2110923,2110924,1214239
2110927,2110928,1214239
2111506,2111507,1214435
2111603,2111604,1214453
622492,622483,1214486
622492,622484,1214486
622492,2111780,1214486
622492,2111781,1214486
622492,2111782,1214486
622492,2111784,1214486
972999,622509,1214486
972999,2111788,1214486
972999,2111803,1214486
972999,2111804,1214486
2111914,2111920,1214539
2111915,2111916,1214539
2112038,2112018,1214554
2112038,2112019,1214554
2112038,2112020,1214554
2112038,2112021,1214554
2112076,2112017,1214554
2112076,2112039,1214554
2112076,2112040,1214554
2112076,2112041,1214554
2112076,2112042,1214554
2112086,2112009,1214554
2112086,2112010,1214554
2112086,2112011,1214554
2112086,2112012,1214554
2112086,2112013,1214554
2112086,2112014,1214554
2112086,2112015,1214554
2112086,2112016,1214554
2112086,2112043,1214554
2112093,2112001,1214554
2112093,2112002,1214554
2112093,2112003,1214554
2112093,2112004,1214554
2112093,2112005,1214554
2112093,2112006,1214554
2112093,2112007,1214554
2112093,2112008,1214554
2112093,2112044,1214554
2112210,2112211,1214582
2112211,623095,1214582
2112212,2112213,1214582
2112213,623096,1214582
623528,2112774,1214746
623528,2112777,1214746
2112771,623529,1214746
2112771,2112772,1214746
2112771,2112773,1214746
2112771,2112776,1214746
623539,2112784,1214749
623539,2112786,1214749
2112803,623555,1214754
623550,2112812,1214758
2112809,623551,1214758
2112809,2112810,1214758
2112809,2112811,1214758
623563,2112816,1214761
973770,624267,1214980
2113815,624334,1214993
2114112,2114113,1215070
2114114,2114115,1215070
2114129,2114130,1215075
2114131,2114132,1215075
2114316,2114326,1215116
2114319,2114321,1215116
2114394,2114399,1215130
2114395,2114396,1215130
2114402,2114407,1215130
2114403,2114404,1215130
2114407,2114408,1215130
2114413,2114414,1215130
2114438,624821,1215135
2114439,2114440,1215135
2114441,2114442,1215135
2114538,624927,1215147
2114539,2114540,1215147
2114540,624903,1215147
2114600,2114601,1215159
2114604,2114606,1215159
974177,2114617,1215161
625299,625313,1215272
625299,2114839,1215272
974344,2114840,1215272
974344,2114864,1215272
974344,2114866,1215272
974344,2114868,1215272
974344,2114871,1215272
974344,2114874,1215272
2114867,2114869,1215279
2114867,2114872,1215279
2114867,2114875,1215279
2114867,2114877,1215279
625491,2115089,1215292
625491,2115095,1215292
625491,2115097,1215292
974443,2115123,1215292
974443,2115198,1215292
974465,2115288,1215292
974465,2115291,1215292
2115149,2115108,1215292
2115149,2115151,1215292
2115301,2115057,1215292
2115301,2115059,1215292
2115376,2115378,1215313
974535,2115569,1215346
974544,2115572,1215346
2115570,2115571,1215346
625833,2115802,1215363
625833,2115859,1215363
625833,2115944,1215363
625833,2115949,1215363
625833,2115951,1215363
625833,2115961,1215363
625833,2115967,1215363
625833,2115969,1215363
625833,2115973,1215363
625833,2115978,1215363
625833,2116003,1215363
625866,2115906,1215363
625866,2115915,1215363
625866,2115921,1215363
625866,2115927,1215363
974709,2115964,1215363
974751,2115863,1215363
974751,2115873,1215363
974751,2115879,1215363
974751,2115883,1215363
974751,2115891,1215363
2116005,2115809,1215363
2116005,2115819,1215363
2116005,2115825,1215363
2116005,2115831,1215363
2116005,2115840,1215363
974821,2116477,1215469
974829,2116466,1215469
2116443,2116445,1215469
2116443,2116461,1215469
2116443,2116471,1215469
2116488,2116451,1215469
974860,2116607,1215529
974860,2116642,1215529
974860,2116643,1215529
974860,2116644,1215529
974860,2116645,1215529
974860,2116646,1215529
974864,2116606,1215529
974926,626241,1215602
974926,2116837,1215602
974941,626247,1215602
974941,2116852,1215602
2116910,2116919,1215642
2116911,2116920,1215642
2116914,2116921,1215642
2116976,626330,1215657
2116978,626356,1215657
2116979,626366,1215657
2117041,2117042,1215679
2117044,2117045,1215679
2117057,2117058,1215679
2117060,2117061,1215679
2117093,2117094,1215690
2117106,2117107,1215690
975102,2117128,1215694
975105,2117127,1215694
626445,2117197,1215716
2117302,2117304,1215765
2117302,2117305,1215765
626539,2117329,1215769
626539,2117330,1215769
626539,2117331,1215769
626539,2117332,1215769
626539,2117337,1215769
626540,2117333,1215769
626540,2117334,1215769
626585,2117413,1215786
626585,2117418,1215786
626585,2117419,1215786
626585,2117422,1215786
626586,2117414,1215786
626586,2117423,1215786
626694,2117569,1215861
626694,2117572,1215861
2117835,2117836,1215913
626921,626935,1215932
626921,626940,1215932
2117964,626972,1215938
2117964,2118005,1215938
2118024,627027,1215944
2118042,2118043,1215948
2118126,2118127,1215981
2118186,2118213,1216014
2118203,2118205,1216014
2118617,627477,1216126
2118609,2118611,1216131
2118609,2118622,1216131
2118699,2118709,1216154
2118711,2118712,1216154
2118714,627514,1216154
627662,2118934,1216192
627662,2118949,1216192
627680,2118978,1216192
627704,2118941,1216192
2118885,2118886,1216206
2118887,2118888,1216206
2119123,627806,1216218
2119125,2119127,1216218
2119165,2119166,1216243
2119174,2119178,1216243
2119289,2119263,1216261
2119345,2119346,1216296
2119349,2119350,1216296
2119462,2119434,1216312
2119709,2119711,1216375
2119798,2119799,1216383
2119801,2119802,1216383
2119932,2119934,1216441
2120058,2120060,1216479
2120082,2120083,1216485
2120082,2120088,1216485
2120900,2120910,1216665
2120903,2120911,1216665
976517,629558,1216855
2121548,629791,1216881
2121925,629894,1216958
630152,630124,1216983
630152,630129,1216983
630152,630136,1216983
630152,630145,1216983
630152,630147,1216983
630152,630160,1216983
630152,630161,1216983
630152,2122131,1216983
630152,2122136,1216983
630152,2122143,1216983
630152,2122146,1216983
630152,2122148,1216983
630166,2122138,1216983
630166,2122145,1216983
2122007,629967,1216994
630001,2122033,1217001
630001,2122034,1217001
630001,2122035,1217001
630001,2122036,1217001
630001,2122037,1217001
630001,2122038,1217001
630001,2122039,1217001
630001,2122041,1217001
2122102,630063,1217017
2122230,2122231,1217040
2122242,630228,1217042
630414,630342,1217045
630414,2122278,1217045
976844,630313,1217067
2122507,2122513,1217119
2122508,2122512,1217119
2122539,2122541,1217130
2122551,2122552,1217134
2122565,2122566,1217134
2122576,2122579,1217134
2122596,2122597,1217134
630910,2122807,1217151
630927,630868,1217151
630927,630875,1217151
630927,630876,1217151
630927,630890,1217151
630927,630895,1217151
630927,630900,1217151
630927,630907,1217151
630927,630921,1217151
630927,630922,1217151
630927,2122804,1217151
630927,2122809,1217151
630927,2122882,1217151
2122766,2122843,1217151
630652,2122664,1217169
977107,2122723,1217179
2122955,2122958,1217210
2122995,2122998,1217226
2123120,2123122,1217265
2123120,2123127,1217265
631219,2123148,1217271
2123202,2123205,1217280
2123202,2123211,1217280
2123206,2123207,1217280
2123207,2123208,1217280
2123212,2123213,1217280
2123213,2123214,1217280
2123280,2123282,1217300
2123280,2123289,1217300
2123285,2123286,1217300
2123286,2123287,1217300
2123292,2123293,1217300
2123293,2123294,1217300
2123480,2123481,1217361
2123484,2123485,1217361
2123537,2123538,1217375
2123887,2123893,1217534
2123892,2123894,1217534
2124088,2124089,1217618
2124142,2124143,1217627
2124144,632100,1217627
2124252,2124268,1217652
2124294,2124324,1217658
2124296,2124297,1217658
2124298,2124299,1217658
2124309,2124317,1217658
2124645,632356,1217716
2124765,2124770,1217774
2124794,2124799,1217793
2124963,632689,1217814
2125369,2125370,1217938
632928,2125376,1217940
2125401,2125403,1217942
2125522,2125523,1217971
2125525,2125526,1217971
2125615,633215,1217982
633126,633138,1217986
633130,633165,1217986
2125689,2125690,1217990
2125776,2125777,1217998
2125781,2125790,1217998
2125845,2125846,1218014
2125849,2125850,1218014
2125861,2125862,1218020
2125865,2125866,1218020
2125875,2125876,1218022
2125879,2125880,1218022
2126259,2126250,1218151
2126259,2126252,1218151
2126304,633684,1218160
2126307,633678,1218160
633736,633732,1218170
633829,633820,1218212
2126677,2126684,1218241
2126683,633970,1218241
2126949,2126950,1218358
2126993,2126994,1218376
978705,2127293,1218427
978705,2127295,1218427
2127345,2127347,1218435
2127719,2127721,1218466
2127904,635427,1218474
2127940,2127944,1218483
2128065,2128066,1218495
2128067,2128068,1218495
2128081,2128082,1218495
2128085,635583,1218495
979055,2128215,1218506
2128972,2128973,1218647
2128974,2128975,1218647
2128988,2128989,1218652
2128990,2128991,1218652
2129002,2129003,1218656
979521,2129138,1218682
2129151,2129156,1218682
2129299,636845,1218693
636938,636967,1218706
636938,636988,1218706
2129636,637084,1218740
2129636,2129639,1218740
637561,2130311,1218884
637561,2130333,1218884
637561,2130364,1218884
2130342,2130343,1218884
2130345,2130346,1218884
2130351,2130403,1218884
2130352,2130404,1218884
2130353,2130405,1218884
2130354,2130406,1218884
979950,637622,1218911
2130761,2130762,1218990
2131127,2131138,1219059
2131127,2131149,1219059
2131127,2131150,1219059
2131151,637984,1219059
2131151,2131161,1219059
2131663,2131665,1219219
2131837,2131840,1219245
2131927,638536,1219251
2132259,2132260,1219310
2132282,638836,1219312
2132494,639196,1219381
2132745,2132747,1219454
2132745,2132749,1219454
2132785,639402,1219461
2132874,2132875,1219470
2132901,2132902,1219472
2132921,2132922,1219474
2132924,2132925,1219474
2132948,2132949,1219477
2132970,2132974,1219487
2132997,2132998,1219492
2133004,2133012,1219492
2133230,639617,1219557
2133243,639635,1219568
2133244,639643,1219568
2133377,639730,1219595
2133412,639787,1219597
981269,2133672,1219661
981269,2133673,1219661
981269,2133676,1219661
981269,2133679,1219661
981294,2133733,1219667
981294,2133734,1219667
981294,2133735,1219667
981294,2133736,1219667
2134042,640410,1219769
2134042,640428,1219769
2134042,2134049,1219769
2135355,641558,1220339
2135511,641656,1220395
2135517,641647,1220395
641699,641731,1220415
641699,641828,1220415
641699,641858,1220415
641701,641792,1220415
641701,641844,1220415
641701,641877,1220415
641701,2135610,1220415
641701,2135614,1220415
981999,641675,1220425
982002,641677,1220425
641703,641735,1220429
982009,641733,1220429
982009,2135702,1220429
982011,641734,1220429
982014,641737,1220429
2135874,2135875,1220443
2135922,2135923,1220450
2136096,2136098,1220467
2136572,2136573,1220503
2136572,2136575,1220503
642207,642209,1220512
642207,642210,1220512
642207,642215,1220512
642207,642216,1220512
642207,642222,1220512
642207,642223,1220512
642207,642226,1220512
642207,642227,1220512
2136647,2136648,1220518
2136664,2136665,1220518
2136671,2136674,1220525
982253,2136736,1220542
642510,2136925,1220571
642510,2136930,1220571
642510,2136943,1220571
642510,2136944,1220571
642687,2137104,1220607
642745,2137179,1220626
2137177,642729,1220626
2137277,642775,1220638
2137277,642784,1220638
2137325,2137327,1220643
2137329,2137331,1220643
2137333,2137335,1220643
2137337,2137339,1220643
2137347,2137424,1220643
2137358,2137359,1220643
2137524,2137525,1220663
2137742,2137748,1220753
2137787,2137791,1220764
2137815,2137823,1220768
2137815,2137827,1220768
2137824,2137826,1220768
2137830,643035,1220768
643125,643140,1220795
982526,643260,1220814
982526,2138107,1220814
982526,2138109,1220814
982526,2138111,1220814
982526,2138113,1220814
982526,2138115,1220814
982526,2138117,1220814
982526,2138120,1220814
982526,2138124,1220814
982526,2138126,1220814
982526,2138133,1220814
982526,2138136,1220814
982526,2138138,1220814
982526,2138152,1220814
2138089,643208,1220816
2138574,643407,1220875
2138644,643437,1220881
2138644,2138651,1220881
2138685,643489,1220888
2138771,2138772,1220899
2138846,643564,1220913
2139035,643616,1220936
2139105,2139106,1220943
2139108,2139109,1220943
2139414,643968,1220950
2139135,2139137,1220970
2139139,2139140,1220970
2139150,2139151,1220972
2139152,2139153,1220972
2139154,2139155,1220972
2139172,2139174,1220975
2139184,2139171,1220975
2139200,2139201,1220977
2139202,2139203,1220977
2139204,2139205,1220977
2139219,2139220,1220986
2139292,2139294,1220988
2139303,2139291,1220988
2139272,2139276,1220990
2139280,2139281,1220990
2139430,2139432,1220993
2139436,2139439,1220993
982727,2139451,1220999
982744,2139558,1221001
2139850,2139851,1221054
2140534,2140535,1221214
2140537,2140540,1221214
2140543,2140545,1221214
2140550,2140551,1221214
2140592,2140593,1221228
2140668,2140675,1221233
983064,644741,1221258
645151,645153,1221344
2141240,2141209,1221344
2141240,2141243,1221344
983224,645126,1221371
983224,2141169,1221371
983408,2141443,1221454
983560,645593,1221535
983560,645607,1221535
983560,2141709,1221535
2141927,2141932,1221572
2141930,2141931,1221572
2141950,2141951,1221574
2141953,2141954,1221574
2142008,2142009,1221576
2142014,2142015,1221576
2142058,2142062,1221584
2142060,2142061,1221584
2142086,2142089,1221588
2142087,2142088,1221588
2142093,2142096,1221588
2142094,2142095,1221588
2142280,645786,1221627
2142301,645793,1221643
2142484,2142485,1221725
2142878,2142879,1221925
2142889,2142890,1221929
2142906,2142907,1221941
2142924,2142927,1221945
2142972,2142973,1221960
2142981,2142982,1221962
2142990,2142991,1221970
2143002,2143003,1221972
646510,2143331,1222017
646510,2143332,1222017
2144162,646737,1222073
2144162,2144178,1222073
2144163,2144176,1222073
647643,2145264,1222351
2146670,2146671,1222532
2146675,2146676,1222532
2146685,2146686,1222532
2146693,2146694,1222532
2146697,2146698,1222532
2146701,2146702,1222532
2146707,2146709,1222532
2146712,2146713,1222532
2146798,2146799,1222553
2146800,648029,1222553
2146801,2146802,1222553
2146802,2146803,1222553
2146804,2146806,1222553
984996,2146887,1222568
2147235,2147245,1222683
2147235,2147255,1222683
2147235,2147259,1222683
648493,648486,1222814
985273,2147716,1222814
648690,648635,1222861
648690,2147847,1222861
985332,2147842,1222861
2147839,648584,1222861
2148102,2148107,1222961
2148114,2148116,1222978
2148180,649044,1222980
2148180,649054,1222980
985498,2148262,1222994
985498,2148264,1222994
985498,2148268,1222994
2148623,2148624,1223031
2148801,2148803,1223095
2148801,2148805,1223095
2148801,2148807,1223095
985754,649774,1223212
985754,649785,1223212
985808,2149278,1223241
985808,2149284,1223241
650131,2149597,1223342
2149480,650073,1223342
2149498,2149500,1223342
2149501,2149503,1223342
2149507,2149508,1223342
2149742,650301,1223390
2149745,650306,1223390
2149748,650308,1223390
2149750,650310,1223390
2149753,650288,1223390
2149757,650291,1223390
2149760,650293,1223390
2149763,650295,1223390
2150151,2150152,1223482
2150095,2150106,1223496
2150098,2150099,1223496
2150550,2150551,1223596
2150562,2150563,1223602
2150570,2150571,1223606
651184,2151014,1223702
651227,2151155,1223709
2151255,2151258,1223736
2151256,2151257,1223736
2151341,2151344,1223760
2151341,2151345,1223760
2151341,2151347,1223760
2151341,2151349,1223760
2151341,2151351,1223760
2151341,2151353,1223760
2151341,2151354,1223760
2151341,2151356,1223760
2151341,2151358,1223760
2151341,2151360,1223760
2151434,2151436,1223770
2151434,2151439,1223770
2151434,2151441,1223770
2151434,2151443,1223770
2151434,2151445,1223770
2151434,2151452,1223770
2151434,2151454,1223770
2151434,2151456,1223770
2151434,2151458,1223770
2151434,2151459,1223770
2151434,2151461,1223770
651526,2151559,1223789
651526,2151562,1223789
651526,2151565,1223789
651526,2151568,1223789
651526,2151571,1223789
651526,2151575,1223789
651526,2151578,1223789
2151731,2151732,1223800
2151746,2151751,1223804
2151746,2151752,1223804
2151746,2151754,1223804
2151746,2151756,1223804
2151746,2151758,1223804
2151746,2151760,1223804
2151746,2151762,1223804
2151746,2151764,1223804
2151746,2151766,1223804
2151746,2151768,1223804
2151746,2151770,1223804
651757,2151991,1223855
651923,2152121,1223894
2153325,652916,1224304
2153325,652917,1224304
2153661,653321,1224377
2153665,653305,1224377
2153669,653315,1224377
2153791,653361,1224394
2153791,653363,1224394
2153791,653364,1224394
2153758,2153759,1224396
2153774,2153775,1224398
2153779,2153780,1224398
2153782,653350,1224398
2153785,2153786,1224398
2153800,2153801,1224404
2154933,654013,1224637
2154945,653978,1224637
2155789,2155793,1224792
2155797,654416,1224792
2155969,654493,1224830
654893,654924,1224870
654893,2156277,1224870
654893,2156285,1224870
654893,2156286,1224870
987851,2156200,1224873
987851,2156201,1224873
2156638,2156639,1224933
2156638,2156642,1224933
2156640,2156641,1224933
2156640,2156643,1224933
2156865,2156867,1225001
2156936,655377,1225038
655395,2157015,1225057
655395,2157017,1225057
655395,2157018,1225057
655395,2157019,1225057
655395,2157020,1225057
655395,2157021,1225057
988221,2157038,1225067
988254,2157260,1225098
988505,2157732,1225160
988505,2157736,1225160
988509,2157749,1225160
988509,2157753,1225160
988415,2157530,1225179
988415,2157532,1225179
988419,2157552,1225185
988419,2157554,1225185
988421,2157575,1225191
988421,2157577,1225191
2157762,655930,1225206
988843,656526,1225333
2158733,656779,1225490
2158734,2158738,1225490
2158773,2158774,1225502
2158914,657003,1225552
2159291,2159327,1225681
2159294,2159296,1225681
2159300,2159338,1225681
2159308,2159320,1225681
2159311,2159313,1225681
2159316,2159329,1225681
2159375,2159376,1225697
2159384,2159385,1225697
2159389,2159390,1225697
2159554,2159555,1225729
2159558,2159559,1225729
2159571,2159572,1225733
2159603,2159600,1225737
2159603,2159601,1225737
2159658,2159659,1225764
2159664,2159665,1225769
2159674,2159675,1225772
989330,657639,1225780
657705,657715,1225782
989448,657797,1225812
2159832,657772,1225812
989389,2159833,1225820
658082,658090,1225942
2160199,2160205,1225966
2160199,2160207,1225966
2160293,2160294,1225973
2160327,2160328,1225992
658197,658198,1225994
658197,658199,1225994
658197,658200,1225994
658197,658201,1225994
658197,658207,1225994
658197,658208,1225994
658197,658209,1225994
658197,2160339,1225994
658230,658231,1226007
658230,658234,1226007
658230,658235,1226007
658230,658236,1226007
658230,658237,1226007
658230,658238,1226007
658230,658243,1226007
658230,658244,1226007
658230,658245,1226007
658230,658246,1226007
658230,658247,1226007
658230,2160361,1226007
658230,2160364,1226007
658285,658324,1226043
658285,658325,1226043
658285,658329,1226043
658285,658330,1226043
658285,658331,1226043
658285,658332,1226043
658285,658337,1226043
658285,658338,1226043
658285,658339,1226043
658285,658340,1226043
658285,658341,1226043
658285,658342,1226043
658285,2160423,1226043
658285,2160424,1226043
658285,2160428,1226043
658285,2160430,1226043
658592,658617,1226199
658592,658618,1226199
658592,658622,1226199
658592,658623,1226199
658592,658624,1226199
658592,658625,1226199
658592,658628,1226199
658592,658629,1226199
658592,658630,1226199
658592,658631,1226199
658592,658632,1226199
658592,658633,1226199
658592,2161007,1226199
658592,2161008,1226199
658592,2161025,1226199
658592,2161026,1226199
2161159,658679,1226268
658783,2161337,1226289
2161190,658785,1226294
658713,2161188,1226298
658877,658868,1226341
658877,2161476,1226341
2161483,658869,1226341
2161765,2161767,1226394
2161765,2161803,1226394
2161765,2161807,1226394
2161765,2161815,1226394
2161770,659028,1226394
2161770,659030,1226394
2161770,659034,1226394
2161770,2161776,1226394
2161770,2161777,1226394
2161770,2161787,1226394
2161770,2161792,1226394
2161770,2161798,1226394
2161775,2161779,1226394
2161775,2161781,1226394
659050,2161873,1226410
2161862,2161864,1226410
2161862,2161888,1226410
2161862,2161892,1226410
2161862,2161899,1226410
2161862,2161901,1226410
2161862,2161904,1226410
2161868,659052,1226410
2161868,659054,1226410
2161868,659056,1226410
2161868,659061,1226410
2161868,2161876,1226410
2161868,2161878,1226410
2161868,2161881,1226410
2161868,2161885,1226410
2161868,2161913,1226410
2161868,2161914,1226410
2161868,2161916,1226410
2162103,2162104,1226463
659586,659408,1226515
659586,659442,1226515
659586,659443,1226515
659586,659450,1226515
659586,659454,1226515
659586,659611,1226515
659586,659612,1226515
659586,2162519,1226515
659586,2162533,1226515
659586,2162535,1226515
659586,2162537,1226515
659586,2162539,1226515
659586,2162574,1226515
659586,2162575,1226515
990207,2162514,1226569
990259,659481,1226576
990276,659503,1226576
990280,659509,1226576
659854,2162948,1226640
659854,2163003,1226640
990395,2163084,1226710
2163297,2163299,1226730
2163460,2163461,1226754
2163462,2163464,1226754
2163620,2163621,1226780
2163628,2163629,1226780
2163919,2163920,1226842
2163956,2163957,1226845
2164254,2164255,1226961
2164412,2164413,1227056
2164559,2164560,1227095
2164809,2164810,1227174
2164830,661221,1227177
2165059,2165061,1227304
2165885,2165888,1227721
2166015,662420,1227755
2166015,2166023,1227755
2166015,2166104,1227755
2166015,2166110,1227755
2166028,2166029,1227755
2166046,2166079,1227755
2166278,2166282,1227805
2166327,2166329,1227850
992063,2167311,1228223
992063,2167313,1228223
992063,2167315,1228223
992063,2167317,1228223
992063,2167320,1228223
992063,2167323,1228223
992063,2167325,1228223
992063,2167327,1228223
992063,2167329,1228223
992063,2167330,1228223
992063,2167332,1228223
992063,2167334,1228223
992063,2167336,1228223
992063,2167338,1228223
992063,2167340,1228223
992063,2167342,1228223
992063,2167344,1228223
992063,2167346,1228223
992063,2167348,1228223
992063,2167350,1228223
992063,2167352,1228223
992063,2167354,1228223
992063,2167355,1228223
992063,2167356,1228223
992063,2167358,1228223
992063,2167360,1228223
992063,2167362,1228223
992063,2167364,1228223
992063,2167366,1228223
992063,2167368,1228223
992063,2167370,1228223
992063,2167372,1228223
992063,2167374,1228223
992063,2167376,1228223
992063,2167378,1228223
992063,2167379,1228223
992063,2167380,1228223
992063,2167382,1228223
992063,2167384,1228223
992063,2167386,1228223
992063,2167388,1228223
992063,2167390,1228223
992063,2167392,1228223
992063,2167394,1228223
992063,2167397,1228223
992063,2167399,1228223
992063,2167401,1228223
992063,2167402,1228223
992063,2167403,1228223
992063,2167405,1228223
992063,2167407,1228223
992063,2167409,1228223
992063,2167411,1228223
992063,2167413,1228223
992063,2167415,1228223
992063,2167417,1228223
992063,2167418,1228223
992063,2167419,1228223
992063,2167421,1228223
992063,2167423,1228223
992063,2167425,1228223
992063,2167426,1228223
992268,2167853,1228485
992268,2167855,1228485
992268,2167859,1228485
664027,2167996,1228558
664027,2167997,1228558
664027,2167999,1228558
2168047,2168056,1228591
2168058,2168059,1228591
2168061,664075,1228591
664311,664301,1228675
2168428,2168439,1228801
2168428,2168441,1228801
2168428,2168443,1228801
2168526,2168530,1228980
664857,664878,1228986
664857,665008,1228986
664962,664964,1228986
664962,2168581,1228986
664962,2168597,1228986
2169176,665531,1229325
2169176,2169178,1229325
665870,665786,1229425
665870,665809,1229425
665870,665849,1229425
665870,665868,1229425
665870,665909,1229425
665870,665910,1229425
665870,2169388,1229425
665870,2169390,1229425
665870,2169393,1229425
665870,2169394,1229425
665870,2169395,1229425
665870,2169396,1229425
2169454,2169455,1229447
2169454,2169456,1229447
2169454,2169457,1229447
2169454,2169458,1229447
2169454,2169460,1229447
2169454,2169461,1229447
2169480,2169481,1229456
2169480,2169482,1229456
666119,666031,1229531
666119,666042,1229531
666119,666047,1229531
666119,666059,1229531
666119,666064,1229531
666119,2169639,1229531
666119,2169645,1229531
666119,2169648,1229531
666119,2169650,1229531
666119,2169652,1229531
666119,2169654,1229531
666119,2169660,1229531
666119,2169661,1229531
2170000,2170005,1229776
2170135,2170139,1229943
2170191,2170192,1229987
2170276,2170277,1230055
667579,667520,1230257
667579,667530,1230257
667579,667535,1230257
667579,2170625,1230257
667579,2170629,1230257
667579,2170631,1230257
667579,2170632,1230257
667579,2170634,1230257
667579,2170635,1230257
667679,2170929,1230361
667679,2170944,1230361
2170919,667679,1230361
2170920,2170921,1230361
2170921,2170934,1230361
2170922,2170923,1230361
2170923,2170933,1230361
2170925,2170926,1230361
2170926,2170935,1230361
2171002,2171003,1230377
2171056,2171057,1230389
2171064,2171065,1230391
2171082,2171083,1230396
2171098,2171099,1230404
667877,2171234,1230429
667877,2171239,1230429
667947,667904,1230432
667947,667909,1230432
667947,667914,1230432
667947,667931,1230432
667947,2171263,1230432
667947,2171268,1230432
667947,2171270,1230432
667947,2171271,1230432
667947,2171272,1230432
667947,2171274,1230432
667947,2171275,1230432
994070,2171304,1230434
994070,2171306,1230434
2171364,2171371,1230436
2171368,2171369,1230436
2171410,2171416,1230442
2171413,2171414,1230442
2171435,2171437,1230447
2171435,2171449,1230447
2171450,2171443,1230447
2171532,2171533,1230453
2171541,2171542,1230455
2171754,668096,1230482
668225,668172,1230488
668225,668190,1230488
668225,2171776,1230488
668225,2171790,1230488
668225,2171793,1230488
2171785,668108,1230491
2171806,2171808,1230491
2171825,2171826,1230491
2171869,2171872,1230493
2171874,2171877,1230493
2171905,2171906,1230497
2171911,2171912,1230497
2171965,2171966,1230510
2171971,2171973,1230510
2172024,2172030,1230516
2172024,2172036,1230516
2172019,2172029,1230518
2172019,2172039,1230518
2172019,2172048,1230518
2172063,2172073,1230525
2172063,2172082,1230525
2172063,2172085,1230525
2172128,2172129,1230538
2172173,2172174,1230556
2172185,2172186,1230556
2172190,2172191,1230556
2172206,2172209,1230556
668487,668411,1230568
668487,668419,1230568
668487,668446,1230568
668487,668465,1230568
668487,2172278,1230568
668487,2172288,1230568
668487,2172290,1230568
668487,2172292,1230568
668487,2172293,1230568
668487,2172294,1230568
668487,2172296,1230568
668487,2172297,1230568
2172352,2172432,1230582
2172364,2172365,1230582
2172376,2172416,1230582
2172386,2172389,1230582
2172484,2172485,1230636
2172484,2172489,1230636
2172486,2172487,1230636
2172486,2172490,1230636
2172595,2172596,1230681
2172604,2172605,1230681
2172609,2172610,1230681
2172577,2172581,1230683
2172650,2172652,1230697
2172662,2172663,1230706
2172674,2172675,1230711
2172686,2172687,1230711
2172691,2172692,1230711
2172768,2172769,1230721
2172773,2172774,1230721
2172779,2172781,1230721
2172794,2172795,1230721
2172801,2172802,1230721
2172905,2172906,1230758
2172956,2172957,1230778
2172968,668714,1230778
2172984,668725,1230786
2172984,2172990,1230786
2173057,668840,1230817
2173107,2173108,1230829
2173274,2173275,1230895
2173435,2173449,1230959
2173435,2173456,1230959
669356,2173633,1230966
669356,2173634,1230966
2173536,669266,1230966
2173551,2173686,1230966
2173554,2173762,1230966
2173571,2173572,1230966
2173595,2173727,1230966
2173599,2173729,1230966
2173609,2173610,1230966
2173636,669275,1230966
2173648,2173716,1230966
2173477,2173478,1230970
2173508,2173512,1230981
2173801,2173804,1231007
2173884,2173885,1231034
2173890,2173891,1231034
2173901,2173902,1231034
2174038,2174042,1231062
2174038,2174052,1231062
2174079,2174080,1231069
2174079,2174095,1231069
2174278,669772,1231106
2174280,669773,1231106
670005,2174587,1231146
2174585,2174586,1231146
2174474,669956,1231158
2174479,2174480,1231158
2174498,2174499,1231158
2174685,2174692,1231188
2174690,2174691,1231188
2174723,2174725,1231192
2174730,670126,1231197
2174759,2174760,1231206
2174763,2174766,1231211
2174829,670196,1231230
2174836,2174837,1231230
2174844,2174845,1231230
2174875,670311,1231238
2174879,670298,1231238
670383,2175014,1231271
670383,2175018,1231271
670459,2175137,1231312
670459,2175140,1231312
670459,2175143,1231312
2175237,2175239,1231338
2175257,2175258,1231347
2175502,2175503,1231488
2175503,2175505,1231488
2175507,2175508,1231488
2175513,2175514,1231488
2175514,2175516,1231488
2175518,2175520,1231488
2175527,2175529,1231488
2175647,670859,1231545
2175929,2175930,1231696
2175933,670972,1231696
2175935,2175942,1231696
2176941,2176942,1232073
2176946,2176947,1232073
2176953,2176954,1232073
2177453,2177454,1232190
2177628,2177629,1232211
2177745,2177746,1232218
2177799,2177800,1232222
2177832,2177833,1232230
2177862,2177863,1232239
672429,2177919,1232248
672429,2177920,1232248
672429,2177922,1232248
672429,2177924,1232248
672429,2177925,1232248
672429,2177926,1232248
672429,2177927,1232248
672429,2177928,1232248
672429,2177929,1232248
672429,2177932,1232248
672429,2177933,1232248
2178127,2178128,1232333
2178130,2178132,1232333
672956,672951,1232609
672956,2178603,1232609
672956,2178609,1232609
672956,2178611,1232609
673010,673002,1232648
673010,673006,1232648
673010,673016,1232648
673010,2178680,1232648
673010,2178689,1232648
673010,2178703,1232648
2178767,2178768,1232683
2178767,2178770,1232683
2178947,2178948,1232713
2178952,2178953,1232713
2178959,2178960,1232713
2178964,2178965,1232713
2178984,673091,1232713
2178985,673092,1232713
2178986,673102,1232713
2178990,673103,1232713
2179104,673165,1232721
2179104,673171,1232721
2179104,673176,1232721
2179104,673184,1232721
2179240,673199,1232753
2179240,673201,1232753
2179240,673203,1232753
2179240,673210,1232753
673243,2179347,1232774
673243,2179348,1232774
673243,2179365,1232774
673243,2179372,1232774
673243,2179386,1232774
673245,673255,1232774
673245,2179361,1232774
673245,2179374,1232774
673245,2179378,1232774
673245,2179382,1232774
673245,2179387,1232774
673375,673398,1232793
673375,2179699,1232793
673375,2179711,1232793
673375,2179714,1232793
673375,2179724,1232793
673377,2179700,1232793
673377,2179704,1232793
673377,2179707,1232793
673377,2179710,1232793
673377,2179719,1232793
673377,2179725,1232793
673506,2179917,1232804
673506,2179919,1232804
2180108,2180109,1232831
2180110,2180111,1232831
2180313,2180314,1232902
2181606,2181613,1233282
2181606,2181615,1233282
996905,2182021,1233371
2182013,2182014,1233371
2182017,2182018,1233371
2182088,2182089,1233388
2182093,2182094,1233388
2182170,2182171,1233395
2182175,2182176,1233395
2182177,2182178,1233395
997240,2182735,1233592
2183393,2183395,1233825
2183393,2183397,1233825
2183455,2183459,1233840
2183464,2183466,1233850
2183464,2183468,1233850
997690,676337,1233901
997690,676338,1233901
997690,676380,1233901
997690,676381,1233901
997690,2183570,1233901
997690,2183574,1233901
997743,676446,1233958
997743,676447,1233958
997743,676475,1233958
997743,676476,1233958
997743,2183647,1233958
997743,2183652,1233958
997793,676558,1234004
997793,676559,1234004
997793,676632,1234004
997793,676633,1234004
997793,2183736,1234004
997793,2183748,1234004
997919,2184116,1234132
997919,2184120,1234132
997919,2184126,1234132
997925,2184123,1234132
997978,2184243,1234161
997978,2184245,1234161
2184335,2184357,1234185
2184338,2184359,1234185
2184341,2184382,1234185
2184343,2184377,1234185
2184346,2184379,1234185
2184349,2184381,1234185
2184353,2184360,1234185
2184356,2184362,1234185
2184439,2184445,1234192
2184443,2184444,1234192
998358,677633,1234333
2185071,677588,1234336
677721,2185160,1234347
677721,2185162,1234347
677721,2185167,1234347
998424,677780,1234358
998432,677799,1234358
2185329,677786,1234358
2185329,2185340,1234358
2185329,2185357,1234358
2185333,677803,1234358
2185333,2185338,1234358
2185333,2185354,1234358
2186064,677916,1234401
998712,678253,1234521
998712,678256,1234521
998758,678339,1234552
998773,678375,1234585
2186695,678468,1234646
2186695,678472,1234646
2186923,2186937,1234704
2187474,2187475,1234841
2187604,2187605,1234892
2187634,2187635,1234904
2187649,2187650,1234907
2187680,2187681,1234911
2187705,2187706,1234913
2187715,2187720,1234918
2187717,2187718,1234918
2187720,2187721,1234918
2187745,2187752,1234924
2187748,2187749,1234924
2187861,679273,1234944
2187875,2187909,1234944
2187922,679310,1234953
2187922,679324,1234953
2187922,679336,1234953
2188053,2188054,1234977
2188058,2188059,1234979
2188064,2188065,1234981
2188105,2188111,1235001
2188113,2188114,1235001
2188120,2188127,1235001
2188231,2188234,1235032
2188204,2188206,1235034
2188255,2188256,1235043
2188258,2188259,1235043
2188278,2188281,1235047
2188317,2188318,1235054
2188320,2188321,1235054
2188479,2188480,1235091
2188485,2188487,1235091
2188597,2188598,1235126
2188600,2188601,1235126
2188657,2188670,1235136
2188668,2188669,1235136
2188732,2188747,1235162
2188744,2188745,1235162
679792,2188823,1235181
2188817,2188818,1235181
2188896,2188897,1235194
2188898,2188900,1235194
999415,2188937,1235200
999415,2188939,1235200
2189338,2189339,1235375
680136,680141,1235377
680136,2189356,1235377
2189433,2189406,1235379
2189433,2189411,1235379
2189433,2189417,1235379
2189433,2189420,1235379
2189433,2189426,1235379
2189433,2189430,1235379
2189433,2189435,1235379
2189818,680539,1235473
2189819,2189826,1235473
999851,2190087,1235536
999851,2190090,1235536
999854,2190116,1235552
999854,2190118,1235552
2190742,2190743,1235759
2190829,2190841,1235781
681848,2191322,1235904
681848,2191323,1235904
2191314,2191315,1235904
2191316,681882,1235904
2191318,681896,1235904
2191340,681863,1235904
681978,682002,1235946
681978,682010,1235946
681978,682022,1235946
681978,682031,1235946
681978,2191447,1235946
681978,2191452,1235946
681978,2191459,1235946
682154,682164,1235962
682154,682171,1235962
682154,682175,1235962
682154,2191599,1235962
2191584,2191586,1235962
2191594,2191595,1235962
682352,2191879,1236039
682352,2191880,1236039
2191870,2191875,1236039
2191872,2191873,1236039
1000539,2191853,1236048
1000539,2191855,1236048
2192096,2192112,1236082
2192096,2192124,1236082
2192096,2192126,1236082
2192096,2192145,1236082
2192096,2192146,1236082
2192096,2192148,1236082
2192096,2192153,1236082
2192096,2192161,1236082
2192096,2192162,1236082
2192096,2192166,1236082
2192096,2192180,1236082
2192096,2192199,1236082
2192096,2192206,1236082
2192110,2192111,1236082
2192113,2192114,1236082
2192122,2192125,1236082
2192135,2192139,1236082
2192137,2192138,1236082
2192141,2192142,1236082
2192151,2192154,1236082
2192157,2192158,1236082
2192164,2192167,1236082
2192171,2192175,1236082
2192173,2192174,1236082
2192178,2192179,1236082
2192200,2192202,1236082
1000611,2192442,1236108
1000612,682472,1236108
2192427,2192431,1236108
2192427,2192434,1236108
2192427,2192435,1236108
1000641,2192539,1236123
1000646,682532,1236123
2192530,2192537,1236123
2192530,2192541,1236123
2192530,2192542,1236123
1000662,682567,1236148
1000662,682570,1236148
1000662,682572,1236148
1000662,2192609,1236148
1000662,2192633,1236148
2192597,682556,1236148
2192597,2192610,1236148
2192604,682563,1236148
2192606,2192607,1236148
2193017,2193019,1236213
2193017,2193020,1236213
2193249,2193250,1236306
2193269,682967,1236316
683125,683130,1236397
2193555,683140,1236397
2193557,683153,1236397
2193607,2193611,1236421
683328,2193844,1236490
2193825,2193852,1236490
2194005,2194006,1236537
2194099,683448,1236549
2194101,683449,1236549
2194135,2194136,1236561
2194196,2194205,1236567
2194211,2194212,1236567
2194182,2194183,1236570
2194234,2194235,1236575
2194291,2194292,1236591
2194348,683596,1236599
2194349,2194350,1236599
2194351,2194353,1236599
2194426,683631,1236607
2194427,683632,1236607
2194428,2194429,1236607
2194430,2194431,1236607
2194432,2194433,1236607
2194434,683643,1236607
2194436,2194437,1236607
2194438,2194439,1236607
2194441,2194442,1236607
2194443,2194444,1236607
2194445,2194446,1236607
2194447,2194449,1236607
2194448,683639,1236607
2194452,2194453,1236607
2194454,2194455,1236607
2194459,2194460,1236607
2194461,2194462,1236607
2194471,683634,1236607
2194472,683635,1236607
2194723,2194724,1236670
2194723,2194726,1236670
2194723,2194734,1236670
2194723,2194735,1236670
2194723,2194736,1236670
2194723,2194737,1236670
2194723,2194738,1236670
2194723,2194739,1236670
2194723,2194740,1236670
2194723,2194741,1236670
2194723,2194742,1236670
2194723,2194743,1236670
2194723,2194744,1236670
2194723,2194745,1236670
2194723,2194747,1236670
2194723,2194749,1236670
2194731,2194732,1236670
2194848,2194849,1236681
2194848,2194851,1236681
2194848,2194860,1236681
2194848,2194861,1236681
2194848,2194862,1236681
2194848,2194863,1236681
2194848,2194864,1236681
2194848,2194865,1236681
2194848,2194867,1236681
2194848,2194868,1236681
2194848,2194869,1236681
2194848,2194872,1236681
2194848,2194873,1236681
2194848,2194874,1236681
2194848,2194886,1236681
2194848,2194888,1236681
2194856,2194857,1236681
683884,683886,1236694
683884,683887,1236694
683884,683891,1236694
683884,683892,1236694
683884,683896,1236694
683884,683897,1236694
683884,683899,1236694
683884,683900,1236694
683884,683901,1236694
683884,683902,1236694
683884,683904,1236694
683884,683905,1236694
683884,683906,1236694
683884,683907,1236694
683884,683908,1236694
683884,683909,1236694
683884,2194995,1236694
683884,2195003,1236694
2194986,2194988,1236694
2194993,2194996,1236694
2195002,2195005,1236694
2195234,2195235,1236777
2195315,2195316,1236797
2195317,2195318,1236797
2195526,684285,1236826
1001736,684559,1236948
2196007,2196008,1237031
2196039,2196041,1237052
2196065,684635,1237057
684637,684664,1237062
2196096,2196097,1237062
2196122,2196123,1237076
2196131,2196135,1237086
2196133,2196134,1237086
2196155,684723,1237091
2196157,684725,1237091
2196197,2196199,1237096
2196218,2196220,1237100
2196239,684742,1237100
2196422,2196424,1237122
1001817,2196347,1237130
2196348,2196349,1237130
2196534,2196535,1237140
2196558,684834,1237146
2196558,684842,1237146
2196684,684923,1237155
2196684,684939,1237155
2196693,2196687,1237155
2196693,2196689,1237155
2196856,2196846,1237191
2196856,2196847,1237191
2196856,2196849,1237191
2196856,2196850,1237191
1002240,2197656,1237380
2199156,2199158,1237484
2199160,2199162,1237484
2199193,2199195,1237489
2199196,2199197,1237489
2199368,2199369,1237505
2199385,2199391,1237507
686327,686237,1237584
686327,686253,1237584
686327,686315,1237584
686327,2200658,1237584
686327,2200666,1237584
1002676,2201384,1237782
2201541,686860,1237814
2201749,2201751,1237881
2201753,2201755,1237881
2201879,687191,1237899
2201881,687211,1237899
2201892,687223,1237899
2202077,2202078,1237939
2202081,2202082,1237939
2202085,2202086,1237939
2202088,2202089,1237939
2202092,2202093,1237939
2202096,2202097,1237939
2203658,687582,1238022
1003183,2204267,1238076
2204676,2204678,1238216
2205011,688264,1238351
2205011,2205014,1238351
688617,2205403,1238508
688818,2205572,1238539
688818,2205573,1238539
688818,2205574,1238539
688818,2205576,1238539
688818,2205577,1238539
688818,2205579,1238539
688818,2205581,1238539
688818,2205590,1238539
688818,2205591,1238539
688818,2205592,1238539
688818,2205593,1238539
688818,2205594,1238539
688818,2205595,1238539
688818,2205596,1238539
688818,2205597,1238539
688818,2205598,1238539
688818,2205599,1238539
688818,2205600,1238539
688818,2205601,1238539
688818,2205602,1238539
688818,2205603,1238539
688818,2205604,1238539
688818,2205605,1238539
688818,2205606,1238539
688818,2205607,1238539
688818,2205608,1238539
688818,2205609,1238539
688818,2205610,1238539
688818,2205611,1238539
688818,2205612,1238539
688818,2205613,1238539
688818,2205614,1238539
688818,2205615,1238539
688818,2205616,1238539
688818,2205617,1238539
688818,2205619,1238539
688818,2205620,1238539
688818,2205622,1238539
688818,2205624,1238539
688818,2205626,1238539
688818,2205630,1238539
688818,2205631,1238539
688818,2205632,1238539
688796,688804,1238541
688796,688805,1238541
688796,2205561,1238541
688796,2205562,1238541
2205720,2205722,1238587
2205724,2205725,1238587
688906,2205749,1238592
2205888,2205923,1238630
2205890,2205924,1238630
2205892,2205925,1238630
2205908,2205939,1238630
2205910,2205940,1238630
2205913,2205942,1238630
2205918,2205919,1238630
2206060,2206061,1238694
2206063,2206064,1238694
2206065,2206066,1238694
2206068,2206069,1238694
2206071,2206072,1238694
2206105,2206106,1238702
2206109,689393,1238702
2206145,2206146,1238710
1003956,2206418,1238809
689789,2206505,1238833
689802,2206534,1238838
1004036,2206550,1238842
1004036,2206552,1238842
1004036,2206554,1238842
1004055,2206621,1238851
1004110,2206732,1238864
1004214,2206901,1238906
1004218,2206905,1238906
2207011,2207015,1238929
690258,2207077,1238936
690344,2207254,1238948
690425,2207309,1238957
2207373,2207380,1238969
2207409,2207420,1238976
2207470,2207480,1238978
690599,690609,1239005
690689,690696,1239017
690788,690794,1239022
2207833,2207842,1239031
2207853,2207862,1239035
2207937,2207941,1239044
2207968,2207970,1239057
2207980,690992,1239063
691003,691027,1239066
691003,691038,1239066
2208055,2208063,1239088
691088,2208106,1239098
691132,691156,1239117
691280,691286,1239166
1004774,2208342,1239166
2208398,2208399,1239178
2208412,2208415,1239183
2208428,2208430,1239194
2208437,691340,1239196
2208450,2208478,1239198
2208452,2208454,1239198
2208465,2208466,1239198
2208482,2208483,1239198
2208508,691352,1239203
2208508,691353,1239203
2208715,2208716,1239264
2208717,691639,1239264
2208750,2208751,1239268
2208752,2208753,1239268
2208757,2208758,1239268
2208926,2208924,1239314
2209128,2209129,1239367
2209135,2209136,1239369
2209375,692033,1239433
2209385,692043,1239433
2209390,692061,1239433
2209308,2209309,1239442
2209483,692083,1239459
1005195,692086,1239462
2209572,692100,1239464
2209703,692119,1239468
692150,692161,1239477
692192,692196,1239490
2210411,2210417,1239514
2210411,2210421,1239514
2210426,2210427,1239518
2210426,2210430,1239518
2210426,2210432,1239518
692389,2210946,1239638
692390,692417,1239638
692396,2210952,1239638
692397,692418,1239638
2210933,692424,1239638
2210941,692430,1239638
1005343,2210994,1239661
2211610,2211613,1239663
2211610,2211615,1239663
2211610,2211617,1239663
2211610,2211621,1239663
2211610,2211623,1239663
2211610,2211627,1239663
2211610,2211631,1239663
2211610,2211633,1239663
2211610,2211637,1239663
2211610,2211641,1239663
2211610,2211645,1239663
2211610,2211647,1239663
2211610,2211651,1239663
2211610,2211655,1239663
2211610,2211659,1239663
2211610,2211663,1239663
2211610,2211665,1239663
2211610,2211669,1239663
2211610,2211673,1239663
2211610,2211677,1239663
2211610,2211681,1239663
2211610,2211685,1239663
2211610,2211687,1239663
2211610,2211691,1239663
2211610,2211695,1239663
2211610,2211699,1239663
2211610,2211703,1239663
2211610,2211707,1239663
2211610,2211711,1239663
2211610,2211713,1239663
2211610,2211717,1239663
2211610,2211721,1239663
2211610,2211725,1239663
2211610,2211729,1239663
2211610,2211733,1239663
2211610,2211737,1239663
2211610,2211741,1239663
2211610,2211743,1239663
2211610,2211747,1239663
2211610,2211751,1239663
2211610,2211755,1239663
2211610,2211759,1239663
2211610,2211763,1239663
2211610,2211767,1239663
2211610,2211771,1239663
2211610,2211775,1239663
2211610,2211777,1239663
2211610,2211781,1239663
2211610,2211785,1239663
2211610,2211789,1239663
2211610,2211793,1239663
2211610,2211797,1239663
2211610,2211801,1239663
2211610,2211805,1239663
2211610,2211809,1239663
2211610,2211813,1239663
2211610,2211815,1239663
2211610,2211819,1239663
2211610,2211823,1239663
2211610,2211827,1239663
2211610,2211831,1239663
2211610,2211835,1239663
2211610,2211839,1239663
2211610,2211843,1239663
2211610,2211847,1239663
2211610,2211851,1239663
2211610,2211855,1239663
2211610,2211857,1239663
2211610,2211861,1239663
2211610,2211865,1239663
2211610,2211869,1239663
2211610,2211873,1239663
2211610,2211877,1239663
2211610,2211881,1239663
2211610,2211885,1239663
2211610,2211889,1239663
2211610,2211893,1239663
2211610,2211897,1239663
2211610,2211901,1239663
2211610,2211903,1239663
2211610,2211907,1239663
2211610,2211911,1239663
2211610,2211915,1239663
2211610,2211919,1239663
2211610,2211923,1239663
2211610,2211927,1239663
2211610,2211931,1239663
2211610,2211935,1239663
2211610,2211939,1239663
2211610,2211943,1239663
2211610,2211947,1239663
2211610,2211951,1239663
2211610,2211953,1239663
2211610,2211957,1239663
2211610,2211961,1239663
2211610,2211965,1239663
2211610,2211969,1239663
2211610,2211973,1239663
2211610,2211977,1239663
2211610,2211981,1239663
2211610,2211985,1239663
2211610,2211989,1239663
2211610,2211993,1239663
2211610,2211997,1239663
2211610,2212001,1239663
2211610,2212005,1239663
2211610,2212007,1239663
2211610,2212011,1239663
2211610,2212015,1239663
2211610,2212020,1239663
2211610,2212024,1239663
2211610,2212028,1239663
2211610,2212032,1239663
2211610,2212036,1239663
2211610,2212040,1239663
2211610,2212044,1239663
2211610,2212048,1239663
2211610,2212052,1239663
2211610,2212056,1239663
2211610,2212060,1239663
2211610,2212064,1239663
2211610,2212066,1239663
2211610,2212070,1239663
2211610,2212074,1239663
2211610,2212078,1239663
2211610,2212082,1239663
2211610,2212086,1239663
2211610,2212090,1239663
2211610,2212094,1239663
2211610,2212098,1239663
2211610,2212102,1239663
2211610,2212106,1239663
2211610,2212110,1239663
2211610,2212114,1239663
2211610,2212118,1239663
2211610,2212122,1239663
2211610,2212126,1239663
2211610,2212128,1239663
2211610,2212132,1239663
2211610,2212136,1239663
2211610,2212140,1239663
2211610,2212144,1239663
2211610,2212148,1239663
2211610,2212152,1239663
2211610,2212156,1239663
2211610,2212160,1239663
2211610,2212164,1239663
2211610,2212168,1239663
2211610,2212172,1239663
2211610,2212176,1239663
2211610,2212180,1239663
2211610,2212184,1239663
2211610,2212188,1239663
2211610,2212192,1239663
2211610,2212194,1239663
2211610,2212198,1239663
2211610,2212202,1239663
2211610,2212206,1239663
2211610,2212210,1239663
2211610,2212214,1239663
2211610,2212218,1239663
2211610,2212222,1239663
2211610,2212226,1239663
2211610,2212230,1239663
2211610,2212234,1239663
2211610,2212238,1239663
2211610,2212242,1239663
2211610,2212246,1239663
2211610,2212250,1239663
2211610,2212254,1239663
2211610,2212262,1239663
2211610,2212267,1239663
2211610,2212269,1239663
2211610,2212273,1239663
2211610,2212277,1239663
2211610,2212281,1239663
2211610,2212286,1239663
2211610,2212290,1239663
2211610,2212294,1239663
2211610,2212300,1239663
2211610,2212305,1239663
2211610,2212309,1239663
2211610,2212313,1239663
2211610,2212317,1239663
2211610,2212321,1239663
2211610,2212325,1239663
2211610,2212329,1239663
2211610,2212333,1239663
2211610,2212337,1239663
2211610,2212341,1239663
2211610,2212345,1239663
2211610,2212347,1239663
2211610,2212351,1239663
2211610,2212355,1239663
2211610,2212359,1239663
2211610,2212363,1239663
2211610,2212367,1239663
2211610,2212371,1239663
2211610,2212375,1239663
2211610,2212379,1239663
2211610,2212383,1239663
2211610,2212387,1239663
2211610,2212391,1239663
2211610,2212395,1239663
2211610,2212399,1239663
2211610,2212403,1239663
2211610,2212407,1239663
2211610,2212411,1239663
2211610,2212415,1239663
2211610,2212418,1239663
2211610,2212422,1239663
2211610,2212426,1239663
2211610,2212438,1239663
2211610,2212446,1239663
2211610,2212450,1239663
2211610,2212455,1239663
2211610,2212459,1239663
2211610,2212463,1239663
2211610,2212467,1239663
2211610,2212471,1239663
2211610,2212475,1239663
2211610,2212480,1239663
2211610,2212485,1239663
2211610,2212489,1239663
2211610,2212493,1239663
2211610,2212497,1239663
2211610,2212499,1239663
2211610,2212504,1239663
2211610,2212508,1239663
2211610,2212512,1239663
2211610,2212516,1239663
2211610,2212520,1239663
2211610,2212524,1239663
2211610,2212528,1239663
2211610,2212532,1239663
2211610,2212536,1239663
2211610,2212540,1239663
2211610,2212544,1239663
2211610,2212548,1239663
2211610,2212552,1239663
2211610,2212556,1239663
2211610,2212560,1239663
2211610,2212562,1239663
2211610,2212566,1239663
2211610,2212570,1239663
2211610,2212574,1239663
2211610,2212578,1239663
2211610,2212582,1239663
2211610,2212586,1239663
2211610,2212590,1239663
2211610,2212594,1239663
2211610,2212598,1239663
2211610,2212602,1239663
2211610,2212606,1239663
2211610,2212610,1239663
2211610,2212614,1239663
2211610,2212618,1239663
2211610,2212620,1239663
2211610,2212624,1239663
2211610,2212628,1239663
2211610,2212632,1239663
2211610,2212636,1239663
2211610,2212640,1239663
2211610,2212644,1239663
2211610,2212648,1239663
2211610,2212652,1239663
2211610,2212656,1239663
2211610,2212666,1239663
2211610,2212677,1239663
2211610,2212684,1239663
2211610,2212688,1239663
2211610,2212690,1239663
2211610,2212694,1239663
2211610,2212698,1239663
2211610,2212702,1239663
2211610,2212706,1239663
2211610,2212710,1239663
2211610,2212714,1239663
2211610,2212718,1239663
2211610,2212722,1239663
2211610,2212726,1239663
2211610,2212731,1239663
2211610,2212735,1239663
2211610,2212739,1239663
2211610,2212741,1239663
2211610,2212745,1239663
2211610,2212749,1239663
2211610,2212753,1239663
2211610,2212757,1239663
2211610,2212761,1239663
2211610,2212765,1239663
2211610,2212769,1239663
2211610,2212773,1239663
2211610,2212777,1239663
2211610,2212781,1239663
2211610,2212785,1239663
2211610,2212787,1239663
2211610,2212791,1239663
2211610,2212795,1239663
2211610,2212799,1239663
2211610,2212803,1239663
2211610,2212807,1239663
2211610,2212811,1239663
2211610,2212815,1239663
2211610,2212819,1239663
2211610,2212823,1239663
2211610,2212827,1239663
2211610,2212829,1239663
2211610,2212834,1239663
2211610,2212841,1239663
2211610,2212854,1239663
2211610,2212861,1239663
2211610,2212865,1239663
2211610,2212869,1239663
2211610,2212873,1239663
2211610,2212877,1239663
2211610,2212881,1239663
2211610,2212883,1239663
2211610,2212887,1239663
2211610,2212891,1239663
2211610,2212895,1239663
2211610,2212899,1239663
2211610,2212903,1239663
2211610,2212908,1239663
2211610,2212912,1239663
2211610,2212916,1239663
2211610,2212918,1239663
2211610,2212922,1239663
2211610,2212926,1239663
2211610,2212930,1239663
2211610,2212934,1239663
2211610,2212938,1239663
2211610,2212942,1239663
2211610,2212946,1239663
2211610,2212948,1239663
2211610,2212952,1239663
2211610,2212956,1239663
2211610,2212960,1239663
2211610,2212964,1239663
2211610,2212968,1239663
2211610,2212972,1239663
2211610,2212974,1239663
2211610,2212978,1239663
2211610,2212982,1239663
2211610,2212986,1239663
2211610,2212990,1239663
2211610,2212994,1239663
2211610,2212996,1239663
2211610,2213000,1239663
2211610,2213006,1239663
2211610,2213011,1239663
2211610,2213017,1239663
2211610,2213021,1239663
2211610,2213029,1239663
2211610,2213036,1239663
2211610,2213042,1239663
2211610,2213044,1239663
2211610,2213048,1239663
2211610,2213052,1239663
2211610,2213054,1239663
2211610,2213058,1239663
2211611,2211612,1239663
2211611,2211614,1239663
2211611,2211616,1239663
2211611,2211620,1239663
2211611,2211622,1239663
2211611,2211626,1239663
2211611,2211630,1239663
2211611,2211632,1239663
2211611,2211636,1239663
2211611,2211640,1239663
2211611,2211644,1239663
2211611,2211646,1239663
2211611,2211650,1239663
2211611,2211654,1239663
2211611,2211658,1239663
2211611,2211662,1239663
2211611,2211664,1239663
2211611,2211668,1239663
2211611,2211672,1239663
2211611,2211676,1239663
2211611,2211680,1239663
2211611,2211684,1239663
2211611,2211686,1239663
2211611,2211690,1239663
2211611,2211694,1239663
2211611,2211698,1239663
2211611,2211702,1239663
2211611,2211706,1239663
2211611,2211710,1239663
2211611,2211712,1239663
2211611,2211716,1239663
2211611,2211720,1239663
2211611,2211724,1239663
2211611,2211728,1239663
2211611,2211732,1239663
2211611,2211736,1239663
2211611,2211740,1239663
2211611,2211742,1239663
2211611,2211746,1239663
2211611,2211750,1239663
2211611,2211754,1239663
2211611,2211758,1239663
2211611,2211762,1239663
2211611,2211766,1239663
2211611,2211770,1239663
2211611,2211774,1239663
2211611,2211776,1239663
2211611,2211780,1239663
2211611,2211784,1239663
2211611,2211788,1239663
2211611,2211792,1239663
2211611,2211796,1239663
2211611,2211800,1239663
2211611,2211804,1239663
2211611,2211808,1239663
2211611,2211812,1239663
2211611,2211814,1239663
2211611,2211818,1239663
2211611,2211822,1239663
2211611,2211826,1239663
2211611,2211830,1239663
2211611,2211834,1239663
2211611,2211838,1239663
2211611,2211842,1239663
2211611,2211846,1239663
2211611,2211850,1239663
2211611,2211854,1239663
2211611,2211856,1239663
2211611,2211860,1239663
2211611,2211864,1239663
2211611,2211868,1239663
2211611,2211872,1239663
2211611,2211876,1239663
2211611,2211880,1239663
2211611,2211884,1239663
2211611,2211888,1239663
2211611,2211892,1239663
2211611,2211896,1239663
2211611,2211900,1239663
2211611,2211902,1239663
2211611,2211906,1239663
2211611,2211910,1239663
2211611,2211914,1239663
2211611,2211918,1239663
2211611,2211922,1239663
2211611,2211926,1239663
2211611,2211930,1239663
2211611,2211934,1239663
2211611,2211938,1239663
2211611,2211942,1239663
2211611,2211946,1239663
2211611,2211950,1239663
2211611,2211952,1239663
2211611,2211956,1239663
2211611,2211960,1239663
2211611,2211964,1239663
2211611,2211968,1239663
2211611,2211972,1239663
2211611,2211976,1239663
2211611,2211980,1239663
2211611,2211984,1239663
2211611,2211988,1239663
2211611,2211992,1239663
2211611,2211996,1239663
2211611,2212000,1239663
2211611,2212004,1239663
2211611,2212006,1239663
2211611,2212010,1239663
2211611,2212014,1239663
2211611,2212019,1239663
2211611,2212023,1239663
2211611,2212027,1239663
2211611,2212031,1239663
2211611,2212035,1239663
2211611,2212039,1239663
2211611,2212043,1239663
2211611,2212047,1239663
2211611,2212051,1239663
2211611,2212055,1239663
2211611,2212059,1239663
2211611,2212063,1239663
2211611,2212065,1239663
2211611,2212069,1239663
2211611,2212073,1239663
2211611,2212077,1239663
2211611,2212081,1239663
2211611,2212085,1239663
2211611,2212089,1239663
2211611,2212093,1239663
2211611,2212097,1239663
2211611,2212101,1239663
2211611,2212105,1239663
2211611,2212109,1239663
2211611,2212113,1239663
2211611,2212117,1239663
2211611,2212121,1239663
2211611,2212125,1239663
2211611,2212127,1239663
2211611,2212131,1239663
2211611,2212135,1239663
2211611,2212139,1239663
2211611,2212143,1239663
2211611,2212147,1239663
2211611,2212151,1239663
2211611,2212155,1239663
2211611,2212159,1239663
2211611,2212163,1239663
2211611,2212167,1239663
2211611,2212171,1239663
2211611,2212175,1239663
2211611,2212179,1239663
2211611,2212183,1239663
2211611,2212187,1239663
2211611,2212191,1239663
2211611,2212193,1239663
2211611,2212197,1239663
2211611,2212201,1239663
2211611,2212205,1239663
2211611,2212209,1239663
2211611,2212213,1239663
2211611,2212217,1239663
2211611,2212221,1239663
2211611,2212225,1239663
2211611,2212229,1239663
2211611,2212233,1239663
2211611,2212237,1239663
2211611,2212241,1239663
2211611,2212245,1239663
2211611,2212249,1239663
2211611,2212253,1239663
2211611,2212261,1239663
2211611,2212266,1239663
2211611,2212268,1239663
2211611,2212272,1239663
2211611,2212276,1239663
2211611,2212280,1239663
2211611,2212285,1239663
2211611,2212289,1239663
2211611,2212293,1239663
2211611,2212299,1239663
2211611,2212304,1239663
2211611,2212308,1239663
2211611,2212312,1239663
2211611,2212316,1239663
2211611,2212320,1239663
2211611,2212324,1239663
2211611,2212328,1239663
2211611,2212332,1239663
2211611,2212336,1239663
2211611,2212340,1239663
2211611,2212344,1239663
2211611,2212346,1239663
2211611,2212350,1239663
2211611,2212354,1239663
2211611,2212358,1239663
2211611,2212362,1239663
2211611,2212366,1239663
2211611,2212370,1239663
2211611,2212374,1239663
2211611,2212378,1239663
2211611,2212382,1239663
2211611,2212386,1239663
2211611,2212390,1239663
2211611,2212394,1239663
2211611,2212398,1239663
2211611,2212402,1239663
2211611,2212406,1239663
2211611,2212410,1239663
2211611,2212414,1239663
2211611,2212416,1239663
2211611,2212421,1239663
2211611,2212425,1239663
2211611,2212434,1239663
2211611,2212445,1239663
2211611,2212449,1239663
2211611,2212454,1239663
2211611,2212458,1239663
2211611,2212462,1239663
2211611,2212466,1239663
2211611,2212470,1239663
2211611,2212474,1239663
2211611,2212479,1239663
2211611,2212484,1239663
2211611,2212488,1239663
2211611,2212492,1239663
2211611,2212496,1239663
2211611,2212498,1239663
2211611,2212502,1239663
2211611,2212507,1239663
2211611,2212511,1239663
2211611,2212515,1239663
2211611,2212519,1239663
2211611,2212523,1239663
2211611,2212527,1239663
2211611,2212531,1239663
2211611,2212535,1239663
2211611,2212539,1239663
2211611,2212543,1239663
2211611,2212547,1239663
2211611,2212551,1239663
2211611,2212555,1239663
2211611,2212559,1239663
2211611,2212561,1239663
2211611,2212565,1239663
2211611,2212569,1239663
2211611,2212573,1239663
2211611,2212577,1239663
2211611,2212581,1239663
2211611,2212585,1239663
2211611,2212589,1239663
2211611,2212593,1239663
2211611,2212597,1239663
2211611,2212601,1239663
2211611,2212605,1239663
2211611,2212609,1239663
2211611,2212613,1239663
2211611,2212617,1239663
2211611,2212619,1239663
2211611,2212623,1239663
2211611,2212627,1239663
2211611,2212631,1239663
2211611,2212635,1239663
2211611,2212639,1239663
2211611,2212643,1239663
2211611,2212647,1239663
2211611,2212651,1239663
2211611,2212655,1239663
2211611,2212662,1239663
2211611,2212674,1239663
2211611,2212683,1239663
2211611,2212687,1239663
2211611,2212689,1239663
2211611,2212693,1239663
2211611,2212697,1239663
2211611,2212701,1239663
2211611,2212705,1239663
2211611,2212709,1239663
2211611,2212713,1239663
2211611,2212717,1239663
2211611,2212721,1239663
2211611,2212725,1239663
2211611,2212730,1239663
2211611,2212734,1239663
2211611,2212738,1239663
2211611,2212740,1239663
2211611,2212744,1239663
2211611,2212748,1239663
2211611,2212752,1239663
2211611,2212756,1239663
2211611,2212760,1239663
2211611,2212764,1239663
2211611,2212768,1239663
2211611,2212772,1239663
2211611,2212776,1239663
2211611,2212780,1239663
2211611,2212784,1239663
2211611,2212786,1239663
2211611,2212790,1239663
2211611,2212794,1239663
2211611,2212798,1239663
2211611,2212802,1239663
2211611,2212806,1239663
2211611,2212810,1239663
2211611,2212814,1239663
2211611,2212818,1239663
2211611,2212822,1239663
2211611,2212826,1239663
2211611,2212828,1239663
2211611,2212832,1239663
2211611,2212839,1239663
2211611,2212850,1239663
2211611,2212859,1239663
2211611,2212864,1239663
2211611,2212868,1239663
2211611,2212872,1239663
2211611,2212876,1239663
2211611,2212880,1239663
2211611,2212882,1239663
2211611,2212886,1239663
2211611,2212890,1239663
2211611,2212894,1239663
2211611,2212898,1239663
2211611,2212902,1239663
2211611,2212907,1239663
2211611,2212911,1239663
2211611,2212915,1239663
2211611,2212917,1239663
2211611,2212921,1239663
2211611,2212925,1239663
2211611,2212929,1239663
2211611,2212933,1239663
2211611,2212937,1239663
2211611,2212941,1239663
2211611,2212945,1239663
2211611,2212947,1239663
2211611,2212951,1239663
2211611,2212955,1239663
2211611,2212959,1239663
2211611,2212963,1239663
2211611,2212967,1239663
2211611,2212971,1239663
2211611,2212973,1239663
2211611,2212977,1239663
2211611,2212981,1239663
2211611,2212985,1239663
2211611,2212989,1239663
2211611,2212993,1239663
2211611,2212995,1239663
2211611,2212999,1239663
2211611,2213005,1239663
2211611,2213009,1239663
2211611,2213015,1239663
2211611,2213019,1239663
2211611,2213027,1239663
2211611,2213034,1239663
2211611,2213041,1239663
2211611,2213043,1239663
2211611,2213047,1239663
2211611,2213051,1239663
2211611,2213053,1239663
2211611,2213057,1239663
2211098,2211099,1239686
2211152,2211153,1239723
2211386,2211387,1239771
2211463,2211464,1239777
2211485,2211486,1239786
2211504,2211505,1239789
2211512,2211513,1239792
2211552,2211553,1239824
2211569,2211570,1239832
2211575,2211576,1239835
1005485,692797,1239874
1005485,692801,1239874
1005485,692804,1239874
1005485,692808,1239874
1005485,2213095,1239874
1005485,2213096,1239874
1005485,2213097,1239874
692867,692868,1239880
692867,692869,1239880
692867,692870,1239880
692867,692871,1239880
692867,692872,1239880
692867,692873,1239880
692867,692874,1239880
692867,692875,1239880
692867,692876,1239880
692867,692877,1239880
692867,692878,1239880
692867,692879,1239880
692867,692880,1239880
692867,692881,1239880
692867,692882,1239880
692867,692883,1239880
692867,692884,1239880
692867,692885,1239880
692867,692886,1239880
2213199,2213200,1239882
2213199,2213201,1239882
2213199,2213202,1239882
2213199,2213203,1239882
2213199,2213205,1239882
2213199,2213206,1239882
2213199,2213208,1239882
2213199,2213209,1239882
2213199,2213212,1239882
2213199,2213213,1239882
2213199,2213214,1239882
2213199,2213215,1239882
2213199,2213219,1239882
2213199,2213220,1239882
2213199,2213221,1239882
2213199,2213222,1239882
2213199,2213226,1239882
2213199,2213227,1239882
2213199,2213230,1239882
2213199,2213231,1239882
2213199,2213232,1239882
2213199,2213233,1239882
2213199,2213236,1239882
2213199,2213237,1239882
2213199,2213241,1239882
2213199,2213242,1239882
2213199,2213243,1239882
2213199,2213244,1239882
2213199,2213247,1239882
2213199,2213248,1239882
2213199,2213252,1239882
2213199,2213253,1239882
2213199,2213256,1239882
2213199,2213257,1239882
2213199,2213258,1239882
2213199,2213259,1239882
2213199,2213262,1239882
2213199,2213263,1239882
2213199,2213266,1239882
2213199,2213267,1239882
2213199,2213271,1239882
2213199,2213272,1239882
2213199,2213273,1239882
2213199,2213274,1239882
2213199,2213277,1239882
2213199,2213278,1239882
2213199,2213281,1239882
2213199,2213282,1239882
2213199,2213286,1239882
2213199,2213287,1239882
2213199,2213290,1239882
2213199,2213291,1239882
2213199,2213292,1239882
2213199,2213293,1239882
2213199,2213296,1239882
2213199,2213297,1239882
2213199,2213300,1239882
2213199,2213301,1239882
2213199,2213304,1239882
2213199,2213305,1239882
2213199,2213309,1239882
2213199,2213310,1239882
2213199,2213311,1239882
2213199,2213312,1239882
2213199,2213315,1239882
2213199,2213316,1239882
2213199,2213319,1239882
2213199,2213320,1239882
2213199,2213323,1239882
2213199,2213324,1239882
2213199,2213328,1239882
2213199,2213329,1239882
2213199,2213332,1239882
2213199,2213333,1239882
2213199,2213334,1239882
2213199,2213335,1239882
2213199,2213338,1239882
2213199,2213339,1239882
2213199,2213342,1239882
2213199,2213343,1239882
2213199,2213347,1239882
2213199,2213348,1239882
2213199,2213351,1239882
2213199,2213352,1239882
2213199,2213356,1239882
2213199,2213357,1239882
2213199,2213358,1239882
2213199,2213359,1239882
2213199,2213362,1239882
2213199,2213363,1239882
2213199,2213366,1239882
2213199,2213367,1239882
2213199,2213370,1239882
2213199,2213371,1239882
2213199,2213374,1239882
2213199,2213375,1239882
2213199,2213379,1239882
2213199,2213380,1239882
2213199,2213383,1239882
2213199,2213384,1239882
2213199,2213385,1239882
2213199,2213386,1239882
2213199,2213389,1239882
2213199,2213390,1239882
2213199,2213393,1239882
2213199,2213394,1239882
2213199,2213397,1239882
2213199,2213398,1239882
2213199,2213401,1239882
2213199,2213402,1239882
2213199,2213405,1239882
2213199,2213406,1239882
2213199,2213410,1239882
2213199,2213411,1239882
2213199,2213412,1239882
2213199,2213413,1239882
2213199,2213416,1239882
2213199,2213417,1239882
2213199,2213420,1239882
2213199,2213421,1239882
2213199,2213424,1239882
2213199,2213425,1239882
2213199,2213428,1239882
2213199,2213429,1239882
2213199,2213432,1239882
2213199,2213434,1239882
2213199,2213440,1239882
2213199,2213441,1239882
2213199,2213446,1239882
2213199,2213448,1239882
2213199,2213449,1239882
2213199,2213450,1239882
2213199,2213453,1239882
2213199,2213454,1239882
2213199,2213457,1239882
2213199,2213459,1239882
2213199,2213462,1239882
2213199,2213463,1239882
2213199,2213466,1239882
2213199,2213467,1239882
2213199,2213470,1239882
2213199,2213471,1239882
2213199,2213474,1239882
2213199,2213475,1239882
2213199,2213479,1239882
2213199,2213480,1239882
2213199,2213481,1239882
2213199,2213482,1239882
2213199,2213485,1239882
2213199,2213486,1239882
2213199,2213489,1239882
2213199,2213490,1239882
2213199,2213493,1239882
2213199,2213494,1239882
2213199,2213497,1239882
2213199,2213498,1239882
2213199,2213501,1239882
2213199,2213502,1239882
2213199,2213505,1239882
2213199,2213506,1239882
2213199,2213510,1239882
2213199,2213511,1239882
2213199,2213514,1239882
2213199,2213515,1239882
2213199,2213516,1239882
2213199,2213517,1239882
2213199,2213520,1239882
2213199,2213521,1239882
2213199,2213524,1239882
2213199,2213525,1239882
2213199,2213528,1239882
2213199,2213529,1239882
2213199,2213532,1239882
2213199,2213533,1239882
2213199,2213536,1239882
2213199,2213537,1239882
2213199,2213540,1239882
2213199,2213541,1239882
2213199,2213544,1239882
2213199,2213545,1239882
2213199,2213549,1239882
2213199,2213550,1239882
2213199,2213551,1239882
2213199,2213552,1239882
2213199,2213555,1239882
2213199,2213556,1239882
2213199,2213559,1239882
2213199,2213560,1239882
2213199,2213563,1239882
2213199,2213564,1239882
2213199,2213567,1239882
2213199,2213568,1239882
2213199,2213571,1239882
2213199,2213572,1239882
2213199,2213575,1239882
2213199,2213576,1239882
2213199,2213579,1239882
2213199,2213580,1239882
2213199,2213584,1239882
2213199,2213585,1239882
2213199,2213588,1239882
2213199,2213589,1239882
2213199,2213590,1239882
2213199,2213591,1239882
2213199,2213594,1239882
2213199,2213595,1239882
2213199,2213598,1239882
2213199,2213599,1239882
2213199,2213602,1239882
2213199,2213603,1239882
2213199,2213606,1239882
2213199,2213607,1239882
2213199,2213610,1239882
2213199,2213611,1239882
2213199,2213614,1239882
2213199,2213615,1239882
2213199,2213618,1239882
2213199,2213619,1239882
2213199,2213623,1239882
2213199,2213624,1239882
2213199,2213625,1239882
2213199,2213626,1239882
2213199,2213629,1239882
2213199,2213630,1239882
2213199,2213633,1239882
2213199,2213634,1239882
2213199,2213637,1239882
2213199,2213638,1239882
2213199,2213641,1239882
2213199,2213642,1239882
2213199,2213645,1239882
2213199,2213646,1239882
2213199,2213649,1239882
2213199,2213650,1239882
2213199,2213655,1239882
2213199,2213656,1239882
2213199,2213660,1239882
2213199,2213661,1239882
2213199,2213662,1239882
2213199,2213663,1239882
2213199,2213666,1239882
2213199,2213667,1239882
2213199,2213670,1239882
2213199,2213671,1239882
2213199,2213674,1239882
2213199,2213675,1239882
2213199,2213678,1239882
2213199,2213679,1239882
2213199,2213682,1239882
2213199,2213683,1239882
2213199,2213686,1239882
2213199,2213687,1239882
2213199,2213691,1239882
2213199,2213693,1239882
2213199,2213694,1239882
2213199,2213695,1239882
2213199,2213698,1239882
2213199,2213699,1239882
2213199,2213702,1239882
2213199,2213703,1239882
2213199,2213706,1239882
2213199,2213707,1239882
2213199,2213710,1239882
2213199,2213711,1239882
2213199,2213714,1239882
2213199,2213715,1239882
2213199,2213720,1239882
2213199,2213722,1239882
2213199,2213725,1239882
2213199,2213726,1239882
2213199,2213727,1239882
2213199,2213728,1239882
2213199,2213731,1239882
2213199,2213732,1239882
2213199,2213735,1239882
2213199,2213736,1239882
2213199,2213739,1239882
2213199,2213740,1239882
2213199,2213743,1239882
2213199,2213744,1239882
2213199,2213747,1239882
2213199,2213748,1239882
2213199,2213752,1239882
2213199,2213753,1239882
2213199,2213754,1239882
2213199,2213755,1239882
2213199,2213759,1239882
2213199,2213760,1239882
2213199,2213763,1239882
2213199,2213764,1239882
2213199,2213767,1239882
2213199,2213768,1239882
2213199,2213771,1239882
2213199,2213772,1239882
2213199,2213778,1239882
2213199,2213779,1239882
2213199,2213782,1239882
2213199,2213783,1239882
2213199,2213784,1239882
2213199,2213785,1239882
2213199,2213788,1239882
2213199,2213789,1239882
2213199,2213792,1239882
2213199,2213793,1239882
2213199,2213796,1239882
2213199,2213797,1239882
2213199,2213800,1239882
2213199,2213801,1239882
2213199,2213805,1239882
2213199,2213806,1239882
2213199,2213807,1239882
2213199,2213808,1239882
2213199,2213811,1239882
2213199,2213812,1239882
2213199,2213815,1239882
2213199,2213816,1239882
2213199,2213820,1239882
2213199,2213821,1239882
2213199,2213825,1239882
2213199,2213826,1239882
2213199,2213829,1239882
2213199,2213830,1239882
2213199,2213831,1239882
2213199,2213832,1239882
2213199,2213835,1239882
2213199,2213836,1239882
2213199,2213839,1239882
2213199,2213840,1239882
2213199,2213845,1239882
2213199,2213846,1239882
2213199,2213850,1239882
2213199,2213851,1239882
2213199,2213852,1239882
2213199,2213853,1239882
2213199,2213856,1239882
2213199,2213857,1239882
2213199,2213860,1239882
2213199,2213861,1239882
2213199,2213865,1239882
2213199,2213866,1239882
2213199,2213869,1239882
2213199,2213870,1239882
2213199,2213871,1239882
2213199,2213872,1239882
2213199,2213875,1239882
2213199,2213876,1239882
2213199,2213879,1239882
2213199,2213880,1239882
2213199,2213884,1239882
2213199,2213885,1239882
2213199,2213886,1239882
2213199,2213887,1239882
2213199,2213890,1239882
2213199,2213891,1239882
2213199,2213895,1239882
2213199,2213896,1239882
2213199,2213899,1239882
2213199,2213900,1239882
2213199,2213901,1239882
2213199,2213902,1239882
2213199,2213905,1239882
2213199,2213906,1239882
2213199,2213910,1239882
2213199,2213911,1239882
2213199,2213912,1239882
2213199,2213913,1239882
2213199,2213917,1239882
2213199,2213918,1239882
2213199,2213921,1239882
2213199,2213922,1239882
2213199,2213923,1239882
2213199,2213924,1239882
2213199,2213928,1239882
2213199,2213929,1239882
2213199,2213931,1239882
2213199,2213932,1239882
2213199,2213935,1239882
2213199,2213936,1239882
2213199,2213938,1239882
2213199,2213939,1239882
2214065,2214067,1239956
2214065,2214069,1239956
2214065,2214070,1239956
693122,2214081,1239958
693122,2214083,1239958
693122,2214085,1239958
2214176,2214180,1239983
2214203,2214204,1239987
2214205,2214207,1239987
693190,2214248,1239989
693190,2214254,1239989
693221,2214244,1239989
693221,2214256,1239989
693228,2214241,1239989
693250,693257,1239989
693259,2214236,1239989
693259,2214237,1239989
693263,693276,1239989
693277,2214229,1239989
693277,2214230,1239989
693278,2214225,1239989
693278,2214226,1239989
1005712,2214239,1239989
2214324,2214325,1239999
2214617,2214624,1240040
2214617,2214625,1240040
2214617,2214627,1240040
693346,2214710,1240046
2214818,2214819,1240111
2214823,2214824,1240113
2214830,2214831,1240115
2218494,2218495,1240120
2218497,2218498,1240120
2218502,2218503,1240120
2218703,2218704,1240187
2218707,2218708,1240187
2218714,2218715,1240187
2218720,2218721,1240187
2218740,2218744,1240189
2218740,2218745,1240189
2218740,2218749,1240189
2218769,2218770,1240191
2218772,2218773,1240191
1005911,694810,1240219
2218869,2218888,1240233
2218873,2218874,1240233
2218899,2218916,1240237
2218902,694837,1240237
2218921,2218941,1240237
2218961,694842,1240242
2219076,2219078,1240251
2219076,2219080,1240251
694991,2220773,1240307
695020,2220791,1240311
695020,2220794,1240311
695020,2220797,1240311
695020,2220800,1240311
695140,2220856,1240317
695276,2220879,1240317
695313,2220996,1240321
695349,2221002,1240321
695425,2221049,1240321
1288431,1288432,1240437
1288487,1288488,1240447
1289346,361,1240473
1289347,1289353,1240473
1289348,366,1240473
1289349,368,1240473
1289600,1289606,1240483
1289602,1289604,1240483
1289607,1289608,1240483
1289609,1289622,1240483
1289661,707,1240485
1289662,1289686,1240485
1289663,1289685,1240485
1289665,1289666,1240485
1289668,699,1240485
1289669,1289672,1240485
1289670,1289671,1240485
1289867,1289868,1240494
1289871,1289873,1240494
696217,1290194,1240510
696217,1290197,1240510
1291262,1291260,1240549
1292331,1292332,1240582
1292334,1292335,1240582
1292336,1292337,1240582
1292341,1292342,1240582
1292344,1292346,1240582
1292347,1292348,1240582
1292350,1292351,1240582
1292352,2512,1240582
1292353,1292354,1240582
1292421,2533,1240583
1294268,1294269,1240715
1294270,1294271,1240715
1294381,1294382,1240721
697955,5009,1240760
697955,1295247,1240760
698026,1295328,1240764
698065,1295392,1240771
698065,1295395,1240771
698065,1295397,1240771
698065,1295399,1240771
698065,1295400,1240771
1295660,1295661,1240803
1295660,1295663,1240803
1295981,1295983,1240830
1295987,5824,1240830
1297019,6993,1240914
1297118,7148,1240916
1297317,1297318,1240928
1297476,7470,1240929
1297478,7491,1240929
1297528,1297530,1240931
1297669,7604,1240940
1297672,7642,1240940
1297857,1297858,1240962
1297859,1297860,1240962
1297861,1297862,1240962
1297863,1297865,1240962
1298022,7906,1240977
1298312,1298313,1240992
1298334,1298335,1240992
1298337,1298338,1240992
1298344,1298345,1240992
1298347,1298348,1240992
1298353,1298354,1240992
1298355,1298356,1240992
1298361,1298362,1240992
1298364,1298365,1240992
1298372,1298373,1240992
1298378,1298379,1240992
1298381,1298382,1240992
1298384,1298385,1240992
1298387,1298388,1240992
1298392,1298393,1240992
1300007,1300008,1241006
1300047,1300049,1241006
1300051,1300053,1241006
1300059,1300060,1241006
1300063,1300064,1241006
1300073,1300074,1241006
1300076,1300077,1241006
1300089,1300090,1241006
1300096,1300097,1241006
1300099,1300100,1241006
1300107,1300108,1241006
1300110,1300111,1241006
1301491,8897,1241040
1301515,8933,1241041
1302005,1302006,1241081
1302011,1302012,1241081
1302015,1302016,1241081
1302019,1302020,1241081
1302046,1302047,1241081
1302049,1302050,1241081
1302065,1302066,1241081
1302509,9447,1241085
9628,1302814,1241108
9690,1302804,1241108
9711,1302795,1241108
1303957,1303958,1241210
1303975,10747,1241216
700971,1304306,1241253
1304889,11748,1241281
1304894,11756,1241281
1305132,1305133,1241291
1305144,1305145,1241293
1305164,12144,1241295
1309063,1309064,1241529
1309103,1309104,1241531
1309109,1309295,1241531
1309110,1309284,1241531
1309123,1309260,1241531
1309138,1309139,1241531
1309140,1309141,1241531
1309142,1309143,1241531
1309151,1309236,1241531
1309163,1309237,1241531
1309216,1309218,1241531
1309219,1309220,1241531
1310311,1310312,1241555
1310313,17328,1241555
1310315,17329,1241555
1310411,1310412,1241561
1310413,1310415,1241561
1310419,1310420,1241561
1310526,17491,1241568
1312930,1312932,1241637
1312935,1312936,1241637
1312940,1312943,1241637
1312941,1312942,1241637
1312945,1312946,1241637
704737,19543,1241638
1314560,1314562,1241658
1315355,1315356,1241681
1315363,1315364,1241681
1316044,21370,1241728
1318760,22733,1241802
1318770,1318787,1241802
1318802,1318803,1241804
1319077,1319080,1241829
1319536,1319537,1241854
1319623,1319627,1241857
1319632,1319636,1241857
1319642,1319643,1241857
1319646,1319647,1241857
1319651,1319657,1241857
1319663,1319664,1241857
1319666,1319667,1241857
1319670,1319671,1241857
1319673,1319674,1241857
707069,23978,1241942
707596,1321930,1242101
1322168,25123,1242118
1322168,1322171,1242118
1322168,1322173,1242118
1322168,1322175,1242118
1322168,1322180,1242118
1322168,1322183,1242118
1322169,25119,1242118
1322169,1322185,1242118
1322169,1322186,1242118
1322825,25763,1242169
1322825,1322826,1242169
1322825,1322827,1242169
708239,26143,1242185
708239,26159,1242185
1323094,1323095,1242185
1324768,27668,1242274
1324770,1324771,1242274
1324773,1324778,1242274
1324774,1324775,1242274
1324778,1324779,1242274
1324783,1324784,1242274
1324784,1324785,1242274
1324786,27621,1242274
1324787,1324788,1242274
1324793,1324794,1242274
709216,1325845,1242317
709216,1325848,1242317
1327270,29367,1242412
1329554,31114,1242497
1329561,1329562,1242497
1329567,1329568,1242498
1329572,1329573,1242499
1329577,1329578,1242500
1329582,1329583,1242501
1329587,1329588,1242502
1329592,1329593,1242503
710512,31528,1242507
1331453,1331454,1242574
1331456,1331458,1242574
1331459,1331460,1242574
1331462,1331463,1242574
1331464,32615,1242574
1331465,1331466,1242574
1331578,1331579,1242582
1331585,1331586,1242582
711240,1331630,1242584
711240,1331631,1242584
1331732,1331733,1242591
1331740,1331741,1242591
711314,1331783,1242595
711314,1331784,1242595
1332414,33168,1242633
1332416,33167,1242633
1333316,1333317,1242661
1333317,1333318,1242661
1333318,33790,1242661
1333384,33892,1242666
1334215,1334216,1242694
1334221,35050,1242694
1334227,34896,1242694
35190,35162,1242697
35190,35164,1242697
35190,35168,1242697
712096,35174,1242697
712096,35182,1242697
712100,35139,1242697
712100,35151,1242697
712100,35161,1242697
1334377,1334378,1242697
1335022,1335023,1242718
1335041,1335042,1242718
1335043,1335044,1242718
1335045,1335046,1242718
1335048,1335049,1242718
712344,1335168,1242725
712344,1335169,1242725
712355,1335201,1242727
712355,1335202,1242727
712370,1335247,1242728
1335630,1335620,1242736
36130,36113,1242739
36130,1335612,1242739
1335583,36094,1242739
1335584,1335585,1242739
1335585,1335624,1242739
1335585,1335635,1242739
1335589,1335590,1242739
1335590,1335591,1242739
1335593,36092,1242739
1335598,36151,1242739
1335605,1335606,1242739
1335607,1335609,1242739
1335609,1335610,1242739
1335610,36103,1242739
1335635,1335621,1242739
1335635,1335623,1242739
1335635,1335638,1242739
1335651,1335652,1242739
1335652,1335653,1242739
1336071,1336109,1242750
1336077,36209,1242750
1336077,1336090,1242750
1336077,1336094,1242750
1336098,36259,1242750
1336116,36243,1242750
1336180,36285,1242754
1336187,36293,1242755
1336206,1336245,1242758
1336211,1336212,1242758
1336214,36435,1242758
1336215,36412,1242758
1336217,1336218,1242758
1336222,36397,1242758
1336225,36344,1242758
712763,1336466,1242763
712853,1336433,1242763
1336425,36959,1242763
1336428,36990,1242763
1336431,37000,1242763
1336434,36980,1242763
1336436,1336437,1242763
1336438,36879,1242763
1336441,36885,1242763
1336442,1336443,1242763
1336444,36786,1242763
1336447,1336448,1242763
1336449,36801,1242763
1336450,36746,1242763
1336452,36749,1242763
1336453,1336454,1242763
1336455,1336456,1242763
1336457,36732,1242763
1336460,36622,1242763
1336464,36635,1242763
1336467,36642,1242763
1336469,1336513,1242763
1336474,1336475,1242763
1336477,36586,1242763
1336478,36593,1242763
1336479,1336508,1242763
1336480,36560,1242763
1336482,36562,1242763
1336483,36538,1242763
1336958,37127,1242790
1337705,1337708,1242823
38124,38144,1242834
38124,38158,1242834
713841,1339755,1242958
713841,1339758,1242958
1340425,1340412,1242992
1340505,1340508,1242997
1340570,1340548,1243001
1340703,40095,1243010
1341118,1341119,1243021
1342326,1342331,1243060
1342561,1342563,1243076
1343065,1343066,1243117
1343066,1343067,1243117
1343070,1343071,1243117
1343071,1343072,1243117
1343392,1343394,1243137
1343423,1343425,1243141
1343446,1343448,1243142
1343471,1343473,1243145
1343508,1343510,1243148
1343558,1343574,1243154
1343731,1343732,1243168
1343732,41747,1243168
1343735,1343736,1243168
1343736,1343737,1243168
1344116,41928,1243204
1344158,1344159,1243206
1344186,1344187,1243208
715479,42648,1243231
1347298,1347299,1243282
1347316,1347317,1243283
1347332,42942,1243286
1347545,1347546,1243304
44057,1348767,1243377
44057,1348768,1243377
44057,1348769,1243377
44057,1348770,1243377
44057,1348771,1243377
44057,1348772,1243377
44057,1348773,1243377
44057,1348774,1243377
44057,1348780,1243377
44057,1348782,1243377
44057,1348784,1243377
44057,1348786,1243377
44057,1348788,1243377
1349579,1349604,1243421
1349603,44303,1243421
1350887,1350889,1243465
1350890,1350891,1243465
1351684,1351685,1243486
1351742,45337,1243487
1352339,45644,1243531
1352340,45645,1243531
1352341,45646,1243531
1352342,45647,1243531
1352344,1352345,1243531
1352348,1352349,1243531
1352520,1352523,1243540
1352524,1352517,1243540
1353546,1353578,1243599
1353548,1353549,1243599
1353551,1353552,1243599
1353556,46681,1243599
1353557,46684,1243599
1353563,1353564,1243599
1353565,46698,1243599
1353566,46699,1243599
1353568,1353569,1243599
1353573,46705,1243599
1353574,46706,1243599
1353575,1353576,1243599
1353579,46669,1243599
1353580,46670,1243599
1354046,46909,1243610
1354047,46900,1243610
1354048,46901,1243610
1354049,1354050,1243610
1354052,1354053,1243610
1354240,1354241,1243620
1354242,1354243,1243620
1354248,47182,1243620
1354249,47183,1243620
1354252,1354253,1243620
1354255,1354256,1243620
1354596,1354597,1243629
1354600,1354601,1243629
1354607,1354620,1243629
1354627,1354633,1243629
1354639,1354645,1243629
1354843,47652,1243647
1354852,47640,1243647
1354908,1354911,1243650
1354908,1354913,1243650
1354966,47681,1243651
1354966,47686,1243651
1354966,47688,1243651
1354966,1354969,1243651
1355000,1355002,1243655
718040,1355658,1243696
1355661,1355662,1243696
718118,1355866,1243711
1356385,1356387,1243740
718330,1356467,1243747
1356596,49159,1243757
1356598,1356599,1243757
1356660,49251,1243759
1356662,1356663,1243759
1356837,1356838,1243769
1356839,1356840,1243769
1357573,1357574,1243797
1357818,50280,1243808
1357820,1357821,1243808
1358136,1358137,1243818
1358635,1358636,1243854
1359470,51827,1243894
1359476,1359477,1243894
1359516,1359517,1243894
1359541,1359492,1243894
1359542,1359611,1243894
1359542,1359634,1243894
1360393,1360410,1243915
1360393,1360437,1243915
1360393,1360438,1243915
1360393,1360530,1243915
1360406,52414,1243915
1360452,1360453,1243915
1360456,1360457,1243915
1360470,1360632,1243915
1360472,1360490,1243915
1360474,52355,1243915
1360477,1360636,1243915
1360484,1360486,1243915
1360488,1360489,1243915
1360495,1360612,1243915
1360496,1360500,1243915
1360497,1360506,1243915
1360543,52505,1243915
1360841,1360842,1243917
1360843,1360844,1243917
1360854,1360855,1243917
1360867,52644,1243917
1360869,52646,1243917
1361678,53106,1243942
1361688,1361689,1243942
1361691,53091,1243942
1362733,1362734,1243962
1362735,53707,1243962
1362780,1362781,1243962
1362782,1362783,1243962
53602,1362846,1243968
1362850,1362851,1243968
1363078,1363079,1243981
1363082,1363083,1243981
1363084,1363085,1243981
1363086,1363087,1243981
55174,55228,1244103
55174,55231,1244103
55174,1366028,1244103
55174,1366082,1244103
1370052,57881,1244255
1370172,1370173,1244257
722506,58178,1244285
1370552,58176,1244285
1370561,58186,1244285
723201,59537,1244386
1372565,1372566,1244423
1372816,60202,1244436
1373138,60425,1244445
1373146,60413,1244445
1373204,60444,1244448
1375549,1375550,1244503
724222,1375729,1244509
724222,1375732,1244509
724325,63215,1244528
1376215,1376216,1244543
1376257,1376258,1244544
1378158,1378160,1244609
1378850,1378851,1244661
1378902,67809,1244668
1379573,1379574,1244716
1380919,71511,1244807
725738,1380971,1244814
725738,1380974,1244814
725819,72144,1244834
1383668,75755,1244962
1388106,77406,1245061
1388107,77408,1245061
1388108,77476,1245061
1389567,77957,1245090
727798,1391465,1245148
727812,79316,1245151
1392196,80096,1245173
1392200,80113,1245173
1392201,80117,1245173
1392205,80132,1245173
1392206,80144,1245173
1392210,80162,1245173
1392211,1392212,1245173
1392215,1392216,1245173
1392223,80225,1245173
1392227,80241,1245173
1392228,80168,1245173
1392232,80181,1245173
1392234,1392240,1245173
1392692,1392693,1245193
1392694,1392695,1245193
1392696,1392697,1245193
1392698,1392699,1245193
1392700,1392701,1245193
729036,1394017,1245314
729748,84152,1245453
1396278,1396279,1245453
1399691,87259,1245534
1399693,1399694,1245534
1399698,1399699,1245534
1399700,1399701,1245534
1399705,1399706,1245534
1399708,1399709,1245534
1399835,1399836,1245537
1400707,87620,1245541
1400724,87638,1245542
1401131,1401132,1245543
1401138,87739,1245544
1401146,1401147,1245548
1401173,1401184,1245551
1401179,1401186,1245551
1401183,1401185,1245551
1401253,1401263,1245552
1401258,1401265,1245552
1401262,1401264,1245552
1401332,1401333,1245556
1402228,88172,1245564
1403993,1403994,1245634
1403995,1403996,1245634
1404332,1404333,1245661
1404334,1404335,1245661
1404337,90774,1245661
1404340,1404341,1245661
1404342,1404343,1245661
1404343,1404344,1245661
1404345,1404346,1245661
1404346,1404347,1245661
1404348,1404350,1245661
1404351,90766,1245661
1404352,90768,1245661
1404353,1404354,1245661
1404391,1404392,1245662
1404397,1404400,1245662
1404401,1404409,1245662
1404402,1404404,1245662
1404404,1404407,1245662
1404409,1404410,1245662
1404411,1404413,1245662
1404489,1404490,1245663
1404500,1404501,1245663
1404503,1404504,1245663
1404771,1404772,1245676
91604,1405167,1245701
1408031,1408034,1245744
93790,93769,1245746
93790,93782,1245746
93790,1408084,1245746
1408890,1408891,1245779
1408893,1408894,1245779
1408901,1408902,1245779
1408905,1408906,1245779
1408907,94373,1245779
1408908,1408909,1245779
1408910,1408911,1245779
1408912,1408913,1245779
1408915,1408916,1245779
1408917,1408918,1245779
1409049,1409050,1245781
1409055,1409056,1245782
1409061,1409062,1245783
1409153,1409155,1245788
734838,1409496,1245819
734886,94852,1245826
1410693,1410694,1245899
1410696,1410697,1245899
1410699,1410700,1245899
1410702,1410703,1245899
1410705,1410706,1245899
1410708,1410709,1245899
1410711,1410712,1245899
1410714,1410715,1245899
1410717,1410718,1245899
1410720,1410721,1245899
1410723,1410724,1245899
1410726,1410727,1245899
1410731,1410732,1245899
1410735,1410736,1245899
1410738,1410739,1245899
1411767,1411771,1245940
1411771,1411772,1245940
1413417,97235,1246006
1413417,97245,1246006
1413685,1413686,1246017
1413734,1413736,1246018
1414422,1414425,1246084
1415486,1415487,1246126
737051,99122,1246133
737051,99166,1246133
737069,99141,1246133
99218,99213,1246134
100066,1416594,1246196
100066,1416600,1246196
100066,1416602,1246196
100066,1416607,1246196
100066,1416610,1246196
100066,1416611,1246196
100066,1416619,1246196
1417970,1417971,1246228
1417973,1417974,1246228
738704,102415,1246300
739078,1420550,1246358
739078,1420552,1246358
739321,1421611,1246385
739321,1421614,1246385
1421946,1421947,1246397
1421938,1421939,1246399
1422014,104250,1246401
1422030,104234,1246401
1422036,104218,1246401
1422041,104202,1246401
1423020,1423021,1246436
1423305,1423306,1246446
1423399,1423400,1246448
1423412,1423413,1246448
1423434,1423437,1246449
1423435,1423436,1246449
1423442,1423443,1246449
1423457,1423458,1246450
1423459,1423460,1246450
1423482,1423483,1246453
1425431,107124,1246496
1425826,107343,1246512
1425830,107345,1246512
1425831,1425832,1246512
1425879,1425880,1246513
1425881,107357,1246513
1425883,107353,1246513
1426788,1426789,1246517
1426890,107561,1246518
1427448,107677,1246531
1427455,1427456,1246531
1427463,1427464,1246531
1427465,1427466,1246531
1427469,1427473,1246531
1427565,107688,1246532
1427572,1427573,1246532
1427574,1427575,1246532
1427576,1427577,1246532
1427589,1427590,1246532
1427591,1427592,1246532
1427595,1427600,1246532
1427596,1427601,1246532
1428062,1428063,1246544
1428224,108079,1246549
1428229,1428246,1246549
1429307,1429308,1246605
1429389,108822,1246611
1429392,108820,1246611
1429590,1429581,1246618
1429599,1429620,1246618
1430047,1430050,1246631
1430053,1430055,1246631
109694,1430354,1246646
109698,1430353,1246646
1430592,109898,1246654
1430766,109965,1246659
1431810,1431817,1246712
742109,110884,1246724
1432483,1432484,1246743
1432486,1432488,1246743
1432489,1432490,1246743
1434071,1434072,1246844
1434075,1434076,1246844
1434080,1434081,1246844
1436198,1436199,1246960
1436577,114895,1247001
115164,1436908,1247032
115290,1437162,1247049
1438918,1438920,1247163
1438937,117337,1247165
117781,117790,1247212
117782,1439520,1247212
117782,1439521,1247212
117782,1439522,1247212
117782,1439523,1247212
1439527,117788,1247212
117893,117888,1247250
745655,1440020,1247270
745655,1440021,1247270
1440147,1440148,1247285
1440151,118095,1247285
1440326,1440344,1247297
1440336,1440337,1247297
745987,1441293,1247321
1441255,1441281,1247321
1441512,1441514,1247331
1441569,1441570,1247334
119143,119137,1247342
746184,119179,1247350
1442561,119957,1247428
746821,1442836,1247454
746821,1442839,1247454
747759,1444965,1247571
1444967,1444969,1247571
747785,1445056,1247578
1445948,1445949,1247678
1445958,1445959,1247679
1447608,1447609,1247773
1447618,1447620,1247773
1450856,126338,1247975
1451261,1451262,1247992
750142,126808,1248003
1452857,1452861,1248155
1452864,1452865,1248155
1453008,1453009,1248158
1453013,1453014,1248158
1453430,128522,1248199
1453519,128654,1248209
1453521,1453522,1248209
1453551,1453552,1248209
1453562,128635,1248209
1453575,128655,1248209
751598,1454189,1248233
751606,129217,1248233
751626,1454187,1248233
1454164,1454165,1248233
1454169,1454170,1248233
1454174,129229,1248233
1454179,1454180,1248233
1455142,1455143,1248281
1456563,1456566,1248310
1456563,1456568,1248310
1456563,1456570,1248310
1456563,1456571,1248310
1456563,1456574,1248310
1456563,1456578,1248310
1456563,1456579,1248310
1456563,1456580,1248310
1456563,1456581,1248310
1456563,1456593,1248310
1456563,1456596,1248310
1456895,1456896,1248320
1457011,131720,1248326
1457012,131728,1248326
1457013,1457024,1248326
1457015,131736,1248326
1457016,131744,1248326
1460023,1460024,1248464
1460051,134228,1248465
1460059,1460060,1248465
1460063,1460064,1248465
1460065,1460066,1248465
1460067,1460068,1248465
1460069,1460070,1248465
1460071,1460072,1248465
1460073,1460074,1248465
1460075,1460076,1248465
1460083,134211,1248465
134645,134655,1248488
754174,1461632,1248551
755239,138538,1248783
1464524,1464525,1248793
1464566,1464567,1248794
1468141,1468143,1248980
1470973,1470974,1249027
758379,1471360,1249046
758379,1471386,1249046
1471852,146182,1249083
1472068,1472069,1249099
1472074,1472075,1249101
1472591,1472593,1249128
1472592,146721,1249128
1473672,147143,1249146
1473673,147144,1249146
1473675,147145,1249146
1473798,147228,1249153
1475035,147789,1249186
1475035,147796,1249186
1475266,1475267,1249204
1475668,1475676,1249228
1475698,1475699,1249229
1475700,1475701,1249229
1475949,148398,1249238
1476052,1476053,1249245
1476104,1476105,1249246
1476182,1476183,1249247
1476220,1476221,1249250
1476223,1476224,1249250
1476226,1476228,1249250
1476231,1476232,1249250
1476715,1476716,1249257
1476718,1476719,1249257
1476847,148819,1249273
760249,1477679,1249337
1483027,1483028,1249645
1483029,1483030,1249645
1483385,153265,1249655
1486532,155698,1249772
1486534,155699,1249772
1486565,1486566,1249773
1486691,155723,1249775
1486693,155738,1249775
1486709,1486712,1249776
1486710,1486711,1249776
1487666,1487667,1249805
1488301,1488302,1249832
1488561,157158,1249846
1489521,1489523,1249906
1489782,1489784,1249914
1489793,1489795,1249917
1493137,160879,1250030
1493139,160875,1250030
1493368,161039,1250046
766523,1494157,1250099
1494190,1494195,1250102
1494192,1494193,1250102
1494242,1494243,1250105
1494411,162211,1250110
1494413,162210,1250110
1494627,162089,1250117
1494629,162102,1250117
1494738,1494860,1250122
1494739,1494861,1250122
1494740,1494862,1250122
1494741,1494863,1250122
1494742,1494864,1250122
1494743,1494865,1250122
1494744,1494866,1250122
1494745,1494867,1250122
1494746,1494868,1250122
1494747,1494869,1250122
1494748,1494870,1250122
1494749,1494871,1250122
1494750,1494872,1250122
1494751,1494873,1250122
1494752,1494874,1250122
1494753,1494875,1250122
1494754,1494876,1250122
1494755,1494877,1250122
1494756,1494878,1250122
1494757,1494879,1250122
1494758,1494880,1250122
1494759,1494881,1250122
1494760,1494882,1250122
1494761,1494883,1250122
1494762,1494884,1250122
1494858,1494859,1250122
162527,162533,1250145
162527,162535,1250145
1495243,162627,1250146
1495244,162643,1250146
1495936,1495937,1250164
1495991,1495994,1250168
1495999,1496003,1250168
1495968,1495969,1250169
1495977,1495979,1250170
163187,1496129,1250182
1496418,1496420,1250218
1496420,1496421,1250218
1499152,1499153,1250400
768658,1499503,1250408
1500246,1500247,1250453
1500363,167177,1250465
769542,167977,1250500
769542,167978,1250500
769542,167979,1250500
1500948,1500949,1250500
1502751,1502752,1250591
1503379,1503381,1250642
1503720,1503721,1250676
1503725,1503726,1250676
1503730,1503731,1250676
1503819,1503820,1250684
1503824,1503825,1250684
1503829,1503830,1250684
1503852,1503856,1250686
1503855,170730,1250686
1504028,171024,1250695
1504031,170978,1250695
1504038,170995,1250695
1504039,171022,1250695
1504041,171023,1250695
1504013,1504014,1250697
1504018,1504020,1250697
1504036,1504037,1250701
1504472,1504473,1250728
1504497,1504498,1250729
1504502,1504503,1250729
1504510,1504511,1250729
1504514,1504515,1250729
1504538,1504539,1250730
1504543,1504544,1250730
1504550,1504551,1250730
1504557,1504559,1250730
1504567,1504568,1250730
1504571,1504572,1250730
1504578,1504579,1250730
1504585,1504586,1250730
1504925,1504927,1250749
1505839,1505841,1250772
1505863,1505864,1250772
1505868,1505869,1250772
1505899,1505900,1250773
1505905,1505906,1250773
1505955,1505956,1250778
1505959,1505960,1250778
1505963,1505964,1250778
1505967,1505968,1250778
1506269,1506318,1250788
1506270,1506321,1250788
1506271,1506330,1250788
1506316,1506371,1250788
1506323,1506326,1250788
1506324,1506325,1250788
1506326,1506329,1250788
1506327,1506328,1250788
1506331,1506333,1250788
1506334,1506335,1250788
172609,172579,1250799
172609,172595,1250799
172609,1506497,1250799
172609,1506498,1250799
1506764,1506823,1250801
1507025,173133,1250806
1507026,1507041,1250806
1507192,1507194,1250818
772074,1507563,1250831
772076,1507564,1250831
1508672,174416,1250931
1508787,1508788,1250938
1508789,1508790,1250938
1509448,174941,1250973
1509449,174942,1250973
1509451,174940,1250973
1509452,174944,1250973
1509453,174945,1250973
1509454,174946,1250973
1509456,1509457,1250973
1509459,1509460,1250973
1509462,1509463,1250973
1509465,174955,1250973
1509466,1509467,1250973
1509624,1509625,1250978
1510358,1510359,1251007
1514386,1514387,1251111
1516525,180294,1251253
1516533,1516535,1251253
1516542,180114,1251253
1516544,180033,1251253
1516545,180050,1251253
1516546,180067,1251253
1516547,180083,1251253
1516548,180093,1251253
1516555,179826,1251253
1516568,179757,1251253
1516572,1516573,1251253
1516579,1516580,1251253
1516582,1516583,1251253
1516585,1516586,1251253
1516589,179440,1251253
1516591,179443,1251253
1516593,179446,1251253
1516595,179449,1251253
774662,1516849,1251279
1517096,1517101,1251297
1517137,180377,1251300
1517145,1517146,1251300
1517148,1517149,1251300
1517151,1517152,1251300
1517156,1517157,1251300
1517948,1517949,1251368
1519610,1519613,1251449
1519779,1519780,1251463
1519958,182980,1251476
776753,1521194,1251559
776765,1521209,1251562
1521230,1521231,1251567
1521232,1521233,1251567
1521769,1521770,1251588
777076,1522164,1251608
777076,1522166,1251608
777076,1522168,1251608
1522166,1522184,1251608
1522168,1522185,1251608
1522321,1522323,1251613
1522330,1522332,1251614
1522338,1522340,1251616
1523630,1523631,1251713
1523631,1523633,1251713
777981,1524034,1251743
777981,1524037,1251743
778196,1524417,1251769
778196,1524418,1251769
1524820,1524821,1251805
778405,187005,1251826
778405,187006,1251826
778405,187007,1251826
778407,187031,1251826
778407,187032,1251826
778407,1525032,1251826
1524989,187003,1251826
1524989,187059,1251826
1524989,1524991,1251826
1524989,1524992,1251826
1524989,1524997,1251826
1524989,1525037,1251826
1524989,1525038,1251826
1524989,1525051,1251826
1525232,1525233,1251841
1525244,1525245,1251841
1525273,1525274,1251842
1525427,1525438,1251848
1525431,1525440,1251848
1525435,187371,1251848
1525489,1525490,1251851
1526045,187837,1251870
1526086,187851,1251873
1526212,1526215,1251877
1527158,188604,1251936
1530207,1530208,1252042
1530210,1530211,1252042
1530385,1530389,1252047
1530410,1530415,1252048
1530421,1530422,1252048
1530810,190197,1252068
192223,192256,1252162
192223,192259,1252162
192223,1532843,1252162
192223,1532896,1252162
781503,192952,1252202
1533682,1533683,1252205
1533700,1533701,1252209
1533713,1533714,1252210
1533715,1533716,1252210
1533736,1533737,1252215
1533780,1533783,1252216
1533789,1533791,1252216
1533836,1533838,1252220
1533842,1533843,1252220
781591,1534082,1252245
1534655,1534657,1252258
1535835,194339,1252299
1537318,1537319,1252347
782759,1538815,1252380
782759,1538818,1252380
1541638,1541641,1252502
1541639,1541640,1252502
1541646,1541649,1252502
1541660,1541662,1252502
1541990,199467,1252527
783827,200040,1252553
1542967,1542968,1252599
1542970,200484,1252599
1542971,200453,1252599
1542972,1542973,1252599
1542975,200443,1252599
1542976,200445,1252599
1543735,201087,1252663
1548037,1548038,1252905
203975,203974,1252918
203975,1548255,1252918
1548342,204071,1252928
204254,204253,1252935
204254,204262,1252935
1549040,1549041,1252956
1549048,1549049,1252956
1549054,1549055,1252956
1549058,1549059,1252956
1549084,1549085,1252956
1549392,1549393,1252989
1549992,205325,1253057
1550310,1550311,1253088
1550310,1550313,1253088
1550310,1550314,1253088
1556072,1556073,1253404
1558412,1558413,1253491
1559032,1559033,1253545
1559035,1559036,1253545
1559979,213905,1253625
791117,215624,1253741
791242,1562197,1253752
791242,1562200,1253752
791244,1562236,1253755
791244,1562239,1253755
1562890,216351,1253824
1563622,1563623,1253902
1564909,217626,1254019
1566588,1566590,1254080
1567860,1567861,1254131
1567870,1567871,1254131
1567880,1567881,1254131
1568014,1568015,1254134
793555,221287,1254178
793585,221339,1254185
221957,1569691,1254229
221957,1569692,1254229
794255,1570425,1254275
1570910,1570914,1254310
1570915,1570917,1254310
1570918,1570919,1254310
1570920,223148,1254310
1570921,1570922,1254310
1572356,1572358,1254356
1572760,224629,1254383
1572761,224639,1254383
795364,1573037,1254405
795364,1573040,1254405
795364,1573043,1254405
795364,1573046,1254405
795364,1573050,1254405
795364,1573054,1254405
795364,1573056,1254405
795364,1573059,1254405
1573034,1573063,1254405
1575474,227127,1254545
228361,228371,1254677
1577288,1577289,1254693
1577298,1577299,1254695
797451,1577803,1254712
797467,1577845,1254713
798201,1579880,1254849
798209,1579906,1254850
1580254,231118,1254901
1580262,1580263,1254902
1580348,231148,1254907
1580352,231160,1254907
1580375,231167,1254910
1580379,231179,1254910
231796,231841,1254987
231796,231846,1254987
231796,1583722,1254987
231796,1583773,1254987
1584567,1584568,1255022
1584858,1584859,1255054
1585321,1585322,1255081
1586047,1586070,1255126
1586060,1586059,1255126
1586249,1586251,1255134
1586254,1586255,1255134
1586525,1586535,1255142
799759,1587381,1255170
1588517,1588518,1255286
1588519,1588520,1255286
1588521,1588522,1255286
1588523,1588524,1255286
1592341,1592346,1255433
1593528,1593542,1255508
1593549,1593555,1255508
1594397,1594398,1255561
1594409,1594410,1255565
1594419,1594420,1255566
1594429,1594430,1255568
1594637,1594638,1255592
1594675,1594676,1255596
1594678,1594679,1255596
1594681,1594682,1255596
1594684,1594686,1255596
1596296,239059,1255681
1597822,1597810,1255789
803479,241162,1255879
1600468,242285,1255978
804309,1601552,1256057
804677,1602494,1256116
1602754,1602756,1256148
1602757,1602758,1256148
1602760,1602761,1256148
1602763,1602764,1256148
1602766,1602767,1256148
1603853,1603867,1256220
1603853,1603868,1256220
1603853,1603869,1256220
1603853,1603870,1256220
246662,246676,1256281
1605233,1605270,1256281
1605233,1605275,1256281
1605270,1605271,1256281
1605275,1605276,1256281
1605839,1605842,1256325
1605854,1605857,1256325
1605861,1605864,1256325
1605872,1605875,1256325
1605879,1605882,1256325
1605886,1605889,1256325
1605897,1605900,1256325
1605909,1605912,1256325
1605919,1605922,1256325
1605930,1605933,1256325
1605946,1605949,1256325
1605960,1605963,1256325
1605971,1605973,1256325
1605979,1605982,1256325
1606056,1606043,1256325
1606056,1606047,1256325
1606058,1606032,1256325
1606058,1606036,1256325
1606060,1606017,1256325
1606060,1606020,1256325
1606066,1605996,1256325
1606066,1606000,1256325
1606733,249499,1256360
1607982,250829,1256436
251069,1608357,1256464
1608788,1608813,1256483
1609045,1609048,1256500
1609051,1609060,1256500
1609052,1609061,1256500
807479,1609075,1256506
807479,1609077,1256506
1609657,252110,1256517
1609657,1609601,1256517
1609657,1609602,1256517
1609873,1609874,1256523
1609875,1609876,1256523
1609877,1609879,1256523
807671,1609970,1256528
807671,1609971,1256528
807677,1609966,1256528
807677,1609967,1256528
1609965,252339,1256528
1610024,1609980,1256528
1610024,1609982,1256528
1610024,1609996,1256528
1610024,1610000,1256528
1610024,1610004,1256528
1610024,1610014,1256528
1610026,1609974,1256528
1610026,1609976,1256528
1610026,1609987,1256528
1610026,1609992,1256528
1610026,1610007,1256528
1610026,1610013,1256528
1610267,252464,1256554
807763,1610372,1256561
807763,1610373,1256561
1612779,254342,1256686
1612819,1612820,1256688
808680,1613125,1256712
808680,1613128,1256712
1613529,254939,1256732
1613595,1613597,1256736
809645,1615927,1256849
809647,1615926,1256849
1617628,1617630,1257027
810545,258664,1257041
1617989,1617990,1257045
810579,258709,1257058
810832,259348,1257077
1618655,259170,1257077
1618660,259317,1257077
1618666,259381,1257077
1618667,259414,1257077
810901,1618837,1257085
1619476,1619477,1257138
1620264,1620265,1257165
1620886,1620888,1257192
1620892,1620893,1257192
1620899,1620900,1257192
1623287,1623288,1257304
1623289,1623294,1257304
1623290,1623291,1257304
1623292,1623293,1257304
262910,1624661,1257312
262910,1624681,1257312
1624642,1624643,1257312
1624644,1624645,1257312
1624653,1624654,1257312
1624655,1624656,1257312
1624658,1624659,1257312
1624667,1624671,1257312
1624675,1624676,1257312
1624677,1624678,1257312
1624679,1624680,1257312
263128,1625498,1257313
263128,1625588,1257313
263128,1625591,1257313
263128,1625594,1257313
263144,263221,1257313
263144,263222,1257313
263144,263225,1257313
263144,1625467,1257313
263146,1625460,1257313
263146,1625503,1257313
263146,1625505,1257313
263146,1625507,1257313
263151,1625484,1257313
263151,1625489,1257313
263151,1625547,1257313
263151,1625550,1257313
263151,1625553,1257313
263151,1625569,1257313
263151,1625571,1257313
263151,1625573,1257313
263165,1625474,1257313
263165,1625529,1257313
263165,1625531,1257313
263165,1625533,1257313
263192,1625509,1257313
263192,1625511,1257313
263192,1625514,1257313
263192,1625522,1257313
263192,1625523,1257313
263192,1625525,1257313
263192,1625535,1257313
263192,1625537,1257313
263192,1625540,1257313
263192,1625556,1257313
263192,1625559,1257313
263192,1625563,1257313
263192,1625575,1257313
263192,1625578,1257313
263192,1625582,1257313
263192,1625597,1257313
263192,1625600,1257313
263192,1625604,1257313
263340,1625443,1257313
1625442,1625444,1257313
1625444,1625445,1257313
1625479,1625480,1257313
1625543,1625544,1257313
1625609,1625665,1257313
1625667,1625785,1257313
1627014,263497,1257348
813397,264306,1257437
1628793,1628794,1257469
1628795,1628796,1257469
1628797,1628798,1257469
1628799,1628800,1257469
1628801,1628802,1257469
1628803,1628804,1257469
1628805,1628806,1257469
1628807,1628808,1257469
1628809,1628811,1257469
1628812,1628813,1257469
1628814,1628815,1257469
1628816,1628817,1257469
1628818,1628819,1257469
1628820,1628821,1257469
1628822,1628823,1257469
1628824,1628825,1257469
1628826,1628827,1257469
1628828,1628829,1257469
1628830,1628831,1257469
1628832,1628833,1257469
1629222,1629223,1257497
1632146,1632147,1257614
1632185,1632186,1257615
1632242,1632243,1257616
1632254,1632255,1257617
1632270,1632271,1257618
267494,267548,1257622
267494,267550,1257622
267494,267552,1257622
267494,1632375,1257622
267494,1632387,1257622
267494,1632395,1257622
267494,1632403,1257622
267494,1632404,1257622
267494,1632411,1257622
267494,1632412,1257622
1632373,1632374,1257622
1632377,1632378,1257622
1632380,1632382,1257622
1632384,1632386,1257622
1632389,1632391,1257622
1632393,1632394,1257622
1632397,1632398,1257622
1632406,1632407,1257622
1632409,1632410,1257622
1632413,1632414,1257622
814960,268191,1257661
814960,1633283,1257661
1633413,268415,1257664
1633415,1633416,1257664
1633417,1633418,1257664
1633420,268421,1257664
1633527,1633528,1257682
815175,1633922,1257710
815175,1633927,1257710
815194,1634033,1257723
815491,1635026,1257767
269952,1635655,1257806
1636149,1636150,1257853
1636165,1636166,1257854
1636177,1636178,1257856
271462,271505,1257916
271462,271509,1257916
271462,271513,1257916
271462,1637327,1257916
271462,1637336,1257916
271462,1637342,1257916
271462,1637346,1257916
271462,1637347,1257916
271462,1637354,1257916
271462,1637355,1257916
1637325,1637326,1257916
1637328,1637329,1257916
1637330,1637332,1257916
1637333,1637335,1257916
1637337,1637339,1257916
1637340,1637341,1257916
1637344,1637345,1257916
1637349,1637350,1257916
1637352,1637353,1257916
1637356,1637357,1257916
816696,1639151,1258012
816696,1639155,1258012
1640191,1640199,1258093
1640191,1640203,1258093
273166,273168,1258095
273166,1640240,1258095
273166,1640241,1258095
273166,1640242,1258095
1640980,273670,1258147
1641520,274200,1258210
1643264,276064,1258276
1643265,276066,1258276
1643268,1643269,1258276
1643272,1643274,1258276
1643278,276081,1258276
1643280,276115,1258276
1643643,1643644,1258313
1643992,1643993,1258330
278181,278190,1258497
819462,278191,1258497
1646667,1646669,1258556
1646700,278488,1258559
1648101,1648102,1258616
1649046,1649047,1258649
1649167,1649168,1258653
1649805,1649806,1258714
1649818,1649819,1258716
1650808,1650809,1258779
281566,1651020,1258790
1651430,1651432,1258809
1651487,1651491,1258810
1651502,1651504,1258811
1652610,1652611,1258819
1652611,1652612,1258819
1652613,1652614,1258819
1652614,1652615,1258819
1652757,1652758,1258820
1652758,1652762,1258820
1652759,1652760,1258820
1652760,1652761,1258820
1652779,1652780,1258821
1652780,282321,1258821
1652781,1652782,1258821
1652782,1652786,1258821
1652783,1652784,1258821
1652784,1652785,1258821
1652787,1652788,1258821
1652788,282331,1258821
282665,1653003,1258824
1653052,1653053,1258827
1653054,282818,1258827
1653057,1653058,1258827
1653059,282835,1258827
1654807,1654808,1258922
1654808,1654810,1258922
1654811,1654812,1258922
1654819,1654820,1258922
1654820,285207,1258922
1654824,1654825,1258922
1654830,1654831,1258922
1654834,1654835,1258922
1654839,1654840,1258922
1654840,285217,1258922
1654853,1654854,1258922
1654854,285157,1258922
1654863,1654864,1258922
822250,1657155,1259018
1658503,1658504,1259116
1658955,1658956,1259155
823206,1659235,1259167
823206,1659237,1259167
823206,1659238,1259167
1659237,1659252,1259167
1659238,1659253,1259167
288953,1659942,1259193
1659932,1659940,1259193
1660283,1660284,1259223
1660285,1660286,1259223
1660287,1660288,1259223
1660425,1660426,1259236
1660430,1660431,1259236
1660434,1660435,1259236
1660485,289303,1259240
1660486,289302,1259240
1660487,289301,1259240
289800,1661170,1259275
289800,1661176,1259275
289800,1661178,1259275
289800,1661183,1259275
289800,1661186,1259275
289800,1661187,1259275
289800,1661195,1259275
823944,289867,1259281
1662080,1662081,1259338
1662084,290578,1259338
1662087,290579,1259338
824446,1662332,1259354
824446,1662340,1259354
291502,1664173,1259406
1664185,1664186,1259407
1664190,1664191,1259407
1664204,1664205,1259409
824765,1664375,1259418
1664362,291544,1259418
1664362,1664363,1259418
1664366,1664362,1259418
1664375,291539,1259418
1664375,1664368,1259418
1665983,1665984,1259467
1666005,1666006,1259468
825244,293088,1259471
825248,293114,1259471
825248,293145,1259471
825248,293162,1259471
825248,1667079,1259471
825248,1667081,1259471
825248,1667086,1259471
1667078,293078,1259471
1667085,293151,1259471
1667092,293168,1259471
1668163,1668164,1259528
1668174,1668158,1259528
826063,1669757,1259547
826069,295008,1259547
826069,1669753,1259547
826079,295019,1259547
1669745,1669746,1259547
1669768,295021,1259547
1669785,1669738,1259547
826207,295164,1259548
826209,295166,1259548
1670028,1670029,1259548
1670042,295170,1259548
1670710,295828,1259587
1670717,295848,1259587
1670901,1670902,1259594
1670917,1670918,1259596
1672167,1672168,1259654
827519,297542,1259670
827705,297972,1259680
827702,1672757,1259682
827707,1672767,1259682
827707,1672773,1259682
1673711,298619,1259732
1674714,1674715,1259805
1674716,1674717,1259805
1674718,1674719,1259805
1674720,1674721,1259805
1674786,1674787,1259808
1674788,1674789,1259808
1674790,1674791,1259808
1674792,1674793,1259808
1674794,1674795,1259808
1674796,1674797,1259808
1674798,1674799,1259808
1675005,1675006,1259814
1676097,1676098,1259885
828880,1676552,1259914
828880,1676562,1259914
828880,1676564,1259914
1676550,301595,1259914
1676737,301694,1259919
306410,1681150,1259945
306410,1681153,1259945
306410,1681159,1259945
306410,1681168,1259945
306410,1681179,1259945
306410,1681185,1259945
306410,1681188,1259945
306410,1681194,1259945
306410,1681198,1259945
306410,1681205,1259945
306410,1681211,1259945
306410,1681218,1259945
306410,1681221,1259945
306410,1681226,1259945
306410,1681233,1259945
306410,1681239,1259945
306410,1681242,1259945
306410,1681249,1259945
306410,1681255,1259945
306410,1681262,1259945
306410,1681269,1259945
306410,1681276,1259945
306410,1681279,1259945
306410,1681286,1259945
1681128,1681494,1259945
1681129,1681130,1259945
1681131,1681132,1259945
1681133,1681134,1259945
1681135,1681136,1259945
1681137,1681138,1259945
1681234,1681235,1259945
1681295,1681297,1259945
1681317,1681319,1259945
1680160,305301,1259986
1680321,305537,1259991
1680326,1680327,1259991
829997,1681088,1260006
830004,1681097,1260007
1682686,1682687,1260042
1682709,307114,1260042
1683046,1683047,1260056
1683050,1683051,1260056
1683067,307333,1260058
1683305,1683306,1260065
1684109,307842,1260086
1684182,1684183,1260094
1684233,1684240,1260102
1684234,1684245,1260102
1684257,1684224,1260102
1684257,1684226,1260102
1684257,1684228,1260102
1684257,1684230,1260102
830873,307954,1260114
830881,307972,1260114
830961,308061,1260121
830984,308091,1260121
1685470,1685474,1260185
1685472,1685473,1260185
1685476,1685483,1260185
1685477,1685481,1260185
1685479,1685480,1260185
1685485,1685489,1260185
1685487,1685488,1260185
1685491,1685499,1260185
1685492,1685496,1260185
1685494,1685495,1260185
1685526,1685530,1260187
1685528,1685529,1260187
831654,1686378,1260212
831692,309251,1260217
831696,309253,1260217
831697,1686650,1260217
831699,309262,1260217
831843,309569,1260238
1688450,310748,1260299
832394,311032,1260307
1689555,311837,1260361
1689595,311842,1260362
1689714,1689715,1260363
1689716,1689717,1260363
1690634,1690635,1260419
833277,312681,1260426
833277,312682,1260426
833279,312686,1260426
833279,312687,1260426
1691396,1691397,1260475
1691399,1691400,1260475
1691758,1691759,1260488
313680,1691800,1260493
313786,1691917,1260505
834625,315260,1260628
1695207,1695209,1260699
1695268,1695271,1260701
1696264,1696266,1260776
1696497,317242,1260777
1696558,317241,1260777
1697366,317525,1260782
1697384,317526,1260782
1697422,317581,1260782
1697596,317580,1260782
835884,1700263,1260798
835884,1700266,1260798
1699699,1699765,1260800
1699713,1699714,1260800
1699741,1699742,1260800
1699751,1699752,1260800
1702017,1702018,1260939
1702838,1702839,1261013
1702842,1702840,1261013
1702861,1702884,1261013
1704102,1704103,1261068
1704265,321065,1261072
1704280,321093,1261074
1704288,1704289,1261074
1704294,1704295,1261074
1704404,1704419,1261076
1704499,321198,1261083
1705176,1705177,1261113
1705180,1705185,1261113
1705364,1705365,1261123
1705371,1705372,1261123
1705377,1705378,1261123
1705381,1705382,1261123
1706325,1706328,1261170
838279,323329,1261205
1708577,1708578,1261323
1708592,324418,1261324
1708708,324460,1261332
1708713,324466,1261332
1710701,325717,1261418
1711714,1711715,1261470
1711783,1711784,1261474
1711786,1711787,1261474
840651,327549,1261538
840695,327578,1261538
840730,327605,1261538
840757,1713394,1261539
841219,1714058,1261570
1716359,330291,1261754
1717165,331194,1261797
1717166,331209,1261797
1717270,331358,1261811
842875,1717805,1261841
842875,1717808,1261841
331924,331939,1261843
331924,331943,1261843
331924,1717955,1261843
331926,331941,1261843
331926,331945,1261843
331926,1717954,1261843
1718238,1718239,1261873
1718288,332291,1261876
843082,1718312,1261878
1720242,334133,1262002
1720980,1720981,1262016
1720983,1720984,1262016
1720988,335231,1262016
1720988,335234,1262016
1720988,335237,1262016
1720988,335240,1262016
1720988,335243,1262016
1720988,335255,1262016
1720988,335261,1262016
1720988,335269,1262016
1720988,335280,1262016
1720988,335285,1262016
1720988,335293,1262016
1720988,335303,1262016
1720988,335313,1262016
1720988,335316,1262016
1720988,335321,1262016
1720988,335324,1262016
1720988,335327,1262016
1720988,335345,1262016
1720988,335352,1262016
1720988,335357,1262016
1720988,335362,1262016
1720988,335367,1262016
1720988,335377,1262016
1720988,335383,1262016
1720988,335386,1262016
1720988,335397,1262016
1720988,335410,1262016
1720988,335419,1262016
1720988,335424,1262016
1720988,335437,1262016
1720988,335444,1262016
1720988,335453,1262016
1720988,335456,1262016
1720988,335471,1262016
1720988,335476,1262016
1720988,335479,1262016
1720988,335493,1262016
1720988,335520,1262016
1720988,335535,1262016
1720988,335542,1262016
1720988,335550,1262016
1720988,335565,1262016
1720988,335573,1262016
1720988,335576,1262016
1720988,335583,1262016
1720988,335586,1262016
1720988,335591,1262016
1720988,335603,1262016
1720988,335606,1262016
1720988,335615,1262016
1720988,335620,1262016
1720988,335636,1262016
1720988,335639,1262016
1720988,335675,1262016
1720988,335690,1262016
1720988,335697,1262016
1720988,335741,1262016
1720988,335752,1262016
1720988,335775,1262016
1720988,335793,1262016
1720988,335820,1262016
1720988,335823,1262016
1720988,335832,1262016
1720988,335845,1262016
1720988,335851,1262016
1720988,335896,1262016
1720988,335904,1262016
1720988,335918,1262016
1720988,335927,1262016
1720988,335944,1262016
1720988,335951,1262016
1720988,335969,1262016
1720988,335976,1262016
1720988,335997,1262016
1720988,336005,1262016
1720988,336010,1262016
1720988,336044,1262016
1720988,336049,1262016
1720988,336054,1262016
1720988,336076,1262016
1720988,336081,1262016
1720988,336093,1262016
1720988,336096,1262016
1720988,336101,1262016
1720988,336113,1262016
1720988,336116,1262016
1720988,336162,1262016
1720988,336165,1262016
1720988,336168,1262016
1720988,336176,1262016
1720988,336179,1262016
1720988,336189,1262016
1720988,336192,1262016
1720988,336208,1262016
1720988,336226,1262016
1720988,336247,1262016
1720988,336252,1262016
1720988,336270,1262016
1720988,336276,1262016
1720988,336279,1262016
1720988,336296,1262016
1720988,336301,1262016
1720988,336315,1262016
1720988,336320,1262016
1720988,336336,1262016
1720988,336344,1262016
1720988,336362,1262016
1720988,336370,1262016
1720988,336378,1262016
1720988,336387,1262016
1720988,336397,1262016
1720988,336401,1262016
1720988,336410,1262016
1720988,336417,1262016
1720988,336442,1262016
1720988,336450,1262016
1720988,336466,1262016
1720988,336469,1262016
1720988,336474,1262016
1720988,336494,1262016
1720988,336500,1262016
1720988,336505,1262016
1720988,336576,1262016
1720988,336589,1262016
1720988,336594,1262016
1720988,336623,1262016
1720988,336628,1262016
1720988,336656,1262016
1720988,336665,1262016
1720988,336679,1262016
1720988,336684,1262016
1720988,336691,1262016
1720988,336713,1262016
1720988,336725,1262016
1720988,336733,1262016
843601,1720427,1262017
843616,1720455,1262022
334350,1720658,1262030
1721178,334625,1262047
336788,1722246,1262125
336788,1722272,1262125
336794,1722242,1262125
336796,1722244,1262125
336796,1722261,1262125
336796,1722273,1262125
338561,1724170,1262234
338561,1724172,1262234
338561,1724174,1262234
338561,1724184,1262234
338561,1724189,1262234
1724176,1724161,1262234
1724176,1724171,1262234
1724176,1724185,1262234
1725003,1725004,1262281
1725009,1725012,1262281
1725051,339470,1262286
1725052,339479,1262286
1725517,339770,1262324
1725629,1725631,1262328
1725995,1725997,1262343
1726003,1726005,1262343
1726008,340163,1262343
1726010,1726011,1262343
1726014,340130,1262343
1726021,1726022,1262343
1726032,340106,1262343
1726259,340182,1262347
1726365,1726368,1262349
1726366,1726367,1262349
1726372,1726373,1262349
1726564,1726565,1262354
1726629,1726630,1262355
1726638,1726639,1262355
1726640,1726641,1262355
1726828,1726829,1262358
1726834,1726839,1262358
846133,1728637,1262414
1728638,1728639,1262414
1728640,341488,1262414
1728641,341493,1262414
1728643,341476,1262414
1728645,341481,1262414
1728646,1728647,1262414
1728648,341459,1262414
1728649,341461,1262414
1728800,1728802,1262419
1728805,1728806,1262419
1728809,1728810,1262419
1728814,1728815,1262419
1728818,1728819,1262419
846977,1730391,1262472
1730606,1730607,1262486
1730610,344239,1262486
1730639,1730640,1262486
1730641,1730642,1262486
1731133,1731134,1262509
1731135,1731136,1262509
1731352,1731353,1262515
1731356,1731357,1262515
1731359,1731362,1262515
1731360,1731361,1262515
847409,1731589,1262522
1731566,1731594,1262522
1731567,1731568,1262522
1731633,344978,1262523
1731650,1731651,1262523
1731654,1731655,1262523
1731658,1731659,1262523
1731619,1731620,1262524
1731973,1731974,1262555
1731978,1731979,1262555
1731983,1731984,1262555
1732424,345625,1262589
1732434,345627,1262589
1732590,1732591,1262596
848279,1733794,1262694
1736321,1736378,1262845
1736330,1736331,1262845
1736333,1736334,1262845
1736338,1736323,1262845
1736340,1736372,1262845
1736485,1736486,1262851
1737502,1737503,1262926
1738207,1738208,1262973
1738210,1738211,1262973
1738212,351940,1262973
1738238,1738239,1262984
352913,352909,1263049
850882,1739569,1263067
850882,1739572,1263067
850983,1739792,1263076
1741723,1741724,1263187
1744030,1744031,1263294
1744033,1744034,1263294
851726,1744061,1263298
1744812,1744813,1263359
1744816,1744817,1263360
1744864,356311,1263367
1744865,356321,1263367
1744868,356337,1263367
1744870,356351,1263367
1746955,1746956,1263393
1750796,1750798,1263462
853702,1752808,1263531
853702,1752810,1263531
1752808,1752809,1263531
1752810,361333,1263531
854183,1754953,1263571
854183,1754957,1263571
854183,1754961,1263571
854184,1754954,1263571
854184,1754958,1263571
854184,1754962,1263571
854186,1754955,1263571
854186,1754959,1263571
854186,1754963,1263571
1758000,365888,1263737
856618,366528,1263784
1759414,1759416,1263823
1759418,1759419,1263823
1759421,1759422,1263823
1759428,1759429,1263823
1759756,367402,1263855
1759757,367434,1263855
1759758,367449,1263855
1759759,1759760,1263855
1759762,367466,1263855
857567,368842,1263971
1761798,1761799,1263974
1761800,1761801,1263974
1761908,1761909,1263979
1761911,1761912,1263979
858478,371832,1264033
857977,1763103,1264045
858009,369586,1264052
1764239,1764241,1264087
1764239,1764242,1264087
1764271,1764274,1264089
1764272,1764278,1264089
1764272,1764296,1264089
1764273,1764277,1264089
1764643,1764646,1264108
858290,371062,1264122
1764973,1764974,1264140
1765141,1765142,1264143
1765167,1765168,1264148
1765514,1765515,1264161
1765517,371850,1264161
1765573,1765574,1264165
1765575,1765576,1264165
858744,1765907,1264189
1766190,372582,1264191
1768627,1768628,1264300
1768651,1768656,1264301
1768654,1768655,1264301
1768716,1768721,1264302
1768719,1768720,1264302
1768728,374147,1264302
1768733,1768744,1264302
1768738,1768740,1264302
1770236,1770237,1264441
1770846,1770847,1264481
1770857,1770858,1264481
860968,377073,1264546
1774064,378127,1264675
1774715,1774716,1264738
1774718,378653,1264738
379211,1775356,1264819
379211,1775358,1264819
379211,1775360,1264819
379211,1775362,1264819
379211,1775364,1264819
379211,1775366,1264819
379211,1775369,1264819
379211,1775372,1264819
379211,1775374,1264819
379211,1775376,1264819
379211,1775378,1264819
379211,1775379,1264819
379211,1775381,1264819
1775715,379393,1264849
1776399,1776400,1264917
1776406,1776407,1264918
1776416,1776419,1264920
1776417,1776418,1264920
1776629,1776630,1264925
1776635,1776636,1264925
1776641,1776642,1264925
380057,1776864,1264951
380057,1776865,1264951
380057,1776867,1264951
380057,1776868,1264951
380058,1776866,1264951
1777140,380468,1264971
1777145,380515,1264971
1779301,382389,1265120
1780915,1780917,1265151
1783301,1783302,1265198
1784712,1784713,1265256
1784837,1784838,1265271
1784841,1784842,1265271
1784844,1784845,1265271
1784871,1784872,1265272
1784873,1784874,1265272
385709,385783,1265276
385709,385797,1265276
385709,1785029,1265276
385709,1785080,1265276
866370,1788123,1265432
1790975,1790978,1265509
1790982,390787,1265509
1791089,1791090,1265517
1791130,1791126,1265523
1791133,1791122,1265523
1793536,1793543,1265688
1793536,1793544,1265688
1793536,1793547,1265688
1793536,1793548,1265688
1793536,1793554,1265688
1793536,1793555,1265688
1793536,1793556,1265688
1793536,1793557,1265688
1793536,1793558,1265688
1793536,1793559,1265688
1793536,1793560,1265688
1793536,1793561,1265688
1793536,1793573,1265688
1793536,1793576,1265688
1794757,1794758,1265722
1794760,1794761,1265722
1794966,393189,1265726
1794967,393194,1265726
1794977,393207,1265728
869311,1796275,1265803
869344,1796280,1265803
1796281,1796282,1265803
394549,1796803,1265845
394549,1796806,1265845
394549,1796809,1265845
394549,1796811,1265845
394848,1797008,1265854
869651,394799,1265854
869821,395176,1265891
869826,1797462,1265891
869855,395214,1265901
869855,1797548,1265901
1797615,1797612,1265902
869997,395404,1265911
870240,1798348,1265940
870308,1798512,1265944
870318,395940,1265947
1798874,1798875,1265967
1798876,396128,1265967
1798937,1798938,1265974
1801124,1801129,1266080
1801255,1801256,1266084
1801470,398748,1266105
1802224,1802237,1266146
1802230,1802242,1266146
1806066,1806067,1266338
1806085,1806086,1266340
1806093,1806094,1266340
1806137,1806138,1266341
1806141,1806142,1266341
1807571,1807579,1266392
873562,1808110,1266407
1808543,1808544,1266442
1808545,1808546,1266442
1808547,1808548,1266442
1808549,1808550,1266442
1808551,1808552,1266442
1808623,1808624,1266443
1808625,1808626,1266443
1808627,1808628,1266443
1808629,1808630,1266443
1808631,1808632,1266443
1808633,1808634,1266443
1808635,1808636,1266443
1808637,1808638,1266443
1808753,1808754,1266444
1808755,1808756,1266444
1808757,1808758,1266444
1808789,1808790,1266445
1808791,1808792,1266445
873767,404436,1266453
1810700,1810701,1266515
1812225,1812227,1266568
1812917,1812918,1266593
1812919,1812937,1266593
1812922,1812923,1266593
1812931,407000,1266593
1814214,1814215,1266680
1814335,1814336,1266684
1814337,408342,1266684
1814338,1814377,1266684
1814339,1814378,1266684
1814340,408341,1266684
1814341,408344,1266684
1814342,1814379,1266684
1814343,408346,1266684
1814346,1814347,1266684
1814348,1814349,1266684
1814350,1814351,1266684
1814352,1814353,1266684
1814354,1814355,1266684
1814356,1814357,1266684
1814358,408370,1266684
1814359,408371,1266684
1814360,1814363,1266684
1814361,1814362,1266684
1814366,1814369,1266684
1814367,1814368,1266684
1814370,1814373,1266684
1814371,1814372,1266684
1814374,408354,1266684
1814375,408351,1266684
1814376,408358,1266684
1814388,1814389,1266684
1814390,408367,1266684
1814391,408368,1266684
1814393,1814394,1266684
1814860,1814861,1266715
1814863,1814864,1266715
1814866,1814867,1266715
1814902,408873,1266719
1814903,1814905,1266719
1815025,1815030,1266729
1815027,1815028,1266729
1815071,1815073,1266730
1815075,1815077,1266730
1815087,1815088,1266730
1815090,1815091,1266730
1815093,1815094,1266730
1815096,1815097,1266730
1817046,1817047,1266872
1817134,1817135,1266874
1817178,1817190,1266875
1817181,1817182,1266875
1817322,1817323,1266881
1817326,1817327,1266881
1817748,1817749,1266901
1817752,1817754,1266901
1817759,1817760,1266901
1817951,1817952,1266915
877019,411327,1266923
877040,411364,1266925
877218,411648,1266934
877458,412139,1266958
1819013,1819014,1266968
1819315,1819316,1266995
1819721,1819723,1267016
878163,1821214,1267060
878516,414281,1267163
878649,1822708,1267198
878662,1822712,1267199
1823218,414837,1267213
1823218,414838,1267213
1823303,414883,1267216
1823303,414884,1267216
415407,1823827,1267237
1823825,1823828,1267237
1824216,1824218,1267247
1824489,1824490,1267272
1824491,1824492,1267272
1824525,415945,1267273
1824526,1824527,1267273
1824859,1824855,1267288
1825083,1825084,1267310
417714,1826837,1267463
1829191,1829192,1267571
1830293,1830294,1267610
1830333,1830335,1267610
1830336,1830337,1267610
1830339,420286,1267610
1830344,420174,1267610
1830470,420335,1267616
1831010,1831011,1267664
420757,420765,1267672
420757,420775,1267672
1831306,1831326,1267687
1831311,1831312,1267687
1831314,1831323,1267687
1831317,1831318,1267687
1831402,1831405,1267694
1831402,1831406,1267694
1831402,1831407,1267694
1831440,1831441,1267698
1831464,1831465,1267701
1831466,420932,1267701
1831496,1831497,1267703
1831650,1831651,1267706
1832118,1832120,1267736
1832118,1832125,1267736
1832118,1832128,1267736
1832118,1832136,1267736
1832119,421310,1267736
1832119,1832123,1267736
1832119,1832126,1267736
1832119,1832129,1267736
1832121,421307,1267736
1832130,1832202,1267736
1832131,1832132,1267736
1832134,1832135,1267736
1832137,1832177,1267736
1832143,1832144,1267736
1832146,1832147,1267736
1832149,1832150,1267736
882474,1832947,1267795
1832947,421709,1267795
1832947,1832948,1267795
882534,1833202,1267805
882620,421930,1267820
882620,421931,1267820
882624,421933,1267820
882624,421934,1267820
1836328,1836329,1268036
884043,424292,1268042
884078,424367,1268047
1837677,425214,1268100
1837678,1837679,1268100
1837894,425350,1268103
1837897,425346,1268103
884916,1838829,1268190
884916,1838832,1268190
1838852,1838854,1268191
1841900,1841905,1268404
1841900,1841909,1268404
1841900,1841911,1268404
886390,1842403,1268427
886390,1842406,1268427
1843490,1843491,1268508
1843669,1843671,1268512
1843675,1843676,1268512
1843783,1843784,1268521
887128,1844934,1268557
887128,1844940,1268557
887136,1844952,1268558
887136,1844954,1268558
887146,1844985,1268559
1845741,1845742,1268592
1845826,1845827,1268594
1845826,1845829,1268594
1845826,1845830,1268594
1846296,432463,1268614
1846298,432464,1268614
1846300,432454,1268614
1846304,432460,1268614
1846306,432461,1268614
1846308,432446,1268614
1846310,432447,1268614
1846313,432449,1268614
1846315,432450,1268614
432163,1847653,1268654
432163,1847677,1268654
432163,1847679,1268654
432163,1847704,1268654
432341,432347,1268664
1849893,1849894,1268693
1849940,432675,1268694
1850230,1850231,1268701
1850285,1850286,1268703
1850719,1850720,1268740
1850874,1850875,1268749
1851095,1851096,1268756
1851122,1851123,1268757
1851176,1851177,1268761
1851178,1851179,1268761
1852713,1852716,1268828
889885,437588,1268946
889946,437655,1268952
1854792,437767,1268963
1854793,437761,1268963
1854795,437750,1268963
1854796,437748,1268963
1855219,438015,1268998
890676,1856474,1269093
890676,1856476,1269093
890678,439214,1269093
890742,1856649,1269114
890744,1856648,1269114
1857596,1857598,1269167
891184,440135,1269172
891184,1857814,1269172
891184,1857816,1269172
891192,440148,1269172
891192,440153,1269172
1857812,440168,1269172
1857812,440172,1269172
1857813,440178,1269172
1858625,440791,1269241
1858626,440793,1269241
1858850,1858854,1269258
1858852,1858853,1269258
1858856,1858886,1269258
1858857,1858858,1269258
1858863,1858887,1269258
1858865,1858866,1269258
1858871,1858875,1269258
1858873,1858874,1269258
1858878,1858884,1269258
1858881,1858882,1269258
1858970,1859051,1269261
1858971,1858972,1269261
1858974,1858975,1269261
1858978,1858979,1269261
1858981,1858982,1269261
1858984,441255,1269261
1858986,441254,1269261
1858987,441253,1269261
1858989,441252,1269261
1858991,1858992,1269261
1858996,1859057,1269261
1858997,441241,1269261
1858999,441240,1269261
1859000,441239,1269261
1859002,441238,1269261
1859003,441237,1269261
1859005,441236,1269261
1859007,441220,1269261
1859009,441219,1269261
1859010,441218,1269261
1859012,441215,1269261
1859013,441214,1269261
1859015,441213,1269261
1859018,1859019,1269261
1859023,1859054,1269261
1859024,441193,1269261
1859026,441192,1269261
1859027,441191,1269261
1859029,441190,1269261
1859030,441189,1269261
1859032,441188,1269261
1859034,1859035,1269261
1859037,1859038,1269261
441278,1859121,1269263
441278,1859130,1269263
441278,1859132,1269263
441280,1859120,1269263
441280,1859196,1269263
441280,1859214,1269263
1859655,1859693,1269269
1859658,1859659,1269269
1859662,1859682,1269269
1859665,1859666,1269269
1859789,441634,1269277
1859791,441633,1269277
1859917,1859930,1269283
1859922,1859923,1269283
1859925,1859926,1269283
892362,442983,1269349
892363,1861078,1269349
892363,1861079,1269349
446105,1864163,1269543
446955,446947,1269590
1865120,446955,1269590
1865960,1865961,1269670
1865962,1865963,1269670
1865965,1865966,1269670
1866071,1866073,1269680
1867044,1867045,1269728
1867048,1867049,1269728
1867052,1867053,1269728
1867138,1867145,1269731
1867138,1867191,1269731
1867138,1867233,1269731
1867138,1867270,1269731
1867510,1867511,1269744
1869733,1869734,1269916
1869743,1869744,1269917
1869759,1869760,1269919
1871033,1871034,1270021
1871036,1871037,1270021
1871093,1871088,1270024
1872339,1872341,1270128
1872667,1872668,1270141
1872802,452693,1270146
1872805,452691,1270146
1873538,1873539,1270184
1873544,1873545,1270184
1873547,453126,1270184
1874623,453591,1270226
1875334,1875335,1270259
1875336,1875337,1270259
1876182,1876184,1270279
1876224,454425,1270282
1877272,1877274,1270341
1877293,1877291,1270342
899763,458678,1270593
899794,1882683,1270606
899794,1882686,1270606
900069,459130,1270645
900646,460257,1270726
900670,460327,1270731
900705,1884999,1270736
1885846,1885847,1270811
1885847,1885848,1270811
1885850,1885851,1270811
1885851,1885852,1270811
1885854,1885849,1270811
1885854,1885853,1270811
1886158,1886159,1270828
1886159,1886163,1270828
1886160,1886161,1270828
1886161,1886162,1270828
901091,1886218,1270829
901091,1886219,1270829
1886218,461358,1270829
1886219,461357,1270829
1886612,1886613,1270854
901509,1887434,1270905
1887649,1887650,1270914
1887698,1887700,1270921
1887705,1887712,1270921
1887709,1887711,1270921
1887808,1887810,1270928
1887819,1887821,1270928
1887829,1887831,1270928
901835,1888548,1270962
901835,1888549,1270962
901799,1888418,1270980
901805,1888568,1270981
901816,1888616,1270982
901868,1888665,1270987
901880,462604,1270990
902048,1889183,1271018
902048,1889185,1271018
902048,1889188,1271018
902063,1889266,1271028
902063,1889268,1271028
902063,1889271,1271028
902080,1889313,1271036
902080,1889315,1271036
902080,1889318,1271036
902819,464542,1271245
902845,464600,1271252
903551,1895949,1271388
903551,1895955,1271388
903551,1895957,1271388
903551,1895959,1271388
903572,1896023,1271399
903572,1896028,1271399
1896181,466125,1271411
903897,466548,1271459
903897,466549,1271459
903897,466550,1271459
1898090,467024,1271503
1898367,1898369,1271511
1898380,467063,1271511
1898385,1898387,1271511
1898390,467069,1271511
904241,1898716,1271529
904245,1898726,1271530
1898826,1898827,1271536
1898844,1898845,1271538
904319,467424,1271540
1900904,1900905,1271668
1901706,1901712,1271727
1901706,1901714,1271727
1902488,1902493,1271780
1902488,1902497,1271780
1902497,470974,1271780
1902669,471093,1271797
1904969,473461,1271942
907777,1905606,1272004
907777,1905609,1272004
1905912,474281,1272032
1905912,474290,1272032
1905948,474302,1272033
1905948,474318,1272033
1907903,1907904,1272156
1907931,1907932,1272159
1912399,1912406,1272331
1914966,1914967,1272439
1915154,1915155,1272441
910516,479922,1272505
910516,1916138,1272505
910516,1916141,1272505
910516,1916144,1272505
910516,1916153,1272505
910516,1916155,1272505
910669,480311,1272528
910669,480335,1272528
910669,480361,1272528
910669,480366,1272528
910669,1916689,1272528
910669,1916697,1272528
910669,1916745,1272528
910669,1916769,1272528
910669,1916793,1272528
910701,1916630,1272528
1916609,480462,1272528
1916609,480463,1272528
1916609,480464,1272528
1916609,480465,1272528
1916609,480466,1272528
1916609,480467,1272528
1916609,480468,1272528
1916609,480469,1272528
1916736,480312,1272528
1916736,480313,1272528
1916736,480337,1272528
1916736,480343,1272528
1916736,480349,1272528
1916736,480352,1272528
1916736,1916634,1272528
1916736,1916638,1272528
1916736,1916640,1272528
1916736,1916674,1272528
1916736,1916683,1272528
1916736,1916685,1272528
1916736,1916688,1272528
1916736,1916773,1272528
1916736,1916775,1272528
1916736,1916776,1272528
1917055,480485,1272557
910890,1917514,1272588
910894,1917536,1272589
1919278,1919279,1272670
1919292,1919294,1272671
1919801,1919803,1272713
1919849,1919850,1272714
1919870,482635,1272716
482984,1920317,1272737
482995,1920330,1272738
912235,483481,1272773
1921565,1921566,1272815
1921633,1921634,1272816
1921635,1921636,1272816
1921637,1921638,1272816
1921639,1921640,1272816
1921641,1921642,1272816
1921643,1921644,1272816
1921645,1921646,1272816
1921647,1921648,1272816
1921649,1921650,1272816
1921651,1921652,1272816
1921653,1921654,1272816
1921655,1921656,1272816
1921662,1921663,1272817
1921672,1921673,1272818
1921687,1921688,1272820
1921689,1921690,1272820
1921705,1921706,1272822
1921708,1921709,1272822
1921720,1921721,1272823
1921723,1921724,1272823
1921735,1921736,1272824
1921738,1921739,1272824
1921749,1921750,1272825
1921752,1921753,1272825
1921763,1921764,1272827
1921766,1921767,1272827
1921796,1921797,1272828
1921799,1921800,1272828
1921821,1921822,1272829
1921824,1921825,1272829
1922308,1922309,1272840
1922319,1922300,1272840
1922319,1922302,1272840
1922319,1922303,1272840
1922721,1922722,1272854
1922727,1922728,1272855
913229,1923539,1272903
1924693,485601,1272973
1924763,485453,1272980
1925150,485822,1273024
1926900,1926902,1273111
1926906,487531,1273111
1926910,1926911,1273111
1926913,487528,1273111
1926916,487749,1273111
1926920,487745,1273111
1928107,1928108,1273205
1928111,1928112,1273205
1928523,488977,1273226
1928524,1928547,1273226
1928731,1928732,1273232
489622,1928945,1273237
489622,1928948,1273237
1929690,1929706,1273261
1929714,1929820,1273261
1929721,1929822,1273261
1929732,1929737,1273261
1929744,1929747,1273261
1929751,1929786,1273261
1929756,1929788,1273261
1929761,1929772,1273261
1931729,491451,1273416
916306,1932159,1273423
916324,1932150,1273423
1932271,1932272,1273431
1932274,1932275,1273431
1932442,1932443,1273443
1932444,1932445,1273443
1932447,1932448,1273443
1934406,1934409,1273575
1934412,1934413,1273575
1934590,493636,1273581
1934595,1934596,1273581
1934809,1934810,1273595
1934816,1934817,1273595
1934831,1934832,1273596
1935472,1935473,1273651
1935658,1935659,1273652
1935679,1935680,1273654
917662,1935922,1273668
917666,1935929,1273668
917679,1935937,1273668
917682,1935940,1273668
917690,1935943,1273668
917696,1935946,1273668
1936147,1936154,1273704
1936150,1936151,1273704
1936227,494758,1273713
1936945,1936946,1273761
1938190,1938192,1273819
918727,1939317,1273873
1939714,1939715,1273883
1939718,1939719,1273883
1939721,1939722,1273883
918990,1940662,1273919
1941365,1941366,1273936
919588,1941962,1273961
919588,1941965,1273961
1941962,498847,1273961
1941965,498849,1273961
919872,1942863,1273992
919872,1942864,1273992
919872,1942867,1273992
1943015,499770,1274009
1943018,499766,1274009
1943021,499751,1274009
1943024,499719,1274009
1943391,1943397,1274013
920190,500132,1274026
1945150,1945152,1274084
1945286,1945296,1274091
1945288,1945291,1274091
1947155,1947149,1274171
1947250,1947308,1274176
1947271,1947272,1274176
1947288,1947289,1274176
921111,1947411,1274179
921111,1947414,1274179
921111,1947417,1274179
921111,1947418,1274179
921111,1947420,1274179
1947402,1947403,1274179
1947404,1947406,1274179
1947409,1947410,1274179
1947412,1947413,1274179
1947431,1947432,1274179
1947435,1947436,1274179
1947442,1947443,1274179
1947387,1947390,1274180
1947625,1947626,1274190
1947627,1947628,1274190
1947630,502399,1274190
1947678,1947679,1274192
1947680,502421,1274192
1947681,1947682,1274192
1947683,1947684,1274192
1947685,502417,1274192
1948193,1948194,1274211
1948194,1948195,1274211
1948696,1948746,1274214
1948716,1948717,1274214
1948732,1948733,1274214
1948988,1949004,1274219
1949004,502711,1274219
1949004,502712,1274219
1950692,503343,1274261
1951029,503589,1274315
1951060,1951061,1274317
1952183,1952185,1274397
922424,1953546,1274439
1953867,1953869,1274471
1953901,1953902,1274473
923114,1955344,1274591
923123,507066,1274596
923123,1955377,1274596
923619,1956180,1274626
1956403,1956404,1274657
924322,1957487,1274740
1957487,1957488,1274740
924329,1957501,1274742
1957501,1957502,1274742
1957631,1957632,1274754
1957632,1957634,1274754
1957636,1957638,1274754
1957638,1957640,1274754
1957643,1957645,1274754
1957645,1957647,1274754
1957649,1957651,1274754
1957738,1957739,1274755
1957739,1957740,1274755
1957741,1957742,1274755
1957742,1957743,1274755
1957746,1957747,1274755
1957747,1957748,1274755
1957749,1957751,1274755
1957797,1957798,1274756
1957798,1957799,1274756
1957800,1957801,1274756
1957801,1957802,1274756
1957805,1957806,1274756
1957806,1957807,1274756
1957808,1957810,1274756
1957818,1957819,1274757
1957819,1957820,1274757
1957821,1957822,1274757
1957822,1957823,1274757
1957826,1957827,1274757
1957827,1957828,1274757
1957829,1957831,1274757
1957855,1957857,1274758
1957857,1957859,1274758
1957862,1957864,1274758
1957864,1957865,1274758
1957871,1957873,1274758
1957873,1957875,1274758
1957877,1957881,1274758
1957892,1957893,1274759
1957893,1957894,1274759
1957895,1957896,1274759
1957896,1957897,1274759
1957900,1957901,1274759
1957901,1957902,1274759
1957903,1957905,1274759
1957911,1957912,1274760
1957912,1957913,1274760
1957914,1957915,1274760
1957915,1957916,1274760
1957919,1957920,1274760
1957920,1957921,1274760
1957922,1957924,1274760
1960519,511723,1274923
1960520,511724,1274923
512382,1961513,1274939
512382,1961514,1274939
1961590,1961591,1274939
1961593,1961594,1274939
1961596,1961598,1274939
1961611,1961612,1274939
1961614,1961615,1274939
1961617,1961618,1274939
1963120,1963121,1275019
1963309,1963310,1275027
1963311,1963312,1275027
926825,1964169,1275032
1964169,1964170,1275032
927142,514359,1275050
1966559,515302,1275096
927398,1966626,1275099
927398,1966628,1275099
1966783,515599,1275121
1966786,515587,1275121
1967300,1967303,1275138
1967301,1967302,1275138
1967306,1967307,1275138
927628,1967451,1275142
927628,1967452,1275142
927628,1967453,1275142
927630,1967450,1275142
927633,1967481,1275145
927636,1967475,1275145
1967473,516030,1275145
1967478,516014,1275145
1967723,1967724,1275163
1967831,1967832,1275167
1967859,1967860,1275169
1967921,1967922,1275171
1967923,1967924,1275171
1967925,1967926,1275171
929160,1970573,1275263
1970576,1970577,1275263
929545,1971336,1275275
1972442,1972444,1275349
1972721,1972722,1275360
1973306,1973307,1275414
1973570,1973571,1275441
522883,1973605,1275442
1973653,1973654,1275444
1973720,1973721,1275448
1973725,1973726,1275448
1973735,1973736,1275448
1973741,1973742,1275448
1973749,1973750,1275448
1973755,1973756,1275448
1973784,1973712,1275448
1973784,1973718,1275448
1973786,1973709,1275448
1973786,1973711,1275448
1973786,1973716,1275448
1973831,1973843,1275451
1974450,1974451,1275477
1974472,1974474,1275478
1974861,1974893,1275491
1974863,1974864,1275491
1974923,1974933,1275494
1974927,1974928,1275494
1976928,1976930,1275569
1977243,1977244,1275585
1977259,1977260,1275589
1977997,1977998,1275625
1977999,1978000,1275625
1978580,1978581,1275648
1978823,1978824,1275653
1978864,1978880,1275654
1978869,1978870,1275654
1978932,1978944,1275655
1978935,1978936,1275655
1979255,1979256,1275677
932293,526891,1275820
1984689,1984690,1275841
1984693,1984694,1275841
1984697,1984698,1275841
1984701,1984702,1275841
1984705,1984706,1275841
1984709,1984710,1275841
1984713,1984714,1275841
1984717,1984718,1275841
1984721,1984722,1275841
1984725,1984726,1275841
1984729,1984730,1275841
1984733,1984735,1275841
1984738,1984739,1275841
1984742,1984743,1275841
1984746,1984747,1275841
1984750,1984751,1275841
1984754,1984755,1275841
1984758,1984759,1275841
1984763,1984764,1275841
1984769,1984771,1275841
1984776,1984777,1275841
1984780,1984781,1275841
1984784,1984785,1275841
1984788,1984789,1275841
1984792,1984793,1275841
1984796,1984797,1275841
1984800,1984801,1275841
1984804,1984805,1275841
1984808,1984809,1275841
1984812,1984813,1275841
1984816,1984817,1275841
1984820,1984821,1275841
1984824,1984825,1275841
1984828,1984829,1275841
1984833,1984834,1275841
1984837,1984838,1275841
1984841,1984842,1275841
1984845,1984846,1275841
1984850,1984851,1275841
1984855,1984856,1275841
1984861,1984862,1275841
1984868,1984869,1275841
1984874,1984876,1275841
1984881,1984882,1275841
1984885,1984886,1275841
932608,1985214,1275867
932608,1985216,1275867
932743,1985448,1275882
1988180,1988181,1276052
1988588,1988589,1276064
1988590,1988591,1276064
1988592,530482,1276064
1988593,530453,1276064
1988594,1988595,1276064
1988596,530434,1276064
1988929,1988931,1276096
1988966,1988967,1276098
530894,530928,1276103
1989180,1989181,1276109
1990352,1990353,1276187
1990374,1990377,1276188
1990394,1990395,1276191
1990398,1990401,1276191
1990405,1990406,1276191
1990572,531909,1276214
1991503,532587,1276272
1991504,532597,1276272
1991979,533220,1276295
1991981,533214,1276295
1991997,533234,1276295
1991999,1992000,1276295
1992215,533465,1276310
1992215,533500,1276310
1992215,533503,1276310
1992215,1992218,1276310
1992215,1992220,1276310
1992215,1992221,1276310
1992215,1992226,1276310
1992215,1992229,1276310
1993050,1993052,1276317
1993979,1993980,1276338
1994154,1994157,1276348
1994176,1994180,1276349
1994437,1994438,1276352
1998577,1998578,1276597
1999942,1999947,1276663
1999945,1999951,1276663
1999976,1999978,1276666
2002986,2002987,1276863
938289,542139,1276877
542180,2003432,1276886
2003961,542844,1276913
2004353,2004354,1276936
2004362,2004363,1276936
2004460,2004461,1276939
2004470,2004471,1276939
544058,2005599,1276968
2005690,2005691,1276970
2005692,2005693,1276970
544326,2005957,1276990
544326,2005965,1276990
2006845,2006847,1277042
2006925,2006926,1277043
2006940,2006941,1277043
2006950,2006951,1277043
939416,545426,1277085
2007916,2007917,1277086
2007998,2007999,1277094
2008118,2008119,1277103
2008120,2008121,1277103
2008123,2008124,1277103
2008128,2008129,1277103
2008132,2008133,1277103
2008206,2008208,1277104
2008227,2008229,1277105
2008227,2008230,1277105
2008227,2008232,1277105
2008350,2008352,1277110
2009189,546138,1277140
2010161,2010166,1277194
2011610,2011611,1277272
2011612,2011613,1277272
2011614,2011615,1277272
2011616,2011617,1277272
2011618,2011619,1277272
2011620,2011621,1277272
2011622,2011623,1277272
2011655,2011656,1277274
2011657,2011658,1277274
2011659,2011661,1277274
2011662,2011663,1277274
2012682,2012705,1277338
2012693,548300,1277338
2012694,2012695,1277338
2012698,2012699,1277338
940772,2013086,1277355
941345,2014775,1277435
941345,2014778,1277435
941520,2015361,1277460
2015362,550366,1277460
2015508,2015509,1277473
2015511,2015512,1277473
2015514,2015515,1277473
2015752,550777,1277479
2015754,550779,1277479
2015756,550781,1277479
2015758,550783,1277479
2015760,550785,1277479
2015762,550763,1277479
2015764,550767,1277479
2015766,550769,1277479
2015768,550773,1277479
2015770,550775,1277479
2017711,552151,1277628
2018404,2018405,1277673
2018698,2018700,1277717
2018732,2018734,1277722
2018749,2018750,1277724
2019216,2019217,1277756
943493,2020257,1277815
943493,2020261,1277815
2020262,2020263,1277815
943573,2020388,1277822
943573,2020390,1277822
2020377,554176,1277822
2020378,554175,1277822
2020380,554190,1277822
2020845,2020866,1277834
2020849,2020850,1277834
2020851,2020852,1277834
2020854,2020855,1277834
2020858,2020859,1277834
2020860,554592,1277834
2020791,2020794,1277837
2020792,2020793,1277837
2021263,554959,1277856
2021263,2021268,1277856
2021264,2021270,1277856
2021276,2021277,1277856
2021283,2021284,1277856
2021287,2021288,1277856
2021291,2021269,1277856
2021291,2021271,1277856
2021291,2021272,1277856
2021291,2021274,1277856
2021291,2021275,1277856
2021291,2021278,1277856
2021291,2021279,1277856
2021291,2021282,1277856
2021291,2021286,1277856
555411,2021969,1277886
555411,2021970,1277886
2021971,2021972,1277886
555589,2022234,1277897
555589,2022306,1277897
2022235,2022236,1277897
2022600,2022624,1277904
2022607,2022627,1277904
2022651,2022681,1277905
2022654,2022694,1277905
2022657,2022684,1277905
2022660,2022687,1277905
2026405,2026408,1278007
2029604,560124,1278181
2029607,560130,1278181
2029566,2029567,1278184
2029768,560347,1278197
2030033,2030035,1278225
2030104,2030105,1278235
2030107,2030108,1278235
2030109,2030110,1278235
2030112,2030113,1278235
2030118,2030119,1278235
2030269,2030270,1278245
2030296,2030297,1278249
2030328,2030329,1278252
2030330,2030331,1278252
2030352,560906,1278256
2031290,2031291,1278344
2033450,563108,1278438
2033463,563139,1278438
2034887,2034893,1278518
2034887,2034898,1278518
2034890,2034891,1278518
2034895,2034896,1278518
2037299,2037300,1278667
2037311,2037312,1278669
2037329,2037330,1278670
949908,571048,1278704
2039330,568605,1278808
949616,569346,1278814
2040220,2040221,1278855
2040223,2040224,1278855
2040381,571354,1278862
2040389,2040390,1278865
2040396,2040397,1278866
572589,2042114,1278985
950780,2042270,1279002
950780,2042275,1279002
950836,572671,1279012
950857,572680,1279012
2044672,2044674,1279150
2044715,2044716,1279153
2044733,2044734,1279154
2044737,2044738,1279155
2044742,2044743,1279156
2045124,2045125,1279163
951755,2045784,1279177
2046184,575061,1279201
2046188,575063,1279201
2046198,2046199,1279202
2046208,575068,1279203
2046213,575070,1279203
2046623,2046624,1279218
2046625,2046626,1279218
2046627,2046628,1279218
2046629,2046630,1279218
2046631,2046632,1279218
2046633,2046634,1279218
2046635,2046636,1279218
2046638,2046639,1279218
2046640,2046641,1279218
2046643,2046644,1279218
2046645,2046646,1279218
2046647,2046648,1279218
2046649,2046650,1279218
2046653,2046654,1279218
2046657,2046658,1279218
2046661,2046662,1279218
2046849,2046850,1279235
2046858,2046863,1279237
2046861,2046862,1279237
2046983,575523,1279242
2047381,576107,1279263
2047382,576108,1279263
2047394,576087,1279263
2047406,576157,1279263
952371,2047526,1279272
952371,2047529,1279272
2047583,576369,1279277
2047584,576370,1279277
2047642,576562,1279280
2047643,576563,1279280
2047644,576568,1279280
2048254,2048255,1279329
2048257,2048258,1279329
2048263,2048264,1279329
2048269,2048270,1279329
2048362,2048363,1279331
577427,2048503,1279335
577427,2048504,1279335
577427,2048505,1279335
578410,2049442,1279380
578414,2049446,1279380
578416,2049450,1279380
2050745,579695,1279444
583496,2054804,1279660
583496,2054805,1279660
583496,2054819,1279660
583496,2054821,1279660
583506,2054807,1279660
583592,2054935,1279661
583592,2054939,1279661
583592,2054961,1279661
583592,2054962,1279661
2056368,2056369,1279742
2056371,2056373,1279742
2056476,584746,1279749
2056477,584745,1279749
2057212,585275,1279794
955782,2057717,1279851
2057738,2057739,1279852
2057765,2057766,1279854
2057952,2057953,1279864
2058097,2058098,1279888
2058441,586432,1279906
2058447,586401,1279906
2060448,2060449,1279983
2060457,2060458,1279983
2060463,2060464,1279983
2060470,2060471,1279983
2060476,2060477,1279983
588744,2061125,1280013
2062398,2062403,1280129
2062687,2062688,1280139
2062689,2062690,1280139
2063015,2063011,1280161
2063847,591100,1280226
2063891,2063892,1280233
2065079,2065080,1280313
2065081,2065082,1280313
2065090,2065091,1280313
2065092,2065093,1280313
2065094,2065095,1280313
2065097,592162,1280313
2065099,2065100,1280313
2065103,2065104,1280313
2065108,2065112,1280313
2065109,2065110,1280313
2065113,2065114,1280313
2066613,2066621,1280372
2066636,2066649,1280374
2066704,2066726,1280380
2067095,2067096,1280396
2067105,593404,1280398
959362,2068065,1280468
2070433,2070434,1280659
2070435,2070436,1280659
2070437,2070438,1280659
2070704,595862,1280666
2070705,595860,1280666
2070706,595855,1280666
960762,2071061,1280695
2071094,596210,1280697
961301,597277,1280770
2072652,2072653,1280800
961820,2073538,1280874
2073542,2073543,1280874
2074108,2074110,1280905
599022,2074250,1280908
599022,2074259,1280908
2074530,599155,1280920
2074541,2074542,1280921
2074745,599325,1280929
2074745,2074749,1280929
963959,2078992,1281266
963959,2078995,1281266
2080247,2080249,1281303
2080259,2080260,1281304
2080495,2080496,1281306
2080498,2080499,1281306
2080500,603670,1281306
2080503,603654,1281306
2080506,603604,1281306
2080508,603637,1281306
2080512,603576,1281306
2080529,2080530,1281306
2080531,603515,1281306
2080534,603482,1281306
2080561,2080562,1281306
2080564,603356,1281306
2080570,603346,1281306
2080575,603314,1281306
2081727,2081728,1281347
2081864,2081865,1281353
2081925,2081930,1281359
2081925,2081931,1281359
2081925,2081936,1281359
2081933,2081934,1281359
2082564,2082565,1281392
2082570,2082571,1281392
2082988,2082989,1281422
2082991,2082992,1281422
2082994,2082995,1281422
2082996,2082997,1281422
2083066,2083067,1281424
2083070,2083071,1281424
2083074,2083075,1281424
2083042,2083043,1281426
2083534,2083535,1281433
2083536,2083543,1281433
2083538,2083540,1281433
2083541,2083542,1281433
2084234,2084241,1281456
2084274,2084281,1281458
2086998,605797,1281514
608328,2089686,1281710
608328,2089701,1281710
608328,2089702,1281710
608328,2089704,1281710
608328,2089708,1281710
2089696,608341,1281710
2089538,2089550,1281712
2089568,2089576,1281714
966409,608638,1281732
2090686,2090687,1281781
2090997,2090998,1281815
2090999,2091000,1281815
2091056,2091057,1281821
2091058,2091059,1281821
2091101,2091103,1281822
609776,609767,1281835
609776,609768,1281835
609776,609770,1281835
609776,609771,1281835
609776,609792,1281835
609776,609793,1281835
966854,609773,1281838
2091939,610295,1281908
2093462,2093463,1281973
968299,612480,1282013
968299,2094397,1282013
968299,2094398,1282013
968299,2094399,1282013
2094422,612478,1282015
2094422,612490,1282015
968355,612558,1282019
2095567,2095569,1282057
2095680,2095682,1282067
2095683,2095684,1282067
2095686,613424,1282067
2095691,2095692,1282067
2095693,613061,1282067
2095927,613468,1282084
2095988,2095989,1282087
2095992,2095993,1282087
2095996,2095997,1282087
2096001,2096002,1282087
2096005,2096006,1282087
2096504,2096505,1282110
2096605,2096606,1282114
2097979,2097980,1282177
2097981,2097982,1282177
2097983,2097984,1282177
2097985,614548,1282177
2097986,614506,1282177
2099313,2099325,1282248
2099323,2099334,1282248
615449,615453,1282267
615449,615462,1282267
615449,2099712,1282267
969728,615489,1282276
2100125,615804,1282310
2100628,616113,1282332
2102896,2102897,1282482
2102956,2102958,1282484
2105445,2105446,1282542
2105740,2105741,1282561
2105742,2105753,1282561
2105744,2105756,1282561
2105747,2105748,1282561
2105927,2105928,1282569
2105930,2105931,1282569
2105950,2105951,1282571
971257,2106451,1282594
971266,2106559,1282595
2107042,619091,1282624
2107357,2107358,1282638
2107364,619270,1282639
2107977,619833,1282691
2109403,2109416,1282816
2109702,2109703,1282841
2109707,2109708,1282841
2109710,2109711,1282841
2109716,2109717,1282841
2109722,2109723,1282841
2109725,2109726,1282841
2110855,621715,1282921
2110858,621713,1282921
2111630,2111631,1282987
623178,2112249,1283016
623178,2112251,1283016
973478,2112990,1283079
973478,2112994,1283079
2113800,2113801,1283135
2113802,2113803,1283135
2113804,2113805,1283135
2113807,2113808,1283135
2113809,2113810,1283135
2113836,2113837,1283136
2113838,2113839,1283136
974033,2114202,1283160
2114203,2114204,1283160
2114205,624692,1283160
2114206,624694,1283160
2114208,624686,1283160
2114210,624688,1283160
2114211,2114212,1283160
2114213,624669,1283160
2114214,624671,1283160
2114266,2114272,1283169
2114268,2114269,1283169
624731,2114315,1283170
624731,2114331,1283170
624731,2114344,1283170
2114336,2114296,1283170
2114336,2114318,1283170
2114336,2114320,1283170
2114506,2114507,1283175
2115746,2115748,1283223
2115751,2115752,1283223
2115755,2115756,1283223
2115760,2115761,1283223
2115766,2115767,1283223
2117313,2117314,1283276
2118519,2118520,1283319
2118521,627529,1283319
2118524,2118525,1283319
2118526,2118527,1283319
2118528,2118529,1283319
2118530,2118531,1283319
2118851,2118852,1283333
2118853,2118854,1283333
2119073,2119074,1283339
2119228,2119229,1283345
975900,2119922,1283371
975900,2119923,1283371
2119913,2119953,1283371
2119916,2119951,1283371
2119920,2119949,1283371
2119930,628401,1283371
975946,2120037,1283372
975946,2120038,1283372
2120022,2120055,1283372
2120029,2120053,1283372
2120035,2120052,1283372
2120043,628578,1283372
977176,2122935,1283513
977182,2122934,1283513
977194,2122933,1283513
2123913,2123914,1283600
2125576,2125577,1283672
2125579,2125580,1283672
2125580,633122,1283672
2125581,2125582,1283672
633624,2126238,1283699
633624,2126239,1283699
2127976,2127977,1283776
2128660,2128661,1283811
2128669,2128670,1283811
2128678,2128679,1283811
2129019,2129020,1283825
2129217,2129230,1283829
2129217,2129238,1283829
2129247,2129249,1283829
2129252,2129254,1283829
2129759,2129760,1283837
979956,2130485,1283855
2132057,2132058,1283928
980439,638627,1283929
980439,638629,1283929
980706,639161,1283955
982093,641879,1284217
642196,2136286,1284219
982177,642384,1284219
982177,2136299,1284219
982177,2136319,1284219
982177,2136321,1284219
982190,2136313,1284219
982192,2136314,1284219
982211,642142,1284219
982211,2136294,1284219
982222,642191,1284219
982222,2136288,1284219
982249,2136349,1284219
2136229,2136230,1284219
2136233,2136234,1284219
2137211,2137212,1284242
2137213,2137214,1284242
2137222,2137224,1284242
2137227,2137230,1284242
2137232,2137233,1284242
2137979,643143,1284279
2138142,2138198,1284289
2138550,643367,1284311
2138584,643405,1284313
2138585,643415,1284313
2138588,2138591,1284313
2138589,2138590,1284313
2138593,2138608,1284313
2138603,2138606,1284313
2138604,2138605,1284313
2138607,2138614,1284313
2138610,643403,1284313
2138956,2138958,1284323
2138958,2138961,1284323
2138991,2138992,1284325
2138992,2138993,1284325
2139002,2139003,1284326
2139007,2139009,1284326
2139009,2139010,1284326
2139013,2139014,1284326
2139014,2139015,1284326
2139018,2139020,1284326
2139020,2139021,1284326
2139046,2139049,1284328
2139049,2139050,1284328
2139056,2139057,1284329
2139063,2139066,1284329
2139066,2139067,1284329
982770,643854,1284340
982823,644139,1284347
982975,644552,1284366
2140487,2140488,1284374
2140497,2140498,1284375
2140502,2140503,1284376
2140512,2140515,1284377
2140542,2140549,1284378
983083,2140749,1284401
983100,2140765,1284404
2141086,2141087,1284447
983179,2141103,1284449
983352,2141360,1284466
983753,2142612,1284577
2143380,2143486,1284598
2143380,2143510,1284598
2143381,2143472,1284598
2143382,2143451,1284598
2143383,2143467,1284598
2143384,2143418,1284598
2143385,2143413,1284598
2143385,2143570,1284598
2143386,2143462,1284598
2143386,2143527,1284598
2143387,2143456,1284598
2143388,2143440,1284598
2143388,2143547,1284598
2143389,2143434,1284598
2143390,2143446,1284598
2143390,2143540,1284598
2143391,2143429,1284598
2143391,2143557,1284598
2143392,2143423,1284598
2143393,2143477,1284598
2143393,2143482,1284598
2143406,2143407,1284598
2143414,2143415,1284598
2143419,2143420,1284598
2143424,2143425,1284598
2143430,2143431,1284598
2143435,2143436,1284598
2143441,2143442,1284598
2143447,2143448,1284598
2143452,2143453,1284598
2143457,2143458,1284598
2143463,2143464,1284598
2143468,2143469,1284598
2143473,2143474,1284598
2143478,2143479,1284598
2143487,2143488,1284598
984497,647411,1284662
984497,647418,1284662
2148077,648803,1284858
2148145,648913,1284862
2148145,648930,1284862
2148145,648942,1284862
2148145,648965,1284862
2148145,648973,1284862
2148145,648997,1284862
651073,2150884,1285012
651073,2150886,1285012
651073,2150888,1285012
651073,2150890,1285012
986396,651367,1285036
986396,651376,1285036
986396,651393,1285036
986396,2151301,1285036
986396,2151304,1285036
986396,2151306,1285036
986396,2151307,1285036
986396,2151308,1285036
986396,2151313,1285036
986396,2151315,1285036
986678,2152255,1285094
986688,2152245,1285094
2152253,2152254,1285094
2153523,2153525,1285174
987207,2153696,1285179
987207,2153697,1285179
2153741,2153742,1285182
2153751,2153752,1285183
2153841,2153842,1285189
2155267,654108,1285228
988029,2156594,1285312
988029,2156596,1285312
988045,2156622,1285313
988045,2156624,1285313
988049,2156652,1285314
988049,2156654,1285314
656753,2158658,1285413
2158670,2158671,1285413
2158672,2158673,1285413
657399,2159488,1285496
2159515,2159516,1285501
657444,2159578,1285502
657444,2159579,1285502
2159688,657610,1285510
2159689,657611,1285510
2159690,657612,1285510
2159691,657613,1285510
2159692,657614,1285510
2159693,657615,1285510
2159695,657616,1285510
2159696,657617,1285510
2159700,657592,1285510
2159701,657593,1285510
2159702,657594,1285510
2159703,657595,1285510
2159704,657596,1285510
2159705,657597,1285510
2159706,657598,1285510
2159707,657599,1285510
2159708,657600,1285510
2159709,657601,1285510
2163171,2163172,1285727
2163176,2163250,1285727
2163178,2163217,1285727
2163195,2163246,1285727
2165476,2165477,1285827
2165478,2165479,1285827
2165480,2165481,1285827
2165696,662021,1285852
2166457,2166471,1285900
2166460,2166465,1285900
2166522,2166532,1285903
2169130,2169131,1285961
2169219,2169220,1285962
2170768,2170769,1286004
2170785,2170787,1286005
2170809,2170810,1286007
2170884,2170885,1286011
2170890,2170891,1286012
2171190,2171191,1286021
2171197,2171198,1286021
2171501,667982,1286037
2171509,2171510,1286037
2171548,2171549,1286039
2171562,2171563,1286039
2171594,2171595,1286040
2171648,2171650,1286044
2171683,2171684,1286048
2171713,2171714,1286049
2171730,2171731,1286050
2173267,2173268,1286102
2173359,669131,1286108
2173381,2173382,1286109
2173385,2173386,1286109
2173395,2173377,1286109
2174171,2174172,1286134
2174916,670294,1286172
2175579,2175580,1286232
2175580,2175581,1286232
2175966,2175968,1286239
2175974,2175975,1286239
2175977,2175978,1286239
2176170,2176171,1286249
2176171,2176172,1286249
2177278,2177279,1286306
2177296,2177300,1286307
2177321,2177322,1286310
2177434,2177435,1286312
2177440,2177441,1286313
2177511,2177512,1286314
2177520,2177521,1286314
2177523,2177524,1286314
2177643,672383,1286323
2177644,672382,1286323
2177645,672385,1286323
2178845,2178849,1286394
2178847,2178848,1286394
2178851,2178858,1286394
2178852,2178856,1286394
2178854,2178855,1286394
2178860,2178864,1286394
2178862,2178863,1286394
2178866,2178873,1286394
2178867,2178871,1286394
2178869,2178870,1286394
2178906,2178914,1286397
2178911,2178912,1286397
2180771,673801,1286461
2180781,673814,1286461
2180783,673807,1286461
996613,2181415,1286542
996860,2181948,1286583
996948,2182135,1286590
2186858,2186859,1286850
2186868,2186869,1286851
2186883,2186884,1286852
2186895,2186896,1286853
2186915,2186916,1286854
2189199,2189201,1286968
2189202,2189203,1286968
2189205,680102,1286968
2189211,2189212,1286968
2189213,680033,1286968
999782,2189934,1287037
999782,2189936,1287037
999794,2189968,1287039
999794,2189970,1287039
999819,2190004,1287041
999819,2190006,1287041
2190048,680703,1287043
999856,2190129,1287053
999856,2190131,1287053
2190478,681066,1287086
2191731,2191732,1287177
1000554,2191931,1287189
1000554,2191933,1287189
1000554,2191934,1287189
1000581,682410,1287197
1000581,2192071,1287197
1000582,2192074,1287197
1000609,2192365,1287203
1000609,2192368,1287203
2192354,682459,1287203
2192371,2192372,1287203
2192754,2192756,1287219
2192799,682695,1287221
2192800,682683,1287221
2192804,682689,1287221
2193631,2193644,1287274
2193766,2193774,1287283
2194260,2194261,1287302
2194637,683682,1287311
2194638,683684,1287311
2194639,683686,1287311
1001503,684240,1287362
2195394,2195395,1287368
2196499,2196503,1287448
2196501,2196502,1287448
2196510,2196517,1287448
2196511,2196512,1287448
2197387,2197396,1287498
2197400,2197402,1287498
2197403,2197406,1287498
2197410,2197412,1287498
1002256,2197769,1287521
2198555,685793,1287551
2201031,686337,1287618
2201957,687229,1287673
2205880,689031,1287873
1003940,2206378,1287902
1004022,2206520,1287911
689995,2206790,1287919
2207141,2207142,1287935
2208547,2208548,1287974
2208548,691418,1287974
1004868,691576,1287977
2209026,2209029,1288011
2211450,2211451,1288075
2211454,2211455,1288075
2214682,2214688,1288149
1005959,2219037,1288191
1005961,694874,1288191
2221284,2221285,1288207
2221289,2221290,1288207
2221294,2221295,1288207
2221299,2221300,1288207
2221304,2221305,1288207
2221309,2221310,1288207
2221317,2221318,1288207
2221325,2221326,1288207
2221330,2221331,1288207
2221335,2221336,1288207
2221340,2221341,1288207
