1636,3043774,1020438
1291902,3044003,1020591
1293553,3044196,1021190
5081,3044531,1021743
1295334,3044533,1021745
1295334,3044535,1021745
1303044,3045253,1022902
1303062,3045251,1022908
1303105,3045251,1022914
12238,3045478,1023633
12251,3045476,1023633
12266,3045474,1023633
1307594,3045837,1024203
1320544,3047560,1026711
1320548,3047560,1026711
1332173,3048376,1029822
711614,3048838,1029992
1333561,3048893,1030121
1333800,3048839,1030183
1333860,3048839,1030183
711969,3048951,1030274
711972,3048952,1030274
711974,3048954,1030274
711976,3048956,1030274
711978,3048958,1030274
711979,3048960,1030274
711980,3048962,1030274
711981,3048964,1030274
711982,3048966,1030274
711983,3048968,1030274
711984,3048970,1030274
711985,3048972,1030274
711986,3048974,1030274
711989,3048976,1030274
1333998,3048982,1030274
1334001,3048978,1030274
712019,3048838,1030308
1334100,3048860,1030308
1334101,3048862,1030308
1334105,3048858,1030308
1334134,3048860,1030308
1334136,3048862,1030308
712221,3049061,1030493
1335757,3049094,1030708
37296,3048860,1030973
1337127,3048858,1030973
714112,3049678,1031804
1341576,3049547,1031983
1341580,3049547,1031985
1342336,3049578,1032117
1342341,3049573,1032117
1354878,3050910,1034291
1355207,3050947,1034412
1356727,3051161,1034899
1356780,3051161,1034903
1365166,3052135,1036183
1365168,3052135,1036183
1365195,3052139,1036195
1365200,3052137,1036195
1365202,3052139,1036195
1367468,3051261,1036533
1368120,3052293,1036614
1368882,3052503,1036892
721923,3052503,1036898
1371538,3052789,1037636
1371711,3052873,1037713
1372052,3052925,1037819
1375366,3053381,1038382
1375458,3053383,1038401
1380556,3054015,1039650
1380559,3054015,1039650
1380595,3054010,1039689
1388100,3054677,1041025
1388101,3054679,1041025
729543,3055397,1042768
734319,3055380,1044681
734320,3055382,1044681
1407946,3055383,1044681
1407950,3055383,1044681
1407963,3055382,1044681
1407966,3055380,1044681
1407987,3056261,1044698
1408011,3056266,1044711
1409411,3056421,1045097
1411531,3056591,1045539
1413043,3047815,1045838
736485,3056735,1046112
736806,3056797,1046498
738406,3052296,1047525
1419022,3052298,1047525
1419029,3052298,1047525
1427370,3057335,1048963
1431244,3058044,1049805
1435952,3058818,1051123
1435965,3058816,1051127
1436666,3058926,1051344
744069,3059043,1051403
1437115,3059014,1051431
1437131,3059017,1051431
1437155,3059017,1051431
744230,3058996,1051495
744245,3058998,1051495
1440008,3059308,1052339
1442919,3059695,1053058
1442921,3059696,1053058
747258,3059699,1053315
1444079,3059679,1053423
1444087,3059684,1053425
1444089,3059686,1053425
1444093,3059680,1053429
1444098,3059683,1053434
1444106,3059682,1053436
122283,3059873,1053777
1446434,3059985,1054130
1446434,3059987,1054130
1462044,3044176,1057708
755342,3062190,1058448
755346,3062194,1058465
756002,3062423,1058975
756032,3062425,1058975
756037,3062427,1058975
756055,3062429,1058975
1468325,3062666,1059563
760506,3063282,1061400
1482711,3063528,1062340
1483965,3063644,1062781
763735,3052649,1063244
1488770,3063903,1063554
1488774,3063907,1063554
1488776,3063909,1063554
1488880,3063905,1063577
1488886,3063905,1063581
765381,3063942,1063965
1491958,3063482,1064841
1491959,3063482,1064841
1499574,3064975,1066942
1499575,3064975,1066950
1501456,3065342,1067476
1502699,3065464,1067715
1502701,3065466,1067715
1502707,3065468,1067715
777229,3067113,1072015
1526146,3067577,1073052
1531107,3045587,1073896
195294,3068451,1075527
1538205,3068471,1075561
782809,3055731,1075757
784070,3068978,1076808
784478,3069054,1077103
1566005,3071510,1083349
1566010,3071507,1083349
793754,3071842,1084084
1569422,3071842,1084084
226055,3072307,1085575
1577307,3072538,1086526
1577338,3072540,1086540
1578322,3072584,1086956
1580446,3072774,1088017
1582569,3072827,1088199
1594039,3073532,1090832
1600247,3074316,1092598
1602193,3074524,1093098
1602586,3074429,1093284
1603520,3074691,1093515
1603523,3074693,1093515
1603552,3074693,1093528
1603553,3074691,1093528
1603562,3074695,1093531
1603582,3074695,1093538
1604494,3074492,1093623
805534,3074518,1093699
1605156,3074534,1093703
1605169,3074527,1093703
1605178,3074530,1093703
1605179,3074534,1093703
254103,3075400,1095188
1612512,3075404,1095192
1614627,3050910,1095797
1614628,3050910,1095797
1617429,3076136,1096664
810613,3076216,1096872
1635604,3077873,1101006
1635641,3077873,1101011
1635650,3077873,1101014
1635665,3077873,1101016
1635670,3077873,1101020
1635760,3077873,1101034
1635776,3077873,1101038
1635780,3077873,1101040
1635802,3077873,1101042
1635809,3077873,1101044
1635813,3077873,1101050
816189,3077933,1101232
816190,3077936,1101232
817347,3078517,1102174
1645263,3078474,1103284
1645264,3078474,1103284
1646291,3078927,1103585
1649628,3079319,1104173
1649643,3079321,1104175
1649650,3079324,1104184
1649671,3079326,1104203
1649672,3079280,1104206
1649676,3079282,1104208
1649683,3079284,1104210
1649688,3079286,1104212
1649690,3079288,1104214
1649694,3079313,1104220
1649709,3079315,1104224
1649725,3079309,1104229
1649730,3079311,1104231
1649743,3079317,1104236
1649751,3079290,1104238
1649766,3079295,1104245
1649773,3079292,1104247
1649777,3079297,1104249
1649787,3079299,1104255
1649807,3079332,1104262
1649820,3079333,1104266
1649847,3079328,1104274
1649848,3079274,1104276
1649850,3079276,1104278
1649854,3079278,1104280
1649858,3079330,1104282
1649863,3079303,1104284
1649878,3079305,1104286
1649889,3079307,1104288
1649890,3079301,1104290
1649894,3079335,1104292
1649903,3079337,1104294
1649914,3079341,1104298
1649923,3079339,1104307
1649931,3079343,1104318
1652928,3079568,1104996
1654502,3079730,1105376
1661910,3080408,1107118
1669290,3081245,1107863
1669625,3081247,1107926
1671740,3081524,1108524
1672306,3081536,1108756
1676046,3081912,1109900
1677952,3082101,1110198
1677952,3082103,1110198
1682316,3082223,1110752
1690911,3083171,1112543
1692026,3083190,1112856
839107,3084427,1116753
839112,3084432,1116753
1709443,3084422,1116753
1709446,3084424,1116753
1709471,3084422,1116753
1709472,3084424,1116753
1709473,3084427,1116753
1709474,3084432,1116753
1709475,3084432,1116753
1716715,3085102,1118755
1719929,3085452,1120371
845970,3086137,1122295
1730500,3086306,1122727
1732212,3074848,1123329
1739010,3087097,1124950
1739090,3087097,1124950
1740786,3087595,1125367
851266,3087603,1125450
1748022,3088005,1126404
1761782,3089152,1130703
1774878,3090183,1134260
1774890,3090185,1134272
1774897,3090187,1134276
1774953,3090189,1134278
1774962,3090191,1134282
1774975,3090193,1134295
1774994,3090196,1134301
1775002,3090198,1134306
1775007,3090200,1134308
1775011,3090202,1134310
1775015,3090204,1134312
1775019,3090206,1134314
1775025,3090208,1134316
1775040,3090213,1134323
1775044,3090216,1134325
1775057,3090218,1134327
1775061,3090220,1134333
1775078,3090222,1134335
1775126,3090224,1134337
1775142,3090226,1134344
1775155,3090228,1134348
1775161,3090231,1134350
1775169,3090233,1134352
1775173,3090236,1134354
1775182,3090238,1134358
1775188,3090240,1134360
1775195,3090242,1134364
1775203,3090244,1134366
1775213,3090248,1134370
1775250,3090246,1134377
1775264,3090250,1134386
1775283,3090252,1134398
1775430,3090283,1134458
1777050,3090378,1134950
1777787,3090512,1135176
1782156,3090685,1136037
1785554,3091098,1137210
1795077,3091816,1140270
1816773,3093461,1146771
1816777,3093463,1146775
1816799,3093465,1146777
1816806,3093467,1146781
1816816,3093469,1146783
1816829,3093471,1146788
1816837,3093473,1146790
1816878,3093475,1146796
1818934,3093644,1147469
1821361,3093778,1147874
1822715,3093847,1148347
1822825,3093851,1148363
1830444,3094327,1150437
1831065,3094386,1150544
1831130,3094388,1150562
883163,3094753,1152058
1834692,3094748,1152058
883229,3094763,1152077
1834796,3094759,1152077
1835732,3095065,1152232
1835745,3095065,1152232
1836146,3095065,1152232
1837491,3095193,1152773
1852123,3096104,1155841
1854376,3096483,1156423
1854377,3096486,1156423
890054,3096506,1156542
1857760,3096469,1157269
1862454,3097074,1158296
1862526,3097134,1158311
445177,3097131,1158432
1863847,3097253,1158655
1863856,3097251,1158663
1863861,3097253,1158663
897889,3098267,1161542
1876262,3098267,1161542
458961,3098617,1163090
1883022,3098619,1163090
1883119,3098619,1163154
1883299,3098617,1163156
1883579,3098763,1163213
1884391,3098763,1163537
1894729,3099401,1165945
1898642,3099631,1166631
905361,3099829,1167246
905481,3099820,1167257
905484,3099816,1167257
905490,3099815,1167257
905517,3099829,1167257
905526,3099831,1167257
1900769,3099823,1167257
1900776,3099813,1167257
1900786,3099825,1167257
1900791,3099822,1167257
1900809,3099825,1167257
1900849,3099826,1167257
1900852,3099808,1167257
1900859,3099811,1167257
1900882,3099818,1167257
905555,3099832,1167346
905556,3099834,1167346
1901202,3099820,1167400
1901386,3099895,1167501
1901412,3099895,1167503
471019,3100011,1167876
471136,3100012,1167895
471177,3100013,1167897
1902930,3099936,1167909
471192,3100014,1167919
471320,3099262,1167932
906433,3069983,1167994
906434,3069870,1167994
906435,3069872,1167994
1903412,3100036,1168061
1903441,3100036,1168061
472333,3100072,1168266
472334,3100074,1168266
906787,3100076,1168266
1903952,3100081,1168266
1903966,3100077,1168266
1903976,3100079,1168266
1904062,3100081,1168266
472421,3100040,1168294
1904111,3100034,1168294
1904195,3100081,1168315
1904196,3100079,1168315
1904198,3100076,1168315
1904199,3100072,1168315
1904200,3100074,1168315
1904319,3100040,1168348
1904373,3100079,1168352
1907697,3100339,1169377
1910708,3100446,1169825
1915626,3065342,1170948
486934,3101831,1173336
1935279,3102913,1175892
918042,3103042,1176381
918062,3103044,1176383
918085,3103046,1176389
918103,3103048,1176399
1945403,3103496,1177867
1945404,3103494,1177867
1945478,3103494,1177891
1945480,3103496,1177891
921281,3103583,1178347
1949155,3103587,1178347
1949160,3103589,1178347
1949161,3103591,1178347
1971652,3105146,1183604
1985073,3105722,1185599
1985075,3105720,1185599
1985082,3105721,1185599
1985121,3105721,1185606
1985122,3105720,1185606
1985123,3105722,1185606
532161,3106128,1187158
934551,3106134,1187193
934552,3106134,1187193
934556,3106138,1187193
934557,3106140,1187193
1991102,3106144,1187193
1991120,3106136,1187193
1991179,3106146,1187215
1991189,3106148,1187215
1995822,3106437,1188178
1995824,3106439,1188178
936532,3074469,1188472
1997496,3074467,1188472
541680,3106863,1189278
937855,3106859,1189278
2002033,3106867,1189278
937861,3106859,1189283
2002140,3106863,1189283
2006245,3107839,1190258
941378,3108289,1192386
941407,3108289,1192394
2017287,3108464,1192824
2017603,3108431,1192914
2017604,3108433,1192914
2026044,3108890,1194596
560893,3109625,1195582
560948,3109628,1195598
2042170,3110600,1198159
2042215,3110599,1198165
2042220,3110600,1198165
953118,3111064,1199905
2051971,3111356,1200531
954503,3111453,1201092
954567,3111455,1201163
587708,3075770,1202632
587710,3050910,1202632
2059943,3050910,1202632
2059944,3050910,1202632
2059945,3050910,1202632
587949,3075770,1202655
587951,3050910,1202655
587998,3050910,1202655
2060161,3050910,1202655
2060162,3050910,1202655
2060163,3050910,1202655
2060196,3050910,1202655
2060197,3050910,1202655
2060198,3050910,1202655
2062167,3112049,1203161
2067600,3112334,1204774
2067932,3112345,1204868
2068012,3112345,1204888
2071629,3112686,1205924
598604,3112859,1206496
2073887,3112862,1206496
2073896,3112801,1206507
2073995,3112862,1206540
2074313,3112862,1206632
2076167,3112980,1207192
963097,3113123,1207342
2076820,3113122,1207342
2076822,3113129,1207342
2076823,3113125,1207344
2076824,3056958,1207344
600804,3056958,1207361
963434,3113169,1207653
966144,3113897,1209990
966147,3113901,1209990
966148,3113905,1209990
968458,3114250,1211137
968463,3114250,1211142
2096464,3114353,1211396
617244,3114945,1212602
2102223,3114945,1212602
976071,3115883,1216577
2120488,3115885,1216577
2123182,3116057,1217278
2137521,3117242,1220663
2137564,3117242,1220663
2141713,3089711,1221535
2144557,3117511,1222141
984574,3117610,1222345
984578,3117610,1222348
2150676,3118344,1223642
2150705,3118344,1223647
2150706,3118344,1223647
2161154,3118982,1226266
2165318,3119125,1227437
2190634,3074530,1235729
2191699,3120365,1235986
2195834,3120567,1236946
686747,3120905,1237776
1002668,3120907,1237776
2202102,3120944,1237939
2204737,3121065,1238223
2205001,3121051,1238349
2205047,3121056,1238359
2205184,3121067,1238409
2218717,3121741,1240187
2218723,3121741,1240187
2221443,3121795,1240394
1288233,3043612,1240401
1288796,3043663,1240463
1288798,3043663,1240463
695791,3043665,1240465
695813,3043658,1240466
1288827,3043665,1240466
1288829,3043667,1240466
1288840,3043663,1240466
1289653,3043688,1240487
696205,3043679,1240510
696210,3043680,1240510
696214,3043684,1240510
1290190,3043681,1240510
1290205,3043678,1240510
1290210,3043685,1240510
696441,3043880,1240531
1290635,3043869,1240531
1290636,3043870,1240531
1290637,3043871,1240531
1290638,3043872,1240531
1290639,3043873,1240531
1290640,3043874,1240531
1290641,3043875,1240531
1290642,3043876,1240531
1290643,3043877,1240531
1290644,3043878,1240531
1290645,3043879,1240531
696470,3043885,1240534
696665,3043780,1240567
1291585,3043782,1240567
1291587,3043774,1240567
1292031,3044001,1240576
1292032,3043999,1240576
1292033,3044003,1240576
696928,3044116,1240580
1292212,3044032,1240580
1292213,3044033,1240580
1292217,3044034,1240580
1292218,3044037,1240580
1292219,3044038,1240580
1292220,3044039,1240580
1292221,3044042,1240580
1292222,3044043,1240580
1292223,3044044,1240580
1292224,3044045,1240580
1292225,3044046,1240580
1292226,3044047,1240580
1292227,3044048,1240580
1292228,3044049,1240580
1292229,3044050,1240580
1292230,3044051,1240580
1292231,3044052,1240580
1292232,3044053,1240580
1292233,3044054,1240580
1292234,3044055,1240580
1292235,3044056,1240580
1292236,3044057,1240580
1292237,3044058,1240580
1292239,3044059,1240580
1292240,3044060,1240580
1292241,3044061,1240580
1292242,3044062,1240580
1292243,3044063,1240580
1292244,3044064,1240580
1292245,3044065,1240580
1292246,3044066,1240580
1292247,3044067,1240580
1292248,3044068,1240580
1292249,3044069,1240580
1292250,3044070,1240580
1292251,3044071,1240580
1292252,3044072,1240580
1292253,3044073,1240580
1292254,3044074,1240580
1292255,3044075,1240580
1292256,3044076,1240580
1292257,3044077,1240580
1292258,3044078,1240580
1292259,3044079,1240580
1292260,3044080,1240580
1292261,3044081,1240580
1292263,3044082,1240580
1292264,3044083,1240580
1292266,3044084,1240580
1292267,3044085,1240580
1292269,3044086,1240580
1292270,3044087,1240580
1292272,3044088,1240580
1292273,3044089,1240580
1292274,3044090,1240580
1292276,3044091,1240580
1292277,3044092,1240580
1292279,3044093,1240580
1292281,3044094,1240580
1292283,3044095,1240580
1292284,3044096,1240580
1292285,3044099,1240580
1292286,3044100,1240580
1292287,3044101,1240580
1292288,3044102,1240580
1292289,3044103,1240580
1292290,3044106,1240580
1292291,3044107,1240580
696879,3044005,1240583
1292445,3044009,1240584
1292506,3043999,1240595
1292507,3044001,1240595
1292508,3044007,1240595
1292510,3044005,1240595
1292513,3044009,1240595
697012,3044153,1240598
697020,3044134,1240603
697021,3044136,1240603
697222,3044200,1240629
697232,3044202,1240629
1293222,3044208,1240634
1293223,3044210,1240634
697352,3043951,1240637
697354,3043953,1240637
1293327,3043955,1240637
697386,3044141,1240641
697388,3044142,1240641
697395,3044144,1240641
1293393,3044146,1240641
1293410,3044231,1240643
1293513,3044242,1240655
1293804,3044194,1240694
1293805,3044196,1240694
697615,3044345,1240707
697616,3044347,1240707
697627,3044349,1240707
697624,3044255,1240709
697626,3044257,1240709
1294127,3044242,1240709
697661,3044368,1240716
1294688,3044327,1240723
1294689,3044331,1240723
1294690,3044333,1240723
1294691,3044335,1240723
1294696,3044337,1240723
1294893,3044390,1240731
1294895,3044392,1240731
1294896,3044394,1240731
1294943,3044549,1240734
697902,3044564,1240750
697906,3044566,1240750
697895,3044533,1240753
697896,3044535,1240754
698077,3044541,1240773
698084,3044539,1240777
698997,3044114,1240908
699000,3044469,1240908
699002,3044472,1240908
699003,3044474,1240908
699004,3044476,1240908
699006,3044478,1240908
699009,3044479,1240908
699011,3044481,1240908
699012,3044483,1240908
699014,3044485,1240908
699016,3044487,1240908
699017,3044489,1240908
699018,3044491,1240908
699019,3044493,1240908
699022,3044495,1240908
699024,3044425,1240908
699027,3044497,1240908
699030,3044499,1240908
699033,3043717,1240908
699037,3044525,1240908
699041,3044531,1240908
1296948,3044501,1240908
1296949,3044503,1240908
1296950,3044505,1240908
1296951,3044506,1240908
1296952,3044527,1240908
1296953,3044538,1240908
1296962,3044543,1240908
1297186,3044679,1240927
699388,3044778,1240962
699393,3044780,1240962
1297858,3044781,1240962
1297860,3044783,1240962
1297862,3044785,1240962
1297865,3044787,1240962
1298050,3044956,1240978
1298076,3044959,1240979
1298679,3044980,1240988
1298624,3045006,1240999
699750,3045021,1241002
1300827,3044993,1241010
1300828,3044995,1241010
1300829,3044997,1241010
1300830,3044999,1241010
1300833,3045001,1241010
1300836,3045003,1241010
1300839,3045005,1241010
699902,3044721,1241011
699903,3044747,1241011
699905,3044749,1241011
1300877,3044741,1241011
1300878,3044743,1241011
1300880,3044745,1241011
700001,3045083,1241034
700004,3045086,1241034
700007,3045084,1241034
700008,3045090,1241034
1301384,3045088,1241034
1301913,3045161,1241072
700134,3045074,1241075
700135,3045075,1241075
1301926,3045073,1241075
1301951,3045201,1241079
1301955,3045201,1241079
1301956,3045201,1241079
1302186,3045215,1241083
1302531,3045217,1241087
700354,3045253,1241150
1303122,3045249,1241150
1303123,3045253,1241150
1303124,3045255,1241150
1303575,3045273,1241179
700647,3045293,1241190
1303807,3045291,1241190
1303808,3045292,1241190
1303850,3045271,1241198
700905,3045360,1241244
1304206,3045357,1241244
1304207,3045358,1241244
1304208,3045359,1241244
1304239,3045368,1241255
1304288,3045383,1241259
1304289,3045387,1241259
1304290,3045391,1241259
1304774,3045423,1241274
1304836,3045353,1241283
701295,3045531,1241287
701300,3045532,1241287
701301,3045534,1241287
701308,3045536,1241287
701313,3045538,1241287
1305379,3045589,1241309
1305698,3045597,1241322
702026,3045645,1241343
1306220,3045688,1241350
1306482,3045702,1241354
1306974,3045728,1241378
702724,3045632,1241389
702727,3045634,1241389
1307082,3045636,1241389
1307212,3045744,1241414
1307213,3045397,1241415
1307214,3045399,1241415
1307215,3045401,1241415
1307216,3045409,1241415
1307217,3045415,1241415
1307218,3045421,1241415
1307219,3045424,1241415
1307220,3045427,1241415
1307221,3045429,1241415
1307222,3045431,1241415
1307223,3045433,1241415
1307224,3045436,1241415
1307225,3045438,1241415
1307226,3045440,1241415
1307227,3045442,1241415
1307228,3045445,1241415
1307229,3045447,1241415
1307230,3045449,1241415
1307231,3045452,1241415
1307232,3045454,1241415
1307233,3045456,1241415
1307234,3045458,1241415
1307235,3045460,1241415
1307236,3045462,1241415
1307237,3045464,1241415
1307238,3045466,1241415
702809,3045775,1241432
1307338,3045765,1241432
1307339,3045766,1241432
1307340,3045767,1241432
1307341,3045770,1241432
1307342,3045771,1241432
1307370,3045784,1241435
702942,3045831,1241450
1307797,3045833,1241450
1307801,3045826,1241450
1307804,3045817,1241450
1307805,3045820,1241450
1307806,3045831,1241450
1307807,3045833,1241450
1307811,3045817,1241450
1307815,3045820,1241450
702984,3045876,1241461
1307949,3045874,1241461
703235,3045897,1241478
703237,3045899,1241478
703239,3045901,1241478
703246,3045903,1241478
703248,3045905,1241478
703250,3045907,1241478
703252,3045909,1241478
703254,3045911,1241478
703255,3045927,1241478
703256,3045929,1241478
703259,3045931,1241478
1308354,3045895,1241478
1308366,3045948,1241479
1308367,3045819,1241480
703291,3045957,1241493
1308433,3045960,1241493
1308526,3045995,1241500
1309017,3046149,1241524
703485,3046128,1241528
703486,3046133,1241528
703494,3046141,1241532
1309156,3046142,1241532
1309160,3046143,1241532
1311495,3046340,1241587
1311563,3046183,1241589
1311564,3046185,1241589
1311565,3046187,1241589
1311566,3046189,1241589
704195,3046416,1241592
1311651,3046403,1241592
1311652,3046404,1241592
1311653,3046406,1241592
1311654,3046408,1241592
1311655,3046410,1241592
1311656,3046411,1241592
1311657,3046412,1241592
1311658,3046413,1241592
1311713,3045963,1241594
1311716,3046120,1241594
1311803,3046390,1241596
1311804,3046392,1241596
1311805,3046400,1241596
1311806,3046401,1241596
1312184,3046593,1241620
704794,3046641,1241640
704799,3046627,1241640
1313008,3046621,1241640
1313009,3046622,1241640
1313010,3046623,1241640
1313011,3046624,1241640
1313012,3046625,1241640
1313013,3046626,1241640
1313016,3046629,1241640
1313018,3046631,1241640
1313020,3046633,1241640
1313025,3046642,1241640
1314128,3046614,1241652
1314129,3046616,1241652
1314169,3046847,1241654
1314693,3046909,1241665
1314695,3046911,1241665
1314697,3046913,1241665
1315248,3046541,1241680
1315902,3047018,1241718
705867,3047051,1241749
1316395,3047057,1241749
1318882,3047291,1241816
706678,3047304,1241836
706680,3047302,1241836
1319159,3047292,1241836
1319160,3047293,1241836
1319161,3047294,1241836
1319162,3045574,1241836
1319163,3047295,1241836
1319164,3047296,1241836
1319165,3047297,1241836
1319166,3047298,1241836
1319167,3047299,1241836
1319168,3047300,1241836
1319169,3047301,1241836
1319170,3045571,1241836
1319464,3046742,1241849
1319467,3046753,1241849
706746,3047376,1241861
1319589,3047344,1241861
1319590,3047347,1241861
1319591,3047358,1241861
1319592,3047367,1241861
1319901,3047148,1241875
1319903,3047150,1241875
1319904,3047152,1241875
1319905,3047154,1241875
1319906,3047156,1241875
1319907,3047158,1241875
1319908,3047160,1241875
1319909,3047162,1241875
1319910,3047165,1241875
1320592,3047430,1241914
1320657,3047432,1241918
1320685,3047485,1241922
707094,3047334,1241944
707096,3047335,1241944
707098,3047339,1241944
1320917,3047363,1241944
1320919,3047337,1241944
707088,3047454,1241945
1320901,3047468,1241945
1320902,3047471,1241945
1320903,3047476,1241945
707475,3045640,1242044
707480,3047630,1242044
707588,3047598,1242095
1321909,3047603,1242095
1322089,3047699,1242109
1322090,3047700,1242109
1322091,3047701,1242109
1322321,3047740,1242127
1322509,3047746,1242145
707888,3047715,1242146
707924,3047758,1242153
1322583,3047755,1242153
1322584,3047756,1242153
1322585,3047757,1242153
1322670,3047760,1242157
1323071,3047826,1242184
1323072,3047827,1242184
1323073,3047829,1242184
1323586,3047814,1242212
1323955,3044708,1242230
1323958,3047903,1242230
1324314,3047428,1242247
1324315,3047442,1242247
1324316,3047553,1242247
1324317,3047561,1242247
1324318,3047567,1242247
708862,3047930,1242248
708864,3047932,1242248
708865,3047934,1242248
708878,3047839,1242252
1324397,3047874,1242252
1324400,3047876,1242252
1324444,3047940,1242258
1324446,3047942,1242258
1324839,3047970,1242280
709095,3048012,1242306
709268,3047994,1242327
1326127,3047998,1242327
1326128,3048000,1242327
1326129,3048001,1242327
1326131,3048003,1242327
1326132,3048005,1242327
1326133,3048006,1242327
1326136,3048008,1242327
709272,3048039,1242329
1326588,3048178,1242372
709440,3048230,1242379
1326757,3048223,1242379
1326758,3048229,1242379
709461,3048243,1242390
1326853,3044125,1242390
1326917,3048249,1242395
1326920,3048251,1242395
1326930,3048261,1242397
709613,3048187,1242418
1327599,3048248,1242429
709765,3048396,1242457
1327834,3048391,1242457
1327835,3048392,1242457
1327836,3048393,1242457
1327837,3048394,1242457
1327838,3048395,1242457
709960,3048419,1242463
709962,3048420,1242463
1328517,3048421,1242467
1328521,3048422,1242467
710102,3048458,1242484
1328951,3048443,1242484
1328952,3048444,1242484
1328953,3048445,1242484
1328954,3048446,1242484
1328955,3048447,1242484
1328956,3048448,1242484
1328957,3048449,1242484
1328958,3048450,1242484
1328959,3048451,1242484
1328960,3048452,1242484
1328961,3048455,1242484
1328962,3048457,1242484
1329058,3048472,1242491
1329059,3048476,1242491
710272,3048538,1242494
1329344,3048527,1242494
1329345,3048530,1242494
1329346,3048531,1242494
1329347,3048534,1242494
1329348,3048535,1242494
1329349,3048537,1242494
1330028,3048618,1242509
1330029,3048620,1242509
1330030,3048622,1242509
1330031,3048624,1242509
1330032,3048626,1242509
1330033,3048628,1242509
1330034,3048630,1242509
1330132,3048057,1242513
1330133,3048063,1242513
1330154,3048632,1242517
710730,3048659,1242522
710731,3048661,1242522
1330308,3048655,1242522
1330343,3048657,1242522
1330351,3048638,1242523
711045,3048460,1242557
711046,3048462,1242557
711047,3048464,1242557
711048,3048466,1242557
711050,3048468,1242557
711051,3048470,1242557
711052,3048474,1242557
711055,3048478,1242557
711056,3048483,1242557
711059,3048485,1242557
711060,3048487,1242557
711061,3048489,1242557
711062,3048491,1242557
711065,3048493,1242557
711069,3048495,1242557
711074,3048497,1242557
711076,3048499,1242557
711077,3048501,1242557
711080,3048503,1242557
711081,3048505,1242557
711083,3048507,1242557
711084,3048509,1242557
711085,3048511,1242557
711087,3048513,1242557
711088,3048515,1242557
711091,3048523,1242557
711092,3048525,1242557
711093,3048528,1242557
711094,3048532,1242557
1331271,3048519,1242557
1331299,3048574,1242557
711425,3048770,1242612
1332324,3048783,1242625
711629,3048829,1242656
711631,3048827,1242656
711637,3048831,1242658
711639,3048832,1242658
1333992,3049021,1242686
712045,3049008,1242693
1334211,3049019,1242693
1334252,3049008,1242693
1334253,3049010,1242693
712331,3048323,1242718
712367,3048344,1242718
712368,3048347,1242718
1335009,3048329,1242718
1335021,3048331,1242718
1335042,3048337,1242718
1335044,3048338,1242718
1335046,3048339,1242718
1335049,3048341,1242718
1335050,3048370,1242718
1335051,3048372,1242718
1335052,3048374,1242718
1335053,3048376,1242718
1335080,3048378,1242718
1335083,3048380,1242718
1335084,3048382,1242718
1335086,3048386,1242718
1335120,3048388,1242718
1336193,3048836,1242757
1336322,3049094,1242760
712901,3049028,1242788
1336909,3049047,1242788
712955,3049120,1242795
712956,3049122,1242795
712957,3049123,1242795
1337232,3048887,1242799
1337233,3048889,1242799
1337234,3048891,1242799
1337235,3048983,1242799
1337237,3048985,1242799
1337238,3048987,1242799
1337241,3048991,1242799
1337242,3048832,1242799
1337243,3048834,1242799
1337244,3048839,1242799
1337260,3048893,1242799
713105,3049077,1242806
1337960,3049181,1242844
1337968,3049181,1242844
713295,3049103,1242846
1337929,3049107,1242846
1338227,3049179,1242876
1338230,3049183,1242876
1338231,3049181,1242876
1338264,3044151,1242877
713559,3046767,1242903
1338707,3049376,1242903
713681,3049425,1242918
713687,3049427,1242918
1339187,3049429,1242918
1339204,3049448,1242920
1339205,3049450,1242920
713717,3049458,1242926
1339343,3049452,1242926
1339344,3049453,1242926
1339345,3049454,1242926
1339346,3049455,1242926
1339348,3049456,1242926
713726,3049569,1242931
1339562,3049581,1242946
713902,3049359,1242965
1339896,3049359,1242965
714336,3049546,1243032
1341620,3049728,1243043
714515,3049753,1243049
1342086,3049750,1243049
1342087,3049751,1243049
1342088,3049752,1243049
714671,3049575,1243065
714673,3049583,1243065
1342423,3049575,1243065
1342430,3049575,1243065
1342432,3049573,1243065
714674,3049757,1243066
714681,3049758,1243066
714685,3049759,1243066
714693,3049760,1243066
714694,3049761,1243066
714699,3049762,1243066
1342528,3049590,1243072
714786,3049534,1243107
714787,3049538,1243107
1342771,3049530,1243107
1342774,3049542,1243107
1342775,3049544,1243107
1342776,3049593,1243107
1342777,3049522,1243107
1342780,3049546,1243107
1342781,3049547,1243107
1342782,3049578,1243107
1342783,3049590,1243107
714822,3049767,1243116
714825,3049790,1243116
715071,3049906,1243191
715096,3049897,1243191
1343864,3049893,1243191
1343865,3049894,1243191
1343866,3049896,1243191
1344202,3049914,1243210
715216,3049614,1243211
715220,3049626,1243211
715221,3049628,1243211
715222,3049615,1243211
715224,3049617,1243211
715225,3049619,1243211
715226,3049621,1243211
715227,3049623,1243211
1344251,3049561,1243211
1344253,3049565,1243211
1344256,3049571,1243211
1344264,3049630,1243211
1344266,3049577,1243211
1344583,3049985,1243221
1345666,3049999,1243243
715557,3049987,1243253
715559,3049992,1243253
1346263,3049994,1243253
1346265,3049990,1243253
1346267,3049990,1243253
1346270,3049996,1243253
1346384,3049988,1243253
1346414,3049988,1243253
1347441,3050047,1243296
1347444,3050048,1243296
1348335,3049974,1243364
716075,3050079,1243368
1348555,3050080,1243368
1348556,3050082,1243368
1348557,3050088,1243368
716186,3050150,1243384
1348899,3050154,1243384
1349408,3050163,1243410
716322,3050403,1243423
1349848,3050340,1243434
716591,3050549,1243471
1351043,3050546,1243471
1351044,3050548,1243471
1351555,3050527,1243483
1351556,3050537,1243483
716733,3050621,1243504
1351833,3045280,1243504
1351834,3050584,1243504
1351835,3049625,1243504
1351836,3050586,1243504
1351837,3050587,1243504
1351838,3050588,1243504
1351839,3050589,1243504
716725,3050655,1243511
716726,3050657,1243511
716730,3050659,1243511
1351868,3050653,1243511
1352238,3050661,1243516
1352239,3050663,1243516
1352240,3050665,1243516
1352471,3050678,1243539
1352831,3050227,1243554
1352832,3050239,1243554
1352833,3050241,1243554
1352834,3050243,1243554
1352835,3050247,1243554
1352843,3050288,1243554
1353216,3050733,1243575
717217,3050740,1243578
1353450,3050702,1243597
1353759,3050801,1243608
1353797,3050828,1243609
717389,3050831,1243612
717654,3050890,1243635
1354652,3050887,1243635
1354653,3050888,1243635
1354654,3050889,1243635
1354978,3050860,1243652
717792,3050923,1243654
717794,3050924,1243654
717795,3050926,1243654
1355402,3050981,1243682
1355417,3050981,1243682
1355428,3050981,1243682
1355429,3050981,1243682
1355473,3050965,1243688
1355474,3050966,1243688
1355478,3050970,1243688
1355479,3050979,1243688
1355481,3050975,1243688
1355490,3050975,1243688
1355498,3050975,1243688
1355590,3050949,1243691
1355591,3050951,1243691
1355592,3050953,1243691
1355593,3050947,1243691
1355623,3050993,1243696
1355624,3050995,1243696
1355625,3050997,1243696
1355669,3050999,1243696
1355940,3051013,1243718
1355941,3051015,1243718
1356068,3051000,1243723
1356071,3051002,1243723
1356072,3051004,1243723
718210,3051032,1243732
718222,3051034,1243732
1356183,3051031,1243732
1356311,3051057,1243743
718414,3051127,1243758
1356604,3051123,1243758
1356605,3051124,1243758
718570,3051166,1243763
1356791,3051160,1243763
1356792,3051163,1243763
1356795,3051167,1243763
1356804,3051161,1243763
1356796,3051153,1243764
1356857,3043937,1243772
718662,3051194,1243776
1357003,3051168,1243776
1357004,3051169,1243776
1357005,3051170,1243776
1357006,3051171,1243776
1357007,3051172,1243776
1357008,3051175,1243776
1357009,3051176,1243776
1357010,3051179,1243776
1357011,3051180,1243776
1357012,3051181,1243776
1357013,3051184,1243776
1357014,3051185,1243776
1357015,3051186,1243776
1357016,3051189,1243776
1357017,3051190,1243776
1357018,3051191,1243776
1357019,3051192,1243776
1357160,3051214,1243781
1357161,3051215,1243781
1357163,3051217,1243781
1357165,3051219,1243781
1357167,3051221,1243781
1357168,3051225,1243781
1357169,3051227,1243781
1357170,3051229,1243781
1357171,3051231,1243781
1357172,3051233,1243781
1357173,3051235,1243781
1357174,3051239,1243781
1357175,3051243,1243781
1357176,3051245,1243781
1357177,3051247,1243781
1357178,3051249,1243781
1357311,3051204,1243784
1357315,3051282,1243785
1357416,3051299,1243791
1358284,3051173,1243826
719127,3051396,1243850
719133,3051402,1243850
719134,3051403,1243850
719137,3051405,1243850
1358666,3051435,1243859
719204,3051446,1243868
1358718,3051449,1243868
719656,3051508,1243903
719822,3051779,1243911
719823,3051773,1243911
1360015,3051645,1243911
1360018,3051648,1243911
1360022,3051653,1243911
1360027,3051658,1243911
1360030,3051661,1243911
1360031,3051666,1243911
1360034,3051671,1243911
1360039,3051674,1243911
1360043,3051679,1243911
1360047,3051684,1243911
1360051,3051691,1243911
1360053,3051692,1243911
1360057,3051695,1243911
1360058,3051696,1243911
1360059,3051699,1243911
1360060,3051700,1243911
1360061,3051703,1243911
1360062,3051708,1243911
1360063,3051709,1243911
1360064,3051712,1243911
1360065,3051713,1243911
1360066,3051718,1243911
1360067,3051763,1243911
1360068,3051767,1243911
720495,3052052,1243980
720498,3052055,1243980
720556,3051894,1243986
1363123,3051892,1243986
720660,3051719,1243993
1363305,3051623,1243993
1363306,3051625,1243993
1363307,3051722,1243993
1363308,3051725,1243993
1363309,3051727,1243993
1363316,3051731,1243993
1363320,3051733,1243993
1363321,3051737,1243993
1363325,3051739,1243993
1363327,3051742,1243993
1363330,3051746,1243993
1363331,3051748,1243993
1363337,3051752,1243993
1363342,3051756,1243993
1363344,3051759,1243993
1363345,3051780,1243993
1363346,3051796,1243993
1363371,3051802,1243993
1363378,3051804,1243993
1363385,3051806,1243993
1363386,3051808,1243993
1363387,3051810,1243993
1363393,3051812,1243993
1363394,3051814,1243993
1363401,3051816,1243993
1363407,3051818,1243993
1363408,3051820,1243993
1363415,3051822,1243993
1363422,3051824,1243993
1363423,3051826,1243993
1363431,3051828,1243993
1363432,3051830,1243993
1363433,3051832,1243993
1363441,3051834,1243993
1363449,3051836,1243993
1363450,3051838,1243993
1363451,3051840,1243993
1363452,3051842,1243993
1363453,3051844,1243993
1363459,3051846,1243993
720777,3051890,1244011
1364438,3051869,1244011
1364440,3051871,1244011
1364441,3051883,1244011
1364442,3051885,1244011
1364444,3051887,1244011
1364448,3051920,1244011
1364726,3052091,1244017
1364748,3052090,1244023
1364749,3052091,1244023
720926,3052110,1244057
720928,3052111,1244057
720930,3052112,1244057
720932,3052114,1244057
720933,3052116,1244057
720935,3052118,1244057
720936,3052120,1244057
1365135,3052132,1244057
1365180,3052089,1244065
1365230,3052139,1244068
1365231,3052139,1244068
1365228,3052144,1244069
1365232,3052135,1244071
1365233,3052137,1244071
1365234,3052139,1244071
1365275,3052152,1244077
721165,3052070,1244105
1366334,3052309,1244121
1366602,3052337,1244129
1367914,3052343,1244134
721583,3052431,1244143
1368298,3044768,1244143
1368300,3052427,1244143
1368301,3052428,1244143
1368302,3052429,1244143
1368303,3052430,1244143
723926,3052366,1244144
723929,3052370,1244144
723932,3052378,1244144
1373486,3052353,1244144
1374909,3052354,1244144
1374910,3052356,1244144
1374911,3052360,1244144
1374912,3052364,1244144
1374913,3052374,1244144
1368383,3051261,1244145
1368384,3052293,1244145
1368385,3052296,1244145
1368386,3052298,1244145
1368650,3052441,1244157
1369051,3052521,1244184
1369052,3052522,1244184
1369053,3052523,1244184
1369054,3052525,1244184
1369104,3052497,1244187
1370038,3052626,1244254
1370493,3052658,1244276
1370494,3052660,1244276
1370495,3052661,1244276
722636,3052591,1244290
722639,3052593,1244290
1370716,3052597,1244290
1370717,3052601,1244290
1370718,3052603,1244290
1370719,3052606,1244290
1370720,3052632,1244290
1370792,3052626,1244290
1370861,3052713,1244305
1370964,3052713,1244309
1371114,3052738,1244318
1371115,3052739,1244318
1371116,3052740,1244318
1371117,3052742,1244318
1371118,3052744,1244318
722891,3052695,1244331
722892,3052697,1244331
722893,3052699,1244331
722894,3052701,1244331
722895,3052703,1244331
1371374,3052705,1244331
1371658,3052793,1244354
1371659,3052789,1244354
722998,3052873,1244360
1372003,3052924,1244379
1372578,3053012,1244425
723814,3053273,1244456
1373365,3053282,1244458
723996,3053334,1244490
1375506,3053339,1244500
724158,3052958,1244504
724161,3052960,1244504
724174,3052962,1244504
724213,3053000,1244504
724214,3053002,1244504
724215,3053004,1244504
724216,3053006,1244504
724217,3053015,1244504
724219,3053021,1244504
724220,3053029,1244504
724223,3053035,1244504
724225,3053037,1244504
724226,3053039,1244504
724228,3053041,1244504
724229,3053043,1244504
724230,3053049,1244504
724233,3053051,1244504
724234,3053053,1244504
724235,3053055,1244504
724237,3053057,1244504
1375555,3052964,1244504
1375556,3052966,1244504
1375557,3052968,1244504
1375558,3052970,1244504
1375559,3052972,1244504
1375560,3052974,1244504
1375561,3052976,1244504
1375562,3052978,1244504
1375563,3052980,1244504
1375564,3052982,1244504
1375565,3052984,1244504
1375566,3052986,1244504
1375567,3052988,1244504
1375568,3052990,1244504
1375569,3052992,1244504
1375570,3052994,1244504
1375571,3052996,1244504
1375572,3052998,1244504
1375574,3053010,1244504
1375605,3053045,1244504
1375606,3053047,1244504
1375613,3053095,1244504
724212,3053429,1244506
1375674,3053401,1244506
1375675,3046194,1244506
1375676,3048215,1244506
1375677,3047632,1244506
1375678,3053402,1244506
1375679,3053403,1244506
1375680,3053404,1244506
1375681,3053405,1244506
1375683,3053406,1244506
1375686,3053427,1244506
1375953,3053450,1244528
724435,3045257,1244554
1376385,3053446,1244554
1376386,3053448,1244554
1376387,3045258,1244554
1376388,3053452,1244554
1376389,3053460,1244554
1376390,3053464,1244554
1376391,3053466,1244554
1376392,3053468,1244554
1376393,3053470,1244554
1376394,3053472,1244554
1376395,3053474,1244554
1376396,3053450,1244554
1376454,3053381,1244556
1376455,3053383,1244556
1376541,3053631,1244561
1376575,3053657,1244565
724488,3053659,1244567
724509,3053674,1244575
1376826,3053673,1244575
724896,3053795,1244614
724939,3053616,1244656
1378798,3053631,1244656
1378816,3053681,1244659
1378817,3053683,1244659
1378818,3053685,1244659
1378819,3053687,1244659
1378820,3053689,1244659
1378821,3053691,1244659
1378824,3053748,1244659
1378869,3052711,1244663
1378870,3052710,1244663
1378871,3052707,1244663
1379415,3053847,1244711
1379955,3053992,1244730
1380558,3054026,1244769
1380775,3054013,1244790
1380778,3054014,1244790
1380867,3054017,1244802
1380868,3054019,1244802
1380869,3054015,1244802
1381255,3054060,1244837
1381447,3054134,1244844
725927,3054089,1244885
725929,3054091,1244885
725934,3054094,1244885
725936,3054095,1244885
725938,3054096,1244885
725940,3054099,1244885
725941,3054101,1244885
725943,3054103,1244885
725945,3054105,1244885
725947,3054107,1244885
725949,3054109,1244885
725951,3054111,1244885
725953,3054114,1244885
725955,3054116,1244885
725957,3054118,1244885
1381877,3054092,1244885
726361,3054391,1244938
1382918,3054362,1244938
1382920,3054363,1244938
1382922,3054364,1244938
1382924,3054365,1244938
1382925,3054368,1244938
1382927,3054372,1244938
1382929,3054379,1244938
1382930,3054388,1244938
726490,3054384,1244969
726561,3054520,1244982
726562,3054521,1244982
726563,3054523,1244982
726564,3054524,1244982
1386853,3054450,1245024
726703,3054397,1245045
1387879,3054401,1245045
1389543,3054677,1245088
1389544,3054679,1245088
1389550,3054228,1245090
1389551,3054230,1245090
1389552,3054232,1245090
1389553,3054274,1245090
1389554,3054276,1245090
1389555,3054278,1245090
1389556,3054284,1245090
1389557,3054286,1245090
1389558,3054290,1245090
1389561,3054292,1245090
1389572,3054304,1245090
1389589,3054247,1245090
1389599,3054723,1245091
727187,3048037,1245093
1390287,3048038,1245093
1390452,3054785,1245108
727445,3054797,1245116
1391176,3054833,1245139
1392103,3054882,1245167
1392106,3054884,1245167
1392182,3054833,1245171
728596,3054909,1245200
728602,3054911,1245200
728604,3054913,1245200
728606,3054915,1245200
728607,3054917,1245200
1392998,3054783,1245208
1392999,3054787,1245208
1393002,3054785,1245208
728719,3054963,1245213
1393112,3054959,1245213
1393113,3054960,1245213
1393114,3054961,1245213
1393115,3054962,1245213
728912,3054964,1245254
728933,3054968,1245271
1393619,3054965,1245271
1393628,3054968,1245271
1393629,3054966,1245271
1393630,3054966,1245271
1393756,3054739,1245293
1393757,3054740,1245293
1393758,3054743,1245293
1393759,3054744,1245293
1393760,3054745,1245293
1393761,3054746,1245293
1393762,3054747,1245293
1393763,3054748,1245293
1393764,3054749,1245293
1393765,3054750,1245293
1393766,3054751,1245293
1393767,3054752,1245293
1393768,3054753,1245293
1393769,3054754,1245293
1393770,3054755,1245293
1393771,3054756,1245293
1393772,3054757,1245293
1393773,3054758,1245293
1393774,3054759,1245293
1393775,3054762,1245293
1393776,3054763,1245293
1393777,3054764,1245293
1393778,3054765,1245293
1393779,3054766,1245293
1393780,3054767,1245293
1393781,3054768,1245293
1393782,3054769,1245293
1393838,3055009,1245302
728991,3054985,1245307
1393964,3055065,1245312
1394302,3055065,1245325
729161,3055105,1245329
1394334,3055096,1245329
1394335,3055099,1245329
1394336,3055100,1245329
1394429,3055082,1245342
1394521,3055128,1245352
1394538,3055132,1245355
1394539,3055134,1245355
729330,3055033,1245372
729331,3055054,1245372
1394849,3055061,1245372
729329,3055136,1245378
1395021,3055195,1245388
1395022,3055198,1245388
1395023,3055202,1245388
1395024,3055208,1245388
1395025,3055210,1245388
1395026,3055213,1245388
1395027,3055216,1245388
1395288,3052656,1245405
1395289,3052657,1245405
1395290,3055169,1245405
1395291,3055171,1245405
1395292,3055172,1245405
1395293,3055174,1245405
1395294,3055175,1245405
1395295,3055179,1245405
1395296,3055181,1245405
1395297,3055184,1245405
1395298,3055186,1245405
1395299,3052644,1245405
1395300,3055190,1245405
1395301,3047902,1245405
1395302,3055191,1245405
1395303,3055193,1245405
1395304,3055197,1245405
1395305,3052708,1245405
1395306,3055204,1245405
1395307,3049446,1245405
1395308,3055212,1245405
1395309,3055215,1245405
1395310,3055218,1245405
1395311,3055219,1245405
1395312,3055220,1245405
1395313,3055233,1245405
1395314,3055235,1245405
1395315,3052681,1245405
1395316,3055239,1245405
1395317,3055241,1245405
1395318,3055242,1245405
1395319,3055243,1245405
1395320,3052552,1245405
1395321,3055244,1245405
1395322,3055246,1245405
1395323,3055247,1245405
1395324,3052650,1245405
1395325,3055248,1245405
1395326,3052652,1245405
1395327,3055250,1245405
1395328,3055251,1245405
1395329,3055252,1245405
1395330,3055253,1245405
1395331,3055254,1245405
1395332,3055256,1245405
1395333,3055258,1245405
1395334,3055262,1245405
1395335,3055264,1245405
1395336,3055265,1245405
1395337,3055266,1245405
1395338,3055267,1245405
1395339,3055268,1245405
1395340,3055269,1245405
1395341,3055271,1245405
1395342,3055272,1245405
1395343,3055274,1245405
1395344,3055275,1245405
1395345,3055276,1245405
1395346,3055278,1245405
1395347,3055280,1245405
1395348,3055282,1245405
1395349,3055284,1245405
1395350,3055286,1245405
1395351,3055288,1245405
1395352,3055290,1245405
1395353,3055291,1245405
1395354,3055293,1245405
1395355,3055295,1245405
1395356,3055297,1245405
1395357,3055299,1245405
1395358,3055300,1245405
1395359,3055302,1245405
1395360,3055304,1245405
1395361,3055305,1245405
1395362,3055307,1245405
1395363,3055309,1245405
1395364,3055311,1245405
1395365,3055313,1245405
1395366,3052510,1245405
1395367,3052559,1245405
1395368,3055314,1245405
1395369,3055316,1245405
1396276,3055157,1245453
1396305,3055397,1245454
1396678,3055459,1245469
1397357,3055491,1245494
730412,3055559,1245498
1397453,3055561,1245500
730612,3055519,1245501
730613,3055524,1245501
730615,3055526,1245501
730616,3055528,1245501
1398068,3055581,1245508
1398130,3055549,1245522
1398131,3055551,1245522
1398132,3055552,1245522
1398133,3055553,1245522
1398134,3055554,1245522
1398135,3055555,1245522
1398136,3055556,1245522
1398137,3055557,1245522
1398138,3055558,1245522
1399426,3055685,1245530
731380,3055599,1245546
1401134,3055602,1245546
1401188,3055717,1245550
1402391,3055710,1245565
1402392,3055699,1245565
1402704,3055721,1245574
732183,3055748,1245589
732184,3055750,1245589
732186,3055752,1245589
732189,3055754,1245589
732196,3055756,1245589
732197,3055758,1245589
732199,3055760,1245589
732203,3055762,1245589
732204,3055764,1245589
732206,3055765,1245589
732208,3055766,1245589
732214,3055767,1245589
732216,3055768,1245589
732217,3055769,1245589
732221,3055770,1245589
732224,3055771,1245589
732226,3055772,1245589
732227,3055774,1245589
732229,3055776,1245589
732233,3055778,1245589
732234,3055780,1245589
732236,3055782,1245589
732237,3055784,1245589
732238,3055786,1245589
732241,3055788,1245589
732242,3055790,1245589
732244,3055792,1245589
732247,3055794,1245589
732250,3055798,1245589
732253,3055800,1245589
732259,3055802,1245589
732262,3055804,1245589
732267,3055808,1245589
732270,3055810,1245589
732271,3055812,1245589
732272,3055814,1245589
732274,3055817,1245589
732277,3055819,1245589
732282,3055821,1245589
732284,3055823,1245589
732287,3055825,1245589
732289,3055828,1245589
732290,3055830,1245589
732294,3055834,1245589
732296,3055836,1245589
732299,3055838,1245589
732300,3055840,1245589
732302,3055843,1245589
732304,3055845,1245589
732308,3055847,1245589
732310,3055849,1245589
732312,3055851,1245589
732313,3055853,1245589
732319,3055855,1245589
732322,3055857,1245589
732324,3055863,1245589
732327,3055869,1245589
732329,3055871,1245589
732330,3055873,1245589
732332,3055876,1245589
732334,3055878,1245589
732337,3055880,1245589
732338,3055882,1245589
732339,3055884,1245589
732599,3055903,1245612
1403853,3055943,1245631
732876,3055946,1245633
732898,3055929,1245638
732908,3055934,1245638
1404151,3055953,1245643
1404169,3055951,1245646
1404170,3055953,1245646
733000,3055961,1245653
1404191,3055962,1245653
1404192,3055964,1245653
1404193,3055966,1245653
1404194,3055966,1245653
1404196,3055962,1245653
1404198,3055964,1245653
1404224,3055970,1245657
1404225,3055971,1245657
1404226,3055973,1245657
1404227,3055975,1245657
733198,3055981,1245671
1404912,3055662,1245682
1404913,3055663,1245682
1404916,3055665,1245682
1405061,3056105,1245694
733645,3056140,1245705
1405832,3056139,1245705
1405838,3056141,1245705
1405844,3056142,1245705
1405847,3056144,1245705
1405848,3056146,1245705
1405871,3056148,1245705
733746,3056153,1245712
1406965,3056156,1245712
1407267,3056197,1245717
1407395,3056209,1245724
1407623,3056197,1245731
1408307,3055370,1245763
1408308,3055380,1245763
1408309,3055382,1245763
1408310,3055383,1245763
734533,3056233,1245764
1408373,3056317,1245770
1408412,3056350,1245772
734596,3056367,1245778
1409237,3056402,1245791
734820,3056357,1245814
1409505,3056414,1245820
1409650,3056428,1245822
1409795,3056420,1245829
1409796,3056421,1245829
1409797,3056424,1245829
735164,3056489,1245855
1410272,3056484,1245855
1410273,3056485,1245855
1410274,3056486,1245855
1410280,3056490,1245858
1410781,3053399,1245898
1410803,3053337,1245898
1411270,3046064,1245918
1411778,3056609,1245941
1411994,3056615,1245947
1411996,3056617,1245947
1411998,3056619,1245947
1412001,3056620,1245947
1412005,3056622,1245947
1412486,3056628,1245968
1412522,3056648,1245970
1412958,3056680,1245991
1412959,3056682,1245991
1412960,3056684,1245991
1413023,3056665,1245995
1413024,3056665,1245995
1413025,3056665,1245995
736190,3056588,1245996
1413065,3056589,1245996
1413066,3056591,1245996
736198,3056695,1245997
736205,3056695,1245997
736290,3056702,1246003
1413242,3056697,1246003
1413243,3056698,1246003
1413245,3056699,1246003
1413247,3056700,1246003
1413250,3055533,1246003
1413252,3056701,1246003
1413254,3049913,1246003
736424,3056663,1246012
1413614,3056660,1246012
1413624,3056648,1246012
1413780,3056680,1246020
1413781,3056682,1246020
1413782,3056684,1246020
1413946,3056735,1246036
736525,3045506,1246044
1414184,3056756,1246063
1414185,3056758,1246063
1414186,3056759,1246063
1414187,3056760,1246063
1414188,3056761,1246063
736650,3056748,1246066
736691,3056764,1246079
736698,3052038,1246079
736699,3052039,1246079
736700,3052041,1246079
1414304,3052040,1246079
1414487,3056768,1246086
736773,3056785,1246095
1414533,3056773,1246095
1414534,3054943,1246095
1414535,3056774,1246095
1414536,3056775,1246095
1414537,3056776,1246095
1414587,3056794,1246097
736853,3056796,1246110
737001,3056878,1246125
1414937,3056853,1246125
1414939,3056854,1246125
1414941,3056855,1246125
1414943,3056856,1246125
1414945,3056857,1246125
1414952,3056858,1246125
1414957,3056859,1246125
1414964,3056860,1246125
1414969,3056861,1246125
1414974,3056862,1246125
1414980,3056863,1246125
1414986,3056864,1246125
1414994,3056865,1246125
1415011,3056866,1246125
1415024,3056867,1246125
1415027,3056868,1246125
1415031,3056869,1246125
1415503,3051280,1246129
737271,3056917,1246151
737524,3056838,1246203
737528,3056840,1246203
737537,3056842,1246203
737545,3056845,1246203
737547,3056847,1246203
737548,3056849,1246203
1417030,3056833,1246203
737561,3056929,1246207
1417100,3056933,1246207
737768,3056947,1246218
1417641,3056948,1246218
1417644,3056949,1246218
1418443,3057097,1246255
1418444,3057099,1246255
738864,3057149,1246325
738870,3057159,1246325
738876,3057160,1246325
1419974,3057190,1246342
738972,3057249,1246351
1420423,3057205,1246353
739210,3057235,1246369
1421931,3057423,1246398
1422556,3057408,1246410
740027,3057568,1246469
1423767,3057558,1246469
1423768,3057559,1246469
1423769,3057560,1246469
1423770,3057563,1246469
1423771,3057564,1246469
1423772,3057567,1246469
740093,3057537,1246471
740094,3057539,1246471
740344,3057653,1246503
740381,3057501,1246511
1425806,3057505,1246511
1425807,3057507,1246511
1426654,3057667,1246515
1426917,3057679,1246519
1427014,3057682,1246522
1427346,3057682,1246524
740509,3057621,1246528
1427393,3057627,1246528
740771,3057658,1246547
740774,3057659,1246547
740775,3057662,1246547
740779,3057660,1246547
1428202,3057666,1246547
740913,3057327,1246555
740915,3057339,1246555
740923,3048643,1246555
740925,3048432,1246555
740927,3057341,1246555
740930,3048769,1246555
740934,3057347,1246555
1428467,3057317,1246555
1428468,3057331,1246555
1428469,3057333,1246555
1428470,3057337,1246555
1428471,3057343,1246555
1428473,3057349,1246555
1428474,3057351,1246555
1428476,3057353,1246555
1428478,3057355,1246555
1428479,3057358,1246555
1428487,3057335,1246555
1428491,3048023,1246555
1428503,3057359,1246555
1428677,3057345,1246555
740917,3057735,1246557
740919,3057738,1246557
740929,3057740,1246557
1428512,3057733,1246557
1428804,3057761,1246562
1428808,3057732,1246564
1429131,3057683,1246581
1429134,3057704,1246581
741108,3057786,1246591
741111,3057787,1246591
741112,3057791,1246591
1429310,3057808,1246606
1429311,3057810,1246606
741144,3057801,1246608
1430017,3057892,1246631
1430040,3057894,1246631
1430045,3057896,1246631
1430057,3057899,1246631
1430275,3057970,1246645
1430959,3058025,1246672
1431154,3058090,1246675
741853,3058117,1246682
1431281,3058105,1246682
1431283,3058108,1246682
741872,3045193,1246684
741873,3054356,1246684
741874,3054353,1246684
741876,3054352,1246684
741877,3058083,1246684
741881,3045579,1246684
741882,3058086,1246684
741884,3054354,1246684
741895,3058088,1246684
741901,3058091,1246684
741903,3058093,1246684
741904,3058096,1246684
741907,3058098,1246684
741908,3058101,1246684
741910,3044361,1246684
741913,3054305,1246684
741927,3058103,1246684
1431322,3058046,1246684
1431323,3058082,1246684
1431324,3054360,1246684
1431343,3058044,1246684
1431616,3045656,1246700
1431620,3058156,1246700
741998,3058172,1246702
742028,3058187,1246711
1431947,3058139,1246719
1432419,3058208,1246740
742357,3058261,1246745
1432618,3058267,1246745
1432624,3058265,1246745
742461,3058268,1246767
742468,3058276,1246767
742471,3058278,1246767
1432954,3058280,1246767
742554,3058284,1246776
742557,3058295,1246776
742558,3058305,1246776
1433419,3058321,1246782
1433420,3058323,1246782
1433421,3058324,1246782
1433422,3058326,1246782
1433423,3058328,1246782
1433609,3058436,1246791
742638,3058336,1246797
742645,3058448,1246799
1433681,3058453,1246803
742943,3053344,1246821
1433961,3058471,1246825
1434004,3058425,1246837
1434005,3058427,1246837
1434216,3058548,1246852
743095,3058587,1246860
1434284,3058589,1246860
1434332,3058606,1246870
1434482,3058622,1246878
743550,3056386,1246922
1435741,3058772,1246936
1435742,3058774,1246936
1435743,3058776,1246936
743651,3058815,1246945
1435848,3058812,1246945
1435849,3058813,1246945
1435850,3058814,1246945
743818,3058872,1246962
1436516,3058816,1246995
1436619,3058793,1247007
1436622,3058806,1247007
744021,3058932,1247013
744019,3058137,1247014
1436694,3058926,1247014
1436697,3058976,1247016
744051,3058994,1247025
1437125,3059056,1247047
1437728,3059115,1247091
1438576,3059097,1247130
1438577,3059104,1247130
1439349,3059006,1247199
1439350,3057417,1247199
1439351,3059025,1247199
1439352,3059031,1247199
1439353,3053766,1247199
1439354,3059041,1247199
1439355,3059043,1247199
1439356,3059010,1247199
1439357,3059047,1247199
1439360,3059051,1247199
745419,3058939,1247212
745424,3058984,1247212
745434,3058988,1247212
745439,3059003,1247212
1439513,3058977,1247212
1439514,3058979,1247212
1439519,3058948,1247212
1439521,3058935,1247212
1439523,3058937,1247212
1439526,3058981,1247212
1439533,3058935,1247212
1439534,3058937,1247212
1439546,3058948,1247212
1439610,3058948,1247212
1439611,3058948,1247212
1439615,3058994,1247212
1439616,3058996,1247212
1439619,3058998,1247212
1439628,3059256,1247218
1439629,3059258,1247218
1439632,3059259,1247218
1439721,3059281,1247239
745494,3059295,1247251
745497,3059297,1247251
1439917,3059281,1247265
745671,3059312,1247273
745672,3059314,1247273
1440039,3059308,1247273
1440070,3059318,1247277
1440071,3059320,1247277
1440072,3059322,1247277
1440073,3059326,1247277
1440491,3059412,1247300
1440496,3059345,1247300
1440497,3059414,1247300
1440500,3059416,1247300
745734,3059328,1247301
1440498,3059375,1247301
1441283,3059522,1247321
1441648,3047320,1247339
1441999,3059573,1247382
1442064,3059581,1247389
1442437,3059603,1247423
1442438,3059605,1247423
1442439,3059608,1247423
1442440,3059610,1247423
1442562,3059625,1247428
1442570,3059627,1247428
746762,3059624,1247429
1442535,3059612,1247429
1442536,3059613,1247429
1442539,3059614,1247429
1442541,3059615,1247429
1442544,3059616,1247429
1442545,3059617,1247429
1442548,3059618,1247429
1442549,3059619,1247429
1442551,3059620,1247429
1442553,3059621,1247429
1442554,3059622,1247429
1442555,3059623,1247429
1442738,3059465,1247446
1442739,3059473,1247446
1443662,3059646,1247497
1443664,3059648,1247497
1443687,3059740,1247506
1444118,3059688,1247523
1444119,3059690,1247523
1444120,3059679,1247523
1444121,3059680,1247523
1444122,3059682,1247523
1444123,3059683,1247523
1444124,3059684,1247523
1444125,3059686,1247523
1444126,3059695,1247523
1444127,3059696,1247523
1444495,3059812,1247551
1444496,3059815,1247551
1444497,3059819,1247551
1444642,3059822,1247559
747677,3059760,1247563
747682,3059763,1247563
1444850,3059761,1247563
1444855,3059776,1247563
747741,3059797,1247571
747750,3059805,1247571
747754,3059809,1247571
1444963,3059817,1247571
1444972,3059813,1247571
1444981,3059821,1247571
1444986,3059793,1247571
1444987,3059795,1247571
747787,3059846,1247582
1445073,3054098,1247582
1445074,3054113,1247582
747794,3059848,1247584
1445081,3059839,1247584
1445082,3059840,1247584
1445083,3059845,1247584
747882,3059852,1247606
747883,3059854,1247606
1445335,3059851,1247606
747908,3059890,1247616
1445405,3043845,1247616
1445406,3043844,1247616
1445407,3043842,1247616
1445408,3043843,1247616
747934,3059871,1247641
747935,3059881,1247641
747937,3059882,1247641
747938,3059883,1247641
747939,3059884,1247641
1445589,3059897,1247646
1445590,3059899,1247646
1445710,3059928,1247661
1445727,3059913,1247664
1445729,3059928,1247664
1445731,3059913,1247665
1445866,3059945,1247673
1446006,3059982,1247682
1446478,3059987,1247685
1446479,3059985,1247685
748180,3059978,1247688
1446508,3059969,1247688
1446509,3059971,1247688
1446510,3059972,1247688
1446511,3059974,1247688
1446512,3059975,1247688
748310,3059996,1247728
1446890,3045294,1247728
1446891,3045337,1247728
1446892,3045338,1247728
1446893,3045339,1247728
1446894,3045343,1247728
1446895,3045340,1247728
1446896,3045346,1247728
1446897,3045345,1247728
1446898,3045344,1247728
1446899,3045451,1247728
1446900,3059984,1247728
1446901,3059986,1247728
1446902,3059988,1247728
1446903,3059990,1247728
1446904,3059992,1247728
1446905,3059994,1247728
1446906,3059995,1247728
1447211,3060117,1247743
748397,3045678,1247760
748403,3048013,1247760
748411,3060137,1247760
748420,3048775,1247760
748427,3060138,1247760
748438,3048773,1247760
748445,3045708,1247760
748456,3060140,1247760
748466,3060142,1247760
748469,3060144,1247760
748478,3060145,1247760
748480,3057633,1247760
748482,3057632,1247760
748485,3060146,1247760
748489,3060147,1247760
748497,3060148,1247760
1447697,3060170,1247777
1447728,3060159,1247781
748581,3060179,1247783
1447726,3060175,1247783
1447727,3060176,1247783
1447729,3056604,1247783
1447730,3047749,1247783
1448079,3060195,1247799
1448130,3060203,1247804
1448131,3060206,1247804
1448132,3060207,1247804
1448133,3060210,1247804
1448137,3060213,1247804
748824,3060308,1247831
748826,3060311,1247831
749033,3060241,1247845
749034,3060243,1247845
749036,3060245,1247845
749039,3060247,1247845
749043,3060249,1247845
749046,3060251,1247845
1448821,3056897,1247854
749147,3060292,1247859
749150,3060264,1247859
749152,3060266,1247859
749167,3060268,1247859
1448852,3060318,1247859
1448853,3060320,1247859
1448872,3060306,1247859
1448873,3060315,1247859
1448874,3060309,1247859
1448875,3060313,1247859
1448918,3060270,1247859
1448919,3060272,1247859
1448920,3060270,1247859
1448921,3060272,1247859
1448922,3060270,1247859
1448923,3060272,1247859
749294,3060120,1247877
749312,3060121,1247877
1449380,3060460,1247887
1449382,3060458,1247888
1449383,3060460,1247888
749432,3060503,1247896
749478,3060510,1247917
749516,3060490,1247919
1449806,3060493,1247919
1449807,3060495,1247919
1449808,3060497,1247919
1450113,3060522,1247940
1450128,3060482,1247942
1450131,3060486,1247942
749716,3060542,1247947
1450300,3051861,1247947
1450301,3056880,1247947
1450302,3056881,1247947
1450303,3060534,1247947
1450304,3056879,1247947
1450310,3060545,1247948
1450311,3060547,1247948
1450312,3060549,1247948
1450313,3060550,1247948
1450314,3060551,1247948
1450315,3060552,1247948
1450316,3060553,1247948
1450569,3060563,1247967
1450671,3060649,1247969
1450672,3060645,1247969
1451099,3060426,1247983
1451100,3060711,1247984
1451198,3060725,1247988
750118,3060702,1248000
750121,3060702,1248000
1451426,3060850,1248004
1451427,3060852,1248004
1451428,3060854,1248004
1451609,3060694,1248025
1451655,3060705,1248032
1451789,3060684,1248057
1451790,3060686,1248057
1451791,3060688,1248057
1451792,3060707,1248057
1451800,3060694,1248057
1451801,3060702,1248057
1451802,3060705,1248057
1451806,3060707,1248057
1451897,3060946,1248064
750839,3061038,1248153
1452802,3061040,1248153
1453041,3061054,1248159
750939,3061042,1248163
1453133,3061037,1248163
1453135,3061040,1248163
751148,3061072,1248198
1453427,3061072,1248198
1453742,3061132,1248216
751593,3061167,1248233
1454151,3061151,1248233
1454152,3061152,1248233
1454153,3061153,1248233
1454154,3061154,1248233
1454155,3061155,1248233
1454156,3061156,1248233
1454157,3061157,1248233
1454158,3061158,1248233
1454159,3061159,1248233
1454160,3061160,1248233
1454161,3061161,1248233
1454163,3061166,1248233
1454377,3045637,1248250
1454637,3061178,1248263
1454641,3061178,1248264
1454805,3061292,1248267
1454806,3061294,1248267
1454809,3061299,1248267
752181,3061144,1248287
752187,3061146,1248287
752244,3061365,1248291
752248,3061366,1248291
1455437,3061369,1248291
752468,3060956,1248299
752470,3060961,1248299
752475,3060968,1248299
752476,3060971,1248299
752477,3060973,1248299
752478,3060975,1248299
752479,3060977,1248299
1456056,3060979,1248299
1456060,3060981,1248299
1456062,3060962,1248299
1456063,3060958,1248299
752481,3061307,1248300
752483,3061308,1248300
752484,3056001,1248300
752487,3061309,1248300
752488,3061311,1248300
752489,3061313,1248300
752490,3045670,1248300
752491,3061319,1248300
752495,3061323,1248300
1456068,3057717,1248300
1457127,3061385,1248330
1457128,3061387,1248330
1457133,3061462,1248331
752903,3061542,1248353
753325,3061548,1248393
753327,3061550,1248393
753490,3061595,1248413
1458692,3044223,1248413
1458693,3044181,1248413
1458694,3061063,1248413
1458695,3061067,1248413
1458696,3061066,1248413
1458697,3044178,1248413
1458698,3061579,1248413
1458699,3061580,1248413
1458700,3061585,1248413
1458701,3061590,1248413
1458736,3061522,1248417
1458773,3061678,1248424
753635,3061405,1248443
753639,3061448,1248443
1459514,3061403,1248443
1459518,3061459,1248443
1459920,3061798,1248461
753918,3061854,1248479
1460719,3049337,1248479
1460720,3049340,1248479
1460721,3049334,1248479
1460760,3061855,1248480
1460821,3061818,1248485
753957,3061861,1248488
1460836,3061863,1248488
753966,3061692,1248500
754022,3061639,1248524
754024,3061641,1248524
754026,3061643,1248524
754028,3061646,1248524
754030,3061648,1248524
754032,3061650,1248524
754034,3061652,1248524
754036,3061656,1248524
754038,3061666,1248524
754044,3061672,1248524
754050,3061674,1248524
754054,3061676,1248524
754056,3061680,1248524
754058,3061682,1248524
754060,3061684,1248524
754062,3061686,1248524
754064,3061688,1248524
754066,3061690,1248524
754068,3061693,1248524
754070,3061695,1248524
754072,3061700,1248524
1461083,3061636,1248524
1461358,3061899,1248532
1461360,3061901,1248532
1461361,3061903,1248532
1461557,3061907,1248545
1461939,3061941,1248585
754448,3061866,1248615
1462328,3061976,1248634
1462657,3061968,1248648
1462807,3061977,1248649
754660,3062004,1248666
1462798,3062041,1248667
1463096,3062052,1248673
754905,3062064,1248709
1463633,3062066,1248709
1464021,3062119,1248733
1464022,3062120,1248733
755182,3062031,1248770
755185,3062033,1248770
1464226,3062036,1248770
1464220,3062174,1248771
1464609,3062146,1248798
755553,3062197,1248823
755570,3062190,1248823
755572,3062194,1248823
755838,3062312,1248852
1465753,3062323,1248858
1465917,3062311,1248868
756085,3062405,1248892
1466265,3062407,1248892
1466266,3062409,1248892
1466267,3062411,1248892
1466268,3062413,1248892
1466269,3062415,1248892
1466270,3062417,1248892
1466271,3062419,1248892
1466272,3062421,1248892
1466374,3062423,1248892
1466375,3062425,1248892
1466378,3062427,1248892
1466379,3062429,1248892
756211,3062440,1248895
1466501,3062443,1248895
1466502,3062443,1248895
756310,3062447,1248902
1466700,3062440,1248902
1466701,3062443,1248902
1466754,3062452,1248905
756462,3062435,1248917
1466940,3062460,1248918
1467420,3062498,1248932
756772,3062437,1248943
756776,3062438,1248943
1467870,3062597,1248969
757131,3050045,1248978
1468102,3044852,1248978
1468103,3062631,1248978
1468104,3062633,1248978
1468105,3062635,1248978
1468106,3056272,1248978
1468107,3056268,1248978
1468108,3062637,1248978
1468109,3062639,1248978
1468110,3062641,1248978
1468111,3055715,1248978
1468112,3045577,1248978
1468113,3062643,1248978
1468114,3062645,1248978
1468115,3062647,1248978
1468116,3055719,1248978
1468117,3062649,1248978
1468118,3062651,1248978
1468119,3062652,1248978
1468120,3062654,1248978
1468121,3062656,1248978
1468122,3056270,1248978
1468123,3062658,1248978
1468124,3062660,1248978
1468165,3062601,1248982
1470418,3062687,1249012
1470593,3062770,1249016
1470842,3062577,1249023
1470843,3062579,1249023
1470927,3062777,1249028
1471227,3062729,1249030
758358,3062775,1249039
1471279,3062773,1249039
1471283,3062775,1249039
758355,3062806,1249042
1471289,3062802,1249042
1471290,3062803,1249042
1471291,3062804,1249042
1471292,3049210,1249042
1471832,3062832,1249083
1471850,3062833,1249083
1471894,3062835,1249085
1471898,3062838,1249085
1472078,3062869,1249102
1472102,3062874,1249102
1472103,3062875,1249102
1472104,3062876,1249102
1472105,3062877,1249102
1473840,3062924,1249155
1473843,3062926,1249155
1473845,3062928,1249155
1474605,3062992,1249170
1475019,3062996,1249184
759467,3063004,1249190
1475060,3043956,1249190
1475061,3063002,1249190
1475062,3063003,1249190
759476,3063008,1249195
1475109,3063005,1249195
1475110,3063006,1249195
1475111,3063007,1249195
759708,3063013,1249219
1475468,3063020,1249219
1475489,3063025,1249221
1475490,3063027,1249221
759747,3063093,1249224
1475951,3063126,1249238
1475987,3062273,1249241
759987,3063198,1249271
759988,3063200,1249271
759990,3063201,1249271
1476710,3059832,1249271
1477206,3063214,1249313
760265,3063207,1249337
1477659,3063209,1249337
1477660,3063211,1249337
1477673,3063213,1249337
1477598,3044840,1249338
1477601,3063226,1249338
760237,3043866,1249341
1477620,3063154,1249341
1478047,3063272,1249354
760398,3063095,1249358
760400,3063108,1249358
1478082,3063034,1249358
1478083,3063064,1249358
1478085,3063272,1249359
1478105,3063250,1249360
1478113,3063267,1249360
1478121,3063265,1249360
1478290,3063275,1249370
1478311,3063284,1249374
1478405,3063300,1249380
1478406,3063301,1249380
1478407,3063300,1249380
1478408,3063301,1249380
760578,3063303,1249386
1478436,3047373,1249386
1478437,3047374,1249386
1478438,3047370,1249386
1478564,3063319,1249402
1478724,3063286,1249404
1478725,3063288,1249404
1478729,3063296,1249404
1479988,3063329,1249417
761154,3063363,1249469
1481088,3063398,1249479
1481089,3063399,1249479
1481090,3063400,1249479
1481091,3063403,1249479
1481162,3063264,1249485
761276,3063392,1249494
761289,3063428,1249501
1481267,3043840,1249501
1481268,3043841,1249501
761328,3063440,1249517
1481429,3054129,1249517
1481430,3061460,1249517
1481432,3063439,1249517
1481434,3063441,1249519
1481460,3063444,1249521
1481485,3063451,1249523
761476,3049111,1249562
1481814,3063486,1249565
761515,3063489,1249568
761715,3063519,1249609
1482322,3063509,1249609
761809,3063564,1249621
1482527,3063530,1249621
1482528,3063531,1249621
1482531,3063534,1249621
1482532,3063537,1249621
1482533,3063539,1249621
1482534,3063541,1249621
1482535,3063542,1249621
1482536,3063543,1249621
1482538,3061767,1249621
1482539,3063546,1249621
1482540,3063549,1249621
1482542,3063551,1249621
1482544,3063552,1249621
1482545,3063553,1249621
1482546,3063554,1249621
1482547,3053844,1249621
1482548,3063555,1249621
1482549,3063556,1249621
1482550,3054722,1249621
1482551,3063557,1249621
1482552,3063558,1249621
1482553,3063559,1249621
1482554,3063560,1249621
1482555,3063561,1249621
1482556,3063562,1249621
1482557,3063563,1249621
1482579,3063565,1249627
1482713,3063570,1249632
1482714,3063571,1249632
1482715,3063573,1249632
1482716,3063574,1249632
1482865,3063528,1249637
1482866,3063535,1249637
1482869,3063538,1249637
1483151,3063581,1249646
1483152,3063583,1249646
1483153,3063585,1249646
1483154,3063587,1249646
1484459,3063702,1249710
763164,3063686,1249727
763167,3063689,1249727
1484917,3063691,1249727
1485229,3063644,1249740
763423,3063750,1249755
763427,3063749,1249755
1485670,3063742,1249755
1485671,3063743,1249755
1485672,3063744,1249755
1485673,3063745,1249755
1485674,3063746,1249755
1485675,3063747,1249755
1485676,3063748,1249755
1486033,3055457,1249768
763699,3063757,1249781
1486824,3063761,1249781
1486852,3063787,1249784
1486853,3063790,1249784
1486854,3063792,1249784
763740,3063802,1249787
1487061,3063804,1249788
763919,3063822,1249791
1487255,3063816,1249791
1487256,3063817,1249791
1487257,3063818,1249791
1487258,3063819,1249791
1487259,3063820,1249791
1487260,3063821,1249791
1487421,3063823,1249794
1487889,3063733,1249815
1488763,3063905,1249876
1488765,3063909,1249876
1488766,3063903,1249876
1488767,3063907,1249876
764713,3063778,1249899
764716,3063779,1249899
764717,3063780,1249899
1489188,3063776,1249899
1489195,3063795,1249899
1489196,3063797,1249899
1489550,3063954,1249907
765231,3063979,1249931
1490083,3063981,1249931
765398,3063936,1249943
1490504,3063944,1249943
1490600,3063993,1249945
1490601,3063995,1249945
1490602,3063997,1249945
1490603,3063999,1249945
1490655,3064032,1249949
765776,3044219,1249970
1492236,3063474,1249981
1492237,3063482,1249981
1492442,3064034,1249984
1492494,3048616,1249985
1492904,3064051,1250023
766330,3064313,1250066
1493693,3064303,1250066
1493694,3064304,1250066
1493695,3064305,1250066
766378,3064322,1250071
766384,3064324,1250071
766387,3064325,1250071
1493968,3064301,1250084
1493978,3064330,1250086
1493980,3064335,1250088
1493981,3064337,1250088
1494013,3064342,1250091
1494028,3064351,1250096
1494029,3064353,1250096
766568,3064349,1250103
1494208,3064341,1250103
1494209,3064343,1250103
1494210,3064344,1250103
1494211,3064346,1250103
1494212,3064347,1250103
1494272,3064406,1250108
1494273,3064432,1250108
1494304,3064408,1250108
1494305,3064409,1250108
1494306,3064411,1250108
1494307,3064412,1250108
1494308,3064413,1250108
1494309,3064414,1250108
1494310,3064415,1250108
1494311,3049100,1250108
1494313,3064416,1250108
1494314,3050110,1250108
1494315,3064417,1250108
1494316,3064418,1250108
1494318,3064419,1250108
1494319,3064420,1250108
1494320,3064421,1250108
1494322,3064422,1250108
1494323,3064423,1250108
1494324,3064424,1250108
1494326,3064425,1250108
1494327,3064426,1250108
1494328,3045628,1250108
1494329,3053785,1250108
1494330,3045627,1250108
1494331,3064427,1250108
1494333,3064428,1250108
1494334,3064429,1250108
1494371,3064451,1250111
1494702,3064461,1250121
1495026,3064504,1250125
1495027,3064506,1250125
1495043,3064468,1250127
1495147,3064528,1250144
1495489,3064616,1250153
1495490,3064627,1250153
1495705,3045426,1250153
1495706,3064477,1250153
1495707,3064479,1250153
1495708,3064480,1250153
1495709,3064481,1250153
1495710,3064482,1250153
1495711,3064483,1250153
1495712,3064484,1250153
1495713,3064485,1250153
1495714,3064486,1250153
1495715,3064487,1250153
1495716,3064492,1250153
1495717,3064495,1250153
1495718,3064496,1250153
1495719,3064497,1250153
1495720,3064503,1250153
1495721,3064508,1250153
1495722,3064510,1250153
1495724,3064511,1250153
1495725,3064512,1250153
1495726,3064514,1250153
1495727,3064516,1250153
1495728,3064518,1250153
1495729,3064520,1250153
1495730,3064522,1250153
1495731,3064523,1250153
1495732,3064524,1250153
1495733,3064525,1250153
1495734,3064526,1250153
1495735,3064527,1250153
1495736,3064529,1250153
1495737,3064530,1250153
1495738,3045326,1250153
1495739,3064532,1250153
1495740,3045306,1250153
1495741,3064533,1250153
1495742,3064534,1250153
1495743,3064535,1250153
1495744,3064536,1250153
1495745,3064537,1250153
1495746,3045308,1250153
1495747,3050581,1250153
1495748,3064538,1250153
1495749,3064540,1250153
1495750,3064541,1250153
1495751,3050582,1250153
1495752,3064542,1250153
1495753,3064543,1250153
1495754,3064544,1250153
1495755,3050583,1250153
1495756,3064545,1250153
1495757,3064547,1250153
1495758,3064548,1250153
1495759,3050585,1250153
1495760,3064551,1250153
1495761,3064554,1250153
1495762,3064557,1250153
1495763,3050594,1250153
1495764,3064558,1250153
1495765,3064560,1250153
1495766,3064562,1250153
1495767,3050603,1250153
1495768,3064563,1250153
1495769,3064564,1250153
1495770,3064565,1250153
1495771,3064566,1250153
1495772,3064567,1250153
1495773,3064568,1250153
1495774,3064569,1250153
1495775,3064570,1250153
1495776,3064571,1250153
1495777,3064572,1250153
1495778,3064573,1250153
1495779,3064574,1250153
1495780,3064575,1250153
1495781,3064576,1250153
1495782,3064577,1250153
1495783,3064578,1250153
1495784,3064579,1250153
1495785,3064580,1250153
1495786,3064581,1250153
1495787,3064582,1250153
1495788,3064583,1250153
1495789,3064584,1250153
1495790,3064585,1250153
1495791,3064586,1250153
1495792,3064587,1250153
1495793,3064588,1250153
1495794,3064591,1250153
1495795,3064592,1250153
1495796,3064593,1250153
1495797,3064596,1250153
1495798,3064599,1250153
1495799,3064600,1250153
1495800,3064601,1250153
1495801,3064602,1250153
1495802,3064603,1250153
1495803,3064604,1250153
1495804,3064605,1250153
1495805,3064606,1250153
1495806,3064607,1250153
1495807,3064608,1250153
1495808,3045327,1250153
1495809,3064609,1250153
1495810,3064610,1250153
1495811,3064611,1250153
1495812,3064612,1250153
1495813,3045307,1250153
1495814,3045316,1250153
1495815,3064617,1250153
1495816,3064618,1250153
1495817,3064619,1250153
1495818,3064620,1250153
1495819,3064621,1250153
1495820,3064622,1250153
1495821,3064623,1250153
1495822,3064624,1250153
1495823,3064625,1250153
1495824,3064626,1250153
1496053,3064068,1250174
1496054,3064069,1250174
1496056,3064071,1250174
1496057,3064072,1250174
767014,3064671,1250191
1496231,3056545,1250191
1496232,3056546,1250191
1496233,3056548,1250191
1496234,3049855,1250191
1496235,3053296,1250191
1496236,3056549,1250191
1496237,3053161,1250191
1496238,3056547,1250191
1496239,3056544,1250191
1496240,3064666,1250191
767020,3064685,1250201
1496350,3064682,1250202
1496379,3064682,1250209
767584,3064736,1250244
1496849,3064712,1250244
1496850,3061355,1250244
1496851,3064714,1250244
1496853,3064715,1250244
1496854,3052084,1250244
1496855,3064716,1250244
1496856,3059517,1250244
1496857,3064720,1250244
1496858,3059516,1250244
1496859,3064725,1250244
1496860,3064726,1250244
1496861,3064727,1250244
1496862,3059515,1250244
1496863,3064728,1250244
1496864,3064729,1250244
1496865,3062463,1250244
1496866,3062471,1250244
1496867,3062472,1250244
1496868,3054724,1250244
1496869,3054725,1250244
1496870,3057907,1250244
1496871,3054726,1250244
1496872,3062474,1250244
1496873,3047321,1250244
1496875,3059519,1250244
1496876,3054728,1250244
1496877,3054727,1250244
1496878,3054729,1250244
1496879,3043642,1250244
1496883,3043643,1250244
1497023,3064698,1250266
1497026,3064701,1250266
1497123,3064739,1250270
1497926,3064924,1250366
1497927,3064926,1250366
768303,3064936,1250376
1499122,3064948,1250399
1499525,3064903,1250410
1499528,3064905,1250410
1499546,3064938,1250412
768848,3064995,1250415
768969,3065185,1250444
1500077,3065188,1250444
769585,3065324,1250507
1501024,3065319,1250507
1501025,3065320,1250507
1501026,3065321,1250507
1501027,3065322,1250507
1501028,3065323,1250507
769758,3064640,1250519
1501448,3064642,1250519
1501449,3064644,1250519
1501452,3064646,1250519
769847,3065288,1250528
1501573,3065257,1250528
769941,3065409,1250541
1502252,3065442,1250547
770267,3065535,1250576
1502907,3065537,1250612
1502909,3065538,1250612
1502912,3065540,1250612
770413,3065577,1250620
1502984,3062243,1250620
1502985,3062244,1250620
1502986,3051029,1250620
770551,3065570,1250637
770552,3065574,1250637
770554,3065572,1250637
770558,3065587,1250640
770560,3065589,1250640
1503517,3065635,1250654
770682,3065637,1250658
1503570,3052346,1250658
1503571,3048609,1250658
1503572,3052347,1250658
1503573,3052348,1250658
1503574,3052349,1250658
1503575,3052352,1250658
1503576,3046754,1250658
1503577,3048608,1250658
770741,3065621,1250674
1503692,3065634,1250674
1504096,3065642,1250707
1504097,3065652,1250707
1504129,3065677,1250709
1504773,3065677,1250740
1504788,3053114,1250744
771174,3065762,1250764
1507044,3065939,1250808
772077,3065878,1250831
1507563,3065874,1250831
1507564,3065876,1250831
1507704,3066068,1250839
772347,3065959,1250868
772357,3065962,1250868
772365,3065981,1250868
772384,3065983,1250868
1508152,3065985,1250868
1508607,3066105,1250919
1508609,3066107,1250919
772594,3066115,1250940
1508725,3066112,1250940
1508726,3066113,1250940
1508727,3066114,1250940
1508839,3066116,1250942
1508842,3066117,1250942
1508900,3066143,1250951
1509226,3066146,1250967
1509332,3066152,1250970
1509788,3066136,1250984
773297,3043849,1251010
773307,3043850,1251010
773318,3043851,1251010
773342,3043852,1251010
773353,3043853,1251010
773361,3043854,1251010
773369,3043855,1251010
773388,3043856,1251010
773398,3043857,1251010
773417,3043858,1251010
773436,3043859,1251010
773472,3043860,1251010
773480,3043861,1251010
773501,3043848,1251010
773600,3043862,1251010
773608,3066169,1251010
773611,3066171,1251010
1510687,3066007,1251012
1510688,3066010,1251012
1510689,3066011,1251012
1510692,3066074,1251012
1510897,3060670,1251018
1510924,3065236,1251021
1510932,3065238,1251021
1510933,3065241,1251021
1510934,3065243,1251021
1511591,3066303,1251054
773832,3066355,1251090
1514203,3066354,1251090
1514204,3052943,1251090
1514358,3066356,1251108
773873,3066396,1251116
1514412,3064741,1251116
1514413,3066394,1251116
1514414,3045950,1251116
773965,3046347,1251132
773978,3055137,1251132
773995,3062109,1251132
774002,3066363,1251132
774009,3052775,1251132
774013,3066364,1251132
774027,3066368,1251132
774039,3066370,1251132
774045,3066372,1251132
774051,3061064,1251132
774063,3061121,1251132
774066,3062175,1251132
774068,3066374,1251132
774071,3066378,1251132
774074,3066380,1251132
774075,3066376,1251132
774076,3066382,1251132
774012,3066436,1251138
774016,3066437,1251138
774019,3066438,1251138
774022,3066439,1251138
774024,3066440,1251138
774025,3066441,1251138
774028,3066442,1251138
774031,3066443,1251138
774033,3066444,1251138
774035,3066445,1251138
774037,3066446,1251138
774041,3066447,1251138
774042,3066448,1251138
774043,3066449,1251138
774044,3066450,1251138
774046,3066451,1251138
774047,3066452,1251138
774048,3066453,1251138
774049,3066454,1251138
774050,3066456,1251138
774052,3066457,1251138
774055,3066458,1251138
774056,3066459,1251138
774057,3066460,1251138
774058,3066461,1251138
774061,3066463,1251138
774062,3066465,1251138
774064,3066466,1251138
774065,3066467,1251138
774067,3066468,1251138
774069,3066469,1251138
774070,3066470,1251138
1514649,3066471,1251141
1515036,3050072,1251187
774283,3066399,1251196
774285,3066402,1251196
774291,3066406,1251196
1515813,3066595,1251211
774419,3066565,1251221
1515942,3066633,1251233
1516273,3066660,1251248
1516303,3066578,1251252
1516686,3058883,1251268
1516687,3050847,1251268
179613,3066686,1251275
1516868,3066686,1251281
1517045,3066675,1251291
1517207,3066710,1251305
1517208,3066712,1251305
1517209,3066714,1251305
1517678,3066755,1251341
1517810,3066724,1251351
1517889,3066774,1251365
775614,3066794,1251402
1518507,3066816,1251402
1518836,3066884,1251417
1518837,3066885,1251417
1518838,3066886,1251417
1518839,3066887,1251417
1519396,3066846,1251432
1519397,3066847,1251432
1519400,3066848,1251432
1519401,3066849,1251432
1519402,3065408,1251432
1519403,3052630,1251432
1520156,3048771,1251487
1520280,3066915,1251490
1520283,3066917,1251490
1520307,3047426,1251494
776350,3066981,1251501
776364,3066987,1251508
1520397,3066982,1251508
1520421,3066598,1251511
1520423,3066600,1251511
1520425,3066602,1251511
1520427,3066605,1251511
1520428,3066607,1251511
1520429,3066609,1251511
1520430,3066611,1251511
1520431,3066613,1251511
1520432,3066619,1251511
1520434,3066621,1251511
1520436,3066623,1251511
1520748,3067010,1251529
1520836,3044953,1251533
1520837,3044843,1251533
1520838,3044844,1251533
1520839,3044845,1251533
1520957,3066974,1251538
1520991,3067020,1251544
1520992,3067021,1251544
776679,3067032,1251546
776789,3067045,1251573
1521258,3067035,1251573
1521259,3067036,1251573
1521260,3067037,1251573
1521261,3067038,1251573
1521262,3067039,1251573
1521263,3067040,1251573
776783,3067049,1251576
776785,3067050,1251576
1521918,3067075,1251593
1522350,3067143,1251618
777328,3067138,1251625
1522661,3067123,1251629
1522711,3067167,1251635
777470,3067173,1251655
1522899,3067175,1251655
777563,3067153,1251661
777570,3067154,1251661
1523077,3067156,1251661
1523102,3067167,1251661
777627,3067212,1251674
1523179,3067218,1251674
1523265,3054627,1251675
1523370,3067227,1251681
1523432,3067242,1251690
1523826,3067371,1251728
1524050,3067425,1251745
1524142,3046890,1251752
1524143,3046892,1251752
1524144,3046899,1251752
1524278,3067451,1251759
1524456,3067472,1251771
1524459,3067474,1251772
1524468,3067476,1251773
1524471,3067464,1251774
1524475,3067466,1251775
1524480,3067468,1251776
1524484,3067470,1251777
1524496,3067462,1251778
1524526,3067177,1251783
1524753,3067490,1251801
1524840,3067495,1251810
1525068,3067512,1251829
1525099,3067412,1251830
1525536,3067517,1251856
1526126,3067573,1251875
1526264,3067577,1251884
778825,3067388,1251896
778828,3067389,1251896
778830,3067391,1251896
778835,3067392,1251896
778837,3067394,1251896
778842,3067396,1251896
1526612,3067526,1251904
1526617,3067534,1251904
779009,3067618,1251919
1526822,3067639,1251922
779047,3067630,1251925
1526916,3067621,1251925
1526917,3067622,1251925
1526918,3067625,1251925
1526919,3056631,1251925
1526961,3067614,1251926
1527058,3067664,1251935
1527059,3067665,1251935
779184,3067700,1251945
1527644,3067641,1251953
779383,3067623,1251966
779384,3067626,1251966
779386,3067628,1251966
779387,3067631,1251966
779388,3067633,1251966
779390,3067635,1251966
779391,3067637,1251966
1527932,3067641,1251966
1528264,3067797,1251998
1528265,3067799,1251998
1528266,3067800,1251998
1528267,3067801,1251998
779492,3067716,1252006
1528318,3067710,1252006
1528319,3050686,1252006
1528323,3045051,1252007
1528449,3067824,1252011
1528451,3067827,1252011
1529769,3067813,1252018
1529770,3067814,1252018
1529771,3067820,1252018
1529772,3067823,1252018
779855,3067907,1252057
1530515,3059148,1252057
1530516,3059151,1252057
1530518,3059212,1252057
780008,3067919,1252080
1530933,3067914,1252080
1530934,3067915,1252080
1530935,3067916,1252080
1531009,3067937,1252088
1531010,3067939,1252088
1531011,3067941,1252088
1531012,3067943,1252088
1531013,3067945,1252088
1531014,3067947,1252088
1531015,3067949,1252088
1531016,3067951,1252088
1531017,3067953,1252088
1531018,3067955,1252088
1531019,3067957,1252088
1531020,3067959,1252088
1531021,3067961,1252088
1531022,3067962,1252088
1531023,3067964,1252088
1531024,3067966,1252088
1531025,3067967,1252088
1531026,3067968,1252088
1531027,3067969,1252088
1531209,3067974,1252099
1531210,3067976,1252099
1531211,3067978,1252099
1531212,3067980,1252099
780155,3067986,1252101
780157,3067987,1252101
1531360,3067988,1252101
1531526,3067935,1252103
1531938,3067982,1252123
1531942,3067983,1252123
1531943,3067984,1252123
1531944,3067985,1252123
1532019,3068041,1252125
1533036,3068193,1252177
1533037,3068194,1252177
1533038,3068196,1252177
1533039,3068198,1252177
1533040,3068200,1252177
781403,3050836,1252200
781404,3068103,1252200
781407,3068105,1252200
781409,3068107,1252200
781414,3068109,1252200
781416,3068111,1252200
1533594,3068113,1252200
1533595,3050838,1252200
1533726,3068224,1252212
1533821,3053768,1252223
1533822,3053770,1252223
782337,3067990,1252304
782338,3067991,1252304
782339,3067992,1252304
782340,3067993,1252304
782341,3067995,1252304
1535930,3067997,1252304
1535931,3068027,1252304
1535934,3068051,1252304
1536344,3068292,1252314
1536350,3068296,1252314
1536356,3068294,1252314
1537176,3068397,1252344
782518,3068466,1252355
782752,3068511,1252380
782754,3068512,1252380
782757,3068515,1252380
1538811,3068513,1252380
1538826,3068510,1252380
1538831,3068516,1252380
782793,3068471,1252382
782796,3068473,1252382
782801,3045893,1252382
1538940,3045891,1252382
1538945,3068456,1252382
1539505,3068449,1252388
1539507,3068449,1252388
1539618,3068449,1252388
1539698,3068449,1252388
1539707,3068449,1252388
1539728,3052307,1252399
1539732,3043905,1252399
1539733,3044214,1252399
1540622,3068602,1252449
783194,3068656,1252450
1540648,3068648,1252450
1540649,3068649,1252450
1540650,3068650,1252450
1540651,3068651,1252450
1540652,3068652,1252450
1540653,3068653,1252450
1540654,3068654,1252450
1541061,3068763,1252469
783519,3068769,1252487
1542002,3068809,1252529
1542003,3068811,1252529
783741,3068879,1252540
1542212,3068876,1252540
1542213,3068877,1252540
1542214,3068878,1252540
1542635,3068925,1252568
1542642,3068856,1252571
1542681,3068925,1252574
1542844,3068938,1252589
1542949,3068955,1252599
1542950,3068957,1252599
1542964,3068961,1252599
784135,3068976,1252616
1543152,3056550,1252616
1543153,3056551,1252616
1543154,3056552,1252616
1543155,3056553,1252616
1543156,3056563,1252616
1543157,3056569,1252616
1543158,3056572,1252616
1543159,3056573,1252616
1543160,3056575,1252616
1543161,3056567,1252616
1543162,3056564,1252616
1543163,3056565,1252616
1543164,3056566,1252616
1543165,3056554,1252616
1543166,3056560,1252616
1543167,3056555,1252616
1543178,3068977,1252617
1543215,3068988,1252629
1543862,3069085,1252678
784469,3069123,1252689
1544059,3069106,1252689
1544060,3069115,1252689
1544061,3069122,1252689
1544064,3069124,1252691
784487,3069097,1252693
1544103,3069084,1252693
1544104,3069086,1252693
1544105,3069087,1252693
1544106,3069089,1252693
1544107,3069090,1252693
1544108,3069091,1252693
1544236,3050882,1252694
1544445,3048166,1252695
1544446,3051074,1252695
1544447,3069054,1252695
1544534,3069100,1252699
1544597,3069312,1252701
1544605,3069455,1252703
1544633,3069466,1252707
1544667,3069466,1252719
1544678,3069455,1252721
1544793,3069678,1252737
1545367,3069297,1252757
1545369,3069299,1252757
1545370,3069319,1252757
1545371,3069324,1252757
1545372,3063956,1252757
1545373,3060672,1252757
1545374,3063735,1252757
1545375,3069651,1252757
1545376,3069653,1252757
1545377,3069655,1252757
1545378,3069657,1252757
1545379,3069662,1252757
1545641,3069664,1252757
1545643,3069666,1252757
1545644,3069668,1252757
1545645,3069670,1252757
1545646,3069757,1252757
1545647,3069799,1252757
1545648,3069843,1252757
1545145,3069812,1252761
1546125,3069848,1252784
1546126,3069850,1252784
1546127,3069852,1252784
1546128,3069854,1252784
1546129,3069856,1252784
1546130,3069858,1252784
1546131,3069860,1252784
1546132,3069862,1252784
1546133,3069864,1252784
1546134,3069866,1252784
1546135,3069868,1252784
1546927,3069879,1252790
1547213,3069909,1252800
785128,3069921,1252811
785148,3069901,1252816
1547420,3069906,1252816
1547689,3069939,1252852
785682,3069765,1252946
785683,3069766,1252946
785690,3069769,1252946
785695,3069771,1252946
785699,3069793,1252946
1548625,3069806,1252946
785772,3069959,1252950
1548999,3070011,1252961
1549006,3070013,1252962
1549015,3070015,1252964
1549371,3070070,1252990
1549474,3070078,1252999
1549475,3070080,1252999
1549476,3070082,1252999
1549477,3070084,1252999
1549478,3070086,1252999
1549479,3070088,1252999
1549743,3070090,1253030
1550126,3070119,1253073
1550206,3070108,1253083
1550288,3070124,1253086
1550597,3070141,1253112
1550598,3070148,1253112
1550611,3070150,1253112
786557,3070165,1253127
1550713,3059790,1253127
1550714,3070161,1253127
1550715,3070162,1253127
1550716,3070163,1253127
1550717,3070164,1253127
1550718,3050004,1253127
786586,3070176,1253132
1550762,3049735,1253132
1550763,3049732,1253132
1550764,3065714,1253132
1551088,3070106,1253161
1551199,3070198,1253169
786805,3070206,1253197
786806,3070207,1253197
786807,3070209,1253197
786808,3070211,1253197
786809,3070221,1253197
786811,3070213,1253197
786812,3070215,1253197
786813,3070217,1253197
786814,3070219,1253197
786816,3070223,1253197
786817,3070225,1253197
786818,3070227,1253197
786819,3070229,1253197
786820,3070231,1253197
786821,3070237,1253197
786822,3070241,1253197
786823,3070247,1253197
786824,3044573,1253197
786827,3044595,1253197
786830,3044597,1253197
786831,3044578,1253197
786833,3044599,1253197
786834,3044601,1253197
786837,3044580,1253197
786840,3044605,1253197
786841,3044607,1253197
786843,3044583,1253197
786844,3044609,1253197
786845,3044611,1253197
786846,3044585,1253197
786847,3044615,1253197
786848,3044617,1253197
786850,3044575,1253197
1551929,3054419,1253201
1551930,3070337,1253201
1551931,3070338,1253201
1551932,3070339,1253201
1551933,3054421,1253201
1551934,3070341,1253201
1551935,3070342,1253201
1551936,3070344,1253201
1551937,3054423,1253201
1551938,3050728,1253201
1551939,3050724,1253201
1551940,3050726,1253201
1551941,3050729,1253201
1551942,3050731,1253201
1551943,3050732,1253201
1551944,3050734,1253201
1551945,3050735,1253201
1551946,3054424,1253201
1551947,3070346,1253201
1551948,3050750,1253201
1551949,3050752,1253201
1551950,3070348,1253201
1551951,3070350,1253201
1551952,3070352,1253201
1551953,3070354,1253201
1551954,3054428,1253201
1551955,3054412,1253201
1551956,3054414,1253201
1551957,3054417,1253201
1551958,3070356,1253201
1551959,3070358,1253201
1551960,3070360,1253201
1551961,3070362,1253201
1551962,3070364,1253201
1551963,3070366,1253201
1551964,3070368,1253201
1551965,3070370,1253201
1551966,3054426,1253201
1551967,3070372,1253201
1551968,3070374,1253201
1551969,3070376,1253201
1551970,3070378,1253201
1551971,3070380,1253201
1551972,3070382,1253201
1551973,3070384,1253201
1551974,3070388,1253201
1551975,3054392,1253201
786863,3070398,1253204
1552155,3070397,1253204
1552156,3044582,1253204
1553252,3070480,1253253
1553606,3070545,1253283
787341,3070529,1253287
787342,3070531,1253287
787790,3070546,1253331
1555028,3070580,1253331
1555241,3070159,1253335
1555726,3070686,1253375
788189,3070722,1253384
1555776,3070720,1253384
1555777,3070721,1253384
788251,3070725,1253390
1555860,3070723,1253390
1555861,3045226,1253390
788706,3044016,1253442
788711,3044128,1253442
788712,3062810,1253442
788715,3070779,1253442
1556784,3070777,1253442
1556788,3070777,1253442
788786,3070771,1253450
788790,3070772,1253450
1557130,3070774,1253450
789048,3070811,1253464
1557672,3070801,1253464
1557673,3070803,1253464
1557674,3070810,1253464
1557850,3070854,1253478
1558592,3070903,1253506
1558596,3070903,1253508
1558600,3070905,1253508
1558602,3070903,1253508
1559123,3070889,1253555
1559231,3070933,1253561
1559252,3068517,1253564
1559516,3070945,1253579
789811,3070976,1253599
1559691,3070974,1253599
1559692,3070975,1253599
1559704,3070977,1253602
1559705,3070978,1253602
1559712,3070951,1253604
1559713,3070952,1253604
1559714,3070954,1253604
1559715,3070956,1253604
1559716,3070958,1253604
1559717,3070960,1253604
1559718,3070962,1253604
1559719,3070964,1253604
1559720,3070966,1253604
1559721,3070968,1253604
1559753,3070949,1253604
1559754,3070949,1253604
1559859,3070628,1253611
1560281,3071035,1253646
1561041,3070930,1253686
790760,3068880,1253693
1561351,3071101,1253708
790980,3071005,1253716
790986,3071007,1253716
1561484,3071003,1253716
1561487,3071009,1253716
1561495,3071103,1253717
791024,3071104,1253727
1561572,3071108,1253727
791238,3071154,1253748
1562146,3071138,1253748
1562147,3063128,1253748
1562271,3071182,1253756
1562736,3071192,1253808
1562737,3071193,1253808
1562738,3071194,1253808
1562739,3071195,1253808
1562740,3071197,1253808
1562741,3071198,1253808
791677,3071237,1253865
1563431,3060460,1253877
791794,3071278,1253917
791798,3071283,1253917
791800,3071284,1253917
1564044,3071316,1253955
1564045,3071319,1253955
1564125,3071331,1253970
1564441,3071334,1253992
1564511,3071339,1254001
1564928,3071335,1254022
1565126,3071387,1254024
1565127,3071389,1254024
1565128,3071391,1254024
1565129,3071393,1254024
1565130,3071395,1254024
1565131,3071397,1254024
1565132,3071399,1254024
1565133,3071401,1254024
1565134,3071403,1254024
1565137,3071405,1254024
1565140,3071407,1254024
1565143,3071409,1254024
1565146,3071411,1254024
792531,3071515,1254053
1566154,3071513,1254053
1566157,3071521,1254053
1566164,3071507,1254053
1566167,3071510,1254053
1566151,3071528,1254054
792632,3044699,1254068
1566409,3043739,1254068
1566410,3043740,1254068
792781,3071531,1254086
792782,3071532,1254086
792783,3071534,1254086
792784,3057491,1254086
792785,3057509,1254086
792786,3057495,1254086
792789,3071538,1254086
792790,3071540,1254086
792791,3071542,1254086
792792,3071544,1254086
792793,3071546,1254086
792794,3071548,1254086
792795,3071550,1254086
792796,3071552,1254086
792797,3057503,1254086
1566733,3071554,1254086
1567366,3071733,1254109
1567607,3071757,1254122
1568842,3071826,1254175
1568843,3071827,1254175
1568845,3071828,1254175
1568846,3071830,1254175
1568847,3071832,1254175
1568848,3071833,1254175
1569431,3071608,1254201
1569462,3071707,1254201
1569569,3060555,1254215
793873,3071803,1254225
793878,3045053,1254225
793881,3044031,1254225
793885,3071808,1254225
793888,3044123,1254225
793894,3071810,1254225
793898,3071811,1254225
793901,3071813,1254225
1569674,3071817,1254225
793913,3071869,1254231
1569710,3071868,1254231
1569711,3053664,1254231
1569712,3059093,1254231
1569859,3071854,1254242
794245,3071575,1254266
1570368,3071583,1254266
1570373,3071867,1254267
1570527,3071907,1254281
794376,3071928,1254302
1570848,3071925,1254302
1570849,3071926,1254302
1571035,3071939,1254315
1571150,3071945,1254316
1571151,3071947,1254316
794622,3071977,1254321
1571438,3071963,1254321
1571439,3071964,1254321
1571440,3071965,1254321
1571441,3071966,1254321
1571442,3071967,1254321
1571443,3071968,1254321
1571444,3071969,1254321
1571445,3071970,1254321
1571447,3071971,1254321
1571448,3071972,1254321
1571449,3071973,1254321
1571450,3071974,1254321
1571451,3043838,1254321
1571476,3071953,1254322
794747,3047324,1254344
794753,3071920,1254344
794756,3071922,1254344
1572113,3071924,1254344
794898,3072152,1254368
1572488,3072147,1254368
1572489,3072148,1254368
1572490,3072149,1254368
1572492,3072150,1254368
1572494,3072151,1254368
795411,3072115,1254412
795412,3072117,1254412
795413,3072119,1254412
795416,3072121,1254412
795417,3072123,1254412
795422,3072125,1254412
1573153,3072109,1254412
1573155,3072111,1254412
1573156,3072113,1254412
1573128,3072170,1254422
1574012,3072237,1254461
1573894,3072176,1254462
1573897,3072212,1254462
1574189,3072303,1254473
1574277,3072307,1254474
1574332,3072307,1254477
796171,3072317,1254493
1574638,3072305,1254493
1574639,3072315,1254493
1574709,3072321,1254497
1575314,3072343,1254529
796442,3072183,1254538
796447,3072185,1254538
1575416,3072186,1254538
1575426,3072237,1254538
1575477,3072041,1254546
1575478,3046591,1254546
1575479,3072107,1254546
796833,3072422,1254616
796835,3072424,1254616
1576186,3072417,1254616
1576286,3049743,1254624
1576302,3072446,1254626
1576607,3055150,1254654
1576609,3072445,1254654
1577265,3072500,1254692
797352,3072529,1254697
797353,3072530,1254697
1578572,3072583,1254754
1578682,3072582,1254770
1578962,3072596,1254781
1579017,3072616,1254792
797918,3072395,1254804
797919,3072396,1254804
797920,3072397,1254804
1579153,3072385,1254804
1579157,3072386,1254804
1579159,3072388,1254804
798007,3072649,1254816
798010,3072651,1254816
1579342,3072642,1254816
1579431,3072661,1254823
1579461,3072669,1254826
1579687,3072658,1254839
798157,3072712,1254840
1579691,3056404,1254840
1579692,3056406,1254840
1579693,3056407,1254840
1579695,3056408,1254840
1579696,3056405,1254840
1579698,3062091,1254840
1579707,3072713,1254840
1579927,3072720,1254852
1579928,3072721,1254852
1579929,3072722,1254852
1579930,3072723,1254852
1579991,3072637,1254859
798293,3072757,1254888
1580217,3044471,1254888
1580218,3072755,1254888
1580532,3072779,1254923
1580476,3072777,1254924
1580479,3072781,1254926
1581331,3072786,1254936
1581337,3072794,1254936
1581341,3072784,1254936
798484,3072821,1254939
1581683,3066234,1254939
1581684,3072818,1254939
1582629,3072773,1254957
1582732,3072827,1254958
1582736,3072827,1254958
1582941,3072823,1254962
1583531,3072872,1254978
798627,3072896,1254982
1583561,3072884,1254982
1583562,3072886,1254982
1583563,3048690,1254982
798771,3072939,1255009
1584665,3054644,1255030
1584756,3072948,1255042
798908,3044707,1255052
799106,3073004,1255079
1585280,3060554,1255079
1585281,3060558,1255079
1585282,3060561,1255079
1585283,3060562,1255079
1585284,3059140,1255079
1585285,3060565,1255079
1585863,3072968,1255111
1585864,3072969,1255111
1585865,3072971,1255111
1585866,3072973,1255111
1585867,3072975,1255111
1585868,3072977,1255111
1585869,3072979,1255111
1585870,3072980,1255111
1585871,3072982,1255111
1585956,3073041,1255118
799285,3073048,1255125
1586016,3072614,1255125
1586017,3072611,1255125
1586018,3072612,1255125
1586019,3072613,1255125
1587135,3073070,1255160
1587199,3072892,1255163
1587200,3072894,1255163
1587201,3072897,1255163
1587231,3072899,1255163
1587233,3072887,1255163
1587237,3072901,1255163
1587745,3073091,1255226
1588071,3073133,1255260
1589037,3073220,1255315
800284,3073264,1255331
1589600,3073251,1255331
1589601,3073252,1255331
1589602,3073253,1255331
1589603,3073256,1255331
1589604,3073257,1255331
1589605,3073258,1255331
1589606,3073259,1255331
1589607,3073260,1255331
1589608,3073261,1255331
1589609,3073262,1255331
1589610,3073263,1255331
1590244,3068101,1255374
801078,3073381,1255445
1592483,3071048,1255445
1592484,3073371,1255445
1592485,3073372,1255445
1592486,3073373,1255445
1592487,3073375,1255445
1592488,3073376,1255445
1592489,3073378,1255445
801132,3049399,1255450
801137,3073444,1255450
801144,3073449,1255450
1592616,3044126,1255450
1592618,3068854,1255450
1592620,3050722,1255450
1592625,3049397,1255450
1592629,3050722,1255450
1592630,3049399,1255450
1592633,3073439,1255450
801115,3073323,1255451
801116,3073324,1255451
1592905,3057644,1255470
1593056,3073377,1255482
1594127,3071283,1255548
1594128,3071284,1255548
1594799,3073563,1255606
1594888,3073445,1255621
1595043,3073551,1255632
1595278,3073615,1255641
1595379,3073617,1255646
1595427,3073618,1255648
802190,3073585,1255658
802394,3073630,1255697
802395,3073633,1255697
802396,3073635,1255697
802486,3073640,1255697
802488,3073641,1255697
1596613,3073637,1255697
1596616,3073638,1255697
1596619,3073639,1255697
1596622,3073642,1255697
1596625,3073643,1255697
1596627,3073644,1255697
1596629,3073645,1255697
1596631,3073646,1255697
1596633,3073647,1255697
1596636,3073648,1255697
802546,3073649,1255713
802583,3073689,1255716
802585,3073690,1255716
802752,3073704,1255746
802792,3073679,1255750
1597428,3073681,1255750
802826,3073734,1255759
1597509,3073730,1255759
1597510,3073732,1255759
1597511,3046620,1255759
1597653,3073749,1255773
803003,3059436,1255786
1597786,3073853,1255786
1597787,3073854,1255786
1597788,3073855,1255786
1597789,3046659,1255786
1597794,3073881,1255786
802941,3073893,1255788
1597929,3073910,1255802
1597954,3073907,1255802
1598118,3073947,1255816
1598368,3074025,1255847
803261,3046345,1255855
803264,3046358,1255855
803539,3074047,1255891
1599159,3074049,1255891
1599160,3074045,1255891
1599161,3074045,1255891
1599163,3074047,1255891
1599299,3074109,1255901
803591,3074084,1255903
803592,3074088,1255903
803593,3074091,1255903
803596,3074092,1255903
803597,3074093,1255903
803598,3074094,1255903
803599,3074095,1255903
803600,3074096,1255903
803602,3074097,1255903
803605,3074098,1255903
803606,3074099,1255903
803607,3074100,1255903
803608,3074101,1255903
803609,3074102,1255903
803610,3074103,1255903
803611,3074104,1255903
803612,3074105,1255903
803613,3074106,1255903
803614,3074107,1255903
803615,3074108,1255903
803616,3074110,1255903
803617,3074111,1255903
803618,3074112,1255903
803619,3074113,1255903
803620,3074114,1255903
803623,3074115,1255903
803625,3074116,1255903
803627,3074117,1255903
803629,3074119,1255903
803631,3074120,1255903
803635,3074121,1255903
803639,3074122,1255903
803644,3074123,1255903
803646,3074126,1255903
803647,3074129,1255903
803648,3074130,1255903
803649,3074131,1255903
803651,3074132,1255903
803652,3074133,1255903
803653,3074134,1255903
803654,3074135,1255903
803655,3074136,1255903
803656,3074137,1255903
803657,3074138,1255903
803658,3074140,1255903
803659,3074142,1255903
803662,3074144,1255903
803664,3074146,1255903
803665,3074148,1255903
803666,3074150,1255903
803667,3074152,1255903
803669,3074155,1255903
803671,3074158,1255903
803673,3074161,1255903
803674,3074163,1255903
803675,3074166,1255903
803679,3074168,1255903
803682,3074171,1255903
803688,3074173,1255903
803691,3074175,1255903
803696,3074177,1255903
803698,3074178,1255903
803702,3074179,1255903
803703,3074180,1255903
1599612,3054643,1255911
1599622,3074205,1255914
1599623,3074209,1255914
1599624,3071563,1255914
803757,3074224,1255935
1599764,3074226,1255935
803778,3074270,1255942
803782,3074276,1255942
1600464,3074316,1255976
1600780,3074305,1256007
1600792,3074324,1256010
1600793,3074326,1256010
804139,3074408,1256029
804172,3074407,1256033
1601189,3074398,1256033
1601192,3074401,1256033
1601194,3074404,1256033
804211,3074487,1256037
1601230,3074471,1256037
1601231,3074474,1256037
1601232,3074477,1256037
1601233,3074479,1256037
1601234,3074482,1256037
1601276,3074449,1256041
804258,3074444,1256046
804272,3074438,1256052
804314,3074423,1256057
1601554,3074457,1256057
1601559,3074526,1256058
1601560,3074529,1256058
1601561,3074532,1256058
1601828,3074551,1256065
804385,3074369,1256068
1601886,3074554,1256069
1601904,3074553,1256069
1601969,3074340,1256072
804606,3074451,1256105
804608,3074453,1256105
1602568,3074588,1256128
1602569,3045354,1256129
1602651,3074612,1256141
1602749,3074594,1256148
1602756,3074605,1256148
1602759,3074607,1256148
1602762,3074610,1256148
1602765,3071753,1256148
1602769,3071054,1256148
1602770,3074605,1256148
1602771,3074607,1256148
1602772,3074610,1256148
1602774,3071753,1256148
1602777,3071054,1256148
1602779,3074602,1256148
1602790,3074618,1256148
1602793,3074596,1256148
1602834,3074464,1256151
1602913,3074455,1256157
1603043,3074612,1256176
1603115,3074627,1256186
1603136,3074626,1256192
1603160,3074447,1256195
1603161,3074447,1256195
1603168,3074447,1256195
1603169,3074447,1256195
1603170,3074447,1256195
1603985,3074634,1256199
1603988,3074637,1256199
805031,3074475,1256203
1603278,3074466,1256203
1603280,3074467,1256203
805087,3049522,1256206
1603436,3049522,1256206
1603441,3049522,1256206
1603444,3049522,1256206
805157,3074646,1256213
1603674,3074644,1256213
1603867,3074490,1256220
1603868,3052432,1256220
1603869,3074485,1256220
1603870,3074488,1256220
1603903,3052425,1256220
1603904,3052425,1256220
1603959,3065543,1256231
1603960,3070674,1256231
1603961,3074718,1256231
1603962,3074720,1256231
1603963,3074722,1256231
1603964,3074724,1256231
1603965,3074726,1256231
1603966,3044846,1256231
1603967,3044848,1256231
1603968,3044850,1256231
1604925,3074494,1256256
1604973,3074494,1256256
1604974,3074494,1256256
1604975,3074494,1256256
1604977,3074494,1256256
1604997,3074508,1256261
1604998,3074508,1256261
1605001,3074520,1256263
1605002,3074522,1256263
1605008,3074520,1256265
1605009,3074520,1256265
1605038,3074522,1256266
1605039,3074522,1256266
805512,3074510,1256268
805513,3074512,1256268
805515,3074512,1256268
805516,3074514,1256268
805522,3074518,1256268
1605095,3074518,1256274
805595,3074657,1256289
805596,3074664,1256289
805597,3074670,1256289
805598,3074675,1256289
805599,3074680,1256289
1605327,3074642,1256289
1605330,3074648,1256289
805622,3074431,1256294
805632,3074410,1256295
805636,3074411,1256295
805640,3074412,1256295
805641,3074414,1256295
805642,3074415,1256295
805656,3074446,1256295
1605376,3068177,1256295
1605378,3074445,1256295
1605382,3074440,1256295
1605383,3073610,1256295
1605384,3074442,1256295
1605385,3074462,1256295
1605386,3074472,1256295
1605387,3074451,1256295
1605388,3074453,1256295
1605422,3074423,1256295
1605423,3074429,1256295
1605424,3074431,1256295
1605425,3068177,1256295
1605426,3074445,1256295
1605427,3074446,1256295
1605432,3074464,1256295
1605433,3074508,1256295
1605434,3074510,1256295
1605436,3074512,1256295
1605438,3074514,1256295
1605439,3074516,1256295
1605440,3074518,1256295
1605441,3074520,1256295
1605442,3074522,1256295
1605443,3074534,1256295
1605437,3074848,1256297
1605722,3074840,1256321
805867,3048952,1256325
805943,3048956,1256325
805960,3048960,1256325
805961,3048962,1256325
806133,3048978,1256325
1605836,3048951,1256325
1605850,3048954,1256325
1605870,3048958,1256325
1605895,3048964,1256325
1605906,3048966,1256325
1605917,3048968,1256325
1605928,3048970,1256325
1605942,3048972,1256325
1605955,3048974,1256325
1605969,3048976,1256325
1605987,3048982,1256325
1606006,3048972,1256325
247742,3074852,1256330
1605796,3074854,1256330
1605820,3074826,1256331
1605827,3074828,1256331
1606151,3074852,1256331
1606158,3074852,1256331
1606159,3074852,1256331
1606160,3074852,1256331
1606161,3074852,1256331
1606162,3074852,1256331
1606163,3074852,1256331
1606164,3074852,1256331
1606165,3074852,1256331
1606166,3074852,1256331
1606167,3074852,1256331
1606168,3074852,1256331
1606169,3074852,1256331
1606170,3074852,1256331
1606171,3074852,1256331
1606172,3074852,1256331
1606173,3074852,1256331
1606620,3074858,1256350
1606710,3074861,1256359
1606759,3074926,1256362
806668,3074759,1256389
806675,3074760,1256389
806682,3074761,1256389
1607072,3074763,1256389
1607073,3074844,1256389
1607075,3068384,1256389
1607076,3074764,1256389
1607077,3074770,1256389
1607078,3069890,1256389
1607079,3074772,1256389
1607080,3074774,1256389
1607081,3074776,1256389
1607082,3074778,1256389
1607083,3074780,1256389
1607084,3074782,1256389
1607085,3074784,1256389
1607086,3069892,1256389
1607087,3074786,1256389
1607088,3074822,1256389
1607089,3074824,1256389
1607090,3074830,1256389
1607091,3074832,1256389
1607092,3074834,1256389
1607093,3074836,1256389
1607094,3074838,1256389
1607095,3074842,1256389
1607096,3074846,1256389
1607097,3074850,1256389
1607098,3074840,1256389
1607099,3074861,1256389
1607101,3074863,1256389
1607126,3074826,1256389
1607127,3074828,1256389
1607163,3074848,1256389
1607164,3074852,1256389
1607166,3074858,1256389
1607110,3074956,1256392
1607111,3074960,1256392
1607112,3074963,1256392
1607113,3074965,1256392
1607114,3074967,1256392
1607115,3074969,1256392
1607116,3074971,1256392
1607117,3074973,1256392
1607118,3074975,1256392
1607119,3074977,1256392
1607131,3062301,1256396
1607304,3074987,1256411
1607306,3075001,1256411
1607308,3075004,1256411
1607399,3054642,1256419
1607474,3054625,1256423
806903,3075073,1256427
806912,3075072,1256427
1607634,3074990,1256427
1607635,3074996,1256427
1607636,3075003,1256427
1607637,3075010,1256427
1607638,3075011,1256427
1607639,3075012,1256427
1607640,3075013,1256427
1607641,3075014,1256427
1607642,3075016,1256427
1607643,3075018,1256427
1607644,3075019,1256427
1607645,3075020,1256427
1607646,3075021,1256427
1607647,3075022,1256427
1607648,3075025,1256427
1607650,3075026,1256427
1607651,3075027,1256427
1607652,3075028,1256427
1607653,3075029,1256427
1607654,3075031,1256427
1607655,3075032,1256427
1607656,3075033,1256427
1607657,3075034,1256427
1607658,3075035,1256427
1607659,3075036,1256427
1607660,3075038,1256427
1607661,3075039,1256427
1607662,3075040,1256427
1607663,3075041,1256427
1607664,3075042,1256427
1607666,3075043,1256427
1607667,3075046,1256427
1607668,3075049,1256427
1607670,3075050,1256427
1607671,3075051,1256427
1607672,3075052,1256427
1607673,3075054,1256427
1607674,3075055,1256427
1607675,3075056,1256427
1607676,3075057,1256427
1607677,3075058,1256427
1607678,3075059,1256427
1607679,3075060,1256427
1607680,3075063,1256427
1607681,3075064,1256427
1607682,3075065,1256427
1607683,3075066,1256427
1607684,3075067,1256427
1607685,3075068,1256427
1607686,3075069,1256427
1607687,3075070,1256427
1607688,3075071,1256427
251211,3075082,1256468
807208,3075082,1256468
807218,3075082,1256468
807219,3075082,1256468
807231,3075083,1256468
807233,3075085,1256468
1608709,3054634,1256479
807557,3064772,1256520
807558,3064773,1256520
1609603,3057905,1256520
1610163,3075186,1256544
1610164,3075188,1256544
1610165,3075190,1256544
807884,3046342,1256582
807883,3075217,1256583
1610646,3075220,1256583
1610675,3075152,1256589
1610676,3075154,1256589
807891,3075239,1256590
1610677,3066384,1256590
1610678,3066386,1256590
1610679,3066388,1256590
1610709,3064052,1256596
1611467,3075261,1256609
808379,3075349,1256653
1612378,3075329,1256653
1612379,3075332,1256653
1612380,3075333,1256653
1612381,3075336,1256653
1612382,3075337,1256653
1612383,3075338,1256653
1612384,3075339,1256653
1612385,3075340,1256653
1612388,3075350,1256653
1612499,3075351,1256658
808432,3075402,1256665
1612526,3075400,1256665
1612529,3075400,1256665
1612532,3075404,1256665
1612535,3075402,1256665
1612536,3075404,1256665
1612540,3075406,1256665
1612541,3075400,1256665
1612558,3075408,1256665
1612751,3075415,1256684
808527,3075366,1256685
1612822,3075422,1256689
1612913,3075166,1256697
1612914,3075168,1256697
808667,3075576,1256708
808674,3075576,1256708
1613082,3075576,1256708
1613193,3075598,1256715
808843,3075629,1256735
1613579,3058886,1256735
1613580,3075619,1256735
1613581,3075620,1256735
1613582,3075621,1256735
1613583,3075622,1256735
1613584,3075623,1256735
1613585,3075624,1256735
1613586,3075625,1256735
1613587,3075626,1256735
1613588,3075627,1256735
1613589,3075628,1256735
1613649,3075636,1256739
1613772,3075605,1256746
808947,3075529,1256750
808948,3075533,1256750
808949,3075536,1256750
808950,3075538,1256750
808951,3075540,1256750
808958,3075542,1256750
808960,3075544,1256750
808961,3075546,1256750
808962,3075548,1256750
808966,3075550,1256750
808975,3075552,1256750
808986,3075554,1256750
808987,3075556,1256750
808988,3075558,1256750
808989,3075560,1256750
808990,3075562,1256750
808991,3075564,1256750
808997,3075566,1256750
808998,3075568,1256750
808999,3075570,1256750
809000,3075572,1256750
809002,3075574,1256750
809030,3075582,1256750
1613830,3075582,1256750
1613836,3075582,1256750
1613838,3075595,1256750
1614025,3075576,1256750
1614118,3075737,1256772
1614122,3075654,1256773
1614437,3075759,1256790
1614438,3075760,1256790
1614439,3075761,1256790
1614609,3055509,1256802
1614611,3050481,1256802
1614612,3043908,1256802
1614613,3055511,1256802
1614614,3046555,1256802
1614615,3055480,1256802
1614616,3050500,1256802
1614617,3043909,1256802
1614618,3055508,1256802
1614619,3075738,1256802
1614620,3055478,1256802
1614621,3075740,1256802
1614622,3071418,1256802
1614623,3071419,1256802
1614624,3075743,1256802
1614625,3075744,1256802
1614626,3075745,1256802
1614925,3075755,1256811
1615259,3075800,1256824
1615260,3075802,1256824
1615851,3075974,1256844
1615854,3075978,1256844
1616003,3075641,1256857
1616011,3076015,1256858
809751,3076030,1256867
1616247,3076030,1256867
1616248,3076030,1256867
1616249,3076030,1256867
1616250,3076028,1256867
1616252,3076026,1256867
1616253,3076028,1256867
1616254,3076026,1256867
1616255,3076028,1256867
1616256,3076026,1256867
1616257,3076028,1256867
1616258,3076026,1256867
1616766,3076022,1256919
1616769,3076025,1256919
809993,3076063,1256930
1616799,3076056,1256930
1616800,3076057,1256930
1616801,3076058,1256930
1616802,3062017,1256930
1616803,3066217,1256930
810002,3076073,1256940
1616846,3061089,1256940
1616847,3058237,1256940
1616849,3070099,1256940
1616850,3055091,1256940
1616886,3076074,1256946
1616980,3054652,1256967
1617064,3069876,1256983
1617065,3076072,1256983
1618849,3076222,1257086
1618851,3076221,1257086
1618858,3076221,1257086
1618863,3076221,1257086
1618901,3076118,1257093
1618902,3076136,1257093
810931,3076173,1257096
810940,3076168,1257096
810941,3076125,1257096
810942,3076128,1257096
810943,3076132,1257096
810945,3076134,1257096
1618916,3072667,1257096
1618919,3076178,1257096
1618938,3076125,1257096
1618943,3076128,1257096
1618944,3076132,1257096
1618946,3076134,1257096
811156,3076286,1257126
1619354,3044593,1257126
1619355,3076285,1257126
811500,3076470,1257158
1620464,3076479,1257177
1620466,3076480,1257177
1620469,3076481,1257177
811691,3076300,1257187
1620664,3076469,1257187
811787,3075843,1257192
811789,3075845,1257192
811794,3075847,1257192
811796,3075849,1257192
811798,3075851,1257192
811800,3075853,1257192
811805,3075855,1257192
811808,3075857,1257192
811813,3075859,1257192
811817,3075861,1257192
811819,3075863,1257192
811824,3075867,1257192
811832,3075871,1257192
1620875,3075898,1257192
1620876,3075899,1257192
1620880,3075900,1257192
1620881,3075901,1257192
1620882,3076005,1257192
1620883,3076009,1257192
1620884,3076011,1257192
1620885,3076013,1257192
1620903,3075869,1257192
1620904,3075873,1257192
1620905,3075875,1257192
1620832,3076489,1257193
1621288,3076532,1257225
1621289,3076533,1257225
1621290,3076534,1257225
1621292,3076535,1257225
812110,3076499,1257245
812121,3076500,1257245
1621515,3076502,1257245
1621572,3076555,1257253
812155,3076517,1257254
1621581,3076515,1257254
1621583,3076518,1257254
1621584,3047472,1257254
1621853,3076678,1257275
1622071,3076669,1257278
1622072,3076672,1257278
1622073,3076675,1257278
1622074,3076677,1257278
812241,3076683,1257286
1622150,3062999,1257286
1622151,3048390,1257286
1622152,3043959,1257286
1622153,3076682,1257286
1622154,3045444,1257286
1624034,3059772,1257308
1624037,3046321,1257308
1624040,3062845,1257308
1624043,3076623,1257308
1624046,3062844,1257308
1624048,3076625,1257308
1624050,3062847,1257308
1624053,3076627,1257308
1624054,3045888,1257308
1624055,3046327,1257308
1624056,3060790,1257308
1624057,3076629,1257308
1624058,3076631,1257308
1624060,3076634,1257308
1624061,3076636,1257308
1624063,3076638,1257308
1624064,3062841,1257308
1624066,3076640,1257308
1624067,3076642,1257308
1624069,3076643,1257308
1624071,3076645,1257308
1624073,3076647,1257308
1624099,3076649,1257308
1624102,3076651,1257308
1624103,3076654,1257308
1624106,3076655,1257308
812912,3076751,1257350
1627020,3051955,1257350
1627021,3051956,1257350
1627022,3051957,1257350
1627221,3076767,1257377
1627492,3076798,1257402
1627514,3076797,1257402
813423,3076824,1257437
1628228,3076847,1257452
1628351,3076741,1257454
1628352,3076748,1257454
1628527,3076854,1257457
1628528,3076856,1257457
1628529,3076858,1257457
1628531,3076860,1257457
1628533,3076862,1257457
1628535,3076864,1257457
1628537,3076866,1257457
1628539,3076868,1257457
1628541,3076870,1257457
1628545,3076872,1257457
1628562,3076844,1257462
1628792,3077180,1257469
1628894,3077317,1257473
813920,3076842,1257498
1629229,3076836,1257498
1630896,3077534,1257593
1631211,3077412,1257602
1631214,3077416,1257602
1631239,3046774,1257604
814871,3077573,1257636
1632785,3077567,1257636
1632786,3077568,1257636
1632787,3077569,1257636
1632788,3077570,1257636
1633004,3045833,1257646
1633027,3077424,1257648
1633328,3077617,1257666
1633329,3077621,1257666
1633368,3060556,1257669
1633486,3060557,1257678
1633698,3077739,1257697
1633876,3077603,1257705
1633885,3077605,1257705
1633886,3077578,1257705
1633965,3077816,1257712
1633980,3077801,1257712
1633986,3077816,1257712
1633989,3077816,1257712
1634012,3077816,1257712
1634013,3077816,1257712
1635024,3077821,1257767
815574,3077807,1257774
815575,3077809,1257774
815577,3077811,1257774
815596,3077819,1257774
815599,3077802,1257774
815601,3077823,1257774
815602,3077824,1257774
1635172,3077825,1257774
1635174,3077813,1257774
1635175,3077814,1257774
1635176,3055575,1257774
1635177,3055570,1257774
1635184,3077818,1257774
1635409,3077866,1257784
1635410,3077867,1257784
1635411,3077868,1257784
1635412,3077869,1257784
815725,3077961,1257802
1635575,3077957,1257802
1635609,3077957,1257802
1635675,3077873,1257813
1635680,3077873,1257814
1635704,3077873,1257816
1635753,3077873,1257817
1635820,3077992,1257820
1636043,3054541,1257847
1636044,3054488,1257847
1636045,3077768,1257847
1636047,3054793,1257847
1636048,3077770,1257847
1636049,3077774,1257847
815989,3078054,1257879
1636563,3078045,1257879
1636564,3078048,1257879
1636766,3078073,1257882
1636806,3078069,1257886
816109,3078099,1257890
816111,3045290,1257890
816112,3078077,1257890
816113,3078079,1257890
816114,3071010,1257890
816115,3078081,1257890
816117,3078083,1257890
816118,3078085,1257890
816119,3055592,1257890
816121,3055594,1257890
816122,3045288,1257890
816123,3052495,1257890
816124,3078087,1257890
816125,3078089,1257890
816129,3051442,1257890
816131,3060995,1257890
816132,3071012,1257890
816134,3078091,1257890
816135,3078093,1257890
816137,3078095,1257890
816139,3078097,1257890
816140,3052491,1257890
1636846,3053825,1257890
1636847,3053826,1257890
1636848,3053827,1257890
1636849,3054771,1257890
1636850,3078076,1257890
1636851,3066145,1257890
1636852,3066323,1257890
1636853,3062067,1257890
1636854,3048285,1257890
1637158,3078113,1257902
816272,3077980,1257917
816292,3077982,1257922
816293,3046350,1257925
816294,3077916,1257925
816296,3046354,1257925
816307,3046361,1257925
816308,3046365,1257925
816312,3046363,1257925
816314,3046367,1257925
816315,3046369,1257925
816321,3046371,1257925
816323,3046373,1257925
816325,3046598,1257925
816327,3046602,1257925
816329,3046608,1257925
816344,3046600,1257925
816351,3046604,1257925
816358,3046610,1257925
816418,3077976,1257925
1637552,3077913,1257925
1637553,3046449,1257925
1637564,3077939,1257925
1637565,3077942,1257925
1637566,3077968,1257925
1637567,3077972,1257925
1637568,3077873,1257925
1637647,3077933,1257925
1637648,3077936,1257925
1637894,3077980,1257925
1637896,3077982,1257925
816407,3078147,1257946
816563,3048777,1257982
1638188,3078165,1257982
1638238,3078168,1257982
1638239,3078170,1257982
1638240,3048772,1257982
1638263,3068100,1257988
1638514,3078195,1257990
1638852,3078032,1257994
1638853,3078035,1257994
1639100,3066763,1258009
816731,3078203,1258022
1639381,3078263,1258027
816765,3078228,1258028
1639388,3078229,1258028
1639994,3078362,1258073
1640186,3078511,1258092
817100,3078505,1258110
817104,3078506,1258110
817106,3078508,1258110
817107,3078509,1258110
817108,3078510,1258110
817394,3078521,1258164
1641250,3078515,1258171
1641251,3078522,1258171
1641254,3078524,1258171
1641309,3078575,1258182
1641357,3078595,1258198
1641359,3078597,1258198
817741,3078533,1258232
817744,3078535,1258232
817745,3078537,1258232
817748,3078538,1258232
817749,3078540,1258232
817755,3078544,1258232
817757,3078547,1258232
817762,3078557,1258232
817766,3078559,1258232
817776,3078561,1258232
817781,3078549,1258232
817782,3078551,1258232
817783,3078553,1258232
817784,3078555,1258232
817785,3078563,1258232
1641919,3078565,1258232
1641920,3078567,1258232
1641921,3078569,1258232
1641949,3078571,1258232
1641879,3078623,1258234
1641889,3078625,1258235
1641893,3078627,1258236
1641896,3078629,1258237
1641958,3078621,1258241
818272,3078607,1258280
1643322,3078607,1258280
1643326,3078613,1258280
1643735,3078714,1258324
1643736,3078715,1258324
1643737,3078717,1258324
1643740,3078719,1258324
1643742,3078721,1258324
1643744,3078722,1258324
1643745,3078723,1258324
1643746,3078725,1258324
1643747,3078727,1258324
1643748,3078729,1258324
1643749,3078731,1258324
1643750,3078733,1258324
1643751,3078735,1258324
1643752,3078737,1258324
1643753,3078740,1258324
1643755,3078742,1258324
1643756,3078744,1258324
1643757,3078746,1258324
1643758,3078748,1258324
1643759,3078750,1258324
1643760,3078752,1258324
1643761,3078754,1258324
1643762,3078756,1258324
1643763,3078758,1258324
1643764,3078760,1258324
1643765,3078762,1258324
1643766,3078764,1258324
1643767,3078766,1258324
1643768,3078768,1258324
1643769,3078770,1258324
1643770,3078772,1258324
1643771,3078774,1258324
1643772,3078776,1258324
1643773,3078780,1258324
1643774,3078785,1258324
818451,3078802,1258332
818453,3078805,1258332
1644031,3078793,1258335
818590,3078861,1258348
818673,3045195,1258369
818674,3045283,1258369
818675,3055088,1258369
818720,3078857,1258369
818726,3078855,1258369
1644565,3078859,1258369
1644566,3078857,1258369
1644567,3078851,1258369
1644569,3078853,1258369
1644577,3078838,1258369
1644580,3078840,1258369
1644582,3078842,1258369
1644584,3078844,1258369
1644663,3078865,1258378
1645691,3054651,1258455
819448,3078982,1258493
1646378,3078923,1258518
1646381,3078908,1258518
1646617,3078994,1258551
1646710,3078999,1258561
1646711,3079003,1258561
1646712,3055893,1258561
1646713,3079007,1258561
1646714,3079011,1258561
819775,3079082,1258572
1646826,3079078,1258572
1646828,3079079,1258572
1646829,3079080,1258572
1646831,3079081,1258572
1646832,3048826,1258572
819832,3078996,1258576
819834,3079017,1258576
1646895,3079005,1258576
1646896,3079009,1258576
820057,3078283,1258603
820058,3078285,1258603
820059,3078287,1258603
820064,3078289,1258603
1647846,3078329,1258603
1647848,3060135,1258603
1647854,3078467,1258603
1647855,3078471,1258603
1647857,3078474,1258603
1647863,3078483,1258603
1647865,3078436,1258603
1647867,3078438,1258603
1648709,3079219,1258647
1649343,3079222,1258663
1649434,3079087,1258673
820802,3079384,1258742
1650121,3055591,1258742
1650122,3079359,1258742
1650123,3079360,1258742
1650124,3079361,1258742
1650125,3079362,1258742
1650126,3045287,1258742
1650127,3079363,1258742
1650128,3071911,1258742
1650129,3052493,1258742
1650130,3052490,1258742
1650131,3079364,1258742
1650132,3079365,1258742
1650133,3079367,1258742
1650134,3079368,1258742
1650135,3079369,1258742
1650136,3079370,1258742
1650137,3079371,1258742
1650138,3079372,1258742
1650139,3079373,1258742
1650140,3079374,1258742
1650141,3079375,1258742
1650142,3079376,1258742
1650143,3079378,1258742
1650144,3079379,1258742
820915,3079252,1258754
1650560,3079385,1258762
821125,3079476,1258766
821127,3079480,1258766
821128,3079484,1258766
1651327,3067120,1258799
1651328,3067128,1258799
1651329,3067124,1258799
1652974,3079565,1258822
1653554,3079482,1258855
1653869,3071238,1258867
821594,3079692,1258889
821595,3079693,1258889
821596,3079697,1258889
821597,3079701,1258889
821606,3050674,1258891
1654056,3050681,1258891
1654057,3050683,1258891
821631,3079584,1258900
1654257,3045551,1258900
1654504,3079730,1258913
1654564,3079732,1258917
821855,3079733,1258923
1654703,3079735,1258923
821990,3079707,1258935
1655028,3079709,1258935
1655029,3079710,1258935
1655030,3079712,1258935
1655031,3079714,1258935
1655034,3079721,1258935
822017,3079798,1258944
822021,3079799,1258944
1655464,3079821,1258960
1655733,3079822,1258975
1655735,3047413,1258975
822059,3079887,1258987
1656901,3065612,1259006
1656902,3071749,1259006
1656903,3071754,1259006
1656904,3065616,1259006
1656905,3065614,1259006
1656906,3079917,1259006
1656907,3079918,1259006
822172,3079898,1259008
822173,3079900,1259010
1658269,3048644,1259089
1658834,3080039,1259132
823072,3057127,1259156
1659135,3077984,1259164
823495,3080134,1259206
1660097,3080135,1259206
823502,3079869,1259208
823503,3079871,1259208
823504,3079873,1259208
1660105,3079909,1259208
1660132,3080201,1259210
1660688,3080372,1259258
1661009,3080376,1259269
823930,3080243,1259274
1661110,3080222,1259274
1661111,3080239,1259274
1661425,3080381,1259289
824067,3046802,1259296
1661526,3080362,1259296
824083,3080405,1259299
1661892,3080512,1259324
824509,3080456,1259350
824518,3080455,1259350
1662255,3062069,1259350
1662256,3062068,1259350
1662257,3080392,1259350
1662258,3080393,1259350
1662259,3080394,1259350
1662261,3080398,1259350
1662262,3080403,1259350
1662264,3080407,1259350
1662265,3080411,1259350
1662266,3080413,1259350
1662267,3080416,1259350
1662268,3080419,1259350
1662269,3080421,1259350
1662270,3080426,1259350
1662271,3080429,1259350
1662272,3080432,1259350
1662273,3080435,1259350
1662274,3080436,1259350
1662275,3080437,1259350
1662276,3080438,1259350
1662277,3080439,1259350
1662278,3080440,1259350
1662279,3080441,1259350
1662280,3080442,1259350
1662281,3080443,1259350
1662282,3080444,1259350
1662283,3080445,1259350
1662284,3080446,1259350
1662285,3080448,1259350
1662286,3080451,1259350
1662287,3080453,1259350
1662289,3062092,1259350
1662296,3080457,1259350
1662442,3080512,1259357
824536,3080627,1259370
1662520,3080623,1259370
1662521,3080624,1259370
1662522,3080625,1259370
1662523,3080626,1259370
1662699,3057377,1259373
1662700,3057390,1259373
1662701,3057384,1259373
1662702,3057386,1259373
1662703,3057392,1259373
1662704,3057398,1259373
1662705,3057394,1259373
1662706,3057396,1259373
824695,3080864,1259395
1663918,3080856,1259395
1663919,3080858,1259395
1663920,3080860,1259395
1663921,3080862,1259395
824788,3080957,1259422
1665242,3080978,1259426
825158,3080632,1259456
1666132,3081117,1259456
1666133,3081120,1259456
1666462,3080633,1259456
1666463,3080634,1259456
1666464,3080635,1259456
1666465,3080636,1259456
1666466,3080637,1259456
1666467,3080638,1259456
1666468,3080639,1259456
1666469,3080642,1259456
1666470,3080644,1259456
1666471,3080645,1259456
1666472,3080646,1259456
1666473,3080647,1259456
1666474,3080648,1259456
1666475,3080649,1259456
1666476,3080652,1259456
1666477,3080657,1259456
1666478,3080663,1259456
1666479,3080667,1259456
1666480,3080672,1259456
1666481,3080675,1259456
1666482,3080678,1259456
1666483,3080681,1259456
1666484,3080682,1259456
1666485,3080685,1259456
1666486,3080686,1259456
1666487,3080691,1259456
1666488,3080694,1259456
1666489,3080695,1259456
1666490,3080696,1259456
1666491,3080699,1259456
1666492,3080702,1259456
1666493,3080705,1259456
1666494,3080706,1259456
1666495,3080707,1259456
1666496,3080708,1259456
1666497,3080709,1259456
1666498,3080710,1259456
1666499,3080711,1259456
1666500,3080712,1259456
1666501,3080713,1259456
1666502,3080714,1259456
1666503,3080715,1259456
1666504,3080716,1259456
1666505,3080717,1259456
1666506,3080718,1259456
1666507,3080719,1259456
1666508,3080720,1259456
1666509,3080721,1259456
1666510,3080722,1259456
1666511,3080723,1259456
1666512,3080724,1259456
1666513,3080725,1259456
1666514,3080726,1259456
1666515,3080727,1259456
1666516,3080728,1259456
1666517,3080729,1259456
1666518,3080730,1259456
1666519,3080731,1259456
1666520,3080732,1259456
1666521,3080734,1259456
1666522,3080736,1259456
1666523,3080737,1259456
1666524,3080738,1259456
1666525,3080739,1259456
1666526,3080740,1259456
1666527,3080741,1259456
1666528,3080742,1259456
1666529,3080743,1259456
1666530,3080744,1259456
1666531,3080745,1259456
1666532,3080746,1259456
1666533,3080747,1259456
1666534,3080748,1259456
1666535,3080749,1259456
1666536,3080750,1259456
1666537,3080751,1259456
1666538,3080752,1259456
1666539,3080753,1259456
1666540,3080754,1259456
1666542,3080755,1259456
1666543,3080756,1259456
1666544,3080757,1259456
1666545,3080758,1259456
1666546,3080759,1259456
1666547,3080760,1259456
1666548,3080761,1259456
1666549,3080762,1259456
1666550,3080763,1259456
1666551,3080764,1259456
1666552,3080765,1259456
1666553,3080766,1259456
1666554,3080767,1259456
1666555,3080768,1259456
1666556,3080769,1259456
1666557,3080770,1259456
1666558,3080771,1259456
1666559,3080772,1259456
1666560,3080773,1259456
1666561,3080774,1259456
1666562,3080775,1259456
1666563,3080776,1259456
1666564,3080777,1259456
1666565,3080778,1259456
1666566,3080779,1259456
1666567,3080780,1259456
1666568,3080781,1259456
1666569,3080782,1259456
1666570,3080783,1259456
1666571,3080784,1259456
1666572,3080785,1259456
1666573,3080786,1259456
1666574,3080787,1259456
1666575,3080788,1259456
1666576,3080789,1259456
1666577,3080790,1259456
1666578,3080791,1259456
1666579,3080792,1259456
1666580,3080793,1259456
1666581,3080794,1259456
1666582,3080795,1259456
1666583,3080796,1259456
1666584,3080800,1259456
1666585,3080801,1259456
1666586,3080806,1259456
1666587,3080811,1259456
1666588,3080816,1259456
1666589,3080822,1259456
1666590,3080824,1259456
1666591,3080825,1259456
1666593,3080826,1259456
1666594,3080827,1259456
1666596,3080828,1259456
1666598,3080829,1259456
1666599,3080830,1259456
1666600,3080831,1259456
1666602,3080832,1259456
1666603,3080833,1259456
1666604,3080834,1259456
1666605,3080835,1259456
1666607,3080836,1259456
1666608,3080837,1259456
1666609,3080838,1259456
1666610,3080839,1259456
1666611,3080840,1259456
1666612,3080841,1259456
1666613,3080842,1259456
1666614,3080843,1259456
1666615,3080844,1259456
1666616,3080845,1259456
1666617,3080846,1259456
1666618,3080847,1259456
1666619,3080848,1259456
1666620,3080849,1259456
1666621,3080850,1259456
1666622,3080851,1259456
1666623,3080852,1259456
1666624,3080853,1259456
1666625,3080854,1259456
1666626,3080855,1259456
1666627,3080857,1259456
1666628,3080859,1259456
1666629,3080861,1259456
1666630,3080863,1259456
1666631,3080865,1259456
1666632,3080866,1259456
1666633,3080867,1259456
1666634,3080868,1259456
1666635,3080869,1259456
1666636,3080870,1259456
1666637,3080871,1259456
1666638,3080872,1259456
1666639,3080873,1259456
1666640,3080874,1259456
1666641,3080875,1259456
1666642,3080876,1259456
1666643,3080877,1259456
1666644,3080878,1259456
1666645,3080879,1259456
1666646,3080880,1259456
1666647,3080881,1259456
1666648,3080882,1259456
1666649,3080884,1259456
1666650,3080886,1259456
1666651,3080891,1259456
1666652,3080893,1259456
1666653,3080895,1259456
1666654,3080896,1259456
1666655,3080897,1259456
1666656,3080899,1259456
1666657,3080900,1259456
1666658,3080903,1259456
1666659,3080906,1259456
1666660,3080909,1259456
1666661,3080910,1259456
1666662,3080911,1259456
1666663,3080912,1259456
1666664,3080913,1259456
1666665,3080914,1259456
1666666,3080915,1259456
1666667,3080916,1259456
1666668,3080917,1259456
1666669,3080918,1259456
1666670,3080919,1259456
1666671,3080920,1259456
1666672,3080921,1259456
1666673,3080922,1259456
1666674,3080923,1259456
1666675,3080924,1259456
1666676,3080925,1259456
1666677,3080926,1259456
1666678,3080927,1259456
1666679,3080928,1259456
1666680,3080930,1259456
1666681,3080933,1259456
1666682,3080934,1259456
1666683,3080937,1259456
1666684,3080938,1259456
1666685,3080941,1259456
1666686,3080942,1259456
1666687,3080943,1259456
1666688,3080946,1259456
1666689,3080948,1259456
1666690,3080949,1259456
1666691,3080950,1259456
1666692,3080951,1259456
1666693,3080952,1259456
1666694,3080954,1259456
1666695,3080955,1259456
1666696,3080956,1259456
1666697,3080959,1259456
1666698,3080960,1259456
1666699,3080961,1259456
1666700,3080962,1259456
1666701,3080963,1259456
1666702,3080964,1259456
1666703,3080965,1259456
1666704,3080966,1259456
1666705,3080967,1259456
1666706,3080968,1259456
1666707,3080969,1259456
1666708,3080970,1259456
1666709,3080971,1259456
1666710,3080972,1259456
1666711,3080973,1259456
1666712,3080974,1259456
1666713,3080975,1259456
1666714,3080976,1259456
1666715,3080977,1259456
1666716,3080979,1259456
1666717,3080981,1259456
1666718,3080982,1259456
1666719,3080983,1259456
1666720,3080984,1259456
1666721,3080985,1259456
1666722,3080986,1259456
1666723,3080987,1259456
1666724,3080988,1259456
1666725,3080989,1259456
1666726,3080990,1259456
1666727,3080991,1259456
1666728,3080992,1259456
1666729,3080993,1259456
1666730,3080994,1259456
1666731,3080995,1259456
1666732,3080996,1259456
1666733,3080997,1259456
1666734,3081000,1259456
1666735,3081001,1259456
1666736,3081002,1259456
1666737,3081003,1259456
1666738,3081005,1259456
1666739,3081006,1259456
1666740,3081007,1259456
1666741,3081008,1259456
1666742,3081009,1259456
1666743,3081010,1259456
1666744,3081011,1259456
1666745,3081012,1259456
1666746,3081013,1259456
1666747,3081014,1259456
1666748,3081015,1259456
1666749,3081016,1259456
1666750,3081017,1259456
1666751,3081018,1259456
1666752,3081019,1259456
1666753,3081020,1259456
1666754,3081021,1259456
1666755,3081022,1259456
1666756,3081023,1259456
1666757,3081027,1259456
1666758,3081031,1259456
1666759,3081033,1259456
1666760,3081035,1259456
1666761,3081037,1259456
1666762,3081039,1259456
1666763,3081044,1259456
1666764,3081046,1259456
1666765,3081048,1259456
1666766,3081050,1259456
1666767,3081053,1259456
1666768,3081057,1259456
1666769,3081061,1259456
1666770,3081068,1259456
1666771,3081073,1259456
1666772,3081079,1259456
1666773,3081082,1259456
1666774,3081087,1259456
1666775,3081090,1259456
1666776,3081095,1259456
1666777,3081096,1259456
1666778,3081097,1259456
1666779,3081098,1259456
1666780,3081099,1259456
1666781,3081100,1259456
1666782,3081101,1259456
1666783,3081102,1259456
1666784,3081104,1259456
1666785,3081105,1259456
1666786,3081106,1259456
1666787,3081107,1259456
1666788,3081108,1259456
1666789,3081109,1259456
1666790,3081110,1259456
1666791,3081111,1259456
1666792,3081112,1259456
1666793,3081113,1259456
1666794,3081114,1259456
1666795,3081115,1259456
1666796,3081116,1259456
1665853,3081156,1259461
825242,3081151,1259471
1667075,3075465,1259471
1667097,3073922,1259471
1667100,3073930,1259471
1667103,3073927,1259471
1667106,3073936,1259471
1667109,3073934,1259471
1667114,3073937,1259471
1667119,3073938,1259471
1667122,3081129,1259471
1667128,3073939,1259471
1667133,3073940,1259471
1667136,3073941,1259471
1667139,3073942,1259471
1667142,3081130,1259471
1667145,3081131,1259471
1667150,3081132,1259471
1667151,3075462,1259471
1667026,3081212,1259487
1667027,3081213,1259487
1667029,3081214,1259487
1667030,3081215,1259487
1667031,3081216,1259487
1667324,3081288,1259501
1667725,3081288,1259514
1667762,3081308,1259515
1667862,3081338,1259517
1668203,3081338,1259531
1669536,3081359,1259543
1669537,3081361,1259543
1669538,3081363,1259543
1670329,3081322,1259563
1670356,3081408,1259564
1670444,3081416,1259571
1670445,3081417,1259571
1670446,3081418,1259571
1670447,3081420,1259571
1670448,3081422,1259571
1670449,3081424,1259571
1670522,3063918,1259582
826710,3070001,1259601
1670975,3081226,1259601
1670978,3081260,1259601
826982,3081438,1259619
826989,3081439,1259619
827015,3081453,1259619
1671456,3081455,1259619
1671468,3081440,1259619
826981,3081365,1259620
1671454,3081366,1259620
1671455,3081368,1259620
1671647,3047233,1259631
1671734,3081507,1259636
827527,3081479,1259664
827567,3081475,1259664
1672311,3081481,1259664
1672312,3081483,1259664
1672317,3081485,1259664
1672318,3081477,1259664
1672448,3081514,1259675
1672449,3081517,1259675
1672450,3081518,1259675
1672451,3081519,1259675
827824,3045268,1259697
827853,3045266,1259697
827992,3081644,1259733
828000,3045265,1259733
828005,3081687,1259739
1673778,3081689,1259739
828042,3081744,1259762
1674025,3071820,1259762
1674026,3071821,1259762
828128,3081820,1259799
828132,3081822,1259799
1674688,3081828,1259804
828219,3081767,1259811
828221,3081770,1259811
1674829,3081780,1259811
1675271,3062297,1259829
1675418,3081846,1259837
1676066,3081921,1259880
1676069,3081924,1259880
1676399,3082052,1259907
1676426,3081927,1259909
1676428,3081928,1259909
1676431,3081929,1259909
828978,3082058,1259913
828981,3082060,1259913
1677773,3081931,1259920
1677774,3081934,1259920
1677775,3081947,1259920
1677776,3081952,1259920
1677779,3081954,1259920
1678092,3082114,1259932
1678097,3082113,1259933
1678098,3082114,1259933
1678167,3071098,1259935
1678168,3082119,1259935
1678169,3082121,1259935
1678170,3069898,1259935
1678171,3068316,1259935
1678172,3082123,1259935
1678173,3082125,1259935
1678174,3082127,1259935
1678175,3082129,1259935
1678176,3082131,1259935
1678177,3082133,1259935
1678178,3067433,1259935
1678179,3082135,1259935
1678180,3082137,1259935
1678181,3082139,1259935
1678205,3082093,1259936
1679416,3082239,1259955
829982,3082281,1260002
1681066,3082280,1260002
830085,3082316,1260017
830088,3082314,1260017
1681739,3082310,1260017
1681740,3082311,1260017
1681741,3082312,1260017
1681742,3082313,1260017
1682259,3082320,1260022
1682433,3082198,1260035
1682434,3082200,1260035
1682435,3082202,1260035
1682436,3082204,1260035
1682437,3082206,1260035
1682438,3082208,1260035
1682439,3082210,1260035
1682440,3082218,1260035
1682441,3082225,1260035
1682568,3082223,1260035
1682461,3066737,1260037
1682462,3075181,1260037
1682464,3075182,1260037
1682465,3075179,1260037
830238,3082329,1260040
830240,3082330,1260040
1682633,3082332,1260040
1682725,3082328,1260043
830403,3082389,1260054
1683025,3082387,1260054
1683026,3082388,1260054
1683632,3079511,1260077
1683633,3082335,1260077
1683634,3082337,1260077
1683635,3082339,1260077
1683636,3082341,1260077
1684225,3082360,1260102
1684227,3082364,1260102
1684229,3082369,1260102
1684231,3082371,1260102
1684238,3082373,1260102
1684247,3082384,1260102
1684461,3082605,1260115
1684857,3082493,1260148
1685137,3082671,1260173
1685140,3082672,1260173
1686024,3082403,1260191
1686262,3082694,1260194
831757,3082725,1260226
1686766,3082727,1260226
1686951,3082412,1260235
1687439,3082811,1260252
1687440,3082813,1260252
1687441,3082815,1260252
1687442,3082817,1260252
1687443,3082819,1260252
1687444,3082820,1260252
1687445,3082822,1260252
1687446,3082824,1260252
1687447,3082826,1260252
1687448,3082828,1260252
1687449,3082830,1260252
1687450,3082832,1260252
1687451,3082834,1260252
1687452,3082837,1260252
1687454,3082839,1260252
1687455,3082841,1260252
1687457,3082843,1260252
1687458,3082845,1260252
1687460,3082847,1260252
1687461,3082849,1260252
1687463,3082851,1260252
1687464,3082853,1260252
1687465,3082855,1260252
1687467,3082857,1260252
1687468,3082859,1260252
1687470,3082861,1260252
1687472,3082863,1260252
1687473,3082865,1260252
1687475,3082867,1260252
1687476,3082869,1260252
1687477,3082871,1260252
1687478,3082873,1260252
1687479,3082875,1260252
1687480,3082877,1260252
1687481,3082879,1260252
1687483,3082881,1260252
1687484,3082883,1260252
1687485,3082885,1260252
1687486,3082887,1260252
1687487,3082891,1260252
1687488,3051251,1260252
1687490,3051253,1260252
1687491,3082893,1260252
1687493,3082894,1260252
1687494,3082896,1260252
1687495,3082899,1260252
1687497,3082901,1260252
1687498,3082904,1260252
1687499,3082907,1260252
1687500,3082910,1260252
1687501,3062878,1260252
1687502,3062879,1260252
1687503,3062880,1260252
1687504,3062881,1260252
1687506,3062882,1260252
1687507,3082913,1260252
1687508,3082915,1260252
1687509,3082917,1260252
1687510,3082920,1260252
1687512,3051257,1260252
1687513,3051258,1260252
1687514,3051259,1260252
1687516,3051260,1260252
1687517,3051262,1260252
1687520,3051265,1260252
1687521,3051267,1260252
1687523,3051268,1260252
1687524,3051270,1260252
1687526,3051273,1260252
1687534,3051277,1260252
1687535,3051279,1260252
1687536,3051255,1260252
1687538,3051256,1260252
1687539,3082923,1260252
1687541,3082924,1260252
1688056,3082409,1260277
1688058,3082411,1260277
832210,3082953,1260283
832409,3082996,1260303
1688489,3082945,1260303
1688490,3082946,1260303
1688491,3082948,1260303
1688492,3082950,1260303
1688493,3082951,1260303
1688494,3082955,1260303
1688495,3082956,1260303
1688496,3082957,1260303
1688497,3082960,1260303
1688498,3082961,1260303
1688499,3082963,1260303
1688500,3082964,1260303
1688501,3082965,1260303
1688502,3082966,1260303
1688503,3082967,1260303
1688504,3082968,1260303
1688505,3082969,1260303
1688506,3082970,1260303
1688507,3082971,1260303
1688508,3082972,1260303
1688509,3082973,1260303
1688510,3082974,1260303
1688511,3082975,1260303
1688512,3082976,1260303
1688513,3082977,1260303
1688514,3082980,1260303
1688515,3082982,1260303
1688516,3082983,1260303
1688517,3082984,1260303
1688518,3082985,1260303
1688519,3082986,1260303
1688520,3082987,1260303
1688521,3082988,1260303
1688522,3082989,1260303
1688523,3082990,1260303
1688524,3082991,1260303
1688525,3082992,1260303
832499,3082934,1260318
1688791,3082944,1260318
1688807,3083011,1260319
1688843,3083007,1260320
1689040,3083052,1260324
1689047,3083054,1260324
1689051,3083057,1260324
1689052,3083060,1260324
1689053,3083063,1260324
1689057,3083013,1260324
1689059,3083014,1260324
1689060,3083016,1260324
1689061,3083019,1260324
1689062,3083021,1260324
1689063,3083023,1260324
1689064,3043967,1260324
1689065,3043963,1260324
1689066,3043965,1260324
1689067,3083027,1260324
1689068,3083031,1260324
1689069,3083033,1260324
1689070,3083035,1260324
1689071,3043960,1260324
1689072,3083037,1260324
1689073,3051054,1260324
1689074,3083040,1260324
1689075,3083044,1260324
1689076,3063000,1260324
1689077,3083046,1260324
1689078,3083049,1260324
1689160,3083077,1260338
1689161,3083079,1260338
1689162,3083081,1260338
1689163,3083084,1260338
1689164,3083085,1260338
1689165,3083086,1260338
1689166,3083087,1260338
1689167,3083088,1260338
832673,3052808,1260341
1689387,3083090,1260355
833146,3083055,1260392
833151,3083058,1260392
833153,3083061,1260392
833159,3083064,1260392
833177,3082499,1260394
833179,3082500,1260394
833183,3082501,1260394
833188,3082502,1260394
1690286,3082482,1260394
1690287,3082487,1260394
1690289,3082492,1260394
1690294,3082494,1260394
1690896,3083171,1260442
1690899,3083171,1260442
1690901,3083171,1260442
833467,3083176,1260457
1691145,3078199,1260457
1691147,3083171,1260457
833996,3083192,1260500
834004,3083194,1260500
834011,3083196,1260500
834013,3083210,1260500
834018,3083212,1260500
834032,3083214,1260500
834035,3083216,1260500
834036,3063772,1260500
834037,3063774,1260500
834040,3083218,1260500
834042,3083222,1260500
834043,3083224,1260500
834044,3083226,1260500
834045,3083228,1260500
834050,3083231,1260500
834059,3083233,1260500
834060,3083198,1260500
834061,3083200,1260500
834062,3083202,1260500
834063,3083204,1260500
834065,3083206,1260500
834066,3083208,1260500
834070,3083237,1260500
1692241,3083239,1260500
1692246,3083220,1260500
833921,3083164,1260529
833922,3083165,1260529
833923,3083167,1260529
833927,3046071,1260531
833929,3051432,1260531
833931,3046060,1260531
833933,3083319,1260531
833937,3045979,1260531
833943,3083323,1260531
833945,3083327,1260531
833947,3083331,1260531
833949,3076279,1260531
833951,3076281,1260531
833953,3083335,1260531
833955,3083339,1260531
833957,3076283,1260531
833959,3083343,1260531
833961,3083347,1260531
833963,3083351,1260531
833969,3083355,1260531
834216,3083447,1260560
834222,3083449,1260560
834224,3083451,1260560
834239,3083453,1260560
834244,3083455,1260560
834254,3083457,1260560
834256,3083459,1260560
834258,3083461,1260560
834260,3083463,1260560
834262,3083465,1260560
834266,3083467,1260560
834267,3083469,1260560
834269,3083473,1260560
834361,3083477,1260563
834289,3083289,1260564
1692780,3083287,1260564
1692961,3083436,1260576
834394,3083337,1260585
834395,3083341,1260585
834397,3083349,1260585
834401,3083369,1260585
834402,3083373,1260585
834405,3083405,1260585
834410,3083411,1260585
1693036,3083309,1260585
1693038,3083311,1260585
1693039,3075609,1260585
1693041,3075607,1260585
1693042,3075611,1260585
1693043,3083313,1260585
1693044,3083315,1260585
1693045,3083317,1260585
1693046,3083321,1260585
1693047,3083325,1260585
1693048,3083329,1260585
1693049,3083333,1260585
1693050,3083345,1260585
1693051,3083353,1260585
1693052,3083357,1260585
1693053,3083359,1260585
1693054,3083361,1260585
1693055,3083363,1260585
1693056,3083365,1260585
1693057,3083367,1260585
1693058,3083371,1260585
1693059,3083375,1260585
1693060,3083379,1260585
1693061,3083385,1260585
1693062,3083389,1260585
1693063,3083395,1260585
1693064,3083399,1260585
1693065,3083403,1260585
1693066,3083407,1260585
1693067,3075614,1260585
1693068,3083434,1260585
1693069,3075607,1260585
1693338,3083552,1260610
1693649,3083556,1260627
1693650,3083558,1260627
1693783,3083602,1260633
1693784,3083604,1260633
1693785,3083606,1260633
1693786,3083607,1260633
834770,3083613,1260643
1693856,3064053,1260643
834786,3083547,1260645
1693870,3058437,1260645
1693871,3083541,1260645
1693872,3074986,1260645
1693873,3083542,1260645
1693874,3045370,1260645
1693875,3045371,1260645
834993,3083660,1260692
835144,3083675,1260705
1695357,3083674,1260705
1695359,3070946,1260705
1695376,3083652,1260709
835313,3083716,1260753
835314,3083717,1260753
1696116,3083725,1260766
1697204,3083729,1260785
835824,3083663,1260798
835827,3083664,1260798
835834,3083667,1260798
1699937,3083665,1260798
1699939,3083661,1260798
1700274,3083659,1260798
1700279,3083668,1260798
1700706,3083790,1260813
835897,3071061,1260815
835903,3071069,1260815
835908,3071071,1260815
835910,3071073,1260815
835912,3071075,1260815
1701073,3083788,1260850
1701221,3083815,1260861
1701315,3048232,1260876
1701319,3048234,1260876
1701322,3048233,1260876
1701338,3048232,1260880
1701342,3048234,1260880
1701345,3048233,1260880
1701567,3083767,1260897
1701695,3083848,1260913
836705,3044819,1260944
1702192,3083879,1260954
1702193,3045939,1260954
1702194,3083881,1260954
1702195,3083883,1260954
1702196,3083885,1260954
1702200,3083887,1260954
1702205,3083889,1260954
1702207,3045561,1260954
836750,3083872,1260956
1702198,3065448,1260956
1702199,3065449,1260956
1702201,3065452,1260956
1702202,3056020,1260956
1702203,3065455,1260956
1702204,3065458,1260956
1702206,3065453,1260956
836765,3083909,1260968
836770,3083912,1260968
836774,3068508,1260971
836843,3083899,1260991
1702491,3083901,1260991
1702564,3083915,1260998
1702591,3083922,1261001
1703087,3061119,1261022
1703111,3061079,1261022
1703184,3061056,1261022
1703204,3061035,1261022
837235,3049432,1261031
837236,3049430,1261031
1703679,3084097,1261039
1704171,3084057,1261071
837439,3084147,1261073
837482,3084164,1261080
837486,3068220,1261080
837488,3068222,1261080
837490,3084165,1261080
1704456,3084166,1261080
1705005,3084171,1261100
1705445,3058244,1261127
837808,3084205,1261132
837810,3084206,1261132
1705605,3054616,1261135
1705629,3084207,1261139
1705630,3084208,1261139
1705631,3084211,1261139
1705632,3084214,1261139
1705731,3084224,1261145
837903,3084227,1261148
837906,3084229,1261148
837919,3084231,1261148
837925,3084233,1261148
1705899,3084217,1261151
837945,3081597,1261162
837947,3081598,1261162
837950,3084235,1261165
1706521,3084032,1261176
1706523,3084034,1261176
1706528,3084035,1261176
1706535,3084038,1261176
1706539,3084041,1261176
838105,3084331,1261192
1706837,3084330,1261192
838141,3084342,1261201
1707760,3084365,1261253
1709404,3084403,1261346
1709406,3084405,1261346
1709407,3084407,1261346
1709626,3065560,1261347
1709631,3066541,1261347
1709637,3050073,1261347
1709639,3066542,1261347
1709641,3066514,1261347
1709645,3066518,1261347
1709648,3066510,1261347
1709651,3066521,1261347
1709654,3066527,1261347
1709655,3066534,1261347
1709656,3066537,1261347
1709657,3066523,1261347
1709658,3066532,1261347
1709659,3066535,1261347
1709660,3066538,1261347
1709661,3066547,1261347
1709662,3066549,1261347
1709664,3066555,1261347
1709665,3066559,1261347
1709666,3084422,1261347
1709670,3084424,1261347
1709671,3084427,1261347
1709672,3084432,1261347
839581,3084515,1261414
1710465,3084517,1261414
1710882,3045361,1261424
839756,3084553,1261427
1710981,3044572,1261427
1710982,3043716,1261427
1711108,3054646,1261438
1711140,3084489,1261439
1711141,3084489,1261439
840112,3084555,1261476
840121,3084556,1261476
1711750,3066216,1261476
1712306,3084670,1261494
1712539,3048756,1261501
1712540,3048758,1261501
1712543,3084674,1261501
840516,3084684,1261514
1712974,3084680,1261514
1712975,3084681,1261514
1712976,3084682,1261514
1712977,3084683,1261514
1713009,3084659,1261516
1713838,3084739,1261560
1713850,3084741,1261561
841209,3084721,1261570
841214,3084714,1261570
841215,3084717,1261570
1714057,3084719,1261570
1714072,3051033,1261570
1714073,3051021,1261570
1714074,3051022,1261570
1714075,3051023,1261570
1714076,3046762,1261570
1714077,3046766,1261570
1714078,3046768,1261570
1714079,3046769,1261570
1714080,3046755,1261570
1714081,3046770,1261570
1714087,3084722,1261570
841225,3084453,1261588
841226,3084454,1261588
841229,3084485,1261588
841241,3084487,1261588
1714259,3084455,1261588
1714260,3084486,1261588
1714313,3084489,1261588
841253,3084776,1261599
1714338,3079722,1261599
1714339,3079724,1261599
1714370,3084777,1261604
841285,3084758,1261606
1714433,3084783,1261616
1714434,3084784,1261616
1714435,3084785,1261616
1714495,3084790,1261621
1714709,3084797,1261649
1714730,3084801,1261652
1714898,3084836,1261669
841591,3084922,1261681
1715237,3084912,1261681
1715239,3084917,1261681
841693,3084931,1261701
841696,3084932,1261701
1715489,3084934,1261701
841935,3084841,1261713
1715982,3084896,1261713
1716109,3084969,1261722
842045,3084971,1261727
1716146,3063971,1261727
1716148,3063972,1261727
1716150,3063973,1261727
1716152,3063974,1261727
1716205,3084951,1261730
1716329,3065593,1261737
1717556,3085098,1261831
842833,3085097,1261835
1717629,3085104,1261835
1717630,3085106,1261835
1717932,3085127,1261854
842924,3081595,1261858
842926,3081596,1261858
1718395,3085244,1261880
843141,3085060,1261889
1718462,3085067,1261889
843171,3085285,1261898
1718604,3085281,1261898
1718636,3085366,1261900
1718649,3085376,1261900
1718650,3085378,1261900
1718653,3085380,1261900
1718654,3085382,1261900
1718655,3085376,1261900
1718656,3085378,1261900
1718659,3085380,1261900
1718660,3085382,1261900
843180,3085388,1261909
1718696,3078487,1261909
1718697,3078491,1261909
1718698,3078498,1261909
1718699,3085191,1261909
1719491,3085392,1261978
1719492,3085394,1261978
1719826,3085152,1261987
843740,3085241,1262016
843741,3085245,1262016
843742,3085247,1262016
843743,3085249,1262016
843744,3085251,1262016
843745,3085253,1262016
843746,3085255,1262016
843747,3085257,1262016
843748,3085259,1262016
843749,3085261,1262016
843750,3085263,1262016
843751,3085265,1262016
843752,3085267,1262016
843753,3085269,1262016
843754,3085271,1262016
843755,3085273,1262016
1720868,3085175,1262016
1720869,3085173,1262016
1720870,3064240,1262016
1720871,3085173,1262016
1720872,3066182,1262016
1720873,3085173,1262016
1720874,3085177,1262016
1720875,3085173,1262016
1720876,3064250,1262016
1720877,3085173,1262016
1720878,3085179,1262016
1720879,3085173,1262016
1720880,3064246,1262016
1720881,3085173,1262016
1720882,3085181,1262016
1720883,3085173,1262016
1720884,3064255,1262016
1720885,3085173,1262016
1720886,3085183,1262016
1720887,3085173,1262016
1720888,3085185,1262016
1720889,3085173,1262016
1720890,3085187,1262016
1720891,3085173,1262016
1720892,3085189,1262016
1720893,3085173,1262016
1720894,3064555,1262016
1720895,3085173,1262016
1720896,3085192,1262016
1720897,3085173,1262016
1720898,3064552,1262016
1720899,3085173,1262016
1720900,3085194,1262016
1720901,3085173,1262016
1720902,3062316,1262016
1720903,3085173,1262016
1720904,3065367,1262016
1720905,3085173,1262016
1720906,3085196,1262016
1720907,3085173,1262016
1720908,3085198,1262016
1720909,3085173,1262016
1720910,3085200,1262016
1720911,3085173,1262016
1720912,3085202,1262016
1720913,3085173,1262016
1720914,3085204,1262016
1720915,3085173,1262016
1720916,3064549,1262016
1720917,3085173,1262016
1720918,3077861,1262016
1720919,3085173,1262016
1720920,3065365,1262016
1720921,3085173,1262016
1720922,3085206,1262016
1720923,3085173,1262016
1720924,3085208,1262016
1720925,3085173,1262016
1720926,3085210,1262016
1720927,3085173,1262016
1720928,3064258,1262016
1720929,3085173,1262016
1720930,3085212,1262016
1720931,3085173,1262016
1720932,3085214,1262016
1720933,3085173,1262016
1720934,3085216,1262016
1720935,3085173,1262016
1720936,3085218,1262016
1720937,3085173,1262016
1720938,3085220,1262016
1720939,3085173,1262016
1720940,3085222,1262016
1720941,3085173,1262016
1720942,3085224,1262016
1720943,3085173,1262016
1720944,3064594,1262016
1720945,3085173,1262016
1720946,3085227,1262016
1720947,3085173,1262016
1720966,3085309,1262016
1721069,3085356,1262016
1721071,3085370,1262016
1721073,3085235,1262016
1721074,3085275,1262016
1721075,3085277,1262016
1721136,3085173,1262016
843730,3085522,1262046
1720843,3085510,1262046
1720844,3085515,1262046
1720845,3085519,1262046
1721393,3085540,1262064
843989,3085624,1262088
1721646,3085620,1262088
1721647,3085621,1262088
1721648,3085622,1262088
1721649,3085623,1262088
1722523,3085662,1262142
1722524,3085661,1262142
1722525,3085664,1262142
1722927,3085765,1262165
1724098,3046915,1262232
845252,3085809,1262248
1724536,3085835,1262248
1724537,3085838,1262248
845267,3063547,1262252
845338,3085786,1262261
1724689,3085782,1262261
845443,3085933,1262274
1724921,3085933,1262276
1725110,3085947,1262294
1726261,3085953,1262348
1726262,3082107,1262348
1726263,3082110,1262348
1727327,3085985,1262374
845957,3046765,1262378
845968,3086136,1262382
845968,3086137,1262382
1727568,3085868,1262384
1727569,3085869,1262384
1727574,3085870,1262384
1727579,3085871,1262384
1727580,3059868,1262384
1727581,3085872,1262384
1727613,3086113,1262385
846006,3086126,1262388
1727692,3086130,1262388
1727699,3086120,1262388
1727700,3086126,1262388
1727703,3086120,1262388
846005,3086148,1262389
1727693,3059242,1262389
1727694,3059244,1262389
1727695,3059243,1262389
1727728,3086166,1262392
846052,3086187,1262409
846053,3086190,1262409
846137,3086185,1262414
1728670,3086183,1262414
1728793,3086189,1262419
1728794,3086192,1262419
1728795,3086195,1262419
1728796,3086196,1262419
846503,3086201,1262425
846552,3086245,1262433
1729643,3066412,1262433
1729644,3070778,1262433
1730454,3086313,1262477
1730594,3086303,1262487
1730769,3086333,1262497
847304,3086342,1262512
1731183,3086338,1262512
1731184,3086339,1262512
1731185,3086340,1262512
1731186,3086341,1262512
847402,3086147,1262522
1731542,3086146,1262522
1731543,3086156,1262522
1731544,3086157,1262522
1731545,3086158,1262522
1731549,3086151,1262522
1731550,3086152,1262522
1731596,3086149,1262522
1731600,3086165,1262522
1731603,3086154,1262522
1731794,3086332,1262530
847648,3086410,1262577
1732188,3086403,1262577
1732190,3086409,1262577
1732193,3086412,1262577
1732282,3086358,1262586
847744,3086436,1262594
1732520,3086437,1262594
1732528,3086452,1262595
1732650,3086463,1262604
1733026,3086511,1262634
1733027,3086512,1262634
1733031,3086513,1262634
1733171,3086486,1262640
1733173,3086485,1262640
1733176,3086485,1262640
1733179,3086485,1262640
848045,3086519,1262663
848046,3086520,1262663
1733293,3086518,1262663
1733294,3083076,1262663
1733622,3086543,1262690
848274,3086635,1262700
1733782,3086632,1262700
848292,3086638,1262705
848295,3045935,1262705
1733813,3086636,1262705
1733814,3086637,1262705
1733946,3086641,1262710
848393,3057707,1262724
848395,3086553,1262724
848396,3086557,1262724
848397,3057723,1262724
848398,3057713,1262724
848399,3057757,1262724
848400,3057774,1262724
848401,3057776,1262724
1734158,3086552,1262724
1734159,3086559,1262724
1734162,3086629,1262724
848607,3086810,1262740
848609,3086811,1262740
1734719,3086812,1262740
1734890,3086817,1262759
1734894,3086818,1262759
1734895,3086820,1262759
1734897,3086821,1262759
1734898,3086824,1262759
1734900,3086825,1262759
1734902,3086826,1262759
1734905,3086827,1262759
1734906,3086828,1262759
1734908,3086829,1262759
1734910,3086830,1262759
1734911,3086831,1262759
1734912,3086832,1262759
1734913,3086833,1262759
1734914,3086834,1262759
1734915,3086478,1262759
1734916,3086480,1262759
1734917,3086482,1262759
1734919,3086835,1262759
848909,3086865,1262783
1735363,3086857,1262783
1735364,3086860,1262783
1735365,3086863,1262783
1735366,3086864,1262783
1735394,3083844,1262786
848981,3086866,1262803
849083,3086874,1262823
1735656,3048778,1262823
1735657,3048781,1262823
1735658,3048782,1262823
1735659,3048779,1262823
1735705,3086716,1262825
849260,3045550,1262833
849261,3061379,1262833
849263,3061377,1262833
1736012,3086850,1262833
1736014,3086852,1262833
1736128,3086893,1262840
1736133,3086896,1262840
849576,3086921,1262864
1736563,3086938,1262864
1736566,3086956,1262864
849706,3086891,1262878
849796,3086714,1262891
849799,3086725,1262891
1736995,3086712,1262891
1736998,3086728,1262891
849952,3086983,1262915
849954,3086984,1262915
1737684,3076034,1262939
1737932,3086986,1262950
850278,3087042,1262955
1738000,3087042,1262955
1738016,3059502,1262957
1738180,3059505,1262968
850394,3086897,1262973
850400,3086904,1262973
1738193,3086889,1262973
1738195,3086902,1262973
1738197,3086905,1262973
1738199,3086907,1262973
1738201,3086909,1262973
1738204,3086911,1262973
1738206,3050219,1262973
1738218,3086913,1262973
1738219,3086915,1262973
1738220,3086917,1262973
1738222,3086919,1262973
1738228,3086887,1262973
1738234,3086915,1262973
1738235,3086917,1262973
850405,3087049,1262983
1738262,3087048,1262984
1738266,3087047,1262984
850476,3087063,1263001
850477,3087065,1263001
850480,3087067,1263001
850484,3087069,1263001
850519,3087061,1263001
1738384,3087058,1263001
850567,3087060,1263011
1738749,3086963,1263031
1738750,3086964,1263031
1738751,3086965,1263031
1738752,3086966,1263031
1738753,3086967,1263031
1738755,3086968,1263031
1738756,3086969,1263031
1738757,3086970,1263031
1738758,3086971,1263031
1738761,3086972,1263031
1738762,3086973,1263031
1738763,3086974,1263031
1738767,3086975,1263031
1738984,3087097,1263047
1739363,3087272,1263056
1739364,3087276,1263056
1739365,3087282,1263056
1739366,3087288,1263056
1739368,3087293,1263056
1739369,3087298,1263056
1739371,3087304,1263056
1739372,3080269,1263056
1739374,3087308,1263056
1739375,3087309,1263056
1739376,3087312,1263056
1739378,3087315,1263056
1739379,3087318,1263056
1739380,3087319,1263056
1739381,3087320,1263056
1739382,3087321,1263056
1739383,3087322,1263056
1739384,3087323,1263056
1739385,3087324,1263056
1739387,3087325,1263056
1739388,3087326,1263056
1739389,3087327,1263056
1739390,3087328,1263056
1739391,3087329,1263056
1739392,3087330,1263056
1739393,3087331,1263056
1739394,3087332,1263056
1739395,3087333,1263056
1739396,3087334,1263056
1739397,3087335,1263056
1739398,3087336,1263056
1739399,3087337,1263056
1739400,3087338,1263056
1739401,3087339,1263056
1739402,3087340,1263056
1739403,3087341,1263056
1739404,3087342,1263056
1739405,3087343,1263056
1739406,3087344,1263056
1739407,3087345,1263056
1739408,3087346,1263056
1739409,3087347,1263056
1739410,3087348,1263056
1739411,3087349,1263056
1739412,3087351,1263056
1739413,3087353,1263056
1739414,3087355,1263056
1739415,3087357,1263056
1739416,3087358,1263056
1739417,3087359,1263056
1739418,3087360,1263056
1739419,3087361,1263056
1739420,3080262,1263056
1739421,3087362,1263056
1739422,3087363,1263056
1739423,3087364,1263056
1739424,3087365,1263056
1739425,3087366,1263056
1739426,3087367,1263056
1739427,3087368,1263056
1739428,3087369,1263056
1739429,3087370,1263056
1739430,3087371,1263056
1739431,3087372,1263056
1739432,3087373,1263056
1739433,3087374,1263056
1739434,3087375,1263056
1739435,3087376,1263056
1739436,3087377,1263056
1739437,3087378,1263056
1739438,3087379,1263056
1739439,3087380,1263056
1739440,3087381,1263056
1739441,3087383,1263056
1739442,3087384,1263056
1739443,3087385,1263056
1739444,3087386,1263056
1739445,3087388,1263056
1739446,3087390,1263056
1739447,3087392,1263056
1739448,3087394,1263056
1739449,3087395,1263056
1739450,3087397,1263056
1739451,3087399,1263056
1739452,3087401,1263056
1739453,3087403,1263056
1739454,3087405,1263056
1739455,3087407,1263056
1739456,3087409,1263056
1739457,3087410,1263056
1739458,3087411,1263056
1739459,3087413,1263056
1739460,3087415,1263056
1739461,3087417,1263056
1739462,3087418,1263056
1739463,3087420,1263056
1739464,3087422,1263056
1739465,3087424,1263056
1739466,3087426,1263056
1739468,3087428,1263056
1739469,3087430,1263056
1739470,3087432,1263056
1739471,3087434,1263056
1739472,3087435,1263056
1739473,3087437,1263056
1739474,3087438,1263056
1739475,3087440,1263056
1739476,3087441,1263056
1739477,3087443,1263056
1739478,3087445,1263056
1739479,3087447,1263056
1739480,3087449,1263056
1739481,3087451,1263056
1739482,3087453,1263056
1739483,3087455,1263056
1739484,3087457,1263056
1739485,3087459,1263056
1739486,3087461,1263056
1739487,3087463,1263056
1739488,3087465,1263056
1739489,3087467,1263056
1739490,3087469,1263056
1739491,3087471,1263056
1739492,3087474,1263056
1739493,3087476,1263056
1739494,3087477,1263056
1739495,3087480,1263056
1739496,3087482,1263056
1739497,3087485,1263056
1739498,3087487,1263056
1739499,3087489,1263056
1739500,3087491,1263056
1739501,3087493,1263056
1739502,3087495,1263056
1739503,3087497,1263056
1739504,3087499,1263056
1739505,3087501,1263056
1739506,3087503,1263056
1739507,3087505,1263056
1739508,3087507,1263056
1739509,3087509,1263056
1739510,3087511,1263056
1739511,3087513,1263056
1739512,3087515,1263056
1739513,3087517,1263056
1739514,3087519,1263056
1739515,3087520,1263056
1739516,3087522,1263056
1739649,3087307,1263068
1739651,3087525,1263069
1739669,3087524,1263069
850965,3087530,1263072
851050,3087093,1263082
1739985,3087093,1263082
851077,3087264,1263083
851078,3087306,1263083
1740051,3087532,1263089
1740057,3064908,1263090
1740437,3087540,1263113
1740509,3070160,1263117
1740617,3087585,1263142
1740620,3087589,1263143
1741439,3087574,1263165
1741440,3087581,1263165
1741441,3087591,1263165
1741442,3087599,1263165
1741514,3062296,1263176
1741743,3076037,1263189
1741745,3076035,1263189
1741883,3050717,1263204
1742604,3087638,1263222
1742826,3087687,1263247
1742827,3087689,1263247
1742828,3087690,1263247
1742829,3087691,1263247
1743783,3087703,1263281
1743784,3087704,1263281
1744246,3087750,1263323
1744466,3077574,1263348
1744739,3087758,1263356
1744740,3087759,1263356
1744741,3073068,1263356
1744742,3052350,1263356
1744743,3087760,1263356
1744744,3087762,1263356
1744745,3075120,1263356
1744746,3067481,1263356
1744747,3087764,1263356
1744749,3079691,1263356
1744750,3087766,1263356
1744751,3087767,1263356
1744752,3087768,1263356
1744753,3087770,1263356
1744755,3087772,1263356
1744756,3059942,1263356
1744757,3087774,1263356
1744758,3080565,1263356
1744759,3069083,1263356
1744760,3059914,1263356
1744761,3087776,1263356
1744762,3087778,1263356
1744763,3050122,1263356
1744765,3087780,1263356
1744766,3087782,1263356
1744767,3073898,1263356
1744768,3087784,1263356
1744769,3087785,1263356
1744770,3077528,1263356
1744772,3083863,1263356
1744773,3087787,1263356
1744774,3055476,1263356
1744775,3087789,1263356
1744776,3087791,1263356
1744777,3087794,1263356
1744778,3087797,1263356
1744780,3068395,1263356
1744781,3044012,1263356
1744783,3087801,1263356
1744784,3087802,1263356
1744785,3057135,1263356
1744786,3087804,1263356
1744787,3072334,1263356
1744788,3087805,1263356
1744789,3066909,1263356
1744790,3071225,1263356
1744791,3083272,1263356
1744792,3087807,1263356
1744793,3084319,1263356
1744794,3086413,1263356
1744795,3071231,1263356
1744796,3048682,1263356
1744797,3087809,1263356
1744798,3087811,1263356
1744799,3067833,1263356
1744800,3087813,1263356
1744801,3087815,1263356
1744802,3087817,1263356
1744803,3087819,1263356
1744804,3087821,1263356
1744805,3087823,1263356
1744806,3087825,1263356
1744807,3087828,1263356
852188,3060455,1263396
1747844,3060456,1263396
852310,3088007,1263421
852447,3087968,1263426
852449,3087972,1263426
1749023,3087974,1263426
1749024,3087976,1263426
1749025,3087978,1263426
1749026,3087980,1263426
1749027,3087982,1263426
1749028,3087984,1263426
1749029,3087986,1263426
1749030,3087988,1263426
1749031,3087990,1263426
1749032,3087992,1263426
1749033,3087994,1263426
1749036,3087996,1263426
1749983,3088053,1263446
1750320,3088055,1263452
853079,3088069,1263466
1750916,3051412,1263466
1750917,3051411,1263466
1750919,3059867,1263466
1750920,3066923,1263466
1750921,3051347,1263466
1750922,3051444,1263466
1750923,3064315,1263466
1750924,3064478,1263466
1750925,3088067,1263466
1750926,3059889,1263466
1751459,3088088,1263505
853625,3088014,1263522
853627,3044951,1263522
853628,3046596,1263522
853629,3088016,1263522
853632,3046606,1263522
853633,3046618,1263522
853634,3046612,1263522
853635,3068519,1263522
853639,3088018,1263522
853640,3088020,1263522
853641,3088022,1263522
853642,3088024,1263522
853643,3088026,1263522
853645,3088028,1263522
853647,3088030,1263522
853648,3088032,1263522
853649,3088034,1263522
853654,3088036,1263522
1752255,3088010,1263522
1752275,3088038,1263522
853691,3087892,1263528
853714,3063698,1263528
853725,3087917,1263528
853726,3087919,1263528
853728,3087921,1263528
853733,3087923,1263528
853742,3087924,1263528
853745,3087926,1263528
1752519,3087893,1263528
1752548,3087927,1263528
853763,3060450,1263537
1753079,3048009,1263537
853782,3088106,1263543
1753128,3088098,1263543
1753129,3088100,1263543
1753130,3088104,1263543
1753549,3085463,1263550
1754798,3088139,1263560
1755049,3088144,1263575
1755052,3088151,1263575
1755189,3049199,1263588
1755190,3049204,1263588
1755191,3049207,1263588
854406,3088190,1263592
854409,3088191,1263592
1756155,3088242,1263607
855481,3088310,1263639
1756875,3076472,1263639
1756876,3076474,1263639
1756877,3067241,1263639
1756878,3076473,1263639
1756887,3088311,1263641
1756971,3088302,1263645
1756972,3088300,1263645
1757181,3088268,1263660
1757182,3088270,1263660
1757183,3088272,1263660
1757184,3088279,1263660
855887,3052818,1263662
1757420,3088621,1263664
855981,3088663,1263702
1757719,3088330,1263704
1757721,3088621,1263704
1757723,3088330,1263706
1758089,3088740,1263740
856456,3088743,1263753
1758655,3064687,1263767
1758814,3088747,1263785
1759175,3088705,1263798
1759176,3088707,1263798
1759354,3064747,1263817
856868,3088040,1263826
856870,3088041,1263826
1759787,3088876,1263861
1759893,3088872,1263867
1760092,3088870,1263876
1760127,3088877,1263881
1760128,3088878,1263881
1760129,3088879,1263881
1760130,3088880,1263881
1760132,3088882,1263881
1760133,3088884,1263881
1760134,3088886,1263881
1760135,3088889,1263881
1760136,3088892,1263881
1760137,3088893,1263881
1760138,3088894,1263881
1760139,3088896,1263881
1760178,3088912,1263888
1760179,3088913,1263888
857076,3088916,1263903
1761148,3088919,1263928
1761281,3088940,1263939
857396,3089059,1263948
857418,3088943,1263949
857423,3088945,1263949
1761371,3088942,1263949
1761604,3088954,1263966
857539,3088954,1263967
857615,3088956,1263973
857617,3088958,1263973
857622,3070125,1263973
857623,3088960,1263973
857624,3088963,1263973
857625,3088966,1263973
857626,3088968,1263973
857627,3088971,1263973
857628,3088974,1263973
857629,3088977,1263973
857630,3088979,1263973
857631,3088983,1263973
857633,3088987,1263973
857634,3088990,1263973
857635,3083614,1263973
857639,3058127,1263973
857643,3058129,1263973
857646,3088995,1263973
857647,3088998,1263973
857649,3089002,1263973
857652,3089005,1263973
857655,3089008,1263973
857656,3089011,1263973
857660,3089013,1263973
857661,3089016,1263973
857662,3089018,1263973
857666,3089020,1263973
857667,3089023,1263973
857668,3089026,1263973
857669,3089028,1263973
857670,3089031,1263973
1762097,3089263,1263982
1762241,3089337,1263993
857891,3089303,1264008
1762419,3089305,1264008
1763020,3089355,1264031
858473,3089336,1264033
858475,3089333,1264033
1763198,3088962,1264033
1763199,3088965,1264033
1763200,3088970,1264033
1763201,3088973,1264033
1763202,3088976,1264033
1763203,3088981,1264033
1763204,3088982,1264033
1763205,3088985,1264033
1763206,3088986,1264033
1763207,3088989,1264033
1763208,3088992,1264033
1763209,3088993,1264033
1763210,3088994,1264033
1763211,3088997,1264033
1763212,3089000,1264033
1763213,3089001,1264033
1763214,3072326,1264033
1763215,3051287,1264033
1763216,3045961,1264033
1763217,3079233,1264033
1763218,3089004,1264033
1763219,3073688,1264033
1763220,3089007,1264033
1763221,3089010,1264033
1763222,3089015,1264033
1763223,3089022,1264033
1763224,3089025,1264033
1763225,3089030,1264033
1763226,3051289,1264033
1763227,3089033,1264033
1763228,3051293,1264033
1763229,3089034,1264033
1763230,3089035,1264033
1763231,3089036,1264033
1763232,3089037,1264033
1763233,3051294,1264033
1763234,3045955,1264033
1763235,3089038,1264033
1763236,3089039,1264033
1763237,3089040,1264033
1763238,3057521,1264033
1763239,3045951,1264033
1763240,3045952,1264033
1763241,3045953,1264033
1763242,3089041,1264033
1763243,3089042,1264033
1763244,3089043,1264033
1763245,3089044,1264033
1763246,3045954,1264033
1763247,3089045,1264033
1763248,3089046,1264033
1763249,3089047,1264033
1763250,3089048,1264033
1763251,3089049,1264033
1763252,3089050,1264033
1763253,3057524,1264033
1763254,3089051,1264033
1763255,3089052,1264033
1763256,3089053,1264033
1763257,3089054,1264033
1763258,3089055,1264033
1763259,3089056,1264033
1763260,3089061,1264033
1763261,3089064,1264033
1763262,3089065,1264033
1763263,3089066,1264033
1763264,3089067,1264033
1763265,3089068,1264033
1763266,3089069,1264033
1763267,3089070,1264033
1763268,3089071,1264033
1763269,3089072,1264033
1763270,3089073,1264033
1763271,3089074,1264033
1763273,3089075,1264033
1763274,3089076,1264033
1763275,3089077,1264033
1763276,3089078,1264033
1763277,3089079,1264033
1763278,3089080,1264033
1763280,3089082,1264033
1763281,3089083,1264033
1763282,3089085,1264033
1763283,3089086,1264033
1763284,3089087,1264033
1763285,3089088,1264033
1763286,3089089,1264033
1763287,3089090,1264033
1763288,3089091,1264033
1763289,3089092,1264033
1763290,3089093,1264033
1763291,3089094,1264033
1763292,3089095,1264033
1763293,3089096,1264033
1763294,3089098,1264033
1763295,3089099,1264033
1763296,3089100,1264033
1763297,3089101,1264033
1763298,3089102,1264033
1763299,3089103,1264033
1763300,3089104,1264033
1763301,3089105,1264033
1763302,3089106,1264033
1763303,3089107,1264033
1763304,3089108,1264033
1763305,3089111,1264033
1763306,3089117,1264033
1763307,3089121,1264033
1763308,3089124,1264033
1763309,3089127,1264033
1763310,3089130,1264033
1763311,3089132,1264033
1763312,3089135,1264033
1763313,3089138,1264033
1763314,3089141,1264033
1763315,3089146,1264033
1763316,3089149,1264033
1763317,3089151,1264033
1763318,3089154,1264033
1763319,3089155,1264033
1763320,3089156,1264033
1763321,3089157,1264033
1763322,3089158,1264033
1763323,3089159,1264033
1763324,3089160,1264033
1763325,3089161,1264033
1763326,3089162,1264033
1763327,3089163,1264033
1763328,3089164,1264033
1763329,3089165,1264033
1763330,3089166,1264033
1763331,3089167,1264033
1763332,3089168,1264033
1763333,3089169,1264033
1763334,3089084,1264033
1763335,3089170,1264033
1763336,3089171,1264033
1763337,3089172,1264033
1763338,3089173,1264033
1763339,3089174,1264033
1763340,3089175,1264033
1763341,3089176,1264033
1763342,3089184,1264033
1763343,3089185,1264033
1763344,3071711,1264033
1763345,3071712,1264033
1763346,3071713,1264033
1763347,3071714,1264033
1763348,3071715,1264033
1763349,3071716,1264033
1763350,3071717,1264033
1763351,3071718,1264033
1763352,3071719,1264033
1763353,3071720,1264033
1763354,3071721,1264033
1763355,3089186,1264033
1763356,3089187,1264033
1763357,3071722,1264033
1763358,3071723,1264033
1763359,3089188,1264033
1763360,3089189,1264033
1763361,3089190,1264033
1763362,3089191,1264033
1763363,3089194,1264033
1763365,3071724,1264033
1763366,3089195,1264033
1763367,3089196,1264033
1763368,3089199,1264033
1763369,3089202,1264033
1763370,3089203,1264033
1763371,3089205,1264033
1763372,3089206,1264033
1763373,3089207,1264033
1763374,3089208,1264033
1763375,3089209,1264033
1763377,3089210,1264033
1763378,3089211,1264033
1763379,3089212,1264033
1763380,3089213,1264033
1763381,3089214,1264033
1763382,3089215,1264033
1763383,3089217,1264033
1763384,3089218,1264033
1763386,3089219,1264033
1763387,3089220,1264033
1763388,3089221,1264033
1763389,3089222,1264033
1763390,3089223,1264033
1763391,3089224,1264033
1763392,3089225,1264033
1763393,3089226,1264033
1763394,3089227,1264033
1763395,3089228,1264033
1763396,3089229,1264033
1763397,3089231,1264033
1763398,3089232,1264033
1763399,3089233,1264033
1763400,3089234,1264033
1763401,3089235,1264033
1763402,3089237,1264033
1763403,3089238,1264033
1763404,3089239,1264033
1763405,3089240,1264033
1763406,3089241,1264033
1763407,3089242,1264033
1763408,3089244,1264033
1763409,3089245,1264033
1763410,3089246,1264033
1763411,3089247,1264033
1763412,3089081,1264033
1763413,3089248,1264033
1763414,3089249,1264033
1763415,3089250,1264033
1763416,3089252,1264033
1763417,3089253,1264033
1763418,3089254,1264033
1763419,3089255,1264033
1763420,3089256,1264033
1763421,3089257,1264033
1763422,3089258,1264033
1763423,3089259,1264033
1763424,3089260,1264033
1763425,3089261,1264033
1763426,3089262,1264033
1763427,3089265,1264033
1763428,3089267,1264033
1763429,3089269,1264033
1763430,3089271,1264033
1763431,3089272,1264033
1763432,3089273,1264033
1763433,3089274,1264033
1763434,3089275,1264033
1763435,3089276,1264033
1763436,3089277,1264033
1763438,3089278,1264033
1763439,3089279,1264033
1763441,3089280,1264033
1763442,3089281,1264033
1763443,3089282,1264033
1763444,3089283,1264033
1763445,3089284,1264033
1763446,3089285,1264033
1763447,3089286,1264033
1763448,3089287,1264033
1763449,3089288,1264033
1763450,3089290,1264033
1763451,3089291,1264033
1763452,3089292,1264033
1763453,3089293,1264033
1763455,3089294,1264033
1763457,3089295,1264033
1763458,3089296,1264033
1763459,3089299,1264033
1763460,3089302,1264033
1763461,3089304,1264033
1763462,3089236,1264033
1763463,3089308,1264033
1763464,3089311,1264033
1763465,3089312,1264033
1763466,3089313,1264033
1763467,3089314,1264033
1763468,3089315,1264033
1763469,3089316,1264033
1763470,3089317,1264033
1763471,3089318,1264033
1763472,3089319,1264033
1763474,3045956,1264033
1763475,3089320,1264033
1763476,3089321,1264033
1763478,3089322,1264033
1763480,3089323,1264033
1763481,3089324,1264033
1763483,3045959,1264033
1763485,3089325,1264033
1763489,3089334,1264033
1763066,3089152,1264041
1763090,3089358,1264044
858029,3089364,1264059
858089,3089389,1264074
1763949,3089394,1264079
1764262,3089404,1264088
1764602,3089409,1264105
1764604,3089407,1264106
858301,3066086,1264124
858308,3089446,1264129
1764874,3089447,1264129
1764978,3054623,1264141
858528,3066629,1264169
858532,3068904,1264169
858536,3068765,1264169
858537,3062116,1264169
858539,3079203,1264169
858542,3079211,1264169
858545,3079213,1264169
858549,3066656,1264169
858550,3089520,1264169
858551,3079199,1264169
858552,3079207,1264169
858556,3079209,1264169
858563,3079215,1264169
858564,3066640,1264169
858566,3066658,1264169
858567,3055097,1264169
858569,3058877,1264169
858571,3089522,1264169
858572,3089524,1264169
858573,3079205,1264169
858574,3089526,1264169
858577,3079581,1264169
858579,3075334,1264169
858582,3089528,1264169
858584,3089530,1264169
858585,3086515,1264169
858586,3055531,1264169
858626,3089535,1264176
1765690,3043735,1264176
1765691,3089533,1264176
1765692,3089534,1264176
858682,3089536,1264183
858684,3089537,1264183
1765768,3081265,1264185
858887,3089444,1264199
1766672,3089446,1264199
1766673,3089447,1264199
859007,3089602,1264218
1766864,3080029,1264218
1766865,3080030,1264218
1766866,3080028,1264218
1766956,3062573,1264223
859129,3089623,1264232
859131,3089624,1264232
859138,3089625,1264232
859139,3089626,1264232
859140,3089627,1264232
859141,3056066,1264232
859142,3056068,1264232
859143,3056070,1264232
859145,3089629,1264232
859149,3089631,1264232
859151,3056023,1264232
859155,3056025,1264232
859157,3056028,1264232
859160,3056032,1264232
859162,3056036,1264232
859166,3056038,1264232
859167,3056041,1264232
859171,3056046,1264232
859174,3089633,1264232
859176,3089635,1264232
859177,3089637,1264232
859178,3089639,1264232
859179,3089641,1264232
859180,3089643,1264232
859181,3089646,1264232
859183,3089648,1264232
859185,3089650,1264232
859186,3089652,1264232
859187,3056072,1264232
859188,3056074,1264232
859189,3056076,1264232
859190,3056078,1264232
859191,3056080,1264232
859192,3056082,1264232
859193,3056084,1264232
859196,3056086,1264232
859197,3056088,1264232
859199,3056090,1264232
859201,3056092,1264232
859202,3056094,1264232
859203,3089654,1264232
859204,3089655,1264232
859205,3056049,1264232
859206,3056051,1264232
859211,3056054,1264232
859213,3056056,1264232
859214,3056058,1264232
859217,3056060,1264232
859219,3056062,1264232
859222,3056064,1264232
859224,3089656,1264232
859225,3089661,1264232
859226,3089662,1264232
859227,3089665,1264232
859231,3089666,1264232
859232,3089667,1264232
859238,3089670,1264232
859243,3089671,1264232
859244,3089672,1264232
859245,3089673,1264232
859248,3056096,1264232
859250,3056098,1264232
859254,3056100,1264232
859256,3056102,1264232
859165,3089674,1264237
1767373,3085465,1264244
1767932,3089690,1264256
1768041,3089693,1264258
1768042,3080898,1264258
1768043,3053776,1264258
1768044,3087733,1264258
1768045,3089694,1264258
859318,3089571,1264264
859319,3089572,1264264
859320,3089573,1264264
1768165,3082669,1264270
859330,3089695,1264275
859332,3089696,1264275
859333,3089698,1264275
859339,3089702,1264275
1768205,3089705,1264275
1768259,3089695,1264275
1768261,3089696,1264275
1768262,3089698,1264275
1768263,3089702,1264275
1768382,3078432,1264285
1768431,3078232,1264285
859551,3089740,1264311
1768822,3063983,1264311
1768824,3063984,1264311
859558,3089743,1264313
1768840,3043736,1264313
1768841,3043846,1264313
1768842,3043847,1264313
1769105,3089763,1264341
1769126,3089750,1264343
1769127,3089763,1264343
1769128,3089750,1264344
859657,3049910,1264345
859660,3089718,1264345
859661,3089721,1264345
859662,3089723,1264345
859663,3089725,1264345
1769141,3089727,1264345
1769170,3089790,1264347
1769171,3089791,1264347
1769172,3089792,1264347
1769174,3075098,1264347
1769175,3075095,1264347
1769176,3075093,1264347
1769177,3075091,1264347
1769496,3089765,1264371
1769497,3089785,1264371
1769784,3061370,1264387
860087,3089811,1264390
1769880,3089812,1264390
1769913,3089708,1264398
1769964,3089827,1264407
1769965,3089828,1264407
1769966,3089829,1264407
1769967,3089830,1264407
1769968,3089833,1264407
1770118,3089856,1264431
1770248,3089866,1264444
860257,3089809,1264455
1770413,3089857,1264457
1770495,3085753,1264460
1770755,3046224,1264468
1771068,3068093,1264493
1771374,3054624,1264500
860719,3054802,1264525
1771919,3089968,1264525
1772033,3089991,1264530
861152,3090065,1264592
1773023,3060873,1264592
1773024,3060878,1264592
1773025,3060881,1264592
1773296,3090069,1264621
1773298,3090071,1264621
1773300,3090073,1264621
1773302,3044700,1264621
1773304,3090078,1264621
1773306,3084195,1264621
1773308,3090081,1264621
1773809,3090068,1264637
1773812,3090085,1264637
861324,3090099,1264643
1773835,3055913,1264643
1773836,3055928,1264643
1773837,3055912,1264643
1773838,3055905,1264643
1773951,3090106,1264659
1774065,3090111,1264679
1774066,3090112,1264679
1774067,3090113,1264679
1774068,3090114,1264679
1774069,3090115,1264679
861433,3090116,1264688
1774408,3090128,1264714
1774409,3090129,1264714
1774410,3090130,1264714
1774411,3090131,1264714
1774412,3090133,1264714
1774413,3090134,1264714
1774414,3090135,1264714
1774415,3090136,1264714
1774416,3090137,1264714
1774417,3090138,1264714
1774418,3090139,1264714
1774419,3090140,1264714
1774420,3090141,1264714
1774421,3090142,1264714
1774422,3090143,1264714
1774423,3086477,1264714
1774424,3086479,1264714
1774425,3086481,1264714
1774426,3090144,1264714
1774464,3090106,1264719
861559,3090162,1264727
861563,3090164,1264727
861608,3050777,1264729
1774689,3072248,1264735
1774761,3090161,1264743
861684,3090235,1264760
1774864,3090230,1264760
1774865,3059518,1264760
861907,3050777,1264815
1775357,3070775,1264819
1775359,3090292,1264819
1775361,3049409,1264819
1775363,3049645,1264819
1775365,3049635,1264819
1775368,3049637,1264819
1775371,3049639,1264819
1775373,3049631,1264819
1775375,3049633,1264819
1775377,3049641,1264819
1775378,3049418,1264819
1775380,3068645,1264819
1775382,3090300,1264819
1775680,3090305,1264841
861989,3049408,1264865
861992,3062592,1264865
1775799,3090277,1264865
1775805,3090279,1264865
1775806,3090283,1264865
1776763,3090324,1264943
1776766,3090325,1264943
1776866,3072715,1264951
1776867,3090334,1264951
1776868,3090333,1264951
1776873,3072715,1264951
1776874,3072715,1264951
1776863,3090342,1264952
1776930,3090378,1264959
1776940,3090382,1264959
862330,3061358,1264963
862333,3090366,1264963
862372,3090440,1264971
862378,3090442,1264971
862383,3090444,1264971
862512,3090446,1264971
862515,3070194,1264971
1777102,3090431,1264971
1777125,3090434,1264971
1777147,3090405,1264971
1777148,3090409,1264971
1777149,3090413,1264971
1777150,3090417,1264971
1777151,3090421,1264971
1777152,3090423,1264971
1777153,3090425,1264971
1777154,3090427,1264971
1777156,3090429,1264971
862539,3090448,1264989
1777305,3090450,1264989
862587,3090346,1264998
862594,3090348,1264998
862597,3090351,1264998
862608,3090353,1264998
862619,3090354,1264998
862628,3090355,1264998
862633,3090357,1264998
862640,3090359,1264998
862641,3090362,1264998
862642,3090365,1264998
862643,3090367,1264998
862644,3090368,1264998
862645,3090370,1264998
862646,3090372,1264998
862647,3090376,1264998
862655,3090380,1264998
862660,3090388,1264998
862667,3090390,1264998
862675,3090392,1264998
862680,3090394,1264998
862684,3090396,1264998
862691,3090398,1264998
862693,3090400,1264998
862697,3090402,1264998
862698,3090403,1264998
862699,3090407,1264998
862703,3090411,1264998
862704,3090415,1264998
862705,3090419,1264998
1777498,3090469,1265005
1777499,3090451,1265005
1777579,3090492,1265015
1777580,3090490,1265015
1777581,3073092,1265015
1777582,3073093,1265015
1777583,3073094,1265015
1777584,3073095,1265015
1777585,3073096,1265015
1777586,3073098,1265015
1777587,3073100,1265015
1777588,3073101,1265015
1777589,3073102,1265015
1777590,3073103,1265015
1777591,3073104,1265015
1777592,3073105,1265015
1777593,3073106,1265015
1777594,3073107,1265015
1777595,3073108,1265015
1777596,3073109,1265015
1777597,3073111,1265015
1777598,3073118,1265015
862795,3090474,1265018
862809,3090476,1265019
1777734,3090517,1265022
1777735,3090519,1265022
862840,3090374,1265025
1777770,3090386,1265025
862843,3090478,1265026
1777855,3090482,1265028
1778577,3090589,1265050
1778932,3044964,1265093
1778933,3089992,1265093
1778934,3057102,1265093
863415,3090635,1265102
1779081,3090632,1265102
1779082,3090633,1265102
1779083,3090634,1265102
863636,3090608,1265125
863638,3090609,1265125
863639,3090610,1265125
1779823,3090683,1265137
863775,3048035,1265146
1780680,3048036,1265146
863807,3090706,1265152
1781029,3090695,1265152
1781033,3090708,1265152
1781034,3090697,1265152
1781206,3058552,1265153
1781210,3090710,1265153
1782437,3090687,1265163
864055,3090804,1265166
1782829,3090746,1265182
1782830,3090748,1265182
1782831,3090750,1265182
1782832,3090752,1265182
1782833,3090753,1265182
1782834,3090754,1265182
1782835,3090756,1265182
1782836,3090757,1265182
1782837,3090758,1265182
1782838,3090759,1265182
1782839,3090760,1265182
1782840,3090762,1265182
1782841,3090763,1265182
1782842,3090765,1265182
1782843,3090766,1265182
1782844,3090768,1265182
1782845,3090769,1265182
1782846,3090770,1265182
1782847,3090771,1265182
1782848,3090772,1265182
1782849,3090594,1265182
1782850,3090773,1265182
1782851,3090774,1265182
1782852,3090775,1265182
1782853,3090777,1265182
1782854,3090778,1265182
1782855,3090780,1265182
1782856,3090781,1265182
1782857,3090782,1265182
1782858,3090784,1265182
1782859,3090785,1265182
1782860,3090786,1265182
1782861,3090788,1265182
1782862,3090790,1265182
1782863,3090791,1265182
1782864,3090792,1265182
1782865,3090793,1265182
1782866,3090795,1265182
1782867,3090797,1265182
1782868,3090799,1265182
1782869,3090800,1265182
1782870,3090802,1265182
1782871,3068626,1265182
1782872,3068628,1265182
1782873,3068631,1265182
1782874,3090805,1265182
1782875,3090806,1265182
1782876,3090808,1265182
1782877,3090810,1265182
1782878,3090813,1265182
1782879,3090816,1265182
1782880,3090819,1265182
1782881,3090820,1265182
1782882,3090822,1265182
1782883,3090824,1265182
1782884,3090825,1265182
1782885,3090827,1265182
1782886,3057880,1265182
1782887,3090828,1265182
1782968,3090845,1265186
1783040,3090582,1265191
1783533,3090920,1265208
864413,3090935,1265210
864414,3090936,1265210
864415,3090938,1265210
864416,3090940,1265210
864417,3090942,1265210
864420,3090944,1265210
1783651,3090957,1265213
1783803,3090962,1265218
1783916,3090957,1265225
1784057,3090976,1265231
1784209,3090857,1265233
864593,3090974,1265237
1784384,3058440,1265237
1784387,3062258,1265237
1784388,3087612,1265237
1784389,3081871,1265237
1784390,3058990,1265237
1784391,3045372,1265237
1784420,3070972,1265239
1784668,3049184,1265254
1784669,3049304,1265254
1784672,3091015,1265254
1785223,3062292,1265285
864882,3091111,1265296
1785398,3091105,1265296
1785399,3091108,1265296
1785419,3063029,1265298
1785679,3054673,1265311
1785680,3054671,1265311
865259,3047633,1265338
865261,3047637,1265338
865267,3047642,1265338
865273,3047644,1265338
865279,3047646,1265338
865289,3047648,1265338
865295,3047650,1265338
865301,3047652,1265338
865303,3047654,1265338
865305,3047656,1265338
865307,3047664,1265338
865309,3047665,1265338
865313,3047666,1265338
865317,3047667,1265338
865319,3047669,1265338
865323,3047672,1265338
865325,3047662,1265338
865327,3047674,1265338
865329,3047676,1265338
1786493,3078190,1265346
1786494,3091060,1265346
1786557,3091098,1265347
1786560,3091100,1265347
1786693,3054760,1265357
865643,3091245,1265375
866366,3091380,1265432
1788131,3091401,1265432
1788133,3091381,1265432
866386,3091406,1265441
1788177,3091408,1265441
1789563,3091422,1265466
1790118,3081802,1265485
1790119,3081803,1265485
1790546,3090994,1265505
1790548,3091004,1265505
1790549,3077709,1265505
867312,3088873,1265531
867314,3088874,1265531
1791709,3091427,1265547
1791710,3091429,1265547
1791775,3091515,1265552
1791776,3091517,1265552
1791914,3091410,1265557
1791915,3091402,1265557
1791916,3091404,1265557
1791943,3091532,1265560
1791944,3091536,1265560
1791945,3091538,1265560
1791946,3091540,1265560
1792004,3091523,1265568
1792005,3091526,1265568
1792006,3091531,1265568
1792007,3091533,1265568
1792008,3091535,1265568
1792009,3091537,1265568
1792010,3091539,1265568
1792011,3091541,1265568
1792012,3091543,1265568
1792013,3091545,1265568
1792014,3091549,1265568
1792015,3091551,1265568
1792016,3091552,1265568
1792188,3091557,1265589
1792180,3091559,1265592
1792181,3091560,1265592
1792182,3091561,1265592
1792183,3091562,1265592
867876,3091605,1265634
1792478,3091603,1265634
1792479,3091607,1265634
1792482,3091609,1265634
1792827,3057652,1265655
1792830,3091625,1265655
868136,3091661,1265663
1792901,3071954,1265663
1792902,3091651,1265663
1792903,3091652,1265663
1792904,3091653,1265663
1792905,3091654,1265663
1792906,3091655,1265663
1792907,3091656,1265663
1792908,3091657,1265663
1792909,3091658,1265663
1792910,3091659,1265663
1792911,3091660,1265663
868239,3091686,1265676
868241,3091688,1265676
1793749,3091694,1265690
1793757,3091696,1265690
869019,3091854,1265738
1795188,3091854,1265738
869048,3091702,1265742
869049,3087931,1265742
869052,3091706,1265742
869056,3091721,1265742
869059,3087929,1265742
1795299,3091704,1265742
1795529,3075719,1265760
869164,3091878,1265772
869165,3091879,1265772
869167,3091880,1265772
869168,3091881,1265772
1795675,3091882,1265772
1795713,3091878,1265772
1795715,3091879,1265772
1795717,3091880,1265772
1795718,3091881,1265772
869207,3091902,1265785
1796052,3091903,1265785
1796053,3091903,1265785
1796142,3091894,1265795
1796154,3091900,1265797
1796177,3091902,1265797
1796178,3091903,1265797
1797857,3091957,1265914
1797858,3091958,1265914
1797859,3092098,1265914
1797860,3092100,1265914
1798005,3092117,1265919
1798133,3091816,1265922
1798209,3091940,1265927
1798281,3092152,1265934
1798282,3059205,1265934
1798283,3092154,1265934
1798284,3092156,1265934
1798285,3092158,1265934
1798286,3092160,1265934
1798287,3092162,1265934
1798288,3049723,1265934
1798289,3092164,1265934
1798290,3071380,1265934
1798919,3092151,1265972
870618,3092197,1265999
870719,3072140,1266006
870795,3092217,1266024
1799870,3064434,1266024
1799871,3064436,1266024
870874,3092208,1266036
1800043,3092212,1266036
1800046,3092214,1266036
1800521,3092365,1266066
1800522,3092366,1266066
1800523,3092367,1266066
1801135,3092207,1266081
871542,3092388,1266112
871544,3092389,1266112
871545,3092391,1266112
1801809,3092406,1266116
871659,3092424,1266126
1801997,3070629,1266126
1801998,3092418,1266126
1801999,3074061,1266126
1802000,3092419,1266126
1802001,3092420,1266126
1802002,3092421,1266126
1802003,3092422,1266126
1802004,3092423,1266126
871669,3092425,1266134
1802061,3045216,1266134
1802063,3045166,1266134
1802065,3075053,1266134
1802067,3074197,1266134
1802070,3076761,1266134
1802399,3074359,1266154
1802400,3092462,1266154
1802401,3092467,1266154
1802402,3092470,1266154
1802403,3092474,1266154
1802404,3092478,1266154
1802405,3092483,1266154
1802406,3092486,1266154
1802407,3092490,1266154
1802408,3092493,1266154
1802409,3092494,1266154
871880,3078067,1266180
1802871,3092506,1266180
1802872,3092507,1266180
1802873,3092508,1266180
1802874,3092509,1266180
1802875,3092510,1266180
1802876,3092511,1266180
1802877,3092512,1266180
1802878,3092513,1266180
1802879,3092514,1266180
1802880,3092516,1266180
1802881,3092276,1266182
1802882,3092277,1266182
1802886,3092278,1266182
1802888,3092279,1266182
872509,3092561,1266252
872512,3061376,1266254
872525,3061378,1266254
1805023,3054653,1266257
872593,3092576,1266259
872595,3092578,1266259
872598,3092580,1266259
872602,3092582,1266259
1805145,3092589,1266266
872746,3092565,1266270
872846,3092491,1266295
1805480,3092465,1266295
1805483,3092492,1266295
1805632,3092634,1266317
1806551,3092787,1266355
1806634,3092705,1266357
1806689,3077991,1266361
1806878,3092804,1266371
873333,3092805,1266379
873335,3092806,1266379
1807065,3092807,1266379
1808136,3092829,1266409
1808137,3092830,1266409
1808138,3092832,1266409
1808182,3092837,1266413
1808274,3091027,1266419
1808275,3091018,1266419
1808276,3071847,1266419
1808277,3091030,1266419
1808278,3092826,1266420
873815,3062470,1266456
1809269,3092859,1266456
1809451,3092866,1266472
873945,3092871,1266484
1809682,3092874,1266484
873957,3092882,1266488
1809742,3044140,1266488
1809743,3044147,1266488
1809744,3044148,1266488
874175,3092902,1266511
1810586,3092904,1266511
1810919,3068095,1266520
1811164,3081792,1266534
1811166,3081795,1266534
1811998,3092913,1266548
1812000,3092914,1266548
1812001,3092915,1266548
1812003,3092916,1266548
1812004,3074335,1266548
1812006,3092917,1266548
1812008,3092918,1266548
1812009,3092919,1266548
1812010,3092920,1266548
1812011,3092921,1266548
1812012,3092922,1266548
1812014,3092923,1266548
1812015,3092924,1266548
1812017,3092925,1266548
1812019,3092926,1266548
1812020,3092927,1266548
1812022,3092928,1266548
1812023,3092929,1266548
1812024,3092931,1266548
1812026,3092932,1266548
1812027,3092934,1266548
1812028,3092936,1266548
1812029,3092938,1266548
1812030,3092939,1266548
1812032,3092940,1266548
1812033,3092941,1266548
1812035,3092942,1266548
1812269,3068364,1266569
1812305,3092957,1266573
1812307,3086475,1266573
1812310,3086470,1266573
1812333,3054543,1266575
1812334,3092935,1266575
1813049,3092982,1266602
874809,3061469,1266623
874867,3093048,1266632
1813389,3093047,1266632
1813390,3065986,1266632
1813391,3065988,1266632
874908,3093049,1266637
1813441,3055683,1266637
1813442,3055684,1266637
1813443,3073382,1266637
1813444,3068179,1266637
874934,3093018,1266639
874935,3093022,1266639
1813528,3093117,1266645
1813529,3093125,1266645
1813530,3046838,1266645
1813531,3093132,1266645
1813787,3093147,1266667
875346,3093276,1266686
875350,3093278,1266686
1814432,3093282,1266686
1814434,3093284,1266686
1814437,3093286,1266686
1814439,3093280,1266686
1814441,3072245,1266686
1814444,3072246,1266686
875422,3093050,1266696
875426,3093051,1266696
875431,3093052,1266696
1815250,3093226,1266741
1815251,3093271,1266741
1815254,3093273,1266741
875726,3048613,1266760
875728,3045067,1266760
1816175,3093369,1266794
876120,3093372,1266801
876256,3081557,1266811
876258,3081558,1266811
1816700,3047078,1266848
1816701,3093454,1266848
1816702,3063434,1266848
1816703,3047080,1266848
1816704,3093456,1266848
1816705,3093457,1266848
1816706,3093459,1266848
1816845,3093431,1266851
1816846,3093433,1266851
876456,3093313,1266852
1816765,3093304,1266852
1816766,3093305,1266852
1816767,3075796,1266852
1816770,3093314,1266852
1816935,3093477,1266866
1816936,3093475,1266866
876623,3093487,1266879
876627,3093488,1266879
876629,3093489,1266879
876631,3093490,1266879
876784,3093505,1266884
1817527,3059754,1266884
1817528,3078123,1266884
876957,3093290,1266908
876959,3062473,1266908
1817880,3093294,1266908
1818412,3093544,1266936
877368,3059272,1266955
877438,3093425,1266956
877442,3093426,1266956
877444,3093429,1266956
877446,3093437,1266956
877450,3093439,1266956
1818896,3093453,1266956
1818898,3093435,1266956
1819468,3093711,1267003
1821369,3093778,1267076
878241,3093788,1267102
878245,3086514,1267102
1821598,3093788,1267102
1821599,3093788,1267102
1821822,3086514,1267118
1821942,3093791,1267138
1822050,3093782,1267151
1822051,3093783,1267151
1822052,3093785,1267151
1822053,3093787,1267151
1822212,3054641,1267161
1822679,3093825,1267194
1822852,3093851,1267203
1822867,3093847,1267207
1822868,3093851,1267207
878816,3093876,1267211
1823209,3093875,1267211
1824211,3093905,1267246
1824227,3093875,1267248
1824228,3093876,1267248
1824286,3093921,1267257
1824291,3093919,1267257
1824292,3093911,1267258
879520,3093890,1267260
879534,3093894,1267260
879549,3093895,1267260
879553,3093897,1267260
879555,3093899,1267260
879574,3093901,1267260
1824349,3093892,1267260
1824360,3093903,1267260
879535,3056883,1267263
879538,3056888,1267263
879540,3056890,1267263
879757,3093833,1267289
879759,3093837,1267289
1824864,3093831,1267289
1824866,3093835,1267289
1824867,3093831,1267289
1824868,3093833,1267289
1824869,3093835,1267289
1824870,3093837,1267289
1824873,3093846,1267289
879791,3093946,1267303
1825201,3066786,1267324
1825301,3093989,1267338
879982,3094013,1267385
880003,3094053,1267396
1825893,3094024,1267396
1825894,3094028,1267396
1825895,3094031,1267396
1825896,3094038,1267396
1825897,3094042,1267396
1825898,3094047,1267396
1825899,3094050,1267396
1826007,3094021,1267412
1826008,3094022,1267412
1826009,3094023,1267412
1826010,3094025,1267412
1826011,3094030,1267412
1826012,3074357,1267412
1826013,3094032,1267412
1826014,3094037,1267412
1826016,3094039,1267412
1826017,3094043,1267412
1826018,3094046,1267412
1826020,3094048,1267412
1826021,3094051,1267412
1826022,3094054,1267412
1826023,3094056,1267412
1826024,3094058,1267412
1826025,3094060,1267412
1826026,3094062,1267412
1826027,3094064,1267412
1826028,3094066,1267412
1826029,3094068,1267412
1826030,3094070,1267412
1826031,3094072,1267412
1826032,3094074,1267412
1826033,3094076,1267412
1826034,3094078,1267412
1826035,3094080,1267412
1826036,3094082,1267412
1826037,3094085,1267412
1826038,3094088,1267412
1826039,3094090,1267412
1826040,3094092,1267412
1826041,3094094,1267412
1826042,3094096,1267412
1826043,3094099,1267412
1827240,3094003,1267479
1827903,3094143,1267491
1828399,3094143,1267526
1828432,3094175,1267533
881052,3092564,1267540
881053,3092566,1267540
881054,3094098,1267540
1828684,3060512,1267548
1828685,3053936,1267548
1828686,3060487,1267548
1828795,3094227,1267562
1828796,3094228,1267562
1828797,3094229,1267562
1828798,3094230,1267562
1828799,3094231,1267562
1828800,3094232,1267562
1828801,3094234,1267562
1828802,3094236,1267562
1828803,3094238,1267562
1828804,3094240,1267562
1828865,3094252,1267569
1828866,3080324,1267569
1828867,3080319,1267569
1828868,3080312,1267569
1829186,3094192,1267572
881374,3094183,1267579
881376,3094184,1267579
881377,3094185,1267579
881378,3054137,1267579
881379,3094187,1267579
881380,3094190,1267579
881381,3094194,1267579
881382,3094198,1267579
881383,3094202,1267579
881384,3094204,1267579
881385,3094206,1267579
881389,3094219,1267579
881420,3094307,1267583
1829716,3094302,1267583
1829717,3094303,1267583
1829718,3094304,1267583
1829719,3094305,1267583
1829720,3094306,1267583
881508,3044341,1267600
881509,3044329,1267600
881510,3060182,1267600
881511,3084157,1267600
881514,3050876,1267600
881515,3094264,1267600
881516,3052235,1267600
881527,3065444,1267600
881536,3065440,1267600
1830068,3044325,1267600
1830080,3065444,1267600
1830083,3065440,1267600
1830486,3084302,1267620
1830487,3084304,1267620
1830488,3084306,1267620
1830489,3084307,1267620
1830490,3084309,1267620
881656,3094323,1267621
1830503,3094327,1267622
1830614,3094350,1267632
1830647,3043969,1267637
881771,3080998,1267661
1831061,3094383,1267670
881828,3094314,1267671
881858,3094390,1267673
882263,3044706,1267747
882273,3094457,1267747
882274,3094459,1267747
882278,3054971,1267747
882280,3086446,1267747
1832447,3044769,1267747
1832452,3047910,1267747
1832454,3047912,1267747
1832456,3047914,1267747
1832458,3047916,1267747
1832460,3047918,1267747
1832462,3047920,1267747
1832464,3047922,1267747
1832466,3094461,1267747
1832467,3049092,1267747
1832469,3094463,1267747
1832471,3094465,1267747
1832473,3094467,1267747
1832475,3094469,1267747
1832477,3094471,1267747
1832479,3094473,1267747
1832481,3094475,1267747
1832544,3054971,1267747
1832645,3094452,1267765
1832661,3070800,1267768
1832662,3094505,1267768
882462,3094391,1267789
1832889,3094398,1267789
882553,3094557,1267806
1833927,3062015,1267870
1834147,3080449,1267882
1834441,3094748,1267884
1834442,3094759,1267884
1834477,3083148,1267887
1834478,3094519,1267887
1834479,3063336,1267887
1834480,3094520,1267887
1834481,3050526,1267887
1834482,3050525,1267887
1834483,3050536,1267887
1834484,3046584,1267887
1834485,3092790,1267887
1834486,3050540,1267887
1834487,3094521,1267887
1834488,3066383,1267887
1834489,3055816,1267887
1834490,3050543,1267887
1834492,3078108,1267887
1834493,3078109,1267887
1834494,3078110,1267887
1834495,3085712,1267887
1834496,3085715,1267887
1834497,3078181,1267887
1834499,3063358,1267887
1834500,3085643,1267887
1834501,3094522,1267887
1834503,3086652,1267887
1834504,3094523,1267887
1834505,3094524,1267887
1834506,3094525,1267887
1834507,3050550,1267887
1834508,3050547,1267887
1834509,3050514,1267887
1834510,3050561,1267887
1834511,3050552,1267887
1834512,3050551,1267887
1834513,3094526,1267887
1834514,3086693,1267887
1834515,3085726,1267887
1834516,3078157,1267887
1834517,3068356,1267887
1834518,3077719,1267887
1834589,3058553,1267897
1834592,3095041,1267897
883298,3094744,1267912
1834919,3094755,1267912
1834920,3094767,1267912
1834921,3094769,1267912
1834922,3094748,1267912
1834923,3094759,1267912
883326,3095061,1267919
883392,3095076,1267931
1835095,3091136,1267931
1835096,3091137,1267931
1835097,3091138,1267931
1835241,3095077,1267953
1835400,3085457,1267964
883513,3095095,1267966
1835386,3095093,1267966
1835387,3062020,1267966
1835388,3095094,1267966
1835780,3095097,1267989
883675,3095129,1268001
883677,3095131,1268001
1836131,3095145,1268018
1836280,3095151,1268030
1836323,3095148,1268034
884352,3095183,1268065
884358,3079764,1268065
1837007,3079761,1268065
1837028,3079764,1268065
884345,3095164,1268067
884346,3095166,1268067
884347,3091124,1268067
884348,3053998,1268067
884350,3095168,1268067
884351,3095170,1268067
1837268,3095210,1268081
1837343,3095225,1268089
1837381,3095221,1268090
1838116,3095250,1268115
1838117,3095251,1268115
1838118,3095253,1268115
1838121,3095254,1268115
1838232,3095265,1268131
1838414,3095186,1268151
1838419,3095193,1268151
1838459,3090604,1268159
884873,3095063,1268174
1838655,3064934,1268174
1838656,3072944,1268174
1839020,3090120,1268212
1839072,3095364,1268221
1839073,3095366,1268221
1839074,3095368,1268221
1839075,3095371,1268221
1839304,3052954,1268245
885257,3095410,1268282
885262,3095411,1268282
885604,3095442,1268328
885625,3095464,1268335
1840665,3095458,1268335
1840666,3095460,1268335
1840667,3095461,1268335
885672,3095437,1268344
885674,3095441,1268344
1840835,3095435,1268344
1840837,3095439,1268344
1840838,3095442,1268344
1840840,3095445,1268344
1841309,3047901,1268375
1841310,3095511,1268375
1841311,3061495,1268375
1841312,3095512,1268375
1841313,3052588,1268375
1841314,3095513,1268375
1841315,3095514,1268375
1841316,3095515,1268375
1841317,3095516,1268375
1841318,3052489,1268375
1841319,3095517,1268375
1841320,3065234,1268375
1841321,3095518,1268375
1841322,3095519,1268375
1841323,3095520,1268375
1841324,3095521,1268375
1841325,3095522,1268375
1841326,3095523,1268375
1841327,3095524,1268375
1841328,3095525,1268375
1841329,3095526,1268375
1841330,3095527,1268375
1841331,3052651,1268375
1841332,3052562,1268375
1841333,3047817,1268375
1841334,3095528,1268375
1841335,3095529,1268375
1841336,3095530,1268375
1841338,3095531,1268375
1841339,3095533,1268375
1841340,3095534,1268375
1841341,3095535,1268375
1841342,3052516,1268375
1841343,3095537,1268375
1841344,3068353,1268375
1841345,3052605,1268375
1841346,3052680,1268375
1841347,3084187,1268375
1841348,3095538,1268375
1841349,3095539,1268375
1841350,3074425,1268375
1841351,3068541,1268375
1841352,3095540,1268375
1841353,3095541,1268375
1841354,3095542,1268375
1841355,3095543,1268375
1841356,3095545,1268375
1841357,3095546,1268375
1841358,3074397,1268375
1841359,3084191,1268375
1841360,3052563,1268375
1841361,3093799,1268375
1841363,3052494,1268375
1841365,3095547,1268375
1841366,3061496,1268375
1841367,3052537,1268375
1841368,3095548,1268375
1841369,3095549,1268375
1841370,3052629,1268375
1841371,3095552,1268375
1841372,3095555,1268375
1841373,3095556,1268375
1841374,3052637,1268375
1841375,3052636,1268375
1841376,3095559,1268375
1841377,3066231,1268375
1841378,3052536,1268375
1841379,3066232,1268375
1841380,3052520,1268375
1841381,3065225,1268375
1841382,3095562,1268375
1841383,3052621,1268375
1841384,3095564,1268375
1841385,3095567,1268375
1841386,3052560,1268375
1841387,3052513,1268375
1841388,3052515,1268375
1841389,3068963,1268375
1841621,3095482,1268380
1841622,3091070,1268380
1841623,3095483,1268380
1841863,3095644,1268400
886164,3095647,1268405
1841896,3075030,1268405
1841897,3068416,1268405
886233,3045937,1268410
886236,3045944,1268410
886238,3045941,1268410
886240,3045943,1268410
886244,3095598,1268410
1841996,3095601,1268410
1842023,3095688,1268415
886464,3095708,1268434
886537,3095737,1268458
1842660,3095710,1268458
1842661,3095711,1268458
1842662,3095712,1268458
1842663,3091331,1268458
1842747,3095572,1268461
1842748,3095574,1268461
1842749,3095576,1268461
1842814,3095742,1268463
1842992,3095769,1268478
1842993,3095770,1268478
1842995,3095771,1268478
1843466,3095857,1268506
1843764,3095806,1268519
886881,3095796,1268523
886882,3095798,1268523
1844059,3095800,1268523
1844061,3095802,1268523
1844062,3095860,1268523
1844064,3095862,1268523
1844065,3095867,1268523
1844067,3095869,1268523
1844188,3095806,1268523
1844553,3095944,1268533
1844567,3062777,1268534
1844810,3095957,1268546
1844836,3095955,1268549
887159,3095987,1268561
1845007,3064691,1268561
1845008,3064693,1268561
1845009,3064688,1268561
1845194,3062790,1268571
1845195,3062792,1268571
1845349,3096014,1268575
1845350,3096015,1268575
1846105,3086086,1268611
1846109,3096041,1268611
1846283,3096039,1268614
1846284,3096042,1268614
1846285,3096044,1268614
1846286,3096045,1268614
1846287,3096047,1268614
1846288,3096049,1268614
1846289,3096051,1268614
1848415,3096057,1268665
1848416,3096059,1268665
1849672,3095755,1268676
1849673,3095158,1268676
1849674,3063160,1268676
1849678,3095062,1268678
887863,3096064,1268683
887864,3050362,1268683
1849743,3049611,1268683
1849744,3063110,1268683
1849745,3063112,1268683
1849746,3050350,1268683
1849747,3050354,1268683
1849749,3050366,1268683
1850539,3044764,1268724
1850540,3044766,1268724
1850544,3096179,1268724
433347,3096186,1268747
1851306,3096219,1268763
1851310,3096225,1268763
888458,3083568,1268767
888460,3083588,1268767
888461,3083598,1268767
888462,3083570,1268767
888463,3083572,1268767
888464,3083574,1268767
888465,3083584,1268767
888466,3083576,1268767
888467,3083578,1268767
888468,3083580,1268767
888469,3083590,1268767
888470,3083592,1268767
888472,3083594,1268767
888476,3083586,1268767
888479,3083582,1268767
888490,3073339,1268767
888491,3083596,1268767
1852040,3096240,1268788
1852041,3096241,1268788
888926,3096145,1268805
1852414,3096087,1268805
1852415,3096089,1268805
1852421,3096098,1268805
1852426,3096102,1268805
1852427,3096104,1268805
1852428,3096106,1268805
1852431,3096096,1268805
1852441,3096100,1268805
1852629,3096309,1268817
1852630,3096310,1268817
1852631,3096312,1268817
1852686,3096301,1268826
1853011,3096343,1268844
1853012,3096344,1268844
1853013,3096345,1268844
1853014,3096346,1268844
1853015,3096347,1268844
1853016,3096348,1268844
1853017,3096349,1268844
1853026,3096341,1268847
889100,3096396,1268854
1853174,3088044,1268854
1853175,3088042,1268854
889132,3096409,1268861
1853335,3096414,1268870
437073,3096381,1268930
1854163,3096381,1268930
1854543,3096508,1268948
1854544,3096512,1268948
1854547,3096483,1268948
1854549,3096486,1268948
889968,3089720,1268962
889970,3089728,1268962
1854959,3096374,1268981
1854964,3096400,1268981
1855921,3096589,1269049
1855922,3096591,1269049
1856042,3096657,1269059
1856043,3096659,1269059
1856490,3091247,1269096
1856585,3096702,1269106
1856609,3096520,1269109
1856645,3096526,1269114
1856740,3096720,1269119
1856741,3096722,1269119
1857783,3096819,1269171
1857991,3055906,1269175
1858121,3096536,1269178
1858218,3062885,1269187
1858252,3096425,1269189
1858253,3096471,1269189
1858254,3096473,1269189
1858255,3096481,1269189
1858256,3096528,1269189
1858257,3096469,1269189
1858260,3070779,1269189
1858262,3096520,1269189
1858263,3096526,1269189
1858265,3096536,1269189
1858348,3096834,1269200
1858358,3096848,1269203
891575,3045738,1269234
1858618,3096878,1269241
1858623,3096879,1269241
1858633,3096877,1269241
1858729,3096883,1269250
891586,3096888,1269254
1858748,3060524,1269254
1858749,3096887,1269254
1859534,3096926,1269267
1859802,3096931,1269278
892116,3096971,1269336
1860575,3096969,1269336
1860576,3065933,1269336
1860577,3096970,1269336
892357,3096977,1269349
1861126,3096992,1269349
1861127,3096978,1269349
1861173,3096990,1269349
1861174,3096988,1269349
1861175,3046427,1269349
1861176,3096986,1269349
1861177,3096984,1269349
1861178,3096982,1269349
1861179,3096980,1269349
892311,3060993,1269355
892554,3097002,1269374
1861415,3097003,1269374
1861422,3097004,1269374
1861416,3082931,1269375
1861417,3082929,1269375
1861418,3082922,1269375
1861419,3082925,1269375
1861420,3082932,1269375
1861421,3082927,1269375
1861829,3093301,1269399
892814,3097015,1269401
1861877,3097021,1269401
1861882,3097008,1269401
1862026,3096954,1269431
1862027,3096955,1269431
1862028,3096956,1269431
1862029,3096957,1269431
1862030,3096958,1269431
1862031,3096959,1269431
1862299,3097044,1269449
1862301,3097043,1269449
1862307,3097043,1269449
1862310,3097043,1269449
893035,3097101,1269453
1862360,3084082,1269453
1862361,3084083,1269453
1862362,3084084,1269453
1862363,3084085,1269453
1862364,3084086,1269453
1862365,3063321,1269453
1862366,3084088,1269453
1862367,3084089,1269453
1862368,3064746,1269453
1862369,3064753,1269453
1862370,3050289,1269453
1862374,3097089,1269454
1862439,3054650,1269462
1862516,3097076,1269469
1862876,3097218,1269496
1863903,3097266,1269533
1863904,3097268,1269533
1863908,3097249,1269533
1864882,3097354,1269570
1865001,3097350,1269583
1865116,3097298,1269590
894296,3097357,1269603
1865374,3097372,1269610
1865424,3044957,1269614
894302,3097381,1269620
1865439,3066153,1269620
1865440,3066154,1269620
1865530,3095709,1269627
894442,3097384,1269633
1865578,3091412,1269633
1865580,3097386,1269633
1865582,3097388,1269633
1865584,3069985,1269633
1865586,3071067,1269633
1865588,3078703,1269633
1865590,3097389,1269633
1865592,3097391,1269633
1865595,3097393,1269633
1865597,3078692,1269633
1865599,3078694,1269633
1865603,3078701,1269633
1865606,3097398,1269633
1865618,3097402,1269633
1865620,3078686,1269633
1865622,3078688,1269633
1865624,3078690,1269633
1865626,3060432,1269633
1865627,3091412,1269633
1865628,3097386,1269633
1865629,3097388,1269633
1865630,3069985,1269633
1865631,3071067,1269633
1865632,3078703,1269633
1865633,3097389,1269633
1865634,3097391,1269633
1865635,3097393,1269633
1865636,3078692,1269633
1865637,3078694,1269633
1865638,3078701,1269633
1865639,3097398,1269633
1865640,3097402,1269633
1865642,3078686,1269633
1865643,3078688,1269633
1865644,3078690,1269633
1865645,3060432,1269633
894406,3097409,1269645
894414,3097417,1269645
1865734,3097411,1269645
1865882,3097416,1269664
894537,3097431,1269668
1865916,3097433,1269668
1866062,3097437,1269679
1866350,3097434,1269700
1866711,3097502,1269707
894746,3097595,1269721
894751,3097599,1269721
1866901,3097598,1269721
894944,3097569,1269769
894948,3097571,1269769
894974,3061075,1269783
894991,3097675,1269783
894993,3097677,1269783
894995,3097679,1269783
894999,3097685,1269783
895002,3097687,1269783
895004,3097693,1269783
895006,3097706,1269783
895010,3097711,1269783
895012,3097716,1269783
895015,3097730,1269783
895017,3097735,1269783
895022,3097741,1269783
1867798,3097691,1269783
1867800,3097698,1269783
1867802,3097721,1269783
1867804,3097723,1269783
1867807,3069941,1269783
1867810,3097727,1269783
1867812,3097733,1269783
1867814,3097739,1269783
1867818,3097743,1269783
1867833,3061073,1269783
1867835,3097645,1269783
1867837,3097647,1269783
1867839,3097651,1269783
1867841,3097655,1269783
1867852,3097659,1269783
1867854,3097661,1269783
1867855,3097663,1269783
1867861,3097681,1269783
1867862,3097683,1269783
1868188,3097777,1269817
1868347,3097775,1269837
1868348,3097776,1269837
1868349,3097779,1269837
895664,3097710,1269854
895685,3097817,1269861
1869108,3097806,1269867
895862,3097835,1269889
895865,3097838,1269889
895947,3097504,1269902
895949,3097505,1269902
1869603,3097549,1269902
896033,3097841,1269926
896035,3097842,1269926
1869879,3097844,1269926
1870300,3097873,1269981
896288,3097893,1269993
1870412,3096303,1269993
1870414,3084609,1269993
1870416,3097881,1269993
1870417,3097882,1269993
1870419,3095745,1269993
1870420,3095754,1269993
1870422,3095746,1269993
1870423,3052655,1269993
1870500,3065968,1270001
1870998,3097915,1270018
1871054,3092393,1270020
1871025,3094491,1270021
1871029,3097899,1270021
1871040,3094493,1270021
1871041,3094498,1270021
1871042,3094501,1270021
1871464,3091954,1270053
1871622,3052666,1270073
1871800,3097944,1270091
896909,3098026,1270134
896910,3098027,1270134
1872556,3098021,1270134
1872557,3098025,1270134
1872883,3098032,1270152
897013,3098044,1270156
1872910,3068052,1270156
1872911,3092959,1270156
1872912,3068232,1270156
897210,3098067,1270181
1873482,3071768,1270181
1873483,3071771,1270181
1873484,3051266,1270181
1873485,3098061,1270181
1873486,3098062,1270181
1873487,3098063,1270181
1873488,3098064,1270181
1873489,3098065,1270181
1873490,3098066,1270181
1873770,3098088,1270192
1873771,3098096,1270192
1873772,3098098,1270192
1873941,3098139,1270200
1874045,3098158,1270206
1874067,3098160,1270209
1874095,3098162,1270210
1874102,3098164,1270211
1875001,3098002,1270242
1875113,3098150,1270253
1875503,3098202,1270269
897746,3098183,1270271
1876724,3096187,1270297
898185,3098319,1270322
898191,3082288,1270322
1876949,3076773,1270322
1876950,3076776,1270322
1876951,3076778,1270322
1876952,3076780,1270322
1876953,3076781,1270322
1876954,3076782,1270322
1876955,3076783,1270322
1876956,3076784,1270322
1876957,3076785,1270322
1876958,3063985,1270322
1876959,3063986,1270322
1876960,3063989,1270322
1876961,3063988,1270322
1876962,3076786,1270322
1876963,3076787,1270322
1876964,3076788,1270322
1876965,3063990,1270322
1876966,3063991,1270322
1876967,3063987,1270322
1876968,3076789,1270322
1876969,3076790,1270322
1876970,3076791,1270322
1876971,3076792,1270322
1876972,3082286,1270322
1877327,3098339,1270343
1877537,3093737,1270365
1877670,3098326,1270388
1877673,3098327,1270388
1878338,3098432,1270408
1878339,3098434,1270408
898570,3098424,1270409
898576,3098456,1270416
1878433,3044157,1270416
1878434,3044158,1270416
1878435,3044155,1270416
1878436,3044156,1270416
1879063,3098488,1270434
1879064,3098489,1270434
1879065,3098490,1270434
1879066,3098491,1270434
1879067,3098492,1270434
898831,3098447,1270440
898841,3098449,1270440
898844,3098451,1270440
1879543,3098457,1270440
1879935,3098459,1270440
1879932,3068526,1270447
1879933,3068527,1270447
1879934,3068528,1270447
1880469,3098518,1270491
1880470,3098518,1270492
899258,3044297,1270495
899270,3098530,1270498
1880610,3051049,1270498
1880611,3051053,1270498
1880612,3051052,1270498
1881343,3098554,1270534
899459,3098582,1270537
1881487,3073497,1270537
1881488,3073500,1270537
1882393,3098548,1270581
1882396,3098548,1270581
1882608,3098548,1270596
1882680,3098630,1270604
899810,3098627,1270608
1882712,3096082,1270608
1882714,3096083,1270608
1882715,3096081,1270608
1882806,3053662,1270620
899904,3098659,1270626
1882890,3098659,1270626
1883186,3098684,1270633
1883187,3046787,1270633
1883188,3046968,1270633
1883189,3046992,1270633
1883190,3046965,1270633
1883191,3046791,1270633
1883192,3046998,1270633
1883193,3046985,1270633
1883194,3047269,1270633
1883195,3047270,1270633
1883196,3047268,1270633
1883197,3046987,1270633
1883198,3098686,1270633
1883199,3098688,1270633
900002,3056447,1270634
900003,3098653,1270634
900004,3098655,1270634
1883210,3098659,1270634
1883212,3098662,1270634
1883384,3098617,1270644
1883386,3098619,1270644
1883683,3098725,1270677
1883684,3046281,1270677
900266,3098595,1270683
1883817,3098619,1270683
1883818,3098630,1270683
900300,3098774,1270687
1883840,3063965,1270687
1883842,3066137,1270687
1883843,3063966,1270687
1883845,3063967,1270687
900461,3094641,1270697
1884411,3097006,1270697
1884412,3098763,1270697
900531,3098818,1270718
1884789,3098825,1270721
900744,3098860,1270743
1885608,3098678,1270785
1885609,3098698,1270785
900974,3098909,1270788
1886402,3099058,1270841
1886485,3099055,1270845
1887504,3099059,1270908
1887505,3099063,1270908
1887541,3099061,1270908
1887671,3099109,1270923
1887732,3099113,1270925
901592,3099115,1270932
1887844,3046898,1270932
1887845,3046814,1270932
1887846,3046799,1270932
1887847,3046801,1270932
901616,3050897,1270934
901620,3098986,1270934
901624,3098994,1270934
901627,3043737,1270934
1887913,3099023,1270934
1887925,3098982,1270934
1887927,3098986,1270934
1887965,3098986,1270934
1887968,3098936,1270934
1887969,3098936,1270934
1887984,3098936,1270934
1887985,3098936,1270934
1887994,3098990,1270934
1887995,3098990,1270934
1888777,3099163,1270998
901923,3099196,1271003
901929,3099198,1271003
1889144,3099188,1271014
1889644,3099183,1271069
1889675,3099185,1271069
1889691,3091666,1271072
1890380,3068097,1271092
1890603,3099241,1271109
902391,3099245,1271112
902392,3099246,1271112
1890623,3099248,1271112
1890624,3099250,1271112
1890753,3096885,1271114
1892310,3097134,1271127
902551,3099261,1271130
902662,3099312,1271152
1893291,3099273,1271152
1893292,3099274,1271152
1893293,3099275,1271152
1893294,3099276,1271152
1893296,3099277,1271152
1893297,3099278,1271152
1893298,3099279,1271152
1893299,3099280,1271152
1893300,3099281,1271152
1893301,3099282,1271152
1893303,3099283,1271152
1893304,3099284,1271152
1893305,3099285,1271152
1893307,3099286,1271152
1893308,3099287,1271152
1893309,3099288,1271152
1893310,3099289,1271152
1893311,3099290,1271152
1893312,3099297,1271152
1893314,3099301,1271152
1893315,3099306,1271152
1893316,3099310,1271152
1893317,3099311,1271152
1893887,3099319,1271189
902780,3099322,1271196
1893936,3071822,1271196
1893937,3071823,1271196
1894084,3099338,1271239
1894085,3078631,1271239
1894086,3047926,1271239
1894087,3057245,1271239
1894088,3047928,1271239
1894089,3099324,1271239
1894090,3099327,1271239
1894091,3099330,1271239
1894092,3099333,1271239
902821,3094286,1271245
902893,3099335,1271268
902898,3099341,1271268
902907,3099339,1271268
1894305,3099343,1271268
902902,3045583,1271269
1894800,3099401,1271292
1894803,3099403,1271292
1894808,3073439,1271292
1894809,3073444,1271292
1895141,3099424,1271310
1895252,3062295,1271322
1895360,3099436,1271326
903300,3099360,1271332
903303,3099362,1271332
1895471,3099360,1271332
1895473,3099362,1271332
1895722,3048686,1271359
1895723,3055890,1271359
1895724,3055886,1271359
1895725,3057131,1271359
1895726,3055892,1271359
1895727,3059226,1271359
1895728,3059554,1271359
1895729,3059557,1271359
1895730,3059556,1271359
1895731,3047820,1271359
1895732,3059234,1271359
1895733,3055888,1271359
1895734,3099501,1271359
1895735,3064709,1271359
1895736,3071233,1271359
1895737,3064707,1271359
1895738,3050115,1271359
1895739,3072415,1271359
1895740,3048685,1271359
1895741,3048683,1271359
1895742,3059240,1271359
1895743,3057133,1271359
1895744,3057134,1271359
1895745,3099504,1271359
1895746,3082742,1271359
1895747,3048687,1271359
1895748,3099509,1271359
1895749,3099513,1271359
1895750,3099516,1271359
903562,3099492,1271396
466102,3099519,1271412
1896217,3099521,1271414
1896218,3099518,1271414
1896219,3099519,1271414
1896557,3099532,1271441
903972,3099483,1271477
1897313,3062961,1271477
1897714,3052250,1271483
904086,3099558,1271499
1897931,3099566,1271499
1897932,3099568,1271499
1897933,3099570,1271499
1898172,3099605,1271507
1898173,3099607,1271507
1898174,3099609,1271507
1898176,3099611,1271507
1898178,3046756,1271507
1898180,3046760,1271507
1898182,3046758,1271507
1898184,3046763,1271507
1898338,3097905,1271512
1898521,3099599,1271515
1898755,3099634,1271532
904322,3099623,1271543
904326,3099625,1271543
1898940,3063736,1271545
1898941,3099631,1271545
1898942,3076212,1271545
1899174,3099642,1271566
904666,3060983,1271573
904667,3059904,1271573
904668,3059902,1271573
904676,3099619,1271573
1899316,3084519,1271573
1899319,3099621,1271573
1899671,3099656,1271589
1900099,3099696,1271626
1900349,3099722,1271634
1900389,3099798,1271643
905311,3090290,1271654
905312,3090279,1271654
1900518,3090286,1271654
1900523,3090279,1271654
1900551,3099803,1271658
1900552,3099805,1271658
905423,3099699,1271662
905425,3099706,1271662
1900654,3099702,1271662
1900655,3099704,1271662
1900656,3099709,1271662
1900657,3099711,1271662
1900660,3099712,1271662
1901086,3099868,1271673
1901369,3099720,1271708
1901373,3078223,1271710
1901513,3099899,1271721
1901514,3057904,1271721
1901515,3057940,1271721
1901516,3057949,1271721
1901517,3057951,1271721
1901518,3057942,1271721
1901519,3057944,1271721
1901520,3057955,1271721
1901521,3057960,1271721
1901522,3057964,1271721
1901523,3057968,1271721
1901524,3074402,1271721
1901525,3074541,1271721
1901526,3074538,1271721
1901527,3074399,1271721
1901528,3074547,1271721
1901529,3074549,1271721
1901530,3074543,1271721
1901531,3074545,1271721
1901532,3099900,1271721
1901533,3099902,1271721
1901534,3099903,1271721
1901535,3099905,1271721
1901536,3099907,1271721
1901537,3099909,1271721
1901538,3099912,1271721
905816,3099827,1271722
1901682,3099808,1271722
1901683,3099809,1271722
1901685,3099811,1271722
1901686,3099813,1271722
1901687,3099815,1271722
1901688,3099816,1271722
1901689,3099818,1271722
1901690,3099820,1271722
1901691,3099822,1271722
1901692,3099823,1271722
1901693,3099825,1271722
1901694,3099826,1271722
905838,3099723,1271726
905841,3099724,1271726
905842,3099725,1271726
905844,3099727,1271726
905846,3099729,1271726
1901862,3099927,1271741
906020,3055589,1271761
906023,3099963,1271761
906025,3099966,1271761
906027,3099969,1271761
1902592,3099962,1271788
1902979,3100107,1271816
1903733,3099949,1271851
1904015,3100038,1271858
1904032,3100036,1271858
1904033,3100042,1271858
1904034,3100034,1271858
1904035,3100042,1271858
1904041,3100036,1271858
1904042,3100042,1271858
1904043,3100038,1271858
1904048,3100036,1271858
1904049,3100042,1271858
1904050,3100038,1271858
1904420,3100029,1271879
907140,3099999,1271881
907145,3087538,1271881
1904426,3100016,1271881
1904427,3100027,1271881
1904428,3100032,1271881
1904431,3100047,1271881
1904454,3100038,1271881
1904455,3100040,1271881
1904652,3100117,1271906
1904655,3100118,1271906
907675,3100065,1271995
907677,3100066,1271995
907679,3100067,1271995
907681,3100068,1271995
907684,3100069,1271995
1905507,3100072,1271995
1905508,3100074,1271995
1905509,3100076,1271995
1905510,3100077,1271995
1905511,3100079,1271995
1905512,3100081,1271995
1905513,3100094,1271995
1905514,3100096,1271995
1905516,3100098,1271995
1905517,3100100,1271995
907727,3100156,1272004
907731,3100157,1272004
907734,3100159,1272004
907736,3100161,1272004
907740,3100163,1272004
907749,3100165,1272004
907752,3100166,1272004
1905593,3100150,1272004
1905603,3100167,1272004
1905604,3100169,1272004
1905605,3100170,1272004
908038,3100237,1272051
1906278,3100235,1272051
1906451,3100260,1272068
1907362,3100283,1272090
1907461,3100288,1272097
908593,3100273,1272103
908595,3100274,1272103
1907524,3100289,1272107
1907528,3100291,1272108
1907536,3100293,1272110
1907540,3100295,1272111
1907543,3100297,1272112
1907553,3100303,1272113
1907584,3100309,1272116
1907591,3100320,1272117
1907600,3100310,1272118
1907606,3100312,1272119
1907611,3100314,1272122
1907616,3100316,1272124
908634,3100285,1272125
1907627,3100317,1272127
1907638,3100318,1272129
1907647,3100319,1272132
1907653,3100321,1272134
1907659,3100334,1272135
1907657,3100323,1272136
1907675,3066499,1272138
1907676,3047945,1272138
1907677,3100329,1272138
1907678,3066089,1272138
1907679,3052683,1272138
1907705,3100339,1272141
908833,3100384,1272187
1908309,3100377,1272187
1908310,3100378,1272187
1908311,3100379,1272187
1908312,3100380,1272187
1908419,3087052,1272191
908876,3100393,1272202
1908586,3047977,1272202
1908587,3047976,1272202
1908588,3100391,1272202
908950,3100351,1272213
1908886,3100403,1272217
1909448,3100469,1272253
909218,3100468,1272256
1910283,3066228,1272256
1910284,3046790,1272256
1910285,3068403,1272256
1910286,3100455,1272256
1910287,3100456,1272256
1910288,3100457,1272256
1910289,3043891,1272256
1910290,3066237,1272256
1910291,3059756,1272256
1910292,3100458,1272256
1910293,3086484,1272256
1910294,3100459,1272256
1910295,3086457,1272256
1910296,3043904,1272256
1910297,3100460,1272256
1910298,3100461,1272256
1910299,3045222,1272256
1910300,3088096,1272256
1910301,3100462,1272256
1910302,3065474,1272256
1910303,3058317,1272256
1910304,3046786,1272256
1910305,3100463,1272256
1910306,3066233,1272256
1910307,3100464,1272256
1910308,3051430,1272256
1910309,3053112,1272256
1910310,3100465,1272256
1910311,3058508,1272256
1910312,3059757,1272256
1910313,3100466,1272256
1910314,3100467,1272256
1910315,3086431,1272256
1910316,3078051,1272256
1910317,3084079,1272256
1912004,3100447,1272309
1912005,3100448,1272309
1912006,3100449,1272309
1912007,3100451,1272309
1912346,3100564,1272320
1912347,3100565,1272320
1913267,3100604,1272358
1913268,3043930,1272358
1913273,3100745,1272358
910132,3100805,1272399
1913880,3052643,1272399
1913882,3052640,1272399
1913884,3052679,1272399
1913885,3100803,1272399
1913887,3052678,1272399
1913889,3066908,1272399
1913890,3048825,1272399
1914036,3100777,1272405
1914037,3100779,1272405
1915642,3065342,1272467
910557,3100943,1272497
1915996,3052663,1272497
1915997,3049145,1272497
1915998,3052662,1272497
1915999,3052664,1272497
1916000,3064145,1272497
1916001,3064559,1272497
1916002,3052667,1272497
1916003,3051429,1272497
1916004,3052665,1272497
1916005,3098480,1272497
1916006,3098481,1272497
1916007,3098482,1272497
1916008,3066901,1272497
1916009,3059607,1272497
1916010,3048824,1272497
1916011,3052648,1272497
1916215,3100820,1272507
1916216,3100822,1272507
910552,3081384,1272520
910657,3055090,1272529
1916982,3052091,1272547
910796,3100918,1272567
911086,3101260,1272601
1917955,3101255,1272601
1917956,3101264,1272601
1917957,3101267,1272601
911190,3101129,1272616
911192,3101134,1272616
1918190,3101159,1272616
1918272,3101343,1272635
1918273,3101344,1272635
1918274,3101345,1272635
1918275,3101346,1272635
1918276,3101347,1272635
1918277,3101348,1272635
1918278,3101349,1272635
1919100,3101370,1272665
1919324,3058085,1272674
1919325,3058095,1272674
1919326,3101376,1272674
1919328,3058100,1272674
1919330,3058107,1272674
1919753,3101392,1272710
1920023,3101420,1272724
911948,3101318,1272736
1920281,3101319,1272736
1920285,3101342,1272736
1920368,3101444,1272741
1920687,3101449,1272757
1921004,3101430,1272780
1921005,3101432,1272780
912320,3101494,1272785
1921096,3101476,1272785
1921099,3101477,1272785
1921101,3101478,1272785
1921103,3101479,1272785
1921105,3101480,1272785
1921106,3101481,1272785
1921107,3101484,1272785
1921109,3101485,1272785
1921112,3101486,1272785
1921114,3101487,1272785
1921128,3067653,1272785
1921209,3069056,1272795
1921210,3101406,1272795
1921211,3101420,1272795
912634,3101562,1272803
912643,3101564,1272803
912770,3101472,1272805
912785,3101491,1272805
912795,3101495,1272805
912865,3101501,1272805
912922,3101511,1272805
912990,3101518,1272805
913007,3101547,1272805
913035,3101550,1272805
913040,3101557,1272805
1921813,3059432,1272805
1921814,3059434,1272805
1921839,3059439,1272805
1921840,3059441,1272805
1921857,3072810,1272805
1921859,3072814,1272805
1921887,3059512,1272805
1921684,3079579,1272819
1921929,3101584,1272833
1922698,3090614,1272851
913005,3101597,1272856
1922729,3101594,1272856
1922730,3101595,1272856
913029,3101605,1272858
913031,3101606,1272858
1923152,3101615,1272869
1923249,3101631,1272874
1923438,3101642,1272891
913225,3101659,1272904
1923570,3075037,1272905
913250,3082705,1272910
1924064,3101686,1272934
913394,3101672,1272937
913397,3101673,1272937
913398,3101674,1272937
913766,3101791,1273043
913905,3095671,1273063
1925678,3101809,1273063
1925711,3101782,1273070
1925712,3101784,1273070
1925713,3101786,1273070
1925714,3101788,1273070
1925715,3058450,1273070
1925716,3080458,1273070
1925717,3077374,1273070
913910,3101821,1273072
913911,3101822,1273072
913930,3101827,1273076
1925763,3101823,1273076
1925764,3101824,1273076
1925765,3101825,1273076
914063,3101836,1273086
1925926,3084092,1273086
1925927,3084095,1273086
1925928,3084096,1273086
1925929,3091240,1273086
1925930,3091241,1273086
1925931,3091242,1273086
1925932,3091243,1273086
1925933,3091244,1273086
1925934,3091246,1273086
914223,3101846,1273097
914224,3101847,1273097
914225,3101848,1273097
914252,3101828,1273099
914256,3101829,1273099
1926236,3101833,1273099
914322,3101867,1273107
1926789,3101696,1273111
1926790,3101700,1273111
1926791,3101704,1273111
1926792,3101708,1273111
1926793,3077495,1273111
1926794,3077493,1273111
1926996,3076020,1273111
914612,3101850,1273152
1927426,3102070,1273157
914704,3072336,1273161
1927530,3102130,1273163
1927539,3102129,1273165
1927540,3102130,1273165
1927543,3102129,1273166
914706,3102072,1273168
914707,3102075,1273168
914709,3102076,1273168
914714,3102077,1273168
914715,3102080,1273168
914716,3102083,1273168
914717,3102086,1273168
914718,3102089,1273168
914720,3102090,1273168
914721,3102091,1273168
914722,3102092,1273168
914723,3102093,1273168
914724,3102094,1273168
914727,3102095,1273168
914729,3102096,1273168
914734,3102097,1273168
914742,3102098,1273168
914744,3102099,1273168
914745,3102100,1273168
914748,3102101,1273168
914749,3102102,1273168
914750,3102103,1273168
914751,3102104,1273168
914752,3102105,1273168
914756,3102106,1273168
914761,3102107,1273168
914762,3102108,1273168
914768,3102109,1273168
914769,3102110,1273168
914770,3102111,1273168
914774,3102112,1273168
914777,3102113,1273168
914782,3102114,1273168
914785,3102115,1273168
914797,3102116,1273168
914800,3102117,1273168
914809,3102118,1273168
914816,3102119,1273168
914830,3102120,1273168
914835,3102125,1273168
914838,3102128,1273168
914841,3102131,1273168
914845,3102132,1273168
914848,3102133,1273168
914851,3102134,1273168
914852,3102135,1273168
914853,3102136,1273168
914856,3102137,1273168
914747,3102141,1273171
1927595,3102138,1273171
1927596,3102139,1273171
1927597,3102140,1273171
914937,3102087,1273198
914975,3060528,1273203
1928089,3060530,1273203
1928090,3060532,1273203
1928167,3060528,1273203
915004,3102150,1273214
1928201,3084161,1273214
1928202,3046800,1273214
1928203,3046810,1273214
1928204,3046817,1273214
1928205,3046803,1273214
1928206,3046880,1273214
1928259,3102159,1273220
1928447,3102159,1273224
1928567,3102168,1273227
1928847,3054645,1273235
1929074,3102185,1273238
1929130,3102153,1273245
1929475,3068417,1273251
1929837,3102223,1273266
1929841,3102204,1273267
1929966,3102217,1273271
1930109,3102256,1273280
1930398,3090988,1273318
1930399,3090983,1273318
1930428,3102334,1273322
915816,3102328,1273349
915819,3102332,1273349
1930692,3102330,1273349
1930719,3102328,1273354
1930721,3102333,1273354
1930722,3102330,1273354
1930723,3102332,1273354
915907,3094450,1273357
915908,3102237,1273357
915909,3102239,1273357
915910,3102241,1273357
915911,3102244,1273357
915912,3102246,1273357
915913,3102251,1273357
1931284,3102262,1273381
1931322,3084093,1273387
916059,3102409,1273408
1931512,3062585,1273408
1931513,3062583,1273408
1931514,3062584,1273408
916326,3102422,1273424
1932151,3102419,1273426
1932188,3102417,1273426
916440,3102443,1273446
1932484,3102441,1273446
1932485,3102442,1273446
1932793,3102459,1273454
1933154,3102444,1273462
1933219,3102455,1273465
1933220,3102459,1273465
916830,3102460,1273471
1933261,3102461,1273471
1933264,3102455,1273471
1933265,3102459,1273471
1933288,3102368,1273473
1933292,3102370,1273473
1933293,3102390,1273473
1933297,3102394,1273473
916957,3102481,1273518
916958,3102482,1273518
917013,3102672,1273537
1933814,3050640,1273537
1933815,3050641,1273537
1933816,3050642,1273537
1933817,3050643,1273537
1933818,3050645,1273537
1933819,3050648,1273537
1933820,3064737,1273537
1933821,3050649,1273537
1933822,3064740,1273537
1933823,3047323,1273537
1933824,3064758,1273537
1933825,3076800,1273537
1933826,3076801,1273537
1933828,3076802,1273537
1933829,3058311,1273537
1933830,3061168,1273537
1933923,3102838,1273547
916990,3102822,1273548
1934083,3102488,1273554
1934084,3102838,1273554
1934087,3102488,1273555
1934124,3102859,1273561
917061,3102871,1273569
1934179,3055686,1273569
1934180,3102870,1273569
1934181,3055687,1273569
1934636,3102889,1273583
1934638,3102892,1273584
1934705,3102899,1273590
1935342,3102911,1273644
1935830,3102979,1273664
1935831,3102982,1273664
1935841,3102984,1273664
1935980,3102876,1273669
1935981,3102878,1273669
917812,3103015,1273703
917818,3103018,1273703
1936136,3103020,1273703
1936138,3044544,1273703
1936143,3103033,1273705
1936187,3103052,1273711
1936484,3103054,1273733
1936485,3103057,1273733
1936486,3103058,1273733
917879,3103082,1273767
1936971,3103080,1273767
1936972,3058557,1273767
1936973,3103081,1273767
1936974,3058558,1273767
1937225,3103034,1273779
918125,3103084,1273780
918134,3103086,1273780
918138,3103088,1273780
918303,3103100,1273780
1937247,3103096,1273780
1937248,3103097,1273780
1937249,3103098,1273780
1937265,3103036,1273781
1937308,3103038,1273783
1937332,3103040,1273784
1937516,3103033,1273790
1937517,3103034,1273790
1937518,3103036,1273790
1937519,3103038,1273790
1937520,3103040,1273790
1937521,3103042,1273790
1937522,3103044,1273790
1937523,3103046,1273790
1937525,3103048,1273790
1937947,3103133,1273811
1938062,3103149,1273815
1938378,3103166,1273825
1938381,3103167,1273825
918544,3103122,1273832
1938696,3103131,1273832
1939984,3076039,1273901
1940103,3103213,1273909
1941225,3093043,1273932
1941226,3044389,1273932
1941227,3044377,1273932
1941228,3044384,1273932
1941229,3044396,1273932
1941230,3044397,1273932
1941232,3065591,1273932
1941234,3065592,1273932
1941235,3061464,1273932
1941236,3093044,1273932
1941237,3093045,1273932
1941238,3044398,1273932
1943431,3103376,1274017
1943455,3103215,1274019
1943458,3103246,1274019
1943787,3103291,1274023
1943874,3103293,1274023
1943952,3103295,1274023
1943953,3103297,1274023
1944056,3103385,1274025
1944358,3103402,1274035
1944424,3103401,1274045
1944428,3103404,1274047
1944429,3095629,1274047
1944431,3066225,1274047
1944432,3066220,1274047
1944433,3077998,1274047
1944434,3074323,1274047
1944599,3103369,1274052
920429,3103390,1274057
1945301,3057061,1274094
1945528,3103408,1274098
1945529,3103414,1274098
920697,3103498,1274100
1945580,3103498,1274100
1945875,3095160,1274117
1945876,3103492,1274117
920772,3103526,1274122
920824,3103531,1274131
1946087,3044175,1274131
1946088,3046239,1274131
1946089,3070678,1274131
920868,3103532,1274142
1946490,3103458,1274150
1946709,3103546,1274158
1947519,3044863,1274188
1947779,3103564,1274194
1948018,3085467,1274208
1948272,3103572,1274212
1949244,3103466,1274221
1949245,3103472,1274221
921441,3060886,1274243
1950169,3060887,1274243
1950170,3060888,1274243
921465,3103574,1274245
921467,3103576,1274245
1950177,3103565,1274245
1950178,3103569,1274245
1950179,3103570,1274245
921497,3103659,1274248
1950202,3103658,1274248
1950203,3100338,1274248
1950205,3092645,1274248
1950515,3103594,1274254
1950541,3103602,1274254
1950542,3103607,1274254
1950543,3103609,1274254
1950546,3103584,1274254
1950547,3103586,1274254
1950550,3103592,1274254
921546,3103675,1274256
1950942,3103709,1274309
1951105,3103720,1274318
1951106,3103721,1274318
1951544,3103735,1274345
1951547,3103736,1274345
922631,3103746,1274501
922636,3103747,1274501
1954140,3103749,1274501
922730,3094405,1274511
1954255,3103833,1274511
1954256,3094384,1274511
1954257,3103930,1274511
1954258,3094408,1274511
1954259,3094422,1274511
1954260,3094426,1274511
1954261,3103932,1274511
1954262,3094424,1274511
1954263,3094418,1274511
1954264,3094411,1274511
1954265,3094414,1274511
1954266,3094416,1274511
1954267,3103934,1274511
1954268,3103936,1274511
1954269,3103938,1274511
1954270,3103940,1274511
922860,3056942,1274546
1954929,3104003,1274573
1955050,3103987,1274580
923079,3104087,1274581
1955122,3103982,1274583
923110,3064171,1274593
923113,3064174,1274593
1955352,3104089,1274593
923120,3104180,1274595
1955361,3089204,1274595
1955362,3089216,1274595
1955363,3089230,1274595
923541,3104084,1274622
1956086,3104012,1274622
1956087,3104070,1274622
1956088,3104076,1274622
1956091,3104086,1274622
923660,3104205,1274640
1956524,3104241,1274672
1956526,3104242,1274672
1956529,3104243,1274672
1956539,3062293,1274676
1957115,3104207,1274702
1957116,3104209,1274702
924082,3095162,1274707
924756,3097901,1274796
1958403,3071795,1274798
1958404,3071797,1274798
1958405,3091116,1274798
1958406,3071795,1274798
1958407,3071797,1274798
1958410,3091116,1274798
1958411,3104163,1274798
1958851,3104340,1274820
1958854,3104341,1274820
1958915,3104356,1274830
1958918,3104375,1274830
925367,3104351,1274860
925370,3104357,1274860
1959223,3104353,1274860
1959224,3104354,1274860
1959228,3104371,1274860
1959238,3055153,1274861
1959240,3072372,1274861
1959242,3088115,1274861
1959245,3104380,1274861
1959914,3104438,1274900
925871,3104437,1274924
1960507,3104438,1274924
926256,3079366,1274956
1962020,3104436,1274956
1962818,3104499,1275001
1962819,3104554,1275001
1963346,3104786,1275029
1963347,3104788,1275029
1963348,3104790,1275029
1963349,3104792,1275029
1963350,3104794,1275029
1963351,3104796,1275029
1963352,3104798,1275029
1963353,3104804,1275029
1963354,3056690,1275029
1963355,3073891,1275029
1963357,3056692,1275029
1963359,3073894,1275029
1965145,3050650,1275041
1966062,3104842,1275056
1966206,3104669,1275068
1966207,3104855,1275069
1966208,3104856,1275069
1966224,3104669,1275072
1966630,3104887,1275099
1966631,3104888,1275099
1966642,3104886,1275099
927461,3104898,1275119
1967184,3104944,1275132
927616,3104942,1275144
1967420,3104948,1275144
1967423,3104946,1275144
1967540,3081798,1275154
1967541,3081801,1275154
1969154,3105016,1275234
928202,3105038,1275235
1971630,3105146,1275286
1971813,3105122,1275292
929844,3105041,1275300
929846,3105043,1275300
929847,3060764,1275300
929848,3060768,1275300
1971883,3105046,1275300
1971884,3105048,1275300
1971888,3105039,1275300
1971982,3105158,1275313
1972746,3105169,1275363
1972747,3105171,1275363
1972748,3105173,1275363
1972749,3105175,1275363
1972750,3105177,1275363
1972751,3105179,1275363
1972805,3088724,1275368
1973043,3105057,1275386
1973044,3105058,1275386
1973045,3105060,1275386
1973046,3105061,1275386
1973047,3105062,1275386
1973048,3105063,1275386
1973049,3105064,1275386
1973050,3105065,1275386
1973051,3105066,1275386
1973052,3105067,1275386
1973053,3105068,1275386
1973054,3105069,1275386
1973055,3105070,1275386
1973056,3105071,1275386
1973057,3105072,1275386
1973058,3105073,1275386
1973059,3105074,1275386
1973060,3105075,1275386
1973061,3105076,1275386
1973062,3105077,1275386
1973063,3105078,1275386
1973064,3105079,1275386
1973065,3105080,1275386
1973066,3105081,1275386
1973067,3105082,1275386
1973068,3105083,1275386
1973069,3105084,1275386
1973084,3105166,1275387
930385,3066594,1275389
930387,3066604,1275389
1973352,3105204,1275421
1973407,3105206,1275428
930515,3081559,1275431
930517,3081560,1275431
1973889,3105304,1275455
1974332,3105311,1275462
1974491,3105314,1275479
1974651,3105317,1275483
1975041,3105343,1275497
1975043,3105345,1275497
1975047,3105347,1275497
931077,3105370,1275551
1976857,3105392,1275563
1977326,3105425,1275602
1978818,3048259,1275652
1979361,3101268,1275681
1979362,3101270,1275681
1979363,3101271,1275681
1979364,3101274,1275681
1979365,3101279,1275681
1979425,3105473,1275686
1979559,3105517,1275699
1979564,3105522,1275700
931738,3049108,1275742
931741,3045285,1275742
931747,3105508,1275742
1979881,3105511,1275742
931758,3105527,1275745
931764,3105526,1275750
931769,3105531,1275750
1979937,3105533,1275750
1979941,3105537,1275750
1979988,3105517,1275760
1979998,3105543,1275761
1980006,3085468,1275764
1982267,3074451,1275778
1982268,3074453,1275778
932010,3105592,1275784
1982990,3105593,1275784
1983206,3105608,1275792
1984039,3105608,1275812
932277,3105625,1275817
1984130,3059523,1275817
1984131,3059542,1275817
1984132,3059520,1275817
1984463,3105623,1275835
932430,3105604,1275836
1984688,3105546,1275841
1984918,3105582,1275841
1984987,3105669,1275850
1984988,3105672,1275850
1984989,3105676,1275850
1984991,3105680,1275850
1985246,3105719,1275868
932684,3105731,1275877
1985568,3105717,1275894
1985981,3074906,1275920
1985982,3105769,1275920
1985983,3065502,1275920
1986146,3105777,1275927
933019,3048585,1275958
933023,3048695,1275958
933024,3048597,1275958
933026,3056924,1275958
933029,3053393,1275958
933035,3075368,1275958
933036,3075364,1275958
933039,3075362,1275958
933043,3053395,1275958
933046,3053397,1275958
933048,3056938,1275958
933049,3075377,1275958
933052,3105789,1275958
933055,3048575,1275958
933058,3105791,1275958
933060,3105793,1275958
933063,3105795,1275958
933066,3048678,1275958
933067,3048668,1275958
933068,3053193,1275958
933071,3090485,1275958
933072,3105797,1275958
933073,3105799,1275958
933074,3056945,1275958
933079,3105803,1275958
933082,3105809,1275958
933083,3105813,1275958
933086,3105818,1275958
933089,3105820,1275958
933090,3105822,1275958
933091,3105824,1275958
933093,3105828,1275958
933096,3105830,1275958
933097,3105835,1275958
933104,3105837,1275958
933107,3105839,1275958
933108,3105841,1275958
933111,3083481,1275958
933113,3083487,1275958
933116,3105847,1275958
933117,3083493,1275958
933119,3056492,1275958
933124,3056494,1275958
933125,3056497,1275958
933132,3105849,1275958
933136,3045652,1275958
933140,3053442,1275958
933145,3105851,1275958
933148,3078525,1275958
933150,3071569,1275958
933153,3071570,1275958
933156,3048653,1275958
933167,3105857,1275958
1986723,3105843,1275958
1986727,3105845,1275958
1986754,3053438,1275958
1986755,3053294,1275958
1986756,3056927,1275958
1986757,3056934,1275958
1986758,3053440,1275958
1986760,3045654,1275958
1986762,3056940,1275958
1986763,3048691,1275958
1986766,3048693,1275958
933286,3046811,1276019
933405,3105909,1276037
933406,3105911,1276037
1987907,3105907,1276037
1988077,3105918,1276050
933468,3105939,1276053
1988752,3105935,1276083
933696,3058441,1276094
1989393,3106035,1276130
933960,3106041,1276140
1989482,3072296,1276140
1989483,3106039,1276140
933998,3106043,1276156
1989591,3092640,1276156
1989592,3070932,1276156
1989593,3072174,1276156
1989594,3070913,1276156
1989595,3072172,1276156
1989596,3072173,1276156
1989597,3048699,1276156
1989598,3048024,1276156
1989599,3072298,1276156
1989600,3071256,1276156
1989601,3072175,1276156
1989602,3066590,1276156
1989603,3072319,1276156
1989605,3047390,1276156
1989750,3105947,1276167
1989753,3105963,1276167
1990418,3106090,1276193
1990453,3106095,1276198
1990505,3106063,1276206
1990983,3106132,1276233
934566,3098210,1276248
1991271,3106131,1276260
1991275,3106134,1276260
1991476,3104181,1276267
934737,3106220,1276285
934738,3106224,1276285
1991916,3106225,1276293
1991921,3106220,1276293
1991925,3106222,1276293
1991926,3106224,1276293
934965,3106272,1276304
1992130,3106270,1276304
1992131,3052256,1276304
1992132,3050805,1276304
1992133,3046832,1276304
1992134,3068410,1276304
935446,3106164,1276321
935450,3106176,1276321
1993541,3106178,1276321
935727,3106315,1276352
1994413,3106322,1276352
1994419,3106325,1276352
1994448,3106317,1276352
1994449,3106318,1276352
1994450,3106319,1276352
1994452,3106320,1276352
1994453,3106321,1276352
936042,3106425,1276416
1995189,3057981,1276416
1995190,3106423,1276416
1995191,3057989,1276416
1995192,3057986,1276416
1995193,3106424,1276416
1995899,3106437,1276437
1995900,3106439,1276437
936239,3106464,1276448
1996040,3057063,1276448
1996041,3057062,1276448
936256,3106491,1276453
936268,3106503,1276457
1996303,3106487,1276457
1996304,3106493,1276457
1996305,3106498,1276457
1996306,3106501,1276457
936920,3106462,1276462
1996721,3106449,1276462
1996722,3089729,1276462
1996723,3105456,1276462
1996724,3105447,1276462
1996728,3105448,1276462
1996730,3105449,1276462
1996731,3105453,1276462
1996732,3105454,1276462
1996733,3105455,1276462
1996734,3105490,1276462
1996735,3105493,1276462
1996736,3105410,1276462
1996737,3105411,1276462
1996738,3105412,1276462
1996740,3105379,1276462
1996741,3105380,1276462
1996742,3055318,1276462
1996743,3055319,1276462
1996744,3055320,1276462
1996745,3044694,1276462
1996746,3044693,1276462
1996747,3055332,1276462
1996748,3055339,1276462
1996749,3055344,1276462
1996750,3055349,1276462
1996751,3055354,1276462
1996752,3078237,1276462
1996753,3078240,1276462
1996754,3078241,1276462
1996755,3078244,1276462
1996756,3078245,1276462
1996757,3078246,1276462
1996758,3078247,1276462
1996759,3078248,1276462
1996761,3078253,1276462
1996762,3078254,1276462
1996763,3078255,1276462
1996764,3078257,1276462
1996766,3078249,1276462
1996767,3078250,1276462
1996768,3078251,1276462
1996769,3078252,1276462
1996770,3078258,1276462
1996771,3078259,1276462
1996772,3078261,1276462
1996773,3078262,1276462
1996774,3078356,1276462
1996775,3078361,1276462
1996776,3078358,1276462
1996777,3078366,1276462
1996778,3078370,1276462
1996779,3078350,1276462
1996781,3078373,1276462
1996783,3078353,1276462
1996786,3055359,1276462
1996787,3055365,1276462
1996789,3055372,1276462
1996791,3055377,1276462
1996793,3055381,1276462
1996794,3078264,1276462
1996796,3078265,1276462
1996797,3078266,1276462
1996798,3078267,1276462
1996799,3078268,1276462
1996800,3078269,1276462
1996801,3078270,1276462
1996802,3078271,1276462
1996805,3078276,1276462
1996806,3078277,1276462
1996810,3078279,1276462
1996811,3078280,1276462
1996813,3078272,1276462
1996816,3078273,1276462
1996817,3078274,1276462
1996818,3078275,1276462
1996819,3078282,1276462
1996820,3078284,1276462
1996821,3078286,1276462
1996822,3078288,1276462
1996823,3078403,1276462
1996824,3078408,1276462
1996825,3078405,1276462
1996826,3078411,1276462
1996827,3078414,1276462
1996828,3078397,1276462
1996829,3078417,1276462
1996830,3078400,1276462
1996831,3105541,1276462
1996832,3105542,1276462
1996833,3105386,1276462
1996835,3105390,1276462
1996836,3105391,1276462
1996837,3105387,1276462
1996838,3105388,1276462
1996839,3105389,1276462
1996840,3105544,1276462
1996841,3105443,1276462
1996842,3105487,1276462
1996843,3105399,1276462
1996844,3105369,1276462
1996845,3105484,1276462
1996846,3105525,1276462
1996847,3105440,1276462
1996848,3105385,1276462
1996849,3105463,1276462
1996850,3105497,1276462
1996851,3105428,1276462
1996852,3105382,1276462
1996854,3105457,1276462
1996856,3105496,1276462
1996857,3105419,1276462
1996858,3105381,1276462
1996859,3105478,1276462
1996860,3105514,1276462
1996861,3105439,1276462
1996862,3105384,1276462
1996863,3105465,1276462
1996864,3105498,1276462
1996865,3105437,1276462
1996866,3105383,1276462
1996867,3105482,1276462
1996868,3105521,1276462
1996869,3105483,1276462
1996870,3105524,1276462
1996871,3105485,1276462
1996872,3105530,1276462
1996873,3105446,1276462
1996874,3105488,1276462
1996875,3105476,1276462
1996876,3105510,1276462
1996878,3105486,1276462
1996879,3105538,1276462
1996881,3044636,1276462
1996882,3078469,1276462
1996884,3078470,1276462
1996885,3078473,1276462
1996887,3078486,1276462
1996889,3078484,1276462
1996891,3078485,1276462
1996893,3078495,1276462
1996901,3078493,1276462
1996903,3078494,1276462
1996904,3078490,1276462
1996905,3078489,1276462
1996906,3078488,1276462
1996907,3078476,1276462
1996908,3078479,1276462
1996909,3078482,1276462
1996910,3105489,1276462
1996911,3105409,1276462
1996912,3105404,1276462
1996913,3105378,1276462
1996914,3105377,1276462
1996915,3055388,1276462
1996916,3055393,1276462
1996917,3055394,1276462
1996918,3055395,1276462
1996919,3055396,1276462
1996920,3055400,1276462
1996921,3055405,1276462
1996922,3055406,1276462
1996923,3055407,1276462
1996924,3055408,1276462
1996925,3055409,1276462
1996926,3055412,1276462
1996927,3055413,1276462
1996928,3055414,1276462
1996929,3044638,1276462
1996930,3044640,1276462
1996931,3055451,1276462
1996932,3044682,1276462
1996933,3044680,1276462
1996935,3078321,1276462
1996936,3078328,1276462
1996937,3078324,1276462
1996938,3078331,1276462
1996939,3078333,1276462
1996940,3078335,1276462
1996941,3055415,1276462
1996942,3055416,1276462
1996943,3055417,1276462
1996944,3055418,1276462
1996945,3055419,1276462
1996946,3055420,1276462
1996947,3055421,1276462
1996948,3055422,1276462
1996949,3044683,1276462
1996950,3044687,1276462
1996951,3044688,1276462
1996952,3044691,1276462
1996953,3105367,1276462
1996954,3096595,1276462
1996955,3055429,1276462
1996956,3055430,1276462
1996962,3105539,1276462
1996964,3105540,1276462
1996965,3044692,1276462
1996967,3055450,1276462
1996970,3053280,1276462
1996972,3044639,1276462
1996974,3044641,1276462
1996975,3055431,1276462
1996977,3055434,1276462
1996979,3055441,1276462
1996982,3055442,1276462
1996983,3055443,1276462
1996984,3055444,1276462
1996985,3055445,1276462
1996986,3055446,1276462
1996987,3055447,1276462
1996988,3055448,1276462
1996989,3055449,1276462
1996990,3044637,1276462
936360,3061099,1276485
1996696,3106494,1276485
1996697,3106491,1276485
936463,3106547,1276509
936465,3091120,1276509
936474,3044697,1276509
936480,3084193,1276509
936588,3106563,1276521
1997591,3106560,1276521
1997592,3106558,1276521
1998085,3054626,1276552
936881,3106519,1276565
1998804,3106629,1276615
1998823,3106640,1276617
1998865,3106636,1276620
1998873,3106640,1276620
1998884,3106636,1276621
1999178,3106650,1276637
1999342,3106645,1276645
1999665,3054648,1276654
1999889,3106675,1276661
1999890,3106676,1276661
1999892,3106677,1276661
1999893,3106679,1276661
937330,3081582,1276673
937332,3081586,1276673
2000202,3078987,1276680
937680,3081549,1276724
937683,3081550,1276724
937716,3106686,1276726
937717,3106688,1276726
2001503,3106689,1276726
937749,3106710,1276750
2001612,3074080,1276750
2001613,3074081,1276750
937845,3106745,1276754
2002000,3055077,1276755
2002001,3106614,1276755
2002334,3106853,1276769
2002396,3106556,1276780
938525,3106981,1276895
2003569,3093647,1276904
2003570,3106556,1276904
938407,3106988,1276909
2004039,3052486,1276919
2004041,3044262,1276919
2004042,3052542,1276919
2004045,3049420,1276919
2004047,3055537,1276919
2004048,3106994,1276919
2004049,3055535,1276919
2004050,3106996,1276919
2004051,3058903,1276919
2004052,3058904,1276919
2004053,3068980,1276919
2004054,3068982,1276919
2004055,3068984,1276919
2004056,3068986,1276919
2004057,3055534,1276919
2004058,3093718,1276919
2004059,3106999,1276919
2004060,3107001,1276919
2004061,3068350,1276919
2004062,3102058,1276919
2004063,3102059,1276919
2004064,3102060,1276919
2004065,3107003,1276919
2004066,3102061,1276919
2004067,3102062,1276919
2004068,3059717,1276919
2004069,3107004,1276919
2004070,3107005,1276919
2004071,3107011,1276919
2005546,3107041,1276961
2005549,3107043,1276961
2005586,3106586,1276967
2005689,3047938,1276970
2005691,3107208,1276970
2005693,3107210,1276970
2007005,3107846,1277044
2007258,3067011,1277053
2007260,3067013,1277053
2007261,3067008,1277053
939411,3107884,1277084
2007906,3107885,1277084
2008407,3107897,1277112
2008570,3057720,1277123
2008571,3057721,1277123
2008572,3107900,1277123
2008573,3107901,1277123
2008574,3059141,1277123
2008575,3059142,1277123
2008576,3059144,1277123
2008577,3107902,1277123
2008578,3107903,1277123
2008579,3107904,1277123
2008580,3107905,1277123
2008581,3107906,1277123
2008582,3047582,1277123
2008583,3049781,1277123
2008584,3059059,1277123
2008585,3059060,1277123
2008586,3049786,1277123
2008587,3049792,1277123
2008588,3049794,1277123
2008589,3049796,1277123
2008590,3049798,1277123
2008591,3047584,1277123
2008592,3096607,1277123
2008593,3096606,1277123
2008594,3096605,1277123
2008595,3059201,1277123
2008596,3049699,1277123
2008597,3059146,1277123
2008598,3049701,1277123
2008599,3059147,1277123
2008600,3107907,1277123
2008601,3107908,1277123
2008602,3107909,1277123
2008603,3107910,1277123
2008604,3107911,1277123
2008605,3107912,1277123
2008606,3107913,1277123
2008607,3107914,1277123
2008608,3107915,1277123
2008609,3107916,1277123
2008610,3107917,1277123
2008611,3107918,1277123
2008612,3107919,1277123
2008613,3107920,1277123
2008614,3107921,1277123
2008615,3107922,1277123
2008616,3107923,1277123
2008899,3107931,1277130
2009392,3107958,1277147
939789,3107960,1277151
2009423,3046979,1277151
2009424,3046989,1277151
2009425,3046976,1277151
2009871,3106782,1277179
2009902,3106790,1277179
2009903,3106800,1277179
2009904,3106802,1277179
2009905,3106820,1277179
2009906,3075742,1277179
2009907,3106921,1277179
2009908,3106923,1277179
939971,3107929,1277195
939972,3107930,1277195
939973,3059973,1277195
939974,3059979,1277195
939999,3108006,1277212
2010268,3070679,1277212
2010269,3107991,1277212
2010270,3107992,1277212
2010271,3107993,1277212
2010272,3107994,1277212
2010274,3107995,1277212
2010275,3107998,1277212
940005,3108013,1277216
2010302,3068116,1277216
2010303,3071955,1277216
2010304,3071956,1277216
2010616,3085464,1277229
2011237,3108029,1277249
940291,3088312,1277271
940312,3108072,1277271
2011544,3088314,1277271
940400,3108082,1277284
940401,3108083,1277284
940402,3108084,1277284
940403,3108085,1277284
940408,3108086,1277284
940409,3108087,1277284
940531,3095988,1277315
940535,3095990,1277315
940543,3095992,1277315
2012229,3108096,1277315
2012246,3108098,1277315
2012592,3082919,1277331
2012593,3082836,1277331
2013948,3108254,1277392
2014287,3108256,1277405
2014469,3054617,1277412
941350,3092890,1277433
941358,3092891,1277433
2014768,3108274,1277433
2015018,3074755,1277444
941398,3108286,1277446
941404,3108287,1277446
941463,3048827,1277452
941468,3048827,1277452
941471,3048827,1277452
941474,3048827,1277452
941477,3048829,1277452
941478,3048827,1277452
941481,3048829,1277452
941482,3048827,1277452
941484,3048829,1277452
2015148,3048829,1277452
2015153,3048829,1277452
2015154,3048829,1277452
2015155,3048829,1277452
2015161,3048829,1277452
2015152,3108294,1277453
2015530,3108292,1277474
2015531,3108288,1277474
2015810,3049853,1277484
2016773,3108415,1277543
941890,3068989,1277544
2016811,3108428,1277549
942007,3108445,1277560
942010,3108444,1277560
2016964,3089815,1277560
2016965,3089814,1277560
2016966,3089816,1277560
2016967,3089817,1277560
2016968,3089818,1277560
2016969,3089819,1277560
2016970,3089820,1277560
2016971,3089821,1277560
2016972,3089822,1277560
2016973,3089824,1277560
2016974,3089825,1277560
2016975,3089826,1277560
2017212,3106295,1277576
2017213,3108448,1277576
942291,3061860,1277617
942445,3108572,1277655
2017892,3108558,1277655
2017893,3108563,1277655
2017894,3108566,1277655
2017895,3108568,1277655
2018387,3108584,1277672
942728,3061001,1277687
942733,3061003,1277687
942737,3108615,1277687
942740,3061005,1277687
942888,3108634,1277721
2018725,3047679,1277721
2018726,3108626,1277721
2018727,3108628,1277721
2018728,3108631,1277721
943140,3108700,1277748
2019148,3108696,1277748
2019149,3108697,1277748
2019150,3108698,1277748
2019271,3108585,1277762
2019278,3108596,1277762
943196,3108545,1277770
2019380,3108547,1277770
2019381,3108550,1277770
2019382,3108552,1277770
2019383,3108554,1277770
2019386,3108555,1277770
2019482,3108713,1277773
943341,3108729,1277796
2019890,3108725,1277796
2019891,3108726,1277796
2019892,3108727,1277796
2019893,3108728,1277796
943667,3048829,1277832
943668,3048827,1277832
943671,3048827,1277832
943676,3048827,1277832
943681,3048827,1277832
943686,3048827,1277832
943691,3048829,1277832
943694,3048827,1277832
943696,3048829,1277832
2020611,3048829,1277832
2020612,3048829,1277832
2020614,3048829,1277832
2020615,3048829,1277832
2020621,3048829,1277832
2020981,3108799,1277852
2021227,3108811,1277871
944513,3108775,1277910
944515,3108778,1277910
944517,3108780,1277910
2022817,3108773,1277910
2022829,3108776,1277910
2022849,3108782,1277910
2022850,3108768,1277910
2023136,3108695,1277918
2023137,3108663,1277918
2023218,3108844,1277919
2023219,3108846,1277919
2023220,3071530,1277919
2023221,3108848,1277919
2023222,3108849,1277919
2023223,3108851,1277919
2023224,3108853,1277919
2023225,3108855,1277919
2023226,3108856,1277919
2023564,3108898,1277934
2023566,3108900,1277934
944619,3088043,1277936
944980,3060155,1277989
2026141,3108957,1277989
2026146,3060156,1277989
945252,3108861,1278022
945254,3108888,1278022
2026623,3108871,1278022
2026625,3108890,1278022
2026626,3108892,1278022
2026754,3109037,1278032
2027094,3109350,1278058
945747,3104890,1278092
945748,3104892,1278092
945753,3109477,1278092
945767,3109479,1278092
2028403,3109475,1278092
2028413,3109481,1278092
2028414,3109490,1278093
2028415,3109496,1278093
945861,3082070,1278110
2028627,3109347,1278110
946186,3109545,1278160
2029279,3062236,1278160
2029280,3062237,1278160
2029281,3062240,1278160
2029322,3109521,1278161
2029807,3109551,1278202
2029809,3109552,1278202
2029812,3109553,1278202
2029822,3061561,1278203
2030130,3109500,1278237
2030131,3109501,1278237
2030132,3109502,1278237
2030133,3109503,1278237
2030134,3109504,1278237
2030135,3109505,1278237
2030136,3109506,1278237
2030137,3109507,1278237
2030138,3109508,1278237
2030139,3109509,1278237
2030140,3109510,1278237
946751,3109634,1278279
946773,3109625,1278279
2030624,3109619,1278279
2030625,3109632,1278279
2030628,3109628,1278279
2030644,3109628,1278279
2030646,3109636,1278279
2030650,3109626,1278279
2030655,3109630,1278279
946757,3109643,1278290
2030666,3081534,1278292
2030671,3109641,1278292
2031125,3071239,1278330
2031126,3086868,1278330
2031127,3056762,1278330
2031171,3109667,1278334
2031692,3071109,1278356
2032210,3109728,1278378
2032211,3109731,1278378
2032212,3109735,1278378
2032213,3109739,1278378
947619,3065058,1278417
2033259,3109801,1278418
947636,3065428,1278421
2033713,3109727,1278449
2033717,3109786,1278449
2033718,3109733,1278449
2033799,3065428,1278454
2034135,3047386,1278478
2034136,3050393,1278478
2034137,3044754,1278478
2034138,3064023,1278478
2034139,3085421,1278478
2034140,3085420,1278478
2034141,3085423,1278478
2034142,3085424,1278478
2034143,3085422,1278478
2034203,3075726,1278481
2034479,3067429,1278509
948034,3109892,1278513
2034674,3109886,1278513
2034675,3109887,1278513
2034676,3109889,1278513
2035035,3109902,1278524
2035190,3109908,1278533
2035300,3109893,1278542
2035460,3109999,1278558
2035461,3048389,1278558
2035462,3110008,1278558
2035463,3110011,1278558
2035464,3110015,1278558
948257,3110045,1278563
2035479,3072778,1278563
2035480,3092885,1278563
948460,3055032,1278621
948505,3110209,1278628
2036953,3081263,1278628
2036956,3110185,1278628
2036961,3051958,1278628
2036968,3051949,1278628
2036976,3081261,1278628
2036978,3110188,1278628
2036980,3081267,1278628
2036983,3081279,1278628
2036986,3081281,1278628
2036988,3110191,1278628
2036992,3081272,1278628
2036997,3051953,1278628
2037001,3110194,1278628
2037007,3110197,1278628
2037012,3110200,1278628
2037016,3110203,1278628
2037019,3110206,1278628
2037020,3061859,1278628
2037021,3046560,1278628
2037022,3061858,1278628
2037023,3058309,1278628
2037024,3061857,1278628
2037025,3050881,1278628
2037026,3060185,1278628
2037027,3052238,1278628
2037028,3060184,1278628
2037248,3110311,1278658
949906,3110305,1278704
949923,3110298,1278704
949925,3110299,1278704
949928,3110301,1278704
949932,3110303,1278704
2038320,3109903,1278704
2038321,3109904,1278704
2038322,3109905,1278704
2038323,3109906,1278704
2038324,3109907,1278704
2038325,3109909,1278704
2038326,3109910,1278704
2038327,3109911,1278704
2038328,3109912,1278704
2038329,3109913,1278704
2038330,3109915,1278704
2038331,3109916,1278704
2038332,3109917,1278704
2038333,3109918,1278704
2038334,3109919,1278704
2038335,3109921,1278704
2038336,3109923,1278704
2038337,3109925,1278704
2038338,3109926,1278704
2038339,3109927,1278704
2038340,3109928,1278704
2038341,3109929,1278704
2038342,3109930,1278704
2038343,3109931,1278704
2038344,3109932,1278704
2038345,3109933,1278704
2038346,3109934,1278704
2038347,3109935,1278704
2038348,3109936,1278704
2038349,3109937,1278704
2038350,3109938,1278704
2038351,3109939,1278704
2038352,3109940,1278704
2038353,3109941,1278704
2038354,3109942,1278704
2038355,3109943,1278704
2038356,3109944,1278704
2038357,3109945,1278704
2038358,3109946,1278704
2038359,3109947,1278704
2038360,3109948,1278704
2038361,3109949,1278704
2038362,3109950,1278704
2038363,3109951,1278704
2038364,3109952,1278704
2038365,3109953,1278704
2038366,3109954,1278704
2038367,3109955,1278704
2038368,3057957,1278704
2038369,3109956,1278704
2038370,3109957,1278704
2038371,3109958,1278704
2038372,3109959,1278704
2038373,3109960,1278704
2038374,3109961,1278704
2038375,3109962,1278704
2038376,3109963,1278704
2038377,3109964,1278704
2038378,3109965,1278704
2038379,3109966,1278704
2038380,3109967,1278704
2038381,3109968,1278704
2038382,3109969,1278704
2038383,3109970,1278704
2038384,3109971,1278704
2038385,3109972,1278704
2038386,3109973,1278704
2038387,3109974,1278704
2038388,3109975,1278704
2038389,3109976,1278704
2038390,3109977,1278704
2038391,3109978,1278704
2038392,3109979,1278704
2038393,3109980,1278704
2038394,3109981,1278704
2038395,3109982,1278704
2038396,3109983,1278704
2038397,3109984,1278704
2038398,3109985,1278704
2038399,3109986,1278704
2038400,3109987,1278704
2038401,3109988,1278704
2038402,3109989,1278704
2038403,3109990,1278704
2038404,3109991,1278704
2038405,3109992,1278704
2038406,3109993,1278704
2038407,3109994,1278704
2038408,3109995,1278704
2038409,3109996,1278704
2038410,3109997,1278704
2038411,3109998,1278704
2038412,3110001,1278704
2038413,3110004,1278704
2038414,3110006,1278704
2038415,3110007,1278704
2038416,3110010,1278704
2038417,3110013,1278704
2038418,3110014,1278704
2038419,3110017,1278704
2038420,3110018,1278704
2038421,3110020,1278704
2038422,3110023,1278704
2038423,3110025,1278704
2038424,3110026,1278704
2038425,3110028,1278704
2038426,3110029,1278704
2038427,3110030,1278704
2038428,3110031,1278704
2038429,3110032,1278704
2038430,3110033,1278704
2038431,3110034,1278704
2038432,3110035,1278704
2038433,3110036,1278704
2038434,3110037,1278704
2038435,3110038,1278704
2038436,3110039,1278704
2038437,3110040,1278704
2038438,3110041,1278704
2038439,3110042,1278704
2038440,3110043,1278704
2038441,3110044,1278704
2038442,3110046,1278704
2038443,3110047,1278704
2038444,3110048,1278704
2038445,3110049,1278704
2038446,3110050,1278704
2038447,3110051,1278704
2038448,3110052,1278704
2038449,3110053,1278704
2038450,3110054,1278704
2038451,3110055,1278704
2038452,3110056,1278704
2038453,3110057,1278704
2038454,3110058,1278704
2038455,3110059,1278704
2038456,3110060,1278704
2038457,3110061,1278704
2038458,3110062,1278704
2038459,3110063,1278704
2038460,3110064,1278704
2038461,3110065,1278704
2038462,3110066,1278704
2038463,3110067,1278704
2038464,3110068,1278704
2038465,3110069,1278704
2038466,3110070,1278704
2038467,3110071,1278704
2038468,3110072,1278704
2038469,3110073,1278704
2038470,3110074,1278704
2038471,3110075,1278704
2038472,3110076,1278704
2038473,3110077,1278704
2038474,3110078,1278704
2038475,3110079,1278704
2038476,3110080,1278704
2038477,3110081,1278704
2038478,3110082,1278704
2038479,3110083,1278704
2038480,3110084,1278704
2038481,3110085,1278704
2038482,3110086,1278704
2038483,3110093,1278704
2038484,3110095,1278704
2038485,3110096,1278704
2038486,3110097,1278704
2038487,3110098,1278704
2038488,3110099,1278704
2038489,3110100,1278704
2038490,3110101,1278704
2038491,3110102,1278704
2038492,3110103,1278704
2038493,3110104,1278704
2038494,3110105,1278704
2038495,3110106,1278704
2038496,3110107,1278704
2038497,3110108,1278704
2038498,3110109,1278704
2038499,3110110,1278704
2038500,3110111,1278704
2038501,3110112,1278704
2038502,3110113,1278704
2038503,3110114,1278704
2038504,3110115,1278704
2038505,3110116,1278704
2038506,3110117,1278704
2038507,3110118,1278704
2038508,3110119,1278704
2038509,3110120,1278704
2038510,3110121,1278704
2038511,3110122,1278704
2038512,3110123,1278704
2038513,3110124,1278704
2038514,3110125,1278704
2038515,3110126,1278704
2038516,3110127,1278704
2038517,3110128,1278704
2038540,3110129,1278704
2038541,3110130,1278704
2038542,3110131,1278704
2038543,3110132,1278704
2038544,3110133,1278704
2038545,3110134,1278704
2038546,3110135,1278704
2038547,3110136,1278704
2038548,3110137,1278704
2038549,3110138,1278704
2038550,3110140,1278704
2038551,3110141,1278704
2038552,3110142,1278704
2038553,3110143,1278704
2038554,3110144,1278704
2038555,3110145,1278704
2038556,3110146,1278704
2038557,3110147,1278704
2038558,3110148,1278704
2038559,3110149,1278704
2038560,3110150,1278704
2038561,3110151,1278704
2038562,3110152,1278704
2038563,3110153,1278704
2038564,3110154,1278704
2038565,3110155,1278704
2038566,3110156,1278704
2038567,3110157,1278704
2038568,3110158,1278704
2038569,3110159,1278704
2038570,3110160,1278704
2038571,3110161,1278704
2038572,3110162,1278704
2038573,3110163,1278704
2038574,3110164,1278704
2038575,3110165,1278704
2038576,3110166,1278704
2038577,3110167,1278704
2038578,3110168,1278704
2038579,3110169,1278704
2038580,3110170,1278704
2038581,3110171,1278704
2038582,3110172,1278704
2038583,3110173,1278704
2038584,3110174,1278704
2038585,3110175,1278704
2038586,3110176,1278704
2038587,3110177,1278704
2038588,3110178,1278704
2038589,3110183,1278704
2038590,3110184,1278704
2038591,3110187,1278704
2038592,3110190,1278704
2038593,3110193,1278704
2038594,3110196,1278704
2038595,3110199,1278704
2038596,3110202,1278704
2038597,3110205,1278704
2038598,3110208,1278704
2038599,3110210,1278704
2038600,3110211,1278704
2038601,3110212,1278704
2038602,3110213,1278704
2038603,3110214,1278704
2038604,3110215,1278704
2038605,3110216,1278704
2038606,3110217,1278704
2038607,3110218,1278704
2038608,3110219,1278704
2038609,3110220,1278704
2038610,3110221,1278704
2038611,3110222,1278704
2038612,3110223,1278704
2038613,3110224,1278704
2038614,3110225,1278704
2038615,3110226,1278704
2038616,3110227,1278704
2038617,3110228,1278704
2038618,3110229,1278704
2038619,3110230,1278704
2038620,3110231,1278704
2038621,3110232,1278704
2038622,3110233,1278704
2038623,3110234,1278704
2038624,3110235,1278704
2038625,3110236,1278704
2038626,3110237,1278704
2038627,3110238,1278704
2038628,3110240,1278704
2038629,3110242,1278704
2038630,3110243,1278704
2038631,3110244,1278704
2038632,3110245,1278704
2038633,3110246,1278704
2038634,3110247,1278704
2038635,3110248,1278704
2038636,3110249,1278704
2038637,3110250,1278704
2038638,3110251,1278704
2038639,3110252,1278704
2038640,3110253,1278704
2038641,3110254,1278704
2038642,3110255,1278704
2038643,3110256,1278704
2038644,3110257,1278704
2038645,3110258,1278704
2038646,3110259,1278704
2038647,3110260,1278704
2038648,3110261,1278704
2038649,3110262,1278704
2038650,3110263,1278704
2038651,3110264,1278704
2038652,3110265,1278704
2038653,3110266,1278704
2038654,3110267,1278704
2038655,3110268,1278704
2038656,3110269,1278704
2038657,3110270,1278704
2038658,3110271,1278704
2038659,3110272,1278704
2038660,3110273,1278704
2038661,3110274,1278704
2038662,3110275,1278704
2038663,3110276,1278704
2038664,3110277,1278704
2038665,3110278,1278704
2038666,3110279,1278704
2038667,3110280,1278704
2038668,3110281,1278704
2038669,3110282,1278704
2038670,3110283,1278704
2038671,3110284,1278704
2038672,3110285,1278704
2038673,3110286,1278704
2038674,3110287,1278704
2038675,3110288,1278704
2038676,3110289,1278704
2038677,3110291,1278704
2038678,3110292,1278704
2038679,3073455,1278704
2038052,3110337,1278707
948966,3110342,1278738
2038220,3110344,1278738
2038823,3110369,1278755
2039067,3110385,1278782
2039822,3110425,1278828
2039824,3110426,1278828
2039844,3110426,1278828
949857,3074204,1278832
2039850,3110427,1278832
2039851,3074199,1278832
2039852,3110429,1278832
2039854,3074202,1278832
2039855,3066352,1278832
2039856,3110432,1278832
2039861,3110430,1278832
2039863,3110425,1278832
2039864,3110426,1278832
949903,3110417,1278835
949904,3110419,1278835
949995,3110440,1278852
2040668,3110460,1278877
2040990,3110501,1278909
950381,3110492,1278920
2041174,3110497,1278920
2041197,3062299,1278922
2041242,3110405,1278925
2041276,3105915,1278930
2041281,3110563,1278930
2041385,3110538,1278937
2041412,3110564,1278939
950571,3110586,1278951
950586,3077393,1278954
2041905,3056749,1278958
2042150,3110500,1278989
2042172,3070630,1278991
2042710,3110596,1279024
2042711,3110597,1279024
2042778,3110658,1279030
2042783,3110659,1279031
2042789,3110655,1279032
2042792,3110656,1279033
951111,3110621,1279062
951112,3088760,1279062
951115,3088772,1279062
2043508,3063219,1279082
2043513,3110709,1279082
2043530,3110710,1279082
2043532,3063216,1279082
2043793,3110719,1279092
951317,3071707,1279094
2043826,3071709,1279094
2043909,3054628,1279101
951400,3110725,1279116
951402,3110726,1279116
951405,3110728,1279116
951407,3110730,1279116
951529,3110540,1279144
951533,3110517,1279144
951535,3110541,1279144
2044392,3110523,1279144
2044395,3110544,1279144
2044396,3110517,1279144
2044399,3110538,1279144
951639,3110786,1279158
2044812,3086321,1279158
2044813,3086316,1279158
2044814,3086322,1279158
2044880,3082664,1279159
951778,3110683,1279178
951781,3110684,1279178
951784,3110686,1279178
951786,3086074,1279178
951789,3086082,1279178
951791,3086089,1279178
951795,3086097,1279178
951798,3086103,1279178
952101,3110825,1279223
952104,3110828,1279223
952106,3110824,1279223
2046702,3110827,1279223
952109,3079323,1279224
2046703,3079268,1279224
2046704,3079294,1279224
952636,3110872,1279239
952771,3110876,1279239
2047137,3110900,1279257
952364,3110905,1279272
952366,3110906,1279272
952368,3110909,1279272
2047522,3110907,1279272
2047538,3102447,1279272
2047543,3110910,1279272
952489,3110843,1279307
952490,3110891,1279307
952491,3110893,1279307
2047842,3110888,1279307
2047843,3110890,1279307
2047844,3062972,1279307
2047848,3110898,1279307
2047890,3048273,1279314
2047891,3047879,1279314
2047892,3078492,1279314
2048155,3084411,1279320
2048889,3111101,1279347
2049120,3111104,1279360
952816,3111115,1279368
2049218,3066734,1279368
952864,3111125,1279377
2049405,3111119,1279377
2049406,3111120,1279377
2049407,3111121,1279377
2049408,3111123,1279377
2049440,3111009,1279380
2049464,3110988,1279381
2049465,3110990,1279381
2049487,3111009,1279381
2049526,3062300,1279384
952935,3111048,1279385
952994,3111140,1279395
952996,3111142,1279395
953008,3111127,1279395
953010,3111129,1279395
953013,3111131,1279395
953060,3111133,1279395
953070,3111136,1279395
953082,3111138,1279395
2049727,3111126,1279395
953101,3111060,1279409
953109,3111062,1279410
953128,3111066,1279411
953140,3111068,1279412
953144,3111070,1279413
953147,3111072,1279414
953150,3111074,1279415
2050282,3111151,1279416
953156,3111076,1279417
953159,3111078,1279419
2050307,3052682,1279420
2050308,3045687,1279420
953163,3111080,1279421
953174,3111082,1279422
953243,3111019,1279434
953252,3111090,1279434
2050489,3111037,1279434
2050490,3111039,1279434
2050491,3111041,1279434
2050492,3111043,1279434
2050493,3111045,1279434
2050494,3111050,1279434
2050495,3111052,1279434
2050496,3111054,1279434
2050497,3111056,1279434
2050498,3111058,1279434
2050499,3111084,1279434
2050500,3111086,1279434
2050501,3111088,1279434
2050504,3111011,1279434
2050626,3111171,1279438
2050937,3111149,1279448
2051107,3062294,1279455
2051180,3094407,1279459
2051229,3111167,1279462
953483,3066761,1279479
953645,3111286,1279508
2052508,3111355,1279536
954298,3111231,1279577
954300,3111233,1279577
954304,3111235,1279577
954306,3111237,1279577
954308,3111239,1279577
954313,3111241,1279577
954318,3111246,1279577
954320,3111250,1279577
954321,3111252,1279577
954324,3111254,1279577
954327,3111256,1279577
954329,3111258,1279577
2053348,3111214,1279577
2053349,3111218,1279577
2053350,3111229,1279577
954331,3063297,1279581
954333,3067753,1279581
954334,3105087,1279581
954336,3078102,1279581
954337,3111371,1279581
954338,3111374,1279581
954339,3111378,1279581
954367,3111437,1279591
2053581,3078887,1279599
2054310,3062290,1279642
2054589,3062186,1279659
2054592,3111479,1279659
955164,3111521,1279687
955165,3111523,1279687
955166,3111525,1279687
955168,3111527,1279687
2055527,3111529,1279687
2055528,3111530,1279687
955418,3111172,1279750
955419,3111174,1279750
955421,3111176,1279750
955422,3111178,1279750
955424,3111180,1279750
955425,3111182,1279750
2056556,3111585,1279751
2056591,3111411,1279753
2056604,3111436,1279753
2056827,3111586,1279768
955753,3111612,1279848
2057608,3111615,1279848
2058249,3111664,1279903
956774,3111703,1279908
2058645,3058468,1279908
2058646,3089732,1279908
2058647,3071123,1279908
2058648,3060997,1279908
2058649,3063964,1279908
2058650,3069025,1279908
2058651,3111635,1279908
2058652,3111636,1279908
2058653,3111639,1279908
2058654,3044270,1279908
2058655,3052953,1279908
2058656,3111640,1279908
2058657,3111641,1279908
2058658,3111642,1279908
2058659,3111643,1279908
2058660,3111644,1279908
2058661,3111645,1279908
2058662,3052879,1279908
2058663,3096849,1279908
2058664,3059847,1279908
2058665,3111646,1279908
2058666,3111647,1279908
2058667,3111648,1279908
2058668,3111650,1279908
2058669,3078034,1279908
2058670,3078039,1279908
2058671,3111653,1279908
2058672,3044862,1279908
2058673,3097083,1279908
2058674,3111655,1279908
2058675,3111658,1279908
2058676,3111661,1279908
2058677,3111663,1279908
2058678,3111665,1279908
2058679,3053111,1279908
2058680,3053113,1279908
2058681,3111667,1279908
2058683,3111669,1279908
2058684,3082366,1279908
2058685,3091877,1279908
2058686,3052878,1279908
2058687,3051428,1279908
2058688,3111673,1279908
2058689,3111675,1279908
2058690,3111678,1279908
2058691,3066328,1279908
2058692,3067435,1279908
2058693,3044300,1279908
2058694,3111681,1279908
2058695,3080052,1279908
2058696,3049157,1279908
2058697,3111684,1279908
2058698,3066326,1279908
2058699,3076835,1279908
2058700,3100588,1279908
2058701,3111687,1279908
2058702,3111688,1279908
2058703,3043648,1279908
2058704,3043657,1279908
2058705,3052721,1279908
2058706,3061975,1279908
2058707,3099666,1279908
2058708,3111689,1279908
2058709,3076803,1279908
2058712,3074872,1279908
2058713,3066327,1279908
2058714,3058519,1279908
2058769,3068099,1279917
956148,3111744,1279918
2059162,3085462,1279935
956639,3050908,1279993
2060795,3111810,1279993
2060796,3111811,1279993
2060799,3101687,1279993
2060800,3111815,1279993
2060802,3050910,1279993
2060897,3111873,1279996
956809,3111961,1280020
2061161,3111960,1280020
2061162,3081492,1280020
2061163,3072676,1280020
2061498,3094479,1280050
2061639,3112010,1280060
957150,3079554,1280068
957160,3079556,1280068
2061740,3112009,1280078
2061741,3112011,1280078
2061743,3091102,1280078
2061966,3112013,1280086
2062072,3111983,1280099
2062073,3111986,1280099
2062074,3111990,1280099
2062075,3111993,1280099
2062076,3111997,1280099
957469,3112052,1280113
957510,3112062,1280117
2062254,3095698,1280117
2062255,3095701,1280117
2062303,3112063,1280125
2062304,3112064,1280125
2062305,3112065,1280125
2062306,3112066,1280125
2062307,3057619,1280125
2062308,3089802,1280125
2062309,3089801,1280125
2062310,3089800,1280125
2062311,3089799,1280125
2062312,3089795,1280125
2062313,3089793,1280125
2062404,3112071,1280129
2062436,3112070,1280134
2062437,3112073,1280134
2062438,3112074,1280134
2062439,3112071,1280134
2062459,3099522,1280136
2062704,3112000,1280140
957722,3043837,1280152
957760,3112058,1280159
2062999,3112058,1280159
2063080,3112086,1280167
957814,3112161,1280177
2063224,3056905,1280177
2063225,3056906,1280177
957861,3112142,1280191
957863,3112144,1280191
957865,3112147,1280191
2063524,3089832,1280202
2063536,3089813,1280202
2063635,3112170,1280218
2063636,3112175,1280218
958039,3112177,1280219
958058,3112106,1280224
2064916,3112197,1280309
2064920,3112200,1280309
2064929,3112222,1280312
2064930,3112223,1280312
2064931,3112224,1280312
2064932,3097832,1280312
2065725,3112251,1280325
958677,3112252,1280331
958699,3112280,1280341
958701,3112287,1280341
958941,3112215,1280365
958946,3112216,1280365
2066490,3112218,1280365
2066633,3112260,1280375
2066634,3112300,1280375
2066695,3112329,1280388
959143,3112327,1280408
2067367,3112327,1280408
2067630,3112336,1280421
2067827,3112384,1280443
2068192,3112354,1280478
2068203,3112336,1280478
2068249,3112406,1280483
959563,3112409,1280517
959566,3112410,1280517
2069171,3112443,1280542
2069203,3112442,1280550
959791,3044121,1280562
959793,3044119,1280562
2069347,3112468,1280568
2069458,3076050,1280575
2069711,3112516,1280610
960102,3112451,1280630
960103,3112452,1280630
960107,3053675,1280630
960110,3053671,1280630
960115,3053677,1280630
960119,3053679,1280630
960129,3048819,1280630
960132,3112469,1280630
2070110,3112537,1280646
2070369,3063958,1280655
2070542,3112529,1280662
2070544,3112531,1280662
2070547,3112559,1280662
2070930,3112667,1280683
2071184,3112645,1280706
2071185,3112647,1280706
2071186,3112649,1280706
2071188,3112651,1280706
960895,3112686,1280715
2071333,3043819,1280716
2071337,3043823,1280716
2071340,3043821,1280716
2071349,3043819,1280718
2071353,3043823,1280718
2071356,3043821,1280718
960932,3112679,1280730
960934,3112684,1280730
960939,3112682,1280730
960942,3112679,1280730
960945,3112684,1280730
960947,3112682,1280730
2071630,3112679,1280732
2071631,3112682,1280732
2071632,3112684,1280732
2071633,3112686,1280732
2071763,3112700,1280737
961274,3112731,1280769
961279,3112732,1280769
961282,3112733,1280769
961284,3112734,1280769
2072503,3112723,1280784
2072559,3112719,1280788
2072749,3112757,1280806
961612,3112781,1280833
2073037,3112777,1280833
2073038,3112778,1280833
2073039,3112779,1280833
2073040,3112780,1280833
2073339,3112800,1280862
2073340,3103364,1280862
2073341,3080169,1280862
961766,3112782,1280871
2073610,3112815,1280876
2073689,3112604,1280878
2073816,3112837,1280888
2073817,3049109,1280888
2073818,3112838,1280888
2073819,3054477,1280888
2073820,3112839,1280888
2073821,3112840,1280888
2073822,3112841,1280888
2073823,3112842,1280888
2073824,3112843,1280888
2073825,3112844,1280888
2073826,3112845,1280888
2073827,3112846,1280888
2074315,3112864,1280909
2074316,3112866,1280909
2074317,3112862,1280909
2074427,3111893,1280916
2074428,3111896,1280916
2074429,3111899,1280916
2074430,3111916,1280916
2074431,3111919,1280916
2074432,3111920,1280916
2074433,3111902,1280916
2074796,3112879,1280934
2075041,3091955,1280960
2075076,3111707,1280967
2075077,3111708,1280967
2075078,3111709,1280967
2075079,3111722,1280967
2075080,3111725,1280967
2075081,3111730,1280967
2075082,3111743,1280967
2075083,3111748,1280967
2075096,3112914,1280969
2075324,3050884,1280990
962640,3112802,1280995
2075443,3112801,1280995
2075468,3112922,1280996
962668,3112951,1281001
962676,3112952,1281001
962678,3112954,1281001
962681,3112956,1281001
962728,3112947,1281007
2075778,3112979,1281030
2075983,3073531,1281045
962926,3058520,1281073
962927,3058534,1281073
962931,3113084,1281073
962933,3113090,1281073
962934,3113094,1281073
962941,3113101,1281073
962944,3058530,1281073
962948,3058434,1281073
962949,3044363,1281073
962951,3058438,1281073
962953,3058432,1281073
962956,3058442,1281073
962968,3058444,1281073
962970,3058446,1281073
962971,3058451,1281073
962976,3058464,1281073
962978,3058536,1281073
962980,3058538,1281073
962982,3058546,1281073
962984,3058492,1281073
962988,3058500,1281073
962992,3058511,1281073
962994,3058513,1281073
963005,3058515,1281073
963014,3058479,1281073
963017,3058526,1281073
963021,3112195,1281073
963023,3075701,1281073
963026,3058528,1281073
963028,3058477,1281073
963029,3058475,1281073
963031,3058473,1281073
963033,3058542,1281073
963035,3083475,1281073
963039,3081554,1281073
963043,3057207,1281073
963044,3081694,1281073
963047,3081696,1281073
963052,3081698,1281073
963053,3081700,1281073
963059,3081702,1281073
963061,3081704,1281073
963064,3081706,1281073
963067,3081708,1281073
2076323,3112981,1281073
2076324,3057277,1281073
2076337,3058550,1281073
2076385,3112980,1281073
2076595,3043696,1281101
2076596,3043677,1281101
2076600,3113117,1281101
2076825,3113125,1281114
963148,3113121,1281116
963154,3113127,1281116
963205,3060168,1281130
2077125,3113147,1281138
2077133,3113153,1281139
2077212,3062302,1281150
2077214,3113146,1281151
2077692,3113165,1281190
2077693,3113167,1281190
2077661,3113120,1281192
2077763,3078945,1281198
2077764,3078944,1281198
2077793,3113178,1281203
2077794,3103360,1281203
2077795,3098911,1281203
2078589,3113212,1281239
2078921,3113191,1281262
2078924,3113192,1281262
963951,3113227,1281266
963954,3113228,1281266
963956,3113233,1281266
2078988,3113230,1281266
2079005,3102446,1281266
2079012,3113235,1281266
964082,3113305,1281284
2079841,3065948,1281284
2079848,3113307,1281284
964127,3113313,1281297
2080087,3062451,1281297
2080088,3080041,1281297
2080089,3080042,1281297
2080090,3080035,1281297
2080091,3080033,1281297
2080092,3080051,1281297
2080093,3080044,1281297
2080094,3080046,1281297
2080095,3080031,1281297
2080096,3080032,1281297
964208,3113333,1281315
2080716,3113329,1281315
2080723,3113337,1281315
2081310,3113344,1281320
964245,3060453,1281321
2081311,3060454,1281321
2081450,3113291,1281336
2081547,3064760,1281340
2081750,3113392,1281348
2081766,3113391,1281348
2082774,3113369,1281403
2082970,3100562,1281421
965072,3113497,1281463
2085186,3113500,1281463
2085190,3113514,1281463
2085433,3063031,1281475
2085436,3113587,1281475
965243,3113408,1281479
965245,3113409,1281479
965250,3113411,1281479
965252,3063418,1281479
965254,3113413,1281479
965256,3113414,1281479
965260,3113416,1281479
965262,3113418,1281479
2086027,3063416,1281479
2086035,3113450,1281479
2086503,3113618,1281491
965320,3113627,1281493
2086518,3113622,1281493
2086519,3113623,1281493
2086520,3113624,1281493
2086521,3113625,1281493
2086522,3113626,1281493
965510,3113617,1281505
965512,3113615,1281505
2086931,3113588,1281505
2086932,3113589,1281505
2086933,3113590,1281505
2086934,3113591,1281505
2086935,3113592,1281505
2086936,3113593,1281505
2086937,3113594,1281505
2086938,3113595,1281505
2086939,3113596,1281505
2086940,3113597,1281505
2086941,3113598,1281505
2086942,3113599,1281505
2086943,3113600,1281505
2086944,3113601,1281505
2086945,3113602,1281505
2086946,3113603,1281505
2086947,3113604,1281505
2086948,3113605,1281505
2086949,3113606,1281505
2086950,3113607,1281505
2086951,3113608,1281505
2086952,3113609,1281505
2086953,3051948,1281505
2086954,3051951,1281505
2086955,3051952,1281505
2086956,3059534,1281505
2086957,3059536,1281505
2086958,3059537,1281505
2086959,3059538,1281505
2086960,3059539,1281505
2086961,3059540,1281505
2086962,3059541,1281505
2086963,3113610,1281505
2086964,3113611,1281505
2087212,3113571,1281527
965587,3064327,1281579
965588,3113647,1281579
965589,3113648,1281579
965590,3113649,1281579
2087902,3113771,1281580
2087903,3113774,1281580
2088194,3113868,1281601
966041,3113910,1281649
2088907,3074574,1281649
2088908,3074573,1281649
2088909,3074572,1281649
2088910,3074571,1281649
2089606,3096687,1281715
2089851,3113922,1281724
2090049,3113999,1281738
966434,3089553,1281745
2090212,3089552,1281745
966606,3113993,1281773
2090816,3070931,1281793
2090817,3068388,1281793
2090818,3068352,1281793
966701,3081604,1281805
966703,3081605,1281805
2091030,3114012,1281818
2091031,3114014,1281818
2091170,3111774,1281832
2091171,3111775,1281832
2091172,3111778,1281832
2091173,3111776,1281832
2091307,3078224,1281841
967072,3114087,1281861
2091632,3114020,1281861
2091633,3114023,1281861
2091634,3114025,1281861
2091635,3114028,1281861
2091636,3114031,1281861
2091637,3114036,1281861
2091638,3114038,1281861
2091639,3114040,1281861
2091640,3059223,1281861
2091641,3114042,1281861
2091642,3114043,1281861
2091643,3114044,1281861
2091644,3114045,1281861
2091645,3114046,1281861
2091646,3059061,1281861
2091647,3114047,1281861
2091648,3114048,1281861
2091649,3114049,1281861
2091650,3114050,1281861
2091651,3114051,1281861
2091652,3114052,1281861
2091653,3114053,1281861
2091654,3114054,1281861
2091655,3059152,1281861
2091656,3059158,1281861
2091657,3114055,1281861
2091658,3114056,1281861
2091659,3114057,1281861
2091660,3114058,1281861
2091661,3114059,1281861
2091662,3114060,1281861
2091663,3114061,1281861
2091664,3114064,1281861
2091665,3114065,1281861
2091666,3114066,1281861
2091667,3114067,1281861
2091668,3114068,1281861
2091669,3059153,1281861
2091670,3114070,1281861
2091671,3114071,1281861
2091672,3114072,1281861
2091673,3114073,1281861
2091674,3114074,1281861
2091675,3114075,1281861
2091676,3114078,1281861
2091677,3114081,1281861
2091678,3059100,1281861
2091679,3114082,1281861
2091680,3114083,1281861
2091681,3114084,1281861
2091682,3114085,1281861
2091683,3064519,1281861
967060,3113942,1281872
967062,3113943,1281872
967063,3113944,1281872
967065,3113945,1281872
967068,3113946,1281872
967085,3114088,1281877
967086,3114089,1281877
2091826,3114080,1281886
967145,3092260,1281901
2091916,3114105,1281905
2092293,3114170,1281917
2092321,3114116,1281920
2092322,3050918,1281920
2092323,3050917,1281920
2092324,3114119,1281920
2092329,3114123,1281920
2092336,3114127,1281920
2092423,3114192,1281924
967685,3050907,1281967
2093612,3114227,1281980
2093614,3114228,1281980
2093617,3114229,1281980
2093790,3114230,1281991
2093932,3114233,1282002
2093933,3114235,1282002
2093934,3114237,1282002
2093935,3096680,1282002
2094120,3114213,1282006
2094123,3114224,1282006
2094922,3114244,1282034
2095053,3114250,1282036
968641,3114186,1282044
968642,3114188,1282044
968643,3114190,1282044
2095720,3114128,1282044
2095721,3114184,1282044
968603,3113697,1282057
968604,3113691,1282057
968616,3113706,1282057
968617,3113704,1282057
968618,3113699,1282057
968619,3113702,1282057
968620,3113721,1282057
968629,3113727,1282057
968630,3113731,1282057
968633,3083705,1282057
2095557,3113733,1282057
2095562,3113740,1282057
2095563,3113742,1282057
2095579,3113877,1282057
2095580,3113692,1282057
2095582,3079570,1282057
2095584,3079572,1282057
2095592,3113724,1282057
2095744,3113731,1282057
2095981,3114272,1282087
2095982,3114273,1282087
2095983,3114274,1282087
2095984,3114275,1282087
2096020,3114270,1282087
2096554,3057947,1282113
2096555,3064947,1282113
2096556,3057216,1282113
2096557,3057212,1282113
2096558,3058037,1282113
2096562,3114352,1282113
2097013,3114360,1282122
2097077,3114363,1282131
2097167,3114348,1282140
2097282,3089749,1282151
2097430,3114379,1282159
969245,3092262,1282166
2097865,3097916,1282175
2097866,3097918,1282175
2097869,3114388,1282175
2097870,3094485,1282175
2097871,3094487,1282175
2097872,3094489,1282175
2098155,3114312,1282189
2098459,3114433,1282212
2098460,3114436,1282212
2098510,3090987,1282217
2098511,3090984,1282217
2098552,3114421,1282221
2098553,3114423,1282221
969628,3114458,1282249
2099555,3114461,1282257
2099556,3114465,1282257
2099559,3114469,1282257
969671,3114641,1282264
969672,3114645,1282264
969673,3114648,1282264
969696,3102462,1282274
2099748,3044169,1282274
2099778,3114661,1282277
969949,3053759,1282323
969951,3053761,1282323
969955,3114493,1282323
2100393,3114819,1282323
2100394,3114821,1282323
2100395,3114823,1282323
2100396,3114825,1282323
2100397,3114827,1282323
2100745,3114836,1282340
970074,3114837,1282343
2100889,3114429,1282356
2100890,3114431,1282356
2100891,3114437,1282356
2100892,3114440,1282356
2100899,3114839,1282358
2101287,3114843,1282397
970549,3051205,1282439
2101906,3114877,1282439
2101989,3114903,1282442
970638,3114909,1282455
2102283,3085469,1282468
2102476,3114946,1282471
970750,3067056,1282475
970751,3114931,1282475
970789,3078603,1282498
2103270,3078604,1282498
2103272,3078605,1282498
2103373,3089764,1282499
970816,3114987,1282503
2104263,3114968,1282505
2104265,3114975,1282505
2104731,3115005,1282515
2106107,3115080,1282576
971200,3115081,1282580
2106135,3115061,1282580
2106136,3115066,1282580
2106137,3115069,1282580
2106138,3115074,1282580
971235,3115089,1282583
971238,3115091,1282583
971241,3115092,1282583
2106317,3101732,1282587
2106318,3089963,1282587
2106319,3075769,1282587
2106320,3075773,1282587
2106321,3089966,1282587
2106322,3089961,1282587
2106323,3073049,1282587
2106324,3073054,1282587
2106325,3057912,1282587
2106326,3057920,1282587
2106327,3057928,1282587
2106329,3057932,1282587
2106330,3073056,1282587
2106331,3057914,1282587
2106332,3057922,1282587
2106333,3057930,1282587
2106334,3073052,1282587
2106336,3057910,1282587
2106337,3057918,1282587
2106338,3057926,1282587
2106339,3057934,1282587
2106340,3073050,1282587
2106341,3057908,1282587
2106342,3057916,1282587
2106343,3057924,1282587
2106344,3057936,1282587
2106345,3102054,1282587
2106346,3052572,1282587
2106347,3115112,1282587
2106348,3102057,1282587
2106349,3101729,1282587
2106350,3052566,1282587
2106351,3052568,1282587
2106352,3052595,1282587
2106353,3113452,1282587
2106354,3052580,1282587
2106355,3061493,1282587
2106356,3115113,1282587
2106357,3113455,1282587
2106358,3115115,1282587
2106359,3074380,1282587
2106360,3115117,1282587
2106361,3074395,1282587
2106362,3101735,1282587
2106363,3095692,1282587
2106364,3095694,1282587
2106365,3095696,1282587
2106366,3095735,1282587
2106367,3095739,1282587
2106368,3095720,1282587
2106369,3095728,1282587
2106370,3068354,1282587
2106371,3101738,1282587
2106372,3095706,1282587
2106373,3095699,1282587
2106374,3095702,1282587
2106375,3095704,1282587
2106376,3052641,1282587
2106377,3052611,1282587
2106378,3101725,1282587
2106379,3115119,1282587
2106380,3052634,1282587
2106381,3115121,1282587
2106382,3081526,1282587
2106383,3061492,1282587
2106384,3066210,1282587
2106385,3066208,1282587
2106386,3101727,1282587
2106467,3101736,1282587
2106475,3101739,1282587
2106480,3101741,1282587
2106485,3101749,1282587
2106490,3101745,1282587
2106311,3115089,1282591
2106312,3115091,1282591
2106313,3115092,1282591
2106651,3115135,1282608
2106652,3115136,1282608
2106653,3098903,1282608
2106654,3103349,1282608
2106889,3115140,1282620
2106890,3115142,1282620
2107872,3115087,1282677
2107873,3115104,1282677
971861,3115202,1282710
2108235,3115186,1282710
2108236,3115187,1282710
2108237,3115188,1282710
2108238,3073363,1282710
2108239,3056913,1282710
2108240,3056914,1282710
2108241,3098775,1282710
2108242,3084972,1282710
2108243,3115189,1282710
2108244,3084973,1282710
2108245,3115190,1282710
2108246,3073362,1282710
2108247,3115191,1282710
2108248,3115192,1282710
2108249,3073360,1282710
2108250,3093957,1282710
2108251,3073361,1282710
2108252,3115193,1282710
2108253,3056915,1282710
2108254,3115194,1282710
2108255,3115195,1282710
2108256,3084974,1282710
2108257,3067428,1282710
2108204,3078950,1282712
2108205,3078948,1282712
971990,3115041,1282777
971991,3115042,1282777
971992,3115044,1282777
971994,3115045,1282777
971995,3115047,1282777
2109245,3081217,1282806
2109539,3115280,1282830
2109545,3115280,1282831
2109635,3115280,1282835
972201,3115214,1282837
972203,3115215,1282837
972204,3115216,1282837
2109814,3115252,1282849
2109903,3054630,1282860
2110384,3115329,1282891
2110389,3062449,1282894
972694,3115354,1282940
972699,3115355,1282940
2111245,3054994,1282958
2111312,3115343,1282961
2111313,3051312,1282961
2111314,3051144,1282961
2111366,3115396,1282965
2111472,3115393,1282975
2111588,3115459,1282982
2111662,3115459,1282992
2111692,3115470,1282996
2111693,3115474,1282996
2112261,3115532,1283017
2112283,3115532,1283017
973279,3115543,1283022
2112348,3115520,1283022
2112349,3115521,1283022
2112350,3115523,1283022
2112373,3115527,1283022
2112417,3115532,1283022
2112489,3115364,1283028
2112490,3115366,1283028
973400,3115560,1283042
2112689,3115555,1283042
2112690,3115556,1283042
2112691,3115557,1283042
2112692,3115559,1283042
2112829,3115571,1283060
2112855,3115571,1283062
2113392,3110815,1283098
2113571,3054622,1283111
2113695,3115607,1283125
2113696,3106531,1283125
2113697,3106527,1283125
2113699,3106529,1283125
973846,3115627,1283139
2113910,3055747,1283139
2113923,3115601,1283141
973866,3095443,1283145
2114144,3054640,1283159
2114225,3115499,1283160
2114239,3115498,1283160
974276,3115634,1283185
2114723,3111940,1283186
2114724,3111947,1283186
2114725,3111948,1283186
2114726,3111949,1283186
2114727,3111950,1283186
2114728,3111951,1283186
2114729,3111956,1283186
2114730,3111957,1283186
2114731,3111958,1283186
2114732,3111959,1283186
974645,3115414,1283223
974651,3115417,1283223
2115724,3115403,1283223
2115725,3115406,1283223
2115731,3115409,1283223
2115736,3115413,1283223
2115739,3115501,1283223
2115740,3115502,1283223
2115741,3115503,1283223
2115742,3115504,1283223
2117144,3056894,1283250
2117145,3056892,1283250
2117146,3090929,1283250
2117148,3115682,1283251
2117190,3115684,1283259
975165,3115713,1283278
2117443,3115712,1283278
2117446,3115712,1283278
2117450,3115712,1283278
2117442,3052423,1283285
2117549,3115741,1283296
975519,3115796,1283321
2118489,3115798,1283321
2118490,3115799,1283321
975582,3115819,1283324
975609,3115823,1283327
2118780,3093792,1283327
2118781,3093790,1283327
2118782,3093794,1283327
2118783,3093793,1283327
2118809,3090601,1283332
2119334,3115836,1283353
2120249,3115757,1283374
2120250,3115747,1283374
2120251,3115750,1283374
2120252,3115747,1283374
2120253,3115750,1283374
976023,3115881,1283380
2120489,3115899,1283389
2120490,3115899,1283389
976146,3115880,1283390
976154,3115882,1283390
976156,3115883,1283390
2120580,3105896,1283390
2120581,3105894,1283390
2120582,3105893,1283390
2120583,3115889,1283390
2120584,3115881,1283390
2120586,3115895,1283390
2120971,3105318,1283411
2120983,3105313,1283411
976394,3115912,1283418
976395,3115913,1283418
976396,3115915,1283418
976397,3115921,1283418
976398,3115922,1283418
2121116,3115923,1283418
2121117,3115919,1283418
2121124,3115917,1283418
2121125,3115917,1283418
2121473,3090603,1283437
2122535,3116039,1283490
2122954,3116078,1283514
977265,3116082,1283523
977272,3115931,1283526
977274,3115955,1283526
977279,3115971,1283526
977280,3116012,1283526
977287,3116014,1283526
2123049,3115963,1283526
2123050,3116011,1283526
2123054,3116016,1283526
977336,3116083,1283542
977387,3116049,1283548
2123357,3116050,1283548
2123619,3116098,1283579
977587,3116099,1283597
2123865,3116101,1283597
2124081,3090990,1283612
2124083,3090989,1283612
2124271,3116094,1283618
2124542,3116176,1283628
977832,3095426,1283632
977834,3115010,1283632
2124693,3116204,1283632
2124696,3116208,1283632
2125582,3116364,1283672
2125585,3116364,1283672
2125666,3116364,1283672
633917,3116329,1283719
2126713,3116408,1283720
2126878,3116404,1283727
2126979,3116486,1283737
978719,3060526,1283751
2127307,3116487,1283751
2127316,3116477,1283751
2127317,3116486,1283751
2127383,3116390,1283759
2127573,3116358,1283764
2127574,3116360,1283764
2127602,3116362,1283764
2127603,3116392,1283764
2127702,3116364,1283764
979199,3116504,1283791
2128976,3093030,1283820
979757,3116465,1283842
979759,3116467,1283842
2129793,3116459,1283842
2129930,3116554,1283843
2130009,3054633,1283845
2130546,3116608,1283857
2130567,3116606,1283861
2130842,3116668,1283888
2130880,3116671,1283891
2130881,3116672,1283891
2130882,3073487,1283891
980187,3116662,1283906
980190,3116666,1283906
2131359,3116659,1283906
980386,3101849,1283922
980394,3116649,1283922
980399,3116652,1283922
980400,3116653,1283922
980484,3116782,1283930
2132162,3116761,1283930
2132163,3116763,1283930
2132164,3116765,1283930
2132165,3116767,1283930
2132166,3116769,1283930
2132167,3116771,1283930
2132168,3116773,1283930
2132169,3116775,1283930
2132170,3116777,1283930
2132171,3116780,1283930
980659,3116791,1283946
980695,3116738,1283951
2132464,3116740,1283951
2132465,3116742,1283951
2132466,3116744,1283951
2132467,3116746,1283951
2132468,3116748,1283951
2132469,3116750,1283951
2132470,3116752,1283951
980702,3116794,1283954
980718,3081741,1283957
2132728,3116826,1283971
980844,3116830,1283981
2132791,3053430,1283981
2132792,3053431,1283981
2132793,3053432,1283981
2132794,3053433,1283981
2132795,3053434,1283981
2132796,3053435,1283981
2132797,3053436,1283981
2133040,3116837,1283989
2133145,3080113,1284000
2133146,3080111,1284000
2133147,3116849,1284000
2133148,3116850,1284000
2133278,3116856,1284007
981000,3116804,1284008
981001,3116806,1284008
2133290,3116807,1284008
2133294,3116826,1284008
2133291,3084236,1284010
2133362,3116861,1284015
2133858,3116825,1284056
981444,3116922,1284062
2133912,3091929,1284062
2133913,3116901,1284062
2133914,3116902,1284062
2133916,3091932,1284062
2133921,3091934,1284062
2133923,3116903,1284062
2133925,3116904,1284062
2133927,3116905,1284062
2133928,3116906,1284062
2133929,3116907,1284062
2133930,3116908,1284062
2133931,3116909,1284062
2133932,3116910,1284062
2133933,3116911,1284062
2133934,3116912,1284062
2133935,3116913,1284062
2133936,3116914,1284062
2133937,3116915,1284062
2133938,3116916,1284062
2133939,3116917,1284062
2133940,3116918,1284062
2133941,3116919,1284062
2133942,3116920,1284062
2133943,3116921,1284062
2133948,3116928,1284065
2134013,3116930,1284078
640401,3116944,1284083
2134131,3116942,1284088
981481,3116946,1284094
2134169,3097854,1284094
2134170,3097855,1284094
2134171,3097856,1284094
2134172,3097857,1284094
2134173,3097858,1284094
981542,3116880,1284109
981545,3116882,1284109
981551,3116884,1284109
981554,3116886,1284109
981559,3116888,1284109
981561,3061477,1284109
981563,3061510,1284109
981565,3061763,1284109
981567,3061765,1284109
981569,3061761,1284109
981572,3103377,1284109
981581,3116874,1284109
981583,3116876,1284109
981585,3116878,1284109
2134477,3061461,1284109
2134516,3116896,1284109
2134518,3116872,1284109
2134520,3116872,1284109
2134544,3116872,1284109
2135031,3116966,1284159
2135033,3116967,1284159
2135041,3111762,1284161
2135042,3111763,1284161
2135043,3111766,1284161
2135044,3111767,1284161
2135045,3111768,1284161
2135046,3111770,1284161
2135047,3111764,1284161
2135048,3111813,1284161
2135049,3111817,1284161
2135050,3111835,1284161
2135051,3111837,1284161
2135052,3111821,1284161
2135053,3111772,1284161
2135076,3116968,1284162
2135142,3116963,1284169
2135154,3116975,1284172
2135155,3099027,1284172
2135156,3103362,1284172
2135157,3103363,1284172
981870,3096092,1284174
981873,3048633,1284174
981876,3116413,1284174
2135243,3116987,1284175
981895,3116980,1284180
981896,3116984,1284180
981898,3116990,1284180
981899,3116994,1284180
981900,3116998,1284180
981901,3117002,1284180
981902,3117006,1284180
981903,3070699,1284180
981904,3117012,1284180
981905,3117015,1284180
981906,3117018,1284180
981908,3117021,1284180
981909,3117024,1284180
981910,3117027,1284180
981911,3117030,1284180
981913,3117034,1284180
981914,3117036,1284180
981915,3070704,1284180
981916,3070716,1284180
981917,3070718,1284180
981920,3070708,1284180
981923,3117039,1284180
981924,3117041,1284180
981925,3106535,1284180
981930,3117045,1284180
981931,3117051,1284180
981933,3117054,1284180
981934,3117056,1284180
981935,3117060,1284180
981939,3117065,1284180
981941,3117068,1284180
981944,3117072,1284180
2135270,3070712,1284180
2135271,3069395,1284180
2135272,3059724,1284180
2135273,3106533,1284180
2135274,3116977,1284180
2135275,3046381,1284180
2135276,3070693,1284180
2135277,3098320,1284180
2135278,3070702,1284180
2135279,3098321,1284180
2135280,3082302,1284180
2135281,3070714,1284180
2135282,3046380,1284180
2135283,3046378,1284180
2135284,3070689,1284180
2135285,3098324,1284180
2135286,3070707,1284180
2135287,3070710,1284180
2135288,3059719,1284180
2135289,3069393,1284180
2135290,3082300,1284180
2135291,3061142,1284180
2135292,3098328,1284180
2135293,3098330,1284180
2135294,3059073,1284180
2135295,3098332,1284180
2135296,3098334,1284180
2135297,3082304,1284180
2135461,3117142,1284196
2135739,3117151,1284213
2135741,3117151,1284213
2135742,3117151,1284213
2135748,3117149,1284214
982165,3117145,1284221
2136371,3117147,1284221
2136433,3117147,1284221
2136586,3086867,1284224
2137036,3073306,1284234
2137304,3117235,1284244
982367,3117186,1284246
2137612,3079345,1284247
2138303,3103528,1284299
2138304,3117240,1284299
2138305,3117209,1284299
2138306,3117235,1284299
2138307,3117242,1284299
2138681,3117259,1284317
2138770,3117276,1284320
2139028,3117268,1284327
982914,3117318,1284344
2139672,3052340,1284344
2139676,3047106,1284344
2139680,3047085,1284344
2139684,3066329,1284344
2139689,3047084,1284344
2139692,3043901,1284344
2139696,3117307,1284344
2139697,3065504,1284344
2139700,3049249,1284344
2139706,3067609,1284344
2139709,3056483,1284344
2139717,3052341,1284344
2139720,3049254,1284344
2139736,3052342,1284344
2139739,3046825,1284344
2139744,3117310,1284344
2139745,3044278,1284344
2139749,3117313,1284344
2139750,3062238,1284344
2139753,3057624,1284344
2139754,3067757,1284344
2139913,3117010,1284349
2140396,3095493,1284367
2140781,3117311,1284408
2140886,3117306,1284417
2140887,3117308,1284417
2140888,3081606,1284417
2140891,3117311,1284417
2141142,3117335,1284457
2141270,3054619,1284460
2141279,3065987,1284462
983457,3117371,1284476
983500,3117382,1284482
2141605,3117381,1284482
2141606,3100945,1284482
2141607,3100953,1284482
2141633,3087473,1284485
2141634,3087478,1284485
2141635,3087483,1284485
983520,3117360,1284486
2141649,3117362,1284486
2141786,3089714,1284502
2141787,3089716,1284502
2141788,3089711,1284502
2141791,3117322,1284504
2141792,3117323,1284504
983647,3056950,1284525
983652,3056952,1284525
983653,3056954,1284525
983656,3056956,1284525
983657,3056960,1284525
983658,3047904,1284525
983659,3056995,1284525
983660,3117466,1284525
983661,3057008,1284525
983662,3057010,1284525
983665,3057019,1284525
983666,3057059,1284525
983667,3056966,1284525
983668,3056968,1284525
2142162,3056962,1284525
2142236,3117414,1284531
2142633,3103203,1284578
2143379,3117515,1284598
984147,3117455,1284614
984147,3117457,1284614
2144640,3094804,1284629
2144650,3106276,1284629
984486,3117459,1284661
2144984,3117427,1284661
2144987,3117461,1284661
984506,3117574,1284662
2145012,3117572,1284662
2145121,3117578,1284673
984586,3115219,1284675
2145553,3117610,1284681
2145576,3090925,1284682
984636,3068570,1284685
984638,3068621,1284685
984640,3068623,1284685
984643,3068586,1284685
984645,3068609,1284685
984647,3054451,1284685
984649,3064629,1284685
984651,3054492,1284685
984653,3068236,1284685
984655,3085646,1284685
984657,3054496,1284685
984659,3065446,1284685
984661,3065430,1284685
984663,3064636,1284685
984665,3085648,1284685
984667,3065436,1284685
984669,3054494,1284685
984671,3065450,1284685
984673,3085418,1284685
984675,3066203,1284685
984677,3085655,1284685
984679,3085720,1284685
984681,3064597,1284685
984685,3065362,1284685
984687,3065369,1284685
984689,3085651,1284685
984691,3077855,1284685
984693,3085713,1284685
984695,3085689,1284685
984697,3085731,1284685
984699,3085729,1284685
984701,3085718,1284685
984703,3085735,1284685
984705,3085733,1284685
984708,3085716,1284685
984710,3065456,1284685
984712,3085724,1284685
984714,3065371,1284685
984716,3066180,1284685
984719,3065533,1284685
984722,3085653,1284685
984724,3064638,1284685
984726,3085644,1284685
984728,3065438,1284685
984730,3085722,1284685
984732,3085695,1284685
984734,3062321,1284685
984737,3085727,1284685
984739,3085541,1284685
984741,3085543,1284685
984743,3066201,1284685
984745,3085545,1284685
984747,3085547,1284685
984750,3085549,1284685
984752,3085551,1284685
984754,3085553,1284685
984756,3085555,1284685
984758,3085557,1284685
984760,3085559,1284685
984762,3054507,1284685
984764,3085561,1284685
984766,3066223,1284685
984768,3085566,1284685
984770,3066221,1284685
984772,3085575,1284685
984774,3062318,1284685
984776,3085582,1284685
984778,3085588,1284685
984780,3085594,1284685
984782,3066218,1284685
984788,3077863,1284685
984791,3085601,1284685
984796,3054517,1284685
984804,3085603,1284685
984810,3085605,1284685
984812,3085597,1284685
984814,3065296,1284685
984816,3085608,1284685
984818,3085610,1284685
984820,3085613,1284685
984822,3085616,1284685
984824,3085410,1284685
984826,3085618,1284685
2146452,3117765,1284698
984867,3117768,1284706
2146559,3093371,1284706
2146560,3117767,1284706
985099,3117819,1284778
2147206,3055183,1284778
2147207,3117818,1284778
985133,3117784,1284786
2148144,3117891,1284862
2148145,3117893,1284862
2148271,3117879,1284872
2148272,3117881,1284872
985500,3117841,1284875
2148326,3117835,1284875
2148327,3117853,1284875
2148331,3117857,1284875
2148441,3088947,1284878
2148455,3117916,1284879
985540,3118054,1284896
2148706,3118050,1284896
2148707,3060818,1284896
2148708,3060825,1284896
2148887,3118093,1284918
2148888,3118097,1284918
985594,3106525,1284921
985597,3106523,1284921
985598,3106524,1284921
985600,3053963,1284921
985601,3053961,1284921
985602,3106526,1284921
985603,3106522,1284921
985625,3118198,1284924
2148959,3118178,1284924
2148960,3118181,1284924
2148961,3118184,1284924
2148962,3118187,1284924
2148963,3118190,1284924
2148964,3118193,1284924
2148965,3057211,1284924
2148967,3051960,1284924
2148968,3057210,1284924
2148969,3043820,1284924
2149047,3092528,1284931
2149246,3077729,1284943
2149464,3118208,1284958
2149466,3118206,1284958
2149468,3118206,1284958
2149470,3118206,1284958
2149781,3118248,1284967
2149782,3118250,1284967
2149887,3091956,1284974
2149888,3118274,1284975
2149973,3118276,1284977
2150766,3118342,1285013
2150767,3118344,1285013
986249,3118350,1285020
2150813,3118349,1285020
2151293,3054649,1285039
2151410,3057867,1285047
2151411,3057868,1285047
2151412,3057872,1285047
2151413,3057870,1285047
2151414,3118358,1285047
2151415,3118359,1285047
986473,3054429,1285063
986476,3118295,1285063
2151848,3118281,1285063
2151849,3118294,1285063
2151852,3118302,1285063
986523,3118369,1285075
986523,3118371,1285075
986524,3118369,1285075
2151942,3118373,1285078
2151943,3118375,1285078
2152097,3067972,1285090
986648,3070128,1285095
2152408,3062298,1285106
2152473,3118438,1285109
2152474,3118439,1285109
2152699,3118443,1285117
2152700,3118444,1285117
2152792,3105185,1285130
2152869,3116079,1285133
2152870,3118450,1285133
2152871,3118451,1285133
2152872,3118452,1285133
2152873,3118453,1285133
2152874,3118454,1285133
2152875,3118456,1285133
2152876,3118458,1285133
2152877,3118462,1285133
2152878,3118466,1285133
2152879,3118468,1285133
2153026,3057072,1285139
2152985,3057125,1285149
2153538,3118573,1285175
2153539,3118575,1285175
2154421,3118598,1285205
2154422,3118600,1285205
2154423,3118602,1285205
2154424,3075044,1285205
2154425,3050069,1285205
2154602,3085466,1285214
2154652,3118567,1285220
987552,3118640,1285239
2155376,3112868,1285239
2155378,3112869,1285239
987685,3118658,1285279
2155913,3049733,1285279
2155914,3074732,1285279
2155915,3049734,1285279
2155916,3074733,1285279
2156549,3118759,1285308
988465,3118668,1285360
2157717,3118666,1285360
2157719,3118680,1285360
2157908,3118796,1285373
2157909,3118797,1285373
988763,3118798,1285386
2158172,3074072,1285386
2158175,3118800,1285386
988828,3118513,1285391
988829,3118515,1285391
988830,3118523,1285391
988832,3118559,1285391
988840,3118561,1285391
988841,3118563,1285391
2158521,3111846,1285402
2158522,3111847,1285402
2158523,3111848,1285402
2158524,3111849,1285402
2158525,3111852,1285402
2158526,3111858,1285402
2158527,3111869,1285402
2158528,3111870,1285402
2158529,3111872,1285402
2158530,3111871,1285402
989000,3118823,1285430
2158810,3065302,1285430
989034,3118835,1285442
2158907,3110732,1285442
2158908,3110724,1285442
2158909,3118834,1285442
2158936,3103050,1285443
2159128,3118833,1285456
2159144,3118841,1285462
989129,3118819,1285467
989303,3118931,1285506
2159649,3118933,1285506
2159652,3118935,1285506
2159856,3118944,1285519
2160049,3118938,1285532
2160173,3118944,1285548
2160930,3118887,1285604
989898,3118974,1285620
2161350,3118976,1285620
989936,3118986,1285623
990177,3118998,1285665
990295,3119013,1285695
2162968,3044267,1285725
990413,3119050,1285729
2163137,3119022,1285729
2163138,3119024,1285729
2163139,3119026,1285729
2163140,3119028,1285729
2163142,3119032,1285729
2163143,3119034,1285729
2163144,3119038,1285729
2163145,3119040,1285729
2163146,3119041,1285729
2163147,3119042,1285729
2163148,3119043,1285729
2163149,3119044,1285729
2163150,3119045,1285729
2163151,3119046,1285729
2163152,3119047,1285729
990673,3119023,1285742
2164104,3119080,1285756
2164756,3119103,1285783
991149,3057966,1285792
991151,3057962,1285792
991226,3119118,1285797
2165134,3109711,1285797
2165135,3109712,1285797
2165136,3109713,1285797
2165137,3109714,1285797
2165138,3109715,1285797
2165139,3109716,1285797
2165223,3097860,1285807
2165224,3099088,1285807
2165225,3119122,1285807
2165226,3119124,1285807
2165396,3119125,1285820
2165473,3119068,1285827
2165477,3074311,1285827
2165479,3119066,1285827
2165481,3062589,1285827
2165482,3062590,1285827
2166363,3119141,1285890
991678,3094267,1285909
2167105,3119167,1285917
992125,3119185,1285927
992129,3119186,1285927
992132,3119187,1285927
992135,3119188,1285927
992137,3119190,1285927
2167896,3119220,1285934
2167897,3119221,1285934
2167898,3119222,1285934
2167899,3119224,1285934
2167977,3119231,1285942
2167978,3080170,1285942
2167979,3103350,1285942
993210,3119318,1285966
2169528,3119309,1285966
2169529,3119311,1285966
2169754,3119339,1285975
993810,3119210,1285992
2170509,3052730,1285992
2170510,3064649,1285992
2170511,3119214,1285992
2170513,3119216,1285992
993936,3119114,1286013
2170961,3119115,1286013
2171326,3078942,1286025
2171328,3078940,1286025
2171331,3078938,1286025
2171345,3078942,1286025
2171351,3078940,1286025
2171384,3078938,1286025
2171764,3090742,1286053
2171893,3119383,1286056
2172994,3119234,1286074
2172997,3119236,1286074
2172998,3119254,1286074
2172999,3119274,1286074
2173002,3119276,1286074
994449,3119398,1286083
994453,3119399,1286083
994454,3119400,1286083
2173339,3119410,1286107
2173823,3119418,1286120
994639,3119423,1286131
994641,3119425,1286131
994642,3119427,1286131
994645,3119429,1286131
2174638,3119404,1286164
2174640,3119405,1286164
2174643,3119407,1286164
2174778,3119455,1286170
2174909,3119457,1286171
2174921,3119451,1286174
2174954,3048992,1286178
2174957,3119378,1286178
994998,3116497,1286189
2175008,3119458,1286189
995232,3119532,1286252
2176227,3119534,1286253
2176489,3119537,1286261
995425,3071186,1286273
995489,3119526,1286284
2176821,3119524,1286284
2176824,3119528,1286284
2177332,3050891,1286308
2177641,3119548,1286323
2177642,3119550,1286323
2177961,3117321,1286341
2177962,3117320,1286341
2178085,3054620,1286353
2178299,3119596,1286360
2178446,3119603,1286370
2178669,3119619,1286381
2178670,3119620,1286381
2178672,3119621,1286381
2178673,3119622,1286381
2178674,3119624,1286381
2178675,3119626,1286381
2178677,3119627,1286381
2178678,3119629,1286381
2178679,3119630,1286381
2178681,3119631,1286381
2178776,3119617,1286388
2178880,3111839,1286392
2178881,3111840,1286392
2178882,3111843,1286392
2178883,3111844,1286392
2178884,3111841,1286392
2178894,3109794,1286392
2178923,3109794,1286392
2179343,3090175,1286409
2179910,3119615,1286427
2180269,3066959,1286435
2180274,3119688,1286436
2180277,3078024,1286436
2180349,3085458,1286439
996376,3119698,1286477
2180967,3119722,1286481
996439,3119654,1286491
996440,3119657,1286491
996441,3119660,1286491
2181163,3119712,1286502
2181204,3049460,1286506
2181210,3049460,1286506
996984,3119837,1286597
996985,3119839,1286597
2182279,3119831,1286597
2182281,3119832,1286597
2182282,3119834,1286597
2182283,3119835,1286597
997261,3119907,1286609
2182757,3119914,1286613
2183422,3119921,1286637
2183423,3045842,1286637
997782,3082545,1286650
997783,3082497,1286650
997785,3119943,1286650
997786,3119944,1286650
997789,3119946,1286650
2183815,3119955,1286659
997852,3119960,1286678
2183948,3045949,1286678
2183949,3067817,1286678
997877,3119958,1286689
997881,3119959,1286689
2184075,3119724,1286692
2184076,3119722,1286692
2184078,3047440,1286692
2184081,3119734,1286692
998001,3119963,1286698
998003,3057493,1286698
998005,3057380,1286698
998007,3119965,1286698
998009,3119967,1286698
998012,3119969,1286698
998016,3119971,1286698
998017,3057382,1286698
998021,3119973,1286698
998022,3057388,1286698
998023,3119975,1286698
998369,3119904,1286741
2185307,3103561,1286753
2185308,3095383,1286753
2185374,3085460,1286755
998555,3117793,1286765
998595,3120007,1286765
2186111,3071287,1286765
2186114,3117787,1286765
2186118,3119998,1286765
2186122,3117811,1286765
2186127,3117816,1286765
2186211,3120017,1286772
2186398,3054621,1286801
2186583,3054539,1286825
2186589,3120031,1286825
998923,3120079,1286871
2187131,3056799,1286871
2187166,3066733,1286875
2187240,3064410,1286882
2187433,3120102,1286891
2187571,3120144,1286917
999203,3120167,1286933
2188410,3120158,1286952
999418,3080526,1286965
999419,3080524,1286965
999420,3080522,1286965
999422,3080520,1286965
999423,3080518,1286965
999424,3080516,1286965
2188968,3120178,1286965
999456,3056611,1286969
999473,3120229,1286979
2189260,3072795,1286979
2189261,3072796,1286979
2190060,3120266,1287045
2190194,3120209,1287057
1000121,3048041,1287100
2190799,3120291,1287116
2190814,3120290,1287117
2190815,3120291,1287117
1000212,3120301,1287123
1000273,3120311,1287134
2191018,3119748,1287134
2191019,3119751,1287134
2191020,3120308,1287134
2191021,3119762,1287134
2191022,3119763,1287134
2191023,3119767,1287134
2191024,3119768,1287134
2191025,3119769,1287134
2191026,3118636,1287134
2191027,3058283,1287134
2191028,3119770,1287134
2191030,3119771,1287134
2191032,3068858,1287134
2191034,3119772,1287134
2191035,3119776,1287134
2191037,3119780,1287134
2191039,3119782,1287134
2191041,3119786,1287134
2191043,3119790,1287134
2191044,3119791,1287134
2191047,3119794,1287134
2191048,3119795,1287134
681698,3120314,1287145
2191122,3120312,1287146
2191123,3120314,1287146
2191258,3113119,1287151
2191636,3120346,1287169
2191668,3120211,1287173
2191669,3120213,1287173
2191670,3047880,1287173
2192054,3082938,1287198
2192055,3082933,1287198
2192625,3111749,1287211
2192626,3111750,1287211
2192628,3111754,1287211
2192629,3111755,1287211
2192631,3111756,1287211
2192632,3111758,1287211
2192634,3111759,1287211
2192636,3111760,1287211
2192638,3111752,1287211
2193175,3043806,1287247
2193327,3120459,1287259
2193328,3120460,1287259
1000935,3120479,1287271
2193576,3075238,1287271
2193577,3049800,1287271
2193578,3047396,1287271
2193579,3049801,1287271
1000948,3120482,1287273
2193624,3120480,1287275
2194116,3120407,1287295
2194121,3120407,1287297
1001254,3116562,1287318
2194844,3120437,1287318
2194845,3120446,1287318
2195067,3120489,1287330
1001364,3120517,1287338
2195130,3080253,1287338
2195131,3080244,1287338
2195132,3080236,1287338
2195133,3080231,1287338
2195134,3080247,1287338
2195135,3080249,1287338
2195136,3080257,1287338
2195433,3120495,1287372
2195810,3101362,1287416
2195883,3084410,1287419
2195884,3120552,1287419
2196916,3120567,1287471
2197089,3120641,1287485
2197107,3120643,1287486
1002142,3097276,1287493
1002150,3053669,1287493
1002156,3048822,1287493
2197474,3120778,1287507
2197619,3068102,1287512
2197880,3082289,1287523
1002305,3120804,1287525
1002306,3120793,1287525
1002308,3097807,1287525
1002309,3097811,1287525
1002310,3120795,1287525
1002311,3120797,1287525
1002313,3120799,1287525
2198015,3108125,1287525
2198016,3061290,1287525
2198017,3045703,1287525
2198018,3045705,1287525
2198019,3090832,1287525
2198020,3097815,1287525
2198021,3120800,1287525
2198023,3120802,1287525
2198026,3097809,1287525
2198028,3061091,1287525
2198030,3051078,1287525
2198032,3061262,1287525
2198034,3051076,1287525
2198036,3061256,1287525
2198038,3062200,1287525
2198040,3097813,1287525
2198042,3051080,1287525
2198044,3051082,1287525
2198046,3119460,1287525
2198048,3084067,1287526
1002322,3120831,1287544
1002324,3120832,1287544
1002326,3120834,1287544
1002328,3120837,1287544
2201097,3115685,1287628
2201098,3115687,1287628
2201099,3115689,1287628
1002696,3120907,1287651
2201393,3120905,1287651
2201959,3120823,1287674
2201960,3120824,1287674
2201963,3120825,1287674
2201964,3120826,1287674
2202266,3120945,1287686
2202269,3120948,1287686
2202345,3120944,1287686
2202213,3120919,1287693
2202761,3076699,1287709
2202762,3120899,1287709
2202764,3120901,1287709
2202766,3120903,1287709
2202767,3081538,1287709
1003102,3046356,1287711
1003103,3046348,1287711
1003104,3046359,1287711
1003105,3046352,1287711
1003107,3052056,1287711
1003114,3120988,1287724
1003116,3120989,1287724
1003191,3120986,1287744
1003250,3120995,1287755
1003252,3120996,1287755
2204493,3120995,1287755
2204496,3120996,1287755
2204498,3043651,1287755
2204499,3120996,1287755
2204500,3120995,1287755
2204501,3043651,1287755
2204522,3120998,1287762
2204523,3121000,1287762
1003303,3121035,1287772
2204733,3121065,1287783
2205248,3121018,1287840
1003618,3121081,1287861
2205801,3121058,1287868
2205802,3121068,1287868
2205805,3121073,1287868
2205831,3121051,1287868
2205832,3121056,1287868
1003823,3121122,1287888
2206163,3063976,1287888
2206165,3063977,1287888
2206614,3121149,1287913
2206854,3063806,1287925
2206855,3063810,1287925
2206856,3063811,1287925
2206857,3063812,1287925
2206858,3063813,1287925
2206859,3063814,1287925
2206860,3111366,1287925
2206861,3111373,1287925
2206862,3111370,1287925
2206863,3111386,1287925
2206864,3111389,1287925
2206865,3111383,1287925
2206866,3111376,1287925
2206867,3111380,1287925
2206868,3093987,1287925
2206869,3093990,1287925
2206870,3093993,1287925
2208080,3121213,1287954
2208081,3121216,1287954
1004685,3121128,1287956
1004689,3121130,1287956
1004691,3060427,1287956
2208574,3121298,1287976
1004865,3121303,1287986
1004883,3119388,1287988
1005063,3121316,1288019
2209223,3121312,1288020
2209453,3121346,1288026
2209454,3121347,1288026
2209455,3102445,1288026
2209456,3121349,1288026
2209457,3121350,1288026
2210191,3121340,1288035
1005291,3121355,1288043
2210409,3045676,1288043
2210435,3121272,1288045
2210436,3121274,1288045
2210437,3121276,1288045
2210438,3121296,1288045
2210439,3121270,1288045
1005363,3121377,1288054
2211051,3048180,1288054
2211052,3055938,1288054
2211053,3071824,1288054
2211054,3072136,1288054
2211055,3116784,1288054
2211057,3110902,1288055
2211177,3121398,1288057
2211409,3054618,1288068
1005433,3051084,1288078
2211586,3121411,1288090
1005482,3121414,1288097
1005541,3112331,1288110
1005549,3060451,1288112
2213974,3060452,1288112
2214016,3121422,1288115
2214119,3121510,1288128
1005804,3121623,1288140
1005807,3121622,1288140
2214837,3121618,1288140
2214838,3121620,1288140
2216662,3121429,1288140
2216663,3121430,1288140
2216664,3121431,1288140
2216665,3121432,1288140
2216666,3121433,1288140
2216667,3121434,1288140
2216668,3121435,1288140
2216669,3121436,1288140
2216670,3121437,1288140
2216671,3121438,1288140
2216672,3121439,1288140
2216673,3121440,1288140
2216674,3121441,1288140
2216675,3121442,1288140
2216676,3121443,1288140
2216677,3121444,1288140
2216678,3121445,1288140
2216679,3121446,1288140
2216680,3121447,1288140
2216681,3121448,1288140
2216682,3121449,1288140
2216683,3121450,1288140
2216684,3121451,1288140
2216685,3121452,1288140
2216686,3121453,1288140
2216687,3121454,1288140
2216688,3121455,1288140
2216689,3121456,1288140
2216690,3121457,1288140
2216691,3121458,1288140
2216692,3121459,1288140
2216693,3121460,1288140
2216694,3121461,1288140
2216695,3121462,1288140
2216696,3121463,1288140
2216697,3121464,1288140
2216698,3121465,1288140
2216699,3121466,1288140
2216700,3121467,1288140
2216701,3121468,1288140
2216702,3121469,1288140
2216703,3121471,1288140
2216704,3121472,1288140
2216705,3121473,1288140
2216706,3121474,1288140
2216707,3121475,1288140
2216708,3121476,1288140
2216709,3121478,1288140
2216710,3121479,1288140
2216711,3121480,1288140
2216712,3121481,1288140
2216713,3121482,1288140
2216714,3121483,1288140
2216715,3121484,1288140
2216716,3121485,1288140
2216717,3121486,1288140
2216718,3121487,1288140
2216719,3121488,1288140
2216720,3121489,1288140
2216721,3121490,1288140
2216722,3121491,1288140
2216723,3121492,1288140
2216724,3121494,1288140
2216725,3121495,1288140
2216726,3121496,1288140
2216727,3121497,1288140
2216728,3121498,1288140
2216729,3121499,1288140
2216730,3121500,1288140
2216731,3121501,1288140
2216732,3121502,1288140
2216733,3121505,1288140
2216734,3121507,1288140
2216735,3121509,1288140
2216736,3121511,1288140
2216737,3121512,1288140
2216738,3121513,1288140
2216739,3121514,1288140
2216740,3121515,1288140
2216741,3121516,1288140
2216742,3121517,1288140
2216743,3121518,1288140
2216744,3121519,1288140
2216745,3121520,1288140
2216746,3121521,1288140
2216747,3121522,1288140
2216748,3121523,1288140
2216749,3121524,1288140
2216750,3121525,1288140
2216751,3121526,1288140
2216752,3121527,1288140
2216753,3121529,1288140
2216754,3121531,1288140
2216755,3121533,1288140
2216756,3121534,1288140
2216757,3121536,1288140
2216758,3121538,1288140
2216759,3121539,1288140
2216760,3121540,1288140
2216761,3121541,1288140
2216762,3121542,1288140
2216763,3121543,1288140
2216764,3121544,1288140
2216765,3121545,1288140
2216766,3121546,1288140
2216767,3121547,1288140
2216768,3121548,1288140
2216769,3121549,1288140
2216770,3121550,1288140
2216771,3121551,1288140
2216772,3121554,1288140
2216773,3121560,1288140
2216774,3121563,1288140
2216775,3121567,1288140
2216776,3121568,1288140
2216777,3121569,1288140
2216778,3121570,1288140
2216779,3121571,1288140
2216780,3121572,1288140
2216781,3121573,1288140
2216782,3121574,1288140
2216783,3121575,1288140
2216784,3121576,1288140
2216785,3121577,1288140
2216786,3121578,1288140
2216787,3121579,1288140
2216788,3121580,1288140
2216789,3121581,1288140
2216790,3121582,1288140
2216791,3121583,1288140
2216792,3121584,1288140
2216793,3121585,1288140
2216794,3121586,1288140
2216795,3121587,1288140
2216796,3121588,1288140
2216797,3121589,1288140
2216798,3121590,1288140
2216799,3121591,1288140
2216800,3121592,1288140
2216801,3121593,1288140
2216802,3121594,1288140
2216803,3121595,1288140
2216804,3121596,1288140
2216805,3121597,1288140
2216806,3121598,1288140
2216807,3121599,1288140
2216808,3121600,1288140
2216809,3121601,1288140
2216810,3121602,1288140
2216811,3121603,1288140
2216812,3121604,1288140
2216813,3121605,1288140
2216814,3121606,1288140
2216815,3121607,1288140
2216816,3121608,1288140
2216817,3121609,1288140
2216818,3121610,1288140
2216819,3121611,1288140
2216820,3121612,1288140
2216821,3121613,1288140
2216822,3121614,1288140
2216823,3121615,1288140
2216824,3121616,1288140
2216825,3121617,1288140
2214694,3121644,1288150
1005794,3121650,1288158
1005796,3121651,1288158
2214812,3121652,1288158
2214836,3121654,1288159
2219097,3121738,1288192
2219098,3121740,1288192
2219101,3121743,1288192
2219102,3121747,1288192
2219316,3121741,1288192
2220640,3108714,1288198
2220662,3047569,1288200
2220663,3078202,1288200
2220664,3073145,1288200
2220665,3088120,1288200
2220736,3121763,1288204
2220745,3121765,1288205
2221356,3121763,1288208
2221357,3121765,1288208
2221439,3121795,1288222
2221525,3121801,1288224
2221526,3051941,1288224
