1006311,1006311
1006313,1006313
1006314,1006314
1006315,1006315
1006317,1006313
1006317,1006317
1006317,1006321
1006317,1006323
1006317,1006325
1006317,1006327
1006317,1006329
1006317,1006331
1006317,1006333
1006317,1006335
1006317,1006337
1006317,1006339
1006317,1006341
1006317,1006345
1006317,1006348
1006317,1006350
1006317,1006352
1006317,1006354
1006317,1006356
1006317,1006358
1006317,1006360
1006317,1006362
1006317,1006364
1006317,1006366
1006317,1006368
1006317,1006370
1006317,1006372
1006317,1006374
1006317,1006376
1006317,1006378
1006317,1006380
1006317,1006382
1006317,1006384
1006317,1006386
1006317,1006388
1006317,1006390
1006317,1006392
1006317,1006393
1006317,1006395
1006317,1006399
1006317,1006403
1006317,1006405
1006317,1006407
1006317,1006409
1006317,1006411
1006317,1006413
1006317,1006415
1006317,1006417
1006317,1006419
1006317,1006423
1006317,1006425
1006317,1006427
1006317,1006429
1006317,1006431
1006317,1006433
1006317,1006435
1006317,1006437
1006317,1006439
1006317,1006441
1006317,1006443
1006317,1006445
1006317,1006447
1006317,1006449
1006317,1006451
1006317,1006453
1006317,1006455
1006317,1006457
1006317,1006459
1006317,1006461
1006317,1006462
1006317,1006464
1006317,1006465
1006317,1006467
1006317,1006469
1006317,1006471
1006317,1006473
1006317,1006475
1006317,1006477
1006317,1006479
1006317,1006481
1006317,1006483
1006317,1006485
1006317,1006487
1006317,1006489
1006317,1006490
1006317,1006492
1006317,1006494
1006317,1006496
1006317,1006498
1006317,1006500
1006317,1006502
1006317,1006504
1006317,1006506
1006317,1006508
1006317,1006510
1006317,1006512
1006317,1006514
1006317,1006516
1006317,1006518
1006317,1006520
1006317,1006522
1006317,1006523
1006317,1006525
1006317,1006527
1006317,1006528
1006317,1006530
1006317,1006532
1006317,1006534
1006317,1006536
1006317,1006538
1006317,1006540
1006317,1006542
1006317,1006544
1006317,1006546
1006317,1006548
1006317,1006549
1006317,1006551
1006317,1006553
1006317,1006554
1006317,1006555
1006317,1006557
1006317,1006558
1006317,1006559
1006317,1006561
1006317,1006563
1006317,1006565
1006317,1006567
1006317,1006569
1006317,1006571
1006317,1006573
1006317,1006575
1006317,1006577
1006317,1006578
1006317,1006580
1006317,1006582
1006317,1006584
1006317,1006586
1006317,1006588
1006317,1006590
1006317,1006592
1006317,1006594
1006317,1006596
1006317,1006598
1006317,1006600
1006317,1006602
1006317,1006604
1006317,1006606
1006317,1006608
1006317,1006610
1006317,1006612
1006317,1006614
1006317,1006616
1006317,1006618
1006317,1006620
1006317,1006622
1006317,1006624
1006317,1006626
1006317,1006628
1006317,1006630
1006317,1006632
1006317,1006634
1006317,1006636
1006317,1006638
1006317,1006640
1006317,1006642
1006317,1006644
1006317,1006646
1006317,1006648
1006317,1006650
1006317,1006651
1006317,1006653
1006317,1006655
1006317,1006657
1006317,1006659
1006317,1006661
1006317,1006663
1006317,1006665
1006317,1006667
1006317,1006669
1006317,1006671
1006317,1006673
1006317,1006675
1006317,1006677
1006317,1006678
1006317,1006680
1006317,1006682
1006317,1006684
1006317,1006686
1006317,1006688
1006317,1006690
1006317,1006692
1006317,1006694
1006317,1006696
1006317,1006698
1006317,1006700
1006317,1006702
1006317,1006704
1006317,1006706
1006317,1006708
1006317,1006710
1006317,1006712
1006317,1006714
1006317,1006716
1006317,1006718
1006317,1006720
1006317,1006722
1006317,1006724
1006317,1006726
1006317,1006728
1006317,1006730
1006317,1006732
1006317,1006734
1006317,1006736
1006317,1006738
1006317,1006740
1006317,1006742
1006317,1006744
1006317,1006745
1006317,1006747
1006317,1006749
1006317,1006751
1006317,1006753
1006317,1006755
1006317,1006757
1006317,1006759
1006317,1006761
1006317,1006763
1006317,1006765
1006317,1006767
1006317,1006769
1006317,1006771
1006317,1006773
1006317,1006775
1006317,1006777
1006317,1006779
1006317,1006781
1006317,1006783
1006317,1006785
1006317,1006787
1006317,1006789
1006317,1006791
1006317,1006793
1006317,1006795
1006317,1006797
1006317,1006799
1006317,1006801
1006317,1006803
1006317,1006804
1006317,1006806
1006317,1006808
1006317,1006810
1006317,1006812
1006317,1006814
1006317,1006816
1006317,1006818
1006317,1006820
1006317,1006822
1006317,1006824
1006317,1006826
1006317,1006828
1006317,1006830
1006317,1006832
1006317,1006834
1006317,1006836
1006317,1006838
1006317,1006840
1006317,1006842
1006317,1006844
1006317,1006846
1006317,1006848
1006317,1006850
1006317,1006852
1006317,1006853
1006317,1006855
1006317,1006857
1006317,1006859
1006317,1006861
1006317,1006863
1006317,1006865
1006317,1006867
1006317,1006869
1006317,1006871
1006317,1006873
1006317,1006875
1006317,1006877
1006317,1006879
1006317,1006880
1006317,1006882
1006317,1006884
1006317,1006886
1006317,1006888
1006317,1006890
1006317,1006892
1006317,1006894
1006317,1006896
1006317,1006898
1006317,1006900
1006317,1006902
1006317,1006904
1006317,1006906
1006317,1006908
1006317,1006910
1006317,1006912
1006317,1006914
1006317,1006916
1006317,1006918
1006317,1006920
1006317,1006922
1006317,1006924
1006317,1006926
1006317,1006928
1006317,1006930
1006317,1006932
1006317,1006934
1006317,1006936
1006317,1006938
1006317,1006940
1006317,1006942
1006317,1006944
1006317,1006946
1006317,1006948
1006317,1006950
1006317,1006952
1006317,1006954
1006317,1006956
1006317,1006958
1006317,1006960
1006317,1006962
1006317,1006964
1006317,1006966
1006317,1006968
1006317,1006970
1006317,1006972
1006317,1006974
1006317,1006976
1006317,1006978
1006317,1006980
1006317,1006982
1006317,1006984
1006317,1006986
1006317,1006988
1006317,1006990
1006317,1006992
1006317,1006994
1006317,1006996
1006317,1006998
1006317,1007000
1006317,1007002
1006317,1007004
1006317,1007006
1006317,1007008
1006317,1007010
1006317,1007012
1006317,1007014
1006317,1007016
1006317,1007018
1006317,1007020
1006317,1007022
1006317,1007024
1006317,1007026
1006317,1007028
1006317,1007030
1006317,1007032
1006317,1007034
1006317,1007036
1006317,1007038
1006317,1007040
1006317,1007042
1006317,1007044
1006317,1007046
1006317,1007048
1006317,1007050
1006317,1007052
1006317,1007054
1006317,1007056
1006317,1007058
1006317,1007060
1006317,1007062
1006317,1007064
1006317,1007066
1006317,1007068
1006317,1007070
1006317,1007072
1006317,1007074
1006317,1007076
1006317,1007078
1006317,1007080
1006317,1007082
1006317,1007083
1006317,1007085
1006317,1007087
1006317,1007088
1006317,1007090
1006317,1007092
1006317,1007094
1006317,1007096
1006317,1007098
1006317,1007100
1006317,1007102
1006317,1007104
1006317,1007106
1006317,1007108
1006317,1007110
1006317,1007112
1006317,1007114
1006317,1007116
1006317,1007118
1006317,1007120
1006317,1007122
1006317,1007124
1006317,1007126
1006317,1007128
1006317,1007130
1006317,1007132
1006317,1007134
1006317,1007136
1006317,1007138
1006317,1007140
1006317,1007142
1006317,1007144
1006317,1007146
1006317,1007148
1006317,1007150
1006317,1007152
1006317,1007154
1006317,1007156
1006317,1007158
1006317,1007160
1006317,1007162
1006317,1007164
1006317,1007166
1006317,1007168
1006317,1007170
1006317,1007172
1006317,1007174
1006317,1007176
1006317,1007178
1006317,1007180
1006317,1007182
1006317,1007184
1006317,1007186
1006317,1007188
1006317,1007190
1006317,1007192
1006317,1007194
1006317,1007196
1006317,1007198
1006317,1007200
1006317,1007202
1006317,1007204
1006317,1007206
1006317,1007208
1006317,1007210
1006317,1007212
1006317,1007214
1006317,1007216
1006317,1007218
1006317,1007220
1006317,1007222
1006317,1007224
1006317,1007226
1006317,1007228
1006317,1007230
1006317,1007232
1006317,1007234
1006317,1007236
1006317,1007238
1006317,1007240
1006317,1007242
1006317,1007244
1006317,1007246
1006317,1007248
1006317,1007250
1006317,1007252
1006317,1007254
1006317,1007256
1006317,1007258
1006317,1007260
1006317,1007262
1006317,1007264
1006317,1007266
1006317,1007268
1006317,1007270
1006317,1007272
1006317,1007274
1006317,1007276
1006317,1007278
1006317,1007280
1006317,1007282
1006317,1007284
1006317,1007286
1006317,1007288
1006317,1007290
1006317,1007292
1006317,1007294
1006317,1007296
1006317,1007298
1006317,1007300
1006317,1007302
1006317,1007304
1006317,1007306
1006317,1007308
1006317,1007310
1006317,1007312
1006317,1007314
1006317,1007316
1006317,1007318
1006317,1007320
1006317,1007321
1006317,1007323
1006317,1007325
1006317,1007327
1006317,1007329
1006317,1007331
1006317,1007333
1006317,1007335
1006317,1007337
1006317,1007339
1006317,1007341
1006317,1007343
1006317,1007345
1006317,1007347
1006317,1007349
1006317,1007351
1006317,1007353
1006317,1007355
1006317,1007357
1006317,1007359
1006317,1007361
1006317,1007363
1006317,1007365
1006317,1007367
1006317,1007369
1006317,1007371
1006317,1007373
1006317,1007375
1006317,1007377
1006317,1007379
1006317,1007381
1006317,1007383
1006317,1007385
1006317,1007387
1006317,1007389
1006317,1007391
1006317,1007393
1006317,1007394
1006317,1007396
1006317,1007398
1006317,1007400
1006317,1007402
1006317,1007404
1006317,1007406
1006317,1007408
1006317,1007410
1006317,1007412
1006317,1007414
1006317,1007416
1006317,1007418
1006317,1007420
1006317,1007422
1006317,1007424
1006317,1007426
1006317,1007428
1006317,1007430
1006317,1007432
1006317,1007434
1006317,1007436
1006317,1007438
1006317,1007440
1006317,1007442
1006317,1007444
1006317,1007446
1006317,1007448
1006317,1007450
1006317,1007451
1006317,1007452
1006317,1007454
1006317,1007456
1006317,1007458
1006317,1007460
1006317,1007462
1006317,1007464
1006317,1007466
1006317,1007468
1006317,1007470
1006317,1007472
1006317,1007474
1006317,1007476
1006317,1007478
1006317,1007480
1006317,1007482
1006317,1007484
1006317,1007486
1006317,1007487
1006317,1007489
1006317,1007490
1006317,1007492
1006317,1007494
1006317,1007496
1006317,1007498
1006317,1007500
1006317,1007502
1006317,1007504
1006317,1007506
1006317,1007508
1006317,1007510
1006317,1007512
1006317,1007514
1006317,1007516
1006317,1007518
1006317,1007520
1006317,1007522
1006317,1007524
1006317,1007526
1006317,1007527
1006317,1007529
1006317,1007531
1006317,1007533
1006317,1007535
1006317,1007537
1006317,1007539
1006317,1007541
1006317,1007543
1006317,1007545
1006317,1007547
1006317,1007549
1006317,1007551
1006317,1007553
1006317,1007555
1006317,1007556
1006317,1007558
1006317,1007560
1006317,1007562
1006317,1007564
1006317,1007566
1006317,1007568
1006317,1007570
1006317,1007572
1006317,1007574
1006317,1007576
1006317,1007578
1006317,1007580
1006317,1007582
1006317,1007584
1006317,1007586
1006317,1007588
1006317,1007590
1006317,1007592
1006317,1007594
1006317,1007596
1006317,1007598
1006317,1007600
1006317,1007602
1006317,1007604
1006317,1007606
1006317,1007608
1006317,1007610
1006317,1007612
1006317,1007614
1006317,1007616
1006317,1007618
1006317,1007620
1006317,1007622
1006317,1007624
1006317,1007626
1006317,1007628
1006317,1007630
1006317,1007632
1006317,1007634
1006317,1007636
1006317,1007638
1006317,1007640
1006317,1007642
1006317,1007644
1006317,1007646
1006317,1007648
1006317,1007650
1006317,1007652
1006317,1007654
1006317,1007655
1006317,1007657
1006317,1007658
1006317,1007660
1006317,1007662
1006317,1007664
1006317,1007666
1006317,1007668
1006317,1007670
1006317,1007672
1006317,1007674
1006317,1007676
1006317,1007678
1006317,1007680
1006317,1007682
1006317,1007684
1006317,1007686
1006317,1007688
1006317,1007690
1006317,1007692
1006317,1007694
1006317,1007696
1006317,1007698
1006317,1007700
1006317,1007702
1006317,1007704
1006317,1007706
1006317,1007708
1006317,1007710
1006317,1007712
1006317,1007714
1006317,1007716
1006317,1007718
1006317,1007720
1006317,1007722
1006317,1007724
1006317,1007726
1006317,1007728
1006317,1007730
1006317,1007732
1006317,1007734
1006317,1007736
1006317,1007738
1006317,1007740
1006317,1007742
1006317,1007744
1006317,1007746
1006317,1007748
1006317,1007750
1006317,1007752
1006317,1007754
1006317,1007756
1006317,1007758
1006317,1007760
1006317,1007762
1006317,1007764
1006317,1007766
1006317,1007768
1006317,1007770
1006317,1007772
1006317,1007774
1006317,1007776
1006317,1007778
1006317,1007780
1006317,1007782
1006317,1007784
1006317,1007786
1006317,1007788
1006317,1007790
1006317,1007791
1006317,1007793
1006317,1007795
1006317,1007797
1006317,1007799
1006317,1007801
1006317,1007803
1006317,1007805
1006317,1007807
1006317,1007809
1006317,1007811
1006317,1007813
1006317,1007815
1006317,1007817
1006317,1007819
1006317,1007821
1006317,1007823
1006317,1007825
1006317,1007827
1006317,1007829
1006317,1007831
1006317,1007833
1006317,1007835
1006317,1007837
1006317,1007839
1006317,1007841
1006317,1007843
1006317,1007845
1006317,1007847
1006317,1007849
1006317,1007851
1006317,1007853
1006317,1007855
1006317,1007857
1006317,1007859
1006317,1007861
1006317,1007863
1006317,1007864
1006317,1007865
1006317,1007867
1006317,1007868
1006317,1007870
1006317,1007871
1006317,1007872
1006317,1007874
1006317,1007875
1006317,1007876
1006317,1007878
1006317,1007880
1006317,1007882
1006317,1007884
1006317,1007886
1006317,1007888
1006317,1007890
1006317,1007892
1006317,1007894
1006317,1007896
1006317,1007898
1006317,1007900
1006317,1007902
1006317,1007904
1006317,1007906
1006317,1007908
1006317,1007910
1006317,1007912
1006317,1007914
1006317,1007916
1006317,1007918
1006317,1007920
1006317,1007922
1006317,1007924
1006317,1007926
1006317,1007928
1006317,1007930
1006317,1007932
1006317,1007934
1006317,1007936
1006317,1007938
1006317,1007940
1006317,1007942
1006317,1007944
1006317,1007946
1006317,1007948
1006317,1007949
1006317,1007951
1006317,1007953
1006317,1007955
1006317,1007957
1006317,1007958
1006317,1007960
1006317,1007962
1006317,1007964
1006317,1007966
1006317,1007968
1006317,1007970
1006317,1007972
1006317,1007974
1006317,1007976
1006317,1007978
1006317,1007980
1006317,1007982
1006317,1007984
1006317,1007986
1006317,1007988
1006317,1007990
1006317,1007992
1006317,1007994
1006317,1007996
1006317,1007998
1006317,1008000
1006317,1008002
1006317,1008004
1006317,1008006
1006317,1008008
1006317,1008010
1006317,1008012
1006317,1008014
1006317,1008016
1006317,1008018
1006317,1008020
1006317,1008021
1006317,1008023
1006317,1008025
1006317,1008027
1006317,1008029
1006317,1008031
1006317,1008033
1006317,1008035
1006317,1008037
1006317,1008039
1006317,1008041
1006317,1008043
1006317,1008045
1006317,1008047
1006317,1008049
1006317,1008051
1006317,1008053
1006317,1008055
1006317,1008057
1006317,1008059
1006317,1008061
1006317,1008063
1006317,1008064
1006317,1008066
1006317,1008068
1006317,1008070
1006317,1008072
1006317,1008074
1006317,1008076
1006317,1008078
1006317,1008080
1006317,1008082
1006317,1008084
1006317,1008086
1006317,1008088
1006317,1008090
1006317,1008092
1006317,1008094
1006317,1008096
1006317,1008098
1006317,1008100
1006317,1008102
1006317,1008104
1006317,1008106
1006317,1008108
1006317,1008110
1006317,1008112
1006317,1008114
1006317,1008116
1006317,1008118
1006317,1008120
1006317,1008122
1006317,1008124
1006318,1006311
1006318,1006313
1006318,1006314
1006318,1006315
1006318,1006317
1006318,1006318
1006318,1006319
1006318,1006321
1006318,1006322
1006318,1006323
1006318,1006324
1006318,1006325
1006318,1006326
1006318,1006327
1006318,1006328
1006318,1006329
1006318,1006330
1006318,1006331
1006318,1006332
1006318,1006333
1006318,1006334
1006318,1006335
1006318,1006336
1006318,1006337
1006318,1006338
1006318,1006339
1006318,1006340
1006318,1006341
1006318,1006342
1006318,1006343
1006318,1006345
1006318,1006346
1006318,1006348
1006318,1006349
1006318,1006350
1006318,1006351
1006318,1006352
1006318,1006353
1006318,1006354
1006318,1006355
1006318,1006356
1006318,1006357
1006318,1006358
1006318,1006359
1006318,1006360
1006318,1006361
1006318,1006362
1006318,1006363
1006318,1006364
1006318,1006365
1006318,1006366
1006318,1006367
1006318,1006368
1006318,1006369
1006318,1006370
1006318,1006371
1006318,1006372
1006318,1006373
1006318,1006374
1006318,1006375
1006318,1006376
1006318,1006377
1006318,1006378
1006318,1006379
1006318,1006380
1006318,1006381
1006318,1006382
1006318,1006383
1006318,1006384
1006318,1006385
1006318,1006386
1006318,1006387
1006318,1006388
1006318,1006389
1006318,1006390
1006318,1006391
1006318,1006392
1006318,1006393
1006318,1006394
1006318,1006395
1006318,1006396
1006318,1006397
1006318,1006399
1006318,1006400
1006318,1006401
1006318,1006403
1006318,1006404
1006318,1006405
1006318,1006406
1006318,1006407
1006318,1006408
1006318,1006409
1006318,1006410
1006318,1006411
1006318,1006412
1006318,1006413
1006318,1006414
1006318,1006415
1006318,1006416
1006318,1006417
1006318,1006418
1006318,1006419
1006318,1006420
1006318,1006421
1006318,1006423
1006318,1006424
1006318,1006425
1006318,1006426
1006318,1006427
1006318,1006428
1006318,1006429
1006318,1006430
1006318,1006431
1006318,1006432
1006318,1006433
1006318,1006434
1006318,1006435
1006318,1006436
1006318,1006437
1006318,1006438
1006318,1006439
1006318,1006440
1006318,1006441
1006318,1006442
1006318,1006443
1006318,1006444
1006318,1006445
1006318,1006446
1006318,1006447
1006318,1006448
1006318,1006449
1006318,1006450
1006318,1006451
1006318,1006452
1006318,1006453
1006318,1006454
1006318,1006455
1006318,1006456
1006318,1006457
1006318,1006458
1006318,1006459
1006318,1006460
1006318,1006461
1006318,1006462
1006318,1006463
1006318,1006464
1006318,1006465
1006318,1006466
1006318,1006467
1006318,1006468
1006318,1006469
1006318,1006470
1006318,1006471
1006318,1006472
1006318,1006473
1006318,1006474
1006318,1006475
1006318,1006476
1006318,1006477
1006318,1006478
1006318,1006479
1006318,1006480
1006318,1006481
1006318,1006482
1006318,1006483
1006318,1006484
1006318,1006485
1006318,1006486
1006318,1006487
1006318,1006488
1006318,1006489
1006318,1006490
1006318,1006491
1006318,1006492
1006318,1006493
1006318,1006494
1006318,1006495
1006318,1006496
1006318,1006497
1006318,1006498
1006318,1006499
1006318,1006500
1006318,1006501
1006318,1006502
1006318,1006503
1006318,1006504
1006318,1006505
1006318,1006506
1006318,1006507
1006318,1006508
1006318,1006509
1006318,1006510
1006318,1006511
1006318,1006512
1006318,1006513
1006318,1006514
1006318,1006515
1006318,1006516
1006318,1006517
1006318,1006518
1006318,1006519
1006318,1006520
1006318,1006521
1006318,1006522
1006318,1006523
1006318,1006524
1006318,1006525
1006318,1006526
1006318,1006527
1006318,1006528
1006318,1006529
1006318,1006530
1006318,1006531
1006318,1006532
1006318,1006533
1006318,1006534
1006318,1006535
1006318,1006536
1006318,1006537
1006318,1006538
1006318,1006539
1006318,1006540
1006318,1006541
1006318,1006542
1006318,1006543
1006318,1006544
1006318,1006545
1006318,1006546
1006318,1006547
1006318,1006548
1006318,1006549
1006318,1006550
1006318,1006551
1006318,1006552
1006318,1006553
1006318,1006554
1006318,1006555
1006318,1006556
1006318,1006557
1006318,1006558
1006318,1006559
1006318,1006560
1006318,1006561
1006318,1006562
1006318,1006563
1006318,1006564
1006318,1006565
1006318,1006566
1006318,1006567
1006318,1006568
1006318,1006569
1006318,1006570
1006318,1006571
1006318,1006572
1006318,1006573
1006318,1006574
1006318,1006575
1006318,1006576
1006318,1006577
1006318,1006578
1006318,1006579
1006318,1006580
1006318,1006581
1006318,1006582
1006318,1006583
1006318,1006584
1006318,1006585
1006318,1006586
1006318,1006587
1006318,1006588
1006318,1006589
1006318,1006590
1006318,1006591
1006318,1006592
1006318,1006593
1006318,1006594
1006318,1006595
1006318,1006596
1006318,1006597
1006318,1006598
1006318,1006599
1006318,1006600
1006318,1006601
1006318,1006602
1006318,1006603
1006318,1006604
1006318,1006605
1006318,1006606
1006318,1006607
1006318,1006608
1006318,1006609
1006318,1006610
1006318,1006611
1006318,1006612
1006318,1006613
1006318,1006614
1006318,1006615
1006318,1006616
1006318,1006617
1006318,1006618
1006318,1006619
1006318,1006620
1006318,1006621
1006318,1006622
1006318,1006623
1006318,1006624
1006318,1006625
1006318,1006626
1006318,1006627
1006318,1006628
1006318,1006629
1006318,1006630
1006318,1006631
1006318,1006632
1006318,1006633
1006318,1006634
1006318,1006635
1006318,1006636
1006318,1006637
1006318,1006638
1006318,1006639
1006318,1006640
1006318,1006641
1006318,1006642
1006318,1006643
1006318,1006644
1006318,1006645
1006318,1006646
1006318,1006647
1006318,1006648
1006318,1006649
1006318,1006650
1006318,1006651
1006318,1006652
1006318,1006653
1006318,1006654
1006318,1006655
1006318,1006656
1006318,1006657
1006318,1006658
1006318,1006659
1006318,1006660
1006318,1006661
1006318,1006662
1006318,1006663
1006318,1006664
1006318,1006665
1006318,1006666
1006318,1006667
1006318,1006668
1006318,1006669
1006318,1006670
1006318,1006671
1006318,1006672
1006318,1006673
1006318,1006674
1006318,1006675
1006318,1006676
1006318,1006677
1006318,1006678
1006318,1006679
1006318,1006680
1006318,1006681
1006318,1006682
1006318,1006683
1006318,1006684
1006318,1006685
1006318,1006686
1006318,1006687
1006318,1006688
1006318,1006689
1006318,1006690
1006318,1006691
1006318,1006692
1006318,1006693
1006318,1006694
1006318,1006695
1006318,1006696
1006318,1006697
1006318,1006698
1006318,1006699
1006318,1006700
1006318,1006701
1006318,1006702
1006318,1006703
1006318,1006704
1006318,1006705
1006318,1006706
1006318,1006707
1006318,1006708
1006318,1006709
1006318,1006710
1006318,1006711
1006318,1006712
1006318,1006713
1006318,1006714
1006318,1006715
1006318,1006716
1006318,1006717
1006318,1006718
1006318,1006719
1006318,1006720
1006318,1006721
1006318,1006722
1006318,1006723
1006318,1006724
1006318,1006725
1006318,1006726
1006318,1006727
1006318,1006728
1006318,1006729
1006318,1006730
1006318,1006731
1006318,1006732
1006318,1006733
1006318,1006734
1006318,1006735
1006318,1006736
1006318,1006737
1006318,1006738
1006318,1006739
1006318,1006740
1006318,1006741
1006318,1006742
1006318,1006743
1006318,1006744
1006318,1006745
1006318,1006746
1006318,1006747
1006318,1006748
1006318,1006749
1006318,1006750
1006318,1006751
1006318,1006752
1006318,1006753
1006318,1006754
1006318,1006755
1006318,1006756
1006318,1006757
1006318,1006758
1006318,1006759
1006318,1006760
1006318,1006761
1006318,1006762
1006318,1006763
1006318,1006764
1006318,1006765
1006318,1006766
1006318,1006767
1006318,1006768
1006318,1006769
1006318,1006770
1006318,1006771
1006318,1006772
1006318,1006773
1006318,1006774
1006318,1006775
1006318,1006776
1006318,1006777
1006318,1006778
1006318,1006779
1006318,1006780
1006318,1006781
1006318,1006782
1006318,1006783
1006318,1006784
1006318,1006785
1006318,1006786
1006318,1006787
1006318,1006788
1006318,1006789
1006318,1006790
1006318,1006791
1006318,1006792
1006318,1006793
1006318,1006794
1006318,1006795
1006318,1006796
1006318,1006797
1006318,1006798
1006318,1006799
1006318,1006800
1006318,1006801
1006318,1006802
1006318,1006803
1006318,1006804
1006318,1006805
1006318,1006806
1006318,1006807
1006318,1006808
1006318,1006809
1006318,1006810
1006318,1006811
1006318,1006812
1006318,1006813
1006318,1006814
1006318,1006815
1006318,1006816
1006318,1006817
1006318,1006818
1006318,1006819
1006318,1006820
1006318,1006821
1006318,1006822
1006318,1006823
1006318,1006824
1006318,1006825
1006318,1006826
1006318,1006827
1006318,1006828
1006318,1006829
1006318,1006830
1006318,1006831
1006318,1006832
1006318,1006833
1006318,1006834
1006318,1006835
1006318,1006836
1006318,1006837
1006318,1006838
1006318,1006839
1006318,1006840
1006318,1006841
1006318,1006842
1006318,1006843
1006318,1006844
1006318,1006845
1006318,1006846
1006318,1006847
1006318,1006848
1006318,1006849
1006318,1006850
1006318,1006851
1006318,1006852
1006318,1006853
1006318,1006854
1006318,1006855
1006318,1006856
1006318,1006857
1006318,1006858
1006318,1006859
1006318,1006860
1006318,1006861
1006318,1006862
1006318,1006863
1006318,1006864
1006318,1006865
1006318,1006866
1006318,1006867
1006318,1006868
1006318,1006869
1006318,1006870
1006318,1006871
1006318,1006872
1006318,1006873
1006318,1006874
1006318,1006875
1006318,1006876
1006318,1006877
1006318,1006878
1006318,1006879
1006318,1006880
1006318,1006881
1006318,1006882
1006318,1006883
1006318,1006884
1006318,1006885
1006318,1006886
1006318,1006887
1006318,1006888
1006318,1006889
1006318,1006890
1006318,1006891
1006318,1006892
1006318,1006893
1006318,1006894
1006318,1006895
1006318,1006896
1006318,1006897
1006318,1006898
1006318,1006899
1006318,1006900
1006318,1006901
1006318,1006902
1006318,1006903
1006318,1006904
1006318,1006905
1006318,1006906
1006318,1006907
1006318,1006908
1006318,1006909
1006318,1006910
1006318,1006911
1006318,1006912
1006318,1006913
1006318,1006914
1006318,1006915
1006318,1006916
1006318,1006917
1006318,1006918
1006318,1006919
1006318,1006920
1006318,1006921
1006318,1006922
1006318,1006923
1006318,1006924
1006318,1006925
1006318,1006926
1006318,1006927
1006318,1006928
1006318,1006929
1006318,1006930
1006318,1006931
1006318,1006932
1006318,1006933
1006318,1006934
1006318,1006935
1006318,1006936
1006318,1006937
1006318,1006938
1006318,1006939
1006318,1006940
1006318,1006941
1006318,1006942
1006318,1006943
1006318,1006944
1006318,1006945
1006318,1006946
1006318,1006947
1006318,1006948
1006318,1006949
1006318,1006950
1006318,1006951
1006318,1006952
1006318,1006953
1006318,1006954
1006318,1006955
1006318,1006956
1006318,1006957
1006318,1006958
1006318,1006959
1006318,1006960
1006318,1006961
1006318,1006962
1006318,1006963
1006318,1006964
1006318,1006965
1006318,1006966
1006318,1006967
1006318,1006968
1006318,1006969
1006318,1006970
1006318,1006971
1006318,1006972
1006318,1006973
1006318,1006974
1006318,1006975
1006318,1006976
1006318,1006977
1006318,1006978
1006318,1006979
1006318,1006980
1006318,1006981
1006318,1006982
1006318,1006983
1006318,1006984
1006318,1006985
1006318,1006986
1006318,1006987
1006318,1006988
1006318,1006989
1006318,1006990
1006318,1006991
1006318,1006992
1006318,1006993
1006318,1006994
1006318,1006995
1006318,1006996
1006318,1006997
1006318,1006998
1006318,1006999
1006318,1007000
1006318,1007001
1006318,1007002
1006318,1007003
1006318,1007004
1006318,1007005
1006318,1007006
1006318,1007007
1006318,1007008
1006318,1007009
1006318,1007010
1006318,1007011
1006318,1007012
1006318,1007013
1006318,1007014
1006318,1007015
1006318,1007016
1006318,1007017
1006318,1007018
1006318,1007019
1006318,1007020
1006318,1007021
1006318,1007022
1006318,1007023
1006318,1007024
1006318,1007025
1006318,1007026
1006318,1007027
1006318,1007028
1006318,1007029
1006318,1007030
1006318,1007031
1006318,1007032
1006318,1007033
1006318,1007034
1006318,1007035
1006318,1007036
1006318,1007037
1006318,1007038
1006318,1007039
1006318,1007040
1006318,1007041
1006318,1007042
1006318,1007043
1006318,1007044
1006318,1007045
1006318,1007046
1006318,1007047
1006318,1007048
1006318,1007049
1006318,1007050
1006318,1007051
1006318,1007052
1006318,1007053
1006318,1007054
1006318,1007055
1006318,1007056
1006318,1007057
1006318,1007058
1006318,1007059
1006318,1007060
1006318,1007061
1006318,1007062
1006318,1007063
1006318,1007064
1006318,1007065
1006318,1007066
1006318,1007067
1006318,1007068
1006318,1007069
1006318,1007070
1006318,1007071
1006318,1007072
1006318,1007073
1006318,1007074
1006318,1007075
1006318,1007076
1006318,1007077
1006318,1007078
1006318,1007079
1006318,1007080
1006318,1007081
1006318,1007082
1006318,1007083
1006318,1007084
1006318,1007085
1006318,1007086
1006318,1007087
1006318,1007088
1006318,1007089
1006318,1007090
1006318,1007091
1006318,1007092
1006318,1007093
1006318,1007094
1006318,1007095
1006318,1007096
1006318,1007097
1006318,1007098
1006318,1007099
1006318,1007100
1006318,1007101
1006318,1007102
1006318,1007103
1006318,1007104
1006318,1007105
1006318,1007106
1006318,1007107
1006318,1007108
1006318,1007109
1006318,1007110
1006318,1007111
1006318,1007112
1006318,1007113
1006318,1007114
1006318,1007115
1006318,1007116
1006318,1007117
1006318,1007118
1006318,1007119
1006318,1007120
1006318,1007121
1006318,1007122
1006318,1007123
1006318,1007124
1006318,1007125
1006318,1007126
1006318,1007127
1006318,1007128
1006318,1007129
1006318,1007130
1006318,1007131
1006318,1007132
1006318,1007133
1006318,1007134
1006318,1007135
1006318,1007136
1006318,1007137
1006318,1007138
1006318,1007139
1006318,1007140
1006318,1007141
1006318,1007142
1006318,1007143
1006318,1007144
1006318,1007145
1006318,1007146
1006318,1007147
1006318,1007148
1006318,1007149
1006318,1007150
1006318,1007151
1006318,1007152
1006318,1007153
1006318,1007154
1006318,1007155
1006318,1007156
1006318,1007157
1006318,1007158
1006318,1007159
1006318,1007160
1006318,1007161
1006318,1007162
1006318,1007163
1006318,1007164
1006318,1007165
1006318,1007166
1006318,1007167
1006318,1007168
1006318,1007169
1006318,1007170
1006318,1007171
1006318,1007172
1006318,1007173
1006318,1007174
1006318,1007175
1006318,1007176
1006318,1007177
1006318,1007178
1006318,1007179
1006318,1007180
1006318,1007181
1006318,1007182
1006318,1007183
1006318,1007184
1006318,1007185
1006318,1007186
1006318,1007187
1006318,1007188
1006318,1007189
1006318,1007190
1006318,1007191
1006318,1007192
1006318,1007193
1006318,1007194
1006318,1007195
1006318,1007196
1006318,1007197
1006318,1007198
1006318,1007199
1006318,1007200
1006318,1007201
1006318,1007202
1006318,1007203
1006318,1007204
1006318,1007205
1006318,1007206
1006318,1007207
1006318,1007208
1006318,1007209
1006318,1007210
1006318,1007211
1006318,1007212
1006318,1007213
1006318,1007214
1006318,1007215
1006318,1007216
1006318,1007217
1006318,1007218
1006318,1007219
1006318,1007220
1006318,1007221
1006318,1007222
1006318,1007223
1006318,1007224
1006318,1007225
1006318,1007226
1006318,1007227
1006318,1007228
1006318,1007229
1006318,1007230
1006318,1007231
1006318,1007232
1006318,1007233
1006318,1007234
1006318,1007235
1006318,1007236
1006318,1007237
1006318,1007238
1006318,1007239
1006318,1007240
1006318,1007241
1006318,1007242
1006318,1007243
1006318,1007244
1006318,1007245
1006318,1007246
1006318,1007247
1006318,1007248
1006318,1007249
1006318,1007250
1006318,1007251
1006318,1007252
1006318,1007253
1006318,1007254
1006318,1007255
1006318,1007256
1006318,1007257
1006318,1007258
1006318,1007259
1006318,1007260
1006318,1007261
1006318,1007262
1006318,1007263
1006318,1007264
1006318,1007265
1006318,1007266
1006318,1007267
1006318,1007268
1006318,1007269
1006318,1007270
1006318,1007271
1006318,1007272
1006318,1007273
1006318,1007274
1006318,1007275
1006318,1007276
1006318,1007277
1006318,1007278
1006318,1007279
1006318,1007280
1006318,1007281
1006318,1007282
1006318,1007283
1006318,1007284
1006318,1007285
1006318,1007286
1006318,1007287
1006318,1007288
1006318,1007289
1006318,1007290
1006318,1007291
1006318,1007292
1006318,1007293
1006318,1007294
1006318,1007295
1006318,1007296
1006318,1007297
1006318,1007298
1006318,1007299
1006318,1007300
1006318,1007301
1006318,1007302
1006318,1007303
1006318,1007304
1006318,1007305
1006318,1007306
1006318,1007307
1006318,1007308
1006318,1007309
1006318,1007310
1006318,1007311
1006318,1007312
1006318,1007313
1006318,1007314
1006318,1007315
1006318,1007316
1006318,1007317
1006318,1007318
1006318,1007319
1006318,1007320
1006318,1007321
1006318,1007322
1006318,1007323
1006318,1007324
1006318,1007325
1006318,1007326
1006318,1007327
1006318,1007328
1006318,1007329
1006318,1007330
1006318,1007331
1006318,1007332
1006318,1007333
1006318,1007334
1006318,1007335
1006318,1007336
1006318,1007337
1006318,1007338
1006318,1007339
1006318,1007340
1006318,1007341
1006318,1007342
1006318,1007343
1006318,1007344
1006318,1007345
1006318,1007346
1006318,1007347
1006318,1007348
1006318,1007349
1006318,1007350
1006318,1007351
1006318,1007352
1006318,1007353
1006318,1007354
1006318,1007355
1006318,1007356
1006318,1007357
1006318,1007358
1006318,1007359
1006318,1007360
1006318,1007361
1006318,1007362
1006318,1007363
1006318,1007364
1006318,1007365
1006318,1007366
1006318,1007367
1006318,1007368
1006318,1007369
1006318,1007370
1006318,1007371
1006318,1007372
1006318,1007373
1006318,1007374
1006318,1007375
1006318,1007376
1006318,1007377
1006318,1007378
1006318,1007379
1006318,1007380
1006318,1007381
1006318,1007382
1006318,1007383
1006318,1007384
1006318,1007385
1006318,1007386
1006318,1007387
1006318,1007388
1006318,1007389
1006318,1007390
1006318,1007391
1006318,1007392
1006318,1007393
1006318,1007394
1006318,1007395
1006318,1007396
1006318,1007397
1006318,1007398
1006318,1007399
1006318,1007400
1006318,1007401
1006318,1007402
1006318,1007403
1006318,1007404
1006318,1007405
1006318,1007406
1006318,1007407
1006318,1007408
1006318,1007409
1006318,1007410
1006318,1007411
1006318,1007412
1006318,1007413
1006318,1007414
1006318,1007415
1006318,1007416
1006318,1007417
1006318,1007418
1006318,1007419
1006318,1007420
1006318,1007421
1006318,1007422
1006318,1007423
1006318,1007424
1006318,1007425
1006318,1007426
1006318,1007427
1006318,1007428
1006318,1007429
1006318,1007430
1006318,1007431
1006318,1007432
1006318,1007433
1006318,1007434
1006318,1007435
1006318,1007436
1006318,1007437
1006318,1007438
1006318,1007439
1006318,1007440
1006318,1007441
1006318,1007442
1006318,1007443
1006318,1007444
1006318,1007445
1006318,1007446
1006318,1007447
1006318,1007448
1006318,1007449
1006318,1007450
1006318,1007451
1006318,1007452
1006318,1007453
1006318,1007454
1006318,1007455
1006318,1007456
1006318,1007457
1006318,1007458
1006318,1007459
1006318,1007460
1006318,1007461
1006318,1007462
1006318,1007463
1006318,1007464
1006318,1007465
1006318,1007466
1006318,1007467
1006318,1007468
1006318,1007469
1006318,1007470
1006318,1007471
1006318,1007472
1006318,1007473
1006318,1007474
1006318,1007475
1006318,1007476
1006318,1007477
1006318,1007478
1006318,1007479
1006318,1007480
1006318,1007481
1006318,1007482
1006318,1007483
1006318,1007484
1006318,1007485
1006318,1007486
1006318,1007487
1006318,1007488
1006318,1007489
1006318,1007490
1006318,1007491
1006318,1007492
1006318,1007493
1006318,1007494
1006318,1007495
1006318,1007496
1006318,1007497
1006318,1007498
1006318,1007499
1006318,1007500
1006318,1007501
1006318,1007502
1006318,1007503
1006318,1007504
1006318,1007505
1006318,1007506
1006318,1007507
1006318,1007508
1006318,1007509
1006318,1007510
1006318,1007511
1006318,1007512
1006318,1007513
1006318,1007514
1006318,1007515
1006318,1007516
1006318,1007517
1006318,1007518
1006318,1007519
1006318,1007520
1006318,1007521
1006318,1007522
1006318,1007523
1006318,1007524
1006318,1007525
1006318,1007526
1006318,1007527
1006318,1007528
1006318,1007529
1006318,1007530
1006318,1007531
1006318,1007532
1006318,1007533
1006318,1007534
1006318,1007535
1006318,1007536
1006318,1007537
1006318,1007538
1006318,1007539
1006318,1007540
1006318,1007541
1006318,1007542
1006318,1007543
1006318,1007544
1006318,1007545
1006318,1007546
1006318,1007547
1006318,1007548
1006318,1007549
1006318,1007550
1006318,1007551
1006318,1007552
1006318,1007553
1006318,1007554
1006318,1007555
1006318,1007556
1006318,1007557
1006318,1007558
1006318,1007559
1006318,1007560
1006318,1007561
1006318,1007562
1006318,1007563
1006318,1007564
1006318,1007565
1006318,1007566
1006318,1007567
1006318,1007568
1006318,1007569
1006318,1007570
1006318,1007571
1006318,1007572
1006318,1007573
1006318,1007574
1006318,1007575
1006318,1007576
1006318,1007577
1006318,1007578
1006318,1007579
1006318,1007580
1006318,1007581
1006318,1007582
1006318,1007583
1006318,1007584
1006318,1007585
1006318,1007586
1006318,1007587
1006318,1007588
1006318,1007589
1006318,1007590
1006318,1007591
1006318,1007592
1006318,1007593
1006318,1007594
1006318,1007595
1006318,1007596
1006318,1007597
1006318,1007598
1006318,1007599
1006318,1007600
1006318,1007601
1006318,1007602
1006318,1007603
1006318,1007604
1006318,1007605
1006318,1007606
1006318,1007607
1006318,1007608
1006318,1007609
1006318,1007610
1006318,1007611
1006318,1007612
1006318,1007613
1006318,1007614
1006318,1007615
1006318,1007616
1006318,1007617
1006318,1007618
1006318,1007619
1006318,1007620
1006318,1007621
1006318,1007622
1006318,1007623
1006318,1007624
1006318,1007625
1006318,1007626
1006318,1007627
1006318,1007628
1006318,1007629
1006318,1007630
1006318,1007631
1006318,1007632
1006318,1007633
1006318,1007634
1006318,1007635
1006318,1007636
1006318,1007637
1006318,1007638
1006318,1007639
1006318,1007640
1006318,1007641
1006318,1007642
1006318,1007643
1006318,1007644
1006318,1007645
1006318,1007646
1006318,1007647
1006318,1007648
1006318,1007649
1006318,1007650
1006318,1007651
1006318,1007652
1006318,1007653
1006318,1007654
1006318,1007655
1006318,1007656
1006318,1007657
1006318,1007658
1006318,1007659
1006318,1007660
1006318,1007661
1006318,1007662
1006318,1007663
1006318,1007664
1006318,1007665
1006318,1007666
1006318,1007667
1006318,1007668
1006318,1007669
1006318,1007670
1006318,1007671
1006318,1007672
1006318,1007673
1006318,1007674
1006318,1007675
1006318,1007676
1006318,1007677
1006318,1007678
1006318,1007679
1006318,1007680
1006318,1007681
1006318,1007682
1006318,1007683
1006318,1007684
1006318,1007685
1006318,1007686
1006318,1007687
1006318,1007688
1006318,1007689
1006318,1007690
1006318,1007691
1006318,1007692
1006318,1007693
1006318,1007694
1006318,1007695
1006318,1007696
1006318,1007697
1006318,1007698
1006318,1007699
1006318,1007700
1006318,1007701
1006318,1007702
1006318,1007703
1006318,1007704
1006318,1007705
1006318,1007706
1006318,1007707
1006318,1007708
1006318,1007709
1006318,1007710
1006318,1007711
1006318,1007712
1006318,1007713
1006318,1007714
1006318,1007715
1006318,1007716
1006318,1007717
1006318,1007718
1006318,1007719
1006318,1007720
1006318,1007721
1006318,1007722
1006318,1007723
1006318,1007724
1006318,1007725
1006318,1007726
1006318,1007727
1006318,1007728
1006318,1007729
1006318,1007730
1006318,1007731
1006318,1007732
1006318,1007733
1006318,1007734
1006318,1007735
1006318,1007736
1006318,1007737
1006318,1007738
1006318,1007739
1006318,1007740
1006318,1007741
1006318,1007742
1006318,1007743
1006318,1007744
1006318,1007745
1006318,1007746
1006318,1007747
1006318,1007748
1006318,1007749
1006318,1007750
1006318,1007751
1006318,1007752
1006318,1007753
1006318,1007754
1006318,1007755
1006318,1007756
1006318,1007757
1006318,1007758
1006318,1007759
1006318,1007760
1006318,1007761
1006318,1007762
1006318,1007763
1006318,1007764
1006318,1007765
1006318,1007766
1006318,1007767
1006318,1007768
1006318,1007769
1006318,1007770
1006318,1007771
1006318,1007772
1006318,1007773
1006318,1007774
1006318,1007775
1006318,1007776
1006318,1007777
1006318,1007778
1006318,1007779
1006318,1007780
1006318,1007781
1006318,1007782
1006318,1007783
1006318,1007784
1006318,1007785
1006318,1007786
1006318,1007787
1006318,1007788
1006318,1007789
1006318,1007790
1006318,1007791
1006318,1007792
1006318,1007793
1006318,1007794
1006318,1007795
1006318,1007796
1006318,1007797
1006318,1007798
1006318,1007799
1006318,1007800
1006318,1007801
1006318,1007802
1006318,1007803
1006318,1007804
1006318,1007805
1006318,1007806
1006318,1007807
1006318,1007808
1006318,1007809
1006318,1007810
1006318,1007811
1006318,1007812
1006318,1007813
1006318,1007814
1006318,1007815
1006318,1007816
1006318,1007817
1006318,1007818
1006318,1007819
1006318,1007820
1006318,1007821
1006318,1007822
1006318,1007823
1006318,1007824
1006318,1007825
1006318,1007826
1006318,1007827
1006318,1007828
1006318,1007829
1006318,1007830
1006318,1007831
1006318,1007832
1006318,1007833
1006318,1007834
1006318,1007835
1006318,1007836
1006318,1007837
1006318,1007838
1006318,1007839
1006318,1007840
1006318,1007841
1006318,1007842
1006318,1007843
1006318,1007844
1006318,1007845
1006318,1007846
1006318,1007847
1006318,1007848
1006318,1007849
1006318,1007850
1006318,1007851
1006318,1007852
1006318,1007853
1006318,1007854
1006318,1007855
1006318,1007856
1006318,1007857
1006318,1007858
1006318,1007859
1006318,1007860
1006318,1007861
1006318,1007862
1006318,1007863
1006318,1007864
1006318,1007865
1006318,1007866
1006318,1007867
1006318,1007868
1006318,1007869
1006318,1007870
1006318,1007871
1006318,1007872
1006318,1007873
1006318,1007874
1006318,1007875
1006318,1007876
1006318,1007877
1006318,1007878
1006318,1007879
1006318,1007880
1006318,1007881
1006318,1007882
1006318,1007883
1006318,1007884
1006318,1007885
1006318,1007886
1006318,1007887
1006318,1007888
1006318,1007889
1006318,1007890
1006318,1007891
1006318,1007892
1006318,1007893
1006318,1007894
1006318,1007895
1006318,1007896
1006318,1007897
1006318,1007898
1006318,1007899
1006318,1007900
1006318,1007901
1006318,1007902
1006318,1007903
1006318,1007904
1006318,1007905
1006318,1007906
1006318,1007907
1006318,1007908
1006318,1007909
1006318,1007910
1006318,1007911
1006318,1007912
1006318,1007913
1006318,1007914
1006318,1007915
1006318,1007916
1006318,1007917
1006318,1007918
1006318,1007919
1006318,1007920
1006318,1007921
1006318,1007922
1006318,1007923
1006318,1007924
1006318,1007925
1006318,1007926
1006318,1007927
1006318,1007928
1006318,1007929
1006318,1007930
1006318,1007931
1006318,1007932
1006318,1007933
1006318,1007934
1006318,1007935
1006318,1007936
1006318,1007937
1006318,1007938
1006318,1007939
1006318,1007940
1006318,1007941
1006318,1007942
1006318,1007943
1006318,1007944
1006318,1007945
1006318,1007946
1006318,1007947
1006318,1007948
1006318,1007949
1006318,1007950
1006318,1007951
1006318,1007952
1006318,1007953
1006318,1007954
1006318,1007955
1006318,1007956
1006318,1007957
1006318,1007958
1006318,1007959
1006318,1007960
1006318,1007961
1006318,1007962
1006318,1007963
1006318,1007964
1006318,1007965
1006318,1007966
1006318,1007967
1006318,1007968
1006318,1007969
1006318,1007970
1006318,1007971
1006318,1007972
1006318,1007973
1006318,1007974
1006318,1007975
1006318,1007976
1006318,1007977
1006318,1007978
1006318,1007979
1006318,1007980
1006318,1007981
1006318,1007982
1006318,1007983
1006318,1007984
1006318,1007985
1006318,1007986
1006318,1007987
1006318,1007988
1006318,1007989
1006318,1007990
1006318,1007991
1006318,1007992
1006318,1007993
1006318,1007994
1006318,1007995
1006318,1007996
1006318,1007997
1006318,1007998
1006318,1007999
1006318,1008000
1006318,1008001
1006318,1008002
1006318,1008003
1006318,1008004
1006318,1008005
1006318,1008006
1006318,1008007
1006318,1008008
1006318,1008009
1006318,1008010
1006318,1008011
1006318,1008012
1006318,1008013
1006318,1008014
1006318,1008015
1006318,1008016
1006318,1008017
1006318,1008018
1006318,1008019
1006318,1008020
1006318,1008021
1006318,1008022
1006318,1008023
1006318,1008024
1006318,1008025
1006318,1008026
1006318,1008027
1006318,1008028
1006318,1008029
1006318,1008030
1006318,1008031
1006318,1008032
1006318,1008033
1006318,1008034
1006318,1008035
1006318,1008036
1006318,1008037
1006318,1008038
1006318,1008039
1006318,1008040
1006318,1008041
1006318,1008042
1006318,1008043
1006318,1008044
1006318,1008045
1006318,1008046
1006318,1008047
1006318,1008048
1006318,1008049
1006318,1008050
1006318,1008051
1006318,1008052
1006318,1008053
1006318,1008054
1006318,1008055
1006318,1008056
1006318,1008057
1006318,1008058
1006318,1008059
1006318,1008060
1006318,1008061
1006318,1008062
1006318,1008063
1006318,1008064
1006318,1008065
1006318,1008066
1006318,1008067
1006318,1008068
1006318,1008069
1006318,1008070
1006318,1008071
1006318,1008072
1006318,1008073
1006318,1008074
1006318,1008075
1006318,1008076
1006318,1008077
1006318,1008078
1006318,1008079
1006318,1008080
1006318,1008081
1006318,1008082
1006318,1008083
1006318,1008084
1006318,1008085
1006318,1008086
1006318,1008087
1006318,1008088
1006318,1008089
1006318,1008090
1006318,1008091
1006318,1008092
1006318,1008093
1006318,1008094
1006318,1008095
1006318,1008096
1006318,1008097
1006318,1008098
1006318,1008099
1006318,1008100
1006318,1008101
1006318,1008102
1006318,1008103
1006318,1008104
1006318,1008105
1006318,1008106
1006318,1008107
1006318,1008108
1006318,1008109
1006318,1008110
1006318,1008111
1006318,1008112
1006318,1008113
1006318,1008114
1006318,1008115
1006318,1008116
1006318,1008117
1006318,1008118
1006318,1008119
1006318,1008120
1006318,1008121
1006318,1008122
1006318,1008123
1006318,1008124
1006318,1008125
1006318,1008126
1006318,1008127
1006318,1008128
1006318,1008129
1006318,1008130
1006318,1008131
1006318,1008132
1006318,1008133
1006318,1008134
1006318,1008135
1006318,1008136
1006318,1008137
1006318,1008138
1006318,1008139
1006318,1008140
1006318,1008141
1006318,1008142
1006318,1008143
1006318,1008144
1006318,1008145
1006318,1008146
1006318,1008147
1006318,1008148
1006318,1008149
1006318,1008150
1006318,1008151
1006318,1008152
1006318,1008153
1006318,1008154
1006318,1008155
1006318,1008156
1006318,1008157
1006318,1008158
1006318,1008159
1006318,1008160
1006318,1008161
1006318,1008162
1006318,1008163
1006318,1008164
1006318,1008165
1006318,1008166
1006318,1008167
1006318,1008168
1006318,1008169
1006318,1008170
1006318,1008171
1006318,1008172
1006318,1008173
1006318,1008174
1006318,1008175
1006318,1008176
1006318,1008177
1006318,1008178
1006318,1008179
1006318,1008180
1006318,1008181
1006318,1008182
1006318,1008183
1006318,1008184
1006318,1008185
1006318,1008186
1006318,1008187
1006318,1008188
1006318,1008189
1006318,1008190
1006318,1008191
1006318,1008192
1006318,1008193
1006318,1008194
1006318,1008195
1006318,1008196
1006318,1008197
1006318,1008198
1006318,1008199
1006318,1008200
1006318,1008201
1006318,1008202
1006318,1008203
1006318,1008204
1006318,1008205
1006318,1008206
1006318,1008207
1006318,1008208
1006318,1008209
1006318,1008210
1006318,1008211
1006318,1008212
1006318,1008213
1006318,1008214
1006318,1008215
1006318,1008216
1006318,1008217
1006318,1008218
1006318,1008219
1006318,1008220
1006318,1008221
1006318,1008222
1006318,1008223
1006318,1008224
1006318,1008225
1006318,1008226
1006318,1008227
1006318,1008228
1006318,1008229
1006318,1008230
1006318,1008231
1006318,1008232
1006318,1008233
1006318,1008234
1006318,1008235
1006318,1008236
1006318,1008237
1006318,1008238
1006318,1008239
1006318,1008240
1006318,1008241
1006318,1008242
1006318,1008243
1006318,1008244
1006318,1008245
1006318,1008246
1006318,1008247
1006318,1008248
1006318,1008249
1006318,1008250
1006318,1008251
1006318,1008252
1006318,1008253
1006318,1008254
1006318,1008255
1006318,1008256
1006318,1008257
1006318,1008258
1006318,1008259
1006318,1008260
1006318,1008261
1006318,1008262
1006318,1008263
1006318,1008264
1006318,1008265
1006318,1008266
1006318,1008267
1006318,1008268
1006318,1008269
1006318,1008270
1006318,1008271
1006318,1008272
1006318,1008273
1006318,1008274
1006318,1008275
1006318,1008276
1006318,1008277
1006318,1008278
1006318,1008279
1006318,1008280
1006318,1008281
1006318,1008282
1006318,1008283
1006318,1008284
1006318,1008285
1006318,1008286
1006318,1008287
1006318,1008288
1006318,1008289
1006318,1008290
1006318,1008291
1006318,1008292
1006318,1008293
1006318,1008294
1006318,1008295
1006318,1008296
1006318,1008297
1006318,1008298
1006318,1008299
1006318,1008300
1006318,1008301
1006318,1008302
1006318,1008303
1006318,1008304
1006318,1008305
1006318,1008306
1006318,1008307
1006318,1008308
1006318,1008309
1006318,1008310
1006318,1008311
1006318,1008312
1006318,1008313
1006318,1008314
1006318,1008315
1006318,1008316
1006318,1008317
1006318,1008318
1006318,1008319
1006318,1008320
1006318,1008321
1006318,1008322
1006318,1008323
1006318,1008324
1006318,1008325
1006318,1008326
1006318,1008327
1006318,1008328
1006318,1008329
1006318,1008330
1006318,1008331
1006318,1008332
1006318,1008333
1006318,1008334
1006318,1008335
1006318,1008336
1006318,1008337
1006318,1008338
1006318,1008339
1006318,1008340
1006318,1008341
1006318,1008342
1006318,1008343
1006318,1008344
1006318,1008345
1006318,1008346
1006318,1008347
1006318,1008348
1006318,1008349
1006318,1008350
1006318,1008351
1006318,1008352
1006318,1008353
1006318,1008354
1006318,1008355
1006318,1008356
1006318,1008357
1006318,1008358
1006318,1008359
1006318,1008360
1006318,1008361
1006318,1008362
1006318,1008363
1006318,1008364
1006318,1008365
1006318,1008366
1006318,1008367
1006318,1008368
1006318,1008369
1006318,1008370
1006318,1008371
1006318,1008372
1006318,1008373
1006318,1008374
1006318,1008375
1006318,1008376
1006318,1008377
1006318,1008378
1006318,1008379
1006318,1008380
1006318,1008381
1006318,1008382
1006318,1008383
1006318,1008384
1006318,1008385
1006318,1008386
1006318,1008387
1006318,1008388
1006318,1008389
1006318,1008390
1006318,1008391
1006318,1008392
1006318,1008393
1006318,1008394
1006318,1008395
1006318,1008396
1006318,1008397
1006318,1008398
1006318,1008399
1006318,1008400
1006318,1008401
1006318,1008402
1006318,1008403
1006318,1008404
1006318,1008405
1006318,1008406
1006318,1008407
1006318,1008408
1006318,1008409
1006318,1008410
1006318,1008411
1006318,1008412
1006318,1008413
1006318,1008414
1006318,1008415
1006318,1008416
1006318,1008417
1006318,1008418
1006318,1008419
1006318,1008420
1006318,1008421
1006318,1008422
1006318,1008423
1006318,1008424
1006318,1008425
1006318,1008426
1006318,1008427
1006318,1008428
1006318,1008429
1006318,1008430
1006318,1008431
1006318,1008432
1006318,1008433
1006318,1008434
1006318,1008435
1006318,1008436
1006318,1008437
1006318,1008438
1006318,1008439
1006318,1008440
1006318,1008441
1006318,1008442
1006318,1008443
1006318,1008444
1006318,1008445
1006318,1008446
1006318,1008447
1006318,1008448
1006318,1008449
1006318,1008450
1006318,1008451
1006318,1008452
1006318,1008453
1006318,1008454
1006318,1008455
1006318,1008456
1006318,1008457
1006318,1008458
1006318,1008459
1006318,1008460
1006318,1008461
1006318,1008462
1006318,1008463
1006318,1008464
1006318,1008465
1006318,1008466
1006318,1008467
1006318,1008468
1006318,1008469
1006318,1008470
1006318,1008471
1006318,1008472
1006318,1008473
1006318,1008474
1006318,1008475
1006318,1008476
1006318,1008477
1006318,1008478
1006318,1008479
1006318,1008480
1006318,1008481
1006318,1008482
1006318,1008483
1006318,1008484
1006318,1008485
1006318,1008486
1006318,1008487
1006318,1008488
1006318,1008489
1006318,1008490
1006318,1008491
1006318,1008492
1006318,1008493
1006318,1008494
1006318,1008495
1006318,1008496
1006318,1008497
1006318,1008498
1006318,1008499
1006318,1008500
1006318,1008501
1006318,1008502
1006318,1008503
1006318,1008504
1006318,1008505
1006318,1008506
1006318,1008507
1006318,1008508
1006318,1008509
1006318,1008510
1006318,1008511
1006318,1008512
1006318,1008513
1006318,1008514
1006318,1008515
1006318,1008516
1006318,1008517
1006318,1008518
1006318,1008519
1006318,1008520
1006318,1008521
1006318,1008522
1006318,1008523
1006318,1008524
1006318,1008525
1006318,1008526
1006318,1008527
1006318,1008528
1006318,1008529
1006318,1008530
1006318,1008531
1006318,1008532
1006318,1008533
1006318,1008534
1006318,1008535
1006318,1008536
1006318,1008537
1006318,1008538
1006318,1008539
1006318,1008540
1006318,1008541
1006318,1008542
1006318,1008543
1006318,1008544
1006318,1008545
1006318,1008546
1006318,1008547
1006318,1008548
1006318,1008549
1006318,1008550
1006318,1008551
1006318,1008552
1006318,1008553
1006318,1008554
1006318,1008555
1006318,1008556
1006318,1008557
1006318,1008558
1006318,1008559
1006318,1008560
1006318,1008561
1006318,1008562
1006318,1008563
1006318,1008564
1006318,1008565
1006318,1008566
1006318,1008567
1006318,1008568
1006318,1008569
1006318,1008570
1006318,1008571
1006318,1008572
1006318,1008573
1006318,1008574
1006318,1008575
1006318,1008576
1006318,1008577
1006318,1008578
1006318,1008579
1006318,1008580
1006318,1008581
1006318,1008582
1006318,1008583
1006318,1008584
1006318,1008585
1006318,1008586
1006318,1008587
1006318,1008588
1006318,1008589
1006318,1008590
1006318,1008591
1006318,1008592
1006318,1008593
1006318,1008594
1006318,1008595
1006318,1008596
1006318,1008597
1006318,1008598
1006318,1008599
1006318,1008600
1006318,1008601
1006318,1008602
1006318,1008603
1006318,1008604
1006318,1008605
1006318,1008606
1006318,1008607
1006318,1008608
1006318,1008609
1006318,1008610
1006318,1008611
1006318,1008612
1006318,1008613
1006318,1008614
1006318,1008615
1006318,1008616
1006318,1008617
1006318,1008618
1006318,1008619
1006318,1008620
1006318,1008621
1006318,1008622
1006318,1008623
1006318,1008624
1006318,1008625
1006318,1008626
1006318,1008627
1006318,1008628
1006318,1008629
1006318,1008630
1006318,1008631
1006318,1008632
1006318,1008633
1006318,1008634
1006318,1008635
1006318,1008636
1006318,1008637
1006318,1008638
1006318,1008639
1006318,1008640
1006318,1008641
1006318,1008642
1006318,1008643
1006318,1008644
1006318,1008645
1006318,1008646
1006318,1008647
1006318,1008648
1006318,1008649
1006318,1008650
1006318,1008651
1006318,1008652
1006318,1008653
1006318,1008654
1006318,1008655
1006318,1008656
1006318,1008657
1006318,1008658
1006318,1008659
1006318,1008660
1006318,1008661
1006318,1008662
1006318,1008663
1006318,1008664
1006318,1008665
1006318,1008666
1006318,1008667
1006318,1008668
1006318,1008669
1006318,1008670
1006318,1008671
1006318,1008672
1006318,1008673
1006318,1008674
1006318,1008675
1006318,1008676
1006318,1008677
1006318,1008678
1006318,1008679
1006318,1008680
1006318,1008681
1006318,1008682
1006318,1008683
1006318,1008684
1006318,1008685
1006318,1008686
1006318,1008687
1006318,1008688
1006318,1008689
1006318,1008690
1006318,1008691
1006318,1008692
1006318,1008693
1006318,1008694
1006318,1008695
1006318,1008696
1006318,1008697
1006318,1008698
1006318,1008699
1006318,1008700
1006318,1008701
1006318,1008702
1006318,1008703
1006318,1008704
1006318,1008705
1006318,1008706
1006318,1008707
1006318,1008708
1006318,1008709
1006318,1008710
1006318,1008711
1006318,1008712
1006318,1008713
1006318,1008714
1006318,1008715
1006318,1008716
1006318,1008717
1006318,1008718
1006318,1008719
1006318,1008720
1006318,1008721
1006318,1008722
1006318,1008723
1006318,1008724
1006318,1008725
1006318,1008726
1006318,1008727
1006318,1008728
1006318,1008729
1006318,1008730
1006318,1008731
1006318,1008732
1006318,1008733
1006318,1008734
1006318,1008735
1006318,1008736
1006318,1008737
1006318,1008738
1006318,1008739
1006318,1008740
1006318,1008741
1006318,1008742
1006318,1008743
1006318,1008744
1006318,1008745
1006318,1008746
1006318,1008747
1006318,1008748
1006318,1008749
1006318,1008750
1006318,1008751
1006318,1008752
1006318,1008753
1006318,1008754
1006318,1008755
1006318,1008756
1006318,1008757
1006318,1008758
1006318,1008759
1006318,1008760
1006318,1008761
1006318,1008762
1006318,1008763
1006318,1008764
1006318,1008765
1006318,1008766
1006318,1008767
1006318,1008768
1006318,1008769
1006318,1008770
1006318,1008771
1006318,1008772
1006318,1008773
1006318,1008774
1006318,1008775
1006318,1008776
1006318,1008777
1006318,1008778
1006318,1008779
1006318,1008780
1006318,1008781
1006318,1008782
1006318,1008783
1006318,1008784
1006318,1008785
1006318,1008786
1006318,1008787
1006318,1008788
1006318,1008789
1006318,1008790
1006318,1008791
1006318,1008792
1006318,1008793
1006318,1008794
1006318,1008795
1006318,1008796
1006318,1008797
1006318,1008798
1006318,1008799
1006318,1008800
1006318,1008801
1006318,1008802
1006318,1008803
1006318,1008804
1006318,1008805
1006318,1008806
1006318,1008807
1006318,1008808
1006318,1008809
1006318,1008810
1006318,1008811
1006318,1008812
1006318,1008813
1006318,1008814
1006318,1008815
1006318,1008816
1006318,1008817
1006318,1008818
1006318,1008819
1006318,1008820
1006318,1008821
1006318,1008822
1006318,1008823
1006318,1008824
1006318,1008825
1006318,1008826
1006318,1008827
1006318,1008828
1006318,1008829
1006318,1008830
1006318,1008831
1006318,1008832
1006318,1008833
1006318,1008834
1006318,1008835
1006318,1008836
1006318,1008837
1006318,1008838
1006318,1008839
1006318,1008840
1006318,1008841
1006318,1008842
1006318,1008843
1006318,1008844
1006318,1008845
1006318,1008846
1006318,1008847
1006318,1008848
1006318,1008849
1006318,1008850
1006318,1008851
1006318,1008852
1006318,1008853
1006318,1008854
1006318,1008855
1006318,1008856
1006318,1008857
1006318,1008858
1006318,1008859
1006318,1008860
1006318,1008861
1006318,1008862
1006318,1008863
1006318,1008864
1006318,1008865
1006318,1008866
1006318,1008867
1006318,1008868
1006318,1008869
1006318,1008870
1006318,1008871
1006318,1008872
1006318,1008873
1006318,1008874
1006318,1008875
1006318,1008876
1006318,1008877
1006318,1008878
1006318,1008879
1006318,1008880
1006318,1008881
1006318,1008882
1006318,1008883
1006318,1008884
1006318,1008885
1006318,1008886
1006318,1008887
1006318,1008888
1006318,1008889
1006318,1008890
1006318,1008891
1006318,1008892
1006318,1008893
1006318,1008894
1006318,1008895
1006318,1008896
1006318,1008897
1006318,1008898
1006318,1008899
1006318,1008900
1006318,1008901
1006318,1008902
1006318,1008903
1006318,1008904
1006318,1008905
1006318,1008906
1006318,1008907
1006318,1008908
1006318,1008909
1006318,1008910
1006318,1008911
1006318,1008912
1006318,1008913
1006318,1008914
1006318,1008915
1006318,1008916
1006318,1008917
1006318,1008918
1006318,1008919
1006318,1008920
1006318,1008921
1006318,1008922
1006318,1008923
1006318,1008924
1006318,1008925
1006318,1008926
1006318,1008927
1006318,1008928
1006318,1008929
1006318,1008930
1006318,1008931
1006318,1008932
1006318,1008933
1006318,1008934
1006318,1008935
1006318,1008936
1006318,1008937
1006318,1008938
1006318,1008939
1006318,1008940
1006318,1008941
1006318,1008942
1006318,1008943
1006318,1008944
1006318,1008945
1006318,1008946
1006318,1008947
1006318,1008948
1006318,1008949
1006318,1008950
1006318,1008951
1006318,1008952
1006318,1008953
1006318,1008954
1006318,1008955
1006318,1008956
1006318,1008957
1006318,1008958
1006318,1008959
1006318,1008960
1006318,1008961
1006318,1008962
1006318,1008963
1006318,1008964
1006318,1008965
1006318,1008966
1006318,1008967
1006318,1008968
1006318,1008969
1006318,1008970
1006318,1008971
1006318,1008972
1006318,1008973
1006318,1008974
1006318,1008975
1006318,1008976
1006318,1008977
1006318,1008978
1006318,1008979
1006318,1008980
1006318,1008981
1006318,1008982
1006318,1008983
1006318,1008984
1006318,1008985
1006318,1008986
1006318,1008987
1006318,1008988
1006318,1008989
1006318,1008990
1006318,1008991
1006318,1008992
1006318,1008993
1006318,1008994
1006318,1008995
1006318,1008996
1006318,1008997
1006318,1008998
1006318,1008999
1006318,1009000
1006318,1009001
1006318,1009002
1006318,1009003
1006318,1009004
1006318,1009005
1006318,1009006
1006318,1009007
1006318,1009008
1006318,1009009
1006318,1009010
1006318,1009011
1006318,1009012
1006318,1009013
1006318,1009014
1006318,1009015
1006318,1009016
1006318,1009017
1006318,1009018
1006318,1009019
1006318,1009020
1006318,1009021
1006318,1009022
1006318,1009023
1006318,1009024
1006318,1009025
1006318,1009026
1006318,1009027
1006318,1009028
1006318,1009029
1006318,1009030
1006318,1009031
1006318,1009032
1006318,1009033
1006318,1009034
1006318,1009035
1006318,1009036
1006318,1009037
1006318,1009038
1006318,1009039
1006318,1009040
1006318,1009041
1006318,1009042
1006318,1009043
1006318,1009044
1006318,1009045
1006318,1009046
1006318,1009047
1006318,1009048
1006318,1009049
1006318,1009050
1006318,1009051
1006318,1009052
1006318,1009053
1006318,1009054
1006318,1009055
1006318,1009056
1006318,1009057
1006318,1009058
1006318,1009059
1006318,1009060
1006318,1009061
1006318,1009062
1006318,1009063
1006318,1009064
1006318,1009065
1006318,1009066
1006318,1009067
1006318,1009068
1006318,1009069
1006318,1009070
1006318,1009071
1006318,1009072
1006318,1009073
1006318,1009074
1006318,1009075
1006318,1009076
1006318,1009077
1006318,1009078
1006318,1009079
1006318,1009080
1006318,1009081
1006318,1009082
1006318,1009083
1006318,1009084
1006318,1009085
1006318,1009086
1006318,1009087
1006318,1009088
1006318,1009089
1006318,1009090
1006318,1009091
1006318,1009092
1006318,1009093
1006318,1009094
1006318,1009095
1006318,1009096
1006318,1009097
1006318,1009098
1006318,1009099
1006318,1009100
1006318,1009101
1006318,1009102
1006318,1009103
1006318,1009104
1006318,1009105
1006318,1009106
1006318,1009107
1006318,1009108
1006318,1009109
1006318,1009110
1006318,1009111
1006318,1009112
1006318,1009113
1006318,1009114
1006318,1009115
1006318,1009116
1006318,1009117
1006318,1009118
1006318,1009119
1006318,1009120
1006318,1009121
1006318,1009122
1006318,1009123
1006318,1009124
1006318,1009125
1006318,1009126
1006318,1009127
1006318,1009128
1006318,1009129
1006318,1009130
1006318,1009131
1006318,1009132
1006318,1009133
1006318,1009134
1006318,1009135
1006318,1009136
1006318,1009137
1006318,1009138
1006318,1009139
1006318,1009140
1006318,1009141
1006318,1009142
1006318,1009143
1006318,1009144
1006318,1009145
1006318,1009146
1006318,1009147
1006318,1009148
1006318,1009149
1006318,1009150
1006318,1009151
1006318,1009152
1006318,1009153
1006318,1009154
1006318,1009155
1006318,1009156
1006318,1009157
1006318,1009158
1006318,1009159
1006318,1009160
1006318,1009161
1006318,1009162
1006318,1009163
1006318,1009164
1006318,1009165
1006318,1009166
1006318,1009167
1006318,1009168
1006318,1009169
1006318,1009170
1006318,1009171
1006318,1009172
1006318,1009173
1006318,1009174
1006318,1009175
1006318,1009176
1006318,1009177
1006318,1009178
1006318,1009179
1006318,1009180
1006318,1009181
1006318,1009182
1006318,1009183
1006318,1009184
1006318,1009185
1006318,1009186
1006318,1009187
1006318,1009188
1006318,1009189
1006318,1009190
1006318,1009191
1006318,1009192
1006318,1009193
1006318,1009194
1006318,1009195
1006318,1009196
1006318,1009197
1006318,1009198
1006318,1009199
1006318,1009200
1006318,1009201
1006318,1009202
1006318,1009203
1006318,1009204
1006318,1009205
1006318,1009206
1006318,1009207
1006318,1009208
1006318,1009209
1006318,1009210
1006318,1009211
1006318,1009212
1006318,1009213
1006318,1009214
1006318,1009215
1006318,1009216
1006318,1009217
1006318,1009218
1006318,1009219
1006318,1009220
1006318,1009221
1006318,1009222
1006318,1009223
1006318,1009224
1006318,1009225
1006318,1009226
1006318,1009227
1006318,1009228
1006318,1009229
1006318,1009230
1006318,1009231
1006318,1009232
1006318,1009233
1006318,1009234
1006318,1009235
1006318,1009236
1006318,1009237
1006318,1009238
1006318,1009239
1006318,1009240
1006318,1009241
1006318,1009242
1006318,1009243
1006318,1009244
1006318,1009245
1006318,1009246
1006318,1009247
1006318,1009248
1006318,1009249
1006318,1009250
1006318,1009251
1006318,1009252
1006318,1009253
1006318,1009254
1006318,1009255
1006318,1009256
1006318,1009257
1006318,1009258
1006318,1009259
1006318,1009260
1006318,1009261
1006318,1009262
1006318,1009263
1006318,1009264
1006318,1009265
1006318,1009266
1006318,1009267
1006318,1009268
1006318,1009269
1006318,1009270
1006318,1009271
1006318,1009272
1006318,1009273
1006318,1009274
1006318,1009275
1006318,1009276
1006318,1009277
1006318,1009278
1006318,1009279
1006318,1009280
1006318,1009281
1006318,1009282
1006318,1009283
1006318,1009284
1006318,1009285
1006318,1009286
1006318,1009287
1006318,1009288
1006318,1009289
1006318,1009290
1006318,1009291
1006318,1009292
1006318,1009293
1006318,1009294
1006318,1009295
1006318,1009296
1006318,1009297
1006318,1009298
1006318,1009299
1006318,1009300
1006318,1009301
1006318,1009302
1006318,1009303
1006318,1009304
1006318,1009305
1006318,1009306
1006318,1009307
1006318,1009308
1006318,1009309
1006318,1009310
1006318,1009311
1006318,1009312
1006318,1009313
1006318,1009314
1006318,1009315
1006318,1009316
1006318,1009317
1006318,1009318
1006318,1009319
1006318,1009320
1006318,1009321
1006318,1009322
1006318,1009323
1006318,1009324
1006318,1009325
1006318,1009326
1006318,1009327
1006318,1009328
1006318,1009329
1006318,1009330
1006318,1009331
1006318,1009332
1006318,1009333
1006318,1009334
1006318,1009335
1006318,1009336
1006318,1009337
1006318,1009338
1006318,1009339
1006318,1009340
1006318,1009341
1006318,1009342
1006318,1009343
1006318,1009344
1006318,1009345
1006318,1009346
1006318,1009347
1006318,1009348
1006318,1009349
1006318,1009350
1006318,1009351
1006318,1009352
1006318,1009353
1006318,1009354
1006318,1009355
1006318,1009356
1006318,1009357
1006318,1009358
1006318,1009359
1006318,1009360
1006318,1009361
1006318,1009362
1006318,1009363
1006318,1009364
1006318,1009365
1006318,1009366
1006318,1009367
1006318,1009368
1006318,1009369
1006318,1009370
1006318,1009371
1006318,1009372
1006318,1009373
1006318,1009374
1006318,1009375
1006318,1009376
1006318,1009377
1006318,1009378
1006318,1009379
1006318,1009380
1006318,1009381
1006318,1009382
1006318,1009383
1006318,1009384
1006318,1009385
1006318,1009386
1006318,1009387
1006318,1009388
1006318,1009389
1006318,1009390
1006318,1009391
1006318,1009392
1006318,1009393
1006318,1009394
1006318,1009395
1006318,1009396
1006318,1009397
1006318,1009398
1006318,1009399
1006318,1009400
1006318,1009401
1006318,1009402
1006318,1009403
1006318,1009404
1006318,1009405
1006318,1009406
1006318,1009407
1006318,1009408
1006318,1009409
1006318,1009410
1006318,1009411
1006318,1009412
1006318,1009413
1006318,1009414
1006318,1009415
1006318,1009416
1006318,1009417
1006318,1009418
1006318,1009419
1006318,1009420
1006318,1009421
1006318,1009422
1006318,1009423
1006318,1009424
1006318,1009425
1006318,1009426
1006318,1009427
1006318,1009428
1006318,1009429
1006318,1009430
1006318,1009431
1006318,1009432
1006318,1009433
1006318,1009434
1006318,1009435
1006318,1009436
1006318,1009437
1006318,1009438
1006318,1009439
1006318,1009440
1006318,1009441
1006318,1009442
1006318,1009443
1006318,1009444
1006318,1009445
1006318,1009446
1006318,1009447
1006318,1009448
1006318,1009449
1006318,1009450
1006318,1009451
1006318,1009452
1006318,1009453
1006318,1009454
1006318,1009455
1006318,1009456
1006318,1009457
1006318,1009458
1006318,1009459
1006318,1009460
1006318,1009461
1006318,1009462
1006318,1009463
1006318,1009464
1006318,1009465
1006318,1009466
1006318,1009467
1006318,1009468
1006318,1009469
1006318,1009470
1006318,1009471
1006318,1009472
1006318,1009473
1006318,1009474
1006318,1009475
1006318,1009476
1006318,1009477
1006318,1009478
1006318,1009479
1006318,1009480
1006318,1009481
1006318,1009482
1006318,1009483
1006318,1009484
1006318,1009485
1006318,1009486
1006318,1009487
1006318,1009488
1006318,1009489
1006318,1009490
1006318,1009491
1006318,1009492
1006318,1009493
1006318,1009494
1006318,1009495
1006318,1009496
1006318,1009497
1006318,1009498
1006318,1009499
1006318,1009500
1006318,1009501
1006318,1009502
1006318,1009503
1006318,1009504
1006318,1009505
1006318,1009506
1006318,1009507
1006318,1009508
1006318,1009509
1006318,1009510
1006318,1009511
1006318,1009512
1006318,1009513
1006318,1009514
1006318,1009515
1006318,1009516
1006318,1009517
1006318,1009518
1006318,1009519
1006318,1009520
1006318,1009521
1006318,1009522
1006318,1009523
1006318,1009524
1006318,1009525
1006318,1009526
1006318,1009527
1006318,1009528
1006318,1009529
1006318,1009530
1006318,1009531
1006318,1009532
1006318,1009533
1006318,1009534
1006318,1009535
1006318,1009536
1006318,1009537
1006318,1009538
1006318,1009539
1006318,1009540
1006318,1009541
1006318,1009542
1006318,1009543
1006318,1009544
1006318,1009545
1006318,1009546
1006318,1009547
1006318,1009548
1006318,1009549
1006318,1009550
1006318,1009551
1006318,1009552
1006318,1009553
1006318,1009554
1006318,1009555
1006318,1009556
1006318,1009557
1006318,1009558
1006318,1009559
1006318,1009560
1006318,1009561
1006318,1009562
1006318,1009563
1006318,1009564
1006318,1009565
1006318,1009566
1006318,1009567
1006318,1009568
1006318,1009569
1006318,1009570
1006318,1009571
1006318,1009572
1006318,1009573
1006318,1009574
1006318,1009575
1006318,1009576
1006318,1009577
1006318,1009578
1006318,1009579
1006318,1009580
1006318,1009581
1006318,1009582
1006318,1009583
1006318,1009584
1006318,1009585
1006318,1009586
1006318,1009587
1006318,1009588
1006318,1009589
1006318,1009590
1006318,1009591
1006318,1009592
1006318,1009593
1006318,1009594
1006318,1009595
1006318,1009596
1006318,1009597
1006318,1009598
1006318,1009599
1006318,1009600
1006318,1009601
1006318,1009602
1006318,1009603
1006318,1009604
1006318,1009605
1006318,1009606
1006318,1009607
1006318,1009608
1006318,1009609
1006318,1009610
1006318,1009611
1006318,1009612
1006318,1009613
1006318,1009614
1006318,1009615
1006318,1009616
1006318,1009617
1006318,1009618
1006318,1009619
1006318,1009620
1006318,1009621
1006318,1009622
1006318,1009623
1006318,1009624
1006318,1009625
1006318,1009626
1006318,1009627
1006318,1009628
1006318,1009629
1006318,1009630
1006318,1009631
1006318,1009632
1006318,1009633
1006318,1009634
1006318,1009635
1006318,1009636
1006318,1009637
1006318,1009638
1006318,1009639
1006318,1009640
1006318,1009641
1006318,1009642
1006318,1009643
1006318,1009644
1006318,1009645
1006318,1009646
1006318,1009647
1006318,1009648
1006318,1009649
1006318,1009650
1006318,1009651
1006318,1009652
1006318,1009653
1006318,1009654
1006318,1009655
1006318,1009656
1006318,1009657
1006318,1009658
1006318,1009659
1006318,1009660
1006318,1009661
1006318,1009662
1006318,1009663
1006318,1009664
1006318,1009665
1006318,1009666
1006318,1009667
1006318,1009668
1006318,1009669
1006318,1009670
1006318,1009671
1006318,1009672
1006318,1009673
1006318,1009674
1006318,1009675
1006318,1009676
1006318,1009677
1006318,1009678
1006318,1009679
1006318,1009680
1006318,1009681
1006318,1009682
1006318,1009683
1006318,1009684
1006318,1009685
1006318,1009686
1006318,1009687
1006318,1009688
1006318,1009689
1006318,1009690
1006318,1009691
1006318,1009692
1006318,1009693
1006318,1009694
1006318,1009695
1006318,1009696
1006318,1009697
1006318,1009698
1006318,1009699
1006318,1009700
1006318,1009701
1006318,1009702
1006318,1009703
1006318,1009704
1006318,1009705
1006318,1009706
1006318,1009707
1006318,1009708
1006318,1009709
1006318,1009710
1006318,1009711
1006318,1009712
1006318,1009713
1006318,1009714
1006318,1009715
1006318,1009716
1006318,1009717
1006318,1009718
1006318,1009719
1006318,1009720
1006318,1009721
1006318,1009722
1006318,1009723
1006318,1009724
1006318,1009725
1006318,1009726
1006318,1009727
1006318,1009728
1006318,1009729
1006318,1009730
1006318,1009731
1006318,1009732
1006318,1009733
1006318,1009734
1006318,1009735
1006318,1009736
1006318,1009737
1006318,1009738
1006318,1009739
1006318,1009740
1006318,1009741
1006318,1009742
1006318,1009743
1006318,1009744
1006318,1009745
1006318,1009746
1006318,1009747
1006318,1009748
1006318,1009749
1006318,1009750
1006318,1009751
1006318,1009752
1006318,1009753
1006318,1009754
1006318,1009755
1006318,1009756
1006318,1009757
1006318,1009758
1006318,1009759
1006318,1009760
1006318,1009761
1006318,1009762
1006318,1009763
1006318,1009764
1006318,1009765
1006318,1009766
1006318,1009767
1006318,1009768
1006318,1009769
1006318,1009770
1006318,1009771
1006318,1009772
1006318,1009773
1006318,1009774
1006318,1009775
1006318,1009776
1006318,1009777
1006318,1009778
1006318,1009779
1006318,1009780
1006318,1009781
1006318,1009782
1006318,1009783
1006318,1009784
1006318,1009785
1006318,1009786
1006318,1009787
1006318,1009788
1006318,1009789
1006318,1009790
1006318,1009791
1006318,1009792
1006318,1009793
1006318,1009794
1006318,1009795
1006318,1009796
1006318,1009797
1006318,1009798
1006318,1009799
1006318,1009800
1006318,1009801
1006318,1009802
1006318,1009803
1006318,1009804
1006318,1009805
1006318,1009806
1006318,1009807
1006318,1009808
1006318,1009809
1006318,1009810
1006318,1009811
1006318,1009812
1006318,1009813
1006318,1009814
1006318,1009815
1006318,1009816
1006318,1009817
1006318,1009818
1006318,1009819
1006318,1009820
1006318,1009821
1006318,1009822
1006318,1009823
1006318,1009824
1006318,1009825
1006318,1009826
1006318,1009827
1006318,1009828
1006318,1009829
1006318,1009830
1006318,1009831
1006318,1009832
1006318,1009833
1006318,1009834
1006318,1009835
1006318,1009836
1006318,1009837
1006318,1009838
1006318,1009839
1006318,1009840
1006318,1009841
1006318,1009842
1006318,1009843
1006318,1009844
1006318,1009845
1006318,1009846
1006318,1009847
1006318,1009848
1006318,1009849
1006318,1009850
1006318,1009851
1006318,1009852
1006318,1009853
1006318,1009854
1006318,1009855
1006318,1009856
1006318,1009857
1006318,1009858
1006318,1009859
1006318,1009860
1006318,1009861
1006318,1009862
1006318,1009863
1006318,1009864
1006318,1009865
1006318,1009866
1006318,1009867
1006318,1009868
1006318,1009869
1006318,1009870
1006318,1009871
1006318,1009872
1006318,1009873
1006318,1009874
1006318,1009875
1006318,1009876
1006318,1009877
1006318,1009878
1006318,1009879
1006318,1009880
1006318,1009881
1006318,1009882
1006318,1009883
1006318,1009884
1006318,1009885
1006318,1009886
1006318,1009887
1006318,1009888
1006318,1009889
1006318,1009890
1006318,1009891
1006318,1009892
1006318,1009893
1006318,1009894
1006318,1009895
1006318,1009896
1006318,1009897
1006318,1009898
1006318,1009899
1006318,1009900
1006318,1009901
1006318,1009902
1006318,1009903
1006318,1009904
1006318,1009905
1006318,1009906
1006318,1009907
1006318,1009908
1006318,1009909
1006318,1009910
1006318,1009911
1006318,1009912
1006318,1009913
1006318,1009914
1006318,1009915
1006318,1009916
1006318,1009917
1006318,1009918
1006318,1009919
1006318,1009920
1006318,1009921
1006318,1009922
1006318,1009923
1006318,1009924
1006318,1009925
1006318,1009926
1006318,1009927
1006318,1009928
1006318,1009929
1006318,1009930
1006318,1009931
1006318,1009932
1006318,1009933
1006318,1009934
1006318,1009935
1006318,1009936
1006318,1009937
1006318,1009938
1006318,1009939
1006318,1009940
1006318,1009941
1006318,1009942
1006318,1009943
1006318,1009944
1006318,1009945
1006318,1009946
1006318,1009947
1006318,1009948
1006318,1009949
1006318,1009950
1006318,1009951
1006318,1009952
1006318,1009953
1006318,1009954
1006318,1009955
1006318,1009956
1006318,1009957
1006318,1009958
1006318,1009959
1006318,1009960
1006318,1009961
1006318,1009962
1006318,1009963
1006318,1009964
1006318,1009965
1006318,1009966
1006318,1009967
1006318,1009968
1006318,1009969
1006318,1009970
1006318,1009971
1006318,1009972
1006318,1009973
1006318,1009974
1006318,1009975
1006318,1009976
1006318,1009977
1006318,1009978
1006318,1009979
1006318,1009980
1006318,1009981
1006318,1009982
1006318,1009983
1006318,1009984
1006318,1009985
1006318,1009986
1006318,1009987
1006318,1009988
1006318,1009989
1006318,1009990
1006318,1009991
1006318,1009992
1006318,1009993
1006318,1009994
1006318,1009995
1006318,1009996
1006318,1009997
1006318,1009998
1006318,1009999
1006318,1010000
1006318,1010001
1006318,1010002
1006318,1010003
1006318,1010004
1006318,1010005
1006318,1010006
1006318,1010007
1006318,1010008
1006318,1010009
1006318,1010010
1006318,1010011
1006318,1010012
1006318,1010013
1006318,1010014
1006318,1010015
1006318,1010016
1006318,1010017
1006318,1010018
1006318,1010019
1006318,1010020
1006318,1010021
1006318,1010022
1006318,1010023
1006318,1010024
1006318,1010025
1006318,1010026
1006318,1010027
1006318,1010028
1006318,1010029
1006318,1010030
1006318,1010031
1006318,1010032
1006318,1010033
1006318,1010034
1006318,1010035
1006318,1010036
1006318,1010037
1006318,1010038
1006318,1010039
1006318,1010040
1006318,1010041
1006318,1010042
1006318,1010043
1006318,1010044
1006318,1010045
1006318,1010046
1006318,1010047
1006318,1010048
1006318,1010049
1006318,1010050
1006318,1010051
1006318,1010052
1006318,1010053
1006318,1010054
1006318,1010055
1006318,1010056
1006318,1010057
1006318,1010058
1006318,1010059
1006318,1010060
1006318,1010061
1006318,1010062
1006318,1010063
1006318,1010064
1006318,1010065
1006318,1010066
1006318,1010067
1006318,1010068
1006318,1010069
1006318,1010070
1006318,1010071
1006318,1010072
1006318,1010073
1006318,1010074
1006318,1010075
1006318,1010076
1006318,1010077
1006318,1010078
1006318,1010079
1006318,1010080
1006318,1010081
1006318,1010082
1006318,1010083
1006318,1010084
1006318,1010085
1006318,1010086
1006318,1010087
1006318,1010088
1006318,1010089
1006318,1010090
1006318,1010091
1006318,1010092
1006318,1010093
1006318,1010094
1006318,1010095
1006318,1010096
1006318,1010097
1006318,1010098
1006318,1010099
1006318,1010100
1006318,1010101
1006318,1010102
1006318,1010103
1006318,1010104
1006318,1010105
1006318,1010106
1006318,1010107
1006318,1010108
1006318,1010109
1006318,1010110
1006318,1010111
1006318,1010112
1006318,1010113
1006318,1010114
1006318,1010115
1006318,1010116
1006318,1010117
1006318,1010118
1006318,1010119
1006318,1010120
1006318,1010121
1006318,1010122
1006318,1010123
1006318,1010124
1006318,1010125
1006318,1010126
1006318,1010127
1006318,1010128
1006318,1010129
1006318,1010130
1006318,1010131
1006318,1010132
1006318,1010133
1006318,1010134
1006318,1010135
1006318,1010136
1006318,1010137
1006318,1010138
1006318,1010139
1006318,1010140
1006318,1010141
1006318,1010142
1006318,1010143
1006318,1010144
1006318,1010145
1006318,1010146
1006318,1010147
1006318,1010148
1006318,1010149
1006318,1010150
1006318,1010151
1006318,1010152
1006318,1010153
1006318,1010154
1006318,1010155
1006318,1010156
1006318,1010157
1006318,1010158
1006318,1010159
1006318,1010160
1006318,1010161
1006318,1010162
1006318,1010163
1006318,1010164
1006318,1010165
1006318,1010166
1006318,1010167
1006318,1010168
1006318,1010169
1006318,1010170
1006318,1010171
1006318,1010172
1006318,1010173
1006318,1010174
1006318,1010175
1006318,1010176
1006318,1010177
1006318,1010178
1006318,1010179
1006318,1010180
1006318,1010181
1006318,1010182
1006318,1010183
1006318,1010184
1006318,1010185
1006318,1010186
1006318,1010187
1006318,1010188
1006318,1010189
1006318,1010190
1006318,1010191
1006318,1010192
1006318,1010193
1006318,1010194
1006318,1010195
1006318,1010196
1006318,1010197
1006318,1010198
1006318,1010199
1006318,1010200
1006318,1010201
1006318,1010202
1006318,1010203
1006318,1010204
1006318,1010205
1006318,1010206
1006318,1010207
1006318,1010208
1006318,1010209
1006318,1010210
1006318,1010211
1006318,1010212
1006318,1010213
1006318,1010214
1006318,1010215
1006318,1010216
1006318,1010217
1006318,1010218
1006318,1010219
1006318,1010220
1006318,1010221
1006318,1010222
1006318,1010223
1006318,1010224
1006318,1010225
1006318,1010226
1006318,1010227
1006318,1010228
1006318,1010229
1006318,1010230
1006318,1010231
1006318,1010232
1006318,1010233
1006318,1010234
1006318,1010235
1006318,1010236
1006318,1010237
1006318,1010238
1006318,1010239
1006318,1010240
1006318,1010241
1006318,1010242
1006318,1010243
1006318,1010244
1006318,1010245
1006318,1010246
1006318,1010247
1006318,1010248
1006318,1010249
1006318,1010250
1006318,1010251
1006318,1010252
1006318,1010253
1006318,1010254
1006318,1010255
1006318,1010256
1006318,1010257
1006318,1010258
1006318,1010259
1006318,1010260
1006318,1010261
1006318,1010262
1006318,1010263
1006318,1010264
1006318,1010265
1006318,1010266
1006318,1010267
1006318,1010268
1006318,1010269
1006318,1010270
1006318,1010271
1006318,1010272
1006318,1010273
1006318,1010274
1006318,1010275
1006318,1010276
1006318,1010277
1006318,1010278
1006318,1010279
1006318,1010280
1006318,1010281
1006318,1010282
1006318,1010283
1006318,1010284
1006318,1010285
1006318,1010286
1006318,1010287
1006318,1010288
1006318,1010289
1006318,1010290
1006318,1010291
1006318,1010292
1006318,1010293
1006318,1010294
1006318,1010295
1006318,1010296
1006318,1010297
1006318,1010298
1006318,1010299
1006318,1010300
1006318,1010301
1006318,1010302
1006318,1010303
1006318,1010304
1006318,1010305
1006318,1010306
1006318,1010307
1006318,1010308
1006318,1010309
1006318,1010310
1006318,1010311
1006318,1010312
1006318,1010313
1006318,1010314
1006318,1010315
1006318,1010316
1006318,1010317
1006318,1010318
1006318,1010319
1006318,1010320
1006318,1010321
1006318,1010322
1006318,1010323
1006318,1010324
1006318,1010325
1006318,1010326
1006318,1010327
1006318,1010328
1006318,1010329
1006318,1010330
1006318,1010331
1006318,1010332
1006318,1010333
1006318,1010334
1006318,1010335
1006318,1010336
1006318,1010337
1006318,1010338
1006318,1010339
1006318,1010340
1006318,1010341
1006318,1010342
1006318,1010343
1006318,1010344
1006318,1010345
1006318,1010346
1006318,1010347
1006318,1010348
1006318,1010349
1006318,1010350
1006318,1010351
1006318,1010352
1006318,1010353
1006318,1010354
1006318,1010355
1006318,1010356
1006318,1010357
1006318,1010358
1006318,1010359
1006318,1010360
1006318,1010361
1006318,1010362
1006318,1010363
1006318,1010364
1006318,1010365
1006318,1010366
1006318,1010367
1006318,1010368
1006318,1010369
1006318,1010370
1006318,1010371
1006318,1010372
1006318,1010373
1006318,1010374
1006318,1010375
1006318,1010376
1006318,1010377
1006318,1010378
1006318,1010379
1006318,1010380
1006318,1010381
1006318,1010382
1006318,1010383
1006318,1010384
1006318,1010385
1006318,1010386
1006318,1010387
1006318,1010388
1006318,1010389
1006318,1010390
1006318,1010391
1006318,1010392
1006318,1010393
1006318,1010394
1006318,1010395
1006318,1010396
1006318,1010397
1006318,1010398
1006318,1010399
1006318,1010400
1006318,1010401
1006318,1010402
1006318,1010403
1006318,1010404
1006318,1010405
1006318,1010406
1006318,1010407
1006318,1010408
1006318,1010409
1006318,1010410
1006318,1010411
1006318,1010412
1006318,1010413
1006318,1010414
1006318,1010415
1006318,1010416
1006318,1010417
1006318,1010418
1006318,1010419
1006318,1010420
1006318,1010421
1006318,1010422
1006318,1010423
1006318,1010424
1006318,1010425
1006318,1010426
1006318,1010427
1006318,1010428
1006318,1010429
1006318,1010430
1006318,1010431
1006318,1010432
1006318,1010433
1006318,1010434
1006318,1010435
1006318,1010436
1006318,1010437
1006318,1010438
1006318,1010439
1006318,1010440
1006318,1010441
1006318,1010442
1006318,1010443
1006318,1010444
1006318,1010445
1006318,1010446
1006318,1010447
1006318,1010448
1006318,1010449
1006318,1010450
1006318,1010451
1006318,1010452
1006318,1010453
1006318,1010454
1006318,1010455
1006318,1010456
1006318,1010457
1006318,1010458
1006318,1010459
1006318,1010460
1006318,1010461
1006318,1010462
1006318,1010463
1006318,1010464
1006318,1010465
1006318,1010466
1006318,1010467
1006318,1010468
1006318,1010469
1006318,1010470
1006318,1010471
1006318,1010472
1006318,1010473
1006318,1010474
1006318,1010475
1006318,1010476
1006318,1010477
1006318,1010478
1006318,1010479
1006318,1010480
1006318,1010481
1006318,1010482
1006318,1010483
1006318,1010484
1006318,1010485
1006318,1010486
1006318,1010487
1006318,1010488
1006318,1010489
1006318,1010490
1006318,1010491
1006318,1010492
1006318,1010493
1006318,1010494
1006318,1010495
1006318,1010496
1006318,1010497
1006318,1010498
1006318,1010499
1006318,1010500
1006318,1010501
1006318,1010502
1006318,1010503
1006318,1010504
1006318,1010505
1006318,1010506
1006318,1010507
1006318,1010508
1006318,1010509
1006318,1010510
1006318,1010511
1006318,1010512
1006318,1010513
1006318,1010514
1006318,1010515
1006318,1010516
1006318,1010517
1006318,1010518
1006318,1010519
1006318,1010520
1006318,1010521
1006318,1010522
1006318,1010523
1006318,1010524
1006318,1010525
1006318,1010526
1006318,1010527
1006318,1010528
1006318,1010529
1006318,1010530
1006318,1010531
1006318,1010532
1006318,1010533
1006318,1010534
1006318,1010535
1006318,1010536
1006318,1010537
1006318,1010538
1006318,1010539
1006318,1010540
1006318,1010541
1006318,1010542
1006318,1010543
1006318,1010544
1006318,1010545
1006318,1010546
1006318,1010547
1006318,1010548
1006318,1010549
1006318,1010550
1006318,1010551
1006318,1010552
1006318,1010553
1006318,1010554
1006318,1010555
1006318,1010556
1006318,1010557
1006318,1010558
1006318,1010559
1006318,1010560
1006318,1010561
1006318,1010562
1006318,1010563
1006318,1010564
1006318,1010565
1006318,1010566
1006318,1010567
1006318,1010568
1006318,1010569
1006318,1010570
1006318,1010571
1006318,1010572
1006318,1010573
1006318,1010574
1006318,1010575
1006318,1010576
1006318,1010577
1006318,1010578
1006318,1010579
1006318,1010580
1006318,1010581
1006318,1010582
1006318,1010583
1006318,1010584
1006318,1010585
1006318,1010586
1006318,1010587
1006318,1010588
1006318,1010589
1006318,1010590
1006318,1010591
1006318,1010592
1006318,1010593
1006318,1010594
1006318,1010595
1006318,1010596
1006318,1010597
1006318,1010598
1006318,1010599
1006318,1010600
1006318,1010601
1006318,1010602
1006318,1010603
1006318,1010604
1006318,1010605
1006318,1010606
1006318,1010607
1006318,1010608
1006318,1010609
1006318,1010610
1006318,1010611
1006318,1010612
1006318,1010613
1006318,1010614
1006318,1010615
1006318,1010616
1006318,1010617
1006318,1010618
1006318,1010619
1006318,1010620
1006318,1010621
1006318,1010622
1006318,1010623
1006318,1010624
1006318,1010625
1006318,1010626
1006318,1010627
1006318,1010628
1006318,1010629
1006318,1010630
1006318,1010631
1006318,1010632
1006318,1010633
1006318,1010634
1006318,1010635
1006318,1010636
1006318,1010637
1006318,1010638
1006318,1010639
1006318,1010640
1006318,1010641
1006318,1010642
1006318,1010643
1006318,1010644
1006318,1010645
1006318,1010646
1006318,1010647
1006318,1010648
1006318,1010649
1006318,1010650
1006318,1010651
1006318,1010652
1006318,1010653
1006318,1010654
1006318,1010655
1006318,1010656
1006318,1010657
1006318,1010658
1006318,1010659
1006318,1010660
1006318,1010661
1006318,1010662
1006318,1010663
1006318,1010664
1006318,1010665
1006318,1010666
1006318,1010667
1006318,1010668
1006318,1010669
1006318,1010670
1006318,1010671
1006318,1010672
1006318,1010673
1006318,1010674
1006318,1010675
1006318,1010676
1006318,1010677
1006318,1010678
1006318,1010679
1006318,1010680
1006318,1010681
1006318,1010682
1006318,1010683
1006318,1010684
1006318,1010685
1006318,1010686
1006318,1010687
1006318,1010688
1006318,1010689
1006318,1010690
1006318,1010691
1006318,1010692
1006318,1010693
1006318,1010694
1006318,1010695
1006318,1010696
1006318,1010697
1006318,1010698
1006318,1010699
1006318,1010700
1006318,1010701
1006318,1010702
1006318,1010703
1006318,1010704
1006318,1010705
1006318,1010706
1006318,1010707
1006318,1010708
1006318,1010709
1006318,1010710
1006318,1010711
1006318,1010712
1006318,1010713
1006318,1010714
1006318,1010715
1006318,1010716
1006318,1010717
1006318,1010718
1006318,1010719
1006318,1010720
1006318,1010721
1006318,1010722
1006318,1010723
1006318,1010724
1006318,1010725
1006318,1010726
1006318,1010727
1006318,1010728
1006318,1010729
1006318,1010730
1006318,1010731
1006318,1010732
1006318,1010733
1006318,1010734
1006318,1010735
1006318,1010736
1006318,1010737
1006318,1010738
1006318,1010739
1006318,1010740
1006318,1010741
1006318,1010742
1006318,1010743
1006318,1010744
1006318,1010745
1006318,1010746
1006318,1010747
1006318,1010748
1006318,1010749
1006318,1010750
1006318,1010751
1006318,1010752
1006318,1010753
1006318,1010754
1006318,1010755
1006318,1010756
1006318,1010757
1006318,1010758
1006318,1010759
1006318,1010760
1006318,1010761
1006318,1010762
1006318,1010763
1006318,1010764
1006318,1010765
1006318,1010766
1006318,1010767
1006318,1010768
1006318,1010769
1006318,1010770
1006318,1010771
1006318,1010772
1006318,1010773
1006318,1010774
1006318,1010775
1006318,1010776
1006318,1010777
1006318,1010778
1006318,1010779
1006318,1010780
1006318,1010781
1006318,1010782
1006318,1010783
1006318,1010784
1006318,1010785
1006318,1010786
1006318,1010787
1006318,1010788
1006318,1010789
1006318,1010790
1006318,1010791
1006318,1010792
1006318,1010793
1006318,1010794
1006318,1010795
1006318,1010796
1006318,1010797
1006318,1010798
1006318,1010799
1006318,1010800
1006318,1010801
1006318,1010802
1006318,1010803
1006318,1010804
1006318,1010805
1006318,1010806
1006318,1010807
1006318,1010808
1006318,1010809
1006318,1010810
1006318,1010811
1006318,1010812
1006318,1010813
1006318,1010814
1006318,1010815
1006318,1010816
1006318,1010817
1006318,1010818
1006318,1010819
1006318,1010820
1006318,1010821
1006318,1010822
1006318,1010823
1006318,1010824
1006318,1010825
1006318,1010826
1006318,1010827
1006318,1010828
1006318,1010829
1006318,1010830
1006318,1010831
1006318,1010832
1006318,1010833
1006318,1010834
1006318,1010835
1006318,1010836
1006318,1010837
1006318,1010838
1006318,1010839
1006318,1010840
1006318,1010841
1006318,1010842
1006318,1010843
1006318,1010844
1006318,1010845
1006318,1010846
1006318,1010847
1006318,1010848
1006318,1010849
1006318,1010850
1006318,1010851
1006318,1010852
1006318,1010853
1006318,1010854
1006318,1010855
1006318,1010856
1006318,1010857
1006318,1010858
1006318,1010859
1006318,1010860
1006318,1010861
1006318,1010862
1006318,1010863
1006318,1010864
1006318,1010865
1006318,1010866
1006318,1010867
1006318,1010868
1006318,1010869
1006318,1010870
1006318,1010871
1006318,1010872
1006318,1010873
1006318,1010874
1006318,1010875
1006318,1010876
1006318,1010877
1006318,1010878
1006318,1010879
1006318,1010880
1006318,1010881
1006318,1010882
1006318,1010883
1006318,1010884
1006318,1010885
1006318,1010886
1006318,1010887
1006318,1010888
1006318,1010889
1006318,1010890
1006318,1010891
1006318,1010892
1006318,1010893
1006318,1010894
1006318,1010895
1006318,1010896
1006318,1010897
1006318,1010898
1006318,1010899
1006318,1010900
1006318,1010901
1006318,1010902
1006318,1010903
1006318,1010904
1006318,1010905
1006318,1010906
1006318,1010907
1006318,1010908
1006318,1010909
1006318,1010910
1006318,1010911
1006318,1010912
1006318,1010913
1006318,1010914
1006318,1010915
1006318,1010916
1006318,1010917
1006318,1010918
1006318,1010919
1006318,1010920
1006318,1010921
1006318,1010922
1006318,1010923
1006318,1010924
1006318,1010925
1006318,1010926
1006318,1010927
1006318,1010928
1006318,1010929
1006318,1010930
1006318,1010931
1006318,1010932
1006318,1010933
1006318,1010934
1006318,1010935
1006318,1010936
1006318,1010937
1006318,1010938
1006318,1010939
1006318,1010940
1006318,1010941
1006318,1010942
1006318,1010943
1006318,1010944
1006318,1010945
1006318,1010946
1006318,1010947
1006318,1010948
1006318,1010949
1006318,1010950
1006318,1010951
1006318,1010952
1006318,1010953
1006318,1010954
1006318,1010955
1006318,1010956
1006318,1010957
1006318,1010958
1006318,1010959
1006318,1010960
1006318,1010961
1006318,1010962
1006318,1010963
1006318,1010964
1006318,1010965
1006318,1010966
1006318,1010967
1006318,1010968
1006318,1010969
1006318,1010970
1006318,1010971
1006318,1010972
1006318,1010973
1006318,1010974
1006318,1010975
1006318,1010976
1006318,1010977
1006318,1010978
1006318,1010979
1006318,1010980
1006318,1010981
1006318,1010982
1006318,1010983
1006318,1010984
1006318,1010985
1006318,1010986
1006318,1010987
1006318,1010988
1006318,1010989
1006318,1010990
1006318,1010991
1006318,1010992
1006318,1010993
1006318,1010994
1006318,1010995
1006318,1010996
1006318,1010997
1006318,1010998
1006318,1010999
1006318,1011000
1006318,1011001
1006318,1011002
1006318,1011003
1006318,1011004
1006318,1011005
1006318,1011006
1006318,1011007
1006318,1011008
1006318,1011009
1006318,1011010
1006318,1011011
1006318,1011012
1006318,1011013
1006318,1011014
1006318,1011015
1006318,1011016
1006318,1011017
1006318,1011018
1006318,1011019
1006318,1011020
1006318,1011021
1006318,1011022
1006318,1011023
1006318,1011024
1006318,1011025
1006318,1011026
1006318,1011027
1006318,1011028
1006318,1011029
1006318,1011030
1006318,1011031
1006318,1011032
1006318,1011033
1006318,1011034
1006318,1011035
1006318,1011036
1006318,1011037
1006318,1011038
1006318,1011039
1006318,1011040
1006318,1011041
1006318,1011042
1006318,1011043
1006318,1011044
1006318,1011045
1006318,1011046
1006318,1011047
1006318,1011048
1006318,1011049
1006318,1011050
1006318,1011051
1006318,1011052
1006318,1011053
1006318,1011054
1006318,1011055
1006318,1011056
1006318,1011057
1006318,1011058
1006318,1011059
1006318,1011060
1006318,1011061
1006318,1011062
1006318,1011063
1006318,1011064
1006318,1011065
1006318,1011066
1006318,1011067
1006318,1011068
1006318,1011069
1006318,1011070
1006318,1011071
1006318,1011072
1006318,1011073
1006318,1011074
1006318,1011075
1006318,1011076
1006318,1011077
1006318,1011078
1006318,1011079
1006318,1011080
1006318,1011081
1006318,1011082
1006318,1011083
1006318,1011084
1006318,1011085
1006318,1011086
1006318,1011087
1006318,1011088
1006318,1011089
1006318,1011090
1006318,1011091
1006318,1011092
1006318,1011093
1006318,1011094
1006318,1011095
1006318,1011096
1006318,1011097
1006318,1011098
1006318,1011099
1006318,1011100
1006318,1011101
1006318,1011102
1006318,1011103
1006318,1011104
1006318,1011105
1006318,1011106
1006318,1011107
1006318,1011108
1006318,1011109
1006318,1011110
1006318,1011111
1006318,1011112
1006318,1011113
1006318,1011114
1006318,1011115
1006318,1011116
1006318,1011117
1006318,1011118
1006318,1011119
1006318,1011120
1006318,1011121
1006318,1011122
1006318,1011123
1006318,1011124
1006318,1011125
1006318,1011126
1006318,1011127
1006318,1011128
1006318,1011129
1006318,1011130
1006318,1011131
1006318,1011132
1006318,1011133
1006318,1011134
1006318,1011135
1006318,1011136
1006318,1011137
1006318,1011138
1006318,1011139
1006318,1011140
1006318,1011141
1006318,1011142
1006318,1011143
1006318,1011144
1006318,1011145
1006318,1011146
1006318,1011147
1006318,1011148
1006318,1011149
1006318,1011150
1006318,1011151
1006318,1011152
1006318,1011153
1006318,1011154
1006318,1011155
1006318,1011156
1006318,1011157
1006318,1011158
1006318,1011159
1006318,1011160
1006318,1011161
1006318,1011162
1006318,1011163
1006318,1011164
1006318,1011165
1006318,1011166
1006318,1011167
1006318,1011168
1006318,1011169
1006318,1011170
1006318,1011171
1006318,1011172
1006318,1011173
1006318,1011174
1006318,1011175
1006318,1011176
1006318,1011177
1006318,1011178
1006318,1011179
1006318,1011180
1006318,1011181
1006318,1011182
1006318,1011183
1006318,1011184
1006318,1011185
1006318,1011186
1006318,1011187
1006318,1011188
1006318,1011189
1006318,1011190
1006318,1011191
1006318,1011192
1006318,1011193
1006318,1011194
1006318,1011195
1006318,1011196
1006318,1011197
1006318,1011198
1006318,1011199
1006318,1011200
1006318,1011201
1006318,1011202
1006318,1011203
1006318,1011204
1006318,1011205
1006318,1011206
1006318,1011207
1006318,1011208
1006318,1011209
1006318,1011210
1006318,1011211
1006318,1011212
1006318,1011213
1006318,1011214
1006318,1011215
1006318,1011216
1006318,1011217
1006318,1011218
1006318,1011219
1006318,1011220
1006318,1011221
1006318,1011222
1006318,1011223
1006318,1011224
1006318,1011225
1006318,1011226
1006318,1011227
1006318,1011228
1006318,1011229
1006318,1011230
1006318,1011231
1006318,1011232
1006318,1011233
1006318,1011234
1006318,1011235
1006318,1011236
1006318,1011237
1006318,1011238
1006318,1011239
1006318,1011240
1006318,1011241
1006318,1011242
1006318,1011243
1006318,1011244
1006318,1011245
1006318,1011246
1006318,1011247
1006318,1011248
1006318,1011249
1006318,1011250
1006318,1011251
1006318,1011252
1006318,1011253
1006318,1011254
1006318,1011255
1006318,1011256
1006318,1011257
1006318,1011258
1006318,1011259
1006318,1011260
1006318,1011261
1006318,1011262
1006318,1011263
1006318,1011264
1006318,1011265
1006318,1011266
1006318,1011267
1006318,1011268
1006318,1011269
1006318,1011270
1006318,1011271
1006318,1011272
1006318,1011273
1006318,1011274
1006318,1011275
1006318,1011276
1006318,1011277
1006318,1011278
1006318,1011279
1006318,1011280
1006318,1011281
1006318,1011282
1006318,1011283
1006318,1011284
1006318,1011285
1006318,1011286
1006318,1011287
1006318,1011288
1006318,1011289
1006318,1011290
1006318,1011291
1006318,1011292
1006318,1011293
1006318,1011294
1006318,1011295
1006318,1011296
1006318,1011297
1006318,1011298
1006318,1011299
1006318,1011300
1006318,1011301
1006318,1011302
1006318,1011303
1006318,1011304
1006318,1011305
1006318,1011306
1006318,1011307
1006318,1011308
1006318,1011309
1006318,1011310
1006318,1011311
1006318,1011312
1006318,1011313
1006318,1011314
1006318,1011315
1006318,1011316
1006318,1011317
1006318,1011318
1006318,1011319
1006318,1011320
1006318,1011321
1006318,1011322
1006318,1011323
1006318,1011324
1006318,1011325
1006318,1011326
1006318,1011327
1006318,1011328
1006318,1011329
1006318,1011330
1006318,1011331
1006318,1011332
1006318,1011333
1006318,1011334
1006318,1011335
1006318,1011336
1006318,1011337
1006318,1011338
1006318,1011339
1006318,1011340
1006318,1011341
1006318,1011342
1006318,1011343
1006318,1011344
1006318,1011345
1006318,1011346
1006318,1011347
1006318,1011348
1006318,1011349
1006318,1011350
1006318,1011351
1006318,1011352
1006318,1011353
1006318,1011354
1006318,1011355
1006318,1011356
1006318,1011357
1006318,1011358
1006318,1011359
1006318,1011360
1006318,1011361
1006318,1011362
1006318,1011363
1006318,1011364
1006318,1011365
1006318,1011366
1006318,1011367
1006318,1011368
1006318,1011369
1006318,1011370
1006318,1011371
1006318,1011372
1006318,1011373
1006318,1011374
1006318,1011375
1006318,1011376
1006318,1011377
1006318,1011378
1006318,1011379
1006318,1011380
1006318,1011381
1006318,1011382
1006318,1011383
1006318,1011384
1006318,1011385
1006318,1011386
1006318,1011387
1006318,1011388
1006318,1011389
1006318,1011390
1006318,1011391
1006318,1011392
1006318,1011393
1006318,1011394
1006318,1011395
1006318,1011396
1006318,1011397
1006318,1011398
1006318,1011399
1006318,1011400
1006318,1011401
1006318,1011402
1006318,1011403
1006318,1011404
1006318,1011405
1006318,1011406
1006318,1011407
1006318,1011408
1006318,1011409
1006318,1011410
1006318,1011411
1006318,1011412
1006318,1011413
1006318,1011414
1006318,1011415
1006318,1011416
1006318,1011417
1006318,1011418
1006318,1011419
1006318,1011420
1006318,1011421
1006318,1011422
1006318,1011423
1006318,1011424
1006318,1011425
1006318,1011426
1006318,1011427
1006318,1011428
1006318,1011429
1006318,1011430
1006318,1011431
1006318,1011432
1006318,1011433
1006318,1011434
1006318,1011435
1006318,1011436
1006318,1011437
1006318,1011438
1006318,1011439
1006318,1011440
1006318,1011441
1006318,1011442
1006318,1011443
1006318,1011444
1006318,1011445
1006318,1011446
1006318,1011447
1006318,1011448
1006318,1011449
1006318,1011450
1006318,1011451
1006318,1011452
1006318,1011453
1006318,1011454
1006318,1011455
1006318,1011456
1006318,1011457
1006318,1011458
1006318,1011459
1006318,1011460
1006318,1011461
1006318,1011462
1006318,1011463
1006318,1011464
1006318,1011465
1006318,1011466
1006318,1011467
1006318,1011468
1006318,1011469
1006318,1011470
1006318,1011471
1006318,1011472
1006318,1011473
1006318,1011474
1006318,1011475
1006318,1011476
1006318,1011477
1006318,1011478
1006318,1011479
1006318,1011480
1006318,1011481
1006318,1011482
1006318,1011483
1006318,1011484
1006318,1011485
1006318,1011486
1006318,1011487
1006318,1011488
1006318,1011489
1006318,1011490
1006318,1011491
1006318,1011492
1006318,1011493
1006318,1011494
1006318,1011495
1006318,1011496
1006318,1011497
1006318,1011498
1006318,1011499
1006318,1011500
1006318,1011501
1006318,1011502
1006318,1011503
1006318,1011504
1006318,1011505
1006318,1011506
1006318,1011507
1006318,1011508
1006318,1011509
1006318,1011510
1006318,1011511
1006318,1011512
1006318,1011513
1006318,1011514
1006318,1011515
1006318,1011516
1006318,1011517
1006318,1011518
1006318,1011519
1006318,1011520
1006318,1011521
1006318,1011522
1006318,1011523
1006318,1011524
1006318,1011525
1006318,1011526
1006318,1011527
1006318,1011528
1006318,1011529
1006318,1011530
1006318,1011531
1006318,1011532
1006318,1011533
1006318,1011534
1006318,1011535
1006318,1011536
1006318,1011537
1006318,1011538
1006318,1011539
1006318,1011540
1006318,1011541
1006318,1011542
1006318,1011543
1006318,1011544
1006318,1011545
1006318,1011546
1006318,1011547
1006318,1011548
1006318,1011549
1006318,1011550
1006318,1011551
1006318,1011552
1006318,1011553
1006318,1011554
1006318,1011555
1006318,1011556
1006318,1011557
1006318,1011558
1006318,1011559
1006318,1011560
1006318,1011561
1006318,1011562
1006318,1011563
1006318,1011564
1006318,1011565
1006318,1011566
1006318,1011567
1006318,1011568
1006318,1011569
1006318,1011570
1006318,1011571
1006318,1011572
1006318,1011573
1006318,1011574
1006318,1011575
1006318,1011576
1006318,1011577
1006318,1011578
1006318,1011579
1006318,1011580
1006318,1011581
1006318,1011582
1006318,1011583
1006318,1011584
1006318,1011585
1006318,1011586
1006318,1011587
1006318,1011588
1006318,1011589
1006318,1011590
1006318,1011591
1006318,1011592
1006318,1011593
1006318,1011594
1006318,1011595
1006318,1011596
1006318,1011597
1006318,1011598
1006318,1011599
1006318,1011600
1006318,1011601
1006318,1011602
1006318,1011603
1006318,1011604
1006318,1011605
1006318,1011606
1006318,1011607
1006318,1011608
1006318,1011609
1006318,1011610
1006318,1011611
1006318,1011612
1006318,1011613
1006318,1011614
1006318,1011615
1006318,1011616
1006318,1011617
1006318,1011618
1006318,1011619
1006318,1011620
1006318,1011621
1006318,1011622
1006318,1011623
1006318,1011624
1006318,1011625
1006318,1011626
1006318,1011627
1006318,1011628
1006318,1011629
1006318,1011630
1006318,1011631
1006318,1011632
1006318,1011633
1006318,1011634
1006318,1011635
1006318,1011636
1006318,1011637
1006318,1011638
1006318,1011639
1006318,1011640
1006318,1011641
1006318,1011642
1006318,1011643
1006318,1011644
1006318,1011645
1006318,1011646
1006318,1011647
1006318,1011648
1006318,1011649
1006318,1011650
1006318,1011651
1006318,1011652
1006318,1011653
1006318,1011654
1006318,1011655
1006318,1011656
1006318,1011657
1006318,1011658
1006318,1011659
1006318,1011660
1006318,1011661
1006318,1011662
1006318,1011663
1006318,1011664
1006318,1011665
1006318,1011666
1006318,1011667
1006318,1011668
1006318,1011669
1006318,1011670
1006318,1011671
1006318,1011672
1006318,1011673
1006318,1011674
1006318,1011675
1006318,1011676
1006318,1011677
1006318,1011678
1006318,1011679
1006318,1011680
1006318,1011681
1006318,1011682
1006318,1011683
1006318,1011684
1006318,1011685
1006318,1011686
1006318,1011687
1006318,1011688
1006318,1011689
1006318,1011690
1006318,1011691
1006318,1011692
1006318,1011693
1006318,1011694
1006318,1011695
1006318,1011696
1006318,1011697
1006318,1011698
1006318,1011699
1006318,1011700
1006318,1011701
1006318,1011702
1006318,1011703
1006318,1011704
1006318,1011705
1006318,1011706
1006318,1011707
1006318,1011708
1006318,1011709
1006318,1011710
1006318,1011711
1006318,1011712
1006318,1011713
1006318,1011714
1006318,1011715
1006318,1011716
1006318,1011717
1006318,1011718
1006318,1011719
1006318,1011720
1006318,1011721
1006318,1011722
1006318,1011723
1006318,1011724
1006318,1011725
1006318,1011726
1006318,1011727
1006318,1011728
1006318,1011729
1006318,1011730
1006318,1011731
1006318,1011732
1006318,1011733
1006318,1011734
1006318,1011735
1006318,1011736
1006318,1011737
1006318,1011738
1006318,1011739
1006318,1011740
1006318,1011741
1006318,1011742
1006318,1011743
1006318,1011744
1006318,1011745
1006318,1011746
1006318,1011747
1006318,1011748
1006318,1011749
1006318,1011750
1006318,1011751
1006318,1011752
1006318,1011753
1006318,1011754
1006318,1011755
1006318,1011756
1006318,1011757
1006318,1011758
1006318,1011759
1006318,1011760
1006318,1011761
1006318,1011762
1006318,1011763
1006318,1011764
1006318,1011765
1006318,1011766
1006318,1011767
1006318,1011768
1006318,1011769
1006318,1011770
1006318,1011771
1006318,1011772
1006318,1011773
1006318,1011774
1006318,1011775
1006318,1011776
1006318,1011777
1006318,1011778
1006318,1011779
1006318,1011780
1006318,1011781
1006318,1011782
1006318,1011783
1006318,1011784
1006318,1011785
1006318,1011786
1006318,1011787
1006318,1011788
1006318,1011789
1006318,1011790
1006318,1011791
1006318,1011792
1006318,1011793
1006318,1011794
1006318,1011795
1006318,1011796
1006318,1011797
1006318,1011798
1006318,1011799
1006318,1011800
1006318,1011801
1006318,1011802
1006318,1011803
1006318,1011804
1006318,1011805
1006318,1011806
1006318,1011807
1006318,1011808
1006318,1011809
1006318,1011810
1006318,1011811
1006318,1011812
1006318,1011813
1006318,1011814
1006318,1011815
1006318,1011816
1006318,1011817
1006318,1011818
1006318,1011819
1006318,1011820
1006318,1011821
1006318,1011822
1006318,1011823
1006318,1011824
1006318,1011825
1006318,1011826
1006318,1011827
1006318,1011828
1006318,1011829
1006318,1011830
1006318,1011831
1006318,1011832
1006318,1011833
1006318,1011834
1006318,1011835
1006318,1011836
1006318,1011837
1006318,1011838
1006318,1011839
1006318,1011840
1006318,1011841
1006318,1011842
1006318,1011843
1006318,1011844
1006318,1011845
1006318,1011846
1006318,1011847
1006318,1011848
1006318,1011849
1006318,1011850
1006318,1011851
1006318,1011852
1006318,1011853
1006318,1011854
1006318,1011855
1006318,1011856
1006318,1011857
1006318,1011858
1006318,1011859
1006318,1011860
1006318,1011861
1006318,1011862
1006318,1011863
1006318,1011864
1006318,1011865
1006318,1011866
1006318,1011867
1006318,1011868
1006318,1011869
1006318,1011870
1006318,1011871
1006318,1011872
1006318,1011873
1006318,1011874
1006318,1011875
1006318,1011876
1006318,1011877
1006318,1011878
1006318,1011879
1006318,1011880
1006318,1011881
1006318,1011882
1006318,1011883
1006318,1011884
1006318,1011885
1006318,1011886
1006318,1011887
1006318,1011888
1006318,1011889
1006318,1011890
1006318,1011891
1006318,1011892
1006318,1011893
1006318,1011894
1006318,1011895
1006318,1011896
1006318,1011897
1006318,1011898
1006318,1011899
1006318,1011900
1006318,1011901
1006318,1011902
1006318,1011903
1006318,1011904
1006318,1011905
1006318,1011906
1006318,1011907
1006318,1011908
1006318,1011909
1006318,1011910
1006318,1011911
1006318,1011912
1006318,1011913
1006318,1011914
1006318,1011915
1006318,1011916
1006318,1011917
1006318,1011918
1006318,1011919
1006318,1011920
1006318,1011921
1006318,1011922
1006318,1011923
1006318,1011924
1006318,1011925
1006318,1011926
1006318,1011927
1006318,1011928
1006318,1011929
1006318,1011930
1006318,1011931
1006318,1011932
1006318,1011933
1006318,1011934
1006318,1011935
1006318,1011936
1006318,1011937
1006318,1011938
1006318,1011939
1006318,1011940
1006318,1011941
1006318,1011942
1006318,1011943
1006318,1011944
1006318,1011945
1006318,1011946
1006318,1011947
1006318,1011948
1006318,1011949
1006318,1011950
1006318,1011951
1006318,1011952
1006318,1011953
1006318,1011954
1006318,1011955
1006318,1011956
1006318,1011957
1006318,1011958
1006318,1011959
1006318,1011960
1006318,1011961
1006318,1011962
1006318,1011963
1006318,1011964
1006318,1011965
1006318,1011966
1006318,1011967
1006318,1011968
1006318,1011969
1006318,1011970
1006318,1011971
1006318,1011972
1006318,1011973
1006318,1011974
1006318,1011975
1006318,1011976
1006318,1011977
1006318,1011978
1006318,1011979
1006318,1011980
1006318,1011981
1006318,1011982
1006318,1011983
1006318,1011984
1006318,1011985
1006318,1011986
1006318,1011987
1006318,1011988
1006318,1011989
1006318,1011990
1006318,1011991
1006318,1011992
1006318,1011993
1006318,1011994
1006318,1011995
1006318,1011996
1006318,1011997
1006318,1011998
1006318,1011999
1006318,1012000
1006318,1012001
1006318,1012002
1006318,1012003
1006318,1012004
1006318,1012005
1006318,1012006
1006318,1012007
1006318,1012008
1006318,1012009
1006318,1012010
1006318,1012011
1006318,1012012
1006318,1012013
1006318,1012014
1006318,1012015
1006318,1012016
1006318,1012017
1006318,1012018
1006318,1012019
1006318,1012020
1006318,1012021
1006318,1012022
1006318,1012023
1006318,1012024
1006318,1012025
1006318,1012026
1006318,1012027
1006318,1012028
1006318,1012029
1006318,1012030
1006318,1012031
1006318,1012032
1006318,1012033
1006318,1012034
1006318,1012035
1006318,1012036
1006318,1012037
1006318,1012038
1006318,1012039
1006318,1012040
1006318,1012041
1006318,1012042
1006318,1012043
1006318,1012044
1006318,1012045
1006318,1012046
1006318,1012047
1006318,1012048
1006318,1012049
1006318,1012050
1006318,1012051
1006318,1012052
1006318,1012053
1006318,1012054
1006318,1012055
1006318,1012056
1006318,1012057
1006318,1012058
1006318,1012059
1006318,1012060
1006318,1012061
1006318,1012062
1006318,1012063
1006318,1012064
1006318,1012065
1006318,1012066
1006318,1012067
1006318,1012068
1006318,1012069
1006318,1012070
1006318,1012071
1006318,1012072
1006318,1012073
1006318,1012074
1006318,1012075
1006318,1012076
1006318,1012077
1006318,1012078
1006318,1012079
1006318,1012080
1006318,1012081
1006318,1012082
1006318,1012083
1006318,1012084
1006318,1012085
1006318,1012086
1006318,1012087
1006318,1012088
1006318,1012089
1006318,1012090
1006318,1012091
1006318,1012092
1006318,1012093
1006318,1012094
1006318,1012095
1006318,1012096
1006318,1012097
1006318,1012098
1006318,1012099
1006318,1012100
1006318,1012101
1006318,1012102
1006318,1012103
1006318,1012104
1006318,1012105
1006318,1012106
1006318,1012107
1006318,1012108
1006318,1012109
1006318,1012110
1006318,1012111
1006318,1012112
1006318,1012113
1006318,1012114
1006318,1012115
1006318,1012116
1006318,1012117
1006318,1012118
1006318,1012119
1006318,1012120
1006318,1012121
1006318,1012122
1006318,1012123
1006318,1012124
1006318,1012125
1006318,1012126
1006318,1012127
1006318,1012128
1006318,1012129
1006318,1012130
1006318,1012131
1006318,1012132
1006318,1012133
1006318,1012134
1006318,1012135
1006318,1012136
1006318,1012137
1006318,1012138
1006318,1012139
1006318,1012140
1006318,1012141
1006318,1012142
1006318,1012143
1006318,1012144
1006318,1012145
1006318,1012146
1006318,1012147
1006318,1012148
1006318,1012149
1006318,1012150
1006318,1012151
1006318,1012152
1006318,1012153
1006318,1012154
1006318,1012155
1006318,1012156
1006318,1012157
1006318,1012158
1006318,1012159
1006318,1012160
1006318,1012161
1006318,1012162
1006318,1012163
1006318,1012164
1006318,1012165
1006318,1012166
1006318,1012167
1006318,1012168
1006318,1012169
1006318,1012170
1006318,1012171
1006318,1012172
1006318,1012173
1006318,1012174
1006318,1012175
1006318,1012176
1006318,1012177
1006318,1012178
1006318,1012179
1006318,1012180
1006318,1012181
1006318,1012182
1006318,1012183
1006318,1012184
1006318,1012185
1006318,1012186
1006318,1012187
1006318,1012188
1006318,1012189
1006318,1012190
1006318,1012191
1006318,1012192
1006318,1012193
1006318,1012194
1006318,1012195
1006318,1012196
1006318,1012197
1006318,1012198
1006318,1012199
1006318,1012200
1006318,1012201
1006318,1012202
1006318,1012203
1006318,1012204
1006318,1012205
1006318,1012206
1006318,1012207
1006318,1012208
1006318,1012209
1006318,1012210
1006318,1012211
1006318,1012212
1006318,1012213
1006318,1012214
1006318,1012215
1006318,1012216
1006318,1012217
1006318,1012218
1006318,1012219
1006318,1012220
1006318,1012221
1006318,1012222
1006318,1012223
1006318,1012224
1006318,1012225
1006318,1012226
1006318,1012227
1006318,1012228
1006318,1012229
1006318,1012230
1006318,1012231
1006318,1012232
1006318,1012233
1006318,1012234
1006318,1012235
1006318,1012236
1006318,1012237
1006318,1012238
1006318,1012239
1006318,1012240
1006318,1012241
1006318,1012242
1006318,1012243
1006318,1012244
1006318,1012245
1006318,1012246
1006318,1012247
1006318,1012248
1006318,1012249
1006318,1012250
1006318,1012251
1006318,1012252
1006318,1012253
1006318,1012254
1006318,1012255
1006318,1012256
1006318,1012257
1006318,1012258
1006318,1012259
1006318,1012260
1006318,1012261
1006318,1012262
1006318,1012263
1006318,1012264
1006318,1012265
1006318,1012266
1006318,1012267
1006318,1012268
1006318,1012269
1006318,1012270
1006318,1012271
1006318,1012272
1006318,1012273
1006318,1012274
1006318,1012275
1006318,1012276
1006318,1012277
1006318,1012278
1006318,1012279
1006318,1012280
1006318,1012281
1006318,1012282
1006318,1012283
1006318,1012284
1006318,1012285
1006318,1012286
1006318,1012287
1006318,1012288
1006318,1012289
1006318,1012290
1006318,1012291
1006318,1012292
1006318,1012293
1006318,1012294
1006318,1012295
1006318,1012296
1006318,1012297
1006318,1012298
1006318,1012299
1006318,1012300
1006318,1012301
1006318,1012302
1006318,1012303
1006318,1012304
1006318,1012305
1006318,1012306
1006318,1012307
1006318,1012308
1006318,1012309
1006318,1012310
1006318,1012311
1006318,1012312
1006318,1012313
1006318,1012314
1006318,1012315
1006318,1012316
1006318,1012317
1006318,1012318
1006318,1012319
1006318,1012320
1006318,1012321
1006318,1012322
1006318,1012323
1006318,1012324
1006318,1012325
1006318,1012326
1006318,1012327
1006318,1012328
1006318,1012329
1006318,1012330
1006318,1012331
1006318,1012332
1006318,1012333
1006318,1012334
1006318,1012335
1006318,1012336
1006318,1012337
1006318,1012338
1006318,1012339
1006318,1012340
1006318,1012341
1006318,1012342
1006318,1012343
1006318,1012344
1006318,1012345
1006318,1012346
1006318,1012347
1006318,1012348
1006318,1012349
1006318,1012350
1006318,1012351
1006318,1012352
1006318,1012353
1006318,1012354
1006318,1012355
1006318,1012356
1006318,1012357
1006318,1012358
1006318,1012359
1006318,1012360
1006318,1012361
1006318,1012362
1006318,1012363
1006318,1012364
1006318,1012365
1006318,1012366
1006318,1012367
1006318,1012368
1006318,1012369
1006318,1012370
1006318,1012371
1006318,1012372
1006318,1012373
1006318,1012374
1006318,1012375
1006318,1012376
1006318,1012377
1006318,1012378
1006318,1012379
1006318,1012380
1006318,1012381
1006318,1012382
1006318,1012383
1006318,1012384
1006318,1012385
1006318,1012386
1006318,1012387
1006318,1012388
1006318,1012389
1006318,1012390
1006318,1012391
1006318,1012392
1006318,1012393
1006318,1012394
1006318,1012395
1006318,1012396
1006318,1012397
1006318,1012398
1006318,1012399
1006318,1012400
1006318,1012401
1006318,1012402
1006318,1012403
1006318,1012404
1006318,1012405
1006318,1012406
1006318,1012407
1006318,1012408
1006318,1012409
1006318,1012410
1006318,1012411
1006318,1012412
1006318,1012413
1006318,1012414
1006318,1012415
1006318,1012416
1006318,1012417
1006318,1012418
1006318,1012419
1006318,1012420
1006318,1012421
1006318,1012422
1006318,1012423
1006318,1012424
1006318,1012425
1006318,1012426
1006318,1012427
1006318,1012428
1006318,1012429
1006318,1012430
1006318,1012431
1006318,1012432
1006318,1012433
1006318,1012434
1006318,1012435
1006318,1012436
1006318,1012437
1006318,1012438
1006318,1012439
1006318,1012440
1006318,1012441
1006318,1012442
1006318,1012443
1006318,1012444
1006318,1012445
1006318,1012446
1006318,1012447
1006318,1012448
1006318,1012449
1006318,1012450
1006318,1012451
1006318,1012452
1006318,1012453
1006318,1012454
1006318,1012455
1006318,1012456
1006318,1012457
1006318,1012458
1006318,1012459
1006318,1012460
1006318,1012461
1006318,1012462
1006318,1012463
1006318,1012464
1006318,1012465
1006318,1012466
1006318,1012467
1006318,1012468
1006318,1012469
1006318,1012470
1006318,1012471
1006318,1012472
1006318,1012473
1006318,1012474
1006318,1012475
1006318,1012476
1006318,1012477
1006318,1012478
1006318,1012479
1006318,1012480
1006318,1012481
1006318,1012482
1006318,1012483
1006318,1012484
1006318,1012485
1006318,1012486
1006318,1012487
1006318,1012488
1006318,1012489
1006318,1012490
1006318,1012491
1006318,1012492
1006318,1012493
1006318,1012494
1006318,1012495
1006318,1012496
1006318,1012497
1006318,1012498
1006318,1012499
1006318,1012500
1006318,1012501
1006318,1012502
1006318,1012503
1006318,1012504
1006318,1012505
1006318,1012506
1006318,1012507
1006318,1012508
1006318,1012509
1006318,1012510
1006318,1012511
1006318,1012512
1006318,1012513
1006318,1012514
1006318,1012515
1006318,1012516
1006318,1012517
1006318,1012518
1006318,1012519
1006318,1012520
1006318,1012521
1006318,1012522
1006318,1012523
1006318,1012524
1006318,1012525
1006318,1012526
1006318,1012527
1006318,1012528
1006318,1012529
1006318,1012530
1006318,1012531
1006318,1012532
1006318,1012533
1006318,1012534
1006318,1012535
1006318,1012536
1006318,1012537
1006318,1012538
1006318,1012539
1006318,1012540
1006318,1012541
1006318,1012542
1006318,1012543
1006318,1012544
1006318,1012545
1006318,1012546
1006318,1012547
1006318,1012548
1006318,1012549
1006318,1012550
1006318,1012551
1006318,1012552
1006318,1012553
1006318,1012554
1006318,1012555
1006318,1012556
1006318,1012557
1006318,1012558
1006318,1012559
1006318,1012560
1006318,1012561
1006318,1012562
1006318,1012563
1006318,1012564
1006318,1012565
1006318,1012566
1006318,1012567
1006318,1012568
1006318,1012569
1006318,1012570
1006318,1012571
1006318,1012572
1006318,1012573
1006318,1012574
1006318,1012575
1006318,1012576
1006318,1012577
1006318,1012578
1006318,1012579
1006318,1012580
1006318,1012581
1006318,1012582
1006318,1012583
1006318,1012584
1006318,1012585
1006318,1012586
1006318,1012587
1006318,1012588
1006318,1012589
1006318,1012590
1006318,1012591
1006318,1012592
1006318,1012593
1006318,1012594
1006318,1012595
1006318,1012596
1006318,1012597
1006318,1012598
1006318,1012599
1006318,1012600
1006318,1012601
1006318,1012602
1006318,1012603
1006318,1012604
1006318,1012605
1006318,1012606
1006318,1012607
1006318,1012608
1006318,1012609
1006318,1012610
1006318,1012611
1006318,1012612
1006318,1012613
1006318,1012614
1006318,1012615
1006318,1012616
1006318,1012617
1006318,1012618
1006318,1012619
1006318,1012620
1006318,1012621
1006318,1012622
1006318,1012623
1006318,1012624
1006318,1012625
1006318,1012626
1006318,1012627
1006318,1012628
1006318,1012629
1006318,1012630
1006318,1012631
1006318,1012632
1006318,1012633
1006318,1012634
1006318,1012635
1006318,1012636
1006318,1012637
1006318,1012638
1006318,1012639
1006318,1012640
1006318,1012641
1006318,1012642
1006318,1012643
1006318,1012644
1006318,1012645
1006318,1012646
1006318,1012647
1006318,1012648
1006318,1012649
1006318,1012650
1006318,1012651
1006318,1012652
1006318,1012653
1006318,1012654
1006318,1012655
1006318,1012656
1006318,1012657
1006318,1012658
1006318,1012659
1006318,1012660
1006318,1012661
1006318,1012662
1006318,1012663
1006318,1012664
1006318,1012665
1006318,1012666
1006318,1012667
1006318,1012668
1006318,1012669
1006318,1012670
1006318,1012671
1006318,1012672
1006318,1012673
1006318,1012674
1006318,1012675
1006318,1012676
1006318,1012677
1006318,1012678
1006318,1012679
1006318,1012680
1006318,1012681
1006318,1012682
1006318,1012683
1006318,1012684
1006318,1012685
1006318,1012686
1006318,1012687
1006318,1012688
1006318,1012689
1006318,1012690
1006318,1012691
1006318,1012692
1006318,1012693
1006318,1012694
1006318,1012695
1006318,1012696
1006318,1012697
1006318,1012698
1006318,1012699
1006318,1012700
1006318,1012701
1006318,1012702
1006318,1012703
1006318,1012704
1006318,1012705
1006318,1012706
1006318,1012707
1006318,1012708
1006318,1012709
1006318,1012710
1006318,1012711
1006318,1012712
1006318,1012713
1006318,1012714
1006318,1012715
1006318,1012716
1006318,1012717
1006318,1012718
1006318,1012719
1006318,1012720
1006318,1012721
1006318,1012722
1006318,1012723
1006318,1012724
1006318,1012725
1006318,1012726
1006318,1012727
1006318,1012728
1006318,1012729
1006318,1012730
1006318,1012731
1006318,1012732
1006318,1012733
1006318,1012734
1006318,1012735
1006318,1012736
1006318,1012737
1006318,1012738
1006318,1012739
1006318,1012740
1006318,1012741
1006318,1012742
1006318,1012743
1006318,1012744
1006318,1012745
1006318,1012746
1006318,1012747
1006318,1012748
1006318,1012749
1006318,1012750
1006318,1012751
1006318,1012752
1006318,1012753
1006318,1012754
1006318,1012755
1006318,1012756
1006318,1012757
1006318,1012758
1006318,1012759
1006318,1012760
1006318,1012761
1006318,1012762
1006318,1012763
1006318,1012764
1006318,1012765
1006318,1012766
1006318,1012767
1006318,1012768
1006318,1012769
1006318,1012770
1006318,1012771
1006318,1012772
1006318,1012773
1006318,1012774
1006318,1012775
1006318,1012776
1006318,1012777
1006318,1012778
1006318,1012779
1006318,1012780
1006318,1012781
1006318,1012782
1006318,1012783
1006318,1012784
1006318,1012785
1006318,1012786
1006318,1012787
1006318,1012788
1006318,1012789
1006318,1012790
1006318,1012791
1006318,1012792
1006318,1012793
1006318,1012794
1006318,1012795
1006318,1012796
1006318,1012797
1006318,1012798
1006318,1012799
1006318,1012800
1006318,1012801
1006318,1012802
1006318,1012803
1006318,1012804
1006318,1012805
1006318,1012806
1006318,1012807
1006318,1012808
1006318,1012809
1006318,1012810
1006318,1012811
1006318,1012812
1006318,1012813
1006318,1012814
1006318,1012815
1006318,1012816
1006318,1012817
1006318,1012818
1006318,1012819
1006318,1012820
1006318,1012821
1006318,1012822
1006318,1012823
1006318,1012824
1006318,1012825
1006318,1012826
1006318,1012827
1006318,1012828
1006318,1012829
1006318,1012830
1006318,1012831
1006318,1012832
1006318,1012833
1006318,1012834
1006318,1012835
1006318,1012836
1006318,1012837
1006318,1012838
1006318,1012839
1006318,1012840
1006318,1012841
1006318,1012842
1006318,1012843
1006318,1012844
1006318,1012845
1006318,1012846
1006318,1012847
1006318,1012848
1006318,1012849
1006318,1012850
1006318,1012851
1006318,1012852
1006318,1012853
1006318,1012854
1006318,1012855
1006318,1012856
1006318,1012857
1006318,1012858
1006318,1012859
1006318,1012860
1006318,1012861
1006318,1012862
1006318,1012863
1006318,1012864
1006318,1012865
1006318,1012866
1006318,1012867
1006318,1012868
1006318,1012869
1006318,1012870
1006318,1012871
1006318,1012872
1006318,1012873
1006318,1012874
1006318,1012875
1006318,1012876
1006318,1012877
1006318,1012878
1006318,1012879
1006318,1012880
1006318,1012881
1006318,1012882
1006318,1012883
1006318,1012884
1006318,1012885
1006318,1012886
1006318,1012887
1006318,1012888
1006318,1012889
1006318,1012890
1006318,1012891
1006318,1012892
1006318,1012893
1006318,1012894
1006318,1012895
1006318,1012896
1006318,1012897
1006318,1012898
1006318,1012899
1006318,1012900
1006318,1012901
1006318,1012902
1006318,1012903
1006318,1012904
1006318,1012905
1006318,1012906
1006318,1012907
1006318,1012908
1006318,1012909
1006318,1012910
1006318,1012911
1006318,1012912
1006318,1012913
1006318,1012914
1006318,1012915
1006318,1012916
1006318,1012917
1006318,1012918
1006318,1012919
1006318,1012920
1006318,1012921
1006318,1012922
1006318,1012923
1006318,1012924
1006318,1012925
1006318,1012926
1006318,1012927
1006318,1012928
1006318,1012929
1006318,1012930
1006318,1012931
1006318,1012932
1006318,1012933
1006318,1012934
1006318,1012935
1006318,1012936
1006318,1012937
1006318,1012938
1006318,1012939
1006318,1012940
1006318,1012941
1006318,1012942
1006318,1012943
1006318,1012944
1006318,1012945
1006318,1012946
1006318,1012947
1006318,1012948
1006318,1012949
1006318,1012950
1006318,1012951
1006318,1012952
1006318,1012953
1006318,1012954
1006318,1012955
1006318,1012956
1006318,1012957
1006318,1012958
1006318,1012959
1006318,1012960
1006318,1012961
1006318,1012962
1006318,1012963
1006318,1012964
1006318,1012965
1006318,1012966
1006318,1012967
1006318,1012968
1006318,1012969
1006318,1012970
1006318,1012971
1006318,1012972
1006318,1012973
1006318,1012974
1006318,1012975
1006318,1012976
1006318,1012977
1006318,1012978
1006318,1012979
1006318,1012980
1006318,1012981
1006318,1012982
1006318,1012983
1006318,1012984
1006318,1012985
1006318,1012986
1006318,1012987
1006318,1012988
1006318,1012989
1006318,1012990
1006318,1012991
1006318,1012992
1006318,1012993
1006318,1012994
1006318,1012995
1006318,1012996
1006318,1012997
1006318,1012998
1006318,1012999
1006318,1013000
1006318,1013001
1006318,1013002
1006318,1013003
1006318,1013004
1006318,1013005
1006318,1013006
1006318,1013007
1006318,1013008
1006318,1013009
1006318,1013010
1006318,1013011
1006318,1013012
1006318,1013013
1006318,1013014
1006318,1013015
1006318,1013016
1006318,1013017
1006318,1013018
1006318,1013019
1006318,1013020
1006318,1013021
1006318,1013022
1006318,1013023
1006318,1013024
1006318,1013025
1006318,1013026
1006318,1013027
1006318,1013028
1006318,1013029
1006318,1013030
1006318,1013031
1006318,1013032
1006318,1013033
1006318,1013034
1006318,1013035
1006318,1013036
1006318,1013037
1006318,1013038
1006318,1013039
1006318,1013040
1006318,1013041
1006318,1013042
1006318,1013043
1006318,1013044
1006318,1013045
1006318,1013046
1006318,1013047
1006318,1013048
1006318,1013049
1006318,1013050
1006318,1013051
1006318,1013052
1006318,1013053
1006318,1013054
1006318,1013055
1006318,1013056
1006318,1013057
1006318,1013058
1006318,1013059
1006318,1013060
1006318,1013061
1006318,1013062
1006318,1013063
1006318,1013064
1006318,1013065
1006318,1013066
1006318,1013067
1006318,1013068
1006318,1013069
1006318,1013070
1006318,1013071
1006318,1013072
1006318,1013073
1006318,1013074
1006318,1013075
1006318,1013076
1006318,1013077
1006318,1013078
1006318,1013079
1006318,1013080
1006318,1013081
1006318,1013082
1006318,1013083
1006318,1013084
1006318,1013085
1006318,1013086
1006318,1013087
1006318,1013088
1006318,1013089
1006318,1013090
1006318,1013091
1006318,1013092
1006318,1013093
1006318,1013094
1006318,1013095
1006318,1013096
1006318,1013097
1006318,1013098
1006318,1013099
1006318,1013100
1006318,1013101
1006318,1013102
1006318,1013103
1006318,1013104
1006318,1013105
1006318,1013106
1006318,1013107
1006318,1013108
1006318,1013109
1006318,1013110
1006318,1013111
1006318,1013112
1006318,1013113
1006318,1013114
1006318,1013115
1006318,1013116
1006318,1013117
1006318,1013118
1006318,1013119
1006318,1013120
1006318,1013121
1006318,1013122
1006318,1013123
1006318,1013124
1006318,1013125
1006318,1013126
1006318,1013127
1006318,1013128
1006318,1013129
1006318,1013130
1006318,1013131
1006318,1013132
1006318,1013133
1006318,1013134
1006318,1013135
1006318,1013136
1006318,1013137
1006318,1013138
1006318,1013139
1006318,1013140
1006318,1013141
1006318,1013142
1006318,1013143
1006318,1013144
1006318,1013145
1006318,1013146
1006318,1013147
1006318,1013148
1006318,1013149
1006318,1013150
1006318,1013151
1006318,1013152
1006318,1013153
1006318,1013154
1006318,1013155
1006318,1013156
1006318,1013157
1006318,1013158
1006318,1013159
1006318,1013160
1006318,1013161
1006318,1013162
1006318,1013163
1006318,1013164
1006318,1013165
1006318,1013166
1006318,1013167
1006318,1013168
1006318,1013169
1006318,1013170
1006318,1013171
1006318,1013172
1006318,1013173
1006318,1013174
1006318,1013175
1006318,1013176
1006318,1013177
1006318,1013178
1006318,1013179
1006318,1013180
1006318,1013181
1006318,1013182
1006318,1013183
1006318,1013184
1006318,1013185
1006318,1013186
1006318,1013187
1006318,1013188
1006318,1013189
1006318,1013190
1006318,1013191
1006318,1013192
1006318,1013193
1006318,1013194
1006318,1013195
1006318,1013196
1006318,1013197
1006318,1013198
1006318,1013199
1006318,1013200
1006318,1013201
1006318,1013202
1006318,1013203
1006318,1013204
1006318,1013205
1006318,1013206
1006318,1013207
1006318,1013208
1006318,1013209
1006318,1013210
1006318,1013211
1006318,1013212
1006318,1013213
1006318,1013214
1006318,1013215
1006318,1013216
1006318,1013217
1006318,1013218
1006318,1013219
1006318,1013220
1006318,1013221
1006318,1013222
1006318,1013223
1006318,1013224
1006318,1013225
1006318,1013226
1006318,1013227
1006318,1013228
1006318,1013229
1006318,1013230
1006318,1013231
1006318,1013232
1006318,1013233
1006318,1013234
1006318,1013235
1006318,1013236
1006318,1013237
1006318,1013238
1006318,1013239
1006318,1013240
1006318,1013241
1006318,1013242
1006318,1013243
1006318,1013244
1006318,1013245
1006318,1013246
1006318,1013247
1006318,1013248
1006318,1013249
1006318,1013250
1006318,1013251
1006318,1013252
1006318,1013253
1006318,1013254
1006318,1013255
1006318,1013256
1006318,1013257
1006318,1013258
1006318,1013259
1006318,1013260
1006318,1013261
1006318,1013262
1006318,1013263
1006318,1013264
1006318,1013265
1006318,1013266
1006318,1013267
1006318,1013268
1006318,1013269
1006318,1013270
1006318,1013271
1006318,1013272
1006318,1013273
1006318,1013274
1006318,1013275
1006318,1013276
1006318,1013277
1006318,1013278
1006318,1013279
1006318,1013280
1006318,1013281
1006318,1013282
1006318,1013283
1006318,1013284
1006318,1013285
1006318,1013286
1006318,1013287
1006318,1013288
1006318,1013289
1006318,1013290
1006318,1013291
1006318,1013292
1006318,1013293
1006318,1013294
1006318,1013295
1006318,1013296
1006318,1013297
1006318,1013298
1006318,1013299
1006318,1013300
1006318,1013301
1006318,1013302
1006318,1013303
1006318,1013304
1006318,1013305
1006318,1013306
1006318,1013307
1006318,1013308
1006318,1013309
1006318,1013310
1006318,1013311
1006318,1013312
1006318,1013313
1006318,1013314
1006318,1013315
1006318,1013316
1006318,1013317
1006318,1013318
1006318,1013319
1006318,1013320
1006318,1013321
1006318,1013322
1006318,1013323
1006318,1013324
1006318,1013325
1006318,1013326
1006318,1013327
1006318,1013328
1006318,1013329
1006318,1013330
1006318,1013331
1006318,1013332
1006318,1013333
1006318,1013334
1006318,1013335
1006318,1013336
1006318,1013337
1006318,1013338
1006318,1013339
1006318,1013340
1006318,1013341
1006318,1013342
1006318,1013343
1006318,1013344
1006318,1013345
1006318,1013346
1006318,1013347
1006318,1013348
1006318,1013349
1006318,1013350
1006318,1013351
1006318,1013352
1006318,1013353
1006318,1013354
1006318,1013355
1006318,1013356
1006318,1013357
1006318,1013358
1006318,1013359
1006318,1013360
1006318,1013361
1006318,1013362
1006318,1013363
1006318,1013364
1006318,1013365
1006318,1013366
1006318,1013367
1006318,1013368
1006318,1013369
1006318,1013370
1006318,1013371
1006318,1013372
1006318,1013373
1006318,1013374
1006318,1013375
1006318,1013376
1006318,1013377
1006318,1013378
1006318,1013379
1006318,1013380
1006318,1013381
1006318,1013382
1006318,1013383
1006318,1013384
1006318,1013385
1006318,1013386
1006318,1013387
1006318,1013388
1006318,1013389
1006318,1013390
1006318,1013391
1006318,1013392
1006318,1013393
1006318,1013394
1006318,1013395
1006318,1013396
1006318,1013397
1006318,1013398
1006318,1013399
1006318,1013400
1006318,1013401
1006318,1013402
1006318,1013403
1006318,1013404
1006318,1013405
1006318,1013406
1006318,1013407
1006318,1013408
1006318,1013409
1006318,1013410
1006318,1013411
1006318,1013412
1006318,1013413
1006318,1013414
1006318,1013415
1006318,1013416
1006318,1013417
1006318,1013418
1006318,1013419
1006318,1013420
1006318,1013421
1006318,1013422
1006318,1013423
1006318,1013424
1006318,1013425
1006318,1013426
1006318,1013427
1006318,1013428
1006318,1013429
1006318,1013430
1006318,1013431
1006318,1013432
1006318,1013433
1006318,1013434
1006318,1013435
1006318,1013436
1006318,1013437
1006318,1013438
1006318,1013439
1006318,1013440
1006318,1013441
1006318,1013442
1006318,1013443
1006318,1013444
1006318,1013445
1006318,1013446
1006318,1013447
1006318,1013448
1006318,1013449
1006318,1013450
1006318,1013451
1006318,1013452
1006318,1013453
1006318,1013454
1006318,1013455
1006318,1013456
1006318,1013457
1006318,1013458
1006318,1013459
1006318,1013460
1006318,1013461
1006318,1013462
1006318,1013463
1006318,1013464
1006318,1013465
1006318,1013466
1006318,1013467
1006318,1013468
1006318,1013469
1006318,1013470
1006318,1013471
1006318,1013472
1006318,1013473
1006318,1013474
1006318,1013475
1006318,1013476
1006318,1013477
1006318,1013478
1006318,1013479
1006318,1013480
1006318,1013481
1006318,1013482
1006318,1013483
1006318,1013484
1006318,1013485
1006318,1013486
1006318,1013487
1006318,1013488
1006318,1013489
1006318,1013490
1006318,1013491
1006318,1013492
1006318,1013493
1006318,1013494
1006318,1013495
1006318,1013496
1006318,1013497
1006318,1013498
1006318,1013499
1006318,1013500
1006318,1013501
1006318,1013502
1006318,1013503
1006318,1013504
1006318,1013505
1006318,1013506
1006318,1013507
1006318,1013508
1006318,1013509
1006318,1013510
1006318,1013511
1006318,1013512
1006318,1013513
1006318,1013514
1006318,1013515
1006318,1013516
1006318,1013517
1006318,1013518
1006318,1013519
1006318,1013520
1006318,1013521
1006318,1013522
1006318,1013523
1006318,1013524
1006318,1013525
1006318,1013526
1006318,1013527
1006318,1013528
1006318,1013529
1006318,1013530
1006318,1013531
1006318,1013532
1006318,1013533
1006318,1013534
1006318,1013535
1006318,1013536
1006318,1013537
1006318,1013538
1006318,1013539
1006318,1013540
1006318,1013541
1006318,1013542
1006318,1013543
1006318,1013544
1006318,1013545
1006318,1013546
1006318,1013547
1006318,1013548
1006318,1013549
1006318,1013550
1006318,1013551
1006318,1013552
1006318,1013553
1006318,1013554
1006318,1013555
1006318,1013556
1006318,1013557
1006318,1013558
1006318,1013559
1006318,1013560
1006318,1013561
1006318,1013562
1006318,1013563
1006318,1013564
1006318,1013565
1006318,1013566
1006318,1013567
1006318,1013568
1006318,1013569
1006318,1013570
1006318,1013571
1006318,1013572
1006318,1013573
1006318,1013574
1006318,1013575
1006318,1013576
1006318,1013577
1006318,1013578
1006318,1013579
1006318,1013580
1006318,1013581
1006318,1013582
1006318,1013583
1006318,1013584
1006318,1013585
1006318,1013586
1006318,1013587
1006318,1013588
1006318,1013589
1006318,1013590
1006318,1013591
1006318,1013592
1006318,1013593
1006318,1013594
1006318,1013595
1006318,1013596
1006318,1013597
1006318,1013598
1006318,1013599
1006318,1013600
1006318,1013601
1006318,1013602
1006318,1013603
1006318,1013604
1006318,1013605
1006318,1013606
1006318,1013607
1006318,1013608
1006318,1013609
1006318,1013610
1006318,1013611
1006318,1013612
1006318,1013613
1006318,1013614
1006318,1013615
1006318,1013616
1006318,1013617
1006318,1013618
1006318,1013619
1006318,1013620
1006318,1013621
1006318,1013622
1006318,1013623
1006318,1013624
1006318,1013625
1006318,1013626
1006318,1013627
1006318,1013628
1006318,1013629
1006318,1013630
1006318,1013631
1006318,1013632
1006318,1013633
1006318,1013634
1006318,1013635
1006318,1013636
1006318,1013637
1006318,1013638
1006318,1013639
1006318,1013640
1006318,1013641
1006318,1013642
1006318,1013643
1006318,1013644
1006318,1013645
1006318,1013646
1006318,1013647
1006318,1013648
1006318,1013649
1006318,1013650
1006318,1013651
1006318,1013652
1006318,1013653
1006318,1013654
1006318,1013655
1006318,1013656
1006318,1013657
1006318,1013658
1006318,1013659
1006318,1013660
1006318,1013661
1006318,1013662
1006318,1013663
1006318,1013664
1006318,1013665
1006318,1013666
1006318,1013667
1006318,1013668
1006318,1013669
1006318,1013670
1006318,1013671
1006318,1013672
1006318,1013673
1006318,1013674
1006318,1013675
1006318,1013676
1006318,1013677
1006318,1013678
1006318,1013679
1006318,1013680
1006318,1013681
1006318,1013682
1006318,1013683
1006318,1013684
1006318,1013685
1006318,1013686
1006318,1013687
1006318,1013688
1006318,1013689
1006318,1013690
1006318,1013691
1006318,1013692
1006318,1013693
1006318,1013694
1006318,1013695
1006318,1013696
1006318,1013697
1006318,1013698
1006318,1013699
1006318,1013700
1006318,1013701
1006318,1013702
1006318,1013703
1006318,1013704
1006318,1013705
1006318,1013706
1006318,1013707
1006318,1013708
1006318,1013709
1006318,1013710
1006318,1013711
1006318,1013712
1006318,1013713
1006318,1013714
1006318,1013715
1006318,1013716
1006318,1013717
1006318,1013718
1006318,1013719
1006318,1013720
1006318,1013721
1006318,1013722
1006318,1013723
1006318,1013724
1006318,1013725
1006318,1013726
1006318,1013727
1006318,1013728
1006318,1013729
1006318,1013730
1006318,1013731
1006318,1013732
1006318,1013733
1006318,1013734
1006318,1013735
1006318,1013736
1006318,1013737
1006318,1013738
1006318,1013739
1006318,1013740
1006318,1013741
1006318,1013742
1006318,1013743
1006318,1013744
1006318,1013745
1006318,1013746
1006318,1013747
1006318,1013748
1006318,1013749
1006318,1013750
1006318,1013751
1006318,1013752
1006318,1013753
1006318,1013754
1006318,1013755
1006318,1013756
1006318,1013757
1006318,1013758
1006318,1013759
1006318,1013760
1006318,1013761
1006318,1013762
1006318,1013763
1006318,1013764
1006318,1013765
1006318,1013766
1006318,1013767
1006318,1013768
1006318,1013769
1006318,1013770
1006318,1013771
1006318,1013772
1006318,1013773
1006318,1013774
1006318,1013775
1006318,1013776
1006318,1013777
1006318,1013778
1006318,1013779
1006318,1013780
1006318,1013781
1006318,1013782
1006318,1013783
1006318,1013784
1006318,1013785
1006318,1013786
1006318,1013787
1006318,1013788
1006318,1013789
1006318,1013790
1006318,1013791
1006318,1013792
1006318,1013793
1006318,1013794
1006318,1013795
1006318,1013796
1006318,1013797
1006318,1013798
1006318,1013799
1006318,1013800
1006318,1013801
1006318,1013802
1006318,1013803
1006318,1013804
1006318,1013805
1006318,1013806
1006318,1013807
1006318,1013808
1006318,1013809
1006318,1013810
1006318,1013811
1006318,1013812
1006318,1013813
1006318,1013814
1006318,1013815
1006318,1013816
1006318,1013817
1006318,1013818
1006318,1013819
1006318,1013820
1006318,1013821
1006318,1013822
1006318,1013823
1006318,1013824
1006318,1013825
1006318,1013826
1006318,1013827
1006318,1013828
1006318,1013829
1006318,1013830
1006318,1013831
1006318,1013832
1006318,1013833
1006318,1013834
1006318,1013835
1006318,1013836
1006318,1013837
1006318,1013838
1006318,1013839
1006318,1013840
1006318,1013841
1006318,1013842
1006318,1013843
1006318,1013844
1006318,1013845
1006318,1013846
1006318,1013847
1006318,1013848
1006318,1013849
1006318,1013850
1006318,1013851
1006318,1013852
1006318,1013853
1006318,1013854
1006318,1013855
1006318,1013856
1006318,1013857
1006318,1013858
1006318,1013859
1006318,1013860
1006318,1013861
1006318,1013862
1006318,1013863
1006318,1013864
1006318,1013865
1006318,1013866
1006318,1013867
1006318,1013868
1006318,1013869
1006318,1013870
1006318,1013871
1006318,1013872
1006318,1013873
1006318,1013874
1006318,1013875
1006318,1013876
1006318,1013877
1006318,1013878
1006318,1013879
1006318,1013880
1006318,1013881
1006318,1013882
1006318,1013883
1006318,1013884
1006318,1013885
1006318,1013886
1006318,1013887
1006318,1013888
1006318,1013889
1006318,1013890
1006318,1013891
1006318,1013892
1006318,1013893
1006318,1013894
1006318,1013895
1006318,1013896
1006318,1013897
1006318,1013898
1006318,1013899
1006318,1013900
1006318,1013901
1006318,1013902
1006318,1013903
1006318,1013904
1006318,1013905
1006318,1013906
1006318,1013907
1006318,1013908
1006318,1013909
1006318,1013910
1006318,1013911
1006318,1013912
1006318,1013913
1006318,1013914
1006318,1013915
1006318,1013916
1006318,1013917
1006318,1013918
1006318,1013919
1006318,1013920
1006318,1013921
1006318,1013922
1006318,1013923
1006318,1013924
1006318,1013925
1006318,1013926
1006318,1013927
1006318,1013928
1006318,1013929
1006318,1013930
1006318,1013931
1006318,1013932
1006318,1013933
1006318,1013934
1006318,1013935
1006318,1013936
1006318,1013937
1006318,1013938
1006318,1013939
1006318,1013940
1006318,1013941
1006318,1013942
1006318,1013943
1006318,1013944
1006318,1013945
1006318,1013946
1006318,1013947
1006318,1013948
1006318,1013949
1006318,1013950
1006318,1013951
1006318,1013952
1006318,1013953
1006318,1013954
1006318,1013955
1006318,1013956
1006318,1013957
1006318,1013958
1006318,1013959
1006318,1013960
1006318,1013961
1006318,1013962
1006318,1013963
1006318,1013964
1006318,1013965
1006318,1013966
1006318,1013967
1006318,1013968
1006318,1013969
1006318,1013970
1006318,1013971
1006318,1013972
1006318,1013973
1006318,1013974
1006318,1013975
1006318,1013976
1006318,1013977
1006318,1013978
1006318,1013979
1006318,1013980
1006318,1013981
1006318,1013982
1006318,1013983
1006318,1013984
1006318,1013985
1006318,1013986
1006318,1013987
1006318,1013988
1006318,1013989
1006318,1013990
1006318,1013991
1006318,1013992
1006318,1013993
1006318,1013994
1006318,1013995
1006318,1013996
1006318,1013997
1006318,1013998
1006318,1013999
1006318,1014000
1006318,1014001
1006318,1014002
1006318,1014003
1006318,1014004
1006318,1014005
1006318,1014006
1006318,1014007
1006318,1014008
1006318,1014009
1006318,1014010
1006318,1014011
1006318,1014012
1006318,1014013
1006318,1014014
1006318,1014015
1006318,1014016
1006318,1014017
1006318,1014018
1006318,1014019
1006318,1014020
1006318,1014021
1006318,1014022
1006318,1014023
1006318,1014024
1006318,1014025
1006318,1014026
1006318,1014027
1006318,1014028
1006318,1014029
1006318,1014030
1006318,1014031
1006318,1014032
1006318,1014033
1006318,1014034
1006318,1014035
1006318,1014036
1006318,1014037
1006318,1014038
1006318,1014039
1006318,1014040
1006318,1014041
1006318,1014042
1006318,1014043
1006318,1014044
1006318,1014045
1006318,1014046
1006318,1014047
1006318,1014048
1006318,1014049
1006318,1014050
1006318,1014051
1006318,1014052
1006318,1014053
1006318,1014054
1006318,1014055
1006318,1014056
1006318,1014057
1006318,1014058
1006318,1014059
1006318,1014060
1006318,1014061
1006318,1014062
1006318,1014063
1006318,1014064
1006318,1014065
1006318,1014066
1006318,1014067
1006318,1014068
1006318,1014069
1006318,1014070
1006318,1014071
1006318,1014072
1006318,1014073
1006318,1014074
1006318,1014075
1006318,1014076
1006318,1014077
1006318,1014078
1006318,1014079
1006318,1014080
1006318,1014081
1006318,1014082
1006318,1014083
1006318,1014084
1006318,1014085
1006318,1014086
1006318,1014087
1006318,1014088
1006318,1014089
1006318,1014090
1006318,1014091
1006318,1014092
1006318,1014093
1006318,1014094
1006318,1014095
1006318,1014096
1006318,1014097
1006318,1014098
1006318,1014099
1006318,1014100
1006318,1014101
1006318,1014102
1006318,1014103
1006318,1014104
1006318,1014105
1006318,1014106
1006318,1014107
1006318,1014108
1006318,1014109
1006318,1014110
1006318,1014111
1006318,1014112
1006318,1014113
1006318,1014114
1006318,1014115
1006318,1014116
1006318,1014117
1006318,1014118
1006318,1014119
1006318,1014120
1006318,1014121
1006318,1014122
1006318,1014123
1006318,1014124
1006318,1014125
1006318,1014126
1006318,1014127
1006318,1014128
1006318,1014129
1006318,1014130
1006318,1014131
1006318,1014132
1006318,1014133
1006318,1014134
1006318,1014135
1006318,1014136
1006318,1014137
1006318,1014138
1006318,1014139
1006318,1014140
1006318,1014141
1006318,1014142
1006318,1014143
1006318,1014144
1006318,1014145
1006318,1014146
1006318,1014147
1006318,1014148
1006318,1014149
1006318,1014150
1006318,1014151
1006318,1014152
1006318,1014153
1006318,1014154
1006318,1014155
1006318,1014156
1006318,1014157
1006318,1014158
1006318,1014159
1006318,1014160
1006318,1014161
1006318,1014162
1006318,1014163
1006318,1014164
1006318,1014165
1006318,1014166
1006318,1014167
1006318,1014168
1006318,1014169
1006318,1014170
1006318,1014171
1006318,1014172
1006318,1014173
1006318,1014174
1006318,1014175
1006318,1014176
1006318,1014177
1006318,1014178
1006318,1014179
1006318,1014180
1006318,1014181
1006318,1014182
1006318,1014183
1006318,1014184
1006318,1014185
1006318,1014186
1006318,1014187
1006318,1014188
1006318,1014189
1006318,1014190
1006318,1014191
1006318,1014192
1006318,1014193
1006318,1014194
1006318,1014195
1006318,1014196
1006318,1014197
1006318,1014198
1006318,1014199
1006318,1014200
1006318,1014201
1006318,1014202
1006318,1014203
1006318,1014204
1006318,1014205
1006318,1014206
1006318,1014207
1006318,1014208
1006318,1014209
1006318,1014210
1006318,1014211
1006318,1014212
1006318,1014213
1006318,1014214
1006318,1014215
1006318,1014216
1006318,1014217
1006318,1014218
1006318,1014219
1006318,1014220
1006318,1014221
1006318,1014222
1006318,1014223
1006318,1014224
1006318,1014225
1006318,1014226
1006318,1014227
1006318,1014228
1006318,1014229
1006318,1014230
1006318,1014231
1006318,1014232
1006318,1014233
1006318,1014234
1006318,1014235
1006318,1014236
1006318,1014237
1006318,1014238
1006318,1014239
1006318,1014240
1006318,1014241
1006318,1014242
1006318,1014243
1006318,1014244
1006318,1014245
1006318,1014246
1006318,1014247
1006318,1014248
1006318,1014249
1006318,1014250
1006318,1014251
1006318,1014252
1006318,1014253
1006318,1014254
1006318,1014255
1006318,1014256
1006318,1014257
1006318,1014258
1006318,1014259
1006318,1014260
1006318,1014261
1006318,1014262
1006318,1014263
1006318,1014264
1006318,1014265
1006318,1014266
1006318,1014267
1006318,1014268
1006318,1014269
1006318,1014270
1006318,1014271
1006318,1014272
1006318,1014273
1006318,1014274
1006318,1014275
1006318,1014276
1006318,1014277
1006318,1014278
1006318,1014279
1006318,1014280
1006318,1014281
1006318,1014282
1006318,1014283
1006318,1014284
1006318,1014285
1006318,1014286
1006318,1014287
1006318,1014288
1006318,1014289
1006318,1014290
1006318,1014291
1006318,1014292
1006318,1014293
1006318,1014294
1006318,1014295
1006318,1014296
1006318,1014297
1006318,1014298
1006318,1014299
1006318,1014300
1006318,1014301
1006318,1014302
1006318,1014303
1006318,1014304
1006318,1014305
1006318,1014306
1006318,1014307
1006318,1014308
1006318,1014309
1006318,1014310
1006318,1014311
1006318,1014312
1006318,1014313
1006318,1014314
1006318,1014315
1006318,1014316
1006318,1014317
1006318,1014318
1006318,1014319
1006318,1014320
1006318,1014321
1006318,1014322
1006318,1014323
1006318,1014324
1006318,1014325
1006318,1014326
1006318,1014327
1006318,1014328
1006318,1014329
1006318,1014330
1006318,1014331
1006318,1014332
1006318,1014333
1006318,1014334
1006318,1014335
1006318,1014336
1006318,1014337
1006318,1014338
1006318,1014339
1006318,1014340
1006318,1014341
1006318,1014342
1006318,1014343
1006318,1014344
1006318,1014345
1006318,1014346
1006318,1014347
1006318,1014348
1006318,1014349
1006318,1014350
1006318,1014351
1006318,1014352
1006318,1014353
1006318,1014354
1006318,1014355
1006318,1014356
1006318,1014357
1006318,1014358
1006318,1014359
1006318,1014360
1006318,1014361
1006318,1014362
1006318,1014363
1006318,1014364
1006318,1014365
1006318,1014366
1006318,1014367
1006318,1014368
1006318,1014369
1006318,1014370
1006318,1014371
1006318,1014372
1006318,1014373
1006318,1014374
1006318,1014375
1006318,1014376
1006318,1014377
1006318,1014378
1006318,1014379
1006318,1014380
1006318,1014381
1006318,1014382
1006318,1014383
1006318,1014384
1006318,1014385
1006318,1014386
1006318,1014387
1006318,1014388
1006318,1014389
1006318,1014390
1006318,1014391
1006318,1014392
1006318,1014393
1006318,1014394
1006318,1014395
1006318,1014396
1006318,1014397
1006318,1014398
1006318,1014399
1006318,1014400
1006318,1014401
1006318,1014402
1006318,1014403
1006318,1014404
1006318,1014405
1006318,1014406
1006318,1014407
1006318,1014408
1006318,1014409
1006318,1014410
1006318,1014411
1006318,1014412
1006318,1014413
1006318,1014414
1006318,1014415
1006318,1014416
1006318,1014417
1006318,1014418
1006318,1014419
1006318,1014420
1006318,1014421
1006318,1014422
1006318,1014423
1006318,1014424
1006318,1014425
1006318,1014426
1006318,1014427
1006318,1014428
1006318,1014429
1006318,1014430
1006318,1014431
1006318,1014432
1006318,1014433
1006318,1014434
1006318,1014435
1006318,1014436
1006318,1014437
1006318,1014438
1006318,1014439
1006318,1014440
1006318,1014441
1006318,1014442
1006318,1014443
1006318,1014444
1006318,1014445
1006318,1014446
1006318,1014447
1006318,1014448
1006318,1014449
1006318,1014450
1006318,1014451
1006318,1014452
1006318,1014453
1006318,1014454
1006318,1014455
1006318,1014456
1006318,1014457
1006318,1014458
1006318,1014459
1006318,1014460
1006318,1014461
1006318,1014462
1006318,1014463
1006318,1014464
1006318,1014465
1006318,1014466
1006318,1014467
1006318,1014468
1006318,1014469
1006318,1014470
1006318,1014471
1006318,1014472
1006318,1014473
1006318,1014474
1006318,1014475
1006318,1014476
1006318,1014477
1006318,1014478
1006318,1014479
1006318,1014480
1006318,1014481
1006318,1014482
1006318,1014483
1006318,1014484
1006318,1014485
1006318,1014486
1006318,1014487
1006318,1014488
1006318,1014489
1006318,1014490
1006318,1014491
1006318,1014492
1006318,1014493
1006318,1014494
1006318,1014495
1006318,1014496
1006318,1014497
1006318,1014498
1006318,1014499
1006318,1014500
1006318,1014501
1006318,1014502
1006318,1014503
1006318,1014504
1006318,1014505
1006318,1014506
1006318,1014507
1006318,1014508
1006318,1014509
1006318,1014510
1006318,1014511
1006318,1014512
1006318,1014513
1006318,1014514
1006318,1014515
1006318,1014516
1006318,1014517
1006318,1014518
1006318,1014519
1006318,1014520
1006318,1014521
1006318,1014522
1006318,1014523
1006318,1014524
1006318,1014525
1006318,1014526
1006318,1014527
1006318,1014528
1006318,1014529
1006318,1014530
1006318,1014531
1006318,1014532
1006318,1014533
1006318,1014534
1006318,1014535
1006318,1014536
1006318,1014537
1006318,1014538
1006318,1014539
1006318,1014540
1006318,1014541
1006318,1014542
1006318,1014543
1006318,1014544
1006318,1014545
1006318,1014546
1006318,1014547
1006318,1014548
1006318,1014549
1006318,1014550
1006318,1014551
1006318,1014552
1006318,1014553
1006318,1014554
1006318,1014555
1006318,1014556
1006318,1014557
1006318,1014558
1006318,1014559
1006318,1014560
1006318,1014561
1006318,1014562
1006318,1014563
1006318,1014564
1006318,1014565
1006318,1014566
1006318,1014567
1006318,1014568
1006318,1014569
1006318,1014570
1006318,1014571
1006318,1014572
1006318,1014573
1006318,1014574
1006318,1014575
1006318,1014576
1006318,1014577
1006318,1014578
1006318,1014579
1006318,1014580
1006318,1014581
1006318,1014582
1006318,1014583
1006318,1014584
1006318,1014585
1006318,1014586
1006318,1014587
1006318,1014588
1006318,1014589
1006318,1014590
1006318,1014591
1006318,1014592
1006318,1014593
1006318,1014594
1006318,1014595
1006318,1014596
1006318,1014597
1006318,1014598
1006318,1014599
1006318,1014600
1006318,1014601
1006318,1014602
1006318,1014603
1006318,1014604
1006318,1014605
1006318,1014606
1006318,1014607
1006318,1014608
1006318,1014609
1006318,1014610
1006318,1014611
1006318,1014612
1006318,1014613
1006318,1014614
1006318,1014615
1006318,1014616
1006318,1014617
1006318,1014618
1006318,1014619
1006318,1014620
1006318,1014621
1006318,1014622
1006318,1014623
1006318,1014624
1006318,1014625
1006318,1014626
1006318,1014627
1006318,1014628
1006318,1014629
1006318,1014630
1006318,1014631
1006318,1014632
1006318,1014633
1006318,1014634
1006318,1014635
1006318,1014636
1006318,1014637
1006318,1014638
1006318,1014639
1006318,1014640
1006318,1014641
1006318,1014642
1006318,1014643
1006318,1014644
1006318,1014645
1006318,1014646
1006318,1014647
1006318,1014648
1006318,1014649
1006318,1014650
1006318,1014651
1006318,1014652
1006318,1014653
1006318,1014654
1006318,1014655
1006318,1014656
1006318,1014657
1006318,1014658
1006318,1014659
1006318,1014660
1006318,1014661
1006318,1014662
1006318,1014663
1006318,1014664
1006318,1014665
1006318,1014666
1006318,1014667
1006318,1014668
1006318,1014669
1006318,1014670
1006318,1014671
1006318,1014672
1006318,1014673
1006318,1014674
1006318,1014675
1006318,1014676
1006318,1014677
1006318,1014678
1006318,1014679
1006318,1014680
1006318,1014681
1006318,1014682
1006318,1014683
1006318,1014684
1006318,1014685
1006318,1014686
1006318,1014687
1006318,1014688
1006318,1014689
1006318,1014690
1006318,1014691
1006318,1014692
1006318,1014693
1006318,1014694
1006318,1014695
1006318,1014696
1006318,1014697
1006318,1014698
1006318,1014699
1006318,1014700
1006318,1014701
1006318,1014702
1006318,1014703
1006318,1014704
1006318,1014705
1006318,1014706
1006318,1014707
1006318,1014708
1006318,1014709
1006318,1014710
1006318,1014711
1006318,1014712
1006318,1014713
1006318,1014714
1006318,1014715
1006318,1014716
1006318,1014717
1006318,1014718
1006318,1014719
1006318,1014720
1006318,1014721
1006318,1014722
1006318,1014723
1006318,1014724
1006318,1014725
1006318,1014726
1006318,1014727
1006318,1014728
1006318,1014729
1006318,1014730
1006318,1014731
1006318,1014732
1006318,1014733
1006318,1014734
1006318,1014735
1006318,1014736
1006318,1014737
1006318,1014738
1006318,1014739
1006318,1014740
1006318,1014741
1006318,1014742
1006318,1014743
1006318,1014744
1006318,1014745
1006318,1014746
1006318,1014747
1006318,1014748
1006318,1014749
1006318,1014750
1006318,1014751
1006318,1014752
1006318,1014753
1006318,1014754
1006318,1014755
1006318,1014756
1006318,1014757
1006318,1014758
1006318,1014759
1006318,1014760
1006318,1014761
1006318,1014762
1006318,1014763
1006318,1014764
1006318,1014765
1006318,1014766
1006318,1014767
1006318,1014768
1006318,1014769
1006318,1014770
1006318,1014771
1006318,1014772
1006318,1014773
1006318,1014774
1006318,1014775
1006318,1014776
1006318,1014777
1006318,1014778
1006318,1014779
1006318,1014780
1006318,1014781
1006318,1014782
1006318,1014783
1006318,1014784
1006318,1014785
1006318,1014786
1006318,1014787
1006318,1014788
1006318,1014789
1006318,1014790
1006318,1014791
1006318,1014792
1006318,1014793
1006318,1014794
1006318,1014795
1006318,1014796
1006318,1014797
1006318,1014798
1006318,1014799
1006318,1014800
1006318,1014801
1006318,1014802
1006318,1014803
1006318,1014804
1006318,1014805
1006318,1014806
1006318,1014807
1006318,1014808
1006318,1014809
1006318,1014810
1006318,1014811
1006318,1014812
1006318,1014813
1006318,1014814
1006318,1014815
1006318,1014816
1006318,1014817
1006318,1014818
1006318,1014819
1006318,1014820
1006318,1014821
1006318,1014822
1006318,1014823
1006318,1014824
1006318,1014825
1006318,1014826
1006318,1014827
1006318,1014828
1006318,1014829
1006318,1014830
1006318,1014831
1006318,1014832
1006318,1014833
1006318,1014834
1006318,1014835
1006318,1014836
1006318,1014837
1006318,1014838
1006318,1014839
1006318,1014840
1006318,1014841
1006318,1014842
1006318,1014843
1006318,1014844
1006318,1014845
1006318,1014846
1006318,1014847
1006318,1014848
1006318,1014849
1006318,1014850
1006318,1014851
1006318,1014852
1006318,1014853
1006318,1014854
1006318,1014855
1006318,1014856
1006318,1014857
1006318,1014858
1006318,1014859
1006318,1014860
1006318,1014861
1006318,1014862
1006318,1014863
1006318,1014864
1006318,1014865
1006318,1014866
1006318,1014867
1006318,1014868
1006318,1014869
1006318,1014870
1006318,1014871
1006318,1014872
1006318,1014873
1006318,1014874
1006318,1014875
1006318,1014876
1006318,1014877
1006318,1014878
1006318,1014879
1006318,1014880
1006318,1014881
1006318,1014882
1006318,1014883
1006318,1014884
1006318,1014885
1006318,1014886
1006318,1014887
1006318,1014888
1006318,1014889
1006318,1014890
1006318,1014891
1006318,1014892
1006318,1014893
1006318,1014894
1006318,1014895
1006318,1014896
1006318,1014897
1006318,1014898
1006318,1014899
1006318,1014900
1006318,1014901
1006318,1014902
1006318,1014903
1006318,1014904
1006318,1014905
1006318,1014906
1006318,1014907
1006318,1014908
1006318,1014909
1006318,1014910
1006318,1014911
1006318,1014912
1006318,1014913
1006318,1014914
1006318,1014915
1006318,1014916
1006318,1014917
1006318,1014918
1006318,1014919
1006318,1014920
1006318,1014921
1006318,1014922
1006318,1014923
1006318,1014924
1006318,1014925
1006318,1014926
1006318,1014927
1006318,1014928
1006318,1014929
1006318,1014930
1006318,1014931
1006318,1014932
1006318,1014933
1006318,1014934
1006318,1014935
1006318,1014936
1006318,1014937
1006318,1014938
1006318,1014939
1006318,1014940
1006318,1014941
1006318,1014942
1006318,1014943
1006318,1014944
1006318,1014945
1006318,1014946
1006318,1014947
1006318,1014948
1006318,1014949
1006318,1014950
1006318,1014951
1006318,1014952
1006318,1014953
1006318,1014954
1006318,1014955
1006318,1014956
1006318,1014957
1006318,1014958
1006318,1014959
1006318,1014960
1006318,1014961
1006318,1014962
1006318,1014963
1006318,1014964
1006318,1014965
1006318,1014966
1006318,1014967
1006318,1014968
1006318,1014969
1006318,1014970
1006318,1014971
1006318,1014972
1006318,1014973
1006318,1014974
1006318,1014975
1006318,1014976
1006318,1014977
1006318,1014978
1006318,1014979
1006318,1014980
1006318,1014981
1006318,1014982
1006318,1014983
1006318,1014984
1006318,1014985
1006318,1014986
1006318,1014987
1006318,1014988
1006318,1014989
1006318,1014990
1006318,1014991
1006318,1014992
1006318,1014993
1006318,1014994
1006318,1014995
1006318,1014996
1006318,1014997
1006318,1014998
1006318,1014999
1006318,1015000
1006318,1015001
1006318,1015002
1006318,1015003
1006318,1015004
1006318,1015005
1006318,1015006
1006318,1015007
1006318,1015008
1006318,1015009
1006318,1015010
1006318,1015011
1006318,1015012
1006318,1015013
1006318,1015014
1006318,1015015
1006318,1015016
1006318,1015017
1006318,1015018
1006318,1015019
1006318,1015020
1006318,1015021
1006318,1015022
1006318,1015023
1006318,1015024
1006318,1015025
1006318,1015026
1006318,1015027
1006318,1015028
1006318,1015029
1006318,1015030
1006318,1015031
1006318,1015032
1006318,1015033
1006318,1015034
1006318,1015035
1006318,1015036
1006318,1015037
1006318,1015038
1006318,1015039
1006318,1015040
1006318,1015041
1006318,1015042
1006318,1015043
1006318,1015044
1006318,1015045
1006318,1015046
1006318,1015047
1006318,1015048
1006318,1015049
1006318,1015050
1006318,1015051
1006318,1015052
1006318,1015053
1006318,1015054
1006318,1015055
1006318,1015056
1006318,1015057
1006318,1015058
1006318,1015059
1006318,1015060
1006318,1015061
1006318,1015062
1006318,1015063
1006318,1015064
1006318,1015065
1006318,1015066
1006318,1015067
1006318,1015068
1006318,1015069
1006318,1015070
1006318,1015071
1006318,1015072
1006318,1015073
1006318,1015074
1006318,1015075
1006318,1015076
1006318,1015077
1006318,1015078
1006318,1015079
1006318,1015080
1006318,1015081
1006318,1015082
1006318,1015083
1006318,1015084
1006318,1015085
1006318,1015086
1006318,1015087
1006318,1015088
1006318,1015089
1006318,1015090
1006318,1015091
1006318,1015092
1006318,1015093
1006318,1015094
1006318,1015095
1006318,1015096
1006318,1015097
1006318,1015098
1006318,1015099
1006318,1015100
1006318,1015101
1006318,1015102
1006318,1015103
1006318,1015104
1006318,1015105
1006318,1015106
1006318,1015107
1006318,1015108
1006318,1015109
1006318,1015110
1006318,1015111
1006318,1015112
1006318,1015113
1006318,1015114
1006318,1015115
1006318,1015116
1006318,1015117
1006318,1015118
1006318,1015119
1006318,1015120
1006318,1015121
1006318,1015122
1006318,1015123
1006318,1015124
1006318,1015125
1006318,1015126
1006318,1015127
1006318,1015128
1006318,1015129
1006318,1015130
1006318,1015131
1006318,1015132
1006318,1015133
1006318,1015134
1006318,1015135
1006318,1015136
1006318,1015137
1006318,1015138
1006318,1015139
1006318,1015140
1006318,1015141
1006318,1015142
1006318,1015143
1006318,1015144
1006318,1015145
1006318,1015146
1006318,1015147
1006318,1015148
1006318,1015149
1006318,1015150
1006318,1015151
1006318,1015152
1006318,1015153
1006318,1015154
1006318,1015155
1006318,1015156
1006318,1015157
1006318,1015158
1006318,1015159
1006318,1015160
1006318,1015161
1006318,1015162
1006318,1015163
1006318,1015164
1006318,1015165
1006318,1015166
1006318,1015167
1006318,1015168
1006318,1015169
1006318,1015170
1006318,1015171
1006318,1015172
1006318,1015173
1006318,1015174
1006318,1015175
1006318,1015176
1006318,1015177
1006318,1015178
1006318,1015179
1006318,1015180
1006318,1015181
1006318,1015182
1006318,1015183
1006318,1015184
1006318,1015185
1006318,1015186
1006318,1015187
1006318,1015188
1006318,1015189
1006318,1015190
1006318,1015191
1006318,1015192
1006318,1015193
1006318,1015194
1006318,1015195
1006318,1015196
1006318,1015197
1006318,1015198
1006318,1015199
1006318,1015200
1006318,1015201
1006318,1015202
1006318,1015203
1006318,1015204
1006318,1015205
1006318,1015206
1006318,1015207
1006318,1015208
1006318,1015209
1006318,1015210
1006318,1015211
1006318,1015212
1006318,1015213
1006318,1015214
1006318,1015215
1006318,1015216
1006318,1015217
1006318,1015218
1006318,1015219
1006318,1015220
1006318,1015221
1006318,1015222
1006318,1015223
1006318,1015224
1006318,1015225
1006318,1015226
1006318,1015227
1006318,1015228
1006318,1015229
1006318,1015230
1006318,1015231
1006318,1015232
1006318,1015233
1006318,1015234
1006318,1015235
1006318,1015236
1006318,1015237
1006318,1015238
1006318,1015239
1006318,1015240
1006318,1015241
1006318,1015242
1006318,1015243
1006318,1015244
1006318,1015245
1006318,1015246
1006318,1015247
1006318,1015248
1006318,1015249
1006318,1015250
1006318,1015251
1006318,1015252
1006318,1015253
1006318,1015254
1006318,1015255
1006318,1015256
1006318,1015257
1006318,1015258
1006318,1015259
1006318,1015260
1006318,1015261
1006318,1015262
1006318,1015263
1006318,1015264
1006318,1015265
1006318,1015266
1006318,1015267
1006318,1015268
1006318,1015269
1006318,1015270
1006318,1015271
1006318,1015272
1006318,1015273
1006318,1015274
1006318,1015275
1006318,1015276
1006318,1015277
1006318,1015278
1006318,1015279
1006318,1015280
1006318,1015281
1006318,1015282
1006318,1015283
1006318,1015284
1006318,1015285
1006318,1015286
1006318,1015287
1006318,1015288
1006318,1015289
1006318,1015290
1006318,1015291
1006318,1015292
1006318,1015293
1006318,1015294
1006318,1015295
1006318,1015296
1006318,1015297
1006318,1015298
1006318,1015299
1006318,1015300
1006318,1015301
1006318,1015302
1006318,1015303
1006318,1015304
1006318,1015305
1006318,1015306
1006318,1015307
1006318,1015308
1006318,1015309
1006318,1015310
1006318,1015311
1006318,1015312
1006318,1015313
1006318,1015314
1006318,1015315
1006318,1015316
1006318,1015317
1006318,1015318
1006318,1015319
1006318,1015320
1006318,1015321
1006318,1015322
1006318,1015323
1006318,1015324
1006318,1015325
1006318,1015326
1006318,1015327
1006318,1015328
1006318,1015329
1006318,1015330
1006318,1015331
1006318,1015332
1006318,1015333
1006318,1015334
1006318,1015335
1006318,1015336
1006318,1015337
1006318,1015338
1006318,1015339
1006318,1015340
1006318,1015341
1006318,1015342
1006318,1015343
1006318,1015344
1006318,1015345
1006318,1015346
1006318,1015347
1006318,1015348
1006318,1015349
1006318,1015350
1006318,1015351
1006318,1015352
1006318,1015353
1006318,1015354
1006318,1015355
1006318,1015356
1006318,1015357
1006318,1015358
1006318,1015359
1006318,1015360
1006318,1015361
1006318,1015362
1006318,1015363
1006318,1015364
1006318,1015365
1006318,1015366
1006318,1015367
1006318,1015368
1006318,1015369
1006318,1015370
1006318,1015371
1006318,1015372
1006318,1015373
1006318,1015374
1006318,1015375
1006318,1015376
1006318,1015377
1006318,1015378
1006318,1015379
1006318,1015380
1006318,1015381
1006318,1015382
1006318,1015383
1006318,1015384
1006318,1015385
1006318,1015386
1006318,1015387
1006318,1015388
1006318,1015389
1006318,1015390
1006318,1015391
1006318,1015392
1006318,1015393
1006318,1015394
1006318,1015395
1006318,1015396
1006318,1015397
1006318,1015398
1006318,1015399
1006318,1015400
1006318,1015401
1006318,1015402
1006318,1015403
1006318,1015404
1006318,1015405
1006318,1015406
1006318,1015407
1006318,1015408
1006318,1015409
1006318,1015410
1006318,1015411
1006318,1015412
1006318,1015413
1006318,1015414
1006318,1015415
1006318,1015416
1006318,1015417
1006318,1015418
1006318,1015419
1006318,1015420
1006318,1015421
1006318,1015422
1006318,1015423
1006318,1015424
1006318,1015425
1006318,1015426
1006318,1015427
1006318,1015428
1006318,1015429
1006318,1015430
1006318,1015431
1006318,1015432
1006318,1015433
1006318,1015434
1006318,1015435
1006318,1015436
1006318,1015437
1006318,1015438
1006318,1015439
1006318,1015440
1006318,1015441
1006318,1015442
1006318,1015443
1006318,1015444
1006318,1015445
1006318,1015446
1006318,1015447
1006318,1015448
1006318,1015449
1006318,1015450
1006318,1015451
1006318,1015452
1006318,1015453
1006318,1015454
1006318,1015455
1006318,1015456
1006318,1015457
1006318,1015458
1006318,1015459
1006318,1015460
1006318,1015461
1006318,1015462
1006318,1015463
1006318,1015464
1006318,1015465
1006318,1015466
1006318,1015467
1006318,1015468
1006318,1015469
1006318,1015470
1006318,1015471
1006318,1015472
1006318,1015473
1006318,1015474
1006318,1015475
1006318,1015476
1006318,1015477
1006318,1015478
1006318,1015479
1006318,1015480
1006318,1015481
1006318,1015482
1006318,1015483
1006318,1015484
1006318,1015485
1006318,1015486
1006318,1015487
1006318,1015488
1006318,1015489
1006318,1015490
1006318,1015491
1006318,1015492
1006318,1015493
1006318,1015494
1006318,1015495
1006318,1015496
1006318,1015497
1006318,1015498
1006318,1015499
1006318,1015500
1006318,1015501
1006318,1015502
1006318,1015503
1006318,1015504
1006318,1015505
1006318,1015506
1006318,1015507
1006318,1015508
1006318,1015509
1006318,1015510
1006318,1015511
1006318,1015512
1006318,1015513
1006318,1015514
1006318,1015515
1006318,1015516
1006318,1015517
1006318,1015518
1006318,1015519
1006318,1015520
1006318,1015521
1006318,1015522
1006318,1015523
1006318,1015524
1006318,1015525
1006318,1015526
1006318,1015527
1006318,1015528
1006318,1015529
1006318,1015530
1006318,1015531
1006318,1015532
1006318,1015533
1006318,1015534
1006318,1015535
1006318,1015536
1006318,1015537
1006318,1015538
1006318,1015539
1006318,1015540
1006318,1015541
1006318,1015542
1006318,1015543
1006318,1015544
1006318,1015545
1006318,1015546
1006318,1015547
1006318,1015548
1006318,1015549
1006318,1015550
1006318,1015551
1006318,1015552
1006318,1015553
1006318,1015554
1006318,1015555
1006318,1015556
1006318,1015557
1006318,1015558
1006318,1015559
1006318,1015560
1006318,1015561
1006318,1015562
1006318,1015563
1006318,1015564
1006318,1015565
1006318,1015566
1006318,1015567
1006318,1015568
1006318,1015569
1006318,1015570
1006318,1015571
1006318,1015572
1006318,1015573
1006318,1015574
1006318,1015575
1006318,1015576
1006318,1015577
1006318,1015578
1006318,1015579
1006318,1015580
1006318,1015581
1006318,1015582
1006318,1015583
1006318,1015584
1006318,1015585
1006318,1015586
1006318,1015587
1006318,1015588
1006318,1015589
1006318,1015590
1006318,1015591
1006318,1015592
1006318,1015593
1006318,1015594
1006318,1015595
1006318,1015596
1006318,1015597
1006318,1015598
1006318,1015599
1006318,1015600
1006318,1015601
1006318,1015602
1006318,1015603
1006318,1015604
1006318,1015605
1006318,1015606
1006318,1015607
1006318,1015608
1006318,1015609
1006318,1015610
1006318,1015611
1006318,1015612
1006318,1015613
1006318,1015614
1006318,1015615
1006318,1015616
1006318,1015617
1006318,1015618
1006318,1015619
1006318,1015620
1006318,1015621
1006318,1015622
1006318,1015623
1006318,1015624
1006318,1015625
1006318,1015626
1006318,1015627
1006318,1015628
1006318,1015629
1006318,1015630
1006318,1015631
1006318,1015632
1006318,1015633
1006318,1015634
1006318,1015635
1006318,1015636
1006318,1015637
1006318,1015638
1006318,1015639
1006318,1015640
1006318,1015641
1006318,1015642
1006318,1015643
1006318,1015644
1006318,1015645
1006318,1015646
1006318,1015647
1006318,1015648
1006318,1015649
1006318,1015650
1006318,1015651
1006318,1015652
1006318,1015653
1006318,1015654
1006318,1015655
1006318,1015656
1006318,1015657
1006318,1015658
1006318,1015659
1006318,1015660
1006318,1015661
1006318,1015662
1006318,1015663
1006318,1015664
1006318,1015665
1006318,1015666
1006318,1015667
1006318,1015668
1006318,1015669
1006318,1015670
1006318,1015671
1006318,1015672
1006318,1015673
1006318,1015674
1006318,1015675
1006318,1015676
1006318,1015677
1006318,1015678
1006318,1015679
1006318,1015680
1006318,1015681
1006318,1015682
1006318,1015683
1006318,1015684
1006318,1015685
1006318,1015686
1006318,1015687
1006318,1015688
1006318,1015689
1006318,1015690
1006318,1015691
1006318,1015692
1006318,1015693
1006318,1015694
1006318,1015695
1006318,1015696
1006318,1015697
1006318,1015698
1006318,1015699
1006318,1015700
1006318,1015701
1006318,1015702
1006318,1015703
1006318,1015704
1006318,1015705
1006318,1015706
1006318,1015707
1006318,1015708
1006318,1015709
1006318,1015710
1006318,1015711
1006318,1015712
1006318,1015713
1006318,1015714
1006318,1015715
1006318,1015716
1006318,1015717
1006318,1015718
1006318,1015719
1006318,1015720
1006318,1015721
1006318,1015722
1006318,1015723
1006318,1015724
1006318,1015725
1006318,1015726
1006318,1015727
1006318,1015728
1006318,1015729
1006318,1015730
1006318,1015731
1006318,1015732
1006318,1015733
1006318,1015734
1006318,1015735
1006318,1015736
1006318,1015737
1006318,1015738
1006318,1015739
1006318,1015740
1006318,1015741
1006318,1015742
1006318,1015743
1006318,1015744
1006318,1015745
1006318,1015746
1006318,1015747
1006318,1015748
1006318,1015749
1006318,1015750
1006318,1015751
1006318,1015752
1006318,1015753
1006318,1015754
1006318,1015755
1006318,1015756
1006318,1015757
1006318,1015758
1006318,1015759
1006318,1015760
1006318,1015761
1006318,1015762
1006318,1015763
1006318,1015764
1006318,1015765
1006318,1015766
1006318,1015767
1006318,1015768
1006318,1015769
1006318,1015770
1006318,1015771
1006318,1015772
1006318,1015773
1006318,1015774
1006318,1015775
1006318,1015776
1006318,1015777
1006318,1015778
1006318,1015779
1006318,1015780
1006318,1015781
1006318,1015782
1006318,1015783
1006318,1015784
1006318,1015785
1006318,1015786
1006318,1015787
1006318,1015788
1006318,1015789
1006318,1015790
1006318,1015791
1006318,1015792
1006318,1015793
1006318,1015794
1006318,1015795
1006318,1015796
1006318,1015797
1006318,1015798
1006318,1015799
1006318,1015800
1006318,1015801
1006318,1015802
1006318,1015803
1006318,1015804
1006318,1015805
1006318,1015806
1006318,1015807
1006318,1015808
1006318,1015809
1006318,1015810
1006318,1015811
1006318,1015812
1006318,1015813
1006318,1015814
1006318,1015815
1006318,1015816
1006318,1015817
1006318,1015818
1006318,1015819
1006318,1015820
1006318,1015821
1006318,1015822
1006318,1015823
1006318,1015824
1006318,1015825
1006318,1015826
1006318,1015827
1006318,1015828
1006318,1015829
1006318,1015830
1006318,1015831
1006318,1015832
1006318,1015833
1006318,1015834
1006318,1015835
1006318,1015836
1006318,1015837
1006318,1015838
1006318,1015839
1006318,1015840
1006318,1015841
1006318,1015842
1006318,1015843
1006318,1015844
1006318,1015845
1006318,1015846
1006318,1015847
1006318,1015848
1006318,1015849
1006318,1015850
1006318,1015851
1006318,1015852
1006318,1015853
1006318,1015854
1006318,1015855
1006318,1015856
1006318,1015857
1006318,1015858
1006318,1015859
1006318,1015860
1006318,1015861
1006318,1015862
1006318,1015863
1006318,1015864
1006318,1015865
1006318,1015866
1006318,1015867
1006318,1015868
1006318,1015869
1006318,1015870
1006318,1015871
1006318,1015872
1006318,1015873
1006318,1015874
1006318,1015875
1006318,1015876
1006318,1015877
1006318,1015878
1006318,1015879
1006318,1015880
1006318,1015881
1006318,1015882
1006318,1015883
1006318,1015884
1006318,1015885
1006318,1015886
1006318,1015887
1006318,1015888
1006318,1015889
1006318,1015890
1006318,1015891
1006318,1015892
1006318,1015893
1006318,1015894
1006318,1015895
1006318,1015896
1006318,1015897
1006318,1015898
1006318,1015899
1006318,1015900
1006318,1015901
1006318,1015902
1006318,1015903
1006318,1015904
1006318,1015905
1006318,1015906
1006318,1015907
1006318,1015908
1006318,1015909
1006318,1015910
1006318,1015911
1006318,1015912
1006318,1015913
1006318,1015914
1006318,1015915
1006318,1015916
1006318,1015917
1006318,1015918
1006318,1015919
1006318,1015920
1006318,1015921
1006318,1015922
1006318,1015923
1006318,1015924
1006318,1015925
1006318,1015926
1006318,1015927
1006318,1015928
1006318,1015929
1006318,1015930
1006318,1015931
1006318,1015932
1006318,1015933
1006318,1015934
1006318,1015935
1006318,1015936
1006318,1015937
1006318,1015938
1006318,1015939
1006318,1015940
1006318,1015941
1006318,1015942
1006318,1015943
1006318,1015944
1006318,1015945
1006318,1015946
1006318,1015947
1006318,1015948
1006318,1015949
1006318,1015950
1006318,1015951
1006318,1015952
1006318,1015953
1006318,1015954
1006318,1015955
1006318,1015956
1006318,1015957
1006318,1015958
1006318,1015959
1006318,1015960
1006318,1015961
1006318,1015962
1006318,1015963
1006318,1015964
1006318,1015965
1006318,1015966
1006318,1015967
1006318,1015968
1006318,1015969
1006318,1015970
1006318,1015971
1006318,1015972
1006318,1015973
1006318,1015974
1006318,1015975
1006318,1015976
1006318,1015977
1006318,1015978
1006318,1015979
1006318,1015980
1006318,1015981
1006318,1015982
1006318,1015983
1006318,1015984
1006318,1015985
1006318,1015986
1006318,1015987
1006318,1015988
1006318,1015989
1006318,1015990
1006318,1015991
1006318,1015992
1006318,1015993
1006318,1015994
1006318,1015995
1006318,1015996
1006318,1015997
1006318,1015998
1006318,1015999
1006318,1016000
1006318,1016001
1006318,1016002
1006318,1016003
1006318,1016004
1006318,1016005
1006318,1016006
1006318,1016007
1006318,1016008
1006318,1016009
1006318,1016010
1006318,1016011
1006318,1016012
1006318,1016013
1006318,1016014
1006318,1016015
1006318,1016016
1006318,1016017
1006318,1016018
1006318,1016019
1006318,1016020
1006318,1016021
1006318,1016022
1006318,1016023
1006318,1016024
1006318,1016025
1006318,1016026
1006318,1016027
1006318,1016028
1006318,1016029
1006318,1016030
1006318,1016031
1006318,1016032
1006318,1016033
1006318,1016034
1006318,1016035
1006318,1016036
1006318,1016037
1006318,1016038
1006318,1016039
1006318,1016040
1006318,1016041
1006318,1016042
1006318,1016043
1006318,1016044
1006318,1016045
1006318,1016046
1006318,1016047
1006318,1016048
1006318,1016049
1006318,1016050
1006318,1016051
1006318,1016052
1006318,1016053
1006318,1016054
1006318,1016055
1006318,1016056
1006318,1016057
1006318,1016058
1006318,1016059
1006318,1016060
1006318,1016061
1006318,1016062
1006318,1016063
1006318,1016064
1006318,1016065
1006318,1016066
1006318,1016067
1006318,1016068
1006318,1016069
1006318,1016070
1006318,1016071
1006318,1016072
1006318,1016073
1006318,1016074
1006318,1016075
1006318,1016076
1006318,1016077
1006318,1016078
1006318,1016079
1006318,1016080
1006318,1016081
1006318,1016082
1006318,1016083
1006318,1016084
1006318,1016085
1006318,1016086
1006318,1016087
1006318,1016088
1006318,1016089
1006318,1016090
1006318,1016091
1006318,1016092
1006318,1016093
1006318,1016094
1006318,1016095
1006318,1016096
1006318,1016097
1006318,1016098
1006318,1016099
1006318,1016100
1006318,1016101
1006318,1016102
1006318,1016103
1006318,1016104
1006318,1016105
1006318,1016106
1006318,1016107
1006318,1016108
1006318,1016109
1006318,1016110
1006318,1016111
1006318,1016112
1006318,1016113
1006318,1016114
1006318,1016115
1006318,1016116
1006318,1016117
1006318,1016118
1006318,1016119
1006318,1016120
1006318,1016121
1006318,1016122
1006318,1016123
1006318,1016124
1006318,1016125
1006318,1016126
1006318,1016127
1006318,1016128
1006318,1016129
1006318,1016130
1006318,1016131
1006318,1016132
1006318,1016133
1006318,1016134
1006318,1016135
1006318,1016136
1006318,1016137
1006318,1016138
1006318,1016139
1006318,1016140
1006318,1016141
1006318,1016142
1006318,1016143
1006318,1016144
1006318,1016145
1006318,1016146
1006318,1016147
1006318,1016148
1006318,1016149
1006318,1016150
1006318,1016151
1006318,1016152
1006318,1016153
1006318,1016154
1006318,1016155
1006318,1016156
1006318,1016157
1006318,1016158
1006318,1016159
1006318,1016160
1006318,1016161
1006318,1016162
1006318,1016163
1006318,1016164
1006318,1016165
1006318,1016166
1006318,1016167
1006318,1016168
1006318,1016169
1006318,1016170
1006318,1016171
1006318,1016172
1006318,1016173
1006318,1016174
1006318,1016175
1006318,1016176
1006318,1016177
1006318,1016178
1006318,1016179
1006318,1016180
1006318,1016181
1006318,1016182
1006318,1016183
1006318,1016184
1006318,1016185
1006318,1016186
1006318,1016187
1006318,1016188
1006318,1016189
1006318,1016190
1006318,1016191
1006318,1016192
1006318,1016193
1006318,1016194
1006318,1016195
1006318,1016196
1006318,1016197
1006318,1016198
1006318,1016199
1006318,1016200
1006318,1016201
1006318,1016202
1006318,1016203
1006318,1016204
1006318,1016205
1006318,1016206
1006318,1016207
1006318,1016208
1006318,1016209
1006318,1016210
1006318,1016211
1006318,1016212
1006318,1016213
1006318,1016214
1006318,1016215
1006318,1016216
1006318,1016217
1006318,1016218
1006318,1016219
1006318,1016220
1006318,1016221
1006318,1016222
1006318,1016223
1006318,1016224
1006318,1016225
1006318,1016226
1006318,1016227
1006318,1016228
1006318,1016229
1006318,1016230
1006318,1016231
1006318,1016232
1006318,1016233
1006318,1016234
1006318,1016235
1006318,1016236
1006318,1016237
1006318,1016238
1006318,1016239
1006318,1016240
1006318,1016241
1006318,1016242
1006318,1016243
1006318,1016244
1006318,1016245
1006318,1016246
1006318,1016247
1006318,1016248
1006318,1016249
1006318,1016250
1006318,1016251
1006318,1016252
1006318,1016253
1006318,1016254
1006318,1016255
1006318,1016256
1006318,1016257
1006318,1016258
1006318,1016259
1006318,1016260
1006318,1016261
1006318,1016262
1006318,1016263
1006318,1016264
1006318,1016265
1006318,1016266
1006318,1016267
1006318,1016268
1006318,1016269
1006318,1016270
1006318,1016271
1006318,1016272
1006318,1016273
1006318,1016274
1006318,1016275
1006318,1016276
1006318,1016277
1006318,1016278
1006318,1016279
1006318,1016280
1006318,1016281
1006318,1016282
1006318,1016283
1006318,1016284
1006318,1016285
1006318,1016286
1006318,1016287
1006318,1016288
1006318,1016289
1006318,1016290
1006318,1016291
1006318,1016292
1006318,1016293
1006318,1016294
1006318,1016295
1006318,1016296
1006318,1016297
1006318,1016298
1006318,1016299
1006318,1016300
1006318,1016301
1006318,1016302
1006318,1016303
1006318,1016304
1006318,1016305
1006318,1016306
1006318,1016307
1006318,1016308
1006318,1016309
1006318,1016310
1006318,1016311
1006318,1016312
1006318,1016313
1006318,1016314
1006318,1016315
1006318,1016316
1006318,1016317
1006318,1016318
1006318,1016319
1006318,1016320
1006318,1016321
1006318,1016322
1006318,1016323
1006318,1016324
1006318,1016325
1006318,1016326
1006318,1016327
1006318,1016328
1006318,1016329
1006318,1016330
1006318,1016331
1006318,1016332
1006318,1016333
1006318,1016334
1006318,1016335
1006318,1016336
1006318,1016337
1006318,1016338
1006318,1016339
1006318,1016340
1006318,1016341
1006318,1016342
1006318,1016343
1006318,1016344
1006318,1016345
1006318,1016346
1006318,1016347
1006318,1016348
1006318,1016349
1006318,1016350
1006318,1016351
1006318,1016352
1006318,1016353
1006318,1016354
1006318,1016355
1006318,1016356
1006318,1016357
1006318,1016358
1006318,1016359
1006318,1016360
1006318,1016361
1006318,1016362
1006318,1016363
1006318,1016364
1006318,1016365
1006318,1016366
1006318,1016367
1006318,1016368
1006318,1016369
1006318,1016370
1006318,1016371
1006318,1016372
1006318,1016373
1006318,1016374
1006318,1016375
1006318,1016376
1006318,1016377
1006318,1016378
1006318,1016379
1006318,1016380
1006318,1016381
1006318,1016382
1006318,1016383
1006318,1016384
1006318,1016385
1006318,1016386
1006318,1016387
1006318,1016388
1006318,1016389
1006318,1016390
1006318,1016391
1006318,1016392
1006318,1016393
1006318,1016394
1006318,1016395
1006318,1016396
1006318,1016397
1006318,1016398
1006318,1016399
1006318,1016400
1006318,1016401
1006318,1016402
1006318,1016403
1006318,1016404
1006318,1016405
1006318,1016406
1006318,1016407
1006318,1016408
1006318,1016409
1006318,1016410
1006318,1016411
1006318,1016412
1006318,1016413
1006318,1016414
1006318,1016415
1006318,1016416
1006318,1016417
1006318,1016418
1006318,1016419
1006318,1016420
1006318,1016421
1006318,1016422
1006318,1016423
1006318,1016424
1006318,1016425
1006318,1016426
1006318,1016427
1006318,1016428
1006318,1016429
1006318,1016430
1006318,1016431
1006318,1016432
1006318,1016433
1006318,1016434
1006318,1016435
1006318,1016436
1006318,1016437
1006318,1016438
1006318,1016439
1006318,1016440
1006318,1016441
1006318,1016442
1006318,1016443
1006318,1016444
1006318,1016445
1006318,1016446
1006318,1016447
1006318,1016448
1006318,1016449
1006318,1016450
1006318,1016451
1006318,1016452
1006318,1016453
1006318,1016454
1006318,1016455
1006318,1016456
1006318,1016457
1006318,1016458
1006318,1016459
1006318,1016460
1006318,1016461
1006318,1016462
1006318,1016463
1006318,1016464
1006318,1016465
1006318,1016466
1006318,1016467
1006318,1016468
1006318,1016469
1006318,1016470
1006318,1016471
1006318,1016472
1006318,1016473
1006318,1016474
1006318,1016475
1006318,1016476
1006318,1016477
1006318,1016478
1006318,1016479
1006318,1016480
1006318,1016481
1006318,1016482
1006318,1016483
1006318,1016484
1006318,1016485
1006318,1016486
1006318,1016487
1006318,1016488
1006318,1016489
1006318,1016490
1006318,1016491
1006318,1016492
1006318,1016493
1006318,1016494
1006318,1016495
1006318,1016496
1006318,1016497
1006318,1016498
1006318,1016499
1006318,1016500
1006318,1016501
1006318,1016502
1006318,1016503
1006318,1016504
1006318,1016505
1006318,1016506
1006318,1016507
1006318,1016508
1006318,1016509
1006318,1016510
1006318,1016511
1006318,1016512
1006318,1016513
1006318,1016514
1006318,1016515
1006318,1016516
1006318,1016517
1006318,1016518
1006318,1016519
1006318,1016520
1006318,1016521
1006318,1016522
1006318,1016523
1006318,1016524
1006318,1016525
1006318,1016526
1006318,1016527
1006318,1016528
1006318,1016529
1006318,1016530
1006318,1016531
1006318,1016532
1006318,1016533
1006318,1016534
1006318,1016535
1006318,1016536
1006318,1016537
1006318,1016538
1006318,1016539
1006318,1016540
1006318,1016541
1006318,1016542
1006318,1016543
1006318,1016544
1006318,1016545
1006318,1016546
1006318,1016547
1006318,1016548
1006318,1016549
1006318,1016550
1006318,1016551
1006318,1016552
1006318,1016553
1006318,1016554
1006318,1016555
1006318,1016556
1006318,1016557
1006318,1016558
1006318,1016559
1006318,1016560
1006318,1016561
1006318,1016562
1006318,1016563
1006318,1016564
1006318,1016565
1006318,1016566
1006318,1016567
1006318,1016568
1006318,1016569
1006318,1016570
1006318,1016571
1006318,1016572
1006318,1016573
1006318,1016574
1006318,1016575
1006318,1016576
1006318,1016577
1006318,1016578
1006318,1016579
1006318,1016580
1006318,1016581
1006318,1016582
1006318,1016583
1006318,1016584
1006318,1016585
1006318,1016586
1006318,1016587
1006318,1016588
1006318,1016589
1006318,1016590
1006318,1016591
1006318,1016592
1006318,1016593
1006318,1016594
1006318,1016595
1006318,1016596
1006318,1016597
1006318,1016598
1006318,1016599
1006318,1016600
1006318,1016601
1006318,1016602
1006318,1016603
1006318,1016604
1006318,1016605
1006318,1016606
1006318,1016607
1006318,1016608
1006318,1016609
1006318,1016610
1006318,1016611
1006318,1016612
1006318,1016613
1006318,1016614
1006318,1016615
1006318,1016616
1006318,1016617
1006318,1016618
1006318,1016619
1006318,1016620
1006318,1016621
1006318,1016622
1006318,1016623
1006318,1016624
1006318,1016625
1006318,1016626
1006318,1016627
1006318,1016628
1006318,1016629
1006318,1016630
1006318,1016631
1006318,1016632
1006318,1016633
1006318,1016634
1006318,1016635
1006318,1016636
1006318,1016637
1006318,1016638
1006318,1016639
1006318,1016640
1006318,1016641
1006318,1016642
1006318,1016643
1006318,1016644
1006318,1016645
1006318,1016646
1006318,1016647
1006318,1016648
1006318,1016649
1006318,1016650
1006318,1016651
1006318,1016652
1006318,1016653
1006318,1016654
1006318,1016655
1006318,1016656
1006318,1016657
1006318,1016658
1006318,1016659
1006318,1016660
1006318,1016661
1006318,1016662
1006318,1016663
1006318,1016664
1006318,1016665
1006318,1016666
1006318,1016667
1006318,1016668
1006318,1016669
1006318,1016670
1006318,1016671
1006318,1016672
1006318,1016673
1006318,1016674
1006318,1016675
1006318,1016676
1006318,1016677
1006318,1016678
1006318,1016679
1006318,1016680
1006318,1016681
1006318,1016682
1006318,1016683
1006318,1016684
1006318,1016685
1006318,1016686
1006318,1016687
1006318,1016688
1006318,1016689
1006318,1016690
1006318,1016691
1006318,1016692
1006318,1016693
1006318,1016694
1006318,1016695
1006318,1016696
1006318,1016697
1006318,1016698
1006318,1016699
1006318,1016700
1006318,1016701
1006318,1016702
1006318,1016703
1006318,1016704
1006318,1016705
1006318,1016706
1006318,1016707
1006318,1016708
1006318,1016709
1006318,1016710
1006318,1016711
1006318,1016712
1006318,1016713
1006318,1016714
1006318,1016715
1006318,1016716
1006318,1016717
1006318,1016718
1006318,1016719
1006318,1016720
1006318,1016721
1006318,1016722
1006318,1016723
1006318,1016724
1006318,1016725
1006318,1016726
1006318,1016727
1006318,1016728
1006318,1016729
1006318,1016730
1006318,1016731
1006318,1016732
1006318,1016733
1006318,1016734
1006318,1016735
1006318,1016736
1006318,1016737
1006318,1016738
1006318,1016739
1006318,1016740
1006318,1016741
1006318,1016742
1006318,1016743
1006318,1016744
1006318,1016745
1006318,1016746
1006318,1016747
1006318,1016748
1006318,1016749
1006318,1016750
1006318,1016751
1006318,1016752
1006318,1016753
1006318,1016754
1006318,1016755
1006318,1016756
1006318,1016757
1006318,1016758
1006318,1016759
1006318,1016760
1006318,1016761
1006318,1016762
1006318,1016763
1006318,1016764
1006318,1016765
1006318,1016766
1006318,1016767
1006318,1016768
1006318,1016769
1006318,1016770
1006318,1016771
1006318,1016772
1006318,1016773
1006318,1016774
1006318,1016775
1006318,1016776
1006318,1016777
1006318,1016778
1006318,1016779
1006318,1016780
1006318,1016781
1006318,1016782
1006318,1016783
1006318,1016784
1006318,1016785
1006318,1016786
1006318,1016787
1006318,1016788
1006318,1016789
1006318,1016790
1006318,1016791
1006318,1016792
1006318,1016793
1006318,1016794
1006318,1016795
1006318,1016796
1006318,1016797
1006318,1016798
1006318,1016799
1006318,1016800
1006318,1016801
1006318,1016802
1006318,1016803
1006318,1016804
1006318,1016805
1006318,1016806
1006318,1016807
1006318,1016808
1006318,1016809
1006318,1016810
1006318,1016811
1006318,1016812
1006318,1016813
1006318,1016814
1006318,1016815
1006318,1016816
1006318,1016817
1006318,1016818
1006318,1016819
1006318,1016820
1006318,1016821
1006318,1016822
1006318,1016823
1006318,1016824
1006318,1016825
1006318,1016826
1006318,1016827
1006318,1016828
1006318,1016829
1006318,1016830
1006318,1016831
1006318,1016832
1006318,1016833
1006318,1016834
1006318,1016835
1006318,1016836
1006318,1016837
1006318,1016838
1006318,1016839
1006318,1016840
1006318,1016841
1006318,1016842
1006318,1016843
1006318,1016844
1006318,1016845
1006318,1016846
1006318,1016847
1006318,1016848
1006318,1016849
1006318,1016850
1006318,1016851
1006318,1016852
1006318,1016853
1006318,1016854
1006318,1016855
1006318,1016856
1006318,1016857
1006318,1016858
1006318,1016859
1006318,1016860
1006318,1016861
1006318,1016862
1006318,1016863
1006318,1016864
1006318,1016865
1006318,1016866
1006318,1016867
1006318,1016868
1006318,1016869
1006318,1016870
1006318,1016871
1006318,1016872
1006318,1016873
1006318,1016874
1006318,1016875
1006318,1016876
1006318,1016877
1006318,1016878
1006318,1016879
1006318,1016880
1006318,1016881
1006318,1016882
1006318,1016883
1006318,1016884
1006318,1016885
1006318,1016886
1006318,1016887
1006318,1016888
1006318,1016889
1006318,1016890
1006318,1016891
1006318,1016892
1006318,1016893
1006318,1016894
1006318,1016895
1006318,1016896
1006318,1016897
1006318,1016898
1006318,1016899
1006318,1016900
1006318,1016901
1006318,1016902
1006318,1016903
1006318,1016904
1006318,1016905
1006318,1016906
1006318,1016907
1006318,1016908
1006318,1016909
1006318,1016910
1006318,1016911
1006318,1016912
1006318,1016913
1006318,1016914
1006318,1016915
1006318,1016916
1006318,1016917
1006318,1016918
1006318,1016919
1006318,1016920
1006318,1016921
1006318,1016922
1006318,1016923
1006318,1016924
1006318,1016925
1006318,1016926
1006318,1016927
1006318,1016928
1006318,1016929
1006318,1016930
1006318,1016931
1006318,1016932
1006318,1016933
1006318,1016934
1006318,1016935
1006318,1016936
1006318,1016937
1006318,1016938
1006318,1016939
1006318,1016940
1006318,1016941
1006318,1016942
1006318,1016943
1006318,1016944
1006318,1016945
1006318,1016946
1006318,1016947
1006318,1016948
1006318,1016949
1006318,1016950
1006318,1016951
1006318,1016952
1006318,1016953
1006318,1016954
1006318,1016955
1006318,1016956
1006318,1016957
1006318,1016958
1006318,1016959
1006318,1016960
1006318,1016961
1006318,1016962
1006318,1016963
1006318,1016964
1006318,1016965
1006318,1016966
1006318,1016967
1006318,1016968
1006318,1016969
1006318,1016970
1006318,1016971
1006318,1016972
1006318,1016973
1006318,1016974
1006318,1016975
1006318,1016976
1006318,1016977
1006318,1016978
1006318,1016979
1006318,1016980
1006318,1016981
1006318,1016982
1006318,1016983
1006318,1016984
1006318,1016985
1006318,1016986
1006318,1016987
1006318,1016988
1006318,1016989
1006318,1016990
1006318,1016991
1006318,1016992
1006318,1016993
1006318,1016994
1006318,1016995
1006318,1016996
1006318,1016997
1006318,1016998
1006318,1016999
1006318,1017000
1006318,1017001
1006318,1017002
1006318,1017003
1006318,1017004
1006318,1017005
1006318,1017006
1006318,1017007
1006318,1017008
1006318,1017009
1006318,1017010
1006318,1017011
1006318,1017012
1006318,1017013
1006318,1017014
1006318,1017015
1006318,1017016
1006318,1017017
1006318,1017018
1006318,1017019
1006318,1017020
1006318,1017021
1006318,1017022
1006318,1017023
1006318,1017024
1006318,1017025
1006318,1017026
1006318,1017027
1006318,1017028
1006318,1017029
1006318,1017030
1006318,1017031
1006318,1017032
1006318,1017033
1006318,1017034
1006318,1017035
1006318,1017036
1006318,1017037
1006318,1017038
1006318,1017039
1006318,1017040
1006318,1017041
1006318,1017042
1006318,1017043
1006318,1017044
1006318,1017045
1006318,1017046
1006318,1017047
1006318,1017048
1006318,1017049
1006318,1017050
1006318,1017051
1006318,1017052
1006318,1017053
1006318,1017054
1006318,1017055
1006318,1017056
1006318,1017057
1006318,1017058
1006318,1017059
1006318,1017060
1006318,1017061
1006318,1017062
1006318,1017063
1006318,1017064
1006318,1017065
1006318,1017066
1006318,1017067
1006318,1017068
1006318,1017069
1006318,1017070
1006318,1017071
1006318,1017072
1006318,1017073
1006318,1017074
1006318,1017075
1006318,1017076
1006318,1017077
1006318,1017078
1006318,1017079
1006318,1017080
1006318,1017081
1006318,1017082
1006318,1017083
1006318,1017084
1006318,1017085
1006318,1017086
1006318,1017087
1006318,1017088
1006318,1017089
1006318,1017090
1006318,1017091
1006318,1017092
1006318,1017093
1006318,1017094
1006318,1017095
1006318,1017096
1006318,1017097
1006318,1017098
1006318,1017099
1006318,1017100
1006318,1017101
1006318,1017102
1006318,1017103
1006318,1017104
1006318,1017105
1006318,1017106
1006318,1017107
1006318,1017108
1006318,1017109
1006318,1017110
1006318,1017111
1006318,1017112
1006318,1017113
1006318,1017114
1006318,1017115
1006318,1017116
1006318,1017117
1006318,1017118
1006318,1017119
1006318,1017120
1006318,1017121
1006318,1017122
1006318,1017123
1006318,1017124
1006318,1017125
1006318,1017126
1006318,1017127
1006318,1017128
1006318,1017129
1006318,1017130
1006318,1017131
1006318,1017132
1006318,1017133
1006318,1017134
1006318,1017135
1006318,1017136
1006318,1017137
1006318,1017138
1006318,1017139
1006318,1017140
1006318,1017141
1006318,1017142
1006318,1017143
1006318,1017144
1006318,1017145
1006318,1017146
1006318,1017147
1006318,1017148
1006318,1017149
1006318,1017150
1006318,1017151
1006318,1017152
1006318,1017153
1006318,1017154
1006318,1017155
1006318,1017156
1006318,1017157
1006318,1017158
1006318,1017159
1006318,1017160
1006318,1017161
1006318,1017162
1006318,1017163
1006318,1017164
1006318,1017165
1006318,1017166
1006318,1017167
1006318,1017168
1006318,1017169
1006318,1017170
1006318,1017171
1006318,1017172
1006318,1017173
1006318,1017174
1006318,1017175
1006318,1017176
1006318,1017177
1006318,1017178
1006318,1017179
1006318,1017180
1006318,1017181
1006318,1017182
1006318,1017183
1006318,1017184
1006318,1017185
1006318,1017186
1006318,1017187
1006318,1017188
1006318,1017189
1006318,1017190
1006318,1017191
1006318,1017192
1006318,1017193
1006318,1017194
1006318,1017195
1006318,1017196
1006318,1017197
1006318,1017198
1006318,1017199
1006318,1017200
1006318,1017201
1006318,1017202
1006318,1017203
1006318,1017204
1006318,1017205
1006318,1017206
1006318,1017207
1006318,1017208
1006318,1017209
1006318,1017210
1006318,1017211
1006318,1017212
1006318,1017213
1006318,1017214
1006318,1017215
1006318,1017216
1006318,1017217
1006318,1017218
1006318,1017219
1006318,1017220
1006318,1017221
1006318,1017222
1006318,1017223
1006318,1017224
1006318,1017225
1006318,1017226
1006318,1017227
1006318,1017228
1006318,1017229
1006318,1017230
1006318,1017231
1006318,1017232
1006318,1017233
1006318,1017234
1006318,1017235
1006318,1017236
1006318,1017237
1006318,1017238
1006318,1017239
1006318,1017240
1006318,1017241
1006318,1017242
1006318,1017243
1006318,1017244
1006318,1017245
1006318,1017246
1006318,1017247
1006318,1017248
1006318,1017249
1006318,1017250
1006318,1017251
1006318,1017252
1006318,1017253
1006318,1017254
1006318,1017255
1006318,1017256
1006318,1017257
1006318,1017258
1006318,1017259
1006318,1017260
1006318,1017261
1006318,1017262
1006318,1017263
1006318,1017264
1006318,1017265
1006318,1017266
1006318,1017267
1006318,1017268
1006318,1017269
1006318,1017270
1006318,1017271
1006318,1017272
1006318,1017273
1006318,1017274
1006318,1017275
1006318,1017276
1006318,1017277
1006318,1017278
1006318,1017279
1006318,1017280
1006318,1017281
1006318,1017282
1006318,1017283
1006318,1017284
1006318,1017285
1006318,1017286
1006318,1017287
1006318,1017288
1006318,1017289
1006318,1017290
1006318,1017291
1006318,1017292
1006318,1017293
1006318,1017294
1006318,1017295
1006318,1017296
1006318,1017297
1006318,1017298
1006318,1017299
1006318,1017300
1006318,1017301
1006318,1017302
1006318,1017303
1006318,1017304
1006318,1017305
1006318,1017306
1006318,1017307
1006318,1017308
1006318,1017309
1006318,1017310
1006318,1017311
1006318,1017312
1006318,1017313
1006318,1017314
1006318,1017315
1006318,1017316
1006318,1017317
1006318,1017318
1006318,1017319
1006318,1017320
1006318,1017321
1006318,1017322
1006318,1017323
1006318,1017324
1006318,1017325
1006318,1017326
1006318,1017327
1006318,1017328
1006318,1017329
1006318,1017330
1006318,1017331
1006318,1017332
1006318,1017333
1006318,1017334
1006318,1017335
1006318,1017336
1006318,1017337
1006318,1017338
1006318,1017339
1006318,1017340
1006318,1017341
1006318,1017342
1006318,1017343
1006318,1017344
1006318,1017345
1006318,1017346
1006318,1017347
1006318,1017348
1006318,1017349
1006318,1017350
1006318,1017351
1006318,1017352
1006318,1017353
1006318,1017354
1006318,1017355
1006318,1017356
1006318,1017357
1006318,1017358
1006318,1017359
1006318,1017360
1006318,1017361
1006318,1017362
1006318,1017363
1006318,1017364
1006318,1017365
1006318,1017366
1006318,1017367
1006318,1017368
1006318,1017369
1006318,1017370
1006318,1017371
1006318,1017372
1006318,1017373
1006318,1017374
1006318,1017375
1006318,1017376
1006318,1017377
1006318,1017378
1006318,1017379
1006318,1017380
1006318,1017381
1006318,1017382
1006318,1017383
1006318,1017384
1006318,1017385
1006318,1017386
1006318,1017387
1006318,1017388
1006318,1017389
1006318,1017390
1006318,1017391
1006318,1017392
1006318,1017393
1006318,1017394
1006318,1017395
1006318,1017396
1006318,1017397
1006318,1017398
1006318,1017399
1006318,1017400
1006318,1017401
1006318,1017402
1006318,1017403
1006318,1017404
1006318,1017405
1006318,1017406
1006318,1017407
1006318,1017408
1006318,1017409
1006318,1017410
1006318,1017411
1006318,1017412
1006318,1017413
1006318,1017414
1006318,1017415
1006318,1017416
1006318,1017417
1006318,1017418
1006318,1017419
1006318,1017420
1006318,1017421
1006318,1017422
1006318,1017423
1006318,1017424
1006318,1017425
1006318,1017426
1006318,1017427
1006318,1017428
1006318,1017429
1006318,1017430
1006318,1017431
1006318,1017432
1006318,1017433
1006318,1017434
1006318,1017435
1006318,1017436
1006318,1017437
1006318,1017438
1006318,1017439
1006318,1017440
1006318,1017441
1006318,1017442
1006318,1017443
1006318,1017444
1006318,1017445
1006318,1017446
1006318,1017447
1006318,1017448
1006318,1017449
1006318,1017450
1006318,1017451
1006318,1017452
1006318,1017453
1006318,1017454
1006318,1017455
1006318,1017456
1006318,1017457
1006318,1017458
1006318,1017459
1006318,1017460
1006318,1017461
1006318,1017462
1006318,1017463
1006318,1017464
1006318,1017465
1006318,1017466
1006318,1017467
1006318,1017468
1006318,1017469
1006318,1017470
1006318,1017471
1006318,1017472
1006318,1017473
1006318,1017474
1006318,1017475
1006318,1017476
1006318,1017477
1006318,1017478
1006318,1017479
1006318,1017480
1006318,1017481
1006318,1017482
1006318,1017483
1006318,1017484
1006318,1017485
1006318,1017486
1006318,1017487
1006318,1017488
1006318,1017489
1006318,1017490
1006318,1017491
1006318,1017492
1006318,1017493
1006318,1017494
1006318,1017495
1006318,1017496
1006318,1017497
1006318,1017498
1006318,1017499
1006318,1017500
1006318,1017501
1006318,1017502
1006318,1017503
1006318,1017504
1006318,1017505
1006318,1017506
1006318,1017507
1006318,1017508
1006318,1017509
1006318,1017510
1006318,1017511
1006318,1017512
1006318,1017513
1006318,1017514
1006318,1017515
1006318,1017516
1006318,1017517
1006318,1017518
1006318,1017519
1006318,1017520
1006318,1017521
1006318,1017522
1006318,1017523
1006318,1017524
1006318,1017525
1006318,1017526
1006318,1017527
1006318,1017528
1006318,1017529
1006318,1017530
1006318,1017531
1006318,1017532
1006318,1017533
1006318,1017534
1006318,1017535
1006318,1017536
1006318,1017537
1006318,1017538
1006318,1017539
1006318,1017540
1006318,1017541
1006318,1017542
1006318,1017543
1006318,1017544
1006318,1017545
1006318,1017546
1006318,1017547
1006318,1017548
1006318,1017549
1006318,1017550
1006318,1017551
1006318,1017552
1006318,1017553
1006318,1017554
1006318,1017555
1006318,1017556
1006318,1017557
1006318,1017558
1006318,1017559
1006318,1017560
1006318,1017561
1006318,1017562
1006318,1017563
1006318,1017564
1006318,1017565
1006318,1017566
1006318,1017567
1006318,1017568
1006318,1017569
1006318,1017570
1006318,1017571
1006318,1017572
1006318,1017573
1006318,1017574
1006318,1017575
1006318,1017576
1006318,1017577
1006318,1017578
1006318,1017579
1006318,1017580
1006318,1017581
1006318,1017582
1006318,1017583
1006318,1017584
1006318,1017585
1006318,1017586
1006318,1017587
1006318,1017588
1006318,1017589
1006318,1017590
1006318,1017591
1006318,1017592
1006318,1017593
1006318,1017594
1006318,1017595
1006318,1017596
1006318,1017597
1006318,1017598
1006318,1017599
1006318,1017600
1006318,1017601
1006318,1017602
1006318,1017603
1006318,1017604
1006318,1017605
1006318,1017606
1006318,1017607
1006318,1017608
1006318,1017609
1006318,1017610
1006318,1017611
1006318,1017612
1006318,1017613
1006318,1017614
1006318,1017615
1006318,1017616
1006318,1017617
1006318,1017618
1006318,1017619
1006318,1017620
1006318,1017621
1006318,1017622
1006318,1017623
1006318,1017624
1006318,1017625
1006318,1017626
1006318,1017627
1006318,1017628
1006318,1017629
1006318,1017630
1006318,1017631
1006318,1017632
1006318,1017633
1006318,1017634
1006318,1017635
1006318,1017636
1006318,1017637
1006318,1017638
1006318,1017639
1006318,1017640
1006318,1017641
1006318,1017642
1006318,1017643
1006318,1017644
1006318,1017645
1006318,1017646
1006318,1017647
1006318,1017648
1006318,1017649
1006318,1017650
1006318,1017651
1006318,1017652
1006318,1017653
1006318,1017654
1006318,1017655
1006318,1017656
1006318,1017657
1006318,1017658
1006318,1017659
1006318,1017660
1006318,1017661
1006318,1017662
1006318,1017663
1006318,1017664
1006318,1017665
1006318,1017666
1006318,1017667
1006318,1017668
1006318,1017669
1006318,1017670
1006318,1017671
1006318,1017672
1006318,1017673
1006318,1017674
1006318,1017675
1006318,1017676
1006318,1017677
1006318,1017678
1006318,1017679
1006318,1017680
1006318,1017681
1006318,1017682
1006318,1017683
1006318,1017684
1006318,1017685
1006318,1017686
1006318,1017687
1006318,1017688
1006318,1017689
1006318,1017690
1006318,1017691
1006318,1017692
1006318,1017693
1006318,1017694
1006318,1017695
1006318,1017696
1006318,1017697
1006318,1017698
1006318,1017699
1006318,1017700
1006318,1017701
1006318,1017702
1006318,1017703
1006318,1017704
1006318,1017705
1006318,1017706
1006318,1017707
1006318,1017708
1006318,1017709
1006318,1017710
1006318,1017711
1006318,1017712
1006318,1017713
1006318,1017714
1006318,1017715
1006318,1017716
1006318,1017717
1006318,1017718
1006318,1017719
1006318,1017720
1006318,1017721
1006318,1017722
1006318,1017723
1006318,1017724
1006318,1017725
1006318,1017726
1006318,1017727
1006318,1017728
1006318,1017729
1006318,1017730
1006318,1017731
1006318,1017732
1006318,1017733
1006318,1017734
1006318,1017735
1006318,1017736
1006318,1017737
1006318,1017738
1006318,1017739
1006318,1017740
1006318,1017741
1006318,1017742
1006318,1017743
1006318,1017744
1006318,1017745
1006318,1017746
1006318,1017747
1006318,1017748
1006318,1017749
1006318,1017750
1006318,1017751
1006318,1017752
1006318,1017753
1006318,1017754
1006318,1017755
1006318,1017756
1006318,1017757
1006318,1017758
1006318,1017759
1006318,1017760
1006318,1017761
1006318,1017762
1006318,1017763
1006318,1017764
1006318,1017765
1006318,1017766
1006318,1017767
1006318,1017768
1006318,1017769
1006318,1017770
1006318,1017771
1006318,1017772
1006318,1017773
1006318,1017774
1006318,1017775
1006318,1017776
1006318,1017777
1006318,1017778
1006318,1017779
1006318,1017780
1006318,1017781
1006318,1017782
1006318,1017783
1006318,1017784
1006318,1017785
1006318,1017786
1006318,1017787
1006318,1017788
1006318,1017789
1006318,1017790
1006318,1017791
1006318,1017792
1006318,1017793
1006318,1017794
1006318,1017795
1006318,1017796
1006318,1017797
1006318,1017798
1006318,1017799
1006318,1017800
1006318,1017801
1006318,1017802
1006318,1017803
1006318,1017804
1006318,1017805
1006318,1017806
1006318,1017807
1006318,1017808
1006318,1017809
1006318,1017810
1006318,1017811
1006318,1017812
1006318,1017813
1006318,1017814
1006318,1017815
1006318,1017816
1006318,1017817
1006318,1017818
1006318,1017819
1006318,1017820
1006318,1017821
1006318,1017822
1006318,1017823
1006318,1017824
1006318,1017825
1006318,1017826
1006318,1017827
1006318,1017828
1006318,1017829
1006318,1017830
1006318,1017831
1006318,1017832
1006318,1017833
1006318,1017834
1006318,1017835
1006318,1017836
1006318,1017837
1006318,1017838
1006318,1017839
1006318,1017840
1006318,1017841
1006318,1017842
1006318,1017843
1006318,1017844
1006318,1017845
1006318,1017846
1006318,1017847
1006318,1017848
1006318,1017849
1006318,1017850
1006318,1017851
1006318,1017852
1006318,1017853
1006318,1017854
1006318,1017855
1006318,1017856
1006318,1017857
1006318,1017858
1006318,1017859
1006318,1017860
1006318,1017861
1006318,1017862
1006318,1017863
1006318,1017864
1006318,1017865
1006318,1017866
1006318,1017867
1006318,1017868
1006318,1017869
1006318,1017870
1006318,1017871
1006318,1017872
1006318,1017873
1006318,1017874
1006318,1017875
1006318,1017876
1006318,1017877
1006318,1017878
1006318,1017879
1006318,1017880
1006318,1017881
1006318,1017882
1006318,1017883
1006318,1017884
1006318,1017885
1006318,1017886
1006318,1017887
1006318,1017888
1006318,1017889
1006318,1017890
1006318,1017891
1006318,1017892
1006318,1017893
1006318,1017894
1006318,1017895
1006318,1017896
1006318,1017897
1006318,1017898
1006318,1017899
1006318,1017900
1006318,1017901
1006318,1017902
1006318,1017903
1006318,1017904
1006318,1017905
1006318,1017906
1006318,1017907
1006318,1017908
1006318,1017909
1006318,1017910
1006318,1017911
1006318,1017912
1006318,1017913
1006318,1017914
1006318,1017915
1006318,1017916
1006318,1017917
1006318,1017918
1006318,1017919
1006318,1017920
1006318,1017921
1006318,1017922
1006318,1017923
1006318,1017924
1006318,1017925
1006318,1017926
1006318,1017927
1006318,1017928
1006318,1017929
1006318,1017930
1006318,1017931
1006318,1017932
1006318,1017933
1006318,1017934
1006318,1017935
1006318,1017936
1006318,1017937
1006318,1017938
1006318,1017939
1006318,1017940
1006318,1017941
1006318,1017942
1006318,1017943
1006318,1017944
1006318,1017945
1006318,1017946
1006318,1017947
1006318,1017948
1006318,1017949
1006318,1017950
1006318,1017951
1006318,1017952
1006318,1017953
1006318,1017954
1006318,1017955
1006318,1017956
1006318,1017957
1006318,1017958
1006318,1017959
1006318,1017960
1006318,1017961
1006318,1017962
1006318,1017963
1006318,1017964
1006318,1017965
1006318,1017966
1006318,1017967
1006318,1017968
1006318,1017969
1006318,1017970
1006318,1017971
1006318,1017972
1006318,1017973
1006318,1017974
1006318,1017975
1006318,1017976
1006318,1017977
1006318,1017978
1006318,1017979
1006318,1017980
1006318,1017981
1006318,1017982
1006318,1017983
1006318,1017984
1006318,1017985
1006318,1017986
1006318,1017987
1006318,1017988
1006318,1017989
1006318,1017990
1006318,1017991
1006318,1017992
1006318,1017993
1006318,1017994
1006318,1017995
1006318,1017996
1006318,1017997
1006318,1017998
1006318,1017999
1006318,1018000
1006318,1018001
1006318,1018002
1006318,1018003
1006318,1018004
1006318,1018005
1006318,1018006
1006318,1018007
1006318,1018008
1006318,1018009
1006318,1018010
1006318,1018011
1006318,1018012
1006318,1018013
1006318,1018014
1006318,1018015
1006318,1018016
1006318,1018017
1006318,1018018
1006318,1018019
1006318,1018020
1006318,1018021
1006318,1018022
1006318,1018023
1006318,1018024
1006318,1018025
1006318,1018026
1006318,1018027
1006318,1018028
1006318,1018029
1006318,1018030
1006318,1018031
1006318,1018032
1006318,1018033
1006318,1018034
1006318,1018035
1006318,1018036
1006318,1018037
1006318,1018038
1006318,1018039
1006318,1018040
1006318,1018041
1006318,1018042
1006318,1018043
1006318,1018044
1006318,1018045
1006318,1018046
1006318,1018047
1006318,1018048
1006318,1018049
1006318,1018050
1006318,1018051
1006318,1018052
1006318,1018053
1006318,1018054
1006318,1018055
1006318,1018056
1006318,1018057
1006318,1018058
1006318,1018059
1006318,1018060
1006318,1018061
1006318,1018062
1006318,1018063
1006318,1018064
1006318,1018065
1006318,1018066
1006318,1018067
1006318,1018068
1006318,1018069
1006318,1018070
1006318,1018071
1006318,1018072
1006318,1018073
1006318,1018074
1006318,1018075
1006318,1018076
1006318,1018077
1006318,1018078
1006318,1018079
1006318,1018080
1006318,1018081
1006318,1018082
1006318,1018083
1006318,1018084
1006318,1018085
1006318,1018086
1006318,1018087
1006318,1018088
1006318,1018089
1006318,1018090
1006318,1018091
1006318,1018092
1006318,1018093
1006318,1018094
1006318,1018095
1006318,1018096
1006318,1018097
1006318,1018098
1006318,1018099
1006318,1018100
1006318,1018101
1006318,1018102
1006318,1018103
1006318,1018104
1006318,1018105
1006318,1018106
1006318,1018107
1006318,1018108
1006318,1018109
1006318,1018110
1006318,1018111
1006318,1018112
1006318,1018113
1006318,1018114
1006318,1018115
1006318,1018116
1006318,1018117
1006318,1018118
1006318,1018119
1006318,1018120
1006318,1018121
1006318,1018122
1006318,1018123
1006318,1018124
1006318,1018125
1006318,1018126
1006318,1018127
1006318,1018128
1006318,1018129
1006318,1018130
1006318,1018131
1006318,1018132
1006318,1018133
1006318,1018134
1006318,1018135
1006318,1018136
1006318,1018137
1006318,1018138
1006318,1018139
1006318,1018140
1006318,1018141
1006318,1018142
1006318,1018143
1006318,1018144
1006318,1018145
1006318,1018146
1006318,1018147
1006318,1018148
1006318,1018149
1006318,1018150
1006318,1018151
1006318,1018152
1006318,1018153
1006318,1018154
1006318,1018155
1006318,1018156
1006318,1018157
1006318,1018158
1006318,1018159
1006318,1018160
1006318,1018161
1006318,1018162
1006318,1018163
1006318,1018164
1006318,1018165
1006318,1018166
1006318,1018167
1006318,1018168
1006318,1018169
1006318,1018170
1006318,1018171
1006318,1018172
1006318,1018173
1006318,1018174
1006318,1018175
1006318,1018176
1006318,1018177
1006318,1018178
1006318,1018179
1006318,1018180
1006318,1018181
1006318,1018182
1006318,1018183
1006318,1018184
1006318,1018185
1006318,1018186
1006318,1018187
1006318,1018188
1006318,1018189
1006318,1018190
1006318,1018191
1006318,1018192
1006318,1018193
1006318,1018194
1006318,1018195
1006318,1018196
1006318,1018197
1006318,1018198
1006318,1018199
1006318,1018200
1006318,1018201
1006318,1018202
1006318,1018203
1006318,1018204
1006318,1018205
1006318,1018206
1006318,1018207
1006318,1018208
1006318,1018209
1006318,1018210
1006318,1018211
1006318,1018212
1006318,1018213
1006318,1018214
1006318,1018215
1006318,1018216
1006318,1018217
1006318,1018218
1006318,1018219
1006318,1018220
1006318,1018221
1006318,1018222
1006318,1018223
1006318,1018224
1006318,1018225
1006318,1018226
1006318,1018227
1006318,1018228
1006318,1018229
1006318,1018230
1006318,1018231
1006318,1018232
1006318,1018233
1006318,1018234
1006318,1018235
1006318,1018236
1006318,1018237
1006318,1018238
1006318,1018239
1006318,1018240
1006318,1018241
1006318,1018242
1006318,1018243
1006318,1018244
1006318,1018245
1006318,1018246
1006318,1018247
1006318,1018248
1006318,1018249
1006318,1018250
1006318,1018251
1006318,1018252
1006318,1018253
1006318,1018254
1006318,1018255
1006318,1018256
1006318,1018257
1006318,1018258
1006318,1018259
1006318,1018260
1006318,1018261
1006318,1018262
1006318,1018263
1006318,1018264
1006318,1018265
1006318,1018266
1006318,1018267
1006318,1018268
1006318,1018269
1006318,1018270
1006318,1018271
1006318,1018272
1006318,1018273
1006318,1018274
1006318,1018275
1006318,1018276
1006318,1018277
1006318,1018278
1006318,1018279
1006318,1018280
1006318,1018281
1006318,1018282
1006318,1018283
1006318,1018284
1006318,1018285
1006318,1018286
1006318,1018287
1006318,1018288
1006318,1018289
1006318,1018290
1006318,1018291
1006318,1018292
1006318,1018293
1006318,1018294
1006318,1018295
1006318,1018296
1006318,1018297
1006318,1018298
1006318,1018299
1006318,1018300
1006318,1018301
1006318,1018302
1006318,1018303
1006318,1018304
1006318,1018305
1006318,1018306
1006318,1018307
1006318,1018308
1006318,1018309
1006318,1018310
1006318,1018311
1006318,1018312
1006318,1018313
1006318,1018314
1006318,1018315
1006318,1018316
1006318,1018317
1006318,1018318
1006318,1018319
1006318,1018320
1006318,1018321
1006318,1018322
1006318,1018323
1006318,1018324
1006318,1018325
1006318,1018326
1006318,1018327
1006318,1018328
1006318,1018329
1006318,1018330
1006318,1018331
1006318,1018332
1006318,1018333
1006318,1018334
1006318,1018335
1006318,1018336
1006318,1018337
1006318,1018338
1006318,1018339
1006318,1018340
1006318,1018341
1006318,1018342
1006318,1018343
1006318,1018344
1006318,1018345
1006318,1018346
1006318,1018347
1006318,1018348
1006318,1018349
1006318,1018350
1006318,1018351
1006318,1018352
1006318,1018353
1006318,1018354
1006318,1018355
1006318,1018356
1006318,1018357
1006318,1018358
1006318,1018359
1006318,1018360
1006318,1018361
1006318,1018362
1006318,1018363
1006318,1018364
1006318,1018365
1006318,1018366
1006318,1018367
1006318,1018368
1006318,1018369
1006318,1018370
1006318,1018371
1006318,1018372
1006318,1018373
1006318,1018374
1006318,1018375
1006318,1018376
1006318,1018377
1006318,1018378
1006318,1018379
1006318,1018380
1006318,1018381
1006318,1018382
1006318,1018383
1006318,1018384
1006318,1018385
1006318,1018386
1006318,1018387
1006318,1018388
1006318,1018389
1006318,1018390
1006318,1018391
1006318,1018392
1006318,1018393
1006318,1018394
1006318,1018395
1006318,1018396
1006318,1018397
1006318,1018398
1006318,1018399
1006318,1018400
1006318,1018401
1006318,1018402
1006318,1018403
1006318,1018404
1006318,1018405
1006318,1018406
1006318,1018407
1006318,1018408
1006318,1018409
1006318,1018410
1006318,1018411
1006318,1018412
1006318,1018413
1006318,1018414
1006318,1018415
1006318,1018416
1006318,1018417
1006318,1018418
1006318,1018419
1006318,1018420
1006318,1018421
1006318,1018422
1006318,1018423
1006318,1018424
1006318,1018425
1006318,1018426
1006318,1018427
1006318,1018428
1006318,1018429
1006318,1018430
1006318,1018431
1006318,1018432
1006318,1018433
1006318,1018434
1006318,1018435
1006318,1018436
1006318,1018437
1006318,1018438
1006318,1018439
1006318,1018440
1006318,1018441
1006318,1018442
1006318,1018443
1006318,1018444
1006318,1018445
1006318,1018446
1006318,1018447
1006318,1018448
1006318,1018449
1006318,1018450
1006318,1018451
1006318,1018452
1006318,1018453
1006318,1018454
1006318,1018455
1006318,1018456
1006318,1018457
1006318,1018458
1006318,1018459
1006318,1018460
1006318,1018461
1006318,1018462
1006318,1018463
1006318,1018464
1006318,1018465
1006318,1018466
1006318,1018467
1006318,1018468
1006318,1018469
1006318,1018470
1006318,1018471
1006318,1018472
1006318,1018473
1006318,1018474
1006318,1018475
1006318,1018476
1006318,1018477
1006318,1018478
1006318,1018479
1006318,1018480
1006318,1018481
1006318,1018482
1006318,1018483
1006318,1018484
1006318,1018485
1006318,1018486
1006318,1018487
1006318,1018488
1006318,1018489
1006318,1018490
1006318,1018491
1006318,1018492
1006318,1018493
1006318,1018494
1006318,1018495
1006318,1018496
1006318,1018497
1006318,1018498
1006318,1018499
1006318,1018500
1006318,1018501
1006318,1018502
1006318,1018503
1006318,1018504
1006318,1018505
1006318,1018506
1006318,1018507
1006318,1018508
1006318,1018509
1006318,1018510
1006318,1018511
1006318,1018512
1006318,1018513
1006318,1018514
1006318,1018515
1006318,1018516
1006318,1018517
1006318,1018518
1006318,1018519
1006318,1018520
1006318,1018521
1006318,1018522
1006318,1018523
1006318,1018524
1006318,1018525
1006318,1018526
1006318,1018527
1006318,1018528
1006318,1018529
1006318,1018530
1006318,1018531
1006318,1018532
1006318,1018533
1006318,1018534
1006318,1018535
1006318,1018536
1006318,1018537
1006318,1018538
1006318,1018539
1006318,1018540
1006318,1018541
1006318,1018542
1006318,1018543
1006318,1018544
1006318,1018545
1006318,1018546
1006318,1018547
1006318,1018548
1006318,1018549
1006318,1018550
1006318,1018551
1006318,1018552
1006318,1018553
1006318,1018554
1006318,1018555
1006318,1018556
1006318,1018557
1006318,1018558
1006318,1018559
1006318,1018560
1006318,1018561
1006318,1018562
1006318,1018563
1006318,1018564
1006318,1018565
1006318,1018566
1006318,1018567
1006318,1018568
1006318,1018569
1006318,1018570
1006318,1018571
1006318,1018572
1006318,1018573
1006318,1018574
1006318,1018575
1006318,1018576
1006318,1018577
1006318,1018578
1006318,1018579
1006318,1018580
1006318,1018581
1006318,1018582
1006318,1018583
1006318,1018584
1006318,1018585
1006318,1018586
1006318,1018587
1006318,1018588
1006318,1018589
1006318,1018590
1006318,1018591
1006318,1018592
1006318,1018593
1006318,1018594
1006318,1018595
1006318,1018596
1006318,1018597
1006318,1018598
1006318,1018599
1006318,1018600
1006318,1018601
1006318,1018602
1006318,1018603
1006318,1018604
1006318,1018605
1006318,1018606
1006318,1018607
1006318,1018608
1006318,1018609
1006318,1018610
1006318,1018611
1006318,1018612
1006318,1018613
1006318,1018614
1006318,1018615
1006318,1018616
1006318,1018617
1006318,1018618
1006318,1018619
1006318,1018620
1006318,1018621
1006318,1018622
1006318,1018623
1006318,1018624
1006318,1018625
1006318,1018626
1006318,1018627
1006318,1018628
1006318,1018629
1006318,1018630
1006318,1018631
1006318,1018632
1006318,1018633
1006318,1018634
1006318,1018635
1006318,1018636
1006318,1018637
1006318,1018638
1006318,1018639
1006318,1018640
1006318,1018641
1006318,1018642
1006318,1018643
1006318,1018644
1006318,1018645
1006318,1018646
1006318,1018647
1006318,1018648
1006318,1018649
1006318,1018650
1006318,1018651
1006318,1018652
1006318,1018653
1006318,1018654
1006318,1018655
1006318,1018656
1006318,1018657
1006318,1018658
1006318,1018659
1006318,1018660
1006318,1018661
1006318,1018662
1006318,1018663
1006318,1018664
1006318,1018665
1006318,1018666
1006318,1018667
1006318,1018668
1006318,1018669
1006318,1018670
1006318,1018671
1006318,1018672
1006318,1018673
1006318,1018674
1006318,1018675
1006318,1018676
1006318,1018677
1006318,1018678
1006318,1018679
1006318,1018680
1006318,1018681
1006318,1018682
1006318,1018683
1006318,1018684
1006318,1018685
1006318,1018686
1006318,1018687
1006318,1018688
1006318,1018689
1006318,1018690
1006318,1018691
1006318,1018692
1006318,1018693
1006318,1018694
1006318,1018695
1006318,1018696
1006318,1018697
1006318,1018698
1006318,1018699
1006318,1018700
1006318,1018701
1006318,1018702
1006318,1018703
1006318,1018704
1006318,1018705
1006318,1018706
1006318,1018707
1006318,1018708
1006318,1018709
1006318,1018710
1006318,1018711
1006318,1018712
1006318,1018713
1006318,1018714
1006318,1018715
1006318,1018716
1006318,1018717
1006318,1018718
1006318,1018719
1006318,1018720
1006318,1018721
1006318,1018722
1006318,1018723
1006318,1018724
1006318,1018725
1006318,1018726
1006318,1018727
1006318,1018728
1006318,1018729
1006318,1018730
1006318,1018731
1006318,1018732
1006318,1018733
1006318,1018734
1006318,1018735
1006318,1018736
1006318,1018737
1006318,1018738
1006318,1018739
1006318,1018740
1006318,1018741
1006318,1018742
1006318,1018743
1006318,1018744
1006318,1018745
1006318,1018746
1006318,1018747
1006318,1018748
1006318,1018749
1006318,1018750
1006318,1018751
1006318,1018752
1006318,1018753
1006318,1018754
1006318,1018755
1006318,1018756
1006318,1018757
1006318,1018758
1006318,1018759
1006318,1018760
1006318,1018761
1006318,1018762
1006318,1018763
1006318,1018764
1006318,1018765
1006318,1018766
1006318,1018767
1006318,1018768
1006318,1018769
1006318,1018770
1006318,1018771
1006318,1018772
1006318,1018773
1006318,1018774
1006318,1018775
1006318,1018776
1006318,1018777
1006318,1018778
1006318,1018779
1006318,1018780
1006318,1018781
1006318,1018782
1006318,1018783
1006318,1018784
1006318,1018785
1006318,1018786
1006318,1018787
1006318,1018788
1006318,1018789
1006318,1018790
1006318,1018791
1006318,1018792
1006318,1018793
1006318,1018794
1006318,1018795
1006318,1018796
1006318,1018797
1006318,1018798
1006318,1018799
1006318,1018800
1006318,1018801
1006318,1018802
1006318,1018803
1006318,1018804
1006318,1018805
1006318,1018806
1006318,1018807
1006318,1018808
1006318,1018809
1006318,1018810
1006318,1018811
1006318,1018812
1006318,1018813
1006318,1018814
1006318,1018815
1006318,1018816
1006318,1018817
1006318,1018818
1006318,1018819
1006318,1018820
1006318,1018821
1006318,1018822
1006318,1018823
1006318,1018824
1006318,1018825
1006318,1018826
1006318,1018827
1006318,1018828
1006318,1018829
1006318,1018830
1006318,1018831
1006318,1018832
1006318,1018833
1006318,1018834
1006318,1018835
1006318,1018836
1006318,1018837
1006318,1018838
1006318,1018839
1006318,1018840
1006318,1018841
1006318,1018842
1006318,1018843
1006318,1018844
1006318,1018845
1006318,1018846
1006318,1018847
1006318,1018848
1006318,1018849
1006318,1018850
1006318,1018851
1006318,1018852
1006318,1018853
1006318,1018854
1006318,1018855
1006318,1018856
1006318,1018857
1006318,1018858
1006318,1018859
1006318,1018860
1006318,1018861
1006318,1018862
1006318,1018863
1006318,1018864
1006318,1018865
1006318,1018866
1006318,1018867
1006318,1018868
1006318,1018869
1006318,1018870
1006318,1018871
1006318,1018872
1006318,1018873
1006318,1018874
1006318,1018875
1006318,1018876
1006318,1018877
1006318,1018878
1006318,1018879
1006318,1018880
1006318,1018881
1006318,1018882
1006318,1018883
1006318,1018884
1006318,1018885
1006318,1018886
1006318,1018887
1006318,1018888
1006318,1018889
1006318,1018890
1006318,1018891
1006318,1018892
1006318,1018893
1006318,1018894
1006318,1018895
1006318,1018896
1006318,1018897
1006318,1018898
1006318,1018899
1006318,1018900
1006318,1018901
1006318,1018902
1006318,1018903
1006318,1018904
1006318,1018905
1006318,1018906
1006318,1018907
1006318,1018908
1006318,1018909
1006318,1018910
1006318,1018911
1006318,1018912
1006318,1018913
1006318,1018914
1006318,1018915
1006318,1018916
1006318,1018917
1006318,1018918
1006318,1018919
1006318,1018920
1006318,1018921
1006318,1018922
1006318,1018923
1006318,1018924
1006318,1018925
1006318,1018926
1006318,1018927
1006318,1018928
1006318,1018929
1006318,1018930
1006318,1018931
1006318,1018932
1006318,1018933
1006318,1018934
1006318,1018935
1006318,1018936
1006318,1018937
1006318,1018938
1006318,1018939
1006318,1018940
1006318,1018941
1006318,1018942
1006318,1018943
1006318,1018944
1006318,1018945
1006318,1018946
1006318,1018947
1006318,1018948
1006318,1018949
1006318,1018950
1006318,1018951
1006318,1018952
1006318,1018953
1006318,1018954
1006318,1018955
1006318,1018956
1006318,1018957
1006318,1018958
1006318,1018959
1006318,1018960
1006318,1018961
1006318,1018962
1006318,1018963
1006318,1018964
1006318,1018965
1006318,1018966
1006318,1018967
1006318,1018968
1006318,1018969
1006318,1018970
1006318,1018971
1006318,1018972
1006318,1018973
1006318,1018974
1006318,1018975
1006318,1018976
1006318,1018977
1006318,1018978
1006318,1018979
1006318,1018980
1006318,1018981
1006318,1018982
1006318,1018983
1006318,1018984
1006318,1018985
1006318,1018986
1006318,1018987
1006318,1018988
1006318,1018989
1006318,1018990
1006318,1018991
1006318,1018992
1006318,1018993
1006318,1018994
1006318,1018995
1006318,1018996
1006318,1018997
1006318,1018998
1006318,1018999
1006318,1019000
1006318,1019001
1006318,1019002
1006318,1019003
1006318,1019004
1006318,1019005
1006318,1019006
1006318,1019007
1006318,1019008
1006318,1019009
1006318,1019010
1006318,1019011
1006318,1019012
1006318,1019013
1006318,1019014
1006318,1019015
1006318,1019016
1006318,1019017
1006318,1019018
1006318,1019019
1006318,1019020
1006318,1019021
1006318,1019022
1006318,1019023
1006318,1019024
1006318,1019025
1006318,1019026
1006318,1019027
1006318,1019028
1006318,1019029
1006318,1019030
1006318,1019031
1006318,1019032
1006318,1019033
1006318,1019034
1006318,1019035
1006318,1019036
1006318,1019037
1006318,1019038
1006318,1019039
1006318,1019040
1006318,1019041
1006318,1019042
1006318,1019043
1006318,1019044
1006318,1019045
1006318,1019046
1006318,1019047
1006318,1019048
1006318,1019049
1006318,1019050
1006318,1019051
1006318,1019052
1006318,1019053
1006318,1019054
1006318,1019055
1006318,1019056
1006318,1019057
1006318,1019058
1006318,1019059
1006318,1019060
1006318,1019061
1006318,1019062
1006318,1019063
1006318,1019064
1006318,1019065
1006318,1019066
1006318,1019067
1006318,1019068
1006318,1019069
1006318,1019070
1006318,1019071
1006318,1019072
1006318,1019073
1006318,1019074
1006318,1019075
1006318,1019076
1006318,1019077
1006318,1019078
1006318,1019079
1006318,1019080
1006318,1019081
1006318,1019082
1006318,1019083
1006318,1019084
1006318,1019085
1006318,1019086
1006318,1019087
1006318,1019088
1006318,1019089
1006318,1019090
1006318,1019091
1006318,1019092
1006318,1019093
1006318,1019094
1006318,1019095
1006318,1019096
1006318,1019097
1006318,1019098
1006318,1019099
1006318,1019100
1006318,1019101
1006318,1019102
1006318,1019103
1006318,1019104
1006318,1019105
1006318,1019106
1006318,1019107
1006318,1019108
1006318,1019109
1006318,1019110
1006318,1019111
1006318,1019112
1006318,1019113
1006318,1019114
1006318,1019115
1006318,1019116
1006318,1019117
1006318,1019118
1006318,1019119
1006318,1019120
1006318,1019121
1006318,1019122
1006318,1019123
1006318,1019124
1006318,1019125
1006318,1019126
1006318,1019127
1006318,1019128
1006318,1019129
1006318,1019130
1006318,1019131
1006318,1019132
1006318,1019133
1006318,1019134
1006318,1019135
1006318,1019136
1006318,1019137
1006318,1019138
1006318,1019139
1006318,1019140
1006318,1019141
1006318,1019142
1006318,1019143
1006318,1019144
1006318,1019145
1006318,1019146
1006318,1019147
1006318,1019148
1006318,1019149
1006318,1019150
1006318,1019151
1006318,1019152
1006318,1019153
1006318,1019154
1006318,1019155
1006318,1019156
1006318,1019157
1006318,1019158
1006318,1019159
1006318,1019160
1006318,1019161
1006318,1019162
1006318,1019163
1006318,1019164
1006318,1019165
1006318,1019166
1006318,1019167
1006318,1019168
1006318,1019169
1006318,1019170
1006318,1019171
1006318,1019172
1006318,1019173
1006318,1019174
1006318,1019175
1006318,1019176
1006318,1019177
1006318,1019178
1006318,1019179
1006318,1019180
1006318,1019181
1006318,1019182
1006318,1019183
1006318,1019184
1006318,1019185
1006318,1019186
1006318,1019187
1006318,1019188
1006318,1019189
1006318,1019190
1006318,1019191
1006318,1019192
1006318,1019193
1006318,1019194
1006318,1019195
1006318,1019196
1006318,1019197
1006318,1019198
1006318,1019199
1006318,1019200
1006318,1019201
1006318,1019202
1006318,1019203
1006318,1019204
1006318,1019205
1006318,1019206
1006318,1019207
1006318,1019208
1006318,1019209
1006318,1019210
1006318,1019211
1006318,1019212
1006318,1019213
1006318,1019214
1006318,1019215
1006318,1019216
1006318,1019217
1006318,1019218
1006318,1019219
1006318,1019220
1006318,1019221
1006318,1019222
1006318,1019223
1006318,1019224
1006318,1019225
1006318,1019226
1006318,1019227
1006318,1019228
1006318,1019229
1006318,1019230
1006318,1019231
1006318,1019232
1006318,1019233
1006318,1019234
1006318,1019235
1006318,1019236
1006318,1019237
1006318,1019238
1006318,1019239
1006318,1019240
1006318,1019241
1006318,1019242
1006318,1019243
1006318,1019244
1006318,1019245
1006318,1019246
1006318,1019247
1006318,1019248
1006318,1019249
1006318,1019250
1006318,1019251
1006318,1019252
1006318,1019253
1006318,1019254
1006318,1019255
1006318,1019256
1006318,1019257
1006318,1019258
1006318,1019259
1006318,1019260
1006318,1019261
1006318,1019262
1006318,1019263
1006318,1019264
1006318,1019265
1006318,1019266
1006318,1019267
1006318,1019268
1006318,1019269
1006318,1019270
1006318,1019271
1006318,1019272
1006318,1019273
1006318,1019274
1006318,1019275
1006318,1019276
1006318,1019277
1006318,1019278
1006318,1019279
1006318,1019280
1006318,1019281
1006318,1019282
1006318,1019283
1006318,1019284
1006318,1019285
1006318,1019286
1006318,1019287
1006318,1019288
1006318,1019289
1006318,1019290
1006318,1019291
1006318,1019292
1006318,1019293
1006318,1019294
1006318,1019295
1006318,1019296
1006318,1019297
1006318,1019298
1006318,1019299
1006318,1019300
1006318,1019301
1006318,1019302
1006318,1019303
1006318,1019304
1006318,1019305
1006318,1019306
1006318,1019307
1006318,1019308
1006318,1019309
1006318,1019310
1006318,1019311
1006318,1019312
1006318,1019313
1006318,1019314
1006318,1019315
1006318,1019316
1006318,1019317
1006318,1019318
1006318,1019319
1006318,1019320
1006318,1019321
1006318,1019322
1006318,1019323
1006318,1019324
1006318,1019325
1006318,1019326
1006318,1019327
1006318,1019328
1006318,1019329
1006318,1019330
1006318,1019331
1006318,1019332
1006318,1019333
1006318,1019334
1006318,1019335
1006318,1019336
1006318,1019337
1006318,1019338
1006318,1019339
1006318,1019340
1006318,1019341
1006318,1019342
1006318,1019343
1006318,1019344
1006318,1019345
1006318,1019346
1006318,1019347
1006318,1019348
1006318,1019349
1006318,1019350
1006318,1019351
1006318,1019352
1006318,1019353
1006318,1019354
1006318,1019355
1006318,1019356
1006318,1019357
1006318,1019358
1006318,1019359
1006318,1019360
1006318,1019361
1006318,1019362
1006318,1019363
1006318,1019364
1006318,1019365
1006318,1019366
1006318,1019367
1006318,1019368
1006318,1019369
1006318,1019370
1006318,1019371
1006318,1019372
1006318,1019373
1006318,1019374
1006318,1019375
1006318,1019376
1006318,1019377
1006318,1019378
1006318,1019379
1006318,1019380
1006318,1019381
1006318,1019382
1006318,1019383
1006318,1019384
1006318,1019385
1006318,1019386
1006318,1019387
1006318,1019388
1006318,1019389
1006318,1019390
1006318,1019391
1006318,1019392
1006318,1019393
1006318,1019394
1006318,1019395
1006318,1019396
1006318,1019397
1006318,1019398
1006318,1019399
1006318,1019400
1006318,1019401
1006318,1019402
1006318,1019403
1006318,1019404
1006318,1019405
1006318,1019406
1006318,1019407
1006318,1019408
1006318,1019409
1006318,1019410
1006318,1019411
1006318,1019412
1006318,1019413
1006318,1019414
1006318,1019415
1006318,1019416
1006318,1019417
1006318,1019418
1006318,1019419
1006318,1019420
1006318,1019421
1006318,1019422
1006318,1019423
1006318,1019424
1006318,1019425
1006318,1019426
1006318,1019427
1006318,1019428
1006318,1019429
1006318,1019430
1006318,1019431
1006318,1019432
1006318,1019433
1006318,1019434
1006318,1019435
1006318,1019436
1006318,1019437
1006318,1019438
1006318,1019439
1006318,1019440
1006318,1019441
1006318,1019442
1006318,1019443
1006318,1019444
1006318,1019445
1006318,1019446
1006318,1019447
1006318,1019448
1006318,1019449
1006318,1019450
1006318,1019451
1006318,1019452
1006318,1019453
1006318,1019454
1006318,1019455
1006318,1019456
1006318,1019457
1006318,1019458
1006318,1019459
1006318,1019460
1006318,1019461
1006318,1019462
1006318,1019463
1006318,1019464
1006318,1019465
1006318,1019466
1006318,1019467
1006318,1019468
1006318,1019469
1006318,1019470
1006318,1019471
1006318,1019472
1006318,1019473
1006318,1019474
1006318,1019475
1006318,1019476
1006318,1019477
1006318,1019478
1006318,1019479
1006318,1019480
1006318,1019481
1006318,1019482
1006318,1019483
1006318,1019484
1006318,1019485
1006318,1019486
1006318,1019487
1006318,1019488
1006318,1019489
1006318,1019490
1006318,1019491
1006318,1019492
1006318,1019493
1006318,1019494
1006318,1019495
1006318,1019496
1006318,1019497
1006318,1019498
1006318,1019499
1006318,1019500
1006318,1019501
1006318,1019502
1006318,1019503
1006318,1019504
1006318,1019505
1006318,1019506
1006318,1019507
1006318,1019508
1006318,1019509
1006318,1019510
1006318,1019511
1006318,1019512
1006318,1019513
1006318,1019514
1006318,1019515
1006318,1019516
1006318,1019517
1006318,1019518
1006318,1019519
1006318,1019520
1006318,1019521
1006318,1019522
1006318,1019523
1006318,1019524
1006318,1019525
1006318,1019526
1006318,1019527
1006318,1019528
1006318,1019529
1006318,1019530
1006318,1019531
1006318,1019532
1006318,1019533
1006318,1019534
1006318,1019535
1006318,1019536
1006318,1019537
1006318,1019538
1006318,1019539
1006318,1019540
1006318,1019541
1006318,1019542
1006318,1019543
1006318,1019544
1006318,1019545
1006318,1019546
1006318,1019547
1006318,1019548
1006318,1019549
1006318,1019550
1006318,1019551
1006318,1019552
1006318,1019553
1006318,1019554
1006318,1019555
1006318,1019556
1006318,1019557
1006318,1019558
1006318,1019559
1006318,1019560
1006318,1019561
1006318,1019562
1006318,1019563
1006318,1019564
1006318,1019565
1006318,1019566
1006318,1019567
1006318,1019568
1006318,1019569
1006318,1019570
1006318,1019571
1006318,1019572
1006318,1019573
1006318,1019574
1006318,1019575
1006318,1019576
1006318,1019577
1006318,1019578
1006318,1019579
1006318,1019580
1006318,1019581
1006318,1019582
1006318,1019583
1006318,1019584
1006318,1019585
1006318,1019586
1006318,1019587
1006318,1019588
1006318,1019589
1006318,1019590
1006318,1019591
1006318,1019592
1006318,1019593
1006318,1019594
1006318,1019595
1006318,1019596
1006318,1019597
1006318,1019598
1006318,1019599
1006318,1019600
1006318,1019601
1006318,1019602
1006318,1019603
1006318,1019604
1006318,1019605
1006318,1019606
1006318,1019607
1006318,1019608
1006318,1019609
1006318,1019610
1006318,1019611
1006318,1019612
1006318,1019613
1006318,1019614
1006318,1019615
1006318,1019616
1006318,1019617
1006318,1019618
1006318,1019619
1006318,1019620
1006318,1019621
1006318,1019622
1006318,1019623
1006318,1019624
1006318,1019625
1006318,1019626
1006318,1019627
1006318,1019628
1006318,1019629
1006318,1019630
1006318,1019631
1006318,1019632
1006318,1019633
1006318,1019634
1006318,1019635
1006318,1019636
1006318,1019637
1006318,1019638
1006318,1019639
1006318,1019640
1006318,1019641
1006318,1019642
1006318,1019643
1006318,1019644
1006318,1019645
1006318,1019646
1006318,1019647
1006318,1019648
1006318,1019649
1006318,1019650
1006318,1019651
1006318,1019652
1006318,1019653
1006318,1019654
1006318,1019655
1006318,1019656
1006318,1019657
1006318,1019658
1006318,1019659
1006318,1019660
1006318,1019661
1006318,1019662
1006318,1019663
1006318,1019664
1006318,1019665
1006318,1019666
1006318,1019667
1006318,1019668
1006318,1019669
1006318,1019670
1006318,1019671
1006318,1019672
1006318,1019673
1006318,1019674
1006318,1019675
1006318,1019676
1006318,1019677
1006318,1019678
1006318,1019679
1006318,1019680
1006318,1019681
1006318,1019682
1006318,1019683
1006318,1019684
1006318,1019685
1006318,1019686
1006318,1019687
1006318,1019688
1006318,1019689
1006318,1019690
1006318,1019691
1006318,1019692
1006318,1019693
1006318,1019694
1006318,1019695
1006318,1019696
1006318,1019697
1006318,1019698
1006318,1019699
1006318,1019700
1006318,1019701
1006318,1019702
1006318,1019703
1006318,1019704
1006318,1019705
1006318,1019706
1006318,1019707
1006318,1019708
1006318,1019709
1006318,1019710
1006318,1019711
1006318,1019712
1006318,1019713
1006318,1019714
1006318,1019715
1006318,1019716
1006318,1019717
1006318,1019718
1006318,1019719
1006318,1019720
1006318,1019721
1006318,1019722
1006318,1019723
1006318,1019724
1006318,1019725
1006318,1019726
1006318,1019727
1006318,1019728
1006318,1019729
1006318,1019730
1006318,1019731
1006318,1019732
1006318,1019733
1006318,1019734
1006318,1019735
1006318,1019736
1006318,1019737
1006318,1019738
1006318,1019739
1006318,1019740
1006318,1019741
1006318,1019742
1006318,1019743
1006318,1019744
1006318,1019745
1006318,1019746
1006318,1019747
1006318,1019748
1006318,1019749
1006318,1019750
1006318,1019751
1006318,1019752
1006318,1019753
1006318,1019754
1006318,1019755
1006318,1019756
1006318,1019757
1006318,1019758
1006318,1019759
1006318,1019760
1006318,1019761
1006318,1019762
1006318,1019763
1006318,1019764
1006318,1019765
1006318,1019766
1006318,1019767
1006318,1019768
1006318,1019769
1006318,1019770
1006318,1019771
1006318,1019772
1006318,1019773
1006318,1019774
1006318,1019775
1006318,1019776
1006318,1019777
1006318,1019778
1006318,1019779
1006318,1019780
1006318,1019781
1006318,1019782
1006318,1019783
1006318,1019784
1006318,1019785
1006318,1019786
1006318,1019787
1006318,1019788
1006318,1019789
1006318,1019790
1006318,1019791
1006318,1019792
1006318,1019793
1006318,1019794
1006318,1019795
1006318,1019796
1006318,1019797
1006318,1019798
1006318,1019799
1006318,1019800
1006318,1019801
1006318,1019802
1006318,1019803
1006318,1019804
1006318,1019805
1006318,1019806
1006318,1019807
1006318,1019808
1006318,1019809
1006318,1019810
1006318,1019811
1006318,1019812
1006318,1019813
1006318,1019814
1006318,1019815
1006318,1019816
1006318,1019817
1006318,1019818
1006318,1019819
1006318,1019820
1006318,1019821
1006318,1019822
1006318,1019823
1006318,1019824
1006318,1019825
1006318,1019826
1006318,1019827
1006318,1019828
1006318,1019829
1006318,1019830
1006318,1019831
1006318,1019832
1006318,1019833
1006318,1019834
1006318,1019835
1006318,1019836
1006318,1291329
1006318,1292539
1006318,1292551
1006318,1292552
1006318,1292887
1006318,1297040
1006318,1305716
1006318,1305717
1006318,1307107
1006318,1307549
1006318,1307913
1006318,1317258
1006318,1319498
1006318,1322125
1006318,1322971
1006318,1326283
1006318,1337616
1006318,1337724
1006318,1340354
1006318,1352773
1006318,1353417
1006318,1353490
1006318,1354423
1006318,1358513
1006318,1368585
1006318,1368677
1006318,1370844
1006318,1371781
1006318,1371860
1006318,1371917
1006318,1376617
1006318,1377130
1006318,1380169
1006318,1380341
1006318,1380593
1006318,1385875
1006318,1387736
1006318,1387876
1006318,1388305
1006318,1390660
1006318,1394422
1006318,1394960
1006318,1395772
1006318,1399137
1006318,1407893
1006318,1409782
1006318,1410650
1006318,1413230
1006318,1414685
1006318,1422958
1006318,1429098
1006318,1431609
1006318,1432266
1006318,1433397
1006318,1435686
1006318,1435692
1006318,1435936
1006318,1439197
1006318,1444428
1006318,1448054
1006318,1448993
1006318,1451200
1006318,1451716
1006318,1451721
1006318,1452670
1006318,1458409
1006318,1460300
1006318,1461622
1006318,1465925
1006318,1468326
1006318,1471225
1006318,1472193
1006318,1475181
1006318,1481305
1006318,1484227
1006318,1484666
1006318,1494303
1006318,1499661
1006318,1500928
1006318,1509799
1006318,1515245
1006318,1525918
1006318,1530082
1006318,1534060
1006318,1541346
1006318,1550013
1006318,1550043
1006318,1550048
1006318,1550309
1006318,1559795
1006318,1561498
1006318,1564512
1006318,1566203
1006318,1566205
1006318,1566881
1006318,1569070
1006318,1575503
1006318,1580123
1006318,1584984
1006318,1587186
1006318,1598234
1006318,1599776
1006318,1599795
1006318,1601564
1006318,1602012
1006318,1619924
1006318,1619954
1006318,1619979
1006318,1619989
1006318,1620012
1006318,1620037
1006318,1620051
1006318,1620120
1006318,1620157
1006318,1620180
1006318,1620266
1006318,1620284
1006318,1620315
1006318,1620359
1006318,1620422
1006318,1620463
1006318,1620498
1006318,1620603
1006318,1629431
1006318,1631236
1006318,1632533
1006318,1649860
1006318,1649886
1006318,1661960
1006318,1673785
1006318,1690880
1006318,1690937
1006318,1692047
1006318,1711494
1006318,1743207
1006318,1751383
1006318,1753088
1006318,1756926
1006318,1774873
1006318,1776955
1006318,1778102
1006318,1783983
1006318,1807069
1006318,1837081
1006318,1858351
1006318,1869062
1006318,1966226
1006318,2007061
1006318,2031137
1006318,2040764
1006318,2064441
1006318,2110461
1006318,2140432
1006318,2146938
1006318,2182460
1006318,3053962
1006318,3057194
1006318,3059665
1006318,3059704
1006318,3070782
1006318,3084303
1006318,3087833
1006318,3089301
1006318,3096973
1006318,3100749
1006318,3101269
1006318,3101381
1006318,3103051
1006318,3114868
1006319,1006319
1006321,1006321
1006322,1006322
1006322,1013493
1006323,1006323
1006324,1006324
1006324,1011149
1006324,1013530
1006324,1013955
1006324,1014399
1006324,1014785
1006324,1015922
1006324,1017274
1006325,1006325
1006326,1006326
1006326,1008145
1006326,1008522
1006326,1008523
1006326,1009389
1006326,1011788
1006326,1011789
1006326,1012540
1006326,1016397
1006326,1018007
1006327,1006327
1006328,1006328
1006329,1006329
1006330,1006330
1006331,1006331
1006332,1006332
1006333,1006333
1006334,1006334
1006334,1013460
1006334,1015244
1006335,1006335
1006336,1006336
1006337,1006337
1006338,1006338
1006339,1006339
1006340,1006340
1006341,1006341
1006342,1006342
1006343,1006343
1006345,1006345
1006346,1006346
1006348,1006348
1006348,1006354
1006348,1006980
1006349,1006349
1006349,1006355
1006349,1006981
1006350,1006350
1006351,1006351
1006351,1008571
1006352,1006352
1006353,1006353
1006354,1006354
1006355,1006355
1006356,1006354
1006356,1006356
1006356,1007849
1006357,1006355
1006357,1006357
1006357,1007850
1006358,1006358
1006359,1006359
1006360,1006360
1006361,1006361
1006362,1006362
1006363,1006363
1006364,1006364
1006365,1006365
1006366,1006341
1006366,1006366
1006366,1007306
1006367,1006342
1006367,1006367
1006367,1007307
1006367,1011966
1006367,1014021
1006367,1015616
1006367,1017122
1006367,1017747
1006367,1018684
1006367,1019204
1006367,1019539
1006368,1006368
1006369,1006369
1006369,1008182
1006369,1008183
1006369,1008293
1006369,1008294
1006369,1008347
1006369,1008398
1006369,1008434
1006369,1008722
1006369,1008723
1006369,1008727
1006369,1008776
1006369,1008777
1006369,1008813
1006369,1008817
1006369,1008820
1006369,1008911
1006369,1008912
1006369,1009029
1006369,1009034
1006369,1009063
1006369,1009064
1006369,1009256
1006369,1009263
1006369,1009264
1006369,1009360
1006369,1009366
1006369,1009568
1006369,1009577
1006369,1009603
1006369,1009723
1006369,1009747
1006369,1009756
1006369,1009821
1006369,1009864
1006369,1010044
1006369,1010091
1006369,1010244
1006369,1010324
1006369,1010385
1006369,1010406
1006369,1010407
1006369,1010456
1006369,1010487
1006369,1010565
1006369,1010723
1006369,1010810
1006369,1010838
1006369,1010839
1006369,1010875
1006369,1010952
1006369,1010967
1006369,1010971
1006369,1010972
1006369,1011046
1006369,1011071
1006369,1011196
1006369,1011223
1006369,1011240
1006369,1011278
1006369,1011314
1006369,1011446
1006369,1011558
1006369,1011663
1006369,1011696
1006369,1011801
1006369,1011967
1006369,1012072
1006369,1012106
1006369,1012107
1006369,1012183
1006369,1012294
1006369,1012413
1006369,1012444
1006369,1012643
1006369,1012664
1006369,1012682
1006369,1013053
1006369,1013138
1006369,1013145
1006369,1013153
1006369,1013215
1006369,1013230
1006369,1013248
1006369,1013280
1006369,1013291
1006369,1013478
1006369,1013652
1006369,1013687
1006369,1013771
1006369,1013807
1006369,1013842
1006369,1013956
1006369,1014005
1006369,1014029
1006369,1014160
1006369,1014162
1006369,1014163
1006369,1014216
1006369,1014222
1006369,1014395
1006369,1014401
1006369,1014432
1006369,1014447
1006369,1014452
1006369,1014464
1006369,1014481
1006369,1014712
1006369,1014892
1006369,1015041
1006369,1015135
1006369,1015139
1006369,1015156
1006369,1015293
1006369,1015362
1006369,1015381
1006369,1015397
1006369,1015440
1006369,1015477
1006369,1015510
1006369,1015546
1006369,1015605
1006369,1015664
1006369,1015672
1006369,1015695
1006369,1015940
1006369,1016107
1006369,1016113
1006369,1016169
1006369,1016236
1006369,1016327
1006369,1016456
1006369,1016486
1006369,1016632
1006369,1016682
1006369,1016693
1006369,1016772
1006369,1016787
1006369,1016880
1006369,1016896
1006369,1016898
1006369,1016957
1006369,1017015
1006369,1017035
1006369,1017132
1006369,1017141
1006369,1017229
1006369,1017272
1006369,1017278
1006369,1017287
1006369,1017290
1006369,1017336
1006369,1017458
1006369,1017505
1006369,1017541
1006369,1017591
1006369,1017595
1006369,1017600
1006369,1017670
1006369,1017684
1006369,1017708
1006369,1017801
1006369,1017888
1006369,1018022
1006369,1018057
1006369,1018062
1006369,1018081
1006369,1018117
1006369,1018131
1006369,1018339
1006369,1018380
1006369,1018392
1006369,1018525
1006369,1018543
1006369,1018562
1006370,1006370
1006371,1006371
1006372,1006372
1006373,1006373
1006373,1012037
1006373,1012038
1006373,1012296
1006373,1016160
1006374,1006374
1006375,1006375
1006376,1006376
1006377,1006377
1006378,1006378
1006379,1006379
1006380,1006380
1006381,1006381
1006381,1008264
1006381,1008324
1006382,1006382
1006383,1006383
1006384,1006384
1006385,1006385
1006385,1010540
1006385,1011511
1006385,1013136
1006385,1014085
1006386,1006386
1006386,1006419
1006386,1006865
1006387,1006387
1006387,1006420
1006387,1006866
1006388,1006388
1006389,1006389
1006390,1006390
1006390,1006900
1006391,1006391
1006391,1006901
1006391,1009849
1006391,1009850
1006391,1014807
1006391,1018084
1006391,1018996
1006391,1019432
1006392,1006392
1006393,1006393
1006394,1006394
1006394,1009135
1006394,1009203
1006394,1009204
1006394,1011492
1006394,1012254
1006394,1015541
1006394,1017986
1006395,1006395
1006396,1006396
1006397,1006397
1006399,1006399
1006400,1006400
1006401,1006401
1006403,1006403
1006404,1006404
1006405,1006405
1006406,1006406
1006407,1006407
1006407,1007500
1006408,1006408
1006408,1007501
1006409,1006395
1006409,1006405
1006409,1006409
1006409,1007632
1006410,1006396
1006410,1006406
1006410,1006410
1006410,1007633
1006410,1008776
1006410,1008777
1006410,1009256
1006410,1009577
1006410,1009747
1006410,1009756
1006410,1010810
1006410,1010971
1006410,1010972
1006410,1011663
1006410,1011801
1006410,1013652
1006410,1014160
1006410,1014162
1006410,1014163
1006410,1014447
1006410,1014452
1006410,1015041
1006410,1015135
1006410,1015156
1006410,1015510
1006410,1015546
1006410,1015605
1006410,1015664
1006410,1016957
1006410,1017670
1006410,1018117
1006411,1006411
1006412,1006412
1006413,1006413
1006414,1006414
1006414,1008641
1006414,1008684
1006414,1008924
1006414,1010110
1006414,1010366
1006414,1010441
1006414,1010593
1006414,1010815
1006414,1010816
1006414,1011253
1006414,1011266
1006414,1011312
1006414,1011552
1006414,1011626
1006414,1012945
1006414,1013041
1006414,1014168
1006414,1014272
1006414,1014457
1006414,1014532
1006414,1015702
1006414,1015747
1006414,1015855
1006414,1015927
1006414,1016769
1006414,1017009
1006414,1018058
1006414,1018391
1006414,1018459
1006415,1006415
1006416,1006416
1006416,1009088
1006417,1006417
1006418,1006418
1006419,1006419
1006419,1006865
1006420,1006420
1006420,1006866
1006421,1006421
1006423,1006337
1006423,1006423
1006423,1006520
1006423,1006582
1006423,1006694
1006423,1006838
1006423,1007206
1006424,1006338
1006424,1006424
1006424,1006521
1006424,1006583
1006424,1006695
1006424,1006839
1006424,1007207
1006424,1008445
1006424,1008827
1006424,1008964
1006424,1012031
1006424,1012032
1006424,1016087
1006424,1016277
1006424,1016597
1006424,1018590
1006424,1018815
1006424,1018838
1006424,1018839
1006425,1006425
1006426,1006426
1006427,1006427
1006428,1006428
1006429,1006429
1006430,1006430
1006430,1015467
1006430,1015468
1006431,1006313
1006431,1006329
1006431,1006331
1006431,1006339
1006431,1006352
1006431,1006354
1006431,1006358
1006431,1006370
1006431,1006411
1006431,1006417
1006431,1006427
1006431,1006431
1006431,1006451
1006431,1006462
1006431,1006481
1006431,1006483
1006431,1006496
1006431,1006516
1006431,1006528
1006431,1006532
1006431,1006540
1006431,1006575
1006431,1006594
1006431,1006598
1006431,1006618
1006431,1006620
1006431,1006632
1006431,1006636
1006431,1006646
1006431,1006648
1006431,1006653
1006431,1006665
1006431,1006667
1006431,1006686
1006431,1006688
1006431,1006690
1006431,1006698
1006431,1006700
1006431,1006702
1006431,1006718
1006431,1006720
1006431,1006730
1006431,1006732
1006431,1006736
1006431,1006747
1006431,1006765
1006431,1006773
1006431,1006787
1006431,1006806
1006431,1006812
1006431,1006816
1006431,1006818
1006431,1006824
1006431,1006832
1006431,1006834
1006431,1006836
1006431,1006848
1006431,1006871
1006431,1006882
1006431,1006884
1006431,1006890
1006431,1006898
1006431,1006904
1006431,1006906
1006431,1006928
1006431,1006930
1006431,1006932
1006431,1006938
1006431,1006940
1006431,1006944
1006431,1006950
1006431,1006954
1006431,1006956
1006431,1006976
1006431,1006980
1006431,1006996
1006431,1007004
1006431,1007022
1006431,1007024
1006431,1007036
1006431,1007038
1006431,1007040
1006431,1007042
1006431,1007048
1006431,1007058
1006431,1007062
1006431,1007070
1006431,1007072
1006431,1007074
1006431,1007096
1006431,1007098
1006431,1007100
1006431,1007104
1006431,1007122
1006431,1007136
1006431,1007138
1006431,1007144
1006431,1007150
1006431,1007156
1006431,1007166
1006431,1007168
1006431,1007172
1006431,1007182
1006431,1007186
1006431,1007194
1006431,1007196
1006431,1007208
1006431,1007210
1006431,1007214
1006431,1007216
1006431,1007218
1006431,1007228
1006431,1007248
1006431,1007258
1006431,1007268
1006431,1007270
1006431,1007272
1006431,1007274
1006431,1007276
1006431,1007284
1006431,1007288
1006431,1007290
1006431,1007294
1006431,1007296
1006431,1007302
1006431,1007304
1006431,1007308
1006431,1007318
1006431,1007321
1006431,1007323
1006431,1007327
1006431,1007331
1006431,1007333
1006431,1007337
1006431,1007341
1006431,1007343
1006431,1007345
1006431,1007347
1006431,1007349
1006431,1007355
1006431,1007367
1006431,1007369
1006431,1007394
1006431,1007402
1006431,1007404
1006431,1007414
1006431,1007416
1006431,1007422
1006431,1007424
1006431,1007448
1006431,1007462
1006431,1007466
1006431,1007474
1006431,1007482
1006431,1007490
1006431,1007492
1006431,1007498
1006431,1007502
1006431,1007506
1006431,1007510
1006431,1007512
1006431,1007514
1006431,1007520
1006431,1007529
1006431,1007533
1006431,1007537
1006431,1007539
1006431,1007541
1006431,1007545
1006431,1007547
1006431,1007549
1006431,1007553
1006431,1007568
1006431,1007572
1006431,1007576
1006431,1007586
1006431,1007588
1006431,1007590
1006431,1007596
1006431,1007598
1006431,1007606
1006431,1007614
1006431,1007616
1006431,1007618
1006431,1007624
1006431,1007626
1006431,1007628
1006431,1007644
1006431,1007646
1006431,1007662
1006431,1007666
1006431,1007668
1006431,1007672
1006431,1007684
1006431,1007686
1006431,1007692
1006431,1007694
1006431,1007696
1006431,1007702
1006431,1007714
1006431,1007730
1006431,1007732
1006431,1007736
1006431,1007740
1006431,1007750
1006431,1007756
1006431,1007758
1006431,1007760
1006431,1007762
1006431,1007772
1006431,1007778
1006431,1007780
1006431,1007797
1006431,1007799
1006431,1007801
1006431,1007809
1006431,1007819
1006431,1007821
1006431,1007823
1006431,1007825
1006431,1007835
1006431,1007839
1006431,1007847
1006431,1007849
1006431,1007859
1006431,1007900
1006431,1007910
1006431,1007916
1006431,1007922
1006431,1007926
1006431,1007936
1006431,1007938
1006431,1007940
1006431,1007944
1006431,1007946
1006431,1007960
1006431,1007964
1006431,1007966
1006431,1007970
1006431,1007976
1006431,1007986
1006431,1008000
1006431,1008002
1006431,1008006
1006431,1008012
1006431,1008014
1006431,1008018
1006431,1008023
1006431,1008025
1006431,1008035
1006431,1008043
1006431,1008045
1006431,1008053
1006431,1008066
1006431,1008070
1006431,1008072
1006431,1008076
1006431,1008078
1006431,1008082
1006431,1008086
1006431,1008096
1006431,1008104
1006431,1008106
1006431,1008110
1006431,1008112
1006431,1008116
1006431,1008118
1006431,1008120
1006431,1008124
1006432,1006314
1006432,1006330
1006432,1006332
1006432,1006340
1006432,1006353
1006432,1006355
1006432,1006359
1006432,1006371
1006432,1006412
1006432,1006418
1006432,1006428
1006432,1006432
1006432,1006452
1006432,1006463
1006432,1006482
1006432,1006484
1006432,1006497
1006432,1006517
1006432,1006529
1006432,1006533
1006432,1006541
1006432,1006576
1006432,1006595
1006432,1006599
1006432,1006619
1006432,1006621
1006432,1006633
1006432,1006637
1006432,1006647
1006432,1006649
1006432,1006654
1006432,1006666
1006432,1006668
1006432,1006687
1006432,1006689
1006432,1006691
1006432,1006699
1006432,1006701
1006432,1006703
1006432,1006719
1006432,1006721
1006432,1006731
1006432,1006733
1006432,1006737
1006432,1006748
1006432,1006766
1006432,1006774
1006432,1006788
1006432,1006807
1006432,1006813
1006432,1006817
1006432,1006819
1006432,1006825
1006432,1006833
1006432,1006835
1006432,1006837
1006432,1006849
1006432,1006872
1006432,1006883
1006432,1006885
1006432,1006891
1006432,1006899
1006432,1006905
1006432,1006907
1006432,1006929
1006432,1006931
1006432,1006933
1006432,1006939
1006432,1006941
1006432,1006945
1006432,1006951
1006432,1006955
1006432,1006957
1006432,1006977
1006432,1006981
1006432,1006997
1006432,1007005
1006432,1007023
1006432,1007025
1006432,1007037
1006432,1007039
1006432,1007041
1006432,1007043
1006432,1007049
1006432,1007059
1006432,1007063
1006432,1007071
1006432,1007073
1006432,1007075
1006432,1007097
1006432,1007099
1006432,1007101
1006432,1007105
1006432,1007123
1006432,1007137
1006432,1007139
1006432,1007145
1006432,1007151
1006432,1007157
1006432,1007167
1006432,1007169
1006432,1007173
1006432,1007183
1006432,1007187
1006432,1007195
1006432,1007197
1006432,1007209
1006432,1007211
1006432,1007215
1006432,1007217
1006432,1007219
1006432,1007229
1006432,1007249
1006432,1007259
1006432,1007269
1006432,1007271
1006432,1007273
1006432,1007275
1006432,1007277
1006432,1007285
1006432,1007289
1006432,1007291
1006432,1007295
1006432,1007297
1006432,1007303
1006432,1007305
1006432,1007309
1006432,1007319
1006432,1007322
1006432,1007324
1006432,1007328
1006432,1007332
1006432,1007334
1006432,1007338
1006432,1007342
1006432,1007344
1006432,1007346
1006432,1007348
1006432,1007350
1006432,1007356
1006432,1007368
1006432,1007370
1006432,1007395
1006432,1007403
1006432,1007405
1006432,1007415
1006432,1007417
1006432,1007423
1006432,1007425
1006432,1007449
1006432,1007463
1006432,1007467
1006432,1007475
1006432,1007483
1006432,1007491
1006432,1007493
1006432,1007499
1006432,1007503
1006432,1007507
1006432,1007511
1006432,1007513
1006432,1007515
1006432,1007521
1006432,1007530
1006432,1007534
1006432,1007538
1006432,1007540
1006432,1007542
1006432,1007546
1006432,1007548
1006432,1007550
1006432,1007554
1006432,1007569
1006432,1007573
1006432,1007577
1006432,1007587
1006432,1007589
1006432,1007591
1006432,1007597
1006432,1007599
1006432,1007607
1006432,1007615
1006432,1007617
1006432,1007619
1006432,1007625
1006432,1007627
1006432,1007629
1006432,1007645
1006432,1007647
1006432,1007663
1006432,1007667
1006432,1007669
1006432,1007673
1006432,1007685
1006432,1007687
1006432,1007693
1006432,1007695
1006432,1007697
1006432,1007703
1006432,1007715
1006432,1007731
1006432,1007733
1006432,1007737
1006432,1007741
1006432,1007751
1006432,1007757
1006432,1007759
1006432,1007761
1006432,1007763
1006432,1007773
1006432,1007779
1006432,1007781
1006432,1007798
1006432,1007800
1006432,1007802
1006432,1007810
1006432,1007820
1006432,1007822
1006432,1007824
1006432,1007826
1006432,1007836
1006432,1007840
1006432,1007848
1006432,1007850
1006432,1007860
1006432,1007901
1006432,1007911
1006432,1007917
1006432,1007923
1006432,1007927
1006432,1007937
1006432,1007939
1006432,1007941
1006432,1007945
1006432,1007947
1006432,1007961
1006432,1007965
1006432,1007967
1006432,1007971
1006432,1007977
1006432,1007987
1006432,1008001
1006432,1008003
1006432,1008007
1006432,1008013
1006432,1008015
1006432,1008019
1006432,1008024
1006432,1008026
1006432,1008036
1006432,1008044
1006432,1008046
1006432,1008054
1006432,1008067
1006432,1008071
1006432,1008073
1006432,1008077
1006432,1008079
1006432,1008083
1006432,1008087
1006432,1008097
1006432,1008105
1006432,1008107
1006432,1008111
1006432,1008113
1006432,1008117
1006432,1008119
1006432,1008121
1006432,1008125
1006432,1008937
1006432,1010133
1006432,1010335
1006432,1010387
1006432,1010636
1006432,1011207
1006432,1011411
1006432,1011419
1006432,1011576
1006432,1012039
1006432,1012110
1006432,1012271
1006432,1012445
1006432,1012625
1006432,1013042
1006432,1014518
1006432,1014624
1006432,1014894
1006432,1014998
1006432,1015079
1006432,1015147
1006432,1015310
1006432,1015845
1006432,1016431
1006432,1016448
1006432,1016489
1006432,1016699
1006432,1017043
1006432,1017060
1006432,1018289
1006433,1006433
1006434,1006434
1006435,1006435
1006436,1006436
1006436,1009561
1006436,1009562
1006436,1009911
1006436,1010496
1006436,1010772
1006436,1012428
1006436,1013617
1006436,1013618
1006436,1015253
1006436,1015626
1006436,1015627
1006436,1017245
1006437,1006437
1006437,1006892
1006437,1007361
1006437,1007612
1006437,1007658
1006438,1006438
1006438,1006893
1006438,1007362
1006438,1007613
1006438,1007659
1006438,1008137
1006438,1008138
1006438,1008676
1006438,1008677
1006438,1009210
1006438,1009230
1006438,1009231
1006438,1009303
1006438,1009663
1006438,1010350
1006438,1011112
1006438,1011252
1006438,1011393
1006438,1011854
1006438,1012621
1006438,1012622
1006438,1012646
1006438,1012835
1006438,1013368
1006438,1013498
1006438,1013737
1006438,1014065
1006438,1014066
1006438,1014209
1006438,1014210
1006438,1014221
1006438,1014281
1006438,1014348
1006438,1014394
1006438,1014463
1006438,1014538
1006438,1014733
1006438,1014774
1006438,1015282
1006438,1015651
1006438,1016076
1006438,1016744
1006438,1017044
1006438,1017232
1006438,1017241
1006438,1017415
1006438,1017499
1006438,1017500
1006438,1017649
1006438,1017683
1006438,1018098
1006438,1018114
1006438,1018214
1006438,1018257
1006438,1019254
1006438,1019319
1006438,1019427
1006438,1019531
1006438,1019552
1006438,1019700
1006439,1006439
1006440,1006440
1006440,1008674
1006440,1008675
1006440,1009080
1006440,1009113
1006440,1010102
1006440,1010369
1006440,1011602
1006440,1012669
1006440,1012865
1006440,1013502
1006440,1013510
1006440,1013542
1006440,1015639
1006440,1017244
1006440,1017375
1006440,1017416
1006440,1017640
1006440,1018487
1006441,1006441
1006442,1006442
1006443,1006443
1006444,1006444
1006445,1006445
1006446,1006446
1006447,1006447
1006448,1006448
1006448,1015534
1006448,1015535
1006448,1016635
1006449,1006449
1006450,1006450
1006451,1006451
1006452,1006452
1006453,1006453
1006454,1006454
1006455,1006455
1006456,1006456
1006457,1006457
1006458,1006458
1006458,1015131
1006459,1006459
1006460,1006460
1006460,1018672
1006460,1018698
1006460,1018890
1006460,1019010
1006460,1019120
1006460,1019263
1006460,1019272
1006460,1019483
1006460,1019511
1006460,1019521
1006460,1019537
1006460,1019538
1006460,1019562
1006460,1019601
1006460,1019606
1006460,1019636
1006460,1019641
1006460,1019654
1006460,1019667
1006460,1019705
1006460,1019719
1006460,1019725
1006460,1019728
1006460,1019743
1006460,1019748
1006460,1019763
1006460,1019796
1006460,1019816
1006460,1019823
1006460,1019833
1006461,1006461
1006462,1006462
1006463,1006463
1006464,1006464
1006465,1006465
1006466,1006466
1006467,1006467
1006468,1006468
1006468,1012397
1006469,1006469
1006470,1006470
1006470,1008794
1006470,1008795
1006470,1017105
1006470,1017712
1006470,1017713
1006471,1006471
1006472,1006472
1006473,1006473
1006474,1006474
1006475,1006475
1006476,1006476
1006476,1009255
1006476,1012237
1006476,1014655
1006476,1018044
1006476,1018334
1006477,1006477
1006478,1006478
1006479,1006479
1006480,1006480
1006481,1006481
1006482,1006482
1006483,1006483
1006484,1006484
1006485,1006485
1006486,1006486
1006487,1006487
1006488,1006488
1006489,1006489
1006490,1006490
1006490,1006534
1006490,1006538
1006490,1006640
1006490,1006696
1006490,1006828
1006490,1006877
1006490,1007106
1006490,1007114
1006490,1007158
1006490,1007325
1006490,1007363
1006490,1007700
1006490,1007766
1006490,1007768
1006490,1007770
1006491,1006491
1006491,1006535
1006491,1006539
1006491,1006641
1006491,1006697
1006491,1006829
1006491,1006878
1006491,1007107
1006491,1007115
1006491,1007159
1006491,1007326
1006491,1007364
1006491,1007701
1006491,1007767
1006491,1007769
1006491,1007771
1006491,1008334
1006491,1011640
1006491,1012054
1006491,1012630
1006491,1013373
1006491,1014167
1006491,1014573
1006491,1014761
1006491,1015173
1006491,1015245
1006491,1015908
1006491,1016229
1006491,1017049
1006492,1006492
1006492,1007076
1006493,1006493
1006493,1007077
1006493,1012149
1006493,1018053
1006494,1006494
1006494,1007292
1006494,1007634
1006495,1006495
1006495,1007293
1006495,1007635
1006495,1014605
1006495,1015201
1006495,1017803
1006495,1018437
1006496,1006496
1006497,1006497
1006498,1006498
1006499,1006499
1006500,1006500
1006500,1006602
1006500,1006942
1006500,1007078
1006500,1007220
1006500,1007420
1006500,1007516
1006500,1007556
1006500,1007805
1006501,1006501
1006501,1006603
1006501,1006943
1006501,1007079
1006501,1007221
1006501,1007421
1006501,1007517
1006501,1007557
1006501,1007806
1006501,1008143
1006501,1008223
1006501,1008224
1006501,1008237
1006501,1008238
1006501,1008265
1006501,1008266
1006501,1008296
1006501,1008297
1006501,1008425
1006501,1008426
1006501,1008462
1006501,1008463
1006501,1008475
1006501,1008476
1006501,1008510
1006501,1008511
1006501,1008563
1006501,1008585
1006501,1008701
1006501,1008775
1006501,1008789
1006501,1008790
1006501,1008909
1006501,1008910
1006501,1008987
1006501,1009037
1006501,1009244
1006501,1009245
1006501,1009286
1006501,1009287
1006501,1009301
1006501,1009387
1006501,1009391
1006501,1009417
1006501,1009518
1006501,1009519
1006501,1009541
1006501,1009561
1006501,1009562
1006501,1009681
1006501,1009768
1006501,1009813
1006501,1009875
1006501,1009876
1006501,1009911
1006501,1009948
1006501,1009962
1006501,1009999
1006501,1010006
1006501,1010071
1006501,1010080
1006501,1010144
1006501,1010147
1006501,1010208
1006501,1010284
1006501,1010496
1006501,1010594
1006501,1010595
1006501,1010607
1006501,1010608
1006501,1010682
1006501,1010772
1006501,1010780
1006501,1010802
1006501,1010820
1006501,1010908
1006501,1010909
1006501,1010957
1006501,1010996
1006501,1010997
1006501,1011025
1006501,1011121
1006501,1011226
1006501,1011264
1006501,1011265
1006501,1011401
1006501,1011402
1006501,1011418
1006501,1011430
1006501,1011431
1006501,1011624
1006501,1011650
1006501,1011703
1006501,1011765
1006501,1011766
1006501,1011803
1006501,1011804
1006501,1011935
1006501,1011977
1006501,1012074
1006501,1012143
1006501,1012153
1006501,1012158
1006501,1012171
1006501,1012190
1006501,1012191
1006501,1012428
1006501,1012429
1006501,1012462
1006501,1012695
1006501,1012720
1006501,1012735
1006501,1012762
1006501,1012763
1006501,1012800
1006501,1012874
1006501,1013020
1006501,1013021
1006501,1013055
1006501,1013057
1006501,1013087
1006501,1013193
1006501,1013195
1006501,1013196
1006501,1013219
1006501,1013238
1006501,1013314
1006501,1013346
1006501,1013617
1006501,1013618
1006501,1013632
1006501,1013712
1006501,1013752
1006501,1013766
1006501,1013875
1006501,1013897
1006501,1013918
1006501,1013926
1006501,1013927
1006501,1013963
1006501,1014027
1006501,1014091
1006501,1014275
1006501,1014384
1006501,1014458
1006501,1014499
1006501,1014650
1006501,1014690
1006501,1014696
1006501,1014746
1006501,1014752
1006501,1014759
1006501,1014764
1006501,1014765
1006501,1014773
1006501,1014990
1006501,1015253
1006501,1015271
1006501,1015328
1006501,1015353
1006501,1015367
1006501,1015369
1006501,1015434
1006501,1015501
1006501,1015517
1006501,1015592
1006501,1015606
1006501,1015626
1006501,1015627
1006501,1015722
1006501,1015723
1006501,1015749
1006501,1015752
1006501,1015767
1006501,1015768
1006501,1015860
1006501,1015872
1006501,1015890
1006501,1016010
1006501,1016135
1006501,1016346
1006501,1016500
1006501,1016537
1006501,1016544
1006501,1016577
1006501,1016585
1006501,1016620
1006501,1016657
1006501,1016668
1006501,1016695
1006501,1016696
1006501,1016711
1006501,1016712
1006501,1016721
1006501,1016722
1006501,1016796
1006501,1016812
1006501,1016891
1006501,1017226
1006501,1017245
1006501,1017403
1006501,1017432
1006501,1017468
1006501,1017641
1006501,1017666
1006501,1017703
1006501,1017859
1006501,1017898
1006501,1018198
1006501,1018210
1006501,1018372
1006501,1018376
1006501,1018475
1006501,1018528
1006501,1018534
1006501,1018616
1006502,1006502
1006503,1006503
1006503,1011526
1006504,1006504
1006505,1006505
1006505,1009966
1006506,1006502
1006506,1006504
1006506,1006506
1006506,1006508
1006506,1006514
1006506,1006586
1006506,1006588
1006506,1006606
1006506,1006614
1006506,1006804
1006506,1006970
1006506,1007108
1006506,1007140
1006506,1007160
1006506,1007162
1006506,1007164
1006506,1007184
1006506,1007238
1006506,1007353
1006506,1007375
1006506,1007377
1006506,1007379
1006506,1007381
1006506,1007383
1006506,1007385
1006506,1007442
1006506,1007444
1006506,1007504
1006506,1007574
1006506,1007650
1006506,1007660
1006506,1007698
1006506,1007728
1006506,1007746
1006506,1007748
1006506,1007754
1006506,1007776
1006506,1007902
1006506,1007904
1006506,1007949
1006506,1007951
1006506,1007953
1006506,1007972
1006506,1007974
1006506,1008004
1006506,1008080
1006506,1008098
1006506,1008100
1006506,1008102
1006507,1006503
1006507,1006505
1006507,1006507
1006507,1006509
1006507,1006515
1006507,1006587
1006507,1006589
1006507,1006607
1006507,1006615
1006507,1006805
1006507,1006971
1006507,1007109
1006507,1007141
1006507,1007161
1006507,1007163
1006507,1007165
1006507,1007185
1006507,1007239
1006507,1007354
1006507,1007376
1006507,1007378
1006507,1007380
1006507,1007382
1006507,1007384
1006507,1007386
1006507,1007443
1006507,1007445
1006507,1007505
1006507,1007575
1006507,1007651
1006507,1007661
1006507,1007699
1006507,1007729
1006507,1007747
1006507,1007749
1006507,1007755
1006507,1007777
1006507,1007903
1006507,1007905
1006507,1007950
1006507,1007952
1006507,1007954
1006507,1007973
1006507,1007975
1006507,1008005
1006507,1008081
1006507,1008099
1006507,1008101
1006507,1008103
1006507,1008165
1006507,1008166
1006507,1008169
1006507,1008189
1006507,1008190
1006507,1008193
1006507,1008218
1006507,1008219
1006507,1008230
1006507,1008259
1006507,1008303
1006507,1008304
1006507,1008335
1006507,1008369
1006507,1008370
1006507,1008382
1006507,1008419
1006507,1008428
1006507,1008429
1006507,1008458
1006507,1008469
1006507,1008498
1006507,1008499
1006507,1008517
1006507,1008532
1006507,1008589
1006507,1008600
1006507,1008601
1006507,1008602
1006507,1008618
1006507,1008619
1006507,1008632
1006507,1008650
1006507,1008662
1006507,1008663
1006507,1008665
1006507,1008671
1006507,1008672
1006507,1008697
1006507,1008706
1006507,1008715
1006507,1008724
1006507,1008733
1006507,1008811
1006507,1008849
1006507,1008852
1006507,1008874
1006507,1008875
1006507,1008888
1006507,1008909
1006507,1008910
1006507,1008917
1006507,1008918
1006507,1008922
1006507,1008958
1006507,1008959
1006507,1008971
1006507,1008972
1006507,1009018
1006507,1009037
1006507,1009071
1006507,1009104
1006507,1009145
1006507,1009148
1006507,1009149
1006507,1009178
1006507,1009179
1006507,1009184
1006507,1009191
1006507,1009255
1006507,1009305
1006507,1009308
1006507,1009376
1006507,1009391
1006507,1009395
1006507,1009414
1006507,1009421
1006507,1009444
1006507,1009461
1006507,1009502
1006507,1009512
1006507,1009539
1006507,1009541
1006507,1009548
1006507,1009570
1006507,1009578
1006507,1009616
1006507,1009662
1006507,1009670
1006507,1009688
1006507,1009768
1006507,1009771
1006507,1009793
1006507,1009804
1006507,1009805
1006507,1009811
1006507,1009812
1006507,1009854
1006507,1009860
1006507,1009862
1006507,1009870
1006507,1009881
1006507,1009887
1006507,1009896
1006507,1009962
1006507,1009966
1006507,1009974
1006507,1009977
1006507,1009988
1006507,1009989
1006507,1010000
1006507,1010030
1006507,1010037
1006507,1010043
1006507,1010051
1006507,1010060
1006507,1010066
1006507,1010081
1006507,1010144
1006507,1010166
1006507,1010172
1006507,1010173
1006507,1010187
1006507,1010199
1006507,1010220
1006507,1010221
1006507,1010250
1006507,1010315
1006507,1010336
1006507,1010344
1006507,1010390
1006507,1010392
1006507,1010512
1006507,1010518
1006507,1010587
1006507,1010599
1006507,1010601
1006507,1010612
1006507,1010633
1006507,1010643
1006507,1010662
1006507,1010668
1006507,1010747
1006507,1010758
1006507,1010773
1006507,1010780
1006507,1010783
1006507,1010803
1006507,1010820
1006507,1010826
1006507,1010901
1006507,1010907
1006507,1010944
1006507,1010981
1006507,1010982
1006507,1010983
1006507,1011007
1006507,1011019
1006507,1011025
1006507,1011028
1006507,1011029
1006507,1011072
1006507,1011088
1006507,1011094
1006507,1011098
1006507,1011113
1006507,1011114
1006507,1011127
1006507,1011136
1006507,1011144
1006507,1011155
1006507,1011187
1006507,1011203
1006507,1011219
1006507,1011264
1006507,1011267
1006507,1011268
1006507,1011273
1006507,1011299
1006507,1011306
1006507,1011311
1006507,1011320
1006507,1011338
1006507,1011355
1006507,1011401
1006507,1011405
1006507,1011418
1006507,1011471
1006507,1011500
1006507,1011526
1006507,1011532
1006507,1011567
1006507,1011568
1006507,1011577
1006507,1011607
1006507,1011608
1006507,1011612
1006507,1011624
1006507,1011650
1006507,1011665
1006507,1011672
1006507,1011689
1006507,1011690
1006507,1011703
1006507,1011716
1006507,1011734
1006507,1011778
1006507,1011782
1006507,1011802
1006507,1011852
1006507,1011855
1006507,1011902
1006507,1011908
1006507,1011915
1006507,1011926
1006507,1011953
1006507,1011969
1006507,1011977
1006507,1011994
1006507,1012005
1006507,1012033
1006507,1012088
1006507,1012097
1006507,1012119
1006507,1012172
1006507,1012175
1006507,1012182
1006507,1012221
1006507,1012237
1006507,1012325
1006507,1012350
1006507,1012351
1006507,1012398
1006507,1012407
1006507,1012408
1006507,1012420
1006507,1012458
1006507,1012481
1006507,1012482
1006507,1012490
1006507,1012500
1006507,1012503
1006507,1012543
1006507,1012544
1006507,1012546
1006507,1012574
1006507,1012610
1006507,1012629
1006507,1012657
1006507,1012679
1006507,1012687
1006507,1012696
1006507,1012720
1006507,1012752
1006507,1012753
1006507,1012755
1006507,1012770
1006507,1012856
1006507,1012862
1006507,1012902
1006507,1012919
1006507,1012928
1006507,1012957
1006507,1012958
1006507,1012959
1006507,1012976
1006507,1012997
1006507,1013012
1006507,1013013
1006507,1013043
1006507,1013057
1006507,1013071
1006507,1013097
1006507,1013113
1006507,1013142
1006507,1013143
1006507,1013150
1006507,1013151
1006507,1013152
1006507,1013172
1006507,1013232
1006507,1013233
1006507,1013236
1006507,1013251
1006507,1013256
1006507,1013260
1006507,1013296
1006507,1013312
1006507,1013320
1006507,1013333
1006507,1013342
1006507,1013346
1006507,1013355
1006507,1013362
1006507,1013389
1006507,1013425
1006507,1013468
1006507,1013485
1006507,1013487
1006507,1013508
1006507,1013523
1006507,1013529
1006507,1013558
1006507,1013559
1006507,1013574
1006507,1013646
1006507,1013651
1006507,1013664
1006507,1013696
1006507,1013711
1006507,1013752
1006507,1013778
1006507,1013846
1006507,1013858
1006507,1013859
1006507,1013880
1006507,1013893
1006507,1013906
1006507,1013929
1006507,1013976
1006507,1013990
1006507,1014010
1006507,1014015
1006507,1014018
1006507,1014027
1006507,1014037
1006507,1014043
1006507,1014052
1006507,1014077
1006507,1014129
1006507,1014136
1006507,1014156
1006507,1014185
1006507,1014195
1006507,1014218
1006507,1014226
1006507,1014238
1006507,1014280
1006507,1014293
1006507,1014299
1006507,1014304
1006507,1014319
1006507,1014342
1006507,1014367
1006507,1014370
1006507,1014374
1006507,1014378
1006507,1014412
1006507,1014413
1006507,1014422
1006507,1014465
1006507,1014472
1006507,1014474
1006507,1014494
1006507,1014495
1006507,1014498
1006507,1014516
1006507,1014523
1006507,1014548
1006507,1014552
1006507,1014560
1006507,1014568
1006507,1014580
1006507,1014581
1006507,1014591
1006507,1014631
1006507,1014650
1006507,1014655
1006507,1014678
1006507,1014685
1006507,1014690
1006507,1014693
1006507,1014708
1006507,1014721
1006507,1014725
1006507,1014748
1006507,1014777
1006507,1014780
1006507,1014784
1006507,1014788
1006507,1014802
1006507,1014825
1006507,1014870
1006507,1014910
1006507,1014915
1006507,1014916
1006507,1014990
1006507,1015037
1006507,1015056
1006507,1015070
1006507,1015077
1006507,1015101
1006507,1015103
1006507,1015121
1006507,1015148
1006507,1015218
1006507,1015271
1006507,1015299
1006507,1015309
1006507,1015370
1006507,1015393
1006507,1015417
1006507,1015423
1006507,1015424
1006507,1015429
1006507,1015444
1006507,1015455
1006507,1015462
1006507,1015484
1006507,1015485
1006507,1015498
1006507,1015516
1006507,1015529
1006507,1015532
1006507,1015578
1006507,1015589
1006507,1015590
1006507,1015620
1006507,1015696
1006507,1015770
1006507,1015779
1006507,1015792
1006507,1015793
1006507,1015795
1006507,1015834
1006507,1015842
1006507,1015849
1006507,1015856
1006507,1015879
1006507,1015889
1006507,1015943
1006507,1015956
1006507,1015965
1006507,1015982
1006507,1016004
1006507,1016010
1006507,1016044
1006507,1016045
1006507,1016081
1006507,1016126
1006507,1016150
1006507,1016166
1006507,1016190
1006507,1016192
1006507,1016215
1006507,1016246
1006507,1016271
1006507,1016282
1006507,1016304
1006507,1016309
1006507,1016310
1006507,1016317
1006507,1016335
1006507,1016388
1006507,1016389
1006507,1016399
1006507,1016409
1006507,1016428
1006507,1016465
1006507,1016483
1006507,1016494
1006507,1016532
1006507,1016536
1006507,1016541
1006507,1016550
1006507,1016561
1006507,1016562
1006507,1016584
1006507,1016608
1006507,1016633
1006507,1016641
1006507,1016646
1006507,1016658
1006507,1016659
1006507,1016666
1006507,1016671
1006507,1016680
1006507,1016708
1006507,1016717
1006507,1016721
1006507,1016722
1006507,1016733
1006507,1016760
1006507,1016770
1006507,1016786
1006507,1016795
1006507,1016796
1006507,1016810
1006507,1016821
1006507,1016878
1006507,1016888
1006507,1016891
1006507,1016916
1006507,1016932
1006507,1016959
1006507,1016992
1006507,1017000
1006507,1017023
1006507,1017024
1006507,1017048
1006507,1017062
1006507,1017085
1006507,1017087
1006507,1017089
1006507,1017093
1006507,1017111
1006507,1017137
1006507,1017173
1006507,1017188
1006507,1017194
1006507,1017226
1006507,1017280
1006507,1017365
1006507,1017370
1006507,1017383
1006507,1017408
1006507,1017422
1006507,1017435
1006507,1017468
1006507,1017472
1006507,1017479
1006507,1017489
1006507,1017491
1006507,1017494
1006507,1017525
1006507,1017550
1006507,1017575
1006507,1017634
1006507,1017660
1006507,1017663
1006507,1017664
1006507,1017666
1006507,1017669
1006507,1017686
1006507,1017701
1006507,1017705
1006507,1017729
1006507,1017741
1006507,1017749
1006507,1017754
1006507,1017763
1006507,1017767
1006507,1017805
1006507,1017837
1006507,1017841
1006507,1017852
1006507,1017899
1006507,1017914
1006507,1017950
1006507,1017985
1006507,1018016
1006507,1018043
1006507,1018044
1006507,1018071
1006507,1018109
1006507,1018127
1006507,1018162
1006507,1018205
1006507,1018210
1006507,1018230
1006507,1018239
1006507,1018241
1006507,1018286
1006507,1018292
1006507,1018311
1006507,1018321
1006507,1018327
1006507,1018334
1006507,1018376
1006507,1018377
1006507,1018388
1006507,1018395
1006507,1018402
1006507,1018418
1006507,1018457
1006507,1018473
1006507,1018502
1006507,1018504
1006507,1018533
1006507,1018552
1006507,1018555
1006507,1018582
1006507,1018607
1006507,1018610
1006507,1018611
1006507,1018616
1006507,1018688
1006507,1018740
1006507,1018766
1006507,1018805
1006507,1018852
1006507,1018854
1006507,1018855
1006507,1018898
1006507,1018937
1006507,1019033
1006507,1019041
1006507,1019042
1006507,1019106
1006507,1019135
1006507,1019222
1006507,1019227
1006507,1019257
1006507,1019262
1006507,1019310
1006507,1019424
1006507,1019438
1006507,1019440
1006507,1019465
1006507,1019500
1006507,1019501
1006507,1019578
1006507,1019712
1006508,1006508
1006509,1006509
1006509,1008169
1006509,1008218
1006509,1008219
1006509,1008335
1006509,1008370
1006509,1008419
1006509,1008428
1006509,1008429
1006509,1008498
1006509,1008665
1006509,1008706
1006509,1008811
1006509,1008852
1006509,1008888
1006509,1008909
1006509,1008910
1006509,1008918
1006509,1009071
1006509,1009688
1006509,1009771
1006509,1009804
1006509,1009805
1006509,1009887
1006509,1010051
1006509,1010144
1006509,1010173
1006509,1010250
1006509,1010392
1006509,1010587
1006509,1010643
1006509,1010803
1006509,1010981
1006509,1010982
1006509,1010983
1006509,1011007
1006509,1011019
1006509,1011144
1006509,1011203
1006509,1011500
1006509,1011532
1006509,1011568
1006509,1011703
1006509,1011855
1006509,1011908
1006509,1011926
1006509,1011953
1006509,1011977
1006509,1011994
1006509,1012119
1006509,1012175
1006509,1012503
1006509,1012856
1006509,1012902
1006509,1012919
1006509,1012959
1006509,1013142
1006509,1013143
1006509,1013152
1006509,1013172
1006509,1013346
1006509,1013355
1006509,1013362
1006509,1013485
1006509,1013487
1006509,1013558
1006509,1013559
1006509,1013696
1006509,1013752
1006509,1013846
1006509,1013906
1006509,1014077
1006509,1014185
1006509,1014304
1006509,1014367
1006509,1014474
1006509,1014498
1006509,1014548
1006509,1014560
1006509,1014568
1006509,1014690
1006509,1014708
1006509,1014721
1006509,1014748
1006509,1014780
1006509,1014870
1006509,1014990
1006509,1015299
1006509,1015370
1006509,1015393
1006509,1015455
1006509,1015589
1006509,1015856
1006509,1015889
1006509,1015956
1006509,1015982
1006509,1016044
1006509,1016428
1006509,1016494
1006509,1016541
1006509,1016550
1006509,1016561
1006509,1016562
1006509,1016584
1006509,1016641
1006509,1016666
1006509,1016671
1006509,1016717
1006509,1016721
1006509,1016722
1006509,1016821
1006509,1016888
1006509,1016932
1006509,1016992
1006509,1017087
1006509,1017226
1006509,1017280
1006509,1017494
1006509,1017666
1006509,1017701
1006509,1017729
1006509,1017837
1006509,1017985
1006509,1018109
1006509,1018127
1006509,1018162
1006509,1018210
1006509,1018239
1006509,1018292
1006509,1018311
1006509,1018552
1006510,1006510
1006511,1006511
1006512,1006512
1006513,1006513
1006514,1006514
1006514,1006804
1006515,1006515
1006515,1006805
1006515,1008532
1006515,1008650
1006515,1008888
1006515,1008909
1006515,1008910
1006515,1009670
1006515,1009896
1006515,1010037
1006515,1010066
1006515,1010144
1006515,1010612
1006515,1010783
1006515,1010901
1006515,1011007
1006515,1011094
1006515,1011127
1006515,1011672
1006515,1011915
1006515,1011969
1006515,1012097
1006515,1012720
1006515,1012862
1006515,1013151
1006515,1013232
1006515,1013233
1006515,1014342
1006515,1014374
1006515,1014690
1006515,1014777
1006515,1014780
1006515,1015077
1006515,1015578
1006515,1015589
1006515,1015620
1006515,1016044
1006515,1016550
1006515,1016561
1006515,1016786
1006515,1016891
1006515,1016992
1006515,1017194
1006515,1017489
1006515,1017491
1006515,1017634
1006515,1018230
1006515,1018555
1006516,1006516
1006517,1006517
1006518,1006518
1006519,1006519
1006519,1014105
1006520,1006520
1006521,1006521
1006521,1008445
1006521,1016277
1006522,1006392
1006522,1006461
1006522,1006489
1006522,1006522
1006522,1006553
1006522,1006554
1006522,1006557
1006522,1006558
1006522,1006650
1006522,1006677
1006522,1006852
1006522,1006879
1006522,1007082
1006522,1007087
1006522,1007393
1006522,1007450
1006522,1007451
1006522,1007486
1006522,1007489
1006522,1007526
1006522,1007555
1006522,1007654
1006522,1007657
1006522,1007790
1006522,1007863
1006522,1007864
1006522,1007867
1006522,1007870
1006522,1007871
1006522,1007874
1006522,1007875
1006522,1007948
1006522,1007957
1006522,1008020
1006522,1008063
1006523,1006523
1006524,1006524
1006525,1006525
1006526,1006526
1006527,1006527
1006528,1006528
1006529,1006529
1006530,1006530
1006531,1006531
1006532,1006532
1006533,1006533
1006534,1006534
1006534,1006538
1006535,1006535
1006535,1006539
1006536,1006534
1006536,1006536
1006536,1006538
1006536,1006640
1006536,1006696
1006536,1006828
1006536,1006877
1006536,1007106
1006536,1007158
1006536,1007252
1006536,1007325
1006536,1007363
1006536,1007387
1006536,1007487
1006536,1007560
1006536,1007600
1006536,1007700
1006536,1007766
1006536,1007770
1006537,1006535
1006537,1006537
1006537,1006539
1006537,1006641
1006537,1006697
1006537,1006829
1006537,1006878
1006537,1007107
1006537,1007159
1006537,1007253
1006537,1007326
1006537,1007364
1006537,1007388
1006537,1007488
1006537,1007561
1006537,1007601
1006537,1007701
1006537,1007767
1006537,1007771
1006537,1012054
1006537,1014761
1006538,1006538
1006539,1006539
1006540,1006540
1006541,1006541
1006542,1006542
1006543,1006543
1006544,1006544
1006545,1006545
1006546,1006546
1006547,1006547
1006547,1014073
1006548,1006548
1006549,1006411
1006549,1006549
1006549,1006594
1006549,1007214
1006549,1007284
1006549,1007290
1006549,1007345
1006549,1008070
1006549,1008072
1006550,1006412
1006550,1006550
1006550,1006595
1006550,1007215
1006550,1007285
1006550,1007291
1006550,1007346
1006550,1008071
1006550,1008073
1006550,1009161
1006550,1017193
1006550,1018849
1006550,1019727
1006551,1006551
1006551,1006604
1006551,1007224
1006551,1007829
1006551,1008122
1006552,1006552
1006552,1006605
1006552,1007225
1006552,1007830
1006552,1008123
1006552,1008914
1006552,1009014
1006552,1009015
1006552,1009340
1006552,1009364
1006552,1009365
1006552,1009569
1006552,1009867
1006552,1010126
1006552,1010183
1006552,1010184
1006552,1010234
1006552,1010306
1006552,1010906
1006552,1011313
1006552,1011447
1006552,1011495
1006552,1011911
1006552,1011923
1006552,1012123
1006552,1012267
1006552,1012269
1006552,1012560
1006552,1012561
1006552,1013006
1006552,1013382
1006552,1013416
1006552,1013433
1006552,1013492
1006552,1013682
1006552,1013940
1006552,1014115
1006552,1014314
1006552,1014315
1006552,1014751
1006552,1014923
1006552,1014924
1006552,1014959
1006552,1015132
1006552,1015136
1006552,1015251
1006552,1015449
1006552,1015478
1006552,1015486
1006552,1015563
1006552,1015781
1006552,1015941
1006552,1016062
1006552,1016268
1006552,1016716
1006552,1016718
1006552,1017031
1006552,1017162
1006552,1017313
1006552,1017455
1006552,1018319
1006552,1018548
1006552,1018586
1006553,1006553
1006554,1006554
1006555,1006555
1006556,1006556
1006557,1006557
1006558,1006558
1006559,1006559
1006560,1006560
1006561,1006561
1006562,1006562
1006562,1008465
1006562,1014263
1006563,1006563
1006564,1006564
1006564,1012813
1006564,1013948
1006564,1015704
1006565,1006565
1006566,1006566
1006567,1006567
1006568,1006568
1006569,1006569
1006570,1006570
1006571,1006571
1006572,1006572
1006572,1008835
1006572,1015810
1006572,1017832
1006573,1006573
1006574,1006574
1006574,1009797
1006575,1006575
1006576,1006576
1006577,1006577
1006578,1006578
1006579,1006579
1006579,1018235
1006580,1006580
1006581,1006581
1006582,1006582
1006583,1006583
1006584,1006584
1006585,1006585
1006586,1006586
1006586,1007140
1006587,1006587
1006587,1007141
1006587,1008165
1006587,1008166
1006587,1008230
1006587,1008259
1006587,1008469
1006587,1008499
1006587,1008517
1006587,1008532
1006587,1008632
1006587,1008671
1006587,1008672
1006587,1008697
1006587,1008715
1006587,1008724
1006587,1008849
1006587,1008852
1006587,1008874
1006587,1008875
1006587,1008917
1006587,1008958
1006587,1008959
1006587,1009018
1006587,1009104
1006587,1009178
1006587,1009179
1006587,1009305
1006587,1009308
1006587,1009376
1006587,1009414
1006587,1009421
1006587,1009444
1006587,1009461
1006587,1009502
1006587,1009512
1006587,1009539
1006587,1009541
1006587,1009570
1006587,1009578
1006587,1009662
1006587,1009768
1006587,1009862
1006587,1009870
1006587,1009881
1006587,1009896
1006587,1009974
1006587,1009988
1006587,1009989
1006587,1010043
1006587,1010166
1006587,1010172
1006587,1010199
1006587,1010220
1006587,1010336
1006587,1010599
1006587,1010633
1006587,1010662
1006587,1010668
1006587,1010758
1006587,1010773
1006587,1010780
1006587,1010820
1006587,1010826
1006587,1010907
1006587,1011025
1006587,1011088
1006587,1011098
1006587,1011136
1006587,1011219
1006587,1011264
1006587,1011273
1006587,1011311
1006587,1011338
1006587,1011355
1006587,1011401
1006587,1011532
1006587,1011567
1006587,1011577
1006587,1011650
1006587,1011716
1006587,1011782
1006587,1011902
1006587,1012033
1006587,1012172
1006587,1012221
1006587,1012325
1006587,1012398
1006587,1012407
1006587,1012408
1006587,1012679
1006587,1012720
1006587,1012928
1006587,1013057
1006587,1013071
1006587,1013113
1006587,1013150
1006587,1013236
1006587,1013251
1006587,1013260
1006587,1013320
1006587,1013333
1006587,1013574
1006587,1013858
1006587,1013929
1006587,1013990
1006587,1014018
1006587,1014037
1006587,1014043
1006587,1014195
1006587,1014218
1006587,1014238
1006587,1014293
1006587,1014413
1006587,1014465
1006587,1014494
1006587,1014591
1006587,1014631
1006587,1014685
1006587,1014784
1006587,1014788
1006587,1014802
1006587,1014910
1006587,1015037
1006587,1015101
1006587,1015444
1006587,1015462
1006587,1015484
1006587,1015485
1006587,1015529
1006587,1015779
1006587,1015795
1006587,1015834
1006587,1015842
1006587,1015879
1006587,1015943
1006587,1015965
1006587,1016045
1006587,1016166
1006587,1016192
1006587,1016271
1006587,1016304
1006587,1016309
1006587,1016317
1006587,1016388
1006587,1016389
1006587,1016409
1006587,1016536
1006587,1016708
1006587,1016733
1006587,1016760
1006587,1016770
1006587,1016796
1006587,1016891
1006587,1016916
1006587,1016959
1006587,1017048
1006587,1017062
1006587,1017093
1006587,1017111
1006587,1017137
1006587,1017173
1006587,1017188
1006587,1017365
1006587,1017422
1006587,1017472
1006587,1017479
1006587,1017550
1006587,1017669
1006587,1017741
1006587,1017767
1006587,1017837
1006587,1017852
1006587,1017899
1006587,1017914
1006587,1018016
1006587,1018071
1006587,1018205
1006587,1018239
1006587,1018241
1006587,1018327
1006587,1018376
1006587,1018388
1006587,1018395
1006587,1018418
1006587,1018473
1006587,1018502
1006588,1006588
1006589,1006589
1006589,1008189
1006589,1008190
1006589,1008958
1006589,1008959
1006589,1009037
1006589,1009896
1006589,1010220
1006589,1010668
1006589,1011187
1006589,1013057
1006589,1013389
1006589,1013529
1006589,1014010
1006589,1014043
1006589,1016126
1006589,1016409
1006589,1016541
1006589,1017062
1006589,1017137
1006589,1017468
1006589,1018418
1006590,1006590
1006591,1006591
1006591,1008404
1006591,1008405
1006591,1008432
1006591,1008433
1006591,1008559
1006591,1008560
1006591,1008615
1006591,1008648
1006591,1008649
1006591,1008984
1006591,1009131
1006591,1009190
1006591,1009327
1006591,1009504
1006591,1009505
1006591,1009654
1006591,1009656
1006591,1009699
1006591,1009720
1006591,1009831
1006591,1009878
1006591,1009882
1006591,1010031
1006591,1010032
1006591,1010129
1006591,1010249
1006591,1010538
1006591,1010539
1006591,1010652
1006591,1010854
1006591,1010962
1006591,1011128
1006591,1011129
1006591,1011166
1006591,1011269
1006591,1011413
1006591,1011450
1006591,1011451
1006591,1011661
1006591,1011707
1006591,1011784
1006591,1011785
1006591,1011793
1006591,1011864
1006591,1012010
1006591,1012085
1006591,1012127
1006591,1012295
1006591,1012383
1006591,1012384
1006591,1012387
1006591,1012463
1006591,1012491
1006591,1012805
1006591,1012993
1006591,1013129
1006591,1013130
1006591,1013147
1006591,1013411
1006591,1013729
1006591,1013775
1006591,1013891
1006591,1013892
1006591,1014056
1006591,1014098
1006591,1014101
1006591,1014110
1006591,1014203
1006591,1014214
1006591,1014292
1006591,1014927
1006591,1015143
1006591,1015160
1006591,1015276
1006591,1015277
1006591,1015401
1006591,1015470
1006591,1015624
1006591,1015646
1006591,1015719
1006591,1015737
1006591,1015966
1006591,1015988
1006591,1016033
1006591,1016152
1006591,1016344
1006591,1016350
1006591,1016357
1006591,1016603
1006591,1016727
1006591,1016740
1006591,1016830
1006591,1016910
1006591,1016981
1006591,1017057
1006591,1017200
1006591,1017315
1006591,1017433
1006591,1017470
1006591,1017485
1006591,1017813
1006591,1017879
1006591,1017936
1006591,1018059
1006591,1018190
1006591,1018383
1006591,1018385
1006591,1018389
1006591,1018466
1006592,1006592
1006593,1006593
1006594,1006594
1006595,1006595
1006596,1006596
1006597,1006597
1006598,1006598
1006599,1006599
1006600,1006600
1006601,1006601
1006601,1009312
1006601,1014411
1006601,1014590
1006601,1014625
1006601,1015194
1006601,1015410
1006601,1015456
1006601,1015954
1006601,1016016
1006601,1016199
1006601,1017410
1006601,1017968
1006601,1018168
1006601,1018873
1006601,1019036
1006601,1019154
1006601,1019213
1006601,1019214
1006601,1019331
1006601,1019380
1006601,1019570
1006601,1019590
1006601,1019633
1006601,1019640
1006601,1019652
1006601,1019665
1006601,1019756
1006601,1019805
1006602,1006602
1006603,1006603
1006603,1014990
1006603,1016711
1006604,1006604
1006605,1006605
1006605,1013682
1006605,1014959
1006606,1006606
1006607,1006607
1006607,1010315
1006607,1012481
1006607,1012482
1006607,1018109
1006608,1006608
1006608,1007034
1006609,1006609
1006609,1007035
1006609,1010092
1006609,1010363
1006609,1011052
1006609,1011586
1006609,1015033
1006609,1015317
1006609,1015595
1006609,1015884
1006609,1016555
1006609,1017958
1006609,1018517
1006610,1006610
1006610,1006789
1006611,1006611
1006611,1006790
1006611,1008441
1006611,1008879
1006611,1008880
1006611,1008926
1006611,1009112
1006611,1009795
1006611,1010609
1006611,1010610
1006611,1010722
1006611,1010741
1006611,1011095
1006611,1011321
1006611,1011322
1006611,1011472
1006611,1012067
1006611,1012624
1006611,1012796
1006611,1013294
1006611,1013405
1006611,1013576
1006611,1013668
1006611,1014311
1006611,1014335
1006611,1014337
1006611,1014879
1006611,1014908
1006611,1015084
1006611,1015500
1006611,1015522
1006611,1015656
1006611,1015741
1006611,1015742
1006611,1016083
1006611,1016436
1006611,1016511
1006611,1016920
1006611,1017106
1006611,1017150
1006611,1017576
1006611,1017605
1006611,1017619
1006611,1017620
1006611,1017635
1006611,1017676
1006611,1017978
1006611,1017983
1006611,1018574
1006612,1006612
1006613,1006613
1006614,1006614
1006615,1006615
1006615,1011471
1006615,1014136
1006615,1015218
1006615,1015532
1006615,1015578
1006615,1016282
1006615,1017062
1006616,1006616
1006617,1006617
1006617,1018245
1006617,1018412
1006618,1006618
1006619,1006619
1006620,1006620
1006621,1006621
1006622,1006341
1006622,1006520
1006622,1006622
1006623,1006342
1006623,1006521
1006623,1006623
1006623,1008445
1006623,1016277
1006624,1006624
1006625,1006625
1006626,1006626
1006627,1006627
1006628,1006628
1006629,1006629
1006630,1006630
1006631,1006631
1006632,1006632
1006633,1006633
1006634,1006634
1006634,1007498
1006635,1006635
1006635,1007499
1006635,1010979
1006635,1018832
1006635,1019056
1006636,1006636
1006637,1006637
1006638,1006638
1006639,1006639
1006639,1014970
1006640,1006640
1006640,1007325
1006640,1007700
1006641,1006641
1006641,1007326
1006641,1007701
1006641,1012054
1006641,1014761
1006642,1006642
1006642,1007418
1006642,1007990
1006643,1006643
1006643,1007419
1006643,1007991
1006643,1008349
1006643,1008350
1006643,1008833
1006643,1008834
1006643,1009010
1006643,1009320
1006643,1009324
1006643,1010168
1006643,1010811
1006643,1013262
1006643,1013263
1006643,1014781
1006643,1014872
1006643,1015515
1006643,1017002
1006643,1017412
1006643,1017765
1006643,1018654
1006643,1018876
1006644,1006644
1006645,1006645
1006646,1006646
1006647,1006647
1006648,1006648
1006649,1006649
1006650,1006650
1006651,1006651
1006652,1006652
1006653,1006653
1006654,1006654
1006654,1008937
1006654,1010335
1006654,1010636
1006654,1011411
1006654,1012271
1006654,1014518
1006654,1014624
1006654,1015310
1006654,1017060
1006654,1018289
1006655,1006655
1006656,1006656
1006656,1010042
1006656,1010213
1006656,1012131
1006657,1006657
1006658,1006658
1006659,1006384
1006659,1006429
1006659,1006479
1006659,1006612
1006659,1006659
1006659,1006734
1006660,1006385
1006660,1006430
1006660,1006480
1006660,1006613
1006660,1006660
1006660,1006735
1006660,1008386
1006660,1009057
1006660,1010540
1006660,1011333
1006660,1011511
1006660,1011539
1006660,1011762
1006660,1013136
1006660,1013257
1006660,1013258
1006660,1014085
1006660,1014386
1006660,1014815
1006660,1015123
1006660,1015203
1006660,1015467
1006660,1015468
1006660,1016828
1006660,1016961
1006660,1017637
1006660,1017948
1006660,1018003
1006660,1018105
1006660,1018613
1006661,1006661
1006662,1006662
1006663,1006663
1006664,1006664
1006665,1006665
1006666,1006666
1006667,1006667
1006668,1006668
1006669,1006669
1006670,1006670
1006671,1006671
1006672,1006672
1006673,1006673
1006674,1006674
1006675,1006675
1006676,1006676
1006677,1006677
1006678,1006360
1006678,1006362
1006678,1006678
1006679,1006361
1006679,1006363
1006679,1006679
1006680,1006680
1006681,1006681
1006682,1006682
1006683,1006683
1006683,1009110
1006683,1009111
1006683,1009643
1006683,1012946
1006683,1016937
1006683,1018840
1006683,1018956
1006683,1019435
1006683,1019741
1006684,1006684
1006685,1006685
1006685,1013690
1006685,1017350
1006686,1006686
1006687,1006687
1006688,1006688
1006689,1006689
1006690,1006690
1006691,1006691
1006692,1006692
1006693,1006693
1006693,1016781
1006694,1006694
1006695,1006695
1006696,1006696
1006697,1006697
1006698,1006698
1006699,1006699
1006700,1006700
1006701,1006701
1006702,1006702
1006703,1006703
1006703,1011207
1006703,1011576
1006703,1016431
1006704,1006704
1006705,1006705
1006706,1006706
1006707,1006707
1006707,1008436
1006707,1008437
1006707,1011677
1006707,1011678
1006707,1011692
1006707,1012160
1006707,1012495
1006707,1012984
1006707,1013679
1006707,1013857
1006707,1014997
1006707,1015239
1006707,1015395
1006707,1017140
1006707,1017838
1006708,1006708
1006709,1006709
1006709,1008156
1006709,1008824
1006709,1009975
1006709,1011391
1006709,1012228
1006709,1016212
1006709,1018645
1006710,1006710
1006711,1006711
1006712,1006712
1006713,1006713
1006714,1006714
1006715,1006715
1006716,1006716
1006717,1006717
1006718,1006718
1006719,1006719
1006720,1006720
1006721,1006721
1006722,1006722
1006723,1006723
1006724,1006724
1006725,1006725
1006725,1008902
1006725,1010018
1006725,1013060
1006725,1013978
1006725,1014812
1006725,1015633
1006725,1016036
1006726,1006726
1006726,1007046
1006726,1007088
1006726,1008061
1006727,1006727
1006727,1007047
1006727,1007089
1006727,1008062
1006727,1008216
1006727,1008319
1006727,1008320
1006727,1008493
1006727,1008494
1006727,1008556
1006727,1008557
1006727,1008752
1006727,1008753
1006727,1009372
1006727,1009558
1006727,1009852
1006727,1009853
1006727,1010158
1006727,1011288
1006727,1011289
1006727,1011809
1006727,1011810
1006727,1012615
1006727,1012616
1006727,1013194
1006727,1013633
1006727,1013634
1006727,1014004
1006727,1014039
1006727,1014125
1006727,1014239
1006727,1014533
1006727,1014689
1006727,1014704
1006727,1014860
1006727,1014999
1006727,1015043
1006727,1015176
1006727,1015198
1006727,1015617
1006727,1015756
1006727,1015867
1006727,1016060
1006727,1016296
1006727,1016297
1006727,1016371
1006727,1016548
1006727,1016697
1006727,1016703
1006727,1017461
1006727,1017835
1006727,1018218
1006727,1018664
1006727,1018674
1006727,1018723
1006727,1018953
1006727,1018959
1006727,1019242
1006727,1019321
1006727,1019466
1006727,1019502
1006727,1019583
1006727,1019738
1006727,1019820
1006728,1006728
1006729,1006729
1006729,1008220
1006729,1008319
1006729,1008320
1006729,1008493
1006729,1008494
1006729,1008556
1006729,1008557
1006729,1008752
1006729,1008753
1006729,1009306
1006729,1009307
1006729,1009372
1006729,1009558
1006729,1009820
1006729,1009852
1006729,1009853
1006729,1010779
1006729,1011288
1006729,1011289
1006729,1011810
1006729,1012478
1006729,1012615
1006729,1012616
1006729,1013194
1006729,1013633
1006729,1013634
1006729,1014004
1006729,1014039
1006729,1014125
1006729,1014239
1006729,1014501
1006729,1014704
1006729,1014860
1006729,1014999
1006729,1015043
1006729,1015176
1006729,1015217
1006729,1015617
1006729,1015756
1006729,1015867
1006729,1016060
1006729,1016296
1006729,1016297
1006729,1016371
1006729,1016548
1006729,1016697
1006729,1016703
1006729,1017461
1006729,1018165
1006729,1018433
1006730,1006730
1006731,1006731
1006732,1006732
1006733,1006733
1006734,1006734
1006735,1006735
1006736,1006736
1006737,1006737
1006738,1006738
1006739,1006739
1006740,1006740
1006741,1006741
1006742,1006742
1006743,1006743
1006744,1006744
1006745,1006745
1006746,1006746
1006747,1006747
1006748,1006748
1006749,1006749
1006750,1006750
1006751,1006751
1006752,1006752
1006753,1006753
1006754,1006754
1006754,1012202
1006754,1013439
1006755,1006755
1006756,1006756
1006756,1009349
1006756,1011200
1006757,1006757
1006758,1006758
1006759,1006759
1006760,1006760
1006761,1006761
1006762,1006762
1006763,1006763
1006764,1006764
1006764,1017345
1006765,1006765
1006766,1006766
1006767,1006767
1006768,1006768
1006769,1006769
1006770,1006770
1006771,1006771
1006772,1006772
1006773,1006773
1006774,1006774
1006775,1006775
1006776,1006776
1006776,1008191
1006776,1008192
1006776,1008521
1006776,1008778
1006776,1008779
1006776,1009555
1006776,1009594
1006776,1010275
1006776,1010432
1006776,1010681
1006776,1010730
1006776,1010911
1006776,1011063
1006776,1011459
1006776,1011705
1006776,1011895
1006776,1012108
1006776,1012349
1006776,1012736
1006776,1012941
1006776,1013131
1006776,1013533
1006776,1013741
1006776,1013856
1006776,1014373
1006776,1014722
1006776,1014871
1006776,1014873
1006776,1015049
1006776,1015051
1006776,1015137
1006776,1015314
1006776,1015463
1006776,1015673
1006776,1015729
1006776,1015959
1006776,1016116
1006776,1016234
1006776,1016265
1006776,1017112
1006776,1017384
1006776,1017456
1006776,1017850
1006776,1017872
1006776,1018141
1006776,1018187
1006776,1018300
1006776,1018551
1006776,1018606
1006776,1018609
1006776,1018651
1006776,1018689
1006776,1018720
1006776,1018774
1006776,1018857
1006776,1018872
1006776,1018892
1006776,1018939
1006776,1019086
1006776,1019122
1006776,1019155
1006776,1019168
1006776,1019184
1006776,1019188
1006776,1019202
1006776,1019210
1006776,1019260
1006776,1019269
1006776,1019311
1006776,1019357
1006776,1019378
1006776,1019406
1006776,1019519
1006776,1019525
1006776,1019611
1006776,1019626
1006776,1019687
1006776,1019765
1006776,1019769
1006776,1019810
1006777,1006777
1006778,1006778
1006779,1006779
1006780,1006780
1006780,1011561
1006781,1006781
1006781,1006910
1006782,1006782
1006782,1006911
1006782,1010912
1006782,1014834
1006782,1016753
1006782,1017174
1006783,1006457
1006783,1006783
1006784,1006458
1006784,1006784
1006784,1015131
1006785,1006785
1006786,1006786
1006787,1006787
1006788,1006788
1006789,1006789
1006790,1006790
1006791,1006791
1006792,1006792
1006792,1008780
1006792,1009114
1006792,1009115
1006792,1009201
1006792,1009202
1006792,1009482
1006792,1009591
1006792,1009592
1006792,1009652
1006792,1009998
1006792,1010109
1006792,1010201
1006792,1010874
1006792,1010944
1006792,1010945
1006792,1011092
1006792,1011630
1006792,1012385
1006792,1012547
1006792,1012594
1006792,1012721
1006792,1012842
1006792,1012843
1006792,1012988
1006792,1013448
1006792,1013755
1006792,1014141
1006792,1014226
1006792,1014249
1006792,1014421
1006792,1014475
1006792,1015098
1006792,1015149
1006792,1015255
1006792,1015439
1006792,1015483
1006792,1015653
1006792,1015773
1006792,1015795
1006792,1016260
1006792,1016284
1006792,1017018
1006792,1017089
1006792,1017404
1006792,1017899
1006792,1018377
1006793,1006793
1006794,1006794
1006795,1006795
1006796,1006796
1006797,1006797
1006798,1006798
1006798,1010574
1006798,1010575
1006799,1006799
1006800,1006800
1006800,1016369
1006800,1016528
1006801,1006801
1006802,1006802
1006802,1016161
1006803,1006803
1006804,1006804
1006805,1006805
1006806,1006806
1006807,1006807
1006808,1006808
1006809,1006809
1006810,1006810
1006810,1008064
1006811,1006811
1006811,1008065
1006812,1006812
1006813,1006813
1006814,1006814
1006815,1006815
1006815,1008814
1006815,1010293
1006815,1011958
1006815,1012989
1006815,1018779
1006816,1006816
1006817,1006817
1006818,1006818
1006819,1006819
1006819,1015147
1006820,1006820
1006821,1006821
1006822,1006822
1006823,1006823
1006823,1012738
1006824,1006824
1006825,1006825
1006826,1006826
1006827,1006827
1006828,1006828
1006829,1006829
1006830,1006830
1006831,1006831
1006832,1006832
1006833,1006833
1006834,1006834
1006835,1006835
1006836,1006836
1006837,1006837
1006838,1006838
1006839,1006839
1006840,1006840
1006841,1006841
1006842,1006842
1006843,1006843
1006844,1006844
1006844,1007418
1006844,1007990
1006845,1006845
1006845,1007419
1006845,1007991
1006845,1008833
1006845,1008834
1006845,1014781
1006845,1015515
1006845,1017002
1006845,1017765
1006846,1006846
1006847,1006847
1006847,1009170
1006847,1013189
1006847,1014744
1006847,1014855
1006847,1016964
1006847,1018046
1006848,1006848
1006849,1006849
1006850,1006850
1006851,1006851
1006852,1006852
1006853,1006853
1006853,1007872
1006854,1006854
1006854,1007873
1006854,1016958
1006855,1006855
1006856,1006856
1006857,1006857
1006857,1006861
1006858,1006858
1006858,1006862
1006859,1006859
1006860,1006860
1006861,1006861
1006862,1006862
1006863,1006855
1006863,1006859
1006863,1006861
1006863,1006863
1006863,1006865
1006863,1006867
1006863,1007064
1006863,1007531
1006863,1007708
1006864,1006856
1006864,1006860
1006864,1006862
1006864,1006864
1006864,1006866
1006864,1006868
1006864,1007065
1006864,1007532
1006864,1007709
1006864,1008519
1006864,1009206
1006864,1009426
1006864,1009427
1006864,1009579
1006864,1009889
1006864,1009938
1006864,1010285
1006864,1010339
1006864,1010524
1006864,1010808
1006864,1011022
1006864,1011035
1006864,1011211
1006864,1011233
1006864,1011377
1006864,1011383
1006864,1012174
1006864,1012640
1006864,1012644
1006864,1012900
1006864,1013255
1006864,1013266
1006864,1013305
1006864,1013532
1006864,1013612
1006864,1014147
1006864,1014236
1006864,1014237
1006864,1014260
1006864,1014349
1006864,1014633
1006864,1014807
1006864,1015241
1006864,1015584
1006864,1015665
1006864,1016026
1006864,1016093
1006864,1016390
1006864,1016442
1006864,1016570
1006864,1016970
1006864,1017223
1006864,1017390
1006864,1017583
1006864,1017758
1006864,1017774
1006864,1017778
1006864,1017935
1006864,1018271
1006864,1018310
1006864,1018417
1006864,1018719
1006865,1006865
1006866,1006866
1006867,1006867
1006868,1006868
1006869,1006869
1006870,1006870
1006870,1010597
1006871,1006871
1006872,1006872
1006873,1006873
1006874,1006874
1006875,1006875
1006876,1006876
1006877,1006877
1006878,1006878
1006879,1006879
1006880,1006880
1006881,1006881
1006881,1008148
1006881,1009576
1006881,1011110
1006881,1012386
1006881,1012812
1006881,1013835
1006881,1015243
1006881,1016782
1006881,1016927
1006881,1017069
1006881,1018497
1006882,1006882
1006883,1006883
1006884,1006884
1006885,1006885
1006886,1006886
1006887,1006887
1006887,1009799
1006887,1009836
1006887,1012447
1006887,1014817
1006888,1006888
1006889,1006889
1006890,1006890
1006891,1006891
1006892,1006892
1006893,1006893
1006893,1013737
1006894,1006894
1006895,1006895
1006896,1006896
1006897,1006897
1006898,1006898
1006899,1006899
1006900,1006900
1006901,1006901
1006902,1006902
1006903,1006903
1006903,1008479
1006903,1008593
1006903,1009727
1006903,1010483
1006903,1010560
1006903,1010561
1006903,1010690
1006903,1010691
1006903,1010793
1006903,1011181
1006903,1011399
1006903,1011589
1006903,1012578
1006903,1013406
1006903,1014453
1006903,1014509
1006903,1015817
1006903,1015818
1006903,1016148
1006903,1018002
1006903,1018031
1006904,1006904
1006905,1006905
1006906,1006906
1006907,1006907
1006908,1006908
1006909,1006909
1006910,1006910
1006911,1006911
1006912,1006912
1006913,1006913
1006914,1006914
1006915,1006915
1006916,1006755
1006916,1006916
1006916,1007365
1006917,1006756
1006917,1006917
1006917,1007366
1006917,1009349
1006917,1011200
1006917,1012690
1006917,1012691
1006918,1006918
1006919,1006919
1006919,1009759
1006919,1009760
1006919,1017726
1006919,1019328
1006920,1006920
1006920,1007955
1006921,1006921
1006921,1007956
1006921,1009687
1006921,1011002
1006921,1013562
1006921,1013850
1006922,1006922
1006923,1006923
1006924,1006924
1006925,1006925
1006926,1006926
1006927,1006927
1006928,1006928
1006929,1006929
1006930,1006930
1006931,1006931
1006932,1006932
1006933,1006933
1006934,1006934
1006935,1006935
1006936,1006313
1006936,1006327
1006936,1006329
1006936,1006331
1006936,1006337
1006936,1006339
1006936,1006352
1006936,1006354
1006936,1006358
1006936,1006370
1006936,1006372
1006936,1006374
1006936,1006399
1006936,1006411
1006936,1006415
1006936,1006417
1006936,1006425
1006936,1006427
1006936,1006431
1006936,1006451
1006936,1006462
1006936,1006469
1006936,1006481
1006936,1006483
1006936,1006496
1006936,1006516
1006936,1006523
1006936,1006525
1006936,1006528
1006936,1006530
1006936,1006532
1006936,1006540
1006936,1006569
1006936,1006575
1006936,1006582
1006936,1006594
1006936,1006598
1006936,1006618
1006936,1006620
1006936,1006632
1006936,1006636
1006936,1006646
1006936,1006648
1006936,1006653
1006936,1006665
1006936,1006667
1006936,1006686
1006936,1006688
1006936,1006690
1006936,1006694
1006936,1006698
1006936,1006700
1006936,1006702
1006936,1006710
1006936,1006718
1006936,1006720
1006936,1006730
1006936,1006732
1006936,1006736
1006936,1006747
1006936,1006765
1006936,1006773
1006936,1006787
1006936,1006806
1006936,1006812
1006936,1006816
1006936,1006818
1006936,1006824
1006936,1006832
1006936,1006834
1006936,1006836
1006936,1006848
1006936,1006871
1006936,1006882
1006936,1006884
1006936,1006890
1006936,1006898
1006936,1006904
1006936,1006906
1006936,1006928
1006936,1006930
1006936,1006932
1006936,1006936
1006936,1006938
1006936,1006940
1006936,1006944
1006936,1006950
1006936,1006954
1006936,1006956
1006936,1006976
1006936,1006980
1006936,1006996
1006936,1007004
1006936,1007010
1006936,1007012
1006936,1007016
1006936,1007022
1006936,1007024
1006936,1007036
1006936,1007038
1006936,1007040
1006936,1007042
1006936,1007048
1006936,1007056
1006936,1007058
1006936,1007062
1006936,1007066
1006936,1007070
1006936,1007072
1006936,1007074
1006936,1007096
1006936,1007098
1006936,1007100
1006936,1007104
1006936,1007122
1006936,1007136
1006936,1007138
1006936,1007144
1006936,1007150
1006936,1007156
1006936,1007166
1006936,1007168
1006936,1007172
1006936,1007182
1006936,1007186
1006936,1007194
1006936,1007196
1006936,1007206
1006936,1007208
1006936,1007210
1006936,1007214
1006936,1007216
1006936,1007218
1006936,1007228
1006936,1007230
1006936,1007248
1006936,1007258
1006936,1007268
1006936,1007270
1006936,1007272
1006936,1007274
1006936,1007276
1006936,1007284
1006936,1007288
1006936,1007290
1006936,1007294
1006936,1007296
1006936,1007302
1006936,1007304
1006936,1007308
1006936,1007310
1006936,1007318
1006936,1007321
1006936,1007323
1006936,1007327
1006936,1007331
1006936,1007333
1006936,1007337
1006936,1007341
1006936,1007343
1006936,1007345
1006936,1007347
1006936,1007349
1006936,1007355
1006936,1007367
1006936,1007369
1006936,1007394
1006936,1007402
1006936,1007404
1006936,1007414
1006936,1007416
1006936,1007422
1006936,1007424
1006936,1007448
1006936,1007462
1006936,1007466
1006936,1007474
1006936,1007482
1006936,1007490
1006936,1007492
1006936,1007498
1006936,1007502
1006936,1007506
1006936,1007510
1006936,1007512
1006936,1007514
1006936,1007520
1006936,1007529
1006936,1007533
1006936,1007537
1006936,1007539
1006936,1007541
1006936,1007545
1006936,1007547
1006936,1007549
1006936,1007553
1006936,1007568
1006936,1007572
1006936,1007576
1006936,1007578
1006936,1007580
1006936,1007586
1006936,1007588
1006936,1007590
1006936,1007596
1006936,1007598
1006936,1007606
1006936,1007614
1006936,1007616
1006936,1007618
1006936,1007624
1006936,1007626
1006936,1007628
1006936,1007644
1006936,1007646
1006936,1007662
1006936,1007666
1006936,1007668
1006936,1007672
1006936,1007684
1006936,1007686
1006936,1007692
1006936,1007694
1006936,1007696
1006936,1007702
1006936,1007714
1006936,1007730
1006936,1007732
1006936,1007736
1006936,1007740
1006936,1007750
1006936,1007756
1006936,1007758
1006936,1007760
1006936,1007762
1006936,1007772
1006936,1007778
1006936,1007780
1006936,1007797
1006936,1007799
1006936,1007801
1006936,1007809
1006936,1007819
1006936,1007821
1006936,1007823
1006936,1007825
1006936,1007835
1006936,1007839
1006936,1007847
1006936,1007849
1006936,1007859
1006936,1007900
1006936,1007910
1006936,1007916
1006936,1007922
1006936,1007926
1006936,1007936
1006936,1007938
1006936,1007940
1006936,1007944
1006936,1007946
1006936,1007960
1006936,1007964
1006936,1007966
1006936,1007970
1006936,1007976
1006936,1007986
1006936,1008000
1006936,1008002
1006936,1008006
1006936,1008012
1006936,1008014
1006936,1008018
1006936,1008023
1006936,1008025
1006936,1008035
1006936,1008043
1006936,1008045
1006936,1008053
1006936,1008066
1006936,1008070
1006936,1008072
1006936,1008076
1006936,1008078
1006936,1008082
1006936,1008086
1006936,1008088
1006936,1008096
1006936,1008104
1006936,1008106
1006936,1008110
1006936,1008112
1006936,1008116
1006936,1008118
1006936,1008120
1006936,1008124
1006937,1006314
1006937,1006328
1006937,1006330
1006937,1006332
1006937,1006338
1006937,1006340
1006937,1006353
1006937,1006355
1006937,1006359
1006937,1006371
1006937,1006373
1006937,1006375
1006937,1006400
1006937,1006412
1006937,1006416
1006937,1006418
1006937,1006426
1006937,1006428
1006937,1006432
1006937,1006452
1006937,1006463
1006937,1006470
1006937,1006482
1006937,1006484
1006937,1006497
1006937,1006517
1006937,1006524
1006937,1006526
1006937,1006529
1006937,1006531
1006937,1006533
1006937,1006541
1006937,1006570
1006937,1006576
1006937,1006583
1006937,1006595
1006937,1006599
1006937,1006619
1006937,1006621
1006937,1006633
1006937,1006637
1006937,1006647
1006937,1006649
1006937,1006654
1006937,1006666
1006937,1006668
1006937,1006687
1006937,1006689
1006937,1006691
1006937,1006695
1006937,1006699
1006937,1006701
1006937,1006703
1006937,1006711
1006937,1006719
1006937,1006721
1006937,1006731
1006937,1006733
1006937,1006737
1006937,1006748
1006937,1006766
1006937,1006774
1006937,1006788
1006937,1006807
1006937,1006813
1006937,1006817
1006937,1006819
1006937,1006825
1006937,1006833
1006937,1006835
1006937,1006837
1006937,1006849
1006937,1006872
1006937,1006883
1006937,1006885
1006937,1006891
1006937,1006899
1006937,1006905
1006937,1006907
1006937,1006929
1006937,1006931
1006937,1006933
1006937,1006937
1006937,1006939
1006937,1006941
1006937,1006945
1006937,1006951
1006937,1006955
1006937,1006957
1006937,1006977
1006937,1006981
1006937,1006997
1006937,1007005
1006937,1007011
1006937,1007013
1006937,1007017
1006937,1007023
1006937,1007025
1006937,1007037
1006937,1007039
1006937,1007041
1006937,1007043
1006937,1007049
1006937,1007057
1006937,1007059
1006937,1007063
1006937,1007067
1006937,1007071
1006937,1007073
1006937,1007075
1006937,1007097
1006937,1007099
1006937,1007101
1006937,1007105
1006937,1007123
1006937,1007137
1006937,1007139
1006937,1007145
1006937,1007151
1006937,1007157
1006937,1007167
1006937,1007169
1006937,1007173
1006937,1007183
1006937,1007187
1006937,1007195
1006937,1007197
1006937,1007207
1006937,1007209
1006937,1007211
1006937,1007215
1006937,1007217
1006937,1007219
1006937,1007229
1006937,1007231
1006937,1007249
1006937,1007259
1006937,1007269
1006937,1007271
1006937,1007273
1006937,1007275
1006937,1007277
1006937,1007285
1006937,1007289
1006937,1007291
1006937,1007295
1006937,1007297
1006937,1007303
1006937,1007305
1006937,1007309
1006937,1007311
1006937,1007319
1006937,1007322
1006937,1007324
1006937,1007328
1006937,1007332
1006937,1007334
1006937,1007338
1006937,1007342
1006937,1007344
1006937,1007346
1006937,1007348
1006937,1007350
1006937,1007356
1006937,1007368
1006937,1007370
1006937,1007395
1006937,1007403
1006937,1007405
1006937,1007415
1006937,1007417
1006937,1007423
1006937,1007425
1006937,1007449
1006937,1007463
1006937,1007467
1006937,1007475
1006937,1007483
1006937,1007491
1006937,1007493
1006937,1007499
1006937,1007503
1006937,1007507
1006937,1007511
1006937,1007513
1006937,1007515
1006937,1007521
1006937,1007530
1006937,1007534
1006937,1007538
1006937,1007540
1006937,1007542
1006937,1007546
1006937,1007548
1006937,1007550
1006937,1007554
1006937,1007569
1006937,1007573
1006937,1007577
1006937,1007579
1006937,1007581
1006937,1007587
1006937,1007589
1006937,1007591
1006937,1007597
1006937,1007599
1006937,1007607
1006937,1007615
1006937,1007617
1006937,1007619
1006937,1007625
1006937,1007627
1006937,1007629
1006937,1007645
1006937,1007647
1006937,1007663
1006937,1007667
1006937,1007669
1006937,1007673
1006937,1007685
1006937,1007687
1006937,1007693
1006937,1007695
1006937,1007697
1006937,1007703
1006937,1007715
1006937,1007731
1006937,1007733
1006937,1007737
1006937,1007741
1006937,1007751
1006937,1007757
1006937,1007759
1006937,1007761
1006937,1007763
1006937,1007773
1006937,1007779
1006937,1007781
1006937,1007798
1006937,1007800
1006937,1007802
1006937,1007810
1006937,1007820
1006937,1007822
1006937,1007824
1006937,1007826
1006937,1007836
1006937,1007840
1006937,1007848
1006937,1007850
1006937,1007860
1006937,1007901
1006937,1007911
1006937,1007917
1006937,1007923
1006937,1007927
1006937,1007937
1006937,1007939
1006937,1007941
1006937,1007945
1006937,1007947
1006937,1007961
1006937,1007965
1006937,1007967
1006937,1007971
1006937,1007977
1006937,1007987
1006937,1008001
1006937,1008003
1006937,1008007
1006937,1008013
1006937,1008015
1006937,1008019
1006937,1008024
1006937,1008026
1006937,1008036
1006937,1008044
1006937,1008046
1006937,1008054
1006937,1008067
1006937,1008071
1006937,1008073
1006937,1008077
1006937,1008079
1006937,1008083
1006937,1008087
1006937,1008089
1006937,1008097
1006937,1008105
1006937,1008107
1006937,1008111
1006937,1008113
1006937,1008117
1006937,1008119
1006937,1008121
1006937,1008125
1006937,1008129
1006937,1008130
1006937,1008363
1006937,1008364
1006937,1008367
1006937,1008387
1006937,1008547
1006937,1008548
1006937,1008716
1006937,1008794
1006937,1008795
1006937,1008827
1006937,1008870
1006937,1008871
1006937,1008937
1006937,1008961
1006937,1008962
1006937,1009088
1006937,1009091
1006937,1009092
1006937,1009282
1006937,1009465
1006937,1009507
1006937,1009508
1006937,1009574
1006937,1009646
1006937,1009657
1006937,1009658
1006937,1009666
1006937,1009667
1006937,1009792
1006937,1009919
1006937,1009920
1006937,1009969
1006937,1009970
1006937,1010131
1006937,1010133
1006937,1010171
1006937,1010281
1006937,1010325
1006937,1010326
1006937,1010335
1006937,1010345
1006937,1010387
1006937,1010402
1006937,1010636
1006937,1010660
1006937,1010661
1006937,1010694
1006937,1010702
1006937,1010735
1006937,1010739
1006937,1010768
1006937,1010905
1006937,1010958
1006937,1011033
1006937,1011077
1006937,1011078
1006937,1011188
1006937,1011204
1006937,1011207
1006937,1011256
1006937,1011385
1006937,1011411
1006937,1011419
1006937,1011502
1006937,1011556
1006937,1011576
1006937,1011629
1006937,1011686
1006937,1011720
1006937,1011831
1006937,1011833
1006937,1011904
1006937,1012037
1006937,1012038
1006937,1012039
1006937,1012068
1006937,1012069
1006937,1012110
1006937,1012124
1006937,1012138
1006937,1012157
1006937,1012244
1006937,1012271
1006937,1012289
1006937,1012296
1006937,1012368
1006937,1012445
1006937,1012493
1006937,1012494
1006937,1012523
1006937,1012599
1006937,1012625
1006937,1012875
1006937,1012931
1006937,1012935
1006937,1012992
1006937,1013022
1006937,1013042
1006937,1013066
1006937,1013102
1006937,1013166
1006937,1013250
1006937,1013352
1006937,1013399
1006937,1013436
1006937,1013536
1006937,1013702
1006937,1013810
1006937,1013811
1006937,1013886
1006937,1013894
1006937,1014000
1006937,1014323
1006937,1014347
1006937,1014361
1006937,1014362
1006937,1014470
1006937,1014518
1006937,1014547
1006937,1014599
1006937,1014624
1006937,1014630
1006937,1014671
1006937,1014894
1006937,1014998
1006937,1015007
1006937,1015071
1006937,1015079
1006937,1015116
1006937,1015117
1006937,1015147
1006937,1015185
1006937,1015186
1006937,1015228
1006937,1015248
1006937,1015310
1006937,1015333
1006937,1015360
1006937,1015408
1006937,1015596
1006937,1015629
1006937,1015778
1006937,1015836
1006937,1015845
1006937,1015875
1006937,1015882
1006937,1015984
1006937,1016014
1006937,1016086
1006937,1016157
1006937,1016160
1006937,1016324
1006937,1016412
1006937,1016424
1006937,1016425
1006937,1016431
1006937,1016432
1006937,1016448
1006937,1016489
1006937,1016582
1006937,1016699
1006937,1016746
1006937,1016805
1006937,1016889
1006937,1017043
1006937,1017060
1006937,1017105
1006937,1017388
1006937,1017392
1006937,1017601
1006937,1017712
1006937,1017713
1006937,1017759
1006937,1018066
1006937,1018179
1006937,1018275
1006937,1018289
1006937,1018306
1006937,1018683
1006937,1018961
1006937,1019016
1006937,1019161
1006937,1019336
1006937,1019488
1006937,1019713
1006938,1006938
1006939,1006939
1006940,1006940
1006941,1006941
1006942,1006942
1006942,1007420
1006943,1006943
1006943,1007421
1006943,1008143
1006943,1008462
1006943,1008463
1006943,1009518
1006943,1009519
1006943,1011226
1006943,1011264
1006943,1011265
1006943,1011624
1006943,1013766
1006943,1013963
1006943,1014759
1006943,1015369
1006943,1015517
1006943,1015592
1006943,1016500
1006943,1016712
1006943,1016812
1006943,1017226
1006943,1017666
1006943,1017859
1006943,1017898
1006943,1018210
1006943,1018372
1006944,1006944
1006945,1006945
1006946,1006946
1006946,1006948
1006947,1006947
1006947,1006949
1006948,1006948
1006949,1006949
1006950,1006950
1006951,1006951
1006952,1006952
1006952,1007391
1006953,1006953
1006953,1007392
1006953,1008552
1006953,1008553
1006953,1008587
1006953,1008642
1006953,1010450
1006953,1013074
1006953,1013125
1006953,1013815
1006953,1013964
1006953,1014191
1006953,1015602
1006953,1016651
1006953,1016681
1006953,1016852
1006953,1017157
1006953,1017291
1006953,1018042
1006953,1018146
1006953,1018232
1006953,1018608
1006954,1006954
1006955,1006955
1006956,1006956
1006957,1006957
1006958,1006958
1006959,1006959
1006960,1006960
1006961,1006961
1006962,1006962
1006963,1006963
1006964,1006962
1006964,1006964
1006965,1006963
1006965,1006965
1006966,1006966
1006967,1006967
1006968,1006968
1006969,1006969
1006970,1006970
1006971,1006971
1006971,1008303
1006971,1008304
1006971,1009854
1006971,1009860
1006971,1009977
1006971,1010000
1006971,1010030
1006971,1011612
1006971,1011802
1006971,1012420
1006971,1012574
1006971,1014043
1006971,1014299
1006971,1015423
1006971,1017062
1006971,1017435
1006971,1017575
1006971,1017663
1006971,1018109
1006971,1018418
1006972,1006972
1006973,1006973
1006974,1006974
1006975,1006975
1006976,1006976
1006977,1006977
1006978,1006978
1006979,1006979
1006980,1006980
1006981,1006981
1006982,1006982
1006982,1007418
1006982,1007990
1006983,1006983
1006983,1007419
1006983,1007991
1006983,1008833
1006983,1008834
1006983,1010238
1006983,1011498
1006983,1012775
1006983,1014781
1006983,1015515
1006983,1017002
1006983,1017765
1006983,1018358
1006983,1019088
1006984,1006984
1006985,1006985
1006986,1006313
1006986,1006329
1006986,1006331
1006986,1006337
1006986,1006339
1006986,1006341
1006986,1006352
1006986,1006354
1006986,1006358
1006986,1006370
1006986,1006411
1006986,1006417
1006986,1006425
1006986,1006427
1006986,1006431
1006986,1006451
1006986,1006462
1006986,1006481
1006986,1006483
1006986,1006496
1006986,1006516
1006986,1006528
1006986,1006530
1006986,1006532
1006986,1006540
1006986,1006569
1006986,1006575
1006986,1006582
1006986,1006594
1006986,1006598
1006986,1006618
1006986,1006620
1006986,1006632
1006986,1006636
1006986,1006646
1006986,1006648
1006986,1006653
1006986,1006665
1006986,1006667
1006986,1006686
1006986,1006688
1006986,1006690
1006986,1006694
1006986,1006698
1006986,1006700
1006986,1006702
1006986,1006706
1006986,1006718
1006986,1006720
1006986,1006730
1006986,1006732
1006986,1006736
1006986,1006747
1006986,1006765
1006986,1006771
1006986,1006773
1006986,1006787
1006986,1006806
1006986,1006812
1006986,1006816
1006986,1006818
1006986,1006824
1006986,1006832
1006986,1006834
1006986,1006836
1006986,1006848
1006986,1006871
1006986,1006882
1006986,1006884
1006986,1006890
1006986,1006898
1006986,1006904
1006986,1006906
1006986,1006928
1006986,1006930
1006986,1006932
1006986,1006938
1006986,1006940
1006986,1006944
1006986,1006950
1006986,1006954
1006986,1006956
1006986,1006976
1006986,1006980
1006986,1006986
1006986,1006996
1006986,1007004
1006986,1007022
1006986,1007024
1006986,1007036
1006986,1007038
1006986,1007040
1006986,1007042
1006986,1007048
1006986,1007058
1006986,1007062
1006986,1007066
1006986,1007070
1006986,1007072
1006986,1007074
1006986,1007096
1006986,1007098
1006986,1007100
1006986,1007104
1006986,1007122
1006986,1007136
1006986,1007138
1006986,1007144
1006986,1007150
1006986,1007156
1006986,1007166
1006986,1007168
1006986,1007172
1006986,1007182
1006986,1007186
1006986,1007194
1006986,1007196
1006986,1007206
1006986,1007208
1006986,1007210
1006986,1007214
1006986,1007216
1006986,1007218
1006986,1007228
1006986,1007248
1006986,1007258
1006986,1007268
1006986,1007270
1006986,1007272
1006986,1007274
1006986,1007276
1006986,1007284
1006986,1007288
1006986,1007290
1006986,1007294
1006986,1007296
1006986,1007302
1006986,1007304
1006986,1007308
1006986,1007318
1006986,1007321
1006986,1007323
1006986,1007327
1006986,1007331
1006986,1007333
1006986,1007337
1006986,1007341
1006986,1007343
1006986,1007345
1006986,1007347
1006986,1007349
1006986,1007355
1006986,1007367
1006986,1007369
1006986,1007394
1006986,1007402
1006986,1007404
1006986,1007414
1006986,1007416
1006986,1007422
1006986,1007424
1006986,1007448
1006986,1007462
1006986,1007466
1006986,1007474
1006986,1007482
1006986,1007490
1006986,1007492
1006986,1007498
1006986,1007502
1006986,1007506
1006986,1007510
1006986,1007512
1006986,1007514
1006986,1007520
1006986,1007529
1006986,1007533
1006986,1007537
1006986,1007539
1006986,1007541
1006986,1007545
1006986,1007547
1006986,1007549
1006986,1007553
1006986,1007568
1006986,1007572
1006986,1007576
1006986,1007586
1006986,1007588
1006986,1007590
1006986,1007596
1006986,1007598
1006986,1007606
1006986,1007614
1006986,1007616
1006986,1007618
1006986,1007624
1006986,1007626
1006986,1007628
1006986,1007644
1006986,1007646
1006986,1007662
1006986,1007666
1006986,1007668
1006986,1007672
1006986,1007684
1006986,1007686
1006986,1007692
1006986,1007694
1006986,1007696
1006986,1007702
1006986,1007714
1006986,1007730
1006986,1007732
1006986,1007736
1006986,1007740
1006986,1007750
1006986,1007756
1006986,1007758
1006986,1007760
1006986,1007762
1006986,1007772
1006986,1007778
1006986,1007780
1006986,1007797
1006986,1007799
1006986,1007801
1006986,1007809
1006986,1007819
1006986,1007821
1006986,1007823
1006986,1007825
1006986,1007835
1006986,1007839
1006986,1007847
1006986,1007849
1006986,1007859
1006986,1007900
1006986,1007910
1006986,1007916
1006986,1007922
1006986,1007926
1006986,1007936
1006986,1007938
1006986,1007940
1006986,1007944
1006986,1007946
1006986,1007960
1006986,1007964
1006986,1007966
1006986,1007970
1006986,1007976
1006986,1007986
1006986,1008000
1006986,1008002
1006986,1008006
1006986,1008012
1006986,1008014
1006986,1008018
1006986,1008023
1006986,1008025
1006986,1008035
1006986,1008043
1006986,1008045
1006986,1008053
1006986,1008066
1006986,1008070
1006986,1008072
1006986,1008076
1006986,1008078
1006986,1008082
1006986,1008086
1006986,1008096
1006986,1008104
1006986,1008106
1006986,1008110
1006986,1008112
1006986,1008116
1006986,1008118
1006986,1008120
1006986,1008124
1006987,1006314
1006987,1006330
1006987,1006332
1006987,1006338
1006987,1006340
1006987,1006342
1006987,1006353
1006987,1006355
1006987,1006359
1006987,1006371
1006987,1006412
1006987,1006418
1006987,1006426
1006987,1006428
1006987,1006432
1006987,1006452
1006987,1006463
1006987,1006482
1006987,1006484
1006987,1006497
1006987,1006517
1006987,1006529
1006987,1006531
1006987,1006533
1006987,1006541
1006987,1006570
1006987,1006576
1006987,1006583
1006987,1006595
1006987,1006599
1006987,1006619
1006987,1006621
1006987,1006633
1006987,1006637
1006987,1006647
1006987,1006649
1006987,1006654
1006987,1006666
1006987,1006668
1006987,1006687
1006987,1006689
1006987,1006691
1006987,1006695
1006987,1006699
1006987,1006701
1006987,1006703
1006987,1006707
1006987,1006719
1006987,1006721
1006987,1006731
1006987,1006733
1006987,1006737
1006987,1006748
1006987,1006766
1006987,1006772
1006987,1006774
1006987,1006788
1006987,1006807
1006987,1006813
1006987,1006817
1006987,1006819
1006987,1006825
1006987,1006833
1006987,1006835
1006987,1006837
1006987,1006849
1006987,1006872
1006987,1006883
1006987,1006885
1006987,1006891
1006987,1006899
1006987,1006905
1006987,1006907
1006987,1006929
1006987,1006931
1006987,1006933
1006987,1006939
1006987,1006941
1006987,1006945
1006987,1006951
1006987,1006955
1006987,1006957
1006987,1006977
1006987,1006981
1006987,1006987
1006987,1006997
1006987,1007005
1006987,1007023
1006987,1007025
1006987,1007037
1006987,1007039
1006987,1007041
1006987,1007043
1006987,1007049
1006987,1007059
1006987,1007063
1006987,1007067
1006987,1007071
1006987,1007073
1006987,1007075
1006987,1007097
1006987,1007099
1006987,1007101
1006987,1007105
1006987,1007123
1006987,1007137
1006987,1007139
1006987,1007145
1006987,1007151
1006987,1007157
1006987,1007167
1006987,1007169
1006987,1007173
1006987,1007183
1006987,1007187
1006987,1007195
1006987,1007197
1006987,1007207
1006987,1007209
1006987,1007211
1006987,1007215
1006987,1007217
1006987,1007219
1006987,1007229
1006987,1007249
1006987,1007259
1006987,1007269
1006987,1007271
1006987,1007273
1006987,1007275
1006987,1007277
1006987,1007285
1006987,1007289
1006987,1007291
1006987,1007295
1006987,1007297
1006987,1007303
1006987,1007305
1006987,1007309
1006987,1007319
1006987,1007322
1006987,1007324
1006987,1007328
1006987,1007332
1006987,1007334
1006987,1007338
1006987,1007342
1006987,1007344
1006987,1007346
1006987,1007348
1006987,1007350
1006987,1007356
1006987,1007368
1006987,1007370
1006987,1007395
1006987,1007403
1006987,1007405
1006987,1007415
1006987,1007417
1006987,1007423
1006987,1007425
1006987,1007449
1006987,1007463
1006987,1007467
1006987,1007475
1006987,1007483
1006987,1007491
1006987,1007493
1006987,1007499
1006987,1007503
1006987,1007507
1006987,1007511
1006987,1007513
1006987,1007515
1006987,1007521
1006987,1007530
1006987,1007534
1006987,1007538
1006987,1007540
1006987,1007542
1006987,1007546
1006987,1007548
1006987,1007550
1006987,1007554
1006987,1007569
1006987,1007573
1006987,1007577
1006987,1007587
1006987,1007589
1006987,1007591
1006987,1007597
1006987,1007599
1006987,1007607
1006987,1007615
1006987,1007617
1006987,1007619
1006987,1007625
1006987,1007627
1006987,1007629
1006987,1007645
1006987,1007647
1006987,1007663
1006987,1007667
1006987,1007669
1006987,1007673
1006987,1007685
1006987,1007687
1006987,1007693
1006987,1007695
1006987,1007697
1006987,1007703
1006987,1007715
1006987,1007731
1006987,1007733
1006987,1007737
1006987,1007741
1006987,1007751
1006987,1007757
1006987,1007759
1006987,1007761
1006987,1007763
1006987,1007773
1006987,1007779
1006987,1007781
1006987,1007798
1006987,1007800
1006987,1007802
1006987,1007810
1006987,1007820
1006987,1007822
1006987,1007824
1006987,1007826
1006987,1007836
1006987,1007840
1006987,1007848
1006987,1007850
1006987,1007860
1006987,1007901
1006987,1007911
1006987,1007917
1006987,1007923
1006987,1007927
1006987,1007937
1006987,1007939
1006987,1007941
1006987,1007945
1006987,1007947
1006987,1007961
1006987,1007965
1006987,1007967
1006987,1007971
1006987,1007977
1006987,1007987
1006987,1008001
1006987,1008003
1006987,1008007
1006987,1008013
1006987,1008015
1006987,1008019
1006987,1008024
1006987,1008026
1006987,1008036
1006987,1008044
1006987,1008046
1006987,1008054
1006987,1008067
1006987,1008071
1006987,1008073
1006987,1008077
1006987,1008079
1006987,1008083
1006987,1008087
1006987,1008097
1006987,1008105
1006987,1008107
1006987,1008111
1006987,1008113
1006987,1008117
1006987,1008119
1006987,1008121
1006987,1008125
1006987,1008232
1006987,1008233
1006987,1008436
1006987,1008437
1006987,1008501
1006987,1008502
1006987,1008536
1006987,1008626
1006987,1008739
1006987,1008827
1006987,1008937
1006987,1008963
1006987,1009036
1006987,1009106
1006987,1009253
1006987,1009254
1006987,1010023
1006987,1010133
1006987,1010145
1006987,1010190
1006987,1010191
1006987,1010335
1006987,1010387
1006987,1010414
1006987,1010636
1006987,1010925
1006987,1010948
1006987,1011068
1006987,1011074
1006987,1011075
1006987,1011173
1006987,1011174
1006987,1011207
1006987,1011411
1006987,1011419
1006987,1011437
1006987,1011557
1006987,1011576
1006987,1011611
1006987,1011677
1006987,1011678
1006987,1011692
1006987,1011728
1006987,1011729
1006987,1011739
1006987,1011740
1006987,1011887
1006987,1011888
1006987,1012039
1006987,1012110
1006987,1012160
1006987,1012214
1006987,1012271
1006987,1012293
1006987,1012360
1006987,1012361
1006987,1012445
1006987,1012495
1006987,1012593
1006987,1012611
1006987,1012625
1006987,1012819
1006987,1012890
1006987,1012984
1006987,1013042
1006987,1013077
1006987,1013105
1006987,1013120
1006987,1013121
1006987,1013146
1006987,1013354
1006987,1013464
1006987,1013552
1006987,1013553
1006987,1013679
1006987,1013754
1006987,1013802
1006987,1013857
1006987,1013861
1006987,1014248
1006987,1014266
1006987,1014405
1006987,1014518
1006987,1014613
1006987,1014624
1006987,1014894
1006987,1014997
1006987,1014998
1006987,1015042
1006987,1015079
1006987,1015147
1006987,1015239
1006987,1015256
1006987,1015257
1006987,1015310
1006987,1015379
1006987,1015395
1006987,1015428
1006987,1015703
1006987,1015845
1006987,1015936
1006987,1016197
1006987,1016198
1006987,1016217
1006987,1016431
1006987,1016448
1006987,1016489
1006987,1016575
1006987,1016699
1006987,1016864
1006987,1017014
1006987,1017043
1006987,1017060
1006987,1017140
1006987,1017169
1006987,1017257
1006987,1017675
1006987,1017838
1006987,1018250
1006987,1018289
1006988,1006988
1006989,1006989
1006990,1006990
1006991,1006991
1006992,1006992
1006993,1006993
1006994,1006477
1006994,1006826
1006994,1006994
1006994,1007130
1006994,1007640
1006994,1007994
1006995,1006478
1006995,1006827
1006995,1006995
1006995,1007131
1006995,1007641
1006995,1007995
1006996,1006996
1006997,1006997
1006998,1006998
1006999,1006999
1007000,1007000
1007001,1007001
1007002,1006490
1007002,1006534
1007002,1006538
1007002,1006640
1007002,1006696
1007002,1006828
1007002,1006877
1007002,1007002
1007002,1007106
1007002,1007114
1007002,1007158
1007002,1007252
1007002,1007325
1007002,1007363
1007002,1007387
1007002,1007487
1007002,1007522
1007002,1007560
1007002,1007600
1007002,1007700
1007002,1007766
1007002,1007768
1007002,1007770
1007002,1007988
1007002,1008039
1007003,1006491
1007003,1006535
1007003,1006539
1007003,1006641
1007003,1006697
1007003,1006829
1007003,1006878
1007003,1007003
1007003,1007107
1007003,1007115
1007003,1007159
1007003,1007253
1007003,1007326
1007003,1007364
1007003,1007388
1007003,1007488
1007003,1007523
1007003,1007561
1007003,1007601
1007003,1007701
1007003,1007767
1007003,1007769
1007003,1007771
1007003,1007989
1007003,1008040
1007003,1008334
1007003,1011620
1007003,1011640
1007003,1012036
1007003,1012054
1007003,1012630
1007003,1013373
1007003,1014167
1007003,1014573
1007003,1014761
1007003,1015082
1007003,1015173
1007003,1015245
1007003,1015677
1007003,1015774
1007003,1015908
1007003,1016229
1007003,1017049
1007003,1019682
1007004,1007004
1007005,1007005
1007006,1007006
1007007,1007007
1007008,1007008
1007009,1007009
1007010,1007010
1007011,1007011
1007012,1007012
1007013,1007013
1007014,1007014
1007015,1007015
1007016,1007016
1007017,1007017
1007018,1007018
1007018,1007728
1007019,1007019
1007019,1007729
1007019,1015318
1007019,1018626
1007020,1007020
1007021,1007021
1007022,1007022
1007023,1007023
1007024,1007024
1007025,1007025
1007026,1007026
1007027,1007027
1007028,1007028
1007029,1007029
1007030,1007030
1007031,1007031
1007032,1007032
1007032,1007541
1007033,1007033
1007033,1007542
1007033,1009038
1007033,1010270
1007033,1010271
1007033,1010428
1007033,1012595
1007033,1012866
1007033,1012949
1007033,1013430
1007033,1013975
1007033,1014982
1007033,1015378
1007033,1015819
1007033,1015921
1007033,1016221
1007033,1016913
1007033,1017327
1007033,1017731
1007033,1018097
1007033,1018604
1007034,1007034
1007035,1007035
1007036,1007036
1007037,1007037
1007038,1007038
1007039,1007039
1007040,1007040
1007041,1007041
1007042,1007042
1007043,1007043
1007044,1007044
1007045,1007045
1007045,1010583
1007045,1010757
1007045,1010789
1007045,1010790
1007045,1010887
1007045,1010947
1007045,1011414
1007045,1012399
1007045,1012825
1007045,1013069
1007045,1013611
1007045,1013628
1007045,1014313
1007045,1015047
1007045,1015726
1007045,1017041
1007045,1017052
1007045,1018455
1007046,1007046
1007047,1007047
1007047,1008556
1007047,1008557
1007047,1009558
1007047,1010158
1007047,1013633
1007047,1014533
1007047,1014689
1007047,1016060
1007047,1016697
1007048,1007048
1007049,1007049
1007050,1006475
1007050,1007050
1007051,1006476
1007051,1007051
1007051,1008126
1007051,1008127
1007051,1008438
1007051,1008439
1007051,1008837
1007051,1008838
1007051,1009093
1007051,1009094
1007051,1009168
1007051,1009169
1007051,1009255
1007051,1010577
1007051,1010578
1007051,1010993
1007051,1012208
1007051,1012237
1007051,1012291
1007051,1012292
1007051,1013287
1007051,1013769
1007051,1014182
1007051,1014183
1007051,1014569
1007051,1014655
1007051,1015495
1007051,1015946
1007051,1016358
1007051,1017558
1007051,1017937
1007051,1018044
1007051,1018334
1007051,1018447
1007051,1018490
1007051,1018519
1007051,1018568
1007052,1007052
1007053,1007053
1007054,1007054
1007055,1007055
1007055,1016869
1007056,1007056
1007057,1007057
1007058,1007058
1007059,1007059
1007060,1007060
1007061,1007061
1007062,1007062
1007063,1007063
1007064,1007064
1007065,1007065
1007066,1007066
1007067,1007067
1007068,1007068
1007069,1007069
1007069,1008163
1007069,1008164
1007069,1008242
1007069,1008243
1007069,1008268
1007069,1008269
1007069,1008336
1007069,1008337
1007069,1008371
1007069,1008806
1007069,1008807
1007069,1009422
1007069,1009423
1007069,1009696
1007069,1010312
1007069,1010313
1007069,1010494
1007069,1010495
1007069,1010586
1007069,1010738
1007069,1011037
1007069,1011154
1007069,1011169
1007069,1011238
1007069,1011239
1007069,1011465
1007069,1011569
1007069,1011898
1007069,1011899
1007069,1011956
1007069,1012093
1007069,1012094
1007069,1012188
1007069,1012209
1007069,1012210
1007069,1012388
1007069,1012489
1007069,1012552
1007069,1012804
1007069,1012876
1007069,1012996
1007069,1013213
1007069,1013295
1007069,1013323
1007069,1013550
1007069,1013740
1007069,1014245
1007069,1014246
1007069,1014434
1007069,1014565
1007069,1014808
1007069,1014869
1007069,1014890
1007069,1014981
1007069,1015169
1007069,1015222
1007069,1015320
1007069,1015337
1007069,1015338
1007069,1015621
1007069,1015676
1007069,1015784
1007069,1015866
1007069,1015891
1007069,1015930
1007069,1015931
1007069,1016040
1007069,1016072
1007069,1016146
1007069,1016248
1007069,1016593
1007069,1016768
1007069,1016773
1007069,1016861
1007069,1017292
1007069,1017463
1007069,1017466
1007069,1017536
1007069,1017656
1007069,1017887
1007069,1018259
1007069,1018262
1007069,1018360
1007070,1007070
1007071,1007071
1007072,1007072
1007073,1007073
1007073,1012039
1007073,1012445
1007073,1016448
1007073,1016489
1007074,1007074
1007075,1007075
1007076,1007076
1007077,1007077
1007078,1007078
1007079,1007079
1007080,1006313
1007080,1006323
1007080,1006325
1007080,1006327
1007080,1006329
1007080,1006331
1007080,1006337
1007080,1006339
1007080,1006341
1007080,1006345
1007080,1006352
1007080,1006354
1007080,1006358
1007080,1006370
1007080,1006372
1007080,1006380
1007080,1006382
1007080,1006386
1007080,1006392
1007080,1006411
1007080,1006417
1007080,1006419
1007080,1006425
1007080,1006427
1007080,1006431
1007080,1006443
1007080,1006451
1007080,1006457
1007080,1006461
1007080,1006462
1007080,1006464
1007080,1006475
1007080,1006481
1007080,1006483
1007080,1006485
1007080,1006487
1007080,1006489
1007080,1006490
1007080,1006492
1007080,1006494
1007080,1006496
1007080,1006500
1007080,1006516
1007080,1006522
1007080,1006523
1007080,1006525
1007080,1006527
1007080,1006528
1007080,1006530
1007080,1006532
1007080,1006534
1007080,1006536
1007080,1006538
1007080,1006540
1007080,1006548
1007080,1006551
1007080,1006553
1007080,1006554
1007080,1006557
1007080,1006558
1007080,1006563
1007080,1006569
1007080,1006575
1007080,1006577
1007080,1006582
1007080,1006590
1007080,1006594
1007080,1006598
1007080,1006602
1007080,1006604
1007080,1006618
1007080,1006620
1007080,1006632
1007080,1006636
1007080,1006640
1007080,1006644
1007080,1006646
1007080,1006648
1007080,1006650
1007080,1006653
1007080,1006665
1007080,1006667
1007080,1006677
1007080,1006684
1007080,1006686
1007080,1006688
1007080,1006690
1007080,1006694
1007080,1006696
1007080,1006698
1007080,1006700
1007080,1006702
1007080,1006718
1007080,1006720
1007080,1006724
1007080,1006730
1007080,1006732
1007080,1006736
1007080,1006744
1007080,1006745
1007080,1006747
1007080,1006765
1007080,1006771
1007080,1006773
1007080,1006787
1007080,1006803
1007080,1006806
1007080,1006812
1007080,1006816
1007080,1006818
1007080,1006824
1007080,1006828
1007080,1006832
1007080,1006834
1007080,1006836
1007080,1006848
1007080,1006850
1007080,1006852
1007080,1006855
1007080,1006865
1007080,1006871
1007080,1006875
1007080,1006877
1007080,1006879
1007080,1006880
1007080,1006882
1007080,1006884
1007080,1006890
1007080,1006898
1007080,1006900
1007080,1006904
1007080,1006906
1007080,1006912
1007080,1006928
1007080,1006930
1007080,1006932
1007080,1006938
1007080,1006940
1007080,1006942
1007080,1006944
1007080,1006950
1007080,1006952
1007080,1006954
1007080,1006956
1007080,1006958
1007080,1006976
1007080,1006980
1007080,1006996
1007080,1007002
1007080,1007004
1007080,1007008
1007080,1007010
1007080,1007012
1007080,1007014
1007080,1007016
1007080,1007022
1007080,1007024
1007080,1007036
1007080,1007038
1007080,1007040
1007080,1007042
1007080,1007048
1007080,1007056
1007080,1007058
1007080,1007062
1007080,1007066
1007080,1007070
1007080,1007072
1007080,1007074
1007080,1007076
1007080,1007078
1007080,1007080
1007080,1007082
1007080,1007087
1007080,1007094
1007080,1007096
1007080,1007098
1007080,1007100
1007080,1007104
1007080,1007106
1007080,1007114
1007080,1007122
1007080,1007126
1007080,1007136
1007080,1007138
1007080,1007144
1007080,1007150
1007080,1007156
1007080,1007158
1007080,1007166
1007080,1007168
1007080,1007172
1007080,1007178
1007080,1007182
1007080,1007186
1007080,1007194
1007080,1007196
1007080,1007202
1007080,1007206
1007080,1007208
1007080,1007210
1007080,1007214
1007080,1007216
1007080,1007218
1007080,1007220
1007080,1007222
1007080,1007224
1007080,1007228
1007080,1007248
1007080,1007252
1007080,1007258
1007080,1007268
1007080,1007270
1007080,1007272
1007080,1007274
1007080,1007276
1007080,1007284
1007080,1007288
1007080,1007290
1007080,1007292
1007080,1007294
1007080,1007296
1007080,1007302
1007080,1007304
1007080,1007308
1007080,1007318
1007080,1007320
1007080,1007321
1007080,1007323
1007080,1007325
1007080,1007327
1007080,1007331
1007080,1007333
1007080,1007337
1007080,1007339
1007080,1007341
1007080,1007343
1007080,1007345
1007080,1007347
1007080,1007349
1007080,1007355
1007080,1007363
1007080,1007367
1007080,1007369
1007080,1007371
1007080,1007387
1007080,1007391
1007080,1007393
1007080,1007394
1007080,1007402
1007080,1007404
1007080,1007408
1007080,1007414
1007080,1007416
1007080,1007418
1007080,1007420
1007080,1007422
1007080,1007424
1007080,1007430
1007080,1007448
1007080,1007450
1007080,1007451
1007080,1007454
1007080,1007462
1007080,1007466
1007080,1007474
1007080,1007482
1007080,1007486
1007080,1007487
1007080,1007489
1007080,1007490
1007080,1007492
1007080,1007498
1007080,1007502
1007080,1007506
1007080,1007510
1007080,1007512
1007080,1007514
1007080,1007516
1007080,1007518
1007080,1007520
1007080,1007522
1007080,1007526
1007080,1007529
1007080,1007533
1007080,1007537
1007080,1007539
1007080,1007541
1007080,1007545
1007080,1007547
1007080,1007549
1007080,1007551
1007080,1007553
1007080,1007555
1007080,1007556
1007080,1007560
1007080,1007564
1007080,1007568
1007080,1007572
1007080,1007576
1007080,1007586
1007080,1007588
1007080,1007590
1007080,1007596
1007080,1007598
1007080,1007600
1007080,1007606
1007080,1007612
1007080,1007614
1007080,1007616
1007080,1007618
1007080,1007624
1007080,1007626
1007080,1007628
1007080,1007634
1007080,1007644
1007080,1007646
1007080,1007654
1007080,1007657
1007080,1007658
1007080,1007662
1007080,1007666
1007080,1007668
1007080,1007672
1007080,1007684
1007080,1007686
1007080,1007692
1007080,1007694
1007080,1007696
1007080,1007700
1007080,1007702
1007080,1007714
1007080,1007730
1007080,1007732
1007080,1007736
1007080,1007740
1007080,1007750
1007080,1007756
1007080,1007758
1007080,1007760
1007080,1007762
1007080,1007766
1007080,1007768
1007080,1007770
1007080,1007772
1007080,1007778
1007080,1007780
1007080,1007788
1007080,1007790
1007080,1007797
1007080,1007799
1007080,1007801
1007080,1007805
1007080,1007809
1007080,1007819
1007080,1007821
1007080,1007823
1007080,1007825
1007080,1007829
1007080,1007835
1007080,1007839
1007080,1007847
1007080,1007849
1007080,1007859
1007080,1007863
1007080,1007864
1007080,1007867
1007080,1007870
1007080,1007871
1007080,1007874
1007080,1007875
1007080,1007900
1007080,1007906
1007080,1007908
1007080,1007910
1007080,1007916
1007080,1007920
1007080,1007922
1007080,1007926
1007080,1007936
1007080,1007938
1007080,1007940
1007080,1007944
1007080,1007946
1007080,1007948
1007080,1007957
1007080,1007960
1007080,1007964
1007080,1007966
1007080,1007968
1007080,1007970
1007080,1007976
1007080,1007986
1007080,1007988
1007080,1007990
1007080,1008000
1007080,1008002
1007080,1008006
1007080,1008012
1007080,1008014
1007080,1008018
1007080,1008020
1007080,1008023
1007080,1008025
1007080,1008035
1007080,1008039
1007080,1008041
1007080,1008043
1007080,1008045
1007080,1008053
1007080,1008055
1007080,1008057
1007080,1008063
1007080,1008066
1007080,1008070
1007080,1008072
1007080,1008076
1007080,1008078
1007080,1008082
1007080,1008086
1007080,1008088
1007080,1008096
1007080,1008104
1007080,1008106
1007080,1008110
1007080,1008112
1007080,1008116
1007080,1008118
1007080,1008120
1007080,1008122
1007080,1008124
1007081,1006311
1007081,1006313
1007081,1006314
1007081,1006315
1007081,1006317
1007081,1006319
1007081,1006321
1007081,1006323
1007081,1006324
1007081,1006325
1007081,1006326
1007081,1006327
1007081,1006328
1007081,1006329
1007081,1006330
1007081,1006331
1007081,1006332
1007081,1006333
1007081,1006335
1007081,1006337
1007081,1006338
1007081,1006339
1007081,1006340
1007081,1006341
1007081,1006342
1007081,1006343
1007081,1006345
1007081,1006346
1007081,1006348
1007081,1006350
1007081,1006352
1007081,1006353
1007081,1006354
1007081,1006355
1007081,1006356
1007081,1006358
1007081,1006359
1007081,1006360
1007081,1006362
1007081,1006364
1007081,1006366
1007081,1006368
1007081,1006370
1007081,1006371
1007081,1006372
1007081,1006373
1007081,1006374
1007081,1006376
1007081,1006378
1007081,1006380
1007081,1006381
1007081,1006382
1007081,1006383
1007081,1006384
1007081,1006386
1007081,1006387
1007081,1006388
1007081,1006390
1007081,1006392
1007081,1006393
1007081,1006395
1007081,1006397
1007081,1006399
1007081,1006401
1007081,1006403
1007081,1006405
1007081,1006407
1007081,1006409
1007081,1006411
1007081,1006412
1007081,1006413
1007081,1006415
1007081,1006417
1007081,1006418
1007081,1006419
1007081,1006420
1007081,1006421
1007081,1006423
1007081,1006425
1007081,1006426
1007081,1006427
1007081,1006428
1007081,1006429
1007081,1006431
1007081,1006432
1007081,1006433
1007081,1006435
1007081,1006437
1007081,1006439
1007081,1006441
1007081,1006443
1007081,1006444
1007081,1006445
1007081,1006447
1007081,1006449
1007081,1006451
1007081,1006452
1007081,1006453
1007081,1006455
1007081,1006457
1007081,1006458
1007081,1006459
1007081,1006461
1007081,1006462
1007081,1006463
1007081,1006464
1007081,1006465
1007081,1006467
1007081,1006469
1007081,1006471
1007081,1006473
1007081,1006475
1007081,1006476
1007081,1006477
1007081,1006479
1007081,1006481
1007081,1006482
1007081,1006483
1007081,1006484
1007081,1006485
1007081,1006486
1007081,1006487
1007081,1006488
1007081,1006489
1007081,1006490
1007081,1006491
1007081,1006492
1007081,1006493
1007081,1006494
1007081,1006495
1007081,1006496
1007081,1006497
1007081,1006498
1007081,1006500
1007081,1006501
1007081,1006502
1007081,1006504
1007081,1006506
1007081,1006508
1007081,1006510
1007081,1006512
1007081,1006514
1007081,1006516
1007081,1006517
1007081,1006518
1007081,1006520
1007081,1006522
1007081,1006523
1007081,1006524
1007081,1006525
1007081,1006526
1007081,1006527
1007081,1006528
1007081,1006529
1007081,1006530
1007081,1006531
1007081,1006532
1007081,1006533
1007081,1006534
1007081,1006535
1007081,1006536
1007081,1006537
1007081,1006538
1007081,1006539
1007081,1006540
1007081,1006541
1007081,1006542
1007081,1006544
1007081,1006546
1007081,1006548
1007081,1006549
1007081,1006551
1007081,1006552
1007081,1006553
1007081,1006554
1007081,1006555
1007081,1006557
1007081,1006558
1007081,1006559
1007081,1006561
1007081,1006563
1007081,1006564
1007081,1006565
1007081,1006567
1007081,1006569
1007081,1006570
1007081,1006571
1007081,1006573
1007081,1006575
1007081,1006576
1007081,1006577
1007081,1006578
1007081,1006580
1007081,1006582
1007081,1006583
1007081,1006584
1007081,1006586
1007081,1006588
1007081,1006590
1007081,1006591
1007081,1006592
1007081,1006594
1007081,1006595
1007081,1006596
1007081,1006598
1007081,1006599
1007081,1006600
1007081,1006602
1007081,1006603
1007081,1006604
1007081,1006605
1007081,1006606
1007081,1006608
1007081,1006610
1007081,1006612
1007081,1006614
1007081,1006616
1007081,1006618
1007081,1006619
1007081,1006620
1007081,1006621
1007081,1006622
1007081,1006624
1007081,1006626
1007081,1006628
1007081,1006630
1007081,1006632
1007081,1006633
1007081,1006634
1007081,1006636
1007081,1006637
1007081,1006638
1007081,1006640
1007081,1006641
1007081,1006642
1007081,1006644
1007081,1006645
1007081,1006646
1007081,1006647
1007081,1006648
1007081,1006649
1007081,1006650
1007081,1006651
1007081,1006653
1007081,1006654
1007081,1006655
1007081,1006657
1007081,1006659
1007081,1006661
1007081,1006663
1007081,1006665
1007081,1006666
1007081,1006667
1007081,1006668
1007081,1006669
1007081,1006671
1007081,1006673
1007081,1006675
1007081,1006677
1007081,1006678
1007081,1006680
1007081,1006682
1007081,1006684
1007081,1006685
1007081,1006686
1007081,1006687
1007081,1006688
1007081,1006689
1007081,1006690
1007081,1006691
1007081,1006692
1007081,1006694
1007081,1006695
1007081,1006696
1007081,1006697
1007081,1006698
1007081,1006699
1007081,1006700
1007081,1006701
1007081,1006702
1007081,1006703
1007081,1006704
1007081,1006706
1007081,1006708
1007081,1006710
1007081,1006712
1007081,1006714
1007081,1006716
1007081,1006718
1007081,1006719
1007081,1006720
1007081,1006721
1007081,1006722
1007081,1006724
1007081,1006725
1007081,1006726
1007081,1006728
1007081,1006730
1007081,1006731
1007081,1006732
1007081,1006733
1007081,1006734
1007081,1006736
1007081,1006737
1007081,1006738
1007081,1006740
1007081,1006742
1007081,1006744
1007081,1006745
1007081,1006746
1007081,1006747
1007081,1006748
1007081,1006749
1007081,1006751
1007081,1006753
1007081,1006755
1007081,1006757
1007081,1006759
1007081,1006761
1007081,1006763
1007081,1006765
1007081,1006766
1007081,1006767
1007081,1006769
1007081,1006771
1007081,1006772
1007081,1006773
1007081,1006774
1007081,1006775
1007081,1006777
1007081,1006779
1007081,1006781
1007081,1006783
1007081,1006785
1007081,1006787
1007081,1006788
1007081,1006789
1007081,1006791
1007081,1006793
1007081,1006795
1007081,1006797
1007081,1006799
1007081,1006801
1007081,1006803
1007081,1006804
1007081,1006806
1007081,1006807
1007081,1006808
1007081,1006810
1007081,1006812
1007081,1006813
1007081,1006814
1007081,1006816
1007081,1006817
1007081,1006818
1007081,1006819
1007081,1006820
1007081,1006822
1007081,1006824
1007081,1006825
1007081,1006826
1007081,1006828
1007081,1006829
1007081,1006830
1007081,1006832
1007081,1006833
1007081,1006834
1007081,1006835
1007081,1006836
1007081,1006837
1007081,1006838
1007081,1006840
1007081,1006842
1007081,1006844
1007081,1006846
1007081,1006848
1007081,1006849
1007081,1006850
1007081,1006851
1007081,1006852
1007081,1006853
1007081,1006855
1007081,1006856
1007081,1006857
1007081,1006859
1007081,1006861
1007081,1006863
1007081,1006865
1007081,1006866
1007081,1006867
1007081,1006869
1007081,1006871
1007081,1006872
1007081,1006873
1007081,1006875
1007081,1006876
1007081,1006877
1007081,1006878
1007081,1006879
1007081,1006880
1007081,1006881
1007081,1006882
1007081,1006883
1007081,1006884
1007081,1006885
1007081,1006886
1007081,1006888
1007081,1006890
1007081,1006891
1007081,1006892
1007081,1006894
1007081,1006896
1007081,1006898
1007081,1006899
1007081,1006900
1007081,1006901
1007081,1006902
1007081,1006904
1007081,1006905
1007081,1006906
1007081,1006907
1007081,1006908
1007081,1006910
1007081,1006912
1007081,1006913
1007081,1006914
1007081,1006916
1007081,1006918
1007081,1006920
1007081,1006922
1007081,1006924
1007081,1006926
1007081,1006928
1007081,1006929
1007081,1006930
1007081,1006931
1007081,1006932
1007081,1006933
1007081,1006934
1007081,1006936
1007081,1006938
1007081,1006939
1007081,1006940
1007081,1006941
1007081,1006942
1007081,1006943
1007081,1006944
1007081,1006945
1007081,1006946
1007081,1006948
1007081,1006950
1007081,1006951
1007081,1006952
1007081,1006953
1007081,1006954
1007081,1006955
1007081,1006956
1007081,1006957
1007081,1006958
1007081,1006959
1007081,1006960
1007081,1006962
1007081,1006964
1007081,1006966
1007081,1006968
1007081,1006970
1007081,1006972
1007081,1006974
1007081,1006976
1007081,1006977
1007081,1006978
1007081,1006980
1007081,1006981
1007081,1006982
1007081,1006984
1007081,1006986
1007081,1006988
1007081,1006990
1007081,1006992
1007081,1006994
1007081,1006996
1007081,1006997
1007081,1006998
1007081,1007000
1007081,1007002
1007081,1007003
1007081,1007004
1007081,1007005
1007081,1007006
1007081,1007008
1007081,1007009
1007081,1007010
1007081,1007011
1007081,1007012
1007081,1007013
1007081,1007014
1007081,1007015
1007081,1007016
1007081,1007017
1007081,1007018
1007081,1007020
1007081,1007022
1007081,1007023
1007081,1007024
1007081,1007025
1007081,1007026
1007081,1007028
1007081,1007030
1007081,1007032
1007081,1007034
1007081,1007036
1007081,1007037
1007081,1007038
1007081,1007039
1007081,1007040
1007081,1007041
1007081,1007042
1007081,1007043
1007081,1007044
1007081,1007046
1007081,1007048
1007081,1007049
1007081,1007050
1007081,1007052
1007081,1007054
1007081,1007056
1007081,1007057
1007081,1007058
1007081,1007059
1007081,1007060
1007081,1007062
1007081,1007063
1007081,1007064
1007081,1007066
1007081,1007067
1007081,1007068
1007081,1007070
1007081,1007071
1007081,1007072
1007081,1007073
1007081,1007074
1007081,1007075
1007081,1007076
1007081,1007077
1007081,1007078
1007081,1007079
1007081,1007080
1007081,1007081
1007081,1007082
1007081,1007083
1007081,1007085
1007081,1007087
1007081,1007088
1007081,1007090
1007081,1007092
1007081,1007094
1007081,1007095
1007081,1007096
1007081,1007097
1007081,1007098
1007081,1007099
1007081,1007100
1007081,1007101
1007081,1007102
1007081,1007104
1007081,1007105
1007081,1007106
1007081,1007107
1007081,1007108
1007081,1007110
1007081,1007112
1007081,1007114
1007081,1007115
1007081,1007116
1007081,1007118
1007081,1007120
1007081,1007122
1007081,1007123
1007081,1007124
1007081,1007126
1007081,1007127
1007081,1007128
1007081,1007130
1007081,1007132
1007081,1007134
1007081,1007136
1007081,1007137
1007081,1007138
1007081,1007139
1007081,1007140
1007081,1007142
1007081,1007144
1007081,1007145
1007081,1007146
1007081,1007148
1007081,1007150
1007081,1007151
1007081,1007152
1007081,1007154
1007081,1007156
1007081,1007157
1007081,1007158
1007081,1007159
1007081,1007160
1007081,1007162
1007081,1007164
1007081,1007166
1007081,1007167
1007081,1007168
1007081,1007169
1007081,1007170
1007081,1007172
1007081,1007173
1007081,1007174
1007081,1007176
1007081,1007178
1007081,1007179
1007081,1007180
1007081,1007182
1007081,1007183
1007081,1007184
1007081,1007186
1007081,1007187
1007081,1007188
1007081,1007190
1007081,1007192
1007081,1007194
1007081,1007195
1007081,1007196
1007081,1007197
1007081,1007198
1007081,1007200
1007081,1007202
1007081,1007203
1007081,1007204
1007081,1007206
1007081,1007207
1007081,1007208
1007081,1007209
1007081,1007210
1007081,1007211
1007081,1007212
1007081,1007214
1007081,1007215
1007081,1007216
1007081,1007217
1007081,1007218
1007081,1007219
1007081,1007220
1007081,1007221
1007081,1007222
1007081,1007223
1007081,1007224
1007081,1007225
1007081,1007226
1007081,1007228
1007081,1007229
1007081,1007230
1007081,1007232
1007081,1007234
1007081,1007236
1007081,1007238
1007081,1007240
1007081,1007242
1007081,1007244
1007081,1007246
1007081,1007248
1007081,1007249
1007081,1007250
1007081,1007252
1007081,1007253
1007081,1007254
1007081,1007256
1007081,1007258
1007081,1007259
1007081,1007260
1007081,1007262
1007081,1007264
1007081,1007266
1007081,1007268
1007081,1007269
1007081,1007270
1007081,1007271
1007081,1007272
1007081,1007273
1007081,1007274
1007081,1007275
1007081,1007276
1007081,1007277
1007081,1007278
1007081,1007280
1007081,1007282
1007081,1007284
1007081,1007285
1007081,1007286
1007081,1007288
1007081,1007289
1007081,1007290
1007081,1007291
1007081,1007292
1007081,1007293
1007081,1007294
1007081,1007295
1007081,1007296
1007081,1007297
1007081,1007298
1007081,1007300
1007081,1007302
1007081,1007303
1007081,1007304
1007081,1007305
1007081,1007306
1007081,1007308
1007081,1007309
1007081,1007310
1007081,1007312
1007081,1007314
1007081,1007316
1007081,1007318
1007081,1007319
1007081,1007320
1007081,1007321
1007081,1007322
1007081,1007323
1007081,1007324
1007081,1007325
1007081,1007326
1007081,1007327
1007081,1007328
1007081,1007329
1007081,1007331
1007081,1007332
1007081,1007333
1007081,1007334
1007081,1007335
1007081,1007337
1007081,1007338
1007081,1007339
1007081,1007340
1007081,1007341
1007081,1007342
1007081,1007343
1007081,1007344
1007081,1007345
1007081,1007346
1007081,1007347
1007081,1007348
1007081,1007349
1007081,1007350
1007081,1007351
1007081,1007353
1007081,1007355
1007081,1007356
1007081,1007357
1007081,1007359
1007081,1007361
1007081,1007363
1007081,1007364
1007081,1007365
1007081,1007367
1007081,1007368
1007081,1007369
1007081,1007370
1007081,1007371
1007081,1007372
1007081,1007373
1007081,1007375
1007081,1007377
1007081,1007379
1007081,1007381
1007081,1007383
1007081,1007385
1007081,1007387
1007081,1007388
1007081,1007389
1007081,1007391
1007081,1007392
1007081,1007393
1007081,1007394
1007081,1007395
1007081,1007396
1007081,1007398
1007081,1007400
1007081,1007402
1007081,1007403
1007081,1007404
1007081,1007405
1007081,1007406
1007081,1007408
1007081,1007409
1007081,1007410
1007081,1007412
1007081,1007414
1007081,1007415
1007081,1007416
1007081,1007417
1007081,1007418
1007081,1007419
1007081,1007420
1007081,1007421
1007081,1007422
1007081,1007423
1007081,1007424
1007081,1007425
1007081,1007426
1007081,1007428
1007081,1007430
1007081,1007431
1007081,1007432
1007081,1007434
1007081,1007436
1007081,1007438
1007081,1007440
1007081,1007442
1007081,1007444
1007081,1007446
1007081,1007448
1007081,1007449
1007081,1007450
1007081,1007451
1007081,1007452
1007081,1007454
1007081,1007455
1007081,1007456
1007081,1007458
1007081,1007460
1007081,1007462
1007081,1007463
1007081,1007464
1007081,1007466
1007081,1007467
1007081,1007468
1007081,1007470
1007081,1007472
1007081,1007474
1007081,1007475
1007081,1007476
1007081,1007478
1007081,1007480
1007081,1007482
1007081,1007483
1007081,1007484
1007081,1007486
1007081,1007487
1007081,1007488
1007081,1007489
1007081,1007490
1007081,1007491
1007081,1007492
1007081,1007493
1007081,1007494
1007081,1007496
1007081,1007498
1007081,1007499
1007081,1007500
1007081,1007502
1007081,1007503
1007081,1007504
1007081,1007506
1007081,1007507
1007081,1007508
1007081,1007510
1007081,1007511
1007081,1007512
1007081,1007513
1007081,1007514
1007081,1007515
1007081,1007516
1007081,1007517
1007081,1007518
1007081,1007519
1007081,1007520
1007081,1007521
1007081,1007522
1007081,1007523
1007081,1007524
1007081,1007526
1007081,1007527
1007081,1007529
1007081,1007530
1007081,1007531
1007081,1007533
1007081,1007534
1007081,1007535
1007081,1007537
1007081,1007538
1007081,1007539
1007081,1007540
1007081,1007541
1007081,1007542
1007081,1007543
1007081,1007545
1007081,1007546
1007081,1007547
1007081,1007548
1007081,1007549
1007081,1007550
1007081,1007551
1007081,1007552
1007081,1007553
1007081,1007554
1007081,1007555
1007081,1007556
1007081,1007557
1007081,1007558
1007081,1007560
1007081,1007561
1007081,1007562
1007081,1007564
1007081,1007565
1007081,1007566
1007081,1007568
1007081,1007569
1007081,1007570
1007081,1007572
1007081,1007573
1007081,1007574
1007081,1007576
1007081,1007577
1007081,1007578
1007081,1007580
1007081,1007582
1007081,1007584
1007081,1007586
1007081,1007587
1007081,1007588
1007081,1007589
1007081,1007590
1007081,1007591
1007081,1007592
1007081,1007594
1007081,1007596
1007081,1007597
1007081,1007598
1007081,1007599
1007081,1007600
1007081,1007601
1007081,1007602
1007081,1007604
1007081,1007606
1007081,1007607
1007081,1007608
1007081,1007610
1007081,1007612
1007081,1007613
1007081,1007614
1007081,1007615
1007081,1007616
1007081,1007617
1007081,1007618
1007081,1007619
1007081,1007620
1007081,1007622
1007081,1007624
1007081,1007625
1007081,1007626
1007081,1007627
1007081,1007628
1007081,1007629
1007081,1007630
1007081,1007632
1007081,1007634
1007081,1007635
1007081,1007636
1007081,1007638
1007081,1007640
1007081,1007642
1007081,1007644
1007081,1007645
1007081,1007646
1007081,1007647
1007081,1007648
1007081,1007650
1007081,1007652
1007081,1007654
1007081,1007655
1007081,1007657
1007081,1007658
1007081,1007659
1007081,1007660
1007081,1007662
1007081,1007663
1007081,1007664
1007081,1007666
1007081,1007667
1007081,1007668
1007081,1007669
1007081,1007670
1007081,1007672
1007081,1007673
1007081,1007674
1007081,1007676
1007081,1007678
1007081,1007680
1007081,1007682
1007081,1007684
1007081,1007685
1007081,1007686
1007081,1007687
1007081,1007688
1007081,1007690
1007081,1007692
1007081,1007693
1007081,1007694
1007081,1007695
1007081,1007696
1007081,1007697
1007081,1007698
1007081,1007700
1007081,1007701
1007081,1007702
1007081,1007703
1007081,1007704
1007081,1007706
1007081,1007708
1007081,1007710
1007081,1007712
1007081,1007714
1007081,1007715
1007081,1007716
1007081,1007718
1007081,1007720
1007081,1007722
1007081,1007724
1007081,1007726
1007081,1007728
1007081,1007730
1007081,1007731
1007081,1007732
1007081,1007733
1007081,1007734
1007081,1007736
1007081,1007737
1007081,1007738
1007081,1007740
1007081,1007741
1007081,1007742
1007081,1007744
1007081,1007746
1007081,1007748
1007081,1007750
1007081,1007751
1007081,1007752
1007081,1007754
1007081,1007756
1007081,1007757
1007081,1007758
1007081,1007759
1007081,1007760
1007081,1007761
1007081,1007762
1007081,1007763
1007081,1007764
1007081,1007766
1007081,1007767
1007081,1007768
1007081,1007769
1007081,1007770
1007081,1007771
1007081,1007772
1007081,1007773
1007081,1007774
1007081,1007776
1007081,1007778
1007081,1007779
1007081,1007780
1007081,1007781
1007081,1007782
1007081,1007784
1007081,1007786
1007081,1007788
1007081,1007789
1007081,1007790
1007081,1007791
1007081,1007793
1007081,1007795
1007081,1007797
1007081,1007798
1007081,1007799
1007081,1007800
1007081,1007801
1007081,1007802
1007081,1007803
1007081,1007805
1007081,1007806
1007081,1007807
1007081,1007809
1007081,1007810
1007081,1007811
1007081,1007813
1007081,1007815
1007081,1007817
1007081,1007819
1007081,1007820
1007081,1007821
1007081,1007822
1007081,1007823
1007081,1007824
1007081,1007825
1007081,1007826
1007081,1007827
1007081,1007829
1007081,1007830
1007081,1007831
1007081,1007833
1007081,1007835
1007081,1007836
1007081,1007837
1007081,1007839
1007081,1007840
1007081,1007841
1007081,1007843
1007081,1007845
1007081,1007847
1007081,1007848
1007081,1007849
1007081,1007850
1007081,1007851
1007081,1007853
1007081,1007855
1007081,1007857
1007081,1007859
1007081,1007860
1007081,1007861
1007081,1007863
1007081,1007864
1007081,1007865
1007081,1007867
1007081,1007868
1007081,1007870
1007081,1007871
1007081,1007872
1007081,1007874
1007081,1007875
1007081,1007876
1007081,1007878
1007081,1007880
1007081,1007882
1007081,1007884
1007081,1007886
1007081,1007888
1007081,1007890
1007081,1007892
1007081,1007894
1007081,1007896
1007081,1007898
1007081,1007900
1007081,1007901
1007081,1007902
1007081,1007904
1007081,1007906
1007081,1007907
1007081,1007908
1007081,1007909
1007081,1007910
1007081,1007911
1007081,1007912
1007081,1007914
1007081,1007916
1007081,1007917
1007081,1007918
1007081,1007920
1007081,1007921
1007081,1007922
1007081,1007923
1007081,1007924
1007081,1007926
1007081,1007927
1007081,1007928
1007081,1007930
1007081,1007932
1007081,1007934
1007081,1007936
1007081,1007937
1007081,1007938
1007081,1007939
1007081,1007940
1007081,1007941
1007081,1007942
1007081,1007944
1007081,1007945
1007081,1007946
1007081,1007947
1007081,1007948
1007081,1007949
1007081,1007951
1007081,1007953
1007081,1007955
1007081,1007957
1007081,1007958
1007081,1007960
1007081,1007961
1007081,1007962
1007081,1007964
1007081,1007965
1007081,1007966
1007081,1007967
1007081,1007968
1007081,1007969
1007081,1007970
1007081,1007971
1007081,1007972
1007081,1007974
1007081,1007976
1007081,1007977
1007081,1007978
1007081,1007980
1007081,1007982
1007081,1007984
1007081,1007986
1007081,1007987
1007081,1007988
1007081,1007989
1007081,1007990
1007081,1007991
1007081,1007992
1007081,1007994
1007081,1007996
1007081,1007998
1007081,1008000
1007081,1008001
1007081,1008002
1007081,1008003
1007081,1008004
1007081,1008006
1007081,1008007
1007081,1008008
1007081,1008010
1007081,1008012
1007081,1008013
1007081,1008014
1007081,1008015
1007081,1008016
1007081,1008018
1007081,1008019
1007081,1008020
1007081,1008021
1007081,1008023
1007081,1008024
1007081,1008025
1007081,1008026
1007081,1008027
1007081,1008029
1007081,1008031
1007081,1008033
1007081,1008035
1007081,1008036
1007081,1008037
1007081,1008039
1007081,1008040
1007081,1008041
1007081,1008042
1007081,1008043
1007081,1008044
1007081,1008045
1007081,1008046
1007081,1008047
1007081,1008049
1007081,1008051
1007081,1008053
1007081,1008054
1007081,1008055
1007081,1008056
1007081,1008057
1007081,1008058
1007081,1008059
1007081,1008061
1007081,1008063
1007081,1008064
1007081,1008066
1007081,1008067
1007081,1008068
1007081,1008070
1007081,1008071
1007081,1008072
1007081,1008073
1007081,1008074
1007081,1008076
1007081,1008077
1007081,1008078
1007081,1008079
1007081,1008080
1007081,1008082
1007081,1008083
1007081,1008084
1007081,1008086
1007081,1008087
1007081,1008088
1007081,1008089
1007081,1008090
1007081,1008092
1007081,1008094
1007081,1008096
1007081,1008097
1007081,1008098
1007081,1008100
1007081,1008102
1007081,1008104
1007081,1008105
1007081,1008106
1007081,1008107
1007081,1008108
1007081,1008110
1007081,1008111
1007081,1008112
1007081,1008113
1007081,1008114
1007081,1008116
1007081,1008117
1007081,1008118
1007081,1008119
1007081,1008120
1007081,1008121
1007081,1008122
1007081,1008123
1007081,1008124
1007081,1008125
1007081,1008126
1007081,1008137
1007081,1008143
1007081,1008145
1007081,1008148
1007081,1008154
1007081,1008155
1007081,1008165
1007081,1008166
1007081,1008189
1007081,1008190
1007081,1008204
1007081,1008205
1007081,1008212
1007081,1008213
1007081,1008223
1007081,1008224
1007081,1008230
1007081,1008237
1007081,1008238
1007081,1008257
1007081,1008258
1007081,1008260
1007081,1008261
1007081,1008264
1007081,1008265
1007081,1008266
1007081,1008267
1007081,1008272
1007081,1008273
1007081,1008274
1007081,1008275
1007081,1008284
1007081,1008285
1007081,1008288
1007081,1008291
1007081,1008292
1007081,1008296
1007081,1008297
1007081,1008313
1007081,1008314
1007081,1008319
1007081,1008320
1007081,1008322
1007081,1008323
1007081,1008324
1007081,1008334
1007081,1008349
1007081,1008350
1007081,1008352
1007081,1008353
1007081,1008361
1007081,1008362
1007081,1008365
1007081,1008366
1007081,1008379
1007081,1008380
1007081,1008387
1007081,1008389
1007081,1008390
1007081,1008403
1007081,1008404
1007081,1008405
1007081,1008407
1007081,1008425
1007081,1008426
1007081,1008430
1007081,1008431
1007081,1008432
1007081,1008433
1007081,1008435
1007081,1008438
1007081,1008462
1007081,1008463
1007081,1008469
1007081,1008475
1007081,1008476
1007081,1008483
1007081,1008484
1007081,1008493
1007081,1008494
1007081,1008499
1007081,1008506
1007081,1008507
1007081,1008510
1007081,1008511
1007081,1008513
1007081,1008517
1007081,1008522
1007081,1008523
1007081,1008537
1007081,1008538
1007081,1008540
1007081,1008541
1007081,1008552
1007081,1008553
1007081,1008556
1007081,1008557
1007081,1008559
1007081,1008560
1007081,1008563
1007081,1008572
1007081,1008578
1007081,1008585
1007081,1008587
1007081,1008610
1007081,1008611
1007081,1008614
1007081,1008615
1007081,1008622
1007081,1008623
1007081,1008634
1007081,1008642
1007081,1008648
1007081,1008649
1007081,1008650
1007081,1008651
1007081,1008662
1007081,1008663
1007081,1008671
1007081,1008672
1007081,1008673
1007081,1008682
1007081,1008683
1007081,1008685
1007081,1008690
1007081,1008691
1007081,1008692
1007081,1008697
1007081,1008701
1007081,1008711
1007081,1008715
1007081,1008717
1007081,1008718
1007081,1008724
1007081,1008740
1007081,1008748
1007081,1008752
1007081,1008753
1007081,1008759
1007081,1008760
1007081,1008775
1007081,1008781
1007081,1008789
1007081,1008790
1007081,1008798
1007081,1008800
1007081,1008804
1007081,1008811
1007081,1008812
1007081,1008827
1007081,1008833
1007081,1008834
1007081,1008837
1007081,1008838
1007081,1008849
1007081,1008853
1007081,1008854
1007081,1008855
1007081,1008856
1007081,1008857
1007081,1008861
1007081,1008882
1007081,1008889
1007081,1008896
1007081,1008902
1007081,1008909
1007081,1008910
1007081,1008914
1007081,1008917
1007081,1008918
1007081,1008919
1007081,1008929
1007081,1008937
1007081,1008944
1007081,1008945
1007081,1008958
1007081,1008959
1007081,1008970
1007081,1008984
1007081,1008986
1007081,1008987
1007081,1008998
1007081,1009001
1007081,1009002
1007081,1009008
1007081,1009011
1007081,1009012
1007081,1009014
1007081,1009015
1007081,1009016
1007081,1009017
1007081,1009018
1007081,1009037
1007081,1009052
1007081,1009072
1007081,1009078
1007081,1009079
1007081,1009082
1007081,1009083
1007081,1009091
1007081,1009092
1007081,1009093
1007081,1009104
1007081,1009117
1007081,1009119
1007081,1009129
1007081,1009131
1007081,1009133
1007081,1009134
1007081,1009139
1007081,1009140
1007081,1009168
1007081,1009173
1007081,1009178
1007081,1009179
1007081,1009184
1007081,1009185
1007081,1009186
1007081,1009190
1007081,1009192
1007081,1009196
1007081,1009210
1007081,1009229
1007081,1009232
1007081,1009233
1007081,1009244
1007081,1009245
1007081,1009246
1007081,1009255
1007081,1009265
1007081,1009274
1007081,1009276
1007081,1009277
1007081,1009280
1007081,1009281
1007081,1009286
1007081,1009287
1007081,1009301
1007081,1009303
1007081,1009308
1007081,1009311
1007081,1009318
1007081,1009320
1007081,1009322
1007081,1009324
1007081,1009327
1007081,1009330
1007081,1009331
1007081,1009333
1007081,1009340
1007081,1009351
1007081,1009352
1007081,1009353
1007081,1009359
1007081,1009363
1007081,1009364
1007081,1009365
1007081,1009367
1007081,1009372
1007081,1009376
1007081,1009379
1007081,1009387
1007081,1009389
1007081,1009391
1007081,1009392
1007081,1009405
1007081,1009414
1007081,1009417
1007081,1009421
1007081,1009435
1007081,1009436
1007081,1009444
1007081,1009453
1007081,1009471
1007081,1009476
1007081,1009477
1007081,1009487
1007081,1009497
1007081,1009502
1007081,1009504
1007081,1009505
1007081,1009512
1007081,1009514
1007081,1009518
1007081,1009519
1007081,1009522
1007081,1009523
1007081,1009524
1007081,1009536
1007081,1009539
1007081,1009541
1007081,1009550
1007081,1009551
1007081,1009558
1007081,1009561
1007081,1009562
1007081,1009569
1007081,1009570
1007081,1009576
1007081,1009578
1007081,1009633
1007081,1009635
1007081,1009636
1007081,1009646
1007081,1009649
1007081,1009650
1007081,1009654
1007081,1009655
1007081,1009656
1007081,1009664
1007081,1009666
1007081,1009667
1007081,1009677
1007081,1009681
1007081,1009682
1007081,1009699
1007081,1009702
1007081,1009704
1007081,1009705
1007081,1009714
1007081,1009719
1007081,1009720
1007081,1009728
1007081,1009734
1007081,1009743
1007081,1009749
1007081,1009753
1007081,1009755
1007081,1009767
1007081,1009768
1007081,1009775
1007081,1009801
1007081,1009804
1007081,1009805
1007081,1009813
1007081,1009831
1007081,1009852
1007081,1009853
1007081,1009859
1007081,1009867
1007081,1009875
1007081,1009876
1007081,1009877
1007081,1009878
1007081,1009881
1007081,1009882
1007081,1009886
1007081,1009896
1007081,1009906
1007081,1009909
1007081,1009911
1007081,1009922
1007081,1009923
1007081,1009927
1007081,1009928
1007081,1009929
1007081,1009930
1007081,1009931
1007081,1009948
1007081,1009953
1007081,1009954
1007081,1009962
1007081,1009969
1007081,1009974
1007081,1009984
1007081,1009986
1007081,1009987
1007081,1009999
1007081,1010000
1007081,1010002
1007081,1010006
1007081,1010010
1007081,1010013
1007081,1010017
1007081,1010018
1007081,1010022
1007081,1010024
1007081,1010031
1007081,1010032
1007081,1010037
1007081,1010045
1007081,1010048
1007081,1010062
1007081,1010064
1007081,1010071
1007081,1010077
1007081,1010078
1007081,1010079
1007081,1010080
1007081,1010123
1007081,1010124
1007081,1010126
1007081,1010129
1007081,1010133
1007081,1010144
1007081,1010147
1007081,1010166
1007081,1010171
1007081,1010183
1007081,1010184
1007081,1010185
1007081,1010208
1007081,1010212
1007081,1010225
1007081,1010230
1007081,1010234
1007081,1010238
1007081,1010241
1007081,1010243
1007081,1010249
1007081,1010251
1007081,1010252
1007081,1010284
1007081,1010288
1007081,1010295
1007081,1010296
1007081,1010303
1007081,1010306
1007081,1010310
1007081,1010330
1007081,1010335
1007081,1010345
1007081,1010350
1007081,1010351
1007081,1010374
1007081,1010375
1007081,1010376
1007081,1010377
1007081,1010384
1007081,1010387
1007081,1010390
1007081,1010391
1007081,1010398
1007081,1010403
1007081,1010404
1007081,1010409
1007081,1010439
1007081,1010440
1007081,1010450
1007081,1010465
1007081,1010496
1007081,1010498
1007081,1010499
1007081,1010509
1007081,1010510
1007081,1010522
1007081,1010535
1007081,1010538
1007081,1010539
1007081,1010544
1007081,1010548
1007081,1010555
1007081,1010567
1007081,1010568
1007081,1010569
1007081,1010570
1007081,1010577
1007081,1010588
1007081,1010594
1007081,1010595
1007081,1010599
1007081,1010605
1007081,1010607
1007081,1010608
1007081,1010611
1007081,1010612
1007081,1010615
1007081,1010616
1007081,1010623
1007081,1010630
1007081,1010636
1007081,1010652
1007081,1010658
1007081,1010662
1007081,1010668
1007081,1010670
1007081,1010671
1007081,1010676
1007081,1010677
1007081,1010678
1007081,1010679
1007081,1010682
1007081,1010684
1007081,1010688
1007081,1010689
1007081,1010698
1007081,1010702
1007081,1010711
1007081,1010724
1007081,1010725
1007081,1010736
1007081,1010739
1007081,1010740
1007081,1010746
1007081,1010751
1007081,1010763
1007081,1010772
1007081,1010773
1007081,1010780
1007081,1010784
1007081,1010785
1007081,1010786
1007081,1010802
1007081,1010804
1007081,1010811
1007081,1010820
1007081,1010821
1007081,1010826
1007081,1010830
1007081,1010844
1007081,1010845
1007081,1010846
1007081,1010851
1007081,1010852
1007081,1010854
1007081,1010855
1007081,1010857
1007081,1010867
1007081,1010869
1007081,1010873
1007081,1010882
1007081,1010901
1007081,1010904
1007081,1010906
1007081,1010907
1007081,1010908
1007081,1010909
1007081,1010913
1007081,1010918
1007081,1010941
1007081,1010942
1007081,1010957
1007081,1010962
1007081,1010968
1007081,1010969
1007081,1010983
1007081,1010988
1007081,1010989
1007081,1010991
1007081,1010993
1007081,1010996
1007081,1010997
1007081,1011012
1007081,1011025
1007081,1011045
1007081,1011050
1007081,1011051
1007081,1011054
1007081,1011065
1007081,1011066
1007081,1011073
1007081,1011082
1007081,1011083
1007081,1011084
1007081,1011088
1007081,1011110
1007081,1011112
1007081,1011121
1007081,1011127
1007081,1011128
1007081,1011129
1007081,1011135
1007081,1011138
1007081,1011142
1007081,1011143
1007081,1011147
1007081,1011148
1007081,1011149
1007081,1011166
1007081,1011177
1007081,1011178
1007081,1011187
1007081,1011188
1007081,1011207
1007081,1011208
1007081,1011224
1007081,1011225
1007081,1011226
1007081,1011234
1007081,1011235
1007081,1011241
1007081,1011246
1007081,1011247
1007081,1011264
1007081,1011265
1007081,1011269
1007081,1011270
1007081,1011271
1007081,1011288
1007081,1011289
1007081,1011309
1007081,1011311
1007081,1011313
1007081,1011324
1007081,1011325
1007081,1011326
1007081,1011329
1007081,1011332
1007081,1011334
1007081,1011335
1007081,1011338
1007081,1011344
1007081,1011355
1007081,1011363
1007081,1011369
1007081,1011370
1007081,1011371
1007081,1011375
1007081,1011392
1007081,1011400
1007081,1011401
1007081,1011402
1007081,1011403
1007081,1011406
1007081,1011411
1007081,1011412
1007081,1011413
1007081,1011418
1007081,1011419
1007081,1011430
1007081,1011431
1007081,1011434
1007081,1011435
1007081,1011440
1007081,1011441
1007081,1011447
1007081,1011450
1007081,1011451
1007081,1011452
1007081,1011453
1007081,1011454
1007081,1011456
1007081,1011484
1007081,1011486
1007081,1011487
1007081,1011495
1007081,1011498
1007081,1011521
1007081,1011523
1007081,1011524
1007081,1011535
1007081,1011560
1007081,1011576
1007081,1011579
1007081,1011607
1007081,1011608
1007081,1011609
1007081,1011616
1007081,1011618
1007081,1011620
1007081,1011624
1007081,1011631
1007081,1011635
1007081,1011640
1007081,1011650
1007081,1011651
1007081,1011661
1007081,1011672
1007081,1011683
1007081,1011684
1007081,1011703
1007081,1011707
1007081,1011710
1007081,1011713
1007081,1011715
1007081,1011716
1007081,1011717
1007081,1011726
1007081,1011727
1007081,1011750
1007081,1011765
1007081,1011766
1007081,1011774
1007081,1011778
1007081,1011779
1007081,1011784
1007081,1011785
1007081,1011788
1007081,1011789
1007081,1011791
1007081,1011792
1007081,1011793
1007081,1011803
1007081,1011804
1007081,1011805
1007081,1011810
1007081,1011820
1007081,1011827
1007081,1011829
1007081,1011830
1007081,1011838
1007081,1011839
1007081,1011841
1007081,1011846
1007081,1011848
1007081,1011854
1007081,1011856
1007081,1011860
1007081,1011864
1007081,1011866
1007081,1011872
1007081,1011873
1007081,1011876
1007081,1011893
1007081,1011904
1007081,1011911
1007081,1011915
1007081,1011918
1007081,1011920
1007081,1011921
1007081,1011923
1007081,1011935
1007081,1011951
1007081,1011969
1007081,1011971
1007081,1011972
1007081,1011977
1007081,1011979
1007081,1011981
1007081,1011987
1007081,1011994
1007081,1012010
1007081,1012020
1007081,1012024
1007081,1012036
1007081,1012037
1007081,1012038
1007081,1012039
1007081,1012040
1007081,1012044
1007081,1012046
1007081,1012054
1007081,1012074
1007081,1012076
1007081,1012077
1007081,1012082
1007081,1012085
1007081,1012088
1007081,1012110
1007081,1012123
1007081,1012124
1007081,1012127
1007081,1012136
1007081,1012138
1007081,1012143
1007081,1012149
1007081,1012152
1007081,1012153
1007081,1012158
1007081,1012171
1007081,1012185
1007081,1012190
1007081,1012191
1007081,1012194
1007081,1012196
1007081,1012200
1007081,1012206
1007081,1012207
1007081,1012208
1007081,1012216
1007081,1012221
1007081,1012233
1007081,1012237
1007081,1012240
1007081,1012250
1007081,1012251
1007081,1012253
1007081,1012256
1007081,1012261
1007081,1012263
1007081,1012267
1007081,1012268
1007081,1012269
1007081,1012270
1007081,1012271
1007081,1012277
1007081,1012282
1007081,1012290
1007081,1012291
1007081,1012295
1007081,1012296
1007081,1012298
1007081,1012299
1007081,1012308
1007081,1012309
1007081,1012315
1007081,1012316
1007081,1012318
1007081,1012319
1007081,1012325
1007081,1012330
1007081,1012353
1007081,1012364
1007081,1012383
1007081,1012384
1007081,1012386
1007081,1012387
1007081,1012389
1007081,1012390
1007081,1012394
1007081,1012400
1007081,1012407
1007081,1012408
1007081,1012410
1007081,1012411
1007081,1012420
1007081,1012422
1007081,1012428
1007081,1012429
1007081,1012434
1007081,1012435
1007081,1012445
1007081,1012462
1007081,1012463
1007081,1012469
1007081,1012470
1007081,1012472
1007081,1012474
1007081,1012488
1007081,1012491
1007081,1012498
1007081,1012503
1007081,1012504
1007081,1012514
1007081,1012531
1007081,1012533
1007081,1012534
1007081,1012540
1007081,1012541
1007081,1012560
1007081,1012561
1007081,1012564
1007081,1012565
1007081,1012567
1007081,1012575
1007081,1012576
1007081,1012584
1007081,1012599
1007081,1012607
1007081,1012612
1007081,1012615
1007081,1012616
1007081,1012619
1007081,1012620
1007081,1012623
1007081,1012625
1007081,1012630
1007081,1012632
1007081,1012633
1007081,1012647
1007081,1012649
1007081,1012655
1007081,1012684
1007081,1012688
1007081,1012689
1007081,1012695
1007081,1012701
1007081,1012711
1007081,1012712
1007081,1012718
1007081,1012720
1007081,1012730
1007081,1012735
1007081,1012752
1007081,1012753
1007081,1012762
1007081,1012763
1007081,1012767
1007081,1012773
1007081,1012775
1007081,1012780
1007081,1012790
1007081,1012791
1007081,1012792
1007081,1012793
1007081,1012795
1007081,1012798
1007081,1012800
1007081,1012802
1007081,1012805
1007081,1012809
1007081,1012812
1007081,1012813
1007081,1012833
1007081,1012837
1007081,1012846
1007081,1012847
1007081,1012854
1007081,1012855
1007081,1012863
1007081,1012874
1007081,1012885
1007081,1012909
1007081,1012911
1007081,1012917
1007081,1012925
1007081,1012929
1007081,1012936
1007081,1012940
1007081,1012948
1007081,1012960
1007081,1012972
1007081,1012993
1007081,1012997
1007081,1012998
1007081,1012999
1007081,1013005
1007081,1013006
1007081,1013008
1007081,1013017
1007081,1013020
1007081,1013021
1007081,1013033
1007081,1013038
1007081,1013042
1007081,1013043
1007081,1013046
1007081,1013054
1007081,1013055
1007081,1013057
1007081,1013059
1007081,1013060
1007081,1013064
1007081,1013065
1007081,1013071
1007081,1013074
1007081,1013078
1007081,1013082
1007081,1013087
1007081,1013100
1007081,1013107
1007081,1013108
1007081,1013113
1007081,1013125
1007081,1013129
1007081,1013130
1007081,1013133
1007081,1013147
1007081,1013151
1007081,1013155
1007081,1013163
1007081,1013177
1007081,1013193
1007081,1013194
1007081,1013195
1007081,1013196
1007081,1013202
1007081,1013216
1007081,1013219
1007081,1013220
1007081,1013224
1007081,1013232
1007081,1013233
1007081,1013236
1007081,1013238
1007081,1013247
1007081,1013251
1007081,1013254
1007081,1013262
1007081,1013263
1007081,1013279
1007081,1013281
1007081,1013296
1007081,1013312
1007081,1013313
1007081,1013314
1007081,1013318
1007081,1013319
1007081,1013322
1007081,1013333
1007081,1013335
1007081,1013346
1007081,1013350
1007081,1013351
1007081,1013352
1007081,1013357
1007081,1013358
1007081,1013361
1007081,1013364
1007081,1013368
1007081,1013371
1007081,1013373
1007081,1013377
1007081,1013379
1007081,1013382
1007081,1013389
1007081,1013395
1007081,1013398
1007081,1013403
1007081,1013410
1007081,1013411
1007081,1013416
1007081,1013433
1007081,1013436
1007081,1013449
1007081,1013457
1007081,1013458
1007081,1013469
1007081,1013492
1007081,1013503
1007081,1013508
1007081,1013509
1007081,1013515
1007081,1013526
1007081,1013530
1007081,1013535
1007081,1013537
1007081,1013551
1007081,1013568
1007081,1013574
1007081,1013584
1007081,1013594
1007081,1013603
1007081,1013608
1007081,1013609
1007081,1013617
1007081,1013618
1007081,1013632
1007081,1013638
1007081,1013641
1007081,1013642
1007081,1013643
1007081,1013647
1007081,1013648
1007081,1013676
1007081,1013682
1007081,1013690
1007081,1013691
1007081,1013697
1007081,1013698
1007081,1013699
1007081,1013702
1007081,1013712
1007081,1013716
1007081,1013725
1007081,1013729
1007081,1013731
1007081,1013735
1007081,1013751
1007081,1013752
1007081,1013757
1007081,1013761
1007081,1013762
1007081,1013763
1007081,1013766
1007081,1013769
1007081,1013775
1007081,1013786
1007081,1013791
1007081,1013798
1007081,1013799
1007081,1013804
1007081,1013809
1007081,1013813
1007081,1013815
1007081,1013835
1007081,1013836
1007081,1013837
1007081,1013848
1007081,1013849
1007081,1013858
1007081,1013859
1007081,1013875
1007081,1013883
1007081,1013886
1007081,1013890
1007081,1013891
1007081,1013892
1007081,1013897
1007081,1013901
1007081,1013918
1007081,1013920
1007081,1013921
1007081,1013926
1007081,1013927
1007081,1013932
1007081,1013933
1007081,1013934
1007081,1013935
1007081,1013940
1007081,1013948
1007081,1013951
1007081,1013955
1007081,1013963
1007081,1013964
1007081,1013965
1007081,1013968
1007081,1013978
1007081,1013982
1007081,1013984
1007081,1013985
1007081,1013988
1007081,1013990
1007081,1013995
1007081,1013997
1007081,1013999
1007081,1014004
1007081,1014010
1007081,1014018
1007081,1014027
1007081,1014030
1007081,1014039
1007081,1014040
1007081,1014044
1007081,1014056
1007081,1014063
1007081,1014065
1007081,1014066
1007081,1014069
1007081,1014077
1007081,1014078
1007081,1014081
1007081,1014086
1007081,1014090
1007081,1014091
1007081,1014098
1007081,1014101
1007081,1014106
1007081,1014110
1007081,1014115
1007081,1014116
1007081,1014117
1007081,1014121
1007081,1014123
1007081,1014124
1007081,1014125
1007081,1014136
1007081,1014139
1007081,1014142
1007081,1014166
1007081,1014167
1007081,1014191
1007081,1014194
1007081,1014195
1007081,1014198
1007081,1014202
1007081,1014203
1007081,1014204
1007081,1014214
1007081,1014218
1007081,1014219
1007081,1014221
1007081,1014235
1007081,1014236
1007081,1014237
1007081,1014238
1007081,1014239
1007081,1014242
1007081,1014265
1007081,1014269
1007081,1014275
1007081,1014285
1007081,1014292
1007081,1014293
1007081,1014296
1007081,1014300
1007081,1014301
1007081,1014314
1007081,1014315
1007081,1014316
1007081,1014323
1007081,1014333
1007081,1014359
1007081,1014364
1007081,1014365
1007081,1014372
1007081,1014374
1007081,1014384
1007081,1014388
1007081,1014399
1007081,1014422
1007081,1014429
1007081,1014442
1007081,1014458
1007081,1014461
1007081,1014463
1007081,1014465
1007081,1014472
1007081,1014477
1007081,1014478
1007081,1014494
1007081,1014499
1007081,1014503
1007081,1014511
1007081,1014513
1007081,1014516
1007081,1014518
1007081,1014530
1007081,1014531
1007081,1014535
1007081,1014547
1007081,1014559
1007081,1014560
1007081,1014561
1007081,1014573
1007081,1014580
1007081,1014581
1007081,1014586
1007081,1014587
1007081,1014605
1007081,1014606
1007081,1014607
1007081,1014608
1007081,1014624
1007081,1014626
1007081,1014633
1007081,1014634
1007081,1014635
1007081,1014639
1007081,1014650
1007081,1014655
1007081,1014661
1007081,1014663
1007081,1014670
1007081,1014681
1007081,1014690
1007081,1014695
1007081,1014696
1007081,1014703
1007081,1014704
1007081,1014720
1007081,1014725
1007081,1014730
1007081,1014733
1007081,1014746
1007081,1014747
1007081,1014748
1007081,1014749
1007081,1014751
1007081,1014752
1007081,1014759
1007081,1014760
1007081,1014761
1007081,1014763
1007081,1014764
1007081,1014765
1007081,1014767
1007081,1014768
1007081,1014773
1007081,1014777
1007081,1014779
1007081,1014781
1007081,1014784
1007081,1014785
1007081,1014796
1007081,1014802
1007081,1014803
1007081,1014805
1007081,1014811
1007081,1014812
1007081,1014819
1007081,1014820
1007081,1014824
1007081,1014840
1007081,1014852
1007081,1014853
1007081,1014860
1007081,1014872
1007081,1014884
1007081,1014891
1007081,1014894
1007081,1014922
1007081,1014923
1007081,1014924
1007081,1014927
1007081,1014938
1007081,1014951
1007081,1014954
1007081,1014959
1007081,1014971
1007081,1014976
1007081,1014979
1007081,1014990
1007081,1014994
1007081,1014995
1007081,1014998
1007081,1014999
1007081,1015006
1007081,1015016
1007081,1015022
1007081,1015025
1007081,1015035
1007081,1015037
1007081,1015040
1007081,1015043
1007081,1015048
1007081,1015050
1007081,1015067
1007081,1015068
1007081,1015076
1007081,1015077
1007081,1015079
1007081,1015082
1007081,1015088
1007081,1015090
1007081,1015091
1007081,1015092
1007081,1015093
1007081,1015105
1007081,1015111
1007081,1015123
1007081,1015131
1007081,1015132
1007081,1015136
1007081,1015138
1007081,1015143
1007081,1015144
1007081,1015147
1007081,1015160
1007081,1015166
1007081,1015168
1007081,1015173
1007081,1015176
1007081,1015182
1007081,1015183
1007081,1015192
1007081,1015195
1007081,1015196
1007081,1015197
1007081,1015201
1007081,1015210
1007081,1015212
1007081,1015216
1007081,1015227
1007081,1015233
1007081,1015243
1007081,1015245
1007081,1015251
1007081,1015253
1007081,1015259
1007081,1015269
1007081,1015271
1007081,1015276
1007081,1015277
1007081,1015282
1007081,1015290
1007081,1015297
1007081,1015310
1007081,1015324
1007081,1015325
1007081,1015328
1007081,1015329
1007081,1015330
1007081,1015331
1007081,1015333
1007081,1015352
1007081,1015353
1007081,1015361
1007081,1015367
1007081,1015369
1007081,1015372
1007081,1015376
1007081,1015399
1007081,1015401
1007081,1015405
1007081,1015414
1007081,1015416
1007081,1015430
1007081,1015431
1007081,1015434
1007081,1015448
1007081,1015449
1007081,1015451
1007081,1015457
1007081,1015462
1007081,1015469
1007081,1015470
1007081,1015478
1007081,1015481
1007081,1015484
1007081,1015485
1007081,1015486
1007081,1015490
1007081,1015494
1007081,1015495
1007081,1015501
1007081,1015515
1007081,1015517
1007081,1015526
1007081,1015529
1007081,1015531
1007081,1015544
1007081,1015547
1007081,1015563
1007081,1015566
1007081,1015569
1007081,1015574
1007081,1015575
1007081,1015583
1007081,1015591
1007081,1015592
1007081,1015602
1007081,1015606
1007081,1015617
1007081,1015618
1007081,1015624
1007081,1015626
1007081,1015627
1007081,1015633
1007081,1015646
1007081,1015647
1007081,1015649
1007081,1015651
1007081,1015654
1007081,1015660
1007081,1015677
1007081,1015687
1007081,1015692
1007081,1015701
1007081,1015704
1007081,1015719
1007081,1015722
1007081,1015723
1007081,1015737
1007081,1015749
1007081,1015752
1007081,1015757
1007081,1015759
1007081,1015767
1007081,1015768
1007081,1015772
1007081,1015774
1007081,1015779
1007081,1015781
1007081,1015782
1007081,1015788
1007081,1015790
1007081,1015793
1007081,1015796
1007081,1015805
1007081,1015812
1007081,1015833
1007081,1015834
1007081,1015836
1007081,1015838
1007081,1015842
1007081,1015843
1007081,1015845
1007081,1015847
1007081,1015854
1007081,1015858
1007081,1015859
1007081,1015860
1007081,1015862
1007081,1015867
1007081,1015872
1007081,1015881
1007081,1015882
1007081,1015883
1007081,1015890
1007081,1015908
1007081,1015922
1007081,1015928
1007081,1015935
1007081,1015941
1007081,1015943
1007081,1015946
1007081,1015955
1007081,1015956
1007081,1015965
1007081,1015966
1007081,1015968
1007081,1015972
1007081,1015976
1007081,1015977
1007081,1015983
1007081,1015986
1007081,1015988
1007081,1015991
1007081,1016004
1007081,1016010
1007081,1016012
1007081,1016017
1007081,1016022
1007081,1016033
1007081,1016036
1007081,1016045
1007081,1016052
1007081,1016056
1007081,1016059
1007081,1016060
1007081,1016062
1007081,1016065
1007081,1016077
1007081,1016085
1007081,1016097
1007081,1016098
1007081,1016099
1007081,1016103
1007081,1016115
1007081,1016123
1007081,1016124
1007081,1016129
1007081,1016130
1007081,1016135
1007081,1016139
1007081,1016152
1007081,1016154
1007081,1016155
1007081,1016157
1007081,1016160
1007081,1016167
1007081,1016172
1007081,1016179
1007081,1016183
1007081,1016184
1007081,1016189
1007081,1016192
1007081,1016195
1007081,1016202
1007081,1016213
1007081,1016214
1007081,1016223
1007081,1016229
1007081,1016243
1007081,1016264
1007081,1016268
1007081,1016269
1007081,1016271
1007081,1016296
1007081,1016297
1007081,1016302
1007081,1016303
1007081,1016309
1007081,1016314
1007081,1016315
1007081,1016316
1007081,1016317
1007081,1016344
1007081,1016346
1007081,1016350
1007081,1016357
1007081,1016364
1007081,1016365
1007081,1016368
1007081,1016371
1007081,1016372
1007081,1016377
1007081,1016389
1007081,1016390
1007081,1016397
1007081,1016398
1007081,1016399
1007081,1016409
1007081,1016414
1007081,1016417
1007081,1016429
1007081,1016431
1007081,1016448
1007081,1016451
1007081,1016452
1007081,1016466
1007081,1016469
1007081,1016470
1007081,1016485
1007081,1016489
1007081,1016500
1007081,1016501
1007081,1016503
1007081,1016504
1007081,1016513
1007081,1016521
1007081,1016525
1007081,1016528
1007081,1016532
1007081,1016536
1007081,1016537
1007081,1016541
1007081,1016544
1007081,1016545
1007081,1016548
1007081,1016556
1007081,1016561
1007081,1016566
1007081,1016577
1007081,1016580
1007081,1016584
1007081,1016585
1007081,1016601
1007081,1016603
1007081,1016606
1007081,1016613
1007081,1016614
1007081,1016620
1007081,1016646
1007081,1016651
1007081,1016657
1007081,1016668
1007081,1016678
1007081,1016679
1007081,1016681
1007081,1016691
1007081,1016695
1007081,1016696
1007081,1016697
1007081,1016699
1007081,1016700
1007081,1016703
1007081,1016711
1007081,1016712
1007081,1016716
1007081,1016717
1007081,1016718
1007081,1016721
1007081,1016722
1007081,1016723
1007081,1016727
1007081,1016732
1007081,1016733
1007081,1016740
1007081,1016760
1007081,1016762
1007081,1016771
1007081,1016781
1007081,1016782
1007081,1016796
1007081,1016805
1007081,1016808
1007081,1016812
1007081,1016818
1007081,1016827
1007081,1016829
1007081,1016830
1007081,1016833
1007081,1016843
1007081,1016846
1007081,1016852
1007081,1016863
1007081,1016869
1007081,1016879
1007081,1016884
1007081,1016890
1007081,1016891
1007081,1016894
1007081,1016910
1007081,1016912
1007081,1016916
1007081,1016917
1007081,1016927
1007081,1016929
1007081,1016938
1007081,1016946
1007081,1016949
1007081,1016959
1007081,1016971
1007081,1016976
1007081,1016977
1007081,1016981
1007081,1016988
1007081,1016993
1007081,1017000
1007081,1017002
1007081,1017016
1007081,1017025
1007081,1017027
1007081,1017031
1007081,1017036
1007081,1017037
1007081,1017040
1007081,1017043
1007081,1017044
1007081,1017049
1007081,1017057
1007081,1017060
1007081,1017069
1007081,1017082
1007081,1017093
1007081,1017097
1007081,1017107
1007081,1017111
1007081,1017128
1007081,1017137
1007081,1017138
1007081,1017151
1007081,1017157
1007081,1017162
1007081,1017167
1007081,1017173
1007081,1017176
1007081,1017181
1007081,1017188
1007081,1017199
1007081,1017200
1007081,1017215
1007081,1017218
1007081,1017219
1007081,1017226
1007081,1017236
1007081,1017241
1007081,1017245
1007081,1017251
1007081,1017264
1007081,1017266
1007081,1017274
1007081,1017281
1007081,1017291
1007081,1017308
1007081,1017311
1007081,1017312
1007081,1017313
1007081,1017315
1007081,1017329
1007081,1017334
1007081,1017339
1007081,1017344
1007081,1017350
1007081,1017351
1007081,1017367
1007081,1017401
1007081,1017403
1007081,1017412
1007081,1017417
1007081,1017422
1007081,1017424
1007081,1017425
1007081,1017430
1007081,1017432
1007081,1017433
1007081,1017448
1007081,1017450
1007081,1017455
1007081,1017457
1007081,1017460
1007081,1017461
1007081,1017468
1007081,1017470
1007081,1017472
1007081,1017475
1007081,1017485
1007081,1017495
1007081,1017499
1007081,1017500
1007081,1017512
1007081,1017515
1007081,1017516
1007081,1017520
1007081,1017526
1007081,1017530
1007081,1017543
1007081,1017558
1007081,1017561
1007081,1017580
1007081,1017610
1007081,1017623
1007081,1017625
1007081,1017631
1007081,1017641
1007081,1017660
1007081,1017661
1007081,1017666
1007081,1017669
1007081,1017674
1007081,1017682
1007081,1017700
1007081,1017703
1007081,1017719
1007081,1017732
1007081,1017741
1007081,1017745
1007081,1017763
1007081,1017765
1007081,1017780
1007081,1017783
1007081,1017786
1007081,1017803
1007081,1017805
1007081,1017806
1007081,1017813
1007081,1017819
1007081,1017839
1007081,1017848
1007081,1017852
1007081,1017855
1007081,1017857
1007081,1017859
1007081,1017863
1007081,1017869
1007081,1017877
1007081,1017879
1007081,1017898
1007081,1017907
1007081,1017923
1007081,1017930
1007081,1017936
1007081,1017937
1007081,1017947
1007081,1017948
1007081,1017953
1007081,1017954
1007081,1018007
1007081,1018010
1007081,1018029
1007081,1018039
1007081,1018042
1007081,1018044
1007081,1018048
1007081,1018053
1007081,1018059
1007081,1018061
1007081,1018067
1007081,1018068
1007081,1018069
1007081,1018071
1007081,1018076
1007081,1018077
1007081,1018085
1007081,1018090
1007081,1018098
1007081,1018099
1007081,1018111
1007081,1018126
1007081,1018127
1007081,1018146
1007081,1018157
1007081,1018171
1007081,1018172
1007081,1018190
1007081,1018191
1007081,1018198
1007081,1018210
1007081,1018226
1007081,1018230
1007081,1018231
1007081,1018232
1007081,1018241
1007081,1018243
1007081,1018256
1007081,1018258
1007081,1018278
1007081,1018284
1007081,1018285
1007081,1018288
1007081,1018289
1007081,1018297
1007081,1018301
1007081,1018315
1007081,1018317
1007081,1018319
1007081,1018321
1007081,1018327
1007081,1018334
1007081,1018357
1007081,1018358
1007081,1018365
1007081,1018371
1007081,1018372
1007081,1018376
1007081,1018381
1007081,1018383
1007081,1018385
1007081,1018386
1007081,1018388
1007081,1018389
1007081,1018394
1007081,1018395
1007081,1018404
1007081,1018414
1007081,1018415
1007081,1018420
1007081,1018421
1007081,1018427
1007081,1018430
1007081,1018437
1007081,1018446
1007081,1018447
1007081,1018456
1007081,1018457
1007081,1018466
1007081,1018467
1007081,1018472
1007081,1018473
1007081,1018475
1007081,1018479
1007081,1018485
1007081,1018490
1007081,1018497
1007081,1018500
1007081,1018502
1007081,1018511
1007081,1018512
1007081,1018519
1007081,1018526
1007081,1018528
1007081,1018529
1007081,1018532
1007081,1018534
1007081,1018542
1007081,1018548
1007081,1018554
1007081,1018555
1007081,1018568
1007081,1018586
1007081,1018607
1007081,1018608
1007081,1018610
1007081,1018616
1007081,1018625
1007081,1018675
1007081,1018677
1007081,1018718
1007081,1018809
1007081,1018928
1007081,1018973
1007081,1018977
1007081,1019098
1007081,1019138
1007081,1019175
1007081,1019454
1007081,1019462
1007081,1019554
1007081,1019585
1007081,1019682
1007081,1019711
1007082,1007082
1007083,1006724
1007083,1007083
1007083,1007094
1007083,1007359
1007083,1007430
1007084,1006725
1007084,1007084
1007084,1007095
1007084,1007360
1007084,1007431
1007084,1008606
1007084,1008682
1007084,1008683
1007084,1008902
1007084,1009265
1007084,1009436
1007084,1010018
1007084,1010290
1007084,1010291
1007084,1010821
1007084,1010822
1007084,1010840
1007084,1010841
1007084,1010917
1007084,1011242
1007084,1011332
1007084,1011434
1007084,1011435
1007084,1011541
1007084,1011820
1007084,1011968
1007084,1012315
1007084,1012316
1007084,1012389
1007084,1012390
1007084,1012717
1007084,1012896
1007084,1012909
1007084,1012998
1007084,1012999
1007084,1013008
1007084,1013060
1007084,1013078
1007084,1013220
1007084,1013316
1007084,1013371
1007084,1013643
1007084,1013716
1007084,1013978
1007084,1014483
1007084,1014812
1007084,1014945
1007084,1014989
1007084,1015082
1007084,1015114
1007084,1015182
1007084,1015183
1007084,1015196
1007084,1015374
1007084,1015464
1007084,1015633
1007084,1015759
1007084,1015862
1007084,1015956
1007084,1016036
1007084,1016097
1007084,1016130
1007084,1016243
1007084,1016413
1007084,1016417
1007084,1016466
1007084,1016993
1007084,1017040
1007084,1017254
1007084,1017312
1007084,1017339
1007084,1017457
1007084,1017504
1007084,1017902
1007084,1018054
1007084,1018752
1007084,1019211
1007084,1019332
1007084,1019446
1007084,1019615
1007084,1019689
1007085,1007085
1007086,1007086
1007087,1007087
1007088,1007088
1007089,1007089
1007089,1008319
1007089,1008320
1007089,1008752
1007089,1008753
1007089,1013633
1007089,1013634
1007089,1014533
1007089,1015198
1007089,1015756
1007089,1016703
1007089,1017835
1007090,1007090
1007091,1007091
1007092,1006749
1007092,1006757
1007092,1006759
1007092,1006763
1007092,1006853
1007092,1007092
1007092,1007180
1007092,1007357
1007092,1007468
1007092,1007604
1007092,1007670
1007092,1007865
1007092,1007868
1007092,1007872
1007092,1007932
1007092,1007934
1007093,1006750
1007093,1006758
1007093,1006760
1007093,1006764
1007093,1006854
1007093,1007093
1007093,1007181
1007093,1007358
1007093,1007469
1007093,1007605
1007093,1007671
1007093,1007866
1007093,1007869
1007093,1007873
1007093,1007933
1007093,1007935
1007093,1013746
1007093,1014228
1007093,1014446
1007093,1016205
1007093,1016958
1007093,1017345
1007093,1017544
1007093,1018765
1007093,1018858
1007093,1018882
1007093,1018934
1007093,1018947
1007093,1018971
1007093,1019062
1007093,1019203
1007093,1019223
1007093,1019285
1007093,1019340
1007093,1019358
1007093,1019575
1007093,1019639
1007093,1019683
1007093,1019721
1007094,1007094
1007095,1007095
1007095,1012909
1007095,1012998
1007095,1012999
1007095,1013078
1007095,1015082
1007095,1015196
1007095,1016466
1007096,1007096
1007097,1007097
1007098,1007098
1007099,1007099
1007100,1007100
1007101,1007101
1007102,1007102
1007102,1007244
1007103,1007103
1007103,1007245
1007103,1016508
1007103,1017405
1007104,1007104
1007105,1007105
1007106,1007106
1007107,1007107
1007108,1007108
1007109,1007109
1007109,1010390
1007109,1014043
1007109,1017062
1007109,1018418
1007110,1007110
1007111,1007111
1007111,1014622
1007112,1007112
1007113,1007113
1007113,1017734
1007114,1007114
1007115,1007115
1007116,1007116
1007117,1007117
1007117,1009236
1007117,1010697
1007117,1010699
1007117,1010872
1007117,1012884
1007117,1013119
1007117,1017259
1007118,1007118
1007119,1007119
1007120,1006415
1007120,1006439
1007120,1007120
1007120,1007894
1007121,1006416
1007121,1006440
1007121,1007121
1007121,1007895
1007121,1008181
1007121,1008211
1007121,1008248
1007121,1008289
1007121,1008290
1007121,1008357
1007121,1008567
1007121,1008639
1007121,1008674
1007121,1008675
1007121,1008710
1007121,1008721
1007121,1008983
1007121,1009004
1007121,1009020
1007121,1009080
1007121,1009088
1007121,1009089
1007121,1009097
1007121,1009101
1007121,1009113
1007121,1009185
1007121,1009415
1007121,1009416
1007121,1009504
1007121,1009505
1007121,1009593
1007121,1009699
1007121,1009794
1007121,1009915
1007121,1009935
1007121,1009968
1007121,1010031
1007121,1010032
1007121,1010076
1007121,1010102
1007121,1010103
1007121,1010129
1007121,1010154
1007121,1010216
1007121,1010297
1007121,1010369
1007121,1010431
1007121,1010473
1007121,1010531
1007121,1010538
1007121,1010539
1007121,1010745
1007121,1010770
1007121,1010848
1007121,1010853
1007121,1010854
1007121,1010893
1007121,1011064
1007121,1011086
1007121,1011230
1007121,1011341
1007121,1011376
1007121,1011423
1007121,1011494
1007121,1011510
1007121,1011522
1007121,1011529
1007121,1011548
1007121,1011553
1007121,1011562
1007121,1011602
1007121,1011633
1007121,1011643
1007121,1011707
1007121,1011768
1007121,1011799
1007121,1011862
1007121,1011864
1007121,1011940
1007121,1011989
1007121,1011992
1007121,1011993
1007121,1012034
1007121,1012053
1007121,1012177
1007121,1012307
1007121,1012317
1007121,1012387
1007121,1012409
1007121,1012432
1007121,1012446
1007121,1012484
1007121,1012491
1007121,1012529
1007121,1012550
1007121,1012613
1007121,1012669
1007121,1012713
1007121,1012747
1007121,1012756
1007121,1012757
1007121,1012784
1007121,1012799
1007121,1012805
1007121,1012857
1007121,1012865
1007121,1012907
1007121,1012975
1007121,1013096
1007121,1013114
1007121,1013129
1007121,1013130
1007121,1013140
1007121,1013141
1007121,1013225
1007121,1013282
1007121,1013344
1007121,1013368
1007121,1013391
1007121,1013401
1007121,1013477
1007121,1013491
1007121,1013502
1007121,1013510
1007121,1013542
1007121,1013544
1007121,1013567
1007121,1013631
1007121,1013639
1007121,1013644
1007121,1013661
1007121,1013662
1007121,1013666
1007121,1013707
1007121,1013729
1007121,1013749
1007121,1013789
1007121,1014064
1007121,1014098
1007121,1014203
1007121,1014270
1007121,1014422
1007121,1014537
1007121,1014553
1007121,1014583
1007121,1014755
1007121,1014883
1007121,1014891
1007121,1015014
1007121,1015052
1007121,1015074
1007121,1015134
1007121,1015160
1007121,1015179
1007121,1015196
1007121,1015247
1007121,1015266
1007121,1015276
1007121,1015296
1007121,1015313
1007121,1015322
1007121,1015355
1007121,1015394
1007121,1015401
1007121,1015409
1007121,1015413
1007121,1015436
1007121,1015539
1007121,1015540
1007121,1015593
1007121,1015624
1007121,1015639
1007121,1015646
1007121,1015708
1007121,1015755
1007121,1015828
1007121,1015831
1007121,1015863
1007121,1015892
1007121,1015951
1007121,1015960
1007121,1015970
1007121,1016027
1007121,1016048
1007121,1016096
1007121,1016101
1007121,1016102
1007121,1016152
1007121,1016209
1007121,1016222
1007121,1016249
1007121,1016266
1007121,1016325
1007121,1016344
1007121,1016347
1007121,1016363
1007121,1016406
1007121,1016407
1007121,1016434
1007121,1016464
1007121,1016487
1007121,1016558
1007121,1016569
1007121,1016572
1007121,1016586
1007121,1016626
1007121,1016670
1007121,1016706
1007121,1016728
1007121,1016802
1007121,1016874
1007121,1016892
1007121,1016910
1007121,1017095
1007121,1017098
1007121,1017191
1007121,1017221
1007121,1017244
1007121,1017270
1007121,1017330
1007121,1017375
1007121,1017394
1007121,1017416
1007121,1017445
1007121,1017447
1007121,1017485
1007121,1017514
1007121,1017553
1007121,1017557
1007121,1017560
1007121,1017640
1007121,1017677
1007121,1017752
1007121,1017775
1007121,1017879
1007121,1017924
1007121,1017933
1007121,1017936
1007121,1017951
1007121,1017970
1007121,1017996
1007121,1018016
1007121,1018184
1007121,1018272
1007121,1018279
1007121,1018341
1007121,1018370
1007121,1018379
1007121,1018383
1007121,1018385
1007121,1018389
1007121,1018400
1007121,1018413
1007121,1018419
1007121,1018422
1007121,1018451
1007121,1018452
1007121,1018487
1007121,1018967
1007122,1007122
1007123,1007123
1007124,1006313
1007124,1007070
1007124,1007072
1007124,1007124
1007125,1006314
1007125,1007071
1007125,1007073
1007125,1007125
1007125,1012039
1007125,1012445
1007125,1013015
1007125,1016448
1007125,1016489
1007126,1007126
1007127,1007127
1007128,1007128
1007129,1007129
1007129,1008549
1007129,1010477
1007129,1011680
1007129,1014430
1007129,1014818
1007129,1015020
1007129,1017597
1007130,1007130
1007131,1007131
1007132,1007132
1007133,1007133
1007134,1007134
1007135,1007135
1007136,1007136
1007137,1007137
1007138,1007138
1007139,1007139
1007140,1007140
1007141,1007141
1007141,1008165
1007141,1008166
1007141,1008230
1007141,1008469
1007141,1008499
1007141,1008517
1007141,1008671
1007141,1008672
1007141,1008697
1007141,1008715
1007141,1008724
1007141,1008849
1007141,1008874
1007141,1008875
1007141,1008917
1007141,1009018
1007141,1009104
1007141,1009178
1007141,1009179
1007141,1009305
1007141,1009308
1007141,1009376
1007141,1009414
1007141,1009421
1007141,1009444
1007141,1009502
1007141,1009512
1007141,1009539
1007141,1009570
1007141,1009578
1007141,1009862
1007141,1009870
1007141,1009881
1007141,1009974
1007141,1010043
1007141,1010166
1007141,1010172
1007141,1010599
1007141,1010633
1007141,1010662
1007141,1010758
1007141,1010773
1007141,1010826
1007141,1010907
1007141,1011088
1007141,1011098
1007141,1011311
1007141,1011338
1007141,1011355
1007141,1011567
1007141,1011577
1007141,1011716
1007141,1012221
1007141,1012325
1007141,1012407
1007141,1012408
1007141,1012928
1007141,1013071
1007141,1013113
1007141,1013236
1007141,1013251
1007141,1013260
1007141,1013320
1007141,1013333
1007141,1013574
1007141,1013858
1007141,1013990
1007141,1014018
1007141,1014195
1007141,1014218
1007141,1014238
1007141,1014293
1007141,1014413
1007141,1014494
1007141,1014631
1007141,1014685
1007141,1014784
1007141,1014802
1007141,1015037
1007141,1015101
1007141,1015444
1007141,1015462
1007141,1015484
1007141,1015485
1007141,1015529
1007141,1015779
1007141,1015834
1007141,1015842
1007141,1015943
1007141,1015965
1007141,1016045
1007141,1016192
1007141,1016271
1007141,1016304
1007141,1016309
1007141,1016317
1007141,1016388
1007141,1016389
1007141,1016536
1007141,1016760
1007141,1016916
1007141,1016959
1007141,1017093
1007141,1017111
1007141,1017173
1007141,1017188
1007141,1017365
1007141,1017422
1007141,1017472
1007141,1017479
1007141,1017669
1007141,1017741
1007141,1017767
1007141,1017852
1007141,1018071
1007141,1018205
1007141,1018241
1007141,1018327
1007141,1018388
1007141,1018395
1007141,1018473
1007141,1018502
1007142,1006563
1007142,1006602
1007142,1006942
1007142,1007078
1007142,1007142
1007142,1007220
1007142,1007420
1007142,1007516
1007142,1007556
1007142,1007805
1007143,1006564
1007143,1006603
1007143,1006943
1007143,1007079
1007143,1007143
1007143,1007221
1007143,1007421
1007143,1007517
1007143,1007557
1007143,1007806
1007143,1008143
1007143,1008223
1007143,1008224
1007143,1008237
1007143,1008238
1007143,1008265
1007143,1008266
1007143,1008296
1007143,1008297
1007143,1008425
1007143,1008426
1007143,1008462
1007143,1008463
1007143,1008475
1007143,1008476
1007143,1008510
1007143,1008591
1007143,1008701
1007143,1008746
1007143,1008775
1007143,1008789
1007143,1008790
1007143,1008909
1007143,1008910
1007143,1008987
1007143,1009037
1007143,1009244
1007143,1009245
1007143,1009286
1007143,1009287
1007143,1009387
1007143,1009391
1007143,1009417
1007143,1009518
1007143,1009519
1007143,1009541
1007143,1009561
1007143,1009562
1007143,1009681
1007143,1009768
1007143,1009813
1007143,1009875
1007143,1009876
1007143,1009911
1007143,1009936
1007143,1009948
1007143,1009973
1007143,1009999
1007143,1010006
1007143,1010144
1007143,1010146
1007143,1010147
1007143,1010208
1007143,1010284
1007143,1010496
1007143,1010594
1007143,1010595
1007143,1010607
1007143,1010608
1007143,1010682
1007143,1010734
1007143,1010772
1007143,1010780
1007143,1010802
1007143,1010820
1007143,1010908
1007143,1010909
1007143,1010957
1007143,1010996
1007143,1010997
1007143,1011025
1007143,1011121
1007143,1011226
1007143,1011264
1007143,1011265
1007143,1011401
1007143,1011402
1007143,1011418
1007143,1011430
1007143,1011431
1007143,1011537
1007143,1011624
1007143,1011650
1007143,1011679
1007143,1011765
1007143,1011766
1007143,1011803
1007143,1011804
1007143,1011935
1007143,1012074
1007143,1012143
1007143,1012158
1007143,1012190
1007143,1012191
1007143,1012246
1007143,1012336
1007143,1012428
1007143,1012429
1007143,1012462
1007143,1012469
1007143,1012470
1007143,1012695
1007143,1012720
1007143,1012735
1007143,1012762
1007143,1012763
1007143,1012800
1007143,1012809
1007143,1012813
1007143,1012874
1007143,1013020
1007143,1013021
1007143,1013055
1007143,1013057
1007143,1013087
1007143,1013193
1007143,1013195
1007143,1013196
1007143,1013219
1007143,1013238
1007143,1013314
1007143,1013346
1007143,1013617
1007143,1013618
1007143,1013632
1007143,1013712
1007143,1013752
1007143,1013766
1007143,1013798
1007143,1013799
1007143,1013875
1007143,1013897
1007143,1013918
1007143,1013926
1007143,1013927
1007143,1013948
1007143,1013963
1007143,1014027
1007143,1014049
1007143,1014091
1007143,1014275
1007143,1014384
1007143,1014388
1007143,1014458
1007143,1014499
1007143,1014639
1007143,1014650
1007143,1014690
1007143,1014696
1007143,1014746
1007143,1014752
1007143,1014759
1007143,1014764
1007143,1014765
1007143,1014990
1007143,1015253
1007143,1015271
1007143,1015328
1007143,1015347
1007143,1015353
1007143,1015367
1007143,1015369
1007143,1015434
1007143,1015454
1007143,1015501
1007143,1015517
1007143,1015592
1007143,1015606
1007143,1015626
1007143,1015627
1007143,1015701
1007143,1015704
1007143,1015722
1007143,1015723
1007143,1015749
1007143,1015752
1007143,1015767
1007143,1015768
1007143,1015860
1007143,1015872
1007143,1015890
1007143,1016010
1007143,1016135
1007143,1016346
1007143,1016369
1007143,1016500
1007143,1016537
1007143,1016544
1007143,1016577
1007143,1016585
1007143,1016620
1007143,1016657
1007143,1016668
1007143,1016695
1007143,1016696
1007143,1016711
1007143,1016712
1007143,1016796
1007143,1016812
1007143,1016891
1007143,1017226
1007143,1017245
1007143,1017432
1007143,1017468
1007143,1017641
1007143,1017666
1007143,1017703
1007143,1017859
1007143,1017898
1007143,1018198
1007143,1018210
1007143,1018372
1007143,1018376
1007143,1018475
1007143,1018495
1007143,1018528
1007143,1018534
1007143,1018616
1007144,1007144
1007145,1007145
1007146,1007146
1007147,1007147
1007147,1010046
1007147,1010180
1007147,1013713
1007147,1013878
1007147,1015700
1007147,1015777
1007147,1016323
1007148,1007148
1007149,1007149
1007150,1007150
1007151,1007151
1007152,1007152
1007153,1007153
1007154,1007154
1007155,1007155
1007156,1007156
1007157,1007157
1007158,1007158
1007159,1007159
1007160,1007160
1007161,1007161
1007161,1008369
1007161,1008602
1007161,1008650
1007161,1008852
1007161,1008888
1007161,1009145
1007161,1009184
1007161,1009255
1007161,1009395
1007161,1009811
1007161,1009812
1007161,1009962
1007161,1010187
1007161,1010601
1007161,1010747
1007161,1011306
1007161,1011568
1007161,1011607
1007161,1011608
1007161,1012182
1007161,1012237
1007161,1013012
1007161,1013013
1007161,1013312
1007161,1013468
1007161,1013651
1007161,1013711
1007161,1013880
1007161,1014043
1007161,1014156
1007161,1014238
1007161,1014280
1007161,1014319
1007161,1014370
1007161,1014472
1007161,1014548
1007161,1014655
1007161,1015070
1007161,1015589
1007161,1015696
1007161,1015793
1007161,1016044
1007161,1016081
1007161,1016310
1007161,1016465
1007161,1016541
1007161,1016680
1007161,1016795
1007161,1017062
1007161,1017087
1007161,1017686
1007161,1017729
1007161,1017749
1007161,1017754
1007161,1017841
1007161,1018044
1007161,1018109
1007161,1018239
1007161,1018311
1007161,1018334
1007161,1018418
1007161,1018504
1007161,1018740
1007162,1007162
1007163,1007163
1007163,1008369
1007163,1008602
1007163,1008852
1007163,1009145
1007163,1009184
1007163,1009255
1007163,1009811
1007163,1009812
1007163,1009962
1007163,1010187
1007163,1010601
1007163,1010747
1007163,1011306
1007163,1011568
1007163,1011607
1007163,1011608
1007163,1012182
1007163,1012237
1007163,1012543
1007163,1012544
1007163,1012657
1007163,1013012
1007163,1013013
1007163,1013468
1007163,1013651
1007163,1013711
1007163,1013778
1007163,1014043
1007163,1014156
1007163,1014280
1007163,1014319
1007163,1014370
1007163,1014472
1007163,1014548
1007163,1014655
1007163,1015070
1007163,1015589
1007163,1015696
1007163,1015793
1007163,1016044
1007163,1016081
1007163,1016310
1007163,1016465
1007163,1016541
1007163,1016795
1007163,1017062
1007163,1017087
1007163,1017686
1007163,1017729
1007163,1017749
1007163,1017754
1007163,1017841
1007163,1018044
1007163,1018109
1007163,1018311
1007163,1018334
1007163,1018418
1007163,1018504
1007163,1018740
1007164,1007164
1007165,1007165
1007165,1008369
1007165,1009184
1007165,1009616
1007165,1009811
1007165,1009812
1007165,1010601
1007165,1010747
1007165,1012182
1007165,1013012
1007165,1013013
1007165,1013711
1007165,1014043
1007165,1014319
1007165,1014370
1007165,1014472
1007165,1015070
1007165,1015696
1007165,1015793
1007165,1016081
1007165,1016310
1007165,1016541
1007165,1016550
1007165,1016795
1007165,1017062
1007165,1017749
1007165,1017754
1007165,1017841
1007165,1018418
1007165,1018504
1007166,1007166
1007167,1007167
1007168,1007168
1007169,1007169
1007170,1007170
1007171,1007171
1007172,1007172
1007173,1007173
1007174,1007174
1007175,1007175
1007176,1007176
1007177,1007177
1007178,1007178
1007179,1007179
1007179,1008204
1007179,1008205
1007179,1008257
1007179,1008258
1007179,1008260
1007179,1008261
1007179,1008272
1007179,1008273
1007179,1008274
1007179,1008275
1007179,1008322
1007179,1008323
1007179,1008352
1007179,1008353
1007179,1008365
1007179,1008366
1007179,1008389
1007179,1008390
1007179,1008403
1007179,1008483
1007179,1008484
1007179,1008513
1007179,1008540
1007179,1008541
1007179,1008572
1007179,1008578
1007179,1008685
1007179,1008740
1007179,1008748
1007179,1008759
1007179,1008760
1007179,1008800
1007179,1008804
1007179,1008855
1007179,1008861
1007179,1008882
1007179,1008889
1007179,1008896
1007179,1008944
1007179,1008945
1007179,1009001
1007179,1009002
1007179,1009008
1007179,1009082
1007179,1009117
1007179,1009119
1007179,1009129
1007179,1009133
1007179,1009134
1007179,1009173
1007179,1009229
1007179,1009233
1007179,1009276
1007179,1009277
1007179,1009311
1007179,1009318
1007179,1009351
1007179,1009363
1007179,1009379
1007179,1009392
1007179,1009435
1007179,1009497
1007179,1009514
1007179,1009633
1007179,1009649
1007179,1009650
1007179,1009677
1007179,1009702
1007179,1009728
1007179,1009734
1007179,1009859
1007179,1009877
1007179,1009886
1007179,1009909
1007179,1009927
1007179,1009928
1007179,1009984
1007179,1010002
1007179,1010017
1007179,1010064
1007179,1010077
1007179,1010078
1007179,1010079
1007179,1010123
1007179,1010185
1007179,1010225
1007179,1010230
1007179,1010243
1007179,1010251
1007179,1010252
1007179,1010288
1007179,1010303
1007179,1010310
1007179,1010330
1007179,1010376
1007179,1010377
1007179,1010398
1007179,1010403
1007179,1010404
1007179,1010409
1007179,1010465
1007179,1010509
1007179,1010510
1007179,1010535
1007179,1010588
1007179,1010605
1007179,1010611
1007179,1010658
1007179,1010678
1007179,1010679
1007179,1010698
1007179,1010746
1007179,1010751
1007179,1010786
1007179,1010851
1007179,1010855
1007179,1010857
1007179,1010867
1007179,1010988
1007179,1010989
1007179,1011073
1007179,1011234
1007179,1011235
1007179,1011271
1007179,1011309
1007179,1011324
1007179,1011325
1007179,1011326
1007179,1011363
1007179,1011369
1007179,1011403
1007179,1011484
1007179,1011683
1007179,1011684
1007179,1011710
1007179,1011717
1007179,1011726
1007179,1011727
1007179,1011791
1007179,1011792
1007179,1011838
1007179,1011841
1007179,1011846
1007179,1011918
1007179,1011951
1007179,1012024
1007179,1012077
1007179,1012194
1007179,1012196
1007179,1012207
1007179,1012250
1007179,1012256
1007179,1012261
1007179,1012282
1007179,1012298
1007179,1012299
1007179,1012308
1007179,1012309
1007179,1012353
1007179,1012435
1007179,1012514
1007179,1012531
1007179,1012533
1007179,1012534
1007179,1012541
1007179,1012584
1007179,1012623
1007179,1012647
1007179,1012684
1007179,1012718
1007179,1012730
1007179,1012780
1007179,1012798
1007179,1012802
1007179,1012837
1007179,1012846
1007179,1012863
1007179,1012911
1007179,1012948
1007179,1012960
1007179,1012972
1007179,1013017
1007179,1013059
1007179,1013107
1007179,1013108
1007179,1013133
1007179,1013163
1007179,1013216
1007179,1013279
1007179,1013318
1007179,1013319
1007179,1013357
1007179,1013358
1007179,1013364
1007179,1013395
1007179,1013403
1007179,1013457
1007179,1013509
1007179,1013515
1007179,1013568
1007179,1013594
1007179,1013603
1007179,1013697
1007179,1013698
1007179,1013699
1007179,1013731
1007179,1013763
1007179,1013786
1007179,1013804
1007179,1013836
1007179,1013848
1007179,1013890
1007179,1013920
1007179,1013921
1007179,1013965
1007179,1013988
1007179,1013997
1007179,1013999
1007179,1014040
1007179,1014044
1007179,1014063
1007179,1014069
1007179,1014081
1007179,1014086
1007179,1014090
1007179,1014116
1007179,1014121
1007179,1014198
1007179,1014202
1007179,1014204
1007179,1014235
1007179,1014242
1007179,1014265
1007179,1014285
1007179,1014296
1007179,1014316
1007179,1014333
1007179,1014359
1007179,1014364
1007179,1014442
1007179,1014478
1007179,1014531
1007179,1014535
1007179,1014559
1007179,1014608
1007179,1014626
1007179,1014663
1007179,1014670
1007179,1014730
1007179,1014819
1007179,1014820
1007179,1014824
1007179,1014840
1007179,1014853
1007179,1014938
1007179,1014954
1007179,1014971
1007179,1015016
1007179,1015022
1007179,1015088
1007179,1015090
1007179,1015091
1007179,1015092
1007179,1015093
1007179,1015105
1007179,1015138
1007179,1015144
1007179,1015166
1007179,1015168
1007179,1015227
1007179,1015259
1007179,1015290
1007179,1015352
1007179,1015376
1007179,1015416
1007179,1015526
1007179,1015531
1007179,1015547
1007179,1015566
1007179,1015569
1007179,1015574
1007179,1015647
1007179,1015654
1007179,1015660
1007179,1015757
1007179,1015788
1007179,1015805
1007179,1015812
1007179,1015838
1007179,1015847
1007179,1015854
1007179,1015858
1007179,1015859
1007179,1015881
1007179,1015935
1007179,1015976
1007179,1015977
1007179,1015983
1007179,1016059
1007179,1016085
1007179,1016115
1007179,1016124
1007179,1016129
1007179,1016154
1007179,1016179
1007179,1016189
1007179,1016195
1007179,1016202
1007179,1016213
1007179,1016269
1007179,1016364
1007179,1016368
1007179,1016372
1007179,1016451
1007179,1016485
1007179,1016501
1007179,1016513
1007179,1016521
1007179,1016601
1007179,1016679
1007179,1016700
1007179,1016843
1007179,1016846
1007179,1016863
1007179,1016884
1007179,1016890
1007179,1016894
1007179,1016912
1007179,1016917
1007179,1016929
1007179,1016938
1007179,1016971
1007179,1016977
1007179,1017025
1007179,1017027
1007179,1017138
1007179,1017151
1007179,1017167
1007179,1017176
1007179,1017199
1007179,1017215
1007179,1017236
1007179,1017251
1007179,1017281
1007179,1017344
1007179,1017417
1007179,1017424
1007179,1017430
1007179,1017475
1007179,1017512
1007179,1017520
1007179,1017526
1007179,1017530
1007179,1017543
1007179,1017580
1007179,1017610
1007179,1017625
1007179,1017780
1007179,1017839
1007179,1017855
1007179,1017863
1007179,1017923
1007179,1017930
1007179,1017947
1007179,1017953
1007179,1018010
1007179,1018029
1007179,1018048
1007179,1018069
1007179,1018077
1007179,1018099
1007179,1018191
1007179,1018226
1007179,1018258
1007179,1018278
1007179,1018288
1007179,1018297
1007179,1018365
1007179,1018394
1007179,1018414
1007179,1018415
1007179,1018420
1007179,1018430
1007179,1018554
1007180,1006763
1007180,1006853
1007180,1007180
1007180,1007872
1007181,1006764
1007181,1006854
1007181,1007181
1007181,1007873
1007181,1016958
1007181,1017345
1007181,1018971
1007181,1019203
1007182,1007182
1007183,1007183
1007184,1007184
1007185,1007185
1007185,1008852
1007185,1008918
1007185,1009395
1007185,1010983
1007185,1011418
1007185,1012752
1007185,1013097
1007185,1014748
1007185,1015770
1007185,1015792
1007185,1016633
1007185,1017729
1007185,1018616
1007186,1007186
1007187,1007187
1007188,1007188
1007189,1007189
1007189,1012422
1007190,1007190
1007191,1007191
1007192,1007192
1007192,1007738
1007192,1007861
1007193,1007193
1007193,1007739
1007193,1007862
1007193,1015240
1007194,1007194
1007195,1007195
1007196,1007196
1007197,1007197
1007198,1007198
1007199,1007199
1007200,1007200
1007201,1007201
1007202,1007202
1007203,1007203
1007203,1014236
1007203,1014237
1007203,1014633
1007203,1016390
1007203,1018928
1007203,1018973
1007203,1019098
1007203,1019454
1007203,1019554
1007203,1019585
1007204,1007204
1007205,1007205
1007206,1007206
1007207,1007207
1007208,1007208
1007209,1007209
1007210,1007210
1007211,1007211
1007212,1007212
1007213,1007213
1007213,1012356
1007213,1017825
1007214,1007214
1007215,1007215
1007216,1007216
1007217,1007217
1007218,1007218
1007219,1007219
1007220,1007220
1007221,1007221
1007222,1007222
1007223,1007223
1007223,1009192
1007223,1013968
1007223,1016056
1007224,1007224
1007225,1007225
1007225,1010126
1007225,1011447
1007225,1013006
1007225,1013492
1007225,1014923
1007225,1014924
1007225,1015132
1007225,1015486
1007225,1015781
1007225,1016062
1007225,1016716
1007225,1017031
1007225,1017313
1007225,1018586
1007226,1007226
1007227,1007227
1007228,1007228
1007229,1007229
1007230,1007230
1007231,1007231
1007231,1014599
1007232,1007232
1007233,1007233
1007233,1012335
1007234,1007234
1007235,1007235
1007235,1014827
1007236,1007236
1007237,1007237
1007237,1013943
1007238,1007238
1007239,1007239
1007239,1010983
1007239,1011418
1007239,1012005
1007239,1014548
1007239,1018616
1007240,1007240
1007241,1007241
1007242,1007242
1007243,1007243
1007244,1007244
1007245,1007245
1007245,1017405
1007246,1007246
1007247,1007247
1007248,1007248
1007249,1007249
1007250,1007250
1007251,1007251
1007252,1007252
1007253,1007253
1007254,1007254
1007255,1007255
1007255,1008263
1007256,1007256
1007257,1007257
1007257,1018820
1007257,1018821
1007257,1018836
1007257,1018837
1007257,1019234
1007257,1019295
1007258,1007258
1007259,1007259
1007260,1007260
1007261,1007261
1007262,1007262
1007263,1007263
1007264,1007264
1007265,1007265
1007266,1007266
1007267,1007267
1007268,1007268
1007269,1007269
1007270,1007270
1007271,1007271
1007272,1007272
1007273,1007273
1007274,1007274
1007275,1007275
1007276,1007276
1007277,1007277
1007278,1007278
1007279,1007279
1007280,1007280
1007281,1007281
1007281,1017693
1007281,1018213
1007282,1007282
1007283,1007283
1007284,1007284
1007285,1007285
1007286,1007286
1007287,1007287
1007288,1007288
1007289,1007289
1007290,1007290
1007291,1007291
1007292,1007292
1007293,1007293
1007294,1007294
1007295,1007295
1007296,1007296
1007297,1007297
1007298,1007298
1007299,1007299
1007300,1007300
1007301,1007301
1007301,1016644
1007301,1017498
1007301,1018407
1007302,1007302
1007303,1007303
1007304,1007304
1007305,1007305
1007306,1007306
1007307,1007307
1007307,1017747
1007308,1007308
1007309,1007309
1007310,1007310
1007311,1007311
1007312,1007312
1007313,1007313
1007314,1007314
1007315,1007315
1007316,1007316
1007317,1007317
1007318,1007318
1007319,1007319
1007320,1007320
1007321,1007321
1007322,1007322
1007323,1007323
1007324,1007324
1007325,1007325
1007326,1007326
1007326,1012054
1007327,1007327
1007328,1007328
1007329,1007329
1007330,1007330
1007330,1008873
1007330,1011488
1007330,1012056
1007330,1013426
1007330,1014930
1007330,1015030
1007330,1016387
1007330,1018216
1007331,1007331
1007332,1007332
1007333,1007333
1007334,1007334
1007335,1006580
1007335,1007335
1007335,1007718
1007336,1006581
1007336,1007336
1007336,1007719
1007336,1017699
1007336,1018229
1007337,1007337
1007338,1007338
1007339,1007339
1007340,1007340
1007340,1015968
1007341,1007341
1007342,1007342
1007343,1007343
1007344,1007344
1007345,1007345
1007346,1007346
1007347,1007347
1007348,1007348
1007349,1007349
1007350,1007350
1007351,1007351
1007352,1007352
1007352,1011421
1007353,1007353
1007354,1007354
1007355,1007355
1007356,1007356
1007357,1007357
1007358,1007358
1007359,1007359
1007360,1007360
1007360,1012717
1007360,1018054
1007361,1007361
1007362,1007362
1007362,1008676
1007362,1008677
1007362,1014348
1007362,1014774
1007362,1018214
1007363,1007363
1007364,1007364
1007365,1006755
1007365,1007365
1007366,1006756
1007366,1007366
1007366,1009349
1007366,1011200
1007367,1007367
1007368,1007368
1007369,1007369
1007370,1007370
1007371,1007371
1007372,1007372
1007372,1008970
1007372,1012474
1007372,1013254
1007372,1013322
1007372,1013676
1007372,1014078
1007372,1014219
1007372,1014922
1007372,1017266
1007373,1007373
1007374,1007374
1007374,1008284
1007374,1008414
1007374,1008610
1007374,1008611
1007374,1009293
1007374,1009449
1007374,1009655
1007374,1009926
1007374,1009934
1007374,1009956
1007374,1009990
1007374,1010058
1007374,1010334
1007374,1010380
1007374,1010400
1007374,1010844
1007374,1011083
1007374,1011142
1007374,1011143
1007374,1011152
1007374,1011167
1007374,1011406
1007374,1011662
1007374,1012083
1007374,1012103
1007374,1012112
1007374,1012306
1007374,1012345
1007374,1012430
1007374,1012564
1007374,1012565
1007374,1012631
1007374,1012712
1007374,1013082
1007374,1013083
1007374,1013528
1007374,1013735
1007374,1014234
1007374,1014300
1007374,1014355
1007374,1014419
1007374,1014586
1007374,1014587
1007374,1014634
1007374,1014635
1007374,1014701
1007374,1014934
1007374,1014935
1007374,1014941
1007374,1015067
1007374,1015068
1007374,1015216
1007374,1015331
1007374,1015348
1007374,1015363
1007374,1015391
1007374,1015396
1007374,1015452
1007374,1015797
1007374,1015955
1007374,1016034
1007374,1016127
1007374,1016418
1007374,1016503
1007374,1016599
1007374,1016710
1007374,1017114
1007374,1017136
1007374,1017436
1007374,1017786
1007374,1017907
1007374,1017943
1007374,1018299
1007374,1018481
1007374,1018532
1007374,1018578
1007374,1018602
1007374,1018957
1007374,1018958
1007374,1019001
1007375,1007375
1007376,1007376
1007376,1008618
1007376,1008619
1007376,1008971
1007376,1008972
1007376,1011028
1007376,1012500
1007376,1013150
1007376,1013508
1007376,1014027
1007376,1014043
1007376,1014780
1007376,1014825
1007376,1015309
1007376,1015578
1007376,1016532
1007376,1016584
1007376,1016659
1007376,1017062
1007376,1017089
1007376,1017660
1007376,1017705
1007376,1018109
1007376,1018418
1007377,1007377
1007378,1007378
1007378,1008589
1007378,1008650
1007378,1008706
1007378,1008852
1007378,1009148
1007378,1009149
1007378,1009255
1007378,1010081
1007378,1010392
1007378,1010518
1007378,1010587
1007378,1010820
1007378,1011025
1007378,1011320
1007378,1011532
1007378,1011852
1007378,1012237
1007378,1012546
1007378,1012687
1007378,1012696
1007378,1013859
1007378,1013893
1007378,1014043
1007378,1014129
1007378,1014238
1007378,1014422
1007378,1014495
1007378,1014548
1007378,1014650
1007378,1014655
1007378,1014693
1007378,1014780
1007378,1015103
1007378,1015424
1007378,1015589
1007378,1015849
1007378,1016044
1007378,1016399
1007378,1016608
1007378,1016891
1007378,1017023
1007378,1017024
1007378,1017062
1007378,1017085
1007378,1017525
1007378,1017664
1007378,1017729
1007378,1018044
1007378,1018311
1007378,1018334
1007378,1018418
1007378,1018611
1007379,1007379
1007380,1007380
1007380,1014043
1007380,1014725
1007380,1015590
1007380,1016992
1007380,1017062
1007380,1018418
1007381,1007381
1007382,1007382
1007382,1014043
1007382,1017062
1007382,1018418
1007383,1007383
1007384,1007384
1007384,1011113
1007384,1011114
1007384,1011532
1007384,1012862
1007384,1013342
1007384,1014015
1007384,1014043
1007384,1014052
1007384,1014548
1007384,1015417
1007384,1015429
1007384,1015498
1007384,1017062
1007384,1017729
1007384,1017950
1007384,1018043
1007384,1018286
1007384,1018418
1007385,1007385
1007386,1007386
1007386,1011665
1007386,1014043
1007386,1016010
1007386,1017062
1007386,1018418
1007387,1007387
1007388,1007388
1007389,1007389
1007390,1007390
1007391,1007391
1007392,1007392
1007392,1013964
1007393,1007393
1007394,1007394
1007395,1007395
1007396,1007396
1007397,1007397
1007398,1007398
1007398,1008047
1007399,1007399
1007399,1008048
1007399,1009207
1007399,1009441
1007399,1009442
1007399,1012586
1007399,1012587
1007399,1012637
1007399,1013520
1007399,1014526
1007399,1015745
1007399,1018240
1007400,1007400
1007401,1007401
1007401,1014845
1007401,1016622
1007402,1007402
1007403,1007403
1007404,1007404
1007405,1007405
1007406,1007406
1007407,1007407
1007407,1008411
1007407,1008412
1007407,1008953
1007407,1008954
1007407,1008999
1007407,1009000
1007407,1009296
1007407,1009437
1007407,1009438
1007407,1010098
1007407,1010159
1007407,1010170
1007407,1010656
1007407,1010825
1007407,1010956
1007407,1011001
1007407,1011076
1007407,1011237
1007407,1011352
1007407,1011357
1007407,1011379
1007407,1011507
1007407,1011549
1007407,1011648
1007407,1011957
1007407,1011984
1007407,1012015
1007407,1012134
1007407,1012367
1007407,1012508
1007407,1012601
1007407,1012867
1007407,1012901
1007407,1012915
1007407,1012924
1007407,1013181
1007407,1013265
1007407,1013435
1007407,1013587
1007407,1014075
1007407,1014345
1007407,1014601
1007407,1014672
1007407,1014737
1007407,1015100
1007407,1015358
1007407,1015426
1007407,1015493
1007407,1015632
1007407,1015645
1007407,1015780
1007407,1015873
1007407,1015967
1007407,1016046
1007407,1016047
1007407,1016181
1007407,1016259
1007407,1016378
1007407,1016380
1007407,1016384
1007407,1016604
1007407,1016610
1007407,1016791
1007407,1016792
1007407,1016839
1007407,1016945
1007407,1017006
1007407,1017022
1007407,1017078
1007407,1017104
1007407,1017354
1007407,1017393
1007407,1017480
1007407,1017648
1007407,1017659
1007407,1017795
1007407,1017831
1007407,1017860
1007407,1017867
1007407,1018144
1007407,1018163
1007407,1018307
1007407,1018336
1007407,1018351
1007407,1018477
1007407,1018697
1007407,1018735
1007407,1018759
1007407,1018812
1007407,1018868
1007407,1018879
1007407,1018894
1007407,1018931
1007407,1019002
1007407,1019052
1007407,1019066
1007407,1019068
1007407,1019142
1007407,1019178
1007407,1019200
1007407,1019212
1007407,1019248
1007407,1019250
1007407,1019275
1007407,1019301
1007407,1019339
1007407,1019343
1007407,1019382
1007407,1019404
1007407,1019411
1007407,1019412
1007407,1019429
1007407,1019468
1007407,1019512
1007407,1019544
1007407,1019594
1007407,1019629
1007407,1019657
1007407,1019675
1007407,1019684
1007407,1019714
1007407,1019744
1007408,1007408
1007409,1007409
1007410,1007410
1007411,1007411
1007412,1007412
1007413,1007413
1007414,1007414
1007415,1007415
1007416,1007416
1007417,1007417
1007418,1007418
1007419,1007419
1007419,1014781
1007419,1015515
1007419,1017002
1007420,1007420
1007421,1007421
1007421,1008143
1007421,1011624
1007421,1013766
1007421,1013963
1007421,1014759
1007421,1016500
1007421,1016812
1007421,1017226
1007421,1017666
1007421,1017859
1007421,1017898
1007421,1018210
1007422,1007422
1007423,1007423
1007424,1007424
1007425,1007425
1007426,1007426
1007427,1007427
1007427,1008860
1007427,1008952
1007427,1009042
1007427,1009294
1007427,1009634
1007427,1009750
1007427,1010273
1007427,1010393
1007427,1011903
1007427,1011961
1007427,1012303
1007427,1012779
1007427,1013267
1007427,1013414
1007427,1013601
1007427,1013654
1007427,1013803
1007427,1013870
1007427,1014097
1007427,1014332
1007427,1014479
1007427,1014692
1007427,1014862
1007427,1015211
1007427,1015242
1007427,1015252
1007427,1015567
1007427,1015734
1007427,1015980
1007427,1016512
1007427,1016672
1007427,1017038
1007427,1017230
1007427,1017493
1007427,1017851
1007427,1017882
1007428,1007428
1007429,1007429
1007430,1007430
1007431,1007431
1007431,1017312
1007432,1007432
1007433,1007433
1007434,1007434
1007435,1007435
1007436,1007436
1007437,1007437
1007438,1007438
1007439,1007439
1007440,1007440
1007441,1007441
1007442,1007442
1007443,1007443
1007444,1007444
1007445,1007445
1007446,1007446
1007447,1007447
1007447,1008149
1007447,1008150
1007447,1008253
1007447,1008473
1007447,1008474
1007447,1008495
1007447,1008496
1007447,1008527
1007447,1008528
1007447,1008769
1007447,1008818
1007447,1008819
1007447,1008906
1007447,1008907
1007447,1008948
1007447,1008965
1007447,1008991
1007447,1009030
1007447,1009102
1007447,1009128
1007447,1009154
1007447,1009155
1007447,1009197
1007447,1009250
1007447,1009397
1007447,1009496
1007447,1009546
1007447,1009604
1007447,1009769
1007447,1009770
1007447,1009803
1007447,1009810
1007447,1009827
1007447,1010352
1007447,1010454
1007447,1010505
1007447,1010639
1007447,1010640
1007447,1010665
1007447,1010666
1007447,1010675
1007447,1010860
1007447,1010861
1007447,1010890
1007447,1011067
1007447,1011307
1007447,1011366
1007447,1011410
1007447,1011436
1007447,1011450
1007447,1011451
1007447,1011513
1007447,1011652
1007447,1011655
1007447,1011656
1007447,1011682
1007447,1011731
1007447,1011886
1007447,1012017
1007447,1012084
1007447,1012091
1007447,1012127
1007447,1012334
1007447,1012370
1007447,1012421
1007447,1012535
1007447,1012538
1007447,1012656
1007447,1012697
1007447,1012883
1007447,1013028
1007447,1013035
1007447,1013040
1007447,1013343
1007447,1013369
1007447,1013393
1007447,1013444
1007447,1013561
1007447,1013573
1007447,1013994
1007447,1014074
1007447,1014083
1007447,1014144
1007447,1014225
1007447,1014303
1007447,1014344
1007447,1014383
1007447,1014391
1007447,1014436
1007447,1014454
1007447,1014460
1007447,1014540
1007447,1014578
1007447,1014596
1007447,1014600
1007447,1014688
1007447,1014700
1007447,1014718
1007447,1014847
1007447,1014986
1007447,1015034
1007447,1015069
1007447,1015097
1007447,1015145
1007447,1015193
1007447,1015263
1007447,1015267
1007447,1015357
1007447,1015443
1007447,1015635
1007447,1015684
1007447,1015744
1007447,1015760
1007447,1015844
1007447,1015949
1007447,1016030
1007447,1016061
1007447,1016224
1007447,1016272
1007447,1016274
1007447,1016385
1007447,1016422
1007447,1016433
1007447,1016490
1007447,1016493
1007447,1016543
1007447,1016704
1007447,1016727
1007447,1016794
1007447,1016834
1007447,1016835
1007447,1016902
1007447,1016911
1007447,1016940
1007447,1017007
1007447,1017071
1007447,1017118
1007447,1017180
1007447,1017289
1007447,1017483
1007447,1017508
1007447,1017528
1007447,1017645
1007447,1017847
1007447,1017963
1007447,1018009
1007447,1018150
1007447,1018236
1007447,1018312
1007447,1018330
1007447,1018398
1007447,1018429
1007447,1018464
1007447,1018466
1007447,1018493
1007447,1018617
1007447,1018628
1007447,1018644
1007447,1018666
1007447,1018711
1007447,1018715
1007447,1018770
1007447,1018816
1007447,1018853
1007447,1018889
1007447,1018938
1007447,1018988
1007447,1019131
1007447,1019156
1007447,1019157
1007447,1019198
1007447,1019226
1007447,1019251
1007447,1019258
1007447,1019302
1007447,1019309
1007447,1019371
1007447,1019674
1007448,1007448
1007449,1007449
1007450,1007450
1007451,1007451
1007452,1007452
1007453,1007453
1007454,1007454
1007455,1007455
1007456,1007456
1007457,1007457
1007458,1007458
1007459,1007459
1007459,1015520
1007459,1016100
1007459,1016798
1007459,1016799
1007460,1006781
1007460,1006910
1007460,1007460
1007461,1006782
1007461,1006911
1007461,1007461
1007461,1008621
1007461,1010562
1007461,1010912
1007461,1011978
1007461,1013211
1007461,1013801
1007461,1013992
1007461,1014834
1007461,1016753
1007461,1017158
1007461,1017174
1007461,1017297
1007461,1018743
1007462,1007462
1007463,1007463
1007464,1007464
1007465,1007465
1007466,1007466
1007467,1007467
1007468,1007468
1007469,1007469
1007470,1007470
1007471,1007471
1007471,1011934
1007471,1016037
1007471,1017347
1007472,1006327
1007472,1006337
1007472,1007472
1007473,1006328
1007473,1006338
1007473,1007473
1007473,1008387
1007473,1008388
1007473,1009657
1007473,1009658
1007473,1010704
1007473,1011231
1007473,1011232
1007473,1011720
1007473,1012368
1007473,1012935
1007473,1013460
1007473,1013810
1007473,1013811
1007473,1013894
1007473,1014630
1007473,1015007
1007473,1015681
1007473,1016582
1007473,1018108
1007473,1018275
1007473,1018480
1007473,1019628
1007474,1007474
1007475,1007475
1007475,1014998
1007476,1007476
1007477,1007477
1007478,1007478
1007478,1008114
1007479,1007479
1007479,1008115
1007479,1008172
1007479,1008173
1007479,1008198
1007479,1008199
1007479,1008512
1007479,1008660
1007479,1008661
1007479,1008725
1007479,1009055
1007479,1009127
1007479,1009450
1007479,1009483
1007479,1009484
1007479,1009609
1007479,1009982
1007479,1009983
1007479,1010150
1007479,1010200
1007479,1010436
1007479,1010451
1007479,1010876
1007479,1010895
1007479,1011157
1007479,1011158
1007479,1011179
1007479,1011209
1007479,1011210
1007479,1011372
1007479,1011381
1007479,1011517
1007479,1011564
1007479,1011574
1007479,1011591
1007479,1011601
1007479,1011832
1007479,1012003
1007479,1012150
1007479,1012329
1007479,1012440
1007479,1012454
1007479,1012570
1007479,1012571
1007479,1012741
1007479,1012797
1007479,1012832
1007479,1012840
1007479,1012848
1007479,1012981
1007479,1013029
1007479,1013036
1007479,1013137
1007479,1013228
1007479,1013277
1007479,1013304
1007479,1013378
1007479,1013390
1007479,1013541
1007479,1013596
1007479,1013626
1007479,1013770
1007479,1013834
1007479,1013863
1007479,1014051
1007479,1014172
1007479,1014188
1007479,1014207
1007479,1014330
1007479,1014338
1007479,1014341
1007479,1014363
1007479,1014536
1007479,1014729
1007479,1014753
1007479,1014823
1007479,1014864
1007479,1014901
1007479,1015023
1007479,1015054
1007479,1015146
1007479,1015157
1007479,1015392
1007479,1015497
1007479,1015652
1007479,1016054
1007479,1016063
1007479,1016643
1007479,1016950
1007479,1017421
1007479,1017563
1007479,1017681
1007479,1017720
1007479,1017807
1007479,1017818
1007479,1017833
1007479,1018013
1007479,1018161
1007479,1018201
1007479,1018308
1007479,1018384
1007479,1018547
1007479,1018565
1007479,1018588
1007480,1007480
1007481,1007481
1007481,1011554
1007481,1013252
1007481,1016823
1007481,1019286
1007482,1007482
1007483,1007483
1007484,1007484
1007485,1007485
1007486,1007486
1007487,1007487
1007488,1007488
1007489,1007489
1007490,1007490
1007491,1007491
1007492,1007492
1007493,1007493
1007494,1007494
1007495,1007495
1007496,1007496
1007497,1007497
1007497,1013376
1007498,1007498
1007499,1007499
1007500,1007500
1007501,1007501
1007502,1007502
1007503,1007503
1007504,1007504
1007505,1007505
1007505,1010081
1007505,1012610
1007505,1014027
1007505,1014043
1007505,1016044
1007505,1016335
1007505,1016810
1007505,1017000
1007505,1017062
1007505,1017370
1007505,1017634
1007505,1018311
1007505,1018418
1007506,1007506
1007507,1007507
1007508,1007508
1007509,1007509
1007510,1007510
1007511,1007511
1007512,1007512
1007513,1007513
1007514,1007514
1007515,1007515
1007516,1006602
1007516,1007516
1007517,1006603
1007517,1007517
1007517,1008701
1007517,1008909
1007517,1008910
1007517,1008987
1007517,1009037
1007517,1009541
1007517,1009768
1007517,1010006
1007517,1010144
1007517,1010147
1007517,1010780
1007517,1010820
1007517,1011025
1007517,1011121
1007517,1011650
1007517,1012695
1007517,1012720
1007517,1012800
1007517,1013057
1007517,1013346
1007517,1013926
1007517,1013927
1007517,1014027
1007517,1014690
1007517,1014990
1007517,1015353
1007517,1015367
1007517,1015749
1007517,1015860
1007517,1015872
1007517,1016010
1007517,1016657
1007517,1016711
1007517,1016796
1007517,1016891
1007517,1017468
1007518,1006875
1007518,1007518
1007519,1006876
1007519,1007519
1007520,1007520
1007521,1007521
1007522,1007252
1007522,1007487
1007522,1007522
1007522,1007560
1007523,1007253
1007523,1007488
1007523,1007523
1007523,1007561
1007523,1015082
1007524,1007524
1007525,1007525
1007526,1007526
1007527,1007527
1007528,1007528
1007529,1007529
1007530,1007530
1007531,1007531
1007532,1007532
1007532,1009426
1007532,1009427
1007532,1009889
1007532,1010285
1007532,1010339
1007532,1011211
1007532,1011233
1007532,1012174
1007532,1012640
1007532,1013255
1007532,1013266
1007532,1013305
1007532,1013612
1007532,1014260
1007532,1014349
1007532,1015665
1007532,1016442
1007532,1016570
1007532,1016970
1007532,1017223
1007532,1017774
1007533,1007533
1007534,1007534
1007535,1007535
1007536,1007536
1007537,1007537
1007538,1007538
1007539,1007539
1007540,1007540
1007541,1007541
1007542,1007542
1007543,1007543
1007544,1007544
1007544,1018323
1007545,1007545
1007546,1007546
1007547,1007547
1007548,1007548
1007548,1013042
1007548,1015845
1007549,1007549
1007550,1007550
1007551,1007551
1007552,1007552
1007553,1007553
1007554,1007554
1007555,1007555
1007556,1007556
1007557,1007557
1007557,1008775
1007557,1009244
1007557,1009245
1007557,1009286
1007557,1009287
1007557,1012735
1007557,1013055
1007557,1013712
1007557,1014384
1007557,1015328
1007557,1016668
1007557,1018198
1007558,1007558
1007559,1007559
1007560,1007560
1007561,1007561
1007562,1007562
1007563,1007563
1007564,1007564
1007565,1007565
1007566,1007566
1007567,1007567
1007567,1011393
1007567,1011605
1007567,1014945
1007567,1017415
1007567,1019254
1007567,1019293
1007567,1019615
1007568,1007568
1007569,1007569
1007570,1006580
1007570,1007335
1007570,1007570
1007570,1007718
1007570,1007720
1007571,1006581
1007571,1007336
1007571,1007571
1007571,1007719
1007571,1007721
1007571,1017699
1007571,1018229
1007572,1007572
1007573,1007573
1007574,1007574
1007575,1007575
1007575,1018377
1007576,1007576
1007577,1007577
1007578,1007578
1007579,1007579
1007580,1007580
1007581,1007581
1007582,1006732
1007582,1007582
1007583,1006733
1007583,1007583
1007583,1008798
1007583,1009736
1007583,1009753
1007583,1010343
1007583,1010365
1007583,1011750
1007583,1011755
1007583,1012423
1007583,1012456
1007583,1012498
1007583,1012509
1007583,1012702
1007583,1012754
1007583,1013134
1007583,1013135
1007583,1013415
1007583,1013417
1007583,1013571
1007583,1013590
1007583,1015061
1007583,1015301
1007583,1015403
1007583,1015418
1007583,1015618
1007583,1015796
1007583,1015919
1007583,1016144
1007583,1016497
1007583,1017288
1007583,1017328
1007583,1017413
1007583,1017517
1007583,1017608
1007583,1018133
1007583,1018152
1007583,1018265
1007583,1018367
1007584,1007584
1007585,1007585
1007586,1007586
1007587,1007587
1007588,1007588
1007589,1007589
1007590,1007590
1007591,1007591
1007592,1006437
1007592,1006892
1007592,1007361
1007592,1007373
1007592,1007592
1007592,1007612
1007592,1007658
1007593,1006438
1007593,1006893
1007593,1007362
1007593,1007374
1007593,1007593
1007593,1007613
1007593,1007659
1007593,1008137
1007593,1008138
1007593,1008284
1007593,1008285
1007593,1008414
1007593,1008415
1007593,1008610
1007593,1008611
1007593,1008676
1007593,1008677
1007593,1008698
1007593,1008699
1007593,1009052
1007593,1009108
1007593,1009120
1007593,1009210
1007593,1009230
1007593,1009231
1007593,1009293
1007593,1009303
1007593,1009325
1007593,1009449
1007593,1009550
1007593,1009551
1007593,1009655
1007593,1009663
1007593,1009926
1007593,1009934
1007593,1009956
1007593,1009990
1007593,1010058
1007593,1010334
1007593,1010350
1007593,1010351
1007593,1010380
1007593,1010400
1007593,1010844
1007593,1010845
1007593,1011083
1007593,1011084
1007593,1011112
1007593,1011142
1007593,1011143
1007593,1011152
1007593,1011167
1007593,1011252
1007593,1011335
1007593,1011336
1007593,1011393
1007593,1011406
1007593,1011609
1007593,1011631
1007593,1011662
1007593,1011854
1007593,1011973
1007593,1012082
1007593,1012083
1007593,1012103
1007593,1012112
1007593,1012306
1007593,1012345
1007593,1012430
1007593,1012564
1007593,1012565
1007593,1012621
1007593,1012622
1007593,1012626
1007593,1012631
1007593,1012646
1007593,1012712
1007593,1012835
1007593,1013082
1007593,1013083
1007593,1013190
1007593,1013368
1007593,1013379
1007593,1013498
1007593,1013528
1007593,1013641
1007593,1013642
1007593,1013669
1007593,1013735
1007593,1013737
1007593,1013905
1007593,1014065
1007593,1014066
1007593,1014124
1007593,1014209
1007593,1014210
1007593,1014221
1007593,1014234
1007593,1014281
1007593,1014300
1007593,1014348
1007593,1014355
1007593,1014394
1007593,1014419
1007593,1014463
1007593,1014538
1007593,1014586
1007593,1014587
1007593,1014634
1007593,1014635
1007593,1014701
1007593,1014733
1007593,1014743
1007593,1014758
1007593,1014774
1007593,1014934
1007593,1014935
1007593,1014941
1007593,1015035
1007593,1015067
1007593,1015068
1007593,1015155
1007593,1015216
1007593,1015282
1007593,1015331
1007593,1015348
1007593,1015363
1007593,1015391
1007593,1015396
1007593,1015452
1007593,1015651
1007593,1015713
1007593,1015797
1007593,1015843
1007593,1015848
1007593,1015955
1007593,1016034
1007593,1016076
1007593,1016127
1007593,1016225
1007593,1016414
1007593,1016418
1007593,1016503
1007593,1016599
1007593,1016710
1007593,1016744
1007593,1017044
1007593,1017114
1007593,1017136
1007593,1017232
1007593,1017241
1007593,1017415
1007593,1017436
1007593,1017499
1007593,1017500
1007593,1017649
1007593,1017683
1007593,1017786
1007593,1017806
1007593,1017907
1007593,1017943
1007593,1017980
1007593,1018098
1007593,1018114
1007593,1018214
1007593,1018257
1007593,1018299
1007593,1018481
1007593,1018532
1007593,1018578
1007593,1018602
1007593,1018758
1007593,1018913
1007593,1018914
1007593,1018957
1007593,1018958
1007593,1019001
1007593,1019218
1007593,1019254
1007593,1019298
1007593,1019319
1007593,1019427
1007593,1019531
1007593,1019547
1007593,1019552
1007593,1019700
1007594,1007594
1007595,1007595
1007596,1007596
1007597,1007597
1007598,1007598
1007599,1007599
1007600,1007600
1007601,1007601
1007602,1006578
1007602,1007602
1007602,1008016
1007603,1006579
1007603,1007603
1007603,1008017
1007603,1008825
1007603,1017201
1007603,1018235
1007604,1007604
1007605,1007605
1007605,1014228
1007605,1017544
1007606,1007606
1007607,1007607
1007607,1012625
1007607,1014894
1007607,1016699
1007608,1007608
1007609,1007609
1007610,1007610
1007611,1007611
1007611,1008159
1007611,1008160
1007612,1007612
1007613,1007613
1007613,1009210
1007614,1007614
1007615,1007615
1007616,1007616
1007617,1007617
1007618,1007618
1007619,1007619
1007620,1007620
1007621,1007621
1007622,1007622
1007623,1007623
1007623,1009367
1007623,1016098
1007623,1016316
1007623,1017997
1007624,1007624
1007625,1007625
1007626,1007626
1007627,1007627
1007628,1007628
1007629,1007629
1007630,1007630
1007631,1007631
1007632,1007632
1007633,1007633
1007634,1007292
1007634,1007634
1007635,1007293
1007635,1007635
1007635,1015201
1007635,1018437
1007636,1007636
1007637,1007637
1007638,1006612
1007638,1006830
1007638,1006990
1007638,1007298
1007638,1007638
1007638,1007924
1007639,1006613
1007639,1006831
1007639,1006991
1007639,1007299
1007639,1007639
1007639,1007925
1007639,1008498
1007639,1008736
1007639,1012602
1007639,1012603
1007639,1012856
1007639,1013269
1007639,1013270
1007639,1013473
1007639,1014109
1007639,1014230
1007639,1014474
1007639,1014551
1007639,1014911
1007639,1015997
1007639,1016498
1007639,1016656
1007639,1016922
1007639,1017309
1007639,1018094
1007640,1007640
1007641,1007641
1007642,1007642
1007643,1007643
1007643,1008249
1007643,1008535
1007643,1008545
1007643,1008546
1007643,1008908
1007643,1009031
1007643,1009035
1007643,1009175
1007643,1009595
1007643,1009908
1007643,1010114
1007643,1010413
1007643,1010647
1007643,1010674
1007643,1010934
1007643,1010992
1007643,1011026
1007643,1011348
1007643,1011658
1007643,1012101
1007643,1012135
1007643,1012373
1007643,1012438
1007643,1012627
1007643,1012635
1007643,1012714
1007643,1013385
1007643,1013606
1007643,1013622
1007643,1013768
1007643,1013787
1007643,1013788
1007643,1014177
1007643,1014178
1007643,1014179
1007643,1014180
1007643,1014184
1007643,1014193
1007643,1014291
1007643,1014665
1007643,1014666
1007643,1014772
1007643,1014789
1007643,1014988
1007643,1015480
1007643,1016526
1007643,1016574
1007643,1016725
1007643,1017624
1007643,1017973
1007643,1018080
1007643,1018087
1007643,1018095
1007643,1018101
1007643,1018359
1007643,1018567
1007644,1007644
1007645,1007645
1007646,1007646
1007647,1007647
1007648,1007648
1007649,1007649
1007650,1007650
1007651,1007651
1007651,1012088
1007651,1012997
1007651,1014043
1007651,1016004
1007651,1017062
1007651,1018418
1007652,1007652
1007653,1007653
1007653,1011130
1007653,1015315
1007653,1017019
1007654,1007654
1007655,1007655
1007656,1007656
1007656,1008607
1007656,1009299
1007656,1009300
1007656,1010856
1007656,1012099
1007656,1012511
1007656,1012927
1007656,1014919
1007656,1015870
1007656,1018571
1007657,1007657
1007658,1007658
1007659,1007659
1007659,1011854
1007659,1015282
1007660,1007660
1007661,1007661
1007661,1013043
1007661,1013976
1007661,1014548
1007661,1016658
1007662,1007662
1007663,1007663
1007664,1007664
1007665,1007665
1007666,1007666
1007667,1007667
1007668,1007668
1007669,1007669
1007670,1007670
1007671,1007671
1007672,1007672
1007673,1007673
1007674,1007674
1007675,1007675
1007675,1012916
1007676,1007676
1007677,1007677
1007678,1007678
1007679,1007679
1007679,1009830
1007679,1012524
1007679,1012525
1007679,1013524
1007679,1013525
1007679,1013805
1007679,1015389
1007679,1015923
1007679,1016341
1007679,1017179
1007679,1017487
1007679,1017756
1007680,1007680
1007681,1007681
1007682,1007682
1007683,1007683
1007684,1007684
1007685,1007685
1007686,1007686
1007687,1007687
1007688,1007688
1007689,1007689
1007690,1007551
1007690,1007690
1007691,1007552
1007691,1007691
1007691,1013933
1007691,1017308
1007692,1007692
1007693,1007693
1007694,1007694
1007695,1007695
1007695,1010133
1007695,1011419
1007695,1012110
1007696,1007696
1007697,1007697
1007698,1007698
1007699,1007699
1007699,1009391
1007699,1010983
1007699,1011418
1007699,1018616
1007700,1007700
1007701,1007701
1007701,1014761
1007702,1007702
1007703,1007703
1007704,1007704
1007705,1007705
1007705,1013586
1007705,1013812
1007705,1014806
1007705,1015011
1007705,1017079
1007706,1007706
1007707,1007707
1007708,1007708
1007709,1007709
1007710,1007710
1007711,1007711
1007711,1009586
1007711,1010240
1007711,1011351
1007711,1012162
1007711,1012991
1007711,1013353
1007711,1014727
1007711,1015383
1007711,1015572
1007711,1015594
1007711,1015732
1007711,1016714
1007711,1017535
1007711,1018902
1007711,1018903
1007711,1018948
1007711,1019064
1007711,1019089
1007711,1019090
1007711,1019247
1007711,1019273
1007711,1019315
1007711,1019362
1007711,1019445
1007711,1019459
1007711,1019472
1007711,1019604
1007711,1019671
1007712,1006781
1007712,1006910
1007712,1007712
1007713,1006782
1007713,1006911
1007713,1007713
1007713,1010912
1007713,1013896
1007713,1014834
1007713,1016753
1007713,1017174
1007714,1007714
1007715,1007715
1007716,1007716
1007717,1007717
1007718,1007718
1007719,1007719
1007719,1017699
1007719,1018229
1007720,1007720
1007721,1007721
1007722,1007722
1007723,1007723
1007724,1007724
1007725,1007725
1007725,1011008
1007726,1007726
1007727,1007727
1007727,1017402
1007728,1007728
1007729,1007729
1007730,1007730
1007731,1007731
1007732,1007732
1007733,1007733
1007734,1006546
1007734,1007734
1007734,1008084
1007735,1006547
1007735,1007735
1007735,1008085
1007735,1012019
1007735,1013302
1007735,1014073
1007735,1017673
1007735,1019007
1007735,1019008
1007735,1019167
1007735,1019479
1007736,1007736
1007737,1007737
1007738,1007738
1007739,1007739
1007740,1007740
1007741,1007741
1007742,1007742
1007743,1007743
1007744,1007428
1007744,1007744
1007745,1007429
1007745,1007745
1007746,1007746
1007747,1007747
1007747,1008662
1007747,1008663
1007747,1010944
1007747,1011401
1007747,1013296
1007747,1014226
1007747,1014378
1007747,1014516
1007747,1014523
1007747,1015271
1007747,1015856
1007747,1016646
1007747,1017763
1007747,1017805
1007747,1017837
1007747,1018582
1007747,1018610
1007748,1007748
1007749,1007749
1007750,1007750
1007751,1007751
1007752,1007752
1007753,1007753
1007754,1007754
1007755,1007755
1007755,1008193
1007755,1008918
1007755,1011532
1007755,1012629
1007755,1015148
1007755,1016190
1007755,1017408
1007755,1017729
1007755,1018376
1007755,1018457
1007756,1007756
1007757,1007757
1007758,1007758
1007759,1007759
1007760,1007760
1007761,1007761
1007762,1007762
1007763,1007763
1007764,1007764
1007765,1007765
1007765,1009478
1007765,1012026
1007765,1015623
1007765,1017372
1007765,1018261
1007766,1007766
1007767,1007767
1007768,1007768
1007769,1007769
1007770,1007770
1007771,1007771
1007772,1007772
1007773,1007773
1007774,1006477
1007774,1006826
1007774,1007130
1007774,1007774
1007774,1007994
1007775,1006478
1007775,1006827
1007775,1007131
1007775,1007775
1007775,1007995
1007776,1007776
1007777,1007777
1007778,1007778
1007779,1007779
1007780,1007780
1007781,1007781
1007782,1007782
1007783,1007783
1007784,1007784
1007785,1007785
1007786,1007786
1007787,1007787
1007788,1006487
1007788,1007788
1007789,1006488
1007789,1007789
1007790,1006489
1007790,1007790
1007791,1007791
1007792,1007792
1007792,1009323
1007792,1010573
1007792,1014070
1007792,1015599
1007792,1016281
1007793,1007793
1007794,1007794
1007795,1007795
1007796,1007796
1007796,1015461
1007797,1007797
1007798,1007798
1007799,1007799
1007800,1007800
1007801,1007801
1007802,1007802
1007803,1007803
1007804,1007804
1007805,1007805
1007806,1007806
1007807,1006518
1007807,1007232
1007807,1007724
1007807,1007807
1007807,1008094
1007808,1006519
1007808,1007233
1007808,1007725
1007808,1007808
1007808,1008095
1007808,1008594
1007808,1008595
1007808,1008846
1007808,1010089
1007808,1010490
1007808,1010950
1007808,1011008
1007808,1011806
1007808,1012335
1007808,1012479
1007808,1012545
1007808,1012722
1007808,1013593
1007808,1014105
1007808,1014153
1007808,1016524
1007808,1017900
1007808,1018108
1007808,1018738
1007808,1018791
1007808,1018794
1007808,1018795
1007808,1018796
1007808,1018963
1007808,1019048
1007808,1019077
1007808,1019078
1007808,1019123
1007808,1019128
1007808,1019187
1007808,1019396
1007808,1019415
1007808,1019473
1007808,1019548
1007808,1019628
1007808,1019801
1007809,1007809
1007810,1007810
1007811,1007414
1007811,1007811
1007812,1007415
1007812,1007812
1007812,1016042
1007812,1016844
1007812,1019065
1007812,1019648
1007813,1007813
1007814,1007814
1007814,1016509
1007815,1007815
1007816,1007816
1007817,1007817
1007818,1007818
1007819,1007819
1007820,1007820
1007821,1007821
1007822,1007822
1007823,1007823
1007824,1007824
1007825,1007825
1007826,1007826
1007827,1007827
1007828,1007828
1007829,1007224
1007829,1007829
1007830,1007225
1007830,1007830
1007830,1010126
1007830,1011447
1007830,1013006
1007830,1013492
1007830,1014314
1007830,1014315
1007830,1014923
1007830,1014924
1007830,1015132
1007830,1015486
1007830,1015781
1007830,1016062
1007830,1016716
1007830,1017031
1007830,1017162
1007830,1017313
1007830,1018586
1007831,1007831
1007832,1007832
1007832,1014223
1007832,1014903
1007832,1017427
1007833,1007833
1007834,1007834
1007835,1007835
1007836,1007836
1007837,1007837
1007838,1007838
1007839,1007839
1007840,1007840
1007841,1007841
1007842,1007842
1007843,1007843
1007844,1007844
1007845,1007845
1007846,1007846
1007847,1007847
1007848,1007848
1007849,1007849
1007850,1007850
1007851,1007851
1007852,1007852
1007853,1007853
1007854,1007854
1007855,1007855
1007856,1007856
1007856,1009272
1007856,1009273
1007856,1009872
1007856,1009873
1007856,1010371
1007856,1010547
1007856,1014664
1007856,1014679
1007856,1017121
1007856,1018017
1007857,1007857
1007858,1007858
1007858,1009516
1007859,1007859
1007860,1007860
1007861,1007861
1007862,1007862
1007862,1015240
1007863,1007863
1007864,1007864
1007865,1007865
1007866,1007866
1007867,1007867
1007868,1007868
1007869,1007869
1007869,1013746
1007870,1007870
1007871,1007871
1007872,1007872
1007873,1007873
1007874,1007874
1007875,1007875
1007876,1007876
1007877,1007877
1007877,1009429
1007877,1009430
1007877,1009715
1007877,1009716
1007877,1012449
1007877,1012450
1007877,1014317
1007877,1014679
1007877,1016404
1007877,1017121
1007877,1017406
1007877,1017894
1007877,1018052
1007877,1018221
1007878,1007878
1007878,1008033
1007879,1007879
1007879,1008034
1007879,1009272
1007879,1014679
1007879,1017121
1007879,1017443
1007879,1018865
1007880,1007880
1007881,1007881
1007881,1014489
1007881,1016936
1007882,1007224
1007882,1007882
1007883,1007225
1007883,1007883
1007883,1009014
1007883,1009015
1007883,1009340
1007883,1010126
1007883,1011447
1007883,1013006
1007883,1013492
1007883,1013940
1007883,1013984
1007883,1014923
1007883,1014924
1007883,1015132
1007883,1015486
1007883,1015781
1007883,1016062
1007883,1016716
1007883,1017031
1007883,1017313
1007883,1018586
1007884,1007884
1007885,1007885
1007886,1007886
1007887,1007887
1007888,1007888
1007889,1007889
1007890,1007890
1007891,1007891
1007892,1007892
1007893,1007893
1007894,1007894
1007895,1007895
1007895,1010431
1007895,1016266
1007896,1007896
1007897,1007897
1007897,1017392
1007898,1007898
1007899,1007899
1007899,1010960
1007899,1013874
1007899,1015580
1007899,1017099
1007899,1017822
1007900,1007900
1007901,1007901
1007902,1007902
1007903,1007903
1007903,1011568
1007903,1017087
1007904,1007904
1007905,1007905
1007905,1008458
1007905,1015417
1007905,1017087
1007906,1007906
1007906,1007908
1007907,1007907
1007907,1007909
1007907,1015494
1007907,1018085
1007908,1007908
1007909,1007909
1007910,1007910
1007911,1007911
1007912,1007912
1007913,1007913
1007914,1007914
1007915,1007915
1007916,1007916
1007917,1007917
1007918,1007918
1007919,1007919
1007920,1007920
1007921,1007921
1007922,1007922
1007923,1007923
1007924,1007924
1007925,1007925
1007926,1007926
1007927,1007927
1007928,1007928
1007929,1007929
1007929,1008655
1007929,1009222
1007929,1009432
1007929,1009963
1007929,1010027
1007929,1011184
1007929,1011390
1007929,1011420
1007929,1011479
1007929,1011480
1007929,1011812
1007929,1011813
1007929,1012035
1007929,1012554
1007929,1012749
1007929,1012816
1007929,1013447
1007929,1013723
1007929,1013806
1007929,1014057
1007929,1014287
1007929,1015163
1007929,1016370
1007929,1016600
1007929,1017346
1007929,1017821
1007929,1018086
1007929,1018208
1007929,1018410
1007929,1018621
1007930,1007930
1007931,1007931
1007931,1008276
1007931,1008823
1007932,1007932
1007933,1007933
1007934,1007934
1007935,1007935
1007936,1007936
1007937,1007937
1007938,1007938
1007939,1007939
1007940,1007940
1007941,1007941
1007942,1007942
1007943,1007943
1007943,1010374
1007943,1015833
1007943,1016155
1007943,1016303
1007943,1018500
1007944,1007944
1007945,1007945
1007946,1007946
1007947,1007947
1007948,1007948
1007949,1007949
1007950,1007950
1007950,1013043
1007950,1014548
1007950,1017383
1007951,1007951
1007952,1007952
1007953,1007953
1007954,1007954
1007954,1008733
1007954,1009988
1007954,1009989
1007954,1011029
1007954,1013043
1007954,1014548
1007954,1018321
1007955,1007955
1007956,1007956
1007957,1007957
1007958,1007958
1007959,1007959
1007960,1007960
1007961,1007961
1007962,1007962
1007963,1007963
1007963,1012939
1007964,1007964
1007965,1007965
1007966,1007966
1007967,1007967
1007968,1007968
1007969,1007969
1007970,1007970
1007971,1007971
1007972,1007972
1007973,1007973
1007973,1008303
1007973,1008304
1007973,1008618
1007973,1008619
1007973,1009860
1007973,1009977
1007973,1010000
1007973,1010030
1007973,1011612
1007973,1011624
1007973,1011802
1007973,1012420
1007973,1012574
1007973,1014043
1007973,1014299
1007973,1014825
1007973,1015423
1007973,1015578
1007973,1017062
1007973,1017435
1007973,1017575
1007973,1017663
1007973,1018418
1007974,1007974
1007975,1007975
1007975,1008303
1007975,1008304
1007975,1009860
1007975,1009977
1007975,1010000
1007975,1010030
1007975,1011612
1007975,1011802
1007975,1012420
1007975,1012574
1007975,1014043
1007975,1014299
1007975,1015423
1007975,1017062
1007975,1017435
1007975,1017575
1007975,1017663
1007975,1018418
1007976,1007976
1007977,1007977
1007978,1007978
1007979,1007979
1007979,1011317
1007980,1007980
1007981,1007981
1007981,1011725
1007982,1007982
1007983,1007983
1007983,1018618
1007984,1007984
1007985,1007985
1007985,1016009
1007986,1007986
1007987,1007987
1007988,1006640
1007988,1006828
1007988,1006877
1007988,1007106
1007988,1007114
1007988,1007158
1007988,1007325
1007988,1007700
1007988,1007768
1007988,1007770
1007988,1007988
1007989,1006641
1007989,1006829
1007989,1006878
1007989,1007107
1007989,1007115
1007989,1007159
1007989,1007326
1007989,1007701
1007989,1007769
1007989,1007771
1007989,1007989
1007989,1011620
1007989,1012054
1007989,1014761
1007989,1015908
1007990,1007418
1007990,1007990
1007991,1007419
1007991,1007991
1007991,1008833
1007991,1008834
1007991,1014781
1007991,1015515
1007991,1017002
1007991,1017765
1007992,1007992
1007993,1007993
1007994,1006477
1007994,1007130
1007994,1007994
1007995,1006478
1007995,1007131
1007995,1007995
1007996,1007996
1007997,1007997
1007997,1015421
1007998,1007998
1007999,1007999
1007999,1010197
1007999,1010198
1007999,1016554
1007999,1019076
1007999,1019394
1008000,1008000
1008001,1008001
1008001,1010387
1008001,1015079
1008001,1017043
1008002,1008002
1008003,1008003
1008004,1008004
1008005,1008005
1008005,1010983
1008005,1011418
1008005,1011778
1008005,1012770
1008005,1018616
1008006,1008006
1008007,1008007
1008008,1008008
1008009,1008009
1008009,1010787
1008009,1010788
1008010,1008010
1008011,1008011
1008012,1008012
1008013,1008013
1008014,1008014
1008015,1008015
1008016,1006578
1008016,1008016
1008017,1006579
1008017,1008017
1008017,1008825
1008017,1018235
1008018,1008018
1008019,1008019
1008020,1008020
1008021,1008021
1008022,1008022
1008023,1008023
1008024,1008024
1008025,1008025
1008026,1008026
1008027,1008027
1008028,1008028
1008029,1008029
1008030,1008030
1008030,1018524
1008031,1008031
1008032,1008032
1008033,1008033
1008034,1008034
1008035,1008035
1008036,1008036
1008037,1008037
1008038,1008038
1008039,1006534
1008039,1006538
1008039,1006640
1008039,1006828
1008039,1006877
1008039,1007106
1008039,1007114
1008039,1007158
1008039,1007325
1008039,1007363
1008039,1007700
1008039,1007766
1008039,1007768
1008039,1007770
1008039,1008039
1008040,1006535
1008040,1006539
1008040,1006641
1008040,1006829
1008040,1006878
1008040,1007107
1008040,1007115
1008040,1007159
1008040,1007326
1008040,1007364
1008040,1007701
1008040,1007767
1008040,1007769
1008040,1007771
1008040,1008040
1008040,1011640
1008040,1012054
1008040,1014167
1008040,1014761
1008040,1015173
1008040,1015677
1008040,1015908
1008040,1016229
1008041,1008041
1008042,1008042
1008042,1012793
1008042,1013757
1008042,1014852
1008042,1016172
1008043,1008043
1008044,1008044
1008045,1008045
1008046,1008046
1008047,1008047
1008048,1008048
1008048,1012586
1008048,1012587
1008049,1006419
1008049,1006857
1008049,1006861
1008049,1006865
1008049,1007896
1008049,1008049
1008050,1006420
1008050,1006858
1008050,1006862
1008050,1006866
1008050,1007897
1008050,1008050
1008050,1017392
1008051,1008051
1008052,1008052
1008053,1008053
1008054,1008054
1008055,1006425
1008055,1006523
1008055,1006525
1008055,1006569
1008055,1006582
1008055,1006694
1008055,1007206
1008055,1008055
1008056,1006426
1008056,1006524
1008056,1006526
1008056,1006570
1008056,1006583
1008056,1006695
1008056,1007207
1008056,1008056
1008056,1008827
1008056,1009072
1008056,1011412
1008056,1012632
1008056,1015772
1008057,1008057
1008058,1008058
1008059,1008059
1008060,1008060
1008061,1008061
1008062,1008062
1008062,1010158
1008062,1011809
1008062,1015198
1008062,1017835
1008062,1018218
1008063,1008063
1008064,1008064
1008065,1008065
1008066,1008066
1008067,1008067
1008068,1008068
1008069,1008069
1008069,1018471
1008070,1008070
1008071,1008071
1008072,1008072
1008073,1008073
1008074,1008074
1008075,1008075
1008075,1009789
1008075,1013235
1008076,1008076
1008077,1008077
1008078,1008078
1008079,1008079
1008080,1008080
1008081,1008081
1008081,1013057
1008081,1013312
1008081,1015121
1008081,1016215
1008082,1008082
1008083,1008083
1008084,1006546
1008084,1008084
1008085,1006547
1008085,1008085
1008085,1012019
1008085,1013302
1008085,1014073
1008085,1019007
1008085,1019479
1008086,1008086
1008087,1008087
1008088,1008088
1008089,1008089
1008090,1008090
1008091,1008091
1008092,1008090
1008092,1008092
1008093,1008091
1008093,1008093
1008094,1006518
1008094,1008094
1008095,1006519
1008095,1008095
1008095,1008846
1008095,1010089
1008095,1010490
1008095,1010950
1008095,1012479
1008095,1012545
1008095,1014105
1008095,1016524
1008095,1017900
1008095,1018791
1008095,1018794
1008095,1018796
1008095,1019048
1008095,1019128
1008095,1019187
1008095,1019396
1008095,1019473
1008095,1019801
1008096,1008096
1008097,1008097
1008098,1008098
1008099,1008099
1008099,1012753
1008099,1014678
1008099,1018418
1008100,1008100
1008101,1008101
1008101,1012753
1008101,1018418
1008102,1008102
1008103,1008103
1008103,1008662
1008103,1008663
1008103,1013296
1008103,1014077
1008103,1014516
1008103,1015842
1008103,1017763
1008103,1017805
1008103,1018610
1008104,1008104
1008105,1008105
1008106,1008106
1008107,1008107
1008108,1008108
1008109,1008109
1008110,1008110
1008111,1008111
1008112,1008112
1008113,1008113
1008114,1008114
1008115,1008115
1008115,1008198
1008115,1008199
1008115,1008512
1008115,1008660
1008115,1008661
1008115,1008725
1008115,1009055
1008115,1009127
1008115,1009450
1008115,1009483
1008115,1009484
1008115,1009609
1008115,1010150
1008115,1010436
1008115,1010451
1008115,1011157
1008115,1011158
1008115,1011209
1008115,1011210
1008115,1011372
1008115,1011564
1008115,1011832
1008115,1012150
1008115,1012329
1008115,1012440
1008115,1012741
1008115,1012832
1008115,1012840
1008115,1012848
1008115,1012981
1008115,1013036
1008115,1013137
1008115,1013304
1008115,1013541
1008115,1013596
1008115,1013770
1008115,1013834
1008115,1013863
1008115,1014051
1008115,1014188
1008115,1014207
1008115,1014330
1008115,1014341
1008115,1014363
1008115,1014753
1008115,1014823
1008115,1014864
1008115,1015023
1008115,1015054
1008115,1015157
1008115,1015497
1008115,1015652
1008115,1016054
1008115,1016063
1008115,1016643
1008115,1016950
1008115,1017421
1008115,1017681
1008115,1017720
1008115,1017833
1008115,1018013
1008115,1018161
1008115,1018201
1008115,1018384
1008115,1018547
1008116,1008116
1008117,1008117
1008118,1008118
1008119,1008119
1008120,1008120
1008121,1008121
1008122,1008122
1008123,1008123
1008123,1009014
1008123,1009015
1008123,1009340
1008123,1009569
1008123,1009867
1008123,1013940
1008123,1014115
1008123,1014751
1008123,1016718
1008123,1018319
1008124,1008124
1008125,1008125
1008126,1008126
1008127,1008126
1008127,1008127
1008127,1015495
1008128,1008128
1008129,1008129
1008130,1008129
1008130,1008130
1008131,1008131
1008131,1013908
1008132,1008131
1008132,1008132
1008132,1008667
1008132,1009457
1008132,1009458
1008132,1009629
1008132,1009807
1008132,1010140
1008132,1010277
1008132,1010618
1008132,1011139
1008132,1011140
1008132,1011259
1008132,1011291
1008132,1011292
1008132,1011497
1008132,1011622
1008132,1011623
1008132,1011637
1008132,1011815
1008132,1011816
1008132,1011825
1008132,1011933
1008132,1012645
1008132,1013067
1008132,1013068
1008132,1013384
1008132,1013710
1008132,1013908
1008132,1014173
1008132,1014455
1008132,1014456
1008132,1014822
1008132,1015170
1008132,1015720
1008132,1015728
1008132,1015832
1008132,1015897
1008132,1016064
1008132,1016187
1008132,1016617
1008132,1017051
1008132,1017185
1008132,1017209
1008132,1017233
1008132,1017268
1008132,1017386
1008132,1017581
1008132,1017965
1008132,1018217
1008132,1018605
1008133,1008133
1008134,1008134
1008135,1008134
1008135,1008135
1008135,1008581
1008135,1011364
1008135,1017300
1008136,1008136
1008136,1018263
1008137,1008137
1008138,1008137
1008138,1008138
1008138,1017044
1008138,1018114
1008139,1008139
1008140,1008139
1008140,1008140
1008140,1008886
1008140,1011197
1008140,1012743
1008140,1013080
1008140,1016824
1008140,1017208
1008140,1018585
1008141,1008141
1008141,1016428
1008142,1008141
1008142,1008142
1008142,1008218
1008142,1008219
1008142,1008417
1008142,1008418
1008142,1008419
1008142,1008420
1008142,1008428
1008142,1008429
1008142,1008665
1008142,1008666
1008142,1008726
1008142,1009157
1008142,1009158
1008142,1009390
1008142,1009469
1008142,1009581
1008142,1009582
1008142,1009688
1008142,1009689
1008142,1009771
1008142,1009772
1008142,1009887
1008142,1009888
1008142,1009894
1008142,1009895
1008142,1010010
1008142,1010204
1008142,1010205
1008142,1010250
1008142,1010283
1008142,1010359
1008142,1010360
1008142,1010379
1008142,1010395
1008142,1010457
1008142,1010458
1008142,1010504
1008142,1010543
1008142,1010915
1008142,1010916
1008142,1010981
1008142,1010982
1008142,1011034
1008142,1011061
1008142,1011062
1008142,1011144
1008142,1011145
1008142,1011203
1008142,1011303
1008142,1011386
1008142,1011387
1008142,1011500
1008142,1011645
1008142,1011721
1008142,1011722
1008142,1011744
1008142,1011822
1008142,1011855
1008142,1011953
1008142,1011954
1008142,1012059
1008142,1012060
1008142,1012139
1008142,1012173
1008142,1012175
1008142,1012225
1008142,1012226
1008142,1012280
1008142,1012320
1008142,1012332
1008142,1012377
1008142,1012844
1008142,1012845
1008142,1012902
1008142,1012903
1008142,1013001
1008142,1013099
1008142,1013142
1008142,1013143
1008142,1013172
1008142,1013173
1008142,1013226
1008142,1013348
1008142,1013362
1008142,1013485
1008142,1013696
1008142,1013777
1008142,1014019
1008142,1014185
1008142,1014186
1008142,1014367
1008142,1014368
1008142,1014444
1008142,1014556
1008142,1014557
1008142,1014570
1008142,1014610
1008142,1014738
1008142,1014739
1008142,1014857
1008142,1014858
1008142,1014870
1008142,1015370
1008142,1015393
1008142,1016428
1008142,1016494
1008142,1016655
1008142,1016671
1008142,1016726
1008142,1016881
1008142,1016888
1008142,1016932
1008142,1017985
1008142,1018248
1008142,1018292
1008143,1008143
1008143,1014759
1008143,1016500
1008143,1017859
1008144,1008144
1008145,1008145
1008146,1008146
1008147,1008147
1008148,1008148
1008149,1008149
1008150,1008149
1008150,1008150
1008150,1013573
1008151,1008151
1008152,1008151
1008152,1008152
1008153,1008153
1008154,1008154
1008154,1011979
1008155,1008154
1008155,1008155
1008155,1008291
1008155,1008313
1008155,1008314
1008155,1008634
1008155,1008650
1008155,1008651
1008155,1008718
1008155,1009016
1008155,1009017
1008155,1009246
1008155,1009274
1008155,1009330
1008155,1009331
1008155,1009704
1008155,1009705
1008155,1009953
1008155,1009954
1008155,1009986
1008155,1009987
1008155,1010022
1008155,1010295
1008155,1010296
1008155,1010384
1008155,1010439
1008155,1010440
1008155,1010740
1008155,1010904
1008155,1010913
1008155,1010941
1008155,1010942
1008155,1010991
1008155,1011135
1008155,1011241
1008155,1011246
1008155,1011247
1008155,1011392
1008155,1011452
1008155,1011713
1008155,1011839
1008155,1011866
1008155,1011893
1008155,1011979
1008155,1012020
1008155,1012216
1008155,1012268
1008155,1012364
1008155,1012400
1008155,1012607
1008155,1012612
1008155,1012711
1008155,1012790
1008155,1013100
1008155,1013155
1008155,1013398
1008155,1013469
1008155,1013608
1008155,1013691
1008155,1014503
1008155,1014606
1008155,1014607
1008155,1014951
1008155,1014976
1008155,1015048
1008155,1015195
1008155,1015297
1008155,1015544
1008155,1015687
1008155,1015692
1008155,1015972
1008155,1015986
1008155,1016052
1008155,1016099
1008155,1016167
1008155,1016314
1008155,1016315
1008155,1016452
1008155,1016556
1008155,1016723
1008155,1016818
1008155,1016946
1008155,1017561
1008155,1017745
1008155,1017877
1008155,1018172
1008155,1018231
1008155,1018256
1008155,1018421
1008155,1018467
1008156,1008156
1008157,1008157
1008158,1008158
1008159,1008159
1008160,1008159
1008160,1008160
1008161,1008161
1008162,1008162
1008163,1008163
1008164,1008163
1008164,1008164
1008165,1008165
1008166,1008165
1008166,1008166
1008166,1008230
1008166,1008469
1008166,1008499
1008166,1008517
1008166,1008671
1008166,1008672
1008166,1008697
1008166,1008715
1008166,1008724
1008166,1008849
1008166,1008917
1008166,1009018
1008166,1009104
1008166,1009178
1008166,1009179
1008166,1009308
1008166,1009376
1008166,1009414
1008166,1009421
1008166,1009444
1008166,1009502
1008166,1009512
1008166,1009539
1008166,1009570
1008166,1009578
1008166,1009881
1008166,1009974
1008166,1010166
1008166,1010599
1008166,1010662
1008166,1010773
1008166,1010826
1008166,1010907
1008166,1011088
1008166,1011311
1008166,1011338
1008166,1011355
1008166,1011716
1008166,1012221
1008166,1012325
1008166,1012407
1008166,1012408
1008166,1013071
1008166,1013113
1008166,1013236
1008166,1013251
1008166,1013333
1008166,1013574
1008166,1013858
1008166,1013990
1008166,1014018
1008166,1014195
1008166,1014218
1008166,1014238
1008166,1014293
1008166,1014494
1008166,1014784
1008166,1014802
1008166,1015037
1008166,1015462
1008166,1015484
1008166,1015485
1008166,1015529
1008166,1015779
1008166,1015834
1008166,1015842
1008166,1015943
1008166,1015965
1008166,1016045
1008166,1016192
1008166,1016271
1008166,1016309
1008166,1016317
1008166,1016389
1008166,1016536
1008166,1016760
1008166,1016916
1008166,1016959
1008166,1017093
1008166,1017111
1008166,1017173
1008166,1017188
1008166,1017422
1008166,1017472
1008166,1017669
1008166,1017741
1008166,1017852
1008166,1018071
1008166,1018241
1008166,1018327
1008166,1018388
1008166,1018395
1008166,1018473
1008166,1018502
1008167,1008167
1008168,1008168
1008169,1008169
1008170,1008170
1008170,1013126
1008170,1014385
1008171,1008170
1008171,1008171
1008171,1008887
1008171,1009693
1008171,1010314
1008171,1010760
1008171,1011081
1008171,1011101
1008171,1012132
1008171,1012195
1008171,1012468
1008171,1012480
1008171,1012810
1008171,1013126
1008171,1013144
1008171,1013674
1008171,1013678
1008171,1014385
1008171,1015221
1008171,1015552
1008171,1015577
1008171,1015789
1008171,1016286
1008171,1016440
1008171,1016607
1008171,1017590
1008171,1017942
1008171,1018153
1008171,1018355
1008172,1008172
1008173,1008172
1008173,1008173
1008173,1010200
1008173,1010876
1008173,1010895
1008173,1011381
1008173,1011517
1008173,1011574
1008173,1011591
1008173,1012454
1008173,1012797
1008173,1013029
1008173,1013228
1008173,1013390
1008173,1013626
1008173,1014338
1008173,1014536
1008173,1014729
1008173,1015146
1008173,1017807
1008173,1017818
1008173,1018565
1008173,1018588
1008174,1008174
1008175,1008175
1008176,1008176
1008177,1008177
1008178,1008177
1008178,1008178
1008178,1014863
1008178,1015905
1008178,1018576
1008179,1008179
1008180,1008179
1008180,1008180
1008180,1008749
1008180,1011842
1008180,1011843
1008180,1012027
1008180,1012028
1008180,1012321
1008180,1012322
1008180,1013110
1008181,1008181
1008182,1008182
1008183,1008182
1008183,1008183
1008183,1010324
1008183,1010952
1008183,1015695
1008183,1016107
1008184,1008184
1008184,1014425
1008184,1014426
1008185,1008184
1008185,1008185
1008185,1008949
1008185,1008950
1008185,1010231
1008185,1010232
1008185,1010978
1008185,1011090
1008185,1011642
1008185,1011746
1008185,1011747
1008185,1012259
1008185,1012260
1008185,1012391
1008185,1012392
1008185,1012582
1008185,1012583
1008185,1013620
1008185,1013767
1008185,1014196
1008185,1014197
1008185,1014425
1008185,1014426
1008185,1016354
1008185,1016355
1008185,1016518
1008185,1016519
1008185,1016533
1008185,1017680
1008185,1017987
1008186,1008186
1008187,1008187
1008188,1008187
1008188,1008188
1008189,1008189
1008190,1008189
1008190,1008190
1008190,1011187
1008190,1014010
1008191,1008191
1008192,1008191
1008192,1008192
1008192,1008521
1008192,1009594
1008192,1011063
1008192,1011459
1008192,1011705
1008192,1011895
1008192,1013131
1008192,1014873
1008192,1015137
1008192,1015463
1008192,1015673
1008192,1015959
1008192,1016116
1008192,1017456
1008192,1017872
1008192,1018187
1008192,1018551
1008192,1018606
1008193,1008193
1008194,1008194
1008195,1008195
1008196,1008195
1008196,1008196
1008196,1008805
1008196,1009357
1008196,1009757
1008196,1010153
1008196,1011315
1008196,1011780
1008196,1013677
1008196,1014775
1008196,1016689
1008196,1017611
1008196,1018041
1008196,1018233
1008197,1008197
1008197,1015045
1008198,1008198
1008199,1008198
1008199,1008199
1008199,1008512
1008199,1008660
1008199,1008661
1008199,1008725
1008199,1009055
1008199,1009127
1008199,1010150
1008199,1012329
1008199,1012440
1008199,1012741
1008199,1012832
1008199,1012840
1008199,1012981
1008199,1013541
1008199,1013770
1008199,1014207
1008199,1014753
1008199,1015023
1008199,1015054
1008199,1015157
1008199,1015497
1008199,1016054
1008199,1017681
1008199,1018013
1008199,1018161
1008199,1018384
1008200,1008200
1008201,1008201
1008202,1008201
1008202,1008202
1008202,1009065
1008202,1009314
1008202,1009557
1008202,1010354
1008202,1013009
1008202,1013764
1008202,1013797
1008202,1014534
1008202,1016836
1008202,1016934
1008202,1017644
1008203,1008203
1008204,1008204
1008204,1009392
1008204,1013163
1008204,1013364
1008204,1013603
1008204,1014938
1008205,1008204
1008205,1008205
1008205,1008257
1008205,1008258
1008205,1008855
1008205,1009119
1008205,1009173
1008205,1009311
1008205,1009392
1008205,1009734
1008205,1010288
1008205,1010535
1008205,1011309
1008205,1012261
1008205,1012308
1008205,1012309
1008205,1013017
1008205,1013163
1008205,1013364
1008205,1013603
1008205,1013699
1008205,1013999
1008205,1014559
1008205,1014938
1008205,1015660
1008205,1016115
1008205,1016124
1008205,1016195
1008205,1016213
1008205,1016679
1008205,1017199
1008205,1017281
1008205,1018226
1008205,1018415
1008206,1008206
1008207,1008206
1008207,1008207
1008207,1008890
1008207,1012252
1008208,1008208
1008209,1008209
1008210,1008210
1008211,1008211
1008212,1008212
1008213,1008212
1008213,1008213
1008214,1008214
1008215,1008214
1008215,1008215
1008215,1017434
1008216,1008062
1008216,1008216
1008216,1010158
1008216,1011809
1008216,1015198
1008216,1017835
1008216,1018218
1008217,1008217
1008218,1008218
1008218,1010981
1008218,1010982
1008219,1008218
1008219,1008219
1008219,1010981
1008219,1010982
1008219,1012175
1008220,1008220
1008221,1008221
1008222,1008222
1008223,1008223
1008224,1008223
1008224,1008224
1008224,1016135
1008225,1008225
1008226,1008226
1008227,1008227
1008228,1008228
1008229,1008229
1008229,1016997
1008230,1008230
1008231,1008231
1008232,1008232
1008232,1010023
1008232,1017169
1008233,1008232
1008233,1008233
1008233,1008501
1008233,1008502
1008233,1008536
1008233,1008626
1008233,1008739
1008233,1008963
1008233,1009036
1008233,1009106
1008233,1009253
1008233,1009254
1008233,1010023
1008233,1010145
1008233,1010190
1008233,1010191
1008233,1010414
1008233,1010925
1008233,1010948
1008233,1011068
1008233,1011074
1008233,1011075
1008233,1011173
1008233,1011174
1008233,1011437
1008233,1011557
1008233,1011611
1008233,1011728
1008233,1011729
1008233,1011739
1008233,1011740
1008233,1011887
1008233,1011888
1008233,1012214
1008233,1012293
1008233,1012360
1008233,1012361
1008233,1012593
1008233,1012611
1008233,1012819
1008233,1012890
1008233,1013077
1008233,1013105
1008233,1013120
1008233,1013121
1008233,1013146
1008233,1013354
1008233,1013464
1008233,1013552
1008233,1013553
1008233,1013754
1008233,1013802
1008233,1013861
1008233,1014248
1008233,1014266
1008233,1014405
1008233,1014613
1008233,1015042
1008233,1015256
1008233,1015257
1008233,1015379
1008233,1015428
1008233,1015703
1008233,1015936
1008233,1016197
1008233,1016198
1008233,1016217
1008233,1016575
1008233,1016864
1008233,1017014
1008233,1017169
1008233,1017257
1008233,1017675
1008233,1018250
1008234,1008234
1008234,1012255
1008234,1013701
1008234,1016623
1008235,1008234
1008235,1008235
1008235,1012255
1008235,1013701
1008235,1016623
1008236,1008236
1008237,1008237
1008238,1008237
1008238,1008238
1008238,1010957
1008239,1008239
1008240,1008240
1008241,1008240
1008241,1008241
1008241,1008287
1008241,1008360
1008241,1008579
1008241,1008598
1008241,1008707
1008241,1008801
1008241,1008881
1008241,1008990
1008241,1009216
1008241,1009400
1008241,1009403
1008241,1009531
1008241,1009608
1008241,1009700
1008241,1009763
1008241,1009839
1008241,1009933
1008241,1009980
1008241,1010015
1008241,1010095
1008241,1010105
1008241,1010141
1008241,1010196
1008241,1010214
1008241,1010299
1008241,1010430
1008241,1010462
1008241,1010530
1008241,1010669
1008241,1010733
1008241,1010754
1008241,1010833
1008241,1011005
1008241,1011120
1008241,1011170
1008241,1011248
1008241,1011331
1008241,1011478
1008241,1011496
1008241,1011501
1008241,1011594
1008241,1011764
1008241,1011891
1008241,1011932
1008241,1011996
1008241,1012147
1008241,1012197
1008241,1012220
1008241,1012231
1008241,1012496
1008241,1012598
1008241,1012641
1008241,1012675
1008241,1012731
1008241,1012873
1008241,1012881
1008241,1012888
1008241,1012920
1008241,1012978
1008241,1013092
1008241,1013094
1008241,1013103
1008241,1013109
1008241,1013149
1008241,1013161
1008241,1013182
1008241,1013301
1008241,1013359
1008241,1013456
1008241,1013461
1008241,1013471
1008241,1013494
1008241,1013564
1008241,1013582
1008241,1013583
1008241,1013589
1008241,1013615
1008241,1013693
1008241,1013715
1008241,1013760
1008241,1013838
1008241,1013876
1008241,1013954
1008241,1013974
1008241,1014002
1008241,1014045
1008241,1014058
1008241,1014146
1008241,1014227
1008241,1014276
1008241,1014289
1008241,1014340
1008241,1014448
1008241,1014490
1008241,1014544
1008241,1014632
1008241,1014659
1008241,1014711
1008241,1014716
1008241,1014734
1008241,1014750
1008241,1014762
1008241,1014900
1008241,1015002
1008241,1015010
1008241,1015200
1008241,1015265
1008241,1015343
1008241,1015550
1008241,1015564
1008241,1015657
1008241,1015663
1008241,1015671
1008241,1015748
1008241,1015869
1008241,1015900
1008241,1015932
1008241,1016002
1008241,1016055
1008241,1016074
1008241,1016108
1008241,1016158
1008241,1016162
1008241,1016230
1008241,1016275
1008241,1016308
1008241,1016320
1008241,1016349
1008241,1016381
1008241,1016416
1008241,1016478
1008241,1016522
1008241,1016535
1008241,1016602
1008241,1016609
1008241,1016702
1008241,1016705
1008241,1016750
1008241,1016755
1008241,1016776
1008241,1016832
1008241,1016853
1008241,1016948
1008241,1016974
1008241,1016983
1008241,1017045
1008241,1017074
1008241,1017075
1008241,1017145
1008241,1017164
1008241,1017202
1008241,1017222
1008241,1017262
1008241,1017326
1008241,1017548
1008241,1017626
1008241,1017667
1008241,1017748
1008241,1017776
1008241,1017921
1008241,1017945
1008241,1017998
1008241,1018033
1008241,1018037
1008241,1018164
1008241,1018167
1008241,1018173
1008241,1018174
1008241,1018228
1008241,1018356
1008241,1018393
1008241,1018409
1008241,1018425
1008241,1018583
1008241,1018597
1008242,1008242
1008243,1008242
1008243,1008243
1008243,1011169
1008243,1012388
1008243,1012876
1008243,1013740
1008244,1008244
1008245,1008244
1008245,1008245
1008246,1008246
1008247,1008247
1008248,1008248
1008249,1008249
1008250,1008250
1008251,1008250
1008251,1008251
1008252,1008252
1008252,1008808
1008253,1008253
1008254,1008253
1008254,1008254
1008254,1010890
1008254,1013035
1008254,1015844
1008255,1008255
1008256,1008255
1008256,1008256
1008256,1011742
1008256,1014593
1008257,1008257
1008258,1008257
1008258,1008258
1008258,1013999
1008259,1008259
1008260,1008260
1008260,1009229
1008260,1014121
1008260,1014853
1008261,1008260
1008261,1008261
1008261,1008322
1008261,1008323
1008261,1008513
1008261,1009008
1008261,1009229
1008261,1009233
1008261,1009276
1008261,1009277
1008261,1009435
1008261,1009497
1008261,1009677
1008261,1009859
1008261,1009984
1008261,1010064
1008261,1010079
1008261,1010123
1008261,1010185
1008261,1010611
1008261,1010678
1008261,1010679
1008261,1010751
1008261,1010851
1008261,1010867
1008261,1011484
1008261,1011726
1008261,1011727
1008261,1012207
1008261,1012256
1008261,1012623
1008261,1012730
1008261,1012780
1008261,1012837
1008261,1012960
1008261,1013108
1008261,1013515
1008261,1013594
1008261,1013763
1008261,1013997
1008261,1014121
1008261,1014265
1008261,1014359
1008261,1014478
1008261,1014840
1008261,1014853
1008261,1015092
1008261,1015093
1008261,1015290
1008261,1015976
1008261,1015977
1008261,1016269
1008261,1016368
1008261,1016451
1008261,1016513
1008261,1016912
1008261,1016917
1008261,1016929
1008261,1017176
1008261,1017417
1008261,1017543
1008261,1017863
1008261,1017953
1008261,1018048
1008261,1018278
1008261,1018365
1008262,1008262
1008263,1008263
1008264,1008264
1008265,1008265
1008266,1008265
1008266,1008266
1008266,1009813
1008266,1014275
1008266,1015768
1008267,1008267
1008268,1008268
1008269,1008268
1008269,1008269
1008270,1008270
1008271,1008270
1008271,1008271
1008271,1008574
1008271,1010121
1008271,1015603
1008271,1015730
1008271,1016694
1008271,1017632
1008271,1018202
1008271,1018501
1008272,1008272
1008273,1008272
1008273,1008273
1008273,1008365
1008273,1008366
1008273,1008759
1008273,1008760
1008273,1008896
1008273,1009082
1008273,1009129
1008273,1009728
1008273,1010310
1008273,1010786
1008273,1011324
1008273,1011325
1008273,1011403
1008273,1011918
1008273,1012194
1008273,1012647
1008273,1012846
1008273,1013403
1008273,1013568
1008273,1013731
1008273,1013804
1008273,1013988
1008273,1014090
1008273,1014204
1008273,1014442
1008273,1014663
1008273,1014819
1008273,1014824
1008273,1015376
1008273,1015531
1008273,1015859
1008273,1015881
1008273,1016189
1008273,1016863
1008273,1017167
1008273,1017251
1008273,1017512
1008273,1018069
1008273,1018258
1008274,1008274
1008275,1008204
1008275,1008205
1008275,1008257
1008275,1008258
1008275,1008260
1008275,1008261
1008275,1008274
1008275,1008275
1008275,1008322
1008275,1008323
1008275,1008352
1008275,1008353
1008275,1008389
1008275,1008390
1008275,1008403
1008275,1008483
1008275,1008484
1008275,1008513
1008275,1008540
1008275,1008541
1008275,1008572
1008275,1008578
1008275,1008685
1008275,1008740
1008275,1008748
1008275,1008800
1008275,1008804
1008275,1008855
1008275,1008861
1008275,1008882
1008275,1008889
1008275,1008944
1008275,1008945
1008275,1009001
1008275,1009002
1008275,1009008
1008275,1009117
1008275,1009119
1008275,1009133
1008275,1009134
1008275,1009173
1008275,1009229
1008275,1009233
1008275,1009276
1008275,1009277
1008275,1009311
1008275,1009318
1008275,1009351
1008275,1009363
1008275,1009379
1008275,1009392
1008275,1009435
1008275,1009497
1008275,1009514
1008275,1009633
1008275,1009649
1008275,1009650
1008275,1009677
1008275,1009702
1008275,1009734
1008275,1009859
1008275,1009877
1008275,1009886
1008275,1009909
1008275,1009927
1008275,1009928
1008275,1009984
1008275,1010002
1008275,1010017
1008275,1010064
1008275,1010077
1008275,1010078
1008275,1010079
1008275,1010123
1008275,1010185
1008275,1010225
1008275,1010230
1008275,1010243
1008275,1010251
1008275,1010252
1008275,1010288
1008275,1010303
1008275,1010330
1008275,1010376
1008275,1010377
1008275,1010398
1008275,1010403
1008275,1010404
1008275,1010409
1008275,1010465
1008275,1010509
1008275,1010510
1008275,1010535
1008275,1010588
1008275,1010605
1008275,1010611
1008275,1010658
1008275,1010678
1008275,1010679
1008275,1010698
1008275,1010746
1008275,1010751
1008275,1010851
1008275,1010855
1008275,1010857
1008275,1010867
1008275,1010988
1008275,1010989
1008275,1011073
1008275,1011234
1008275,1011235
1008275,1011271
1008275,1011309
1008275,1011326
1008275,1011363
1008275,1011369
1008275,1011484
1008275,1011683
1008275,1011684
1008275,1011710
1008275,1011717
1008275,1011726
1008275,1011727
1008275,1011791
1008275,1011792
1008275,1011838
1008275,1011841
1008275,1011846
1008275,1011951
1008275,1012024
1008275,1012077
1008275,1012196
1008275,1012207
1008275,1012250
1008275,1012256
1008275,1012261
1008275,1012282
1008275,1012298
1008275,1012299
1008275,1012308
1008275,1012309
1008275,1012353
1008275,1012435
1008275,1012514
1008275,1012531
1008275,1012533
1008275,1012534
1008275,1012541
1008275,1012584
1008275,1012623
1008275,1012684
1008275,1012718
1008275,1012730
1008275,1012780
1008275,1012798
1008275,1012802
1008275,1012837
1008275,1012863
1008275,1012911
1008275,1012948
1008275,1012960
1008275,1012972
1008275,1013017
1008275,1013059
1008275,1013107
1008275,1013108
1008275,1013133
1008275,1013163
1008275,1013216
1008275,1013279
1008275,1013318
1008275,1013319
1008275,1013357
1008275,1013358
1008275,1013364
1008275,1013395
1008275,1013457
1008275,1013509
1008275,1013515
1008275,1013594
1008275,1013603
1008275,1013697
1008275,1013698
1008275,1013699
1008275,1013763
1008275,1013786
1008275,1013836
1008275,1013848
1008275,1013890
1008275,1013920
1008275,1013921
1008275,1013965
1008275,1013997
1008275,1013999
1008275,1014040
1008275,1014044
1008275,1014063
1008275,1014069
1008275,1014081
1008275,1014086
1008275,1014116
1008275,1014121
1008275,1014198
1008275,1014202
1008275,1014235
1008275,1014242
1008275,1014265
1008275,1014285
1008275,1014296
1008275,1014316
1008275,1014333
1008275,1014359
1008275,1014364
1008275,1014478
1008275,1014531
1008275,1014535
1008275,1014559
1008275,1014608
1008275,1014626
1008275,1014670
1008275,1014730
1008275,1014820
1008275,1014840
1008275,1014853
1008275,1014938
1008275,1014954
1008275,1014971
1008275,1015016
1008275,1015022
1008275,1015088
1008275,1015090
1008275,1015091
1008275,1015092
1008275,1015093
1008275,1015105
1008275,1015138
1008275,1015144
1008275,1015166
1008275,1015168
1008275,1015227
1008275,1015259
1008275,1015290
1008275,1015352
1008275,1015416
1008275,1015526
1008275,1015547
1008275,1015566
1008275,1015569
1008275,1015574
1008275,1015647
1008275,1015654
1008275,1015660
1008275,1015757
1008275,1015788
1008275,1015805
1008275,1015812
1008275,1015838
1008275,1015847
1008275,1015854
1008275,1015858
1008275,1015935
1008275,1015976
1008275,1015977
1008275,1015983
1008275,1016059
1008275,1016085
1008275,1016115
1008275,1016124
1008275,1016129
1008275,1016154
1008275,1016179
1008275,1016195
1008275,1016202
1008275,1016213
1008275,1016269
1008275,1016364
1008275,1016368
1008275,1016372
1008275,1016451
1008275,1016485
1008275,1016501
1008275,1016513
1008275,1016521
1008275,1016601
1008275,1016679
1008275,1016700
1008275,1016843
1008275,1016846
1008275,1016884
1008275,1016890
1008275,1016894
1008275,1016912
1008275,1016917
1008275,1016929
1008275,1016938
1008275,1016971
1008275,1016977
1008275,1017025
1008275,1017027
1008275,1017138
1008275,1017151
1008275,1017176
1008275,1017199
1008275,1017215
1008275,1017236
1008275,1017281
1008275,1017344
1008275,1017417
1008275,1017424
1008275,1017430
1008275,1017475
1008275,1017520
1008275,1017526
1008275,1017530
1008275,1017543
1008275,1017580
1008275,1017610
1008275,1017625
1008275,1017780
1008275,1017839
1008275,1017855
1008275,1017863
1008275,1017923
1008275,1017930
1008275,1017947
1008275,1017953
1008275,1018010
1008275,1018029
1008275,1018048
1008275,1018077
1008275,1018099
1008275,1018191
1008275,1018226
1008275,1018278
1008275,1018288
1008275,1018297
1008275,1018365
1008275,1018394
1008275,1018414
1008275,1018415
1008275,1018420
1008275,1018430
1008275,1018554
1008276,1008276
1008277,1008277
1008278,1008277
1008278,1008278
1008278,1013201
1008278,1014112
1008278,1016596
1008278,1016825
1008278,1017124
1008278,1018445
1008279,1008279
1008280,1006566
1008280,1008279
1008280,1008280
1008280,1008286
1008280,1008301
1008280,1008325
1008280,1008354
1008280,1008712
1008280,1008768
1008280,1008848
1008280,1008883
1008280,1008901
1008280,1009165
1008280,1009321
1008280,1009610
1008280,1009732
1008280,1009892
1008280,1010039
1008280,1010132
1008280,1010634
1008280,1010737
1008280,1010796
1008280,1010858
1008280,1011185
1008280,1011339
1008280,1011368
1008280,1011534
1008280,1011565
1008280,1011732
1008280,1011946
1008280,1012519
1008280,1012521
1008280,1013003
1008280,1013128
1008280,1013547
1008280,1013623
1008280,1013947
1008280,1014288
1008280,1014653
1008280,1014697
1008280,1014933
1008280,1015446
1008280,1015648
1008280,1015655
1008280,1016043
1008280,1016612
1008280,1016618
1008280,1016735
1008280,1016743
1008280,1016788
1008280,1016865
1008280,1016926
1008280,1017003
1008280,1017092
1008280,1017163
1008280,1017261
1008280,1017391
1008280,1017478
1008280,1017827
1008280,1017938
1008280,1018026
1008280,1018128
1008280,1018488
1008280,1018494
1008280,1018505
1008280,1018537
1008281,1008281
1008282,1008282
1008283,1008282
1008283,1008283
1008283,1018581
1008284,1008284
1008285,1008284
1008285,1008285
1008285,1011609
1008285,1018532
1008286,1008286
1008287,1008287
1008288,1008288
1008289,1008289
1008290,1008289
1008290,1008290
1008291,1008291
1008292,1008292
1008293,1008293
1008294,1008293
1008294,1008294
1008294,1008347
1008294,1008434
1008294,1009029
1008294,1010385
1008294,1010723
1008294,1010967
1008294,1011196
1008294,1012444
1008294,1013053
1008294,1013153
1008294,1015440
1008294,1017541
1008294,1017684
1008294,1017801
1008295,1008295
1008296,1008296
1008297,1008296
1008297,1008297
1008297,1016585
1008298,1008298
1008299,1008299
1008300,1008300
1008301,1008301
1008302,1007457
1008302,1008302
1008303,1008303
1008304,1008303
1008304,1008304
1008304,1009860
1008304,1009977
1008304,1010000
1008304,1010030
1008304,1011612
1008304,1011802
1008304,1012420
1008304,1012574
1008304,1014299
1008304,1015423
1008304,1017435
1008304,1017575
1008304,1017663
1008305,1008305
1008305,1008786
1008305,1014213
1008306,1008305
1008306,1008306
1008306,1008786
1008306,1014213
1008306,1017246
1008307,1008307
1008308,1008307
1008308,1008308
1008308,1009118
1008308,1009863
1008308,1010113
1008308,1010927
1008308,1012247
1008308,1012464
1008308,1013438
1008308,1013730
1008308,1014087
1008308,1014217
1008308,1015411
1008308,1015798
1008308,1016676
1008308,1018411
1008309,1008309
1008310,1008310
1008311,1008311
1008312,1008312
1008313,1008313
1008314,1008313
1008314,1008314
1008314,1018256
1008315,1008315
1008316,1008316
1008317,1008316
1008317,1008317
1008317,1012592
1008317,1013554
1008317,1014673
1008317,1014810
1008318,1008318
1008319,1008319
1008320,1008319
1008320,1008320
1008320,1016703
1008321,1008321
1008322,1008322
1008323,1008322
1008323,1008323
1008323,1010611
1008323,1011484
1008323,1016513
1008324,1008324
1008325,1008325
1008326,1008326
1008327,1008327
1008328,1008328
1008329,1008329
1008330,1008330
1008330,1011168
1008330,1012151
1008330,1015057
1008330,1015973
1008330,1017995
1008331,1008330
1008331,1008331
1008331,1011168
1008331,1012151
1008331,1015057
1008331,1015973
1008331,1017995
1008332,1008332
1008333,1008332
1008333,1008333
1008333,1008341
1008333,1008448
1008333,1008486
1008333,1008526
1008333,1009147
1008333,1009319
1008333,1011039
1008333,1011811
1008333,1012011
1008333,1012125
1008333,1012126
1008333,1012146
1008333,1012249
1008333,1012573
1008333,1013205
1008333,1013283
1008333,1013819
1008333,1013915
1008333,1014325
1008333,1014497
1008333,1014972
1008333,1015711
1008333,1016306
1008333,1016330
1008333,1016474
1008333,1016785
1008333,1017507
1008333,1017570
1008333,1017585
1008333,1017730
1008333,1017853
1008333,1017984
1008333,1018246
1008333,1018333
1008333,1018593
1008334,1008334
1008335,1008335
1008336,1008336
1008337,1008336
1008337,1008337
1008337,1008371
1008337,1010586
1008337,1012804
1008337,1015931
1008337,1016040
1008337,1016773
1008338,1008338
1008339,1008250
1008339,1008251
1008339,1008338
1008339,1008339
1008339,1009166
1008339,1010245
1008339,1010726
1008339,1010879
1008339,1011014
1008339,1011613
1008339,1011807
1008339,1011808
1008339,1013045
1008339,1013742
1008339,1014528
1008339,1014787
1008339,1014936
1008339,1015715
1008339,1018304
1008340,1008340
1008340,1012401
1008341,1008341
1008342,1008342
1008343,1008343
1008343,1008580
1008343,1008689
1008343,1013184
1008343,1017396
1008344,1008343
1008344,1008344
1008344,1008580
1008344,1008689
1008344,1008750
1008344,1010926
1008344,1011464
1008344,1011467
1008344,1011468
1008344,1011544
1008344,1012014
1008344,1013184
1008344,1014089
1008344,1014334
1008344,1014629
1008344,1017396
1008345,1008345
1008346,1008345
1008346,1008346
1008346,1009918
1008347,1008347
1008348,1008348
1008349,1008349
1008350,1008349
1008350,1008350
1008350,1010811
1008350,1014872
1008351,1008351
1008352,1008352
1008353,1008352
1008353,1008353
1008353,1008403
1008353,1008804
1008353,1009928
1008353,1011838
1008353,1012531
1008353,1015091
1008353,1015858
1008353,1016601
1008353,1016971
1008353,1017424
1008353,1017530
1008354,1008354
1008355,1008355
1008356,1008356
1008356,1013400
1008357,1008357
1008358,1008358
1008359,1008358
1008359,1008359
1008359,1009434
1008359,1009540
1008360,1008360
1008361,1008361
1008362,1008361
1008362,1008362
1008362,1011012
1008362,1011750
1008362,1011981
1008362,1012925
1008362,1013901
1008362,1018529
1008363,1008363
1008363,1017759
1008364,1008363
1008364,1008364
1008364,1011831
1008364,1011833
1008364,1012068
1008364,1012069
1008364,1013166
1008364,1015875
1008364,1015984
1008364,1016432
1008364,1017759
1008365,1008365
1008366,1008365
1008366,1008366
1008366,1008759
1008366,1008760
1008366,1009082
1008366,1009129
1008366,1010786
1008366,1011403
1008366,1011918
1008366,1012194
1008366,1013568
1008366,1013804
1008366,1016189
1008366,1017167
1008366,1017251
1008366,1018069
1008367,1008367
1008368,1008368
1008369,1008369
1008369,1009184
1008369,1009811
1008369,1009812
1008369,1010601
1008369,1010747
1008369,1012182
1008369,1013012
1008369,1013013
1008369,1013711
1008369,1014319
1008369,1014370
1008369,1014472
1008369,1015070
1008369,1015696
1008369,1015793
1008369,1016081
1008369,1016310
1008369,1016795
1008369,1017749
1008369,1017754
1008369,1017841
1008369,1018504
1008370,1008370
1008371,1008371
1008372,1008372
1008373,1008373
1008374,1008374
1008375,1008375
1008376,1008131
1008376,1008132
1008376,1008375
1008376,1008376
1008376,1008667
1008376,1009457
1008376,1009458
1008376,1009629
1008376,1009807
1008376,1010140
1008376,1010277
1008376,1010618
1008376,1011139
1008376,1011140
1008376,1011259
1008376,1011291
1008376,1011292
1008376,1011497
1008376,1011622
1008376,1011623
1008376,1011637
1008376,1011815
1008376,1011816
1008376,1011825
1008376,1011933
1008376,1012645
1008376,1013067
1008376,1013068
1008376,1013186
1008376,1013187
1008376,1013384
1008376,1013710
1008376,1013908
1008376,1014173
1008376,1014455
1008376,1014456
1008376,1014822
1008376,1015170
1008376,1015298
1008376,1015533
1008376,1015720
1008376,1015728
1008376,1015739
1008376,1015832
1008376,1015897
1008376,1016038
1008376,1016064
1008376,1016187
1008376,1016506
1008376,1016617
1008376,1017050
1008376,1017051
1008376,1017185
1008376,1017209
1008376,1017233
1008376,1017263
1008376,1017268
1008376,1017386
1008376,1017581
1008376,1017965
1008376,1018118
1008376,1018170
1008376,1018217
1008376,1018605
1008377,1008377
1008378,1008378
1008379,1008379
1008380,1008379
1008380,1008380
1008380,1011607
1008380,1011608
1008381,1008381
1008382,1008382
1008383,1007785
1008383,1008030
1008383,1008383
1008383,1012748
1008383,1013820
1008383,1013914
1008383,1014877
1008383,1018302
1008383,1018524
1008384,1008384
1008385,1008385
1008386,1008386
1008387,1008387
1008388,1006328
1008388,1008387
1008388,1008388
1008389,1008389
1008390,1008352
1008390,1008353
1008390,1008389
1008390,1008390
1008390,1008403
1008390,1008540
1008390,1008541
1008390,1008572
1008390,1008740
1008390,1008748
1008390,1008800
1008390,1008804
1008390,1008889
1008390,1008944
1008390,1008945
1008390,1009133
1008390,1009134
1008390,1009351
1008390,1009363
1008390,1009379
1008390,1009514
1008390,1009649
1008390,1009650
1008390,1009877
1008390,1009886
1008390,1009909
1008390,1009927
1008390,1009928
1008390,1010017
1008390,1010225
1008390,1010243
1008390,1010303
1008390,1010330
1008390,1010398
1008390,1010409
1008390,1010465
1008390,1010509
1008390,1010510
1008390,1010698
1008390,1010746
1008390,1010857
1008390,1010988
1008390,1011073
1008390,1011271
1008390,1011369
1008390,1011683
1008390,1011684
1008390,1011717
1008390,1011838
1008390,1011846
1008390,1012024
1008390,1012250
1008390,1012353
1008390,1012435
1008390,1012531
1008390,1012533
1008390,1012534
1008390,1012541
1008390,1012584
1008390,1012684
1008390,1012798
1008390,1012802
1008390,1012911
1008390,1012948
1008390,1013059
1008390,1013107
1008390,1013133
1008390,1013279
1008390,1013357
1008390,1013358
1008390,1013395
1008390,1013697
1008390,1013698
1008390,1013890
1008390,1013920
1008390,1014040
1008390,1014044
1008390,1014063
1008390,1014086
1008390,1014116
1008390,1014198
1008390,1014202
1008390,1014235
1008390,1014242
1008390,1014285
1008390,1014296
1008390,1014333
1008390,1014364
1008390,1014535
1008390,1014670
1008390,1014730
1008390,1014820
1008390,1014954
1008390,1015091
1008390,1015105
1008390,1015138
1008390,1015144
1008390,1015168
1008390,1015259
1008390,1015352
1008390,1015416
1008390,1015526
1008390,1015547
1008390,1015566
1008390,1015569
1008390,1015574
1008390,1015654
1008390,1015788
1008390,1015805
1008390,1015812
1008390,1015847
1008390,1015854
1008390,1015858
1008390,1016129
1008390,1016202
1008390,1016364
1008390,1016485
1008390,1016521
1008390,1016601
1008390,1016843
1008390,1016884
1008390,1016890
1008390,1016938
1008390,1016971
1008390,1016977
1008390,1017027
1008390,1017236
1008390,1017344
1008390,1017424
1008390,1017430
1008390,1017475
1008390,1017520
1008390,1017530
1008390,1017580
1008390,1017625
1008390,1017780
1008390,1017923
1008390,1017930
1008390,1018029
1008390,1018099
1008390,1018288
1008390,1018297
1008390,1018414
1008390,1018420
1008390,1018554
1008391,1008391
1008392,1008392
1008393,1008393
1008394,1008393
1008394,1008394
1008394,1009374
1008394,1010614
1008394,1011153
1008394,1014940
1008394,1016082
1008394,1016594
1008395,1008395
1008396,1008395
1008396,1008396
1008396,1014562
1008397,1008397
1008398,1008398
1008398,1008817
1008398,1008820
1008398,1009821
1008398,1010244
1008398,1010456
1008398,1010487
1008398,1011046
1008398,1011240
1008398,1012643
1008398,1015397
1008398,1016486
1008398,1017141
1008398,1017229
1008398,1017888
1008398,1018022
1008398,1018380
1008399,1008399
1008400,1008400
1008401,1008400
1008401,1008401
1008402,1007283
1008402,1008402
1008403,1008403
1008404,1008404
1008405,1008404
1008405,1008405
1008405,1008432
1008405,1008433
1008405,1008559
1008405,1008560
1008405,1008615
1008405,1008648
1008405,1008649
1008405,1008984
1008405,1009131
1008405,1009190
1008405,1009327
1008405,1009654
1008405,1009656
1008405,1009720
1008405,1009831
1008405,1009878
1008405,1009882
1008405,1010249
1008405,1010652
1008405,1010962
1008405,1011166
1008405,1011269
1008405,1011413
1008405,1011450
1008405,1011451
1008405,1011661
1008405,1011784
1008405,1011785
1008405,1011793
1008405,1012010
1008405,1012085
1008405,1012127
1008405,1012295
1008405,1012463
1008405,1012993
1008405,1013147
1008405,1013411
1008405,1013775
1008405,1013891
1008405,1013892
1008405,1014056
1008405,1014101
1008405,1014110
1008405,1014214
1008405,1014292
1008405,1014927
1008405,1015143
1008405,1015277
1008405,1015470
1008405,1015719
1008405,1015737
1008405,1015966
1008405,1015988
1008405,1016033
1008405,1016350
1008405,1016357
1008405,1016603
1008405,1016727
1008405,1016740
1008405,1016830
1008405,1016981
1008405,1017057
1008405,1017200
1008405,1017315
1008405,1017433
1008405,1017470
1008405,1017813
1008405,1018190
1008405,1018466
1008406,1008406
1008407,1008407
1008408,1008408
1008409,1008409
1008410,1008409
1008410,1008410
1008410,1009473
1008410,1010101
1008410,1011131
1008411,1008411
1008412,1008411
1008412,1008412
1008412,1009296
1008412,1009437
1008412,1009438
1008412,1010098
1008412,1010159
1008412,1010656
1008412,1010825
1008412,1010956
1008412,1011357
1008412,1011507
1008412,1011549
1008412,1012015
1008412,1012367
1008412,1012601
1008412,1013181
1008412,1013587
1008412,1015426
1008412,1015780
1008412,1015873
1008412,1016181
1008412,1016259
1008412,1016610
1008412,1016791
1008412,1016839
1008412,1016945
1008412,1017006
1008412,1017022
1008412,1017078
1008412,1017480
1008412,1017831
1008412,1017860
1008412,1017867
1008412,1018144
1008412,1018163
1008412,1018307
1008412,1018336
1008412,1018351
1008413,1008195
1008413,1008196
1008413,1008413
1008413,1008805
1008413,1009152
1008413,1009153
1008413,1009357
1008413,1009757
1008413,1010153
1008413,1011315
1008413,1011780
1008413,1012824
1008413,1013677
1008413,1014775
1008413,1016687
1008413,1016689
1008413,1017611
1008413,1018041
1008413,1018233
1008413,1018264
1008413,1018277
1008414,1008414
1008414,1009293
1008414,1009449
1008414,1009655
1008414,1009934
1008414,1009956
1008414,1009990
1008414,1010058
1008414,1010334
1008414,1010380
1008414,1010400
1008414,1011142
1008414,1011143
1008414,1011152
1008414,1011167
1008414,1011406
1008414,1011662
1008414,1012083
1008414,1012103
1008414,1012345
1008414,1012631
1008414,1012712
1008414,1013528
1008414,1014234
1008414,1014355
1008414,1014419
1008414,1014701
1008414,1014934
1008414,1014935
1008414,1014941
1008414,1015067
1008414,1015068
1008414,1015216
1008414,1015331
1008414,1015363
1008414,1015391
1008414,1015396
1008414,1015452
1008414,1015797
1008414,1015955
1008414,1016034
1008414,1016418
1008414,1016503
1008414,1016599
1008414,1016710
1008414,1017114
1008414,1017136
1008414,1017436
1008414,1017943
1008414,1018299
1008414,1018481
1008414,1018578
1008414,1018602
1008415,1007613
1008415,1007659
1008415,1008137
1008415,1008138
1008415,1008414
1008415,1008415
1008415,1008676
1008415,1008677
1008415,1009108
1008415,1009120
1008415,1009210
1008415,1009230
1008415,1009231
1008415,1009293
1008415,1009325
1008415,1009449
1008415,1009550
1008415,1009551
1008415,1009655
1008415,1009663
1008415,1009934
1008415,1009956
1008415,1009990
1008415,1010058
1008415,1010334
1008415,1010380
1008415,1010400
1008415,1011112
1008415,1011142
1008415,1011143
1008415,1011152
1008415,1011167
1008415,1011335
1008415,1011336
1008415,1011393
1008415,1011406
1008415,1011662
1008415,1011854
1008415,1012082
1008415,1012083
1008415,1012103
1008415,1012345
1008415,1012621
1008415,1012622
1008415,1012626
1008415,1012631
1008415,1012646
1008415,1012712
1008415,1012835
1008415,1013082
1008415,1013083
1008415,1013190
1008415,1013368
1008415,1013379
1008415,1013498
1008415,1013528
1008415,1013641
1008415,1013642
1008415,1013669
1008415,1013737
1008415,1013905
1008415,1014124
1008415,1014234
1008415,1014281
1008415,1014348
1008415,1014355
1008415,1014394
1008415,1014419
1008415,1014463
1008415,1014538
1008415,1014701
1008415,1014733
1008415,1014743
1008415,1014758
1008415,1014774
1008415,1014934
1008415,1014935
1008415,1014941
1008415,1015035
1008415,1015067
1008415,1015068
1008415,1015155
1008415,1015216
1008415,1015282
1008415,1015331
1008415,1015363
1008415,1015391
1008415,1015396
1008415,1015452
1008415,1015651
1008415,1015713
1008415,1015797
1008415,1015843
1008415,1015848
1008415,1015955
1008415,1016034
1008415,1016076
1008415,1016225
1008415,1016414
1008415,1016418
1008415,1016503
1008415,1016599
1008415,1016710
1008415,1016744
1008415,1017044
1008415,1017114
1008415,1017136
1008415,1017232
1008415,1017241
1008415,1017415
1008415,1017436
1008415,1017683
1008415,1017786
1008415,1017806
1008415,1017943
1008415,1017980
1008415,1018098
1008415,1018114
1008415,1018214
1008415,1018257
1008415,1018299
1008415,1018481
1008415,1018578
1008415,1018602
1008416,1008416
1008417,1008417
1008418,1008417
1008418,1008418
1008419,1008419
1008420,1008419
1008420,1008420
1008421,1008421
1008422,1008421
1008422,1008422
1008422,1008756
1008422,1009408
1008422,1009614
1008422,1011538
1008422,1013214
1008422,1013539
1008422,1014130
1008422,1014648
1008422,1014754
1008422,1016754
1008423,1008423
1008424,1008423
1008424,1008424
1008424,1011777
1008424,1012189
1008424,1013088
1008424,1015229
1008424,1016719
1008424,1017020
1008424,1017273
1008425,1008425
1008426,1008425
1008426,1008426
1008426,1013193
1008427,1008427
1008428,1008428
1008429,1008428
1008429,1008429
1008429,1010250
1008430,1008430
1008431,1008430
1008431,1008431
1008432,1008432
1008433,1008432
1008433,1008433
1008433,1009190
1008433,1011784
1008433,1011785
1008433,1013411
1008433,1013891
1008433,1013892
1008433,1014110
1008433,1015277
1008433,1016033
1008433,1017813
1008433,1018190
1008434,1008434
1008435,1007565
1008435,1008435
1008435,1015076
1008436,1008436
1008437,1008436
1008437,1008437
1008437,1012160
1008437,1012984
1008437,1015239
1008437,1017140
1008438,1008438
1008439,1008438
1008439,1008439
1008439,1012208
1008440,1008440
1008440,1009684
1008440,1012789
1008440,1018222
1008441,1008441
1008442,1008442
1008443,1008442
1008443,1008443
1008443,1008754
1008443,1009515
1008443,1012096
1008443,1012477
1008443,1012659
1008443,1013178
1008443,1014745
1008443,1014943
1008443,1015508
1008443,1016006
1008443,1016021
1008443,1016563
1008443,1016935
1008443,1017369
1008443,1018196
1008443,1018535
1008444,1008444
1008445,1008445
1008446,1008446
1008447,1008447
1008448,1008448
1008449,1008449
1008450,1008450
1008451,1008450
1008451,1008451
1008451,1010824
1008451,1014728
1008452,1008452
1008453,1008452
1008453,1008453
1008454,1008454
1008454,1010063
1008454,1012708
1008455,1008454
1008455,1008455
1008455,1008845
1008455,1009580
1008455,1010063
1008455,1011566
1008455,1012708
1008455,1013156
1008455,1013462
1008455,1013937
1008455,1013958
1008455,1015264
1008455,1015948
1008455,1016887
1008455,1018403
1008456,1008456
1008457,1008457
1008458,1008458
1008459,1008459
1008460,1008459
1008460,1008460
1008460,1011036
1008461,1008461
1008462,1008462
1008463,1008462
1008463,1008463
1008463,1015517
1008464,1008464
1008465,1008465
1008466,1008466
1008467,1008466
1008467,1008467
1008467,1010695
1008467,1018622
1008468,1008468
1008469,1008469
1008470,1008470
1008471,1008471
1008472,1008471
1008472,1008472
1008473,1008473
1008474,1008473
1008474,1008474
1008474,1008991
1008474,1009250
1008474,1010665
1008474,1010666
1008474,1012091
1008474,1012535
1008474,1014074
1008474,1014344
1008474,1014718
1008474,1015097
1008474,1016490
1008474,1016543
1008474,1016834
1008474,1016835
1008475,1008475
1008476,1008475
1008476,1008476
1008476,1013020
1008476,1013021
1008477,1008477
1008478,1008477
1008478,1008478
1008478,1012459
1008479,1008479
1008479,1010560
1008479,1010561
1008479,1010690
1008479,1010691
1008479,1010793
1008479,1011589
1008479,1015817
1008479,1015818
1008480,1008480
1008481,1008481
1008482,1008482
1008483,1008483
1008484,1008483
1008484,1008484
1008484,1008578
1008484,1010002
1008485,1008485
1008486,1008486
1008487,1008487
1008488,1008488
1008488,1010644
1008488,1010645
1008488,1011354
1008488,1012963
1008488,1015638
1008489,1008489
1008490,1008489
1008490,1008490
1008490,1009171
1008490,1013660
1008491,1008491
1008492,1008492
1008493,1008493
1008494,1008493
1008494,1008494
1008495,1008495
1008496,1008495
1008496,1008496
1008496,1008965
1008496,1009030
1008496,1013040
1008497,1008497
1008497,1014854
1008498,1008498
1008499,1008499
1008500,1008500
1008500,1013780
1008500,1017639
1008501,1008501
1008502,1008501
1008502,1008502
1008502,1008739
1008503,1008503
1008504,1008504
1008505,1008504
1008505,1008505
1008505,1008588
1008505,1011836
1008505,1011837
1008505,1012487
1008505,1013831
1008505,1013832
1008505,1016206
1008505,1017342
1008506,1008506
1008507,1008506
1008507,1008507
1008507,1011774
1008508,1008508
1008509,1008508
1008509,1008509
1008509,1009631
1008509,1012937
1008509,1014480
1008509,1016484
1008509,1017363
1008510,1008510
1008511,1006603
1008511,1007079
1008511,1007221
1008511,1007517
1008511,1007557
1008511,1008237
1008511,1008238
1008511,1008265
1008511,1008266
1008511,1008296
1008511,1008297
1008511,1008425
1008511,1008426
1008511,1008475
1008511,1008476
1008511,1008510
1008511,1008511
1008511,1008563
1008511,1008701
1008511,1008775
1008511,1008789
1008511,1008790
1008511,1008909
1008511,1008910
1008511,1008987
1008511,1009037
1008511,1009244
1008511,1009245
1008511,1009286
1008511,1009287
1008511,1009391
1008511,1009541
1008511,1009561
1008511,1009562
1008511,1009681
1008511,1009768
1008511,1009813
1008511,1009875
1008511,1009876
1008511,1009911
1008511,1009962
1008511,1009999
1008511,1010006
1008511,1010080
1008511,1010144
1008511,1010147
1008511,1010208
1008511,1010284
1008511,1010496
1008511,1010594
1008511,1010595
1008511,1010607
1008511,1010608
1008511,1010772
1008511,1010780
1008511,1010820
1008511,1010908
1008511,1010909
1008511,1010957
1008511,1011025
1008511,1011121
1008511,1011401
1008511,1011402
1008511,1011418
1008511,1011430
1008511,1011431
1008511,1011650
1008511,1011765
1008511,1011766
1008511,1011935
1008511,1011977
1008511,1012143
1008511,1012190
1008511,1012191
1008511,1012428
1008511,1012429
1008511,1012462
1008511,1012695
1008511,1012720
1008511,1012735
1008511,1012762
1008511,1012763
1008511,1012800
1008511,1012874
1008511,1013020
1008511,1013021
1008511,1013055
1008511,1013057
1008511,1013087
1008511,1013193
1008511,1013195
1008511,1013196
1008511,1013219
1008511,1013238
1008511,1013346
1008511,1013617
1008511,1013618
1008511,1013632
1008511,1013712
1008511,1013752
1008511,1013875
1008511,1013897
1008511,1013918
1008511,1013926
1008511,1013927
1008511,1014027
1008511,1014091
1008511,1014275
1008511,1014384
1008511,1014458
1008511,1014499
1008511,1014650
1008511,1014690
1008511,1014696
1008511,1014746
1008511,1014752
1008511,1014764
1008511,1014765
1008511,1014990
1008511,1015253
1008511,1015271
1008511,1015328
1008511,1015353
1008511,1015367
1008511,1015434
1008511,1015501
1008511,1015606
1008511,1015626
1008511,1015627
1008511,1015749
1008511,1015767
1008511,1015768
1008511,1015860
1008511,1015872
1008511,1016010
1008511,1016346
1008511,1016537
1008511,1016544
1008511,1016577
1008511,1016585
1008511,1016620
1008511,1016657
1008511,1016668
1008511,1016695
1008511,1016696
1008511,1016711
1008511,1016796
1008511,1016891
1008511,1017245
1008511,1017468
1008511,1017641
1008511,1017703
1008511,1018198
1008511,1018376
1008511,1018475
1008511,1018528
1008511,1018616
1008512,1008512
1008513,1008513
1008514,1008514
1008515,1008514
1008515,1008515
1008515,1013249
1008515,1014253
1008515,1014254
1008515,1014887
1008515,1015046
1008515,1015543
1008516,1008516
1008517,1008517
1008518,1008518
1008519,1008519
1008520,1008520
1008521,1008521
1008522,1008522
1008523,1008522
1008523,1008523
1008523,1012540
1008523,1018007
1008524,1008524
1008525,1008524
1008525,1008525
1008526,1008526
1008527,1008527
1008528,1008527
1008528,1008528
1008528,1009810
1008528,1011436
1008528,1015069
1008529,1008529
1008530,1008530
1008531,1008530
1008531,1008531
1008531,1010953
1008531,1012887
1008531,1015249
1008531,1016790
1008532,1008532
1008533,1008533
1008534,1008534
1008535,1008535
1008535,1018087
1008535,1018567
1008536,1008536
1008536,1010925
1008536,1018250
1008537,1008537
1008538,1008537
1008538,1008538
1008538,1015210
1008539,1008539
1008540,1008540
1008541,1008540
1008541,1008541
1008542,1008542
1008543,1008543
1008544,1008544
1008545,1008545
1008545,1012101
1008545,1014665
1008545,1014666
1008545,1016526
1008546,1008545
1008546,1008546
1008546,1008908
1008546,1009031
1008546,1009175
1008546,1009595
1008546,1010647
1008546,1010934
1008546,1012101
1008546,1012373
1008546,1012438
1008546,1013622
1008546,1013768
1008546,1014179
1008546,1014180
1008546,1014193
1008546,1014665
1008546,1014666
1008546,1014789
1008546,1016526
1008546,1016725
1008546,1017624
1008546,1018095
1008546,1018101
1008547,1008547
1008547,1013022
1008548,1008547
1008548,1008548
1008548,1009792
1008548,1011385
1008548,1012289
1008548,1013022
1008548,1014361
1008548,1014362
1008548,1016014
1008548,1016746
1008548,1018306
1008549,1008549
1008550,1008550
1008551,1008551
1008552,1008552
1008553,1008552
1008553,1008553
1008553,1008642
1008553,1010450
1008553,1013074
1008553,1013125
1008553,1014191
1008553,1015602
1008553,1016651
1008553,1017291
1008553,1018232
1008553,1018608
1008554,1008554
1008555,1008555
1008556,1008556
1008557,1008556
1008557,1008557
1008557,1016697
1008558,1008558
1008559,1008559
1008560,1008559
1008560,1008560
1008560,1008615
1008560,1008984
1008560,1009327
1008560,1009656
1008560,1009720
1008560,1009831
1008560,1009878
1008560,1009882
1008560,1010249
1008560,1010962
1008560,1011269
1008560,1011413
1008560,1011661
1008560,1012010
1008560,1012295
1008560,1012463
1008560,1012993
1008560,1013147
1008560,1013775
1008560,1014214
1008560,1014292
1008560,1015143
1008560,1015470
1008560,1015737
1008560,1016357
1008560,1016830
1008560,1016981
1008560,1017200
1008560,1017433
1008560,1017470
1008561,1008561
1008561,1014031
1008562,1008562
1008563,1007557
1008563,1008237
1008563,1008238
1008563,1008563
1008563,1008775
1008563,1009244
1008563,1009245
1008563,1009286
1008563,1009287
1008563,1009561
1008563,1009562
1008563,1009681
1008563,1009911
1008563,1010496
1008563,1010957
1008563,1012428
1008563,1012735
1008563,1013055
1008563,1013632
1008563,1013712
1008563,1014384
1008563,1015253
1008563,1015328
1008563,1016668
1008563,1017703
1008563,1018198
1008564,1008564
1008565,1008564
1008565,1008565
1008565,1011378
1008565,1011415
1008565,1011942
1008565,1015499
1008565,1015821
1008565,1017067
1008565,1017779
1008566,1008566
1008567,1008567
1008568,1006361
1008568,1006363
1008568,1006365
1008568,1007247
1008568,1007919
1008568,1008567
1008568,1008568
1008568,1008771
1008568,1008816
1008568,1008897
1008568,1008923
1008568,1008992
1008568,1009086
1008568,1009087
1008568,1009161
1008568,1009170
1008568,1009226
1008568,1009516
1008568,1009586
1008568,1009730
1008568,1009773
1008568,1009797
1008568,1009816
1008568,1009858
1008568,1010061
1008568,1010076
1008568,1010226
1008568,1010240
1008568,1010261
1008568,1010455
1008568,1010476
1008568,1010541
1008568,1010979
1008568,1011228
1008568,1011296
1008568,1011317
1008568,1011351
1008568,1011554
1008568,1011561
1008568,1011599
1008568,1011605
1008568,1011725
1008568,1011751
1008568,1011759
1008568,1012019
1008568,1012162
1008568,1012230
1008568,1012355
1008568,1012506
1008568,1012585
1008568,1012738
1008568,1012772
1008568,1012955
1008568,1012991
1008568,1013189
1008568,1013239
1008568,1013244
1008568,1013252
1008568,1013302
1008568,1013332
1008568,1013353
1008568,1013408
1008568,1013439
1008568,1013466
1008568,1013556
1008568,1013600
1008568,1013616
1008568,1013795
1008568,1013938
1008568,1013943
1008568,1013946
1008568,1013971
1008568,1014073
1008568,1014427
1008568,1014622
1008568,1014647
1008568,1014662
1008568,1014727
1008568,1014744
1008568,1014827
1008568,1014855
1008568,1014865
1008568,1015383
1008568,1015421
1008568,1015560
1008568,1015572
1008568,1015594
1008568,1015644
1008568,1015732
1008568,1015769
1008568,1015775
1008568,1015850
1008568,1015886
1008568,1015925
1008568,1015938
1008568,1015953
1008568,1015958
1008568,1015981
1008568,1016009
1008568,1016042
1008568,1016165
1008568,1016178
1008568,1016509
1008568,1016542
1008568,1016714
1008568,1016741
1008568,1016763
1008568,1016823
1008568,1016826
1008568,1016844
1008568,1016964
1008568,1016980
1008568,1017046
1008568,1017091
1008568,1017193
1008568,1017380
1008568,1017385
1008568,1017402
1008568,1017405
1008568,1017524
1008568,1017531
1008568,1017535
1008568,1017593
1008568,1017673
1008568,1017677
1008568,1017991
1008568,1018018
1008568,1018046
1008568,1018122
1008568,1018188
1008568,1018227
1008568,1018332
1008568,1018344
1008568,1018352
1008568,1018408
1008568,1018471
1008568,1018474
1008568,1018498
1008568,1018507
1008568,1018618
1008569,1008569
1008570,1008569
1008570,1008570
1008570,1010880
1008570,1012882
1008570,1013907
1008571,1008571
1008572,1008572
1008573,1008573
1008573,1010474
1008574,1008574
1008575,1008575
1008575,1008594
1008575,1008595
1008575,1008846
1008575,1008847
1008575,1010089
1008575,1010090
1008575,1010490
1008575,1010950
1008575,1010951
1008575,1011008
1008575,1011009
1008575,1011619
1008575,1011806
1008575,1012335
1008575,1012479
1008575,1012545
1008575,1012722
1008575,1013593
1008575,1014105
1008575,1014153
1008575,1016524
1008575,1017900
1008575,1018108
1008576,1008576
1008577,1008576
1008577,1008577
1008577,1017603
1008577,1018468
1008578,1008578
1008579,1008579
1008580,1008580
1008581,1008581
1008582,1008582
1008583,1008583
1008584,1008584
1008585,1006603
1008585,1006943
1008585,1007079
1008585,1007221
1008585,1007421
1008585,1007517
1008585,1007557
1008585,1008143
1008585,1008237
1008585,1008238
1008585,1008265
1008585,1008266
1008585,1008296
1008585,1008297
1008585,1008425
1008585,1008426
1008585,1008462
1008585,1008463
1008585,1008475
1008585,1008476
1008585,1008510
1008585,1008511
1008585,1008563
1008585,1008585
1008585,1008701
1008585,1008775
1008585,1008789
1008585,1008790
1008585,1008909
1008585,1008910
1008585,1008987
1008585,1009037
1008585,1009244
1008585,1009245
1008585,1009286
1008585,1009287
1008585,1009391
1008585,1009518
1008585,1009519
1008585,1009541
1008585,1009561
1008585,1009562
1008585,1009681
1008585,1009768
1008585,1009813
1008585,1009875
1008585,1009876
1008585,1009911
1008585,1009962
1008585,1009999
1008585,1010006
1008585,1010071
1008585,1010080
1008585,1010144
1008585,1010147
1008585,1010208
1008585,1010284
1008585,1010496
1008585,1010594
1008585,1010595
1008585,1010607
1008585,1010608
1008585,1010682
1008585,1010772
1008585,1010780
1008585,1010820
1008585,1010908
1008585,1010909
1008585,1010957
1008585,1011025
1008585,1011121
1008585,1011226
1008585,1011264
1008585,1011265
1008585,1011401
1008585,1011402
1008585,1011418
1008585,1011430
1008585,1011431
1008585,1011624
1008585,1011650
1008585,1011703
1008585,1011765
1008585,1011766
1008585,1011935
1008585,1011977
1008585,1012074
1008585,1012143
1008585,1012158
1008585,1012190
1008585,1012191
1008585,1012428
1008585,1012429
1008585,1012462
1008585,1012695
1008585,1012720
1008585,1012735
1008585,1012762
1008585,1012763
1008585,1012800
1008585,1012874
1008585,1013020
1008585,1013021
1008585,1013055
1008585,1013057
1008585,1013087
1008585,1013193
1008585,1013195
1008585,1013196
1008585,1013219
1008585,1013238
1008585,1013314
1008585,1013346
1008585,1013617
1008585,1013618
1008585,1013632
1008585,1013712
1008585,1013752
1008585,1013766
1008585,1013875
1008585,1013897
1008585,1013918
1008585,1013926
1008585,1013927
1008585,1013963
1008585,1014027
1008585,1014091
1008585,1014275
1008585,1014384
1008585,1014458
1008585,1014499
1008585,1014650
1008585,1014690
1008585,1014696
1008585,1014746
1008585,1014752
1008585,1014759
1008585,1014764
1008585,1014765
1008585,1014990
1008585,1015253
1008585,1015271
1008585,1015328
1008585,1015353
1008585,1015367
1008585,1015369
1008585,1015434
1008585,1015501
1008585,1015517
1008585,1015592
1008585,1015606
1008585,1015626
1008585,1015627
1008585,1015749
1008585,1015752
1008585,1015767
1008585,1015768
1008585,1015860
1008585,1015872
1008585,1015890
1008585,1016010
1008585,1016346
1008585,1016500
1008585,1016537
1008585,1016544
1008585,1016577
1008585,1016585
1008585,1016620
1008585,1016657
1008585,1016668
1008585,1016695
1008585,1016696
1008585,1016711
1008585,1016712
1008585,1016721
1008585,1016722
1008585,1016796
1008585,1016812
1008585,1016891
1008585,1017226
1008585,1017245
1008585,1017403
1008585,1017468
1008585,1017641
1008585,1017666
1008585,1017703
1008585,1017859
1008585,1017898
1008585,1018198
1008585,1018210
1008585,1018372
1008585,1018376
1008585,1018475
1008585,1018528
1008585,1018616
1008586,1008586
1008587,1008587
1008588,1008588
1008588,1012487
1008588,1017342
1008589,1008589
1008590,1008590
1008590,1015165
1008591,1008591
1008592,1007086
1008592,1008591
1008592,1008592
1008592,1010734
1008592,1012246
1008592,1015839
1008593,1008593
1008593,1016148
1008594,1008594
1008595,1008594
1008595,1008595
1008595,1011806
1008595,1014153
1008596,1008596
1008596,1016675
1008597,1008596
1008597,1008597
1008597,1016675
1008598,1008598
1008599,1008599
1008600,1008600
1008601,1008600
1008601,1008601
1008601,1013425
1008602,1008602
1008602,1013468
1008603,1008603
1008604,1008604
1008605,1008605
1008606,1008606
1008607,1008607
1008607,1012099
1008608,1008608
1008608,1015300
1008609,1008608
1008609,1008609
1008609,1011189
1008609,1011834
1008609,1012105
1008609,1012133
1008609,1012642
1008609,1013511
1008609,1015300
1008609,1016630
1008609,1017279
1008609,1017571
1008610,1008610
1008611,1008610
1008611,1008611
1008611,1012564
1008611,1012565
1008611,1014300
1008612,1008612
1008612,1009825
1008612,1011669
1008612,1011670
1008612,1011826
1008612,1014143
1008613,1008613
1008614,1008614
1008615,1008615
1008616,1008616
1008617,1008616
1008617,1008617
1008618,1008618
1008619,1008618
1008619,1008619
1008620,1008620
1008621,1008621
1008622,1008622
1008623,1008622
1008623,1008623
1008623,1013377
1008623,1016808
1008623,1017515
1008624,1008624
1008625,1008624
1008625,1008625
1008625,1009506
1008625,1011342
1008625,1011343
1008625,1018083
1008626,1008626
1008626,1009036
1008627,1008627
1008627,1013684
1008627,1014640
1008628,1008627
1008628,1008628
1008628,1009452
1008628,1013234
1008628,1013684
1008628,1014403
1008628,1014640
1008628,1017364
1008629,1008629
1008630,1008630
1008631,1008630
1008631,1008631
1008631,1009718
1008631,1012980
1008632,1008632
1008633,1008633
1008634,1008634
1008635,1008635
1008635,1009424
1008635,1009425
1008635,1015231
1008636,1008635
1008636,1008636
1008636,1009424
1008636,1009425
1008636,1015231
1008637,1008637
1008638,1008637
1008638,1008638
1008638,1010973
1008638,1010974
1008638,1011133
1008638,1011134
1008638,1011350
1008638,1011847
1008638,1011965
1008638,1013871
1008638,1013872
1008638,1013977
1008638,1014082
1008638,1014742
1008638,1015012
1008638,1015471
1008638,1016070
1008638,1016547
1008638,1017710
1008639,1008639
1008640,1008640
1008641,1008641
1008642,1008642
1008643,1008643
1008644,1008644
1008645,1007842
1008645,1008644
1008645,1008645
1008645,1013307
1008645,1014164
1008645,1014575
1008645,1015306
1008645,1017120
1008645,1017197
1008645,1017465
1008645,1017802
1008645,1018151
1008646,1008646
1008647,1008646
1008647,1008647
1008647,1009283
1008647,1010871
1008647,1011018
1008647,1011284
1008647,1012279
1008647,1013007
1008647,1013450
1008647,1014638
1008647,1016685
1008647,1017912
1008648,1008648
1008648,1009654
1008648,1012085
1008648,1016603
1008649,1008648
1008649,1008649
1008649,1009654
1008649,1012085
1008649,1015966
1008649,1016603
1008650,1008650
1008651,1008650
1008651,1008651
1008652,1008652
1008653,1008652
1008653,1008653
1008654,1008654
1008655,1008655
1008656,1008656
1008657,1008656
1008657,1008657
1008658,1008658
1008659,1008659
1008660,1008660
1008661,1008660
1008661,1008661
1008661,1012329
1008661,1015054
1008662,1008662
1008663,1008662
1008663,1008663
1008663,1013296
1008664,1008664
1008665,1008665
1008666,1008665
1008666,1008666
1008667,1008667
1008668,1008668
1008669,1008668
1008669,1008669
1008670,1008670
1008671,1008671
1008672,1008671
1008672,1008672
1008672,1008715
1008672,1009178
1008672,1009179
1008672,1009308
1008672,1009421
1008672,1009444
1008672,1009512
1008672,1009539
1008672,1009570
1008672,1009881
1008672,1009974
1008672,1010599
1008672,1010662
1008672,1010907
1008672,1011338
1008672,1012221
1008672,1012325
1008672,1012407
1008672,1012408
1008672,1013071
1008672,1013113
1008672,1013236
1008672,1013251
1008672,1013574
1008672,1013858
1008672,1013990
1008672,1014195
1008672,1014494
1008672,1014784
1008672,1014802
1008672,1015462
1008672,1015484
1008672,1015529
1008672,1015834
1008672,1015842
1008672,1015943
1008672,1016309
1008672,1016317
1008672,1016760
1008672,1016916
1008672,1016959
1008672,1017093
1008672,1017173
1008672,1017188
1008672,1017422
1008672,1017669
1008672,1017741
1008672,1018071
1008672,1018241
1008672,1018388
1008672,1018395
1008672,1018473
1008672,1018502
1008673,1008673
1008673,1009719
1008674,1008674
1008675,1008674
1008675,1008675
1008675,1009113
1008676,1008676
1008677,1008676
1008677,1008677
1008677,1018214
1008678,1008678
1008679,1008179
1008679,1008180
1008679,1008679
1008679,1008749
1008679,1011842
1008679,1011843
1008679,1012027
1008679,1012028
1008679,1012321
1008679,1012322
1008679,1013110
1008679,1013833
1008680,1008680
1008680,1009490
1008681,1008680
1008681,1008681
1008681,1009490
1008681,1014554
1008681,1014555
1008681,1014651
1008682,1008682
1008682,1013371
1008683,1008682
1008683,1008683
1008683,1013371
1008684,1008684
1008685,1008685
1008686,1008686
1008687,1008686
1008687,1008687
1008687,1009348
1008687,1009358
1008687,1009468
1008687,1009513
1008687,1009729
1008687,1013581
1008687,1013673
1008687,1014035
1008687,1017211
1008687,1018587
1008688,1008688
1008689,1008689
1008690,1008690
1008691,1008691
1008692,1008691
1008692,1008692
1008693,1008693
1008694,1008693
1008694,1008694
1008695,1008695
1008695,1017722
1008695,1018563
1008696,1008695
1008696,1008696
1008696,1009964
1008696,1015119
1008696,1015120
1008696,1017722
1008696,1018563
1008697,1008697
1008698,1008698
1008699,1008698
1008699,1008699
1008699,1009926
1008699,1012306
1008700,1008700
1008701,1008701
1008702,1008702
1008702,1011011
1008702,1017974
1008703,1008703
1008704,1008703
1008704,1008704
1008705,1008705
1008706,1008706
1008707,1008707
1008708,1008708
1008709,1008709
1008710,1008710
1008711,1008711
1008712,1008712
1008713,1008713
1008714,1008713
1008714,1008714
1008715,1008715
1008716,1008716
1008717,1008717
1008718,1008718
1008718,1013100
1008718,1015687
1008718,1016946
1008719,1008719
1008720,1008719
1008720,1008720
1008721,1008721
1008722,1008722
1008723,1008722
1008723,1008723
1008723,1009723
1008723,1014892
1008723,1016456
1008724,1008724
1008725,1008725
1008726,1008726
1008726,1014738
1008726,1014739
1008726,1016881
1008727,1008182
1008727,1008183
1008727,1008722
1008727,1008723
1008727,1008727
1008727,1009723
1008727,1010324
1008727,1010952
1008727,1014892
1008727,1015695
1008727,1016107
1008727,1016456
1008728,1008728
1008729,1008729
1008730,1008730
1008731,1008730
1008731,1008731
1008731,1010016
1008731,1014396
1008732,1008732
1008733,1008733
1008734,1008734
1008735,1008735
1008736,1008736
1008737,1008737
1008738,1008738
1008739,1008739
1008740,1008740
1008741,1008741
1008742,1008741
1008742,1008742
1008743,1008743
1008744,1008743
1008744,1008744
1008744,1017298
1008745,1008745
1008746,1008746
1008747,1008189
1008747,1008190
1008747,1008662
1008747,1008663
1008747,1008746
1008747,1008747
1008747,1008918
1008747,1008919
1008747,1009139
1008747,1009140
1008747,1009453
1008747,1009487
1008747,1009682
1008747,1009936
1008747,1009973
1008747,1010034
1008747,1010045
1008747,1010048
1008747,1010146
1008747,1010688
1008747,1010689
1008747,1010983
1008747,1011066
1008747,1011127
1008747,1011187
1008747,1011270
1008747,1011334
1008747,1011453
1008747,1011454
1008747,1011535
1008747,1011537
1008747,1011672
1008747,1011679
1008747,1011827
1008747,1011971
1008747,1011972
1008747,1011994
1008747,1012046
1008747,1012088
1008747,1012136
1008747,1012336
1008747,1012394
1008747,1012649
1008747,1012767
1008747,1012997
1008747,1013043
1008747,1013151
1008747,1013177
1008747,1013224
1008747,1013232
1008747,1013233
1008747,1013296
1008747,1013350
1008747,1013389
1008747,1013934
1008747,1013935
1008747,1014010
1008747,1014030
1008747,1014477
1008747,1014516
1008747,1014561
1008747,1014639
1008747,1014777
1008747,1014995
1008747,1015006
1008747,1015025
1008747,1015347
1008747,1015454
1008747,1015490
1008747,1015701
1008747,1016004
1008747,1016017
1008747,1016065
1008747,1016365
1008747,1016369
1008747,1016409
1008747,1016528
1008747,1016561
1008747,1017097
1008747,1017107
1008747,1017334
1008747,1017401
1008747,1017516
1008747,1017700
1008747,1017763
1008747,1017783
1008747,1017805
1008747,1017857
1008747,1018039
1008747,1018301
1008747,1018317
1008747,1018555
1008747,1018610
1008748,1008748
1008749,1008749
1008750,1008750
1008751,1008751
1008752,1008752
1008753,1008319
1008753,1008320
1008753,1008752
1008753,1008753
1008753,1016703
1008754,1008754
1008755,1008755
1008756,1008756
1008757,1008757
1008758,1008757
1008758,1008758
1008758,1009447
1008758,1017982
1008759,1008759
1008760,1008759
1008760,1008760
1008760,1010786
1008760,1011403
1008760,1011918
1008760,1013804
1008761,1008761
1008761,1008851
1008761,1017766
1008761,1018364
1008762,1008761
1008762,1008762
1008762,1008851
1008762,1014297
1008762,1017766
1008762,1018364
1008763,1008763
1008764,1008764
1008764,1013945
1008764,1018541
1008765,1008765
1008766,1008765
1008766,1008766
1008766,1010753
1008766,1012834
1008766,1013058
1008766,1014042
1008766,1014991
1008766,1016007
1008766,1018401
1008767,1008767
1008767,1016480
1008767,1016546
1008768,1008768
1008769,1008769
1008770,1008770
1008770,1009671
1008770,1011462
1008770,1017460
1008771,1008771
1008772,1008772
1008773,1008773
1008774,1008564
1008774,1008565
1008774,1008773
1008774,1008774
1008774,1009122
1008774,1011378
1008774,1011415
1008774,1011942
1008774,1015499
1008774,1015821
1008774,1017067
1008774,1017779
1008775,1008775
1008776,1008776
1008777,1008776
1008777,1008777
1008777,1009256
1008777,1009577
1008777,1009747
1008777,1011663
1008777,1011801
1008777,1014160
1008777,1014452
1008777,1015041
1008777,1015135
1008777,1015156
1008777,1015605
1008777,1015664
1008777,1016957
1008777,1017670
1008777,1018117
1008778,1008778
1008779,1008778
1008779,1008779
1008779,1009555
1008779,1010275
1008779,1010432
1008779,1010681
1008779,1010730
1008779,1010911
1008779,1012108
1008779,1012349
1008779,1012736
1008779,1012941
1008779,1013533
1008779,1013741
1008779,1013856
1008779,1014373
1008779,1014722
1008779,1014871
1008779,1015051
1008779,1015314
1008779,1015729
1008779,1016234
1008779,1016265
1008779,1017112
1008779,1017384
1008779,1017850
1008779,1018141
1008779,1018300
1008779,1018609
1008780,1008780
1008781,1008781
1008782,1008782
1008782,1013422
1008782,1014324
1008782,1017586
1008783,1008600
1008783,1008601
1008783,1008782
1008783,1008783
1008783,1008920
1008783,1008921
1008783,1008940
1008783,1009491
1008783,1009538
1008783,1009854
1008783,1009855
1008783,1010220
1008783,1010221
1008783,1011072
1008783,1011155
1008783,1011156
1008783,1011299
1008783,1011939
1008783,1012050
1008783,1012769
1008783,1013381
1008783,1013422
1008783,1013425
1008783,1014321
1008783,1014324
1008783,1016005
1008783,1017586
1008783,1017721
1008783,1017727
1008783,1018434
1008784,1008784
1008785,1008785
1008786,1008786
1008787,1008787
1008788,1008600
1008788,1008601
1008788,1008782
1008788,1008783
1008788,1008787
1008788,1008788
1008788,1008920
1008788,1008921
1008788,1008940
1008788,1009491
1008788,1009538
1008788,1009854
1008788,1009855
1008788,1010220
1008788,1010221
1008788,1011072
1008788,1011155
1008788,1011156
1008788,1011299
1008788,1011939
1008788,1012050
1008788,1012769
1008788,1013381
1008788,1013422
1008788,1013425
1008788,1013727
1008788,1014321
1008788,1014324
1008788,1016005
1008788,1016634
1008788,1017586
1008788,1017721
1008788,1017727
1008788,1018434
1008789,1008789
1008790,1008789
1008790,1008790
1008790,1016346
1008791,1008791
1008792,1008791
1008792,1008792
1008792,1015272
1008792,1017836
1008793,1008793
1008794,1008794
1008794,1017105
1008795,1008794
1008795,1008795
1008795,1017105
1008796,1008796
1008797,1008797
1008798,1008798
1008799,1008799
1008800,1008800
1008801,1008801
1008802,1008802
1008803,1008803
1008804,1008804
1008805,1008805
1008806,1008806
1008807,1008806
1008807,1008807
1008807,1017536
1008808,1008808
1008809,1008809
1008810,1008810
1008811,1008811
1008812,1008811
1008812,1008812
1008812,1009405
1008812,1011224
1008812,1011225
1008812,1011778
1008812,1011805
1008812,1012917
1008812,1014166
1008812,1014695
1008812,1015451
1008812,1017181
1008812,1017631
1008812,1018127
1008813,1008813
1008814,1008814
1008814,1010293
1008814,1011958
1008814,1012989
1008815,1008815
1008816,1008816
1008817,1008817
1008818,1008818
1008819,1008818
1008819,1008819
1008819,1014688
1008820,1008820
1008821,1006609
1008821,1006613
1008821,1006831
1008821,1006991
1008821,1007035
1008821,1007299
1008821,1007639
1008821,1007925
1008821,1008498
1008821,1008736
1008821,1008821
1008821,1009048
1008821,1009049
1008821,1009565
1008821,1009566
1008821,1009971
1008821,1010092
1008821,1010094
1008821,1010363
1008821,1011052
1008821,1011586
1008821,1011868
1008821,1012602
1008821,1012603
1008821,1012856
1008821,1013269
1008821,1013270
1008821,1013473
1008821,1014109
1008821,1014230
1008821,1014474
1008821,1014551
1008821,1014911
1008821,1015033
1008821,1015317
1008821,1015595
1008821,1015884
1008821,1015997
1008821,1016498
1008821,1016555
1008821,1016656
1008821,1016922
1008821,1017309
1008821,1017958
1008821,1017981
1008821,1018094
1008821,1018517
1008822,1008822
1008823,1008823
1008824,1008824
1008825,1008825
1008826,1008826
1008827,1008827
1008828,1008828
1008829,1008828
1008829,1008829
1008829,1012870
1008829,1013962
1008829,1014735
1008830,1008830
1008831,1008830
1008831,1008831
1008831,1011159
1008832,1008832
1008833,1008833
1008834,1008833
1008834,1008834
1008834,1017765
1008835,1008835
1008836,1008836
1008837,1008837
1008838,1008837
1008838,1008838
1008839,1008839
1008840,1008840
1008841,1008840
1008841,1008841
1008841,1009419
1008841,1009420
1008842,1008842
1008843,1008843
1008843,1010111
1008843,1012053
1008844,1008843
1008844,1008844
1008844,1008934
1008844,1010111
1008844,1012053
1008845,1008845
1008845,1009580
1008845,1013156
1008846,1008846
1008847,1008846
1008847,1008847
1008847,1010490
1008847,1012479
1008847,1012545
1008848,1008848
1008849,1008849
1008850,1008850
1008851,1008851
1008852,1008852
1008853,1008853
1008854,1008853
1008854,1008854
1008855,1008855
1008855,1010288
1008856,1008856
1008857,1008856
1008857,1008857
1008857,1009755
1008857,1011618
1008857,1012290
1008857,1012504
1008857,1013005
1008857,1013410
1008857,1014139
1008857,1014803
1008857,1017016
1008857,1018076
1008857,1018171
1008857,1018243
1008858,1008858
1008858,1013261
1008858,1013694
1008858,1017967
1008859,1008858
1008859,1008859
1008859,1008865
1008859,1008866
1008859,1010203
1008859,1010357
1008859,1011198
1008859,1011533
1008859,1013032
1008859,1013198
1008859,1013199
1008859,1013261
1008859,1013694
1008859,1013898
1008859,1014175
1008859,1014496
1008859,1014868
1008859,1015549
1008859,1017751
1008859,1017828
1008859,1017967
1008859,1018112
1008860,1008860
1008861,1008483
1008861,1008484
1008861,1008578
1008861,1008861
1008861,1010002
1008861,1011234
1008861,1011235
1008861,1011363
1008861,1012863
1008861,1013318
1008861,1013319
1008861,1017947
1008861,1018010
1008862,1008862
1008863,1008863
1008864,1008864
1008865,1008865
1008866,1008865
1008866,1008866
1008866,1011198
1008866,1015549
1008866,1018112
1008867,1008867
1008868,1008868
1008869,1008869
1008869,1015154
1008870,1008870
1008871,1008870
1008871,1008871
1008871,1011204
1008871,1011256
1008871,1011502
1008871,1012931
1008871,1012992
1008871,1013536
1008871,1015228
1008871,1015360
1008871,1016889
1008871,1017388
1008872,1008872
1008873,1008873
1008874,1008874
1008875,1008874
1008875,1008875
1008875,1009305
1008875,1009862
1008875,1009870
1008875,1010172
1008875,1010633
1008875,1010758
1008875,1011098
1008875,1011567
1008875,1011577
1008875,1012928
1008875,1013260
1008875,1013320
1008875,1014413
1008875,1014631
1008875,1014685
1008875,1015101
1008875,1015444
1008875,1016304
1008875,1016388
1008875,1017365
1008875,1017479
1008875,1018205
1008876,1008876
1008877,1008877
1008878,1008877
1008878,1008878
1008878,1009298
1008878,1009781
1008878,1009782
1008878,1010713
1008878,1010714
1008878,1011545
1008878,1012693
1008878,1013063
1008878,1013360
1008878,1014138
1008878,1015180
1008878,1016391
1008878,1017039
1008878,1017628
1008878,1018023
1008878,1018423
1008879,1008879
1008880,1008879
1008880,1008880
1008881,1008881
1008882,1008882
1008883,1008883
1008884,1008884
1008885,1008884
1008885,1008885
1008885,1011021
1008885,1014917
1008885,1016131
1008885,1016944
1008886,1008886
1008887,1008887
1008888,1008888
1008889,1008889
1008890,1008890
1008891,1008891
1008892,1008892
1008893,1008892
1008893,1008893
1008893,1011998
1008893,1012465
1008893,1012618
1008893,1013026
1008893,1018182
1008894,1008894
1008895,1008895
1008896,1008896
1008897,1008897
1008898,1008898
1008899,1008898
1008899,1008899
1008899,1012140
1008899,1012141
1008900,1008900
1008901,1008901
1008902,1008902
1008903,1008903
1008904,1008903
1008904,1008904
1008904,1010021
1008904,1012665
1008904,1012666
1008904,1017843
1008905,1008905
1008906,1008906
1008907,1008906
1008907,1008907
1008907,1009102
1008907,1009397
1008907,1010675
1008907,1011067
1008907,1011886
1008907,1014083
1008907,1014540
1008907,1015193
1008907,1015357
1008907,1015684
1008907,1015949
1008907,1017483
1008907,1017528
1008907,1017645
1008907,1018009
1008907,1018236
1008907,1018464
1008908,1008908
1008909,1008909
1008910,1008909
1008910,1008910
1008910,1010144
1008910,1014690
1008911,1008911
1008912,1008911
1008912,1008912
1008912,1009603
1008912,1015362
1008912,1016896
1008912,1018392
1008913,1008913
1008914,1008914
1008915,1008915
1008915,1011161
1008915,1015916
1008915,1016647
1008915,1017824
1008916,1008915
1008916,1008916
1008916,1010218
1008916,1011161
1008916,1015916
1008916,1016647
1008916,1017823
1008916,1017824
1008917,1008917
1008918,1008918
1008919,1008189
1008919,1008190
1008919,1008662
1008919,1008663
1008919,1008918
1008919,1008919
1008919,1009453
1008919,1009487
1008919,1010045
1008919,1010983
1008919,1011066
1008919,1011127
1008919,1011187
1008919,1011334
1008919,1011672
1008919,1011994
1008919,1012136
1008919,1012394
1008919,1012767
1008919,1013043
1008919,1013151
1008919,1013224
1008919,1013232
1008919,1013233
1008919,1013296
1008919,1014010
1008919,1014030
1008919,1014477
1008919,1014516
1008919,1014561
1008919,1014777
1008919,1015490
1008919,1016017
1008919,1016065
1008919,1016365
1008919,1016561
1008919,1017097
1008919,1017107
1008919,1017401
1008919,1017700
1008919,1017763
1008919,1017805
1008919,1018039
1008919,1018301
1008919,1018317
1008919,1018555
1008919,1018610
1008920,1008920
1008921,1008600
1008921,1008601
1008921,1008920
1008921,1008921
1008921,1008940
1008921,1009491
1008921,1009854
1008921,1009855
1008921,1010220
1008921,1010221
1008921,1011072
1008921,1011155
1008921,1011156
1008921,1011299
1008921,1011939
1008921,1012050
1008921,1012769
1008921,1013425
1008921,1016005
1008921,1017721
1008921,1018434
1008922,1008922
1008922,1012755
1008922,1018533
1008923,1008923
1008924,1008924
1008925,1008925
1008925,1010265
1008925,1010266
1008925,1018225
1008926,1008926
1008927,1008927
1008928,1008927
1008928,1008928
1008928,1012029
1008928,1016013
1008928,1016462
1008928,1016837
1008928,1017613
1008929,1008929
1008930,1008929
1008930,1008930
1008930,1009922
1008930,1009923
1008930,1011920
1008930,1011921
1008930,1012358
1008930,1012359
1008930,1015329
1008930,1015330
1008930,1015414
1008930,1017218
1008931,1008931
1008932,1008931
1008932,1008932
1008932,1014931
1008932,1016220
1008933,1008933
1008934,1008934
1008935,1008935
1008935,1014013
1008935,1016455
1008936,1008935
1008936,1008936
1008936,1009584
1008936,1012148
1008936,1014013
1008936,1016455
1008937,1008937
1008938,1008938
1008939,1008939
1008940,1008940
1008941,1008941
1008942,1008942
1008943,1008942
1008943,1008943
1008943,1015032
1008944,1008944
1008945,1008944
1008945,1008945
1008945,1009927
1008945,1010698
1008945,1015144
1008946,1008946
1008946,1010792
1008947,1008946
1008947,1008947
1008947,1010792
1008948,1008818
1008948,1008819
1008948,1008948
1008948,1009496
1008948,1010454
1008948,1012334
1008948,1014688
1008948,1015443
1008948,1015635
1008948,1016224
1008948,1016493
1008948,1016902
1008948,1016911
1008948,1018429
1008948,1018617
1008949,1008949
1008950,1008949
1008950,1008950
1008951,1008951
1008952,1008952
1008953,1008953
1008954,1008953
1008954,1008954
1008954,1008999
1008954,1009000
1008954,1010170
1008954,1011001
1008954,1011076
1008954,1011237
1008954,1011352
1008954,1011379
1008954,1011648
1008954,1011957
1008954,1011984
1008954,1012134
1008954,1012508
1008954,1012867
1008954,1012901
1008954,1012915
1008954,1012924
1008954,1013265
1008954,1013435
1008954,1014075
1008954,1014345
1008954,1014601
1008954,1014672
1008954,1014737
1008954,1015100
1008954,1015358
1008954,1015493
1008954,1015632
1008954,1015645
1008954,1015967
1008954,1016046
1008954,1016047
1008954,1016378
1008954,1016380
1008954,1016384
1008954,1016604
1008954,1017104
1008954,1017354
1008954,1017393
1008954,1017648
1008954,1017659
1008954,1017795
1008954,1018477
1008955,1008955
1008955,1012953
1008955,1014174
1008955,1014190
1008955,1016905
1008956,1008956
1008957,1008957
1008958,1008958
1008959,1008958
1008959,1008959
1008959,1010668
1008959,1017137
1008960,1008960
1008960,1011892
1008961,1008961
1008962,1008870
1008962,1008871
1008962,1008961
1008962,1008962
1008962,1010131
1008962,1011204
1008962,1011256
1008962,1011502
1008962,1012157
1008962,1012523
1008962,1012931
1008962,1012992
1008962,1013066
1008962,1013536
1008962,1015228
1008962,1015360
1008962,1015596
1008962,1016889
1008962,1017388
1008962,1018066
1008963,1008963
1008963,1010948
1008964,1008964
1008965,1008965
1008966,1008966
1008966,1009105
1008966,1009406
1008966,1009407
1008966,1010443
1008966,1010503
1008966,1011290
1008966,1011800
1008966,1012548
1008966,1014094
1008966,1014277
1008966,1015579
1008966,1015611
1008966,1015837
1008966,1016333
1008966,1016968
1008966,1017395
1008966,1017884
1008966,1018024
1008966,1018091
1008966,1018516
1008966,1018553
1008967,1008966
1008967,1008967
1008967,1009105
1008967,1009406
1008967,1009407
1008967,1010443
1008967,1010503
1008967,1011137
1008967,1011290
1008967,1011800
1008967,1011889
1008967,1012548
1008967,1012829
1008967,1014094
1008967,1014277
1008967,1015345
1008967,1015579
1008967,1015611
1008967,1015837
1008967,1016156
1008967,1016333
1008967,1016968
1008967,1017187
1008967,1017395
1008967,1017884
1008967,1017903
1008967,1017927
1008967,1018024
1008967,1018091
1008967,1018516
1008967,1018553
1008968,1008968
1008969,1008969
1008970,1008970
1008971,1008971
1008972,1008971
1008972,1008972
1008973,1008973
1008974,1008974
1008975,1008975
1008976,1008976
1008977,1008976
1008977,1008977
1008977,1016311
1008977,1016379
1008977,1016858
1008978,1008978
1008979,1008979
1008979,1009462
1008979,1012215
1008979,1013546
1008979,1017285
1008980,1008979
1008980,1008980
1008980,1009462
1008980,1012215
1008980,1013546
1008980,1017285
1008981,1008981
1008982,1008982
1008983,1008983
1008984,1008984
1008985,1008985
1008986,1008986
1008987,1008987
1008988,1008988
1008989,1008988
1008989,1008989
1008989,1011875
1008989,1015184
1008990,1008990
1008991,1008991
1008992,1008992
1008993,1008993
1008994,1008994
1008995,1008995
1008996,1008996
1008997,1008637
1008997,1008638
1008997,1008997
1008997,1010973
1008997,1010974
1008997,1011133
1008997,1011134
1008997,1011350
1008997,1011847
1008997,1011965
1008997,1013871
1008997,1013872
1008997,1013977
1008997,1014082
1008997,1014742
1008997,1015012
1008997,1015471
1008997,1016070
1008997,1016547
1008997,1017710
1008998,1008998
1008999,1008999
1009000,1008999
1009000,1009000
1009000,1012508
1009000,1012901
1009000,1012924
1009000,1013435
1009000,1016047
1009000,1016380
1009000,1018477
1009001,1009001
1009002,1009001
1009002,1009002
1009002,1013836
1009002,1015227
1009003,1009003
1009004,1009004
1009005,1009005
1009006,1009005
1009006,1009006
1009006,1010620
1009006,1011763
1009006,1013624
1009006,1013625
1009006,1014134
1009006,1015685
1009006,1016564
1009006,1016986
1009006,1017166
1009006,1017205
1009006,1018564
1009007,1009007
1009008,1009008
1009009,1009009
1009010,1009010
1009010,1010168
1009011,1009011
1009012,1009011
1009012,1009012
1009012,1009536
1009012,1009635
1009012,1009636
1009012,1009743
1009012,1009775
1009012,1009801
1009012,1009929
1009012,1009930
1009012,1010522
1009012,1010676
1009012,1010677
1009012,1010684
1009012,1010869
1009012,1010873
1009012,1011054
1009012,1011138
1009012,1011370
1009012,1011456
1009012,1011486
1009012,1011487
1009012,1011560
1009012,1012655
1009012,1012791
1009012,1012792
1009012,1013751
1009012,1013837
1009012,1013849
1009012,1013982
1009012,1014106
1009012,1014123
1009012,1014142
1009012,1014429
1009012,1014681
1009012,1014703
1009012,1014720
1009012,1014747
1009012,1014763
1009012,1014767
1009012,1014994
1009012,1015040
1009012,1015197
1009012,1015361
1009012,1015430
1009012,1015431
1009012,1015575
1009012,1015790
1009012,1016022
1009012,1016103
1009012,1016183
1009012,1016184
1009012,1016302
1009012,1016606
1009012,1016732
1009012,1016829
1009012,1017623
1009012,1017682
1009012,1017819
1009012,1018126
1009012,1018427
1009012,1018446
1009013,1009013
1009014,1009014
1009015,1009014
1009015,1009015
1009015,1013940
1009016,1009016
1009017,1009016
1009017,1009017
1009017,1010022
1009017,1013398
1009017,1014951
1009018,1009018
1009019,1009019
1009020,1009020
1009021,1009021
1009021,1010401
1009022,1009021
1009022,1009022
1009022,1010401
1009022,1017804
1009023,1009023
1009024,1009024
1009025,1008270
1009025,1008271
1009025,1008574
1009025,1009024
1009025,1009025
1009025,1010121
1009025,1010181
1009025,1010182
1009025,1012161
1009025,1015603
1009025,1015730
1009025,1016008
1009025,1016450
1009025,1016694
1009025,1016729
1009025,1017632
1009025,1018202
1009025,1018501
1009025,1018546
1009026,1009026
1009027,1009026
1009027,1009027
1009028,1009028
1009029,1009029
1009030,1009030
1009031,1009031
1009031,1010647
1009031,1010934
1009032,1009032
1009033,1009032
1009033,1009033
1009033,1010805
1009033,1016080
1009034,1009034
1009035,1009035
1009036,1009036
1009037,1009037
1009038,1009038
1009039,1009039
1009040,1009040
1009041,1009040
1009041,1009041
1009041,1009445
1009041,1009611
1009041,1010319
1009041,1010486
1009041,1013409
1009042,1009042
1009043,1009043
1009044,1009043
1009044,1009044
1009044,1012328
1009045,1009045
1009046,1009045
1009046,1009046
1009047,1009047
1009048,1009048
1009049,1009048
1009049,1009049
1009050,1009050
1009050,1015482
1009051,1009050
1009051,1009051
1009051,1015482
1009052,1008610
1009052,1008611
1009052,1009052
1009052,1010844
1009052,1010845
1009052,1012564
1009052,1012565
1009052,1014065
1009052,1014066
1009052,1014300
1009053,1009053
1009054,1009054
1009055,1009055
1009056,1009056
1009057,1009057
1009058,1009058
1009059,1009059
1009060,1009060
1009061,1009061
1009062,1009061
1009062,1009062
1009063,1009063
1009064,1009063
1009064,1009064
1009064,1014029
1009064,1016898
1009064,1017035
1009064,1017272
1009064,1017505
1009065,1009065
1009066,1009066
1009067,1009067
1009068,1009068
1009069,1009069
1009070,1009069
1009070,1009070
1009070,1009615
1009070,1009676
1009070,1009874
1009070,1010075
1009070,1010349
1009070,1011448
1009070,1011625
1009070,1012512
1009070,1012979
1009070,1014256
1009070,1015004
1009070,1015220
1009070,1015803
1009070,1016011
1009070,1016435
1009070,1016552
1009070,1017206
1009070,1017551
1009070,1018298
1009071,1009071
1009071,1013906
1009072,1009072
1009072,1012632
1009073,1009073
1009074,1009074
1009075,1009075
1009075,1010009
1009075,1013123
1009075,1013124
1009075,1013993
1009075,1016149
1009076,1009076
1009077,1009077
1009078,1009078
1009079,1009078
1009079,1009079
1009079,1010548
1009079,1015448
1009079,1017661
1009080,1009080
1009081,1009081
1009082,1009082
1009082,1009129
1009082,1017167
1009083,1009083
1009084,1009084
1009085,1009084
1009085,1009085
1009085,1014956
1009085,1017178
1009086,1009086
1009087,1009087
1009088,1009088
1009089,1009088
1009089,1009089
1009089,1015266
1009089,1016802
1009090,1009090
1009091,1009091
1009091,1009646
1009092,1009091
1009092,1009092
1009092,1009646
1009092,1013436
1009093,1009093
1009094,1006476
1009094,1009093
1009094,1009094
1009094,1009255
1009094,1012237
1009094,1014655
1009094,1018044
1009094,1018334
1009094,1018519
1009095,1009095
1009096,1009095
1009096,1009096
1009096,1011191
1009097,1009097
1009097,1010848
1009097,1013401
1009097,1018016
1009098,1009098
1009098,1015534
1009098,1015535
1009098,1017979
1009099,1009099
1009100,1009099
1009100,1009100
1009100,1011983
1009100,1014154
1009100,1014859
1009100,1016095
1009100,1017029
1009101,1009101
1009102,1009102
1009103,1009103
1009104,1009104
1009105,1009105
1009106,1009106
1009107,1009107
1009107,1013917
1009108,1009108
1009109,1009109
1009110,1009110
1009111,1009110
1009111,1009111
1009111,1009643
1009111,1012946
1009111,1016937
1009112,1009112
1009112,1015084
1009113,1009113
1009114,1009114
1009115,1009114
1009115,1009115
1009115,1012594
1009115,1013755
1009115,1015255
1009115,1017089
1009116,1009116
1009117,1009117
1009118,1009118
1009119,1009119
1009120,1008137
1009120,1008138
1009120,1009120
1009120,1013082
1009120,1013083
1009120,1017044
1009120,1017786
1009120,1018114
1009121,1009121
1009122,1009122
1009123,1009123
1009124,1009124
1009125,1009125
1009126,1009125
1009126,1009126
1009127,1009127
1009128,1009128
1009129,1009129
1009130,1009130
1009130,1011614
1009130,1011615
1009131,1009131
1009132,1009132
1009133,1009133
1009134,1009133
1009134,1009134
1009134,1009351
1009134,1009886
1009134,1010330
1009134,1010465
1009134,1010746
1009134,1011717
1009134,1012353
1009134,1012435
1009134,1013133
1009134,1013697
1009134,1014044
1009134,1014063
1009134,1014086
1009134,1014198
1009134,1014954
1009134,1015352
1009134,1015566
1009134,1015788
1009134,1015805
1009134,1016364
1009134,1017344
1009134,1017430
1009134,1018288
1009134,1018554
1009135,1009135
1009136,1009136
1009137,1009137
1009138,1009138
1009139,1009139
1009140,1008189
1009140,1008190
1009140,1008662
1009140,1008663
1009140,1008918
1009140,1008919
1009140,1009139
1009140,1009140
1009140,1009453
1009140,1009487
1009140,1009682
1009140,1010045
1009140,1010048
1009140,1010688
1009140,1010689
1009140,1010983
1009140,1011066
1009140,1011127
1009140,1011187
1009140,1011270
1009140,1011334
1009140,1011453
1009140,1011454
1009140,1011535
1009140,1011672
1009140,1011827
1009140,1011994
1009140,1012046
1009140,1012088
1009140,1012136
1009140,1012394
1009140,1012649
1009140,1012767
1009140,1012997
1009140,1013043
1009140,1013151
1009140,1013177
1009140,1013224
1009140,1013232
1009140,1013233
1009140,1013296
1009140,1013350
1009140,1013389
1009140,1014010
1009140,1014030
1009140,1014477
1009140,1014516
1009140,1014561
1009140,1014639
1009140,1014777
1009140,1014995
1009140,1015006
1009140,1015490
1009140,1016004
1009140,1016017
1009140,1016065
1009140,1016365
1009140,1016409
1009140,1016561
1009140,1017097
1009140,1017107
1009140,1017334
1009140,1017401
1009140,1017516
1009140,1017700
1009140,1017763
1009140,1017805
1009140,1017857
1009140,1018039
1009140,1018301
1009140,1018317
1009140,1018555
1009140,1018610
1009141,1009141
1009142,1009142
1009143,1009143
1009144,1009143
1009144,1009144
1009144,1011542
1009145,1009145
1009146,1009146
1009147,1009147
1009148,1009148
1009149,1009148
1009149,1009149
1009149,1011320
1009149,1012687
1009149,1012696
1009149,1015849
1009149,1016608
1009149,1017085
1009150,1009150
1009151,1009150
1009151,1009151
1009151,1009456
1009152,1009152
1009153,1009152
1009153,1009153
1009153,1016687
1009153,1018264
1009153,1018277
1009154,1009154
1009155,1009154
1009155,1009155
1009155,1009769
1009155,1009770
1009155,1009827
1009155,1013561
1009155,1014303
1009155,1014578
1009155,1014600
1009155,1015760
1009155,1016794
1009155,1017007
1009155,1017071
1009155,1018493
1009156,1009156
1009157,1009157
1009158,1009157
1009158,1009158
1009158,1016932
1009159,1009159
1009160,1007065
1009160,1009143
1009160,1009144
1009160,1009159
1009160,1009160
1009160,1009361
1009160,1009534
1009160,1009694
1009160,1010242
1009160,1010308
1009160,1010348
1009160,1010571
1009160,1010606
1009160,1010888
1009160,1011542
1009160,1011941
1009160,1012223
1009160,1012224
1009160,1012343
1009160,1012371
1009160,1012372
1009160,1012526
1009160,1013286
1009160,1013331
1009160,1013445
1009160,1013549
1009160,1013823
1009160,1013931
1009160,1014416
1009160,1014417
1009160,1015081
1009160,1016018
1009160,1016035
1009160,1016340
1009160,1016965
1009160,1017243
1009160,1017374
1009160,1017459
1009160,1017989
1009160,1018149
1009160,1018293
1009160,1018343
1009160,1018347
1009161,1009161
1009162,1009162
1009163,1009163
1009163,1010829
1009163,1011040
1009163,1014517
1009163,1015124
1009163,1015636
1009163,1015705
1009163,1016114
1009163,1016925
1009164,1009163
1009164,1009164
1009164,1010829
1009164,1011040
1009164,1013337
1009164,1014517
1009164,1015124
1009164,1015636
1009164,1015705
1009164,1016114
1009164,1016925
1009165,1009165
1009166,1009166
1009167,1009167
1009168,1009168
1009169,1009168
1009169,1009169
1009169,1018490
1009170,1009170
1009171,1009171
1009172,1009172
1009173,1009173
1009174,1009174
1009175,1009175
1009176,1009176
1009177,1009177
1009178,1009178
1009179,1009178
1009179,1009179
1009179,1009512
1009179,1012407
1009179,1012408
1009179,1013071
1009179,1015834
1009179,1016317
1009179,1016760
1009179,1017741
1009179,1018388
1009179,1018395
1009180,1009180
1009180,1012962
1009180,1015089
1009181,1009181
1009182,1009182
1009183,1009183
1009184,1009184
1009185,1009185
1009186,1009186
1009187,1009187
1009188,1009187
1009188,1009188
1009188,1015918
1009189,1009189
1009190,1009190
1009191,1009191
1009192,1009192
1009193,1009193
1009194,1009193
1009194,1009194
1009194,1012893
1009194,1016241
1009194,1017883
1009195,1009195
1009196,1008537
1009196,1008538
1009196,1009196
1009196,1011147
1009196,1011148
1009196,1011371
1009196,1012847
1009196,1013551
1009196,1014891
1009196,1015210
1009196,1015212
1009196,1017367
1009197,1009197
1009198,1009198
1009199,1009198
1009199,1009199
1009199,1009932
1009199,1010405
1009199,1013414
1009199,1014020
1009199,1015556
1009199,1015734
1009200,1009200
1009201,1009201
1009201,1009998
1009201,1010201
1009201,1011092
1009201,1015149
1009201,1015773
1009201,1016260
1009202,1009114
1009202,1009115
1009202,1009201
1009202,1009202
1009202,1009998
1009202,1010109
1009202,1010201
1009202,1010874
1009202,1011092
1009202,1012594
1009202,1012721
1009202,1013755
1009202,1015149
1009202,1015255
1009202,1015773
1009202,1016260
1009202,1017018
1009202,1017089
1009202,1017404
1009203,1009203
1009204,1009203
1009204,1009204
1009204,1011492
1009204,1017986
1009205,1009205
1009206,1009206
1009207,1009207
1009207,1012637
1009208,1009208
1009208,1010459
1009208,1010460
1009208,1014484
1009208,1014485
1009208,1016955
1009209,1009208
1009209,1009209
1009209,1009742
1009209,1010459
1009209,1010460
1009209,1011282
1009209,1011283
1009209,1014484
1009209,1014485
1009209,1016386
1009209,1016955
1009209,1017116
1009209,1018544
1009210,1009210
1009211,1009211
1009212,1009212
1009213,1009213
1009214,1009214
1009215,1009215
1009216,1009216
1009217,1009217
1009218,1009218
1009219,1009218
1009219,1009219
1009219,1014726
1009219,1015458
1009219,1016857
1009219,1018545
1009220,1009220
1009221,1009221
1009222,1009222
1009223,1009223
1009224,1009224
1009225,1009225
1009226,1009226
1009227,1009227
1009228,1009228
1009229,1009229
1009230,1009230
1009230,1011112
1009230,1013368
1009230,1015651
1009231,1007613
1009231,1007659
1009231,1008676
1009231,1008677
1009231,1009210
1009231,1009230
1009231,1009231
1009231,1009663
1009231,1011112
1009231,1011393
1009231,1011854
1009231,1012621
1009231,1012622
1009231,1012646
1009231,1012835
1009231,1013368
1009231,1013498
1009231,1013737
1009231,1014281
1009231,1014348
1009231,1014394
1009231,1014463
1009231,1014538
1009231,1014733
1009231,1014774
1009231,1015282
1009231,1015651
1009231,1016076
1009231,1016744
1009231,1017232
1009231,1017241
1009231,1017415
1009231,1017683
1009231,1018098
1009231,1018214
1009231,1018257
1009232,1009232
1009233,1009233
1009234,1009234
1009235,1009235
1009236,1009236
1009237,1009237
1009238,1009237
1009238,1009238
1009238,1013575
1009238,1018382
1009239,1009239
1009240,1009239
1009240,1009240
1009240,1018325
1009241,1009241
1009241,1014905
1009241,1015762
1009242,1009242
1009243,1009243
1009244,1009244
1009245,1009244
1009245,1009245
1009245,1012735
1009245,1013055
1009246,1009246
1009247,1009247
1009248,1009248
1009249,1009249
1009250,1009250
1009251,1009251
1009251,1017152
1009252,1009251
1009252,1009252
1009252,1009817
1009252,1017152
1009253,1009253
1009254,1009253
1009254,1009254
1009255,1009255
1009255,1012237
1009255,1014655
1009255,1018044
1009255,1018334
1009256,1009256
1009257,1009257
1009258,1009257
1009258,1009258
1009258,1016423
1009259,1009259
1009260,1009259
1009260,1009260
1009260,1010355
1009260,1012572
1009260,1016208
1009260,1017159
1009260,1017407
1009261,1009261
1009262,1009262
1009263,1009263
1009264,1009263
1009264,1009264
1009264,1009360
1009264,1009366
1009264,1009568
1009264,1010044
1009264,1010875
1009264,1011071
1009264,1011278
1009264,1011696
1009264,1013145
1009264,1013215
1009264,1013230
1009264,1013248
1009264,1014005
1009264,1014216
1009264,1014222
1009264,1014395
1009264,1014401
1009264,1014464
1009264,1014481
1009264,1015293
1009264,1015940
1009264,1016236
1009264,1016682
1009264,1016693
1009264,1016772
1009264,1016787
1009264,1016880
1009264,1017015
1009264,1017278
1009264,1017290
1009264,1017595
1009264,1017708
1009264,1018062
1009264,1018081
1009264,1018525
1009265,1008682
1009265,1008683
1009265,1009265
1009265,1013008
1009265,1013371
1009266,1009266
1009267,1009267
1009268,1009267
1009268,1009268
1009268,1009385
1009268,1009386
1009268,1012766
1009268,1013446
1009268,1015631
1009268,1016775
1009268,1017696
1009269,1009269
1009270,1009269
1009270,1009270
1009270,1009642
1009270,1012300
1009270,1017565
1009271,1009271
1009271,1018527
1009272,1009272
1009273,1009272
1009273,1009273
1009274,1009274
1009275,1009275
1009276,1009276
1009277,1009276
1009277,1009277
1009277,1009677
1009277,1010851
1009277,1012623
1009277,1014265
1009277,1016929
1009277,1017176
1009277,1018048
1009278,1009278
1009279,1009278
1009279,1009279
1009279,1014677
1009280,1009280
1009281,1009280
1009281,1009281
1009281,1010736
1009281,1012040
1009281,1016613
1009281,1016614
1009282,1009282
1009283,1009283
1009284,1009284
1009284,1012973
1009285,1009285
1009286,1009286
1009287,1009286
1009287,1009287
1009287,1014384
1009288,1009288
1009289,1009288
1009289,1009289
1009290,1009290
1009291,1009291
1009292,1009292
1009293,1009293
1009294,1009294
1009295,1009295
1009296,1009296
1009297,1009297
1009298,1009298
1009299,1009299
1009300,1009299
1009300,1009300
1009301,1009301
1009302,1009302
1009303,1009303
1009304,1009304
1009304,1012169
1009305,1009305
1009306,1009306
1009307,1009306
1009307,1009307
1009307,1012478
1009307,1014501
1009308,1009308
1009309,1009309
1009310,1009309
1009310,1009310
1009310,1010719
1009310,1012055
1009311,1009311
1009312,1009312
1009313,1009312
1009313,1009313
1009313,1014411
1009313,1014590
1009313,1014625
1009313,1015194
1009313,1016016
1009313,1016199
1009313,1017410
1009313,1018168
1009314,1009314
1009315,1009315
1009316,1009316
1009316,1013888
1009316,1014543
1009316,1016962
1009317,1009317
1009318,1009318
1009319,1009319
1009320,1009320
1009321,1009321
1009322,1009322
1009323,1009323
1009324,1009324
1009325,1009325
1009326,1009326
1009327,1009327
1009328,1009328
1009329,1009329
1009330,1009330
1009331,1009330
1009331,1009331
1009331,1015692
1009332,1009332
1009333,1009333
1009334,1009334
1009335,1009334
1009335,1009335
1009335,1014684
1009335,1017972
1009336,1009336
1009337,1008345
1009337,1008346
1009337,1009337
1009337,1009918
1009338,1009338
1009339,1009338
1009339,1009339
1009339,1014103
1009339,1014104
1009339,1014262
1009339,1014406
1009340,1009014
1009340,1009015
1009340,1009340
1009340,1013940
1009341,1009341
1009342,1009341
1009342,1009342
1009342,1009552
1009342,1010320
1009342,1011536
1009342,1012869
1009342,1015682
1009342,1017318
1009342,1018142
1009342,1018267
1009343,1009343
1009344,1009343
1009344,1009344
1009345,1009345
1009346,1009345
1009346,1009346
1009346,1009967
1009346,1010106
1009346,1010341
1009346,1013299
1009346,1014251
1009346,1014524
1009346,1016867
1009346,1017791
1009347,1009347
1009347,1010082
1009347,1015630
1009348,1009348
1009349,1009349
1009350,1009350
1009351,1009351
1009352,1009352
1009353,1009352
1009353,1009353
1009354,1009354
1009355,1009355
1009356,1009355
1009356,1009356
1009356,1011922
1009356,1014582
1009356,1015964
1009357,1009357
1009358,1009358
1009359,1009359
1009359,1011640
1009359,1014167
1009360,1009360
1009361,1009143
1009361,1009144
1009361,1009361
1009361,1010308
1009361,1010571
1009361,1010888
1009361,1011542
1009361,1012343
1009361,1012526
1009361,1013445
1009361,1015081
1009361,1016035
1009361,1016340
1009361,1016965
1009361,1017459
1009361,1018343
1009362,1007175
1009362,1009362
1009363,1009363
1009364,1009364
1009365,1009364
1009365,1009365
1009366,1009366
1009367,1009367
1009367,1016098
1009367,1016316
1009368,1009368
1009369,1009369
1009370,1009369
1009370,1009370
1009370,1009838
1009370,1012374
1009370,1012758
1009371,1009371
1009372,1008319
1009372,1008320
1009372,1008493
1009372,1008494
1009372,1008556
1009372,1008557
1009372,1008752
1009372,1008753
1009372,1009372
1009372,1009558
1009372,1009852
1009372,1009853
1009372,1011288
1009372,1011289
1009372,1011810
1009372,1012615
1009372,1012616
1009372,1013194
1009372,1014004
1009372,1014039
1009372,1014125
1009372,1014239
1009372,1014704
1009372,1014860
1009372,1014999
1009372,1015043
1009372,1015176
1009372,1015617
1009372,1015867
1009372,1016060
1009372,1016296
1009372,1016297
1009372,1016371
1009372,1016548
1009372,1016697
1009372,1016703
1009372,1017461
1009373,1009373
1009374,1009374
1009375,1009375
1009376,1009376
1009377,1009377
1009378,1009378
1009379,1009379
1009380,1009380
1009381,1009380
1009381,1009381
1009382,1009382
1009383,1009383
1009384,1009383
1009384,1009384
1009385,1009385
1009386,1009385
1009386,1009386
1009386,1013446
1009386,1016775
1009387,1009387
1009388,1009388
1009389,1009389
1009390,1009390
1009390,1012332
1009390,1013696
1009391,1009391
1009392,1009392
1009393,1009393
1009394,1008761
1009394,1008762
1009394,1008851
1009394,1009393
1009394,1009394
1009394,1011425
1009394,1012258
1009394,1013913
1009394,1014297
1009394,1015898
1009394,1016394
1009394,1017766
1009394,1017922
1009394,1018314
1009394,1018364
1009395,1009395
1009396,1009396
1009397,1009397
1009397,1011886
1009397,1017528
1009398,1009398
1009399,1009399
1009400,1009400
1009401,1009401
1009402,1009402
1009402,1014878
1009402,1015475
1009403,1009403
1009404,1009404
1009405,1009405
1009406,1009406
1009407,1009406
1009407,1009407
1009407,1014094
1009408,1009408
1009409,1009409
1009410,1009410
1009411,1009411
1009412,1009411
1009412,1009412
1009412,1009946
1009412,1009991
1009412,1009992
1009412,1015974
1009412,1016973
1009412,1017414
1009413,1009413
1009414,1009414
1009415,1009415
1009416,1009415
1009416,1009416
1009417,1009417
1009418,1009418
1009419,1009419
1009420,1009419
1009420,1009420
1009421,1009421
1009422,1009422
1009423,1009422
1009423,1009423
1009423,1009696
1009423,1010738
1009423,1011465
1009423,1012188
1009423,1012489
1009423,1013295
1009423,1014565
1009423,1014890
1009423,1015621
1009423,1015676
1009423,1015891
1009423,1016072
1009423,1016248
1009423,1017463
1009423,1018360
1009424,1009424
1009425,1009424
1009425,1009425
1009426,1009426
1009427,1009426
1009427,1009427
1009428,1009428
1009428,1013392
1009428,1016644
1009429,1009429
1009430,1009429
1009430,1009430
1009430,1009715
1009430,1009716
1009430,1014317
1009430,1016404
1009430,1017406
1009430,1017894
1009430,1018052
1009430,1018221
1009431,1009431
1009432,1009432
1009433,1009433
1009434,1009434
1009435,1009435
1009436,1009436
1009436,1015182
1009436,1015183
1009437,1009437
1009438,1009437
1009438,1009438
1009439,1009439
1009439,1017122
1009439,1017747
1009440,1009440
1009441,1009441
1009442,1009441
1009442,1009442
1009442,1014526
1009442,1018240
1009443,1009443
1009444,1009444
1009445,1009445
1009446,1009446
1009447,1009447
1009448,1009448
1009449,1009449
1009450,1009450
1009451,1009451
1009452,1009452
1009452,1014403
1009452,1017364
1009453,1009453
1009454,1009454
1009455,1009455
1009456,1009456
1009457,1009457
1009458,1009457
1009458,1009458
1009458,1010618
1009459,1009459
1009460,1009460
1009461,1009461
1009462,1009462
1009463,1009463
1009464,1009464
1009465,1009465
1009465,1015248
1009466,1009466
1009467,1009467
1009468,1009468
1009469,1009469
1009469,1014870
1009469,1015370
1009470,1009470
1009471,1009471
1009472,1009472
1009473,1009473
1009474,1008466
1009474,1008467
1009474,1009474
1009474,1010695
1009474,1011124
1009474,1011125
1009474,1014771
1009474,1015668
1009474,1017471
1009474,1018622
1009475,1009475
1009475,1012880
1009475,1014867
1009475,1018600
1009476,1009476
1009477,1009476
1009477,1009477
1009478,1009478
1009479,1009479
1009480,1009480
1009481,1009481
1009482,1009114
1009482,1009115
1009482,1009201
1009482,1009202
1009482,1009482
1009482,1009998
1009482,1010109
1009482,1010201
1009482,1010874
1009482,1011092
1009482,1012547
1009482,1012594
1009482,1012721
1009482,1013755
1009482,1014141
1009482,1015149
1009482,1015255
1009482,1015653
1009482,1015773
1009482,1016260
1009482,1017018
1009482,1017089
1009482,1017404
1009483,1009483
1009484,1009483
1009484,1009484
1009484,1011564
1009484,1016063
1009484,1016950
1009485,1009485
1009486,1009486
1009487,1008189
1009487,1008190
1009487,1009487
1009487,1011187
1009487,1013232
1009487,1013233
1009487,1014010
1009487,1014477
1009487,1014777
1009487,1018555
1009488,1009488
1009488,1011504
1009489,1009488
1009489,1009489
1009489,1011504
1009490,1009490
1009491,1009491
1009492,1009492
1009493,1009493
1009494,1009494
1009495,1009495
1009496,1009496
1009497,1009497
1009498,1009498
1009499,1009499
1009500,1009500
1009501,1009501
1009502,1009502
1009503,1009503
1009504,1009504
1009505,1009504
1009505,1009505
1009505,1010031
1009505,1010032
1009505,1010129
1009505,1010854
1009505,1011864
1009505,1012387
1009505,1012491
1009505,1012805
1009505,1015276
1009505,1015401
1009505,1015646
1009505,1016152
1009505,1016344
1009505,1017485
1009505,1017879
1009505,1018389
1009506,1009506
1009507,1009507
1009507,1013250
1009508,1009507
1009508,1009508
1009508,1010402
1009508,1010735
1009508,1010768
1009508,1010905
1009508,1011686
1009508,1012875
1009508,1013250
1009508,1014671
1009508,1016086
1009509,1009509
1009510,1009509
1009510,1009510
1009510,1011508
1009510,1011509
1009510,1011590
1009510,1014459
1009511,1009511
1009512,1009512
1009513,1009513
1009514,1009514
1009515,1009515
1009516,1009516
1009517,1009517
1009518,1009518
1009519,1009518
1009519,1009519
1009519,1011264
1009519,1011265
1009519,1015369
1009519,1018372
1009520,1009520
1009521,1009520
1009521,1009521
1009522,1009522
1009523,1009522
1009523,1009523
1009523,1013526
1009523,1017495
1009524,1009524
1009525,1009525
1009526,1009526
1009527,1009527
1009528,1009528
1009529,1009529
1009530,1009530
1009530,1013986
1009530,1016496
1009530,1018012
1009531,1009531
1009532,1009532
1009533,1009533
1009534,1009534
1009535,1009535
1009536,1009536
1009537,1009537
1009538,1009538
1009539,1009539
1009540,1009540
1009541,1009541
1009542,1009542
1009543,1009542
1009543,1009543
1009543,1010423
1009544,1009544
1009545,1009545
1009546,1009546
1009547,1009546
1009547,1009547
1009548,1009548
1009548,1010803
1009548,1011526
1009548,1015532
1009549,1006404
1009549,1006809
1009549,1009549
1009550,1009550
1009551,1009550
1009551,1009551
1009552,1009552
1009553,1009553
1009554,1009553
1009554,1009554
1009554,1010794
1009554,1010795
1009554,1010928
1009554,1012142
1009554,1013472
1009554,1013748
1009554,1014187
1009554,1015238
1009554,1015514
1009554,1017723
1009555,1009555
1009556,1009556
1009557,1009557
1009558,1008556
1009558,1008557
1009558,1009558
1009558,1016060
1009558,1016697
1009559,1009559
1009560,1008255
1009560,1008256
1009560,1009334
1009560,1009335
1009560,1009560
1009560,1009951
1009560,1009952
1009560,1010469
1009560,1010470
1009560,1010514
1009560,1011126
1009560,1011742
1009560,1011749
1009560,1012302
1009560,1012310
1009560,1014593
1009560,1014652
1009560,1014684
1009560,1016472
1009560,1017653
1009560,1017944
1009560,1017972
1009560,1018148
1009560,1018219
1009560,1018405
1009561,1009561
1009562,1009561
1009562,1009562
1009562,1009911
1009562,1010496
1009562,1012428
1009562,1015253
1009563,1009563
1009564,1009564
1009565,1009565
1009565,1009971
1009565,1010094
1009565,1011868
1009566,1009565
1009566,1009566
1009566,1009971
1009566,1010094
1009566,1011868
1009566,1017981
1009567,1009567
1009568,1009568
1009569,1009569
1009569,1016718
1009569,1018319
1009570,1009570
1009571,1009571
1009572,1009572
1009573,1009572
1009573,1009573
1009573,1016758
1009573,1018158
1009574,1009574
1009575,1009575
1009576,1009576
1009577,1009577
1009578,1009578
1009579,1009579
1009580,1009580
1009581,1009581
1009581,1012059
1009581,1012060
1009581,1012225
1009581,1012226
1009581,1014444
1009581,1018248
1009582,1008417
1009582,1008418
1009582,1009581
1009582,1009582
1009582,1009894
1009582,1009895
1009582,1011061
1009582,1011062
1009582,1012059
1009582,1012060
1009582,1012225
1009582,1012226
1009582,1014444
1009582,1014857
1009582,1014858
1009582,1018248
1009583,1009583
1009584,1009584
1009585,1009585
1009586,1009586
1009587,1009587
1009588,1009588
1009589,1009589
1009590,1009590
1009591,1009591
1009592,1009591
1009592,1009592
1009593,1009593
1009594,1009594
1009595,1009595
1009596,1009596
1009597,1009596
1009597,1009597
1009597,1014023
1009597,1014024
1009597,1014957
1009597,1014958
1009598,1009598
1009599,1009599
1009600,1009600
1009600,1015279
1009600,1017094
1009600,1017146
1009601,1009601
1009602,1009602
1009603,1009603
1009604,1009604
1009605,1009605
1009606,1009606
1009607,1009607
1009607,1017340
1009607,1017341
1009608,1009608
1009609,1009609
1009609,1013304
1009609,1013834
1009610,1009610
1009611,1009611
1009612,1009612
1009613,1009613
1009614,1009614
1009615,1009615
1009616,1009616
1009617,1009617
1009618,1009618
1009619,1009619
1009620,1009338
1009620,1009339
1009620,1009620
1009620,1011960
1009620,1012274
1009620,1014103
1009620,1014104
1009620,1014262
1009620,1014406
1009620,1018276
1009621,1009621
1009621,1017381
1009622,1009622
1009622,1014012
1009622,1014290
1009623,1009623
1009623,1009808
1009623,1015260
1009624,1009624
1009625,1009624
1009625,1009625
1009625,1010157
1009625,1011349
1009625,1014731
1009626,1009626
1009627,1009627
1009628,1009627
1009628,1009628
1009629,1009629
1009629,1013384
1009630,1009630
1009630,1010847
1009631,1009631
1009632,1009632
1009633,1009633
1009634,1009634
1009635,1009635
1009636,1009635
1009636,1009636
1009636,1015361
1009637,1009637
1009638,1009638
1009639,1009638
1009639,1009639
1009640,1009640
1009641,1009640
1009641,1009641
1009641,1017117
1009642,1009642
1009643,1009643
1009644,1009644
1009645,1009644
1009645,1009645
1009645,1009712
1009645,1009713
1009645,1010004
1009645,1010005
1009645,1010194
1009645,1010521
1009645,1011945
1009645,1012807
1009645,1012808
1009645,1013025
1009645,1013939
1009645,1014339
1009645,1015852
1009645,1015853
1009645,1016003
1009645,1016207
1009645,1016516
1009645,1018342
1009646,1009646
1009647,1009647
1009648,1009647
1009648,1009648
1009648,1013070
1009648,1014476
1009648,1015162
1009648,1017577
1009649,1009649
1009650,1009649
1009650,1009650
1009650,1014333
1009650,1015854
1009651,1009651
1009652,1009652
1009653,1009653
1009654,1009654
1009655,1009655
1009656,1009656
1009657,1009657
1009657,1013894
1009658,1009657
1009658,1009658
1009658,1011720
1009658,1012368
1009658,1012935
1009658,1013810
1009658,1013811
1009658,1013894
1009658,1014630
1009658,1015007
1009658,1016582
1009658,1018275
1009659,1009659
1009660,1009660
1009661,1009660
1009661,1009661
1009661,1013543
1009662,1009662
1009663,1009663
1009663,1013498
1009664,1009664
1009665,1009665
1009666,1009666
1009667,1009666
1009667,1009667
1009667,1012124
1009667,1012599
1009667,1015836
1009668,1009668
1009669,1009668
1009669,1009669
1009669,1012553
1009669,1014133
1009670,1009670
1009671,1009671
1009672,1009672
1009672,1013336
1009673,1009673
1009674,1009673
1009674,1009674
1009675,1009675
1009676,1009676
1009677,1009677
1009678,1009678
1009679,1009679
1009680,1009312
1009680,1009313
1009680,1009680
1009680,1010025
1009680,1014411
1009680,1014590
1009680,1014625
1009680,1015194
1009680,1015410
1009680,1015456
1009680,1015954
1009680,1016016
1009680,1016199
1009680,1017410
1009680,1017968
1009680,1018168
1009681,1008237
1009681,1008238
1009681,1009681
1009681,1010957
1009681,1013632
1009681,1017703
1009682,1009682
1009683,1009683
1009684,1009684
1009685,1009685
1009686,1009685
1009686,1009686
1009686,1012580
1009687,1009687
1009687,1011002
1009687,1013562
1009688,1009688
1009689,1009688
1009689,1009689
1009690,1009690
1009691,1009690
1009691,1009691
1009691,1012569
1009692,1009692
1009693,1009693
1009694,1009694
1009695,1009695
1009696,1009696
1009697,1009697
1009697,1012211
1009697,1012212
1009698,1009698
1009699,1009699
1009700,1009700
1009701,1009701
1009702,1009702
1009703,1009703
1009704,1009704
1009705,1009704
1009705,1009705
1009705,1010913
1009705,1012607
1009705,1012711
1009705,1016818
1009705,1017745
1009705,1017877
1009706,1009706
1009706,1013989
1009706,1017216
1009707,1009706
1009707,1009707
1009707,1013989
1009707,1017216
1009708,1009708
1009709,1009708
1009709,1009709
1009710,1009710
1009711,1009711
1009712,1009712
1009712,1016207
1009712,1018342
1009713,1009712
1009713,1009713
1009713,1010004
1009713,1010005
1009713,1010194
1009713,1010521
1009713,1013025
1009713,1013939
1009713,1015852
1009713,1015853
1009713,1016003
1009713,1016207
1009713,1016516
1009713,1018342
1009714,1009714
1009715,1009715
1009716,1009715
1009716,1009716
1009716,1014317
1009716,1018052
1009717,1009717
1009718,1009718
1009719,1009719
1009720,1009720
1009721,1009721
1009722,1009721
1009722,1009722
1009723,1009723
1009724,1009724
1009725,1009725
1009726,1009725
1009726,1009726
1009726,1012276
1009726,1012588
1009727,1009727
1009728,1009728
1009729,1009729
1009730,1009730
1009731,1009731
1009732,1009732
1009733,1009733
1009734,1009734
1009735,1009735
1009736,1009736
1009737,1009737
1009738,1009738
1009738,1012424
1009738,1012425
1009739,1009738
1009739,1009739
1009739,1012424
1009739,1012425
1009740,1009740
1009741,1009740
1009741,1009741
1009741,1015571
1009742,1009742
1009742,1017116
1009743,1009743
1009744,1009744
1009745,1009745
1009746,1009746
1009747,1009747
1009748,1009748
1009749,1009749
1009750,1009750
1009751,1009751
1009752,1009751
1009752,1009752
1009753,1009753
1009754,1009754
1009755,1009755
1009756,1008776
1009756,1008777
1009756,1009256
1009756,1009577
1009756,1009747
1009756,1009756
1009756,1010810
1009756,1010971
1009756,1010972
1009756,1011663
1009756,1011801
1009756,1013652
1009756,1014160
1009756,1014162
1009756,1014163
1009756,1014447
1009756,1014452
1009756,1015041
1009756,1015135
1009756,1015156
1009756,1015510
1009756,1015546
1009756,1015605
1009756,1015664
1009756,1016957
1009756,1017670
1009756,1018117
1009757,1009757
1009758,1009758
1009759,1009759
1009760,1009759
1009760,1009760
1009760,1017726
1009761,1009761
1009762,1009761
1009762,1009762
1009762,1009791
1009762,1011962
1009763,1009763
1009764,1009764
1009765,1009765
1009766,1009766
1009767,1009767
1009768,1009768
1009769,1009769
1009770,1009769
1009770,1009770
1009770,1014600
1009771,1009771
1009772,1009771
1009772,1009772
1009772,1014570
1009773,1009773
1009774,1009774
1009775,1009775
1009776,1009776
1009777,1009777
1009778,1009778
1009779,1009779
1009780,1009780
1009780,1010648
1009781,1009781
1009782,1009781
1009782,1009782
1009783,1009783
1009784,1009784
1009785,1009784
1009785,1009785
1009785,1012568
1009785,1013867
1009785,1016168
1009786,1009786
1009787,1009787
1009788,1009788
1009789,1009789
1009790,1009790
1009791,1009791
1009792,1009792
1009792,1011385
1009793,1009793
1009794,1009794
1009795,1009795
1009795,1013405
1009796,1009796
1009797,1009797
1009798,1009798
1009799,1009799
1009800,1009800
1009801,1009801
1009801,1010873
1009802,1009802
1009803,1009803
1009804,1009804
1009805,1009804
1009805,1009805
1009805,1012503
1009805,1014560
1009806,1009806
1009807,1009807
1009807,1015170
1009808,1009808
1009809,1009809
1009809,1013356
1009809,1017090
1009809,1018280
1009810,1009810
1009811,1009811
1009812,1009811
1009812,1009812
1009812,1013012
1009812,1013013
1009812,1014319
1009812,1016795
1009813,1009813
1009814,1009814
1009815,1009815
1009816,1009816
1009817,1009817
1009818,1009818
1009819,1009819
1009820,1009820
1009821,1009821
1009822,1009822
1009823,1009823
1009824,1009824
1009825,1009825
1009826,1009826
1009827,1009827
1009828,1009828
1009829,1009828
1009829,1009829
1009829,1010192
1009829,1016859
1009829,1017210
1009830,1009830
1009831,1009831
1009832,1009832
1009833,1008635
1009833,1008636
1009833,1009424
1009833,1009425
1009833,1009832
1009833,1009833
1009833,1011286
1009833,1012061
1009833,1012062
1009833,1012192
1009833,1013227
1009833,1014541
1009833,1014794
1009833,1015231
1009833,1016510
1009833,1017139
1009833,1018335
1009834,1009834
1009834,1012018
1009835,1009835
1009836,1009836
1009837,1009837
1009838,1009838
1009839,1009839
1009840,1009840
1009841,1009841
1009842,1009842
1009843,1007844
1009843,1009843
1009844,1009844
1009845,1009251
1009845,1009252
1009845,1009817
1009845,1009845
1009845,1017152
1009846,1009846
1009847,1009847
1009848,1009847
1009848,1009848
1009848,1010712
1009848,1012956
1009848,1015690
1009848,1016405
1009848,1018368
1009849,1009849
1009850,1009849
1009850,1009850
1009851,1009851
1009851,1013271
1009852,1009852
1009852,1014039
1009853,1008319
1009853,1008320
1009853,1008752
1009853,1008753
1009853,1009852
1009853,1009853
1009853,1011810
1009853,1012615
1009853,1012616
1009853,1014039
1009853,1014860
1009853,1015176
1009853,1015617
1009853,1015867
1009853,1016296
1009853,1016297
1009853,1016371
1009853,1016548
1009853,1016703
1009854,1009854
1009855,1008600
1009855,1008601
1009855,1009854
1009855,1009855
1009855,1010220
1009855,1010221
1009855,1011072
1009855,1011155
1009855,1011156
1009855,1011299
1009855,1013425
1009856,1009856
1009857,1009857
1009858,1009858
1009859,1009859
1009859,1016912
1009860,1009860
1009861,1009861
1009862,1009862
1009863,1009863
1009864,1009864
1009865,1009865
1009866,1009866
1009867,1009867
1009868,1009868
1009869,1009869
1009870,1009870
1009871,1009871
1009872,1009272
1009872,1009273
1009872,1009872
1009872,1010371
1009872,1010547
1009872,1014664
1009872,1018017
1009873,1009272
1009873,1009273
1009873,1009872
1009873,1009873
1009873,1010371
1009873,1010547
1009873,1014664
1009873,1018017
1009874,1009874
1009875,1009875
1009875,1010208
1009875,1012762
1009875,1012763
1009875,1012874
1009875,1013238
1009875,1013875
1009875,1013918
1009875,1014764
1009875,1014765
1009875,1016544
1009876,1007079
1009876,1008475
1009876,1008476
1009876,1009875
1009876,1009876
1009876,1010208
1009876,1010594
1009876,1010595
1009876,1012143
1009876,1012762
1009876,1012763
1009876,1012874
1009876,1013020
1009876,1013021
1009876,1013238
1009876,1013875
1009876,1013918
1009876,1014458
1009876,1014752
1009876,1014764
1009876,1014765
1009876,1016544
1009876,1016695
1009876,1016696
1009877,1009877
1009878,1009878
1009879,1009879
1009880,1009879
1009880,1009880
1009881,1009881
1009882,1009882
1009883,1009883
1009884,1009884
1009885,1009885
1009885,1013132
1009885,1017886
1009886,1009886
1009887,1009887
1009888,1009887
1009888,1009888
1009889,1009889
1009890,1009890
1009891,1009891
1009892,1009892
1009893,1009893
1009894,1009894
1009895,1009894
1009895,1009895
1009896,1009896
1009897,1009897
1009898,1009898
1009899,1009899
1009900,1009900
1009901,1009900
1009901,1009901
1009902,1009902
1009903,1009903
1009904,1009904
1009905,1009905
1009906,1009906
1009907,1009907
1009908,1009908
1009909,1009909
1009909,1011073
1009910,1009910
1009911,1009911
1009912,1009912
1009913,1009913
1009914,1009045
1009914,1009046
1009914,1009913
1009914,1009914
1009914,1017846
1009915,1009915
1009916,1009916
1009916,1013930
1009917,1009916
1009917,1009917
1009917,1013930
1009918,1009918
1009919,1009919
1009920,1009919
1009920,1009920
1009921,1009921
1009922,1009922
1009923,1009922
1009923,1009923
1009923,1011920
1009923,1011921
1009924,1009924
1009925,1009924
1009925,1009925
1009925,1016851
1009925,1018209
1009926,1009926
1009927,1009927
1009928,1009928
1009929,1009929
1009930,1009929
1009930,1009930
1009930,1015430
1009930,1015431
1009930,1015790
1009930,1016606
1009930,1018126
1009931,1009931
1009932,1009932
1009932,1013414
1009932,1014020
1009932,1015734
1009933,1009933
1009934,1009934
1009935,1009935
1009936,1009936
1009936,1011537
1009936,1012336
1009936,1015347
1009936,1016369
1009937,1009937
1009938,1009938
1009939,1009939
1009940,1009940
1009941,1009941
1009942,1009942
1009942,1015586
1009942,1015587
1009942,1016517
1009943,1009942
1009943,1009943
1009943,1014584
1009943,1015586
1009943,1015587
1009943,1016517
1009944,1009944
1009944,1013517
1009945,1009945
1009945,1010209
1009946,1009946
1009947,1009690
1009947,1009691
1009947,1009947
1009947,1012569
1009947,1012650
1009947,1012651
1009947,1013168
1009947,1013169
1009947,1013855
1009947,1013961
1009947,1015039
1009947,1016662
1009947,1017320
1009947,1017534
1009947,1018514
1009948,1009948
1009949,1009949
1009950,1009950
1009951,1009951
1009952,1009951
1009952,1009952
1009952,1010514
1009952,1012302
1009952,1017944
1009952,1018148
1009952,1018405
1009953,1009953
1009953,1010941
1009953,1010942
1009953,1010991
1009953,1012364
1009953,1014503
1009953,1018467
1009954,1009953
1009954,1009954
1009954,1010941
1009954,1010942
1009954,1010991
1009954,1011452
1009954,1012364
1009954,1014503
1009954,1014606
1009954,1014607
1009954,1015297
1009954,1016099
1009954,1018231
1009954,1018467
1009955,1009955
1009956,1009956
1009957,1009957
1009958,1009957
1009958,1009958
1009958,1010372
1009959,1009959
1009960,1009960
1009961,1008134
1009961,1008135
1009961,1008581
1009961,1009960
1009961,1009961
1009961,1011227
1009961,1011364
1009961,1011938
1009961,1013928
1009961,1015764
1009961,1016492
1009961,1017008
1009961,1017300
1009961,1017522
1009962,1009962
1009963,1009963
1009964,1009964
1009964,1015119
1009964,1015120
1009965,1009965
1009966,1009966
1009967,1009967
1009968,1009968
1009969,1009969
1009970,1009969
1009970,1009970
1009970,1010739
1009970,1011188
1009970,1015882
1009970,1016805
1009971,1009971
1009972,1009972
1009973,1009973
1009974,1009974
1009975,1009975
1009976,1009976
1009977,1009977
1009978,1009978
1009979,1009979
1009980,1009980
1009981,1009981
1009982,1009982
1009983,1009982
1009983,1009983
1009983,1011179
1009983,1011601
1009983,1012003
1009983,1012570
1009983,1012571
1009983,1013277
1009983,1013378
1009983,1014172
1009983,1015392
1009983,1018308
1009984,1009984
1009985,1009985
1009986,1009986
1009987,1009986
1009987,1009987
1009987,1011392
1009988,1009988
1009989,1009988
1009989,1009989
1009990,1009990
1009991,1009991
1009992,1009991
1009992,1009992
1009992,1015974
1009992,1016973
1009992,1017414
1009993,1009993
1009994,1009994
1009995,1009995
1009996,1009996
1009997,1009997
1009998,1009998
1009998,1010201
1009998,1011092
1009998,1015149
1009998,1015773
1009998,1016260
1009999,1009999
1010000,1010000
1010001,1010001
1010001,1018599
1010002,1010002
1010003,1010003
1010004,1010004
1010005,1010004
1010005,1010005
1010006,1010006
1010007,1010007
1010008,1010008
1010009,1010009
1010010,1010010
1010011,1010011
1010012,1010011
1010012,1010012
1010012,1012238
1010012,1012239
1010012,1015013
1010012,1015642
1010013,1010013
1010013,1012036
1010014,1010014
1010015,1010015
1010016,1010016
1010017,1010017
1010018,1010018
1010019,1010019
1010020,1010020
1010021,1010021
1010022,1010022
1010023,1010023
1010024,1010024
1010025,1010025
1010025,1015410
1010025,1015456
1010026,1010026
1010027,1010027
1010028,1009309
1010028,1009310
1010028,1010028
1010028,1010719
1010028,1012055
1010028,1016730
1010029,1010029
1010030,1010030
1010031,1010031
1010032,1010031
1010032,1010032
1010032,1010129
1010032,1011864
1010032,1012491
1010032,1015401
1010032,1015646
1010032,1017485
1010033,1010033
1010034,1010034
1010035,1009095
1010035,1009096
1010035,1010035
1010035,1011191
1010036,1010036
1010037,1010037
1010038,1010038
1010039,1010039
1010040,1010040
1010040,1014832
1010041,1010040
1010041,1010041
1010041,1014832
1010042,1010042
1010043,1010043
1010044,1010044
1010045,1010045
1010046,1010046
1010047,1010047
1010048,1010048
1010049,1010049
1010050,1010050
1010051,1010051
1010052,1010052
1010053,1010052
1010053,1010053
1010054,1010054
1010055,1010055
1010056,1010056
1010057,1006778
1010057,1007153
1010057,1007155
1010057,1007828
1010057,1008011
1010057,1008191
1010057,1008192
1010057,1008411
1010057,1008412
1010057,1008521
1010057,1008778
1010057,1008779
1010057,1008953
1010057,1008954
1010057,1008999
1010057,1009000
1010057,1009296
1010057,1009437
1010057,1009438
1010057,1009555
1010057,1009594
1010057,1010056
1010057,1010057
1010057,1010098
1010057,1010159
1010057,1010163
1010057,1010164
1010057,1010170
1010057,1010195
1010057,1010275
1010057,1010432
1010057,1010656
1010057,1010681
1010057,1010730
1010057,1010825
1010057,1010911
1010057,1010956
1010057,1011001
1010057,1011053
1010057,1011063
1010057,1011076
1010057,1011237
1010057,1011352
1010057,1011357
1010057,1011379
1010057,1011459
1010057,1011507
1010057,1011549
1010057,1011648
1010057,1011705
1010057,1011895
1010057,1011929
1010057,1011930
1010057,1011957
1010057,1011984
1010057,1012015
1010057,1012108
1010057,1012134
1010057,1012275
1010057,1012349
1010057,1012367
1010057,1012508
1010057,1012601
1010057,1012736
1010057,1012867
1010057,1012901
1010057,1012915
1010057,1012924
1010057,1012941
1010057,1013131
1010057,1013181
1010057,1013265
1010057,1013435
1010057,1013533
1010057,1013587
1010057,1013741
1010057,1013856
1010057,1014075
1010057,1014318
1010057,1014345
1010057,1014373
1010057,1014601
1010057,1014672
1010057,1014722
1010057,1014737
1010057,1014871
1010057,1014873
1010057,1015049
1010057,1015051
1010057,1015100
1010057,1015137
1010057,1015314
1010057,1015358
1010057,1015426
1010057,1015461
1010057,1015463
1010057,1015493
1010057,1015576
1010057,1015632
1010057,1015645
1010057,1015673
1010057,1015729
1010057,1015780
1010057,1015873
1010057,1015959
1010057,1015967
1010057,1016046
1010057,1016047
1010057,1016051
1010057,1016116
1010057,1016181
1010057,1016234
1010057,1016259
1010057,1016265
1010057,1016378
1010057,1016380
1010057,1016384
1010057,1016604
1010057,1016610
1010057,1016640
1010057,1016692
1010057,1016791
1010057,1016839
1010057,1016945
1010057,1017006
1010057,1017022
1010057,1017078
1010057,1017104
1010057,1017112
1010057,1017231
1010057,1017354
1010057,1017384
1010057,1017393
1010057,1017411
1010057,1017456
1010057,1017480
1010057,1017648
1010057,1017659
1010057,1017795
1010057,1017831
1010057,1017850
1010057,1017860
1010057,1017867
1010057,1017872
1010057,1018141
1010057,1018144
1010057,1018163
1010057,1018187
1010057,1018215
1010057,1018300
1010057,1018307
1010057,1018336
1010057,1018351
1010057,1018378
1010057,1018477
1010057,1018551
1010057,1018606
1010057,1018609
1010058,1010058
1010059,1010059
1010060,1010060
1010061,1010061
1010062,1006564
1010062,1010062
1010062,1012809
1010062,1012813
1010062,1013948
1010062,1015704
1010063,1010063
1010064,1010064
1010065,1010065
1010066,1010066
1010067,1010067
1010068,1010068
1010069,1010069
1010070,1010070
1010071,1010071
1010072,1010072
1010073,1010072
1010073,1010073
1010073,1010224
1010074,1010074
1010075,1010075
1010076,1010076
1010077,1010077
1010078,1010077
1010078,1010078
1010078,1010989
1010078,1012514
1010078,1013216
1010078,1016372
1010078,1017151
1010078,1017215
1010079,1010079
1010080,1010080
1010080,1011977
1010081,1010081
1010082,1010082
1010082,1015630
1010083,1010083
1010084,1010083
1010084,1010084
1010085,1010085
1010086,1010085
1010086,1010086
1010086,1010559
1010086,1010613
1010086,1012104
1010086,1013619
1010086,1013843
1010086,1013844
1010086,1013922
1010086,1014886
1010087,1010087
1010088,1010088
1010089,1010089
1010090,1010089
1010090,1010090
1010090,1012722
1010091,1010091
1010092,1010092
1010093,1010093
1010093,1010217
1010093,1013079
1010093,1015662
1010093,1015709
1010093,1017490
1010094,1010094
1010095,1010095
1010096,1010096
1010097,1010097
1010098,1010098
1010099,1010099
1010100,1010100
1010101,1010101
1010102,1010102
1010103,1010103
1010104,1010104
1010105,1010105
1010106,1010106
1010107,1010107
1010108,1010108
1010109,1010109
1010110,1010110
1010111,1010111
1010111,1012053
1010112,1010112
1010113,1010113
1010114,1010114
1010115,1010115
1010116,1010116
1010117,1010117
1010118,1010118
1010118,1015896
1010119,1010118
1010119,1010119
1010119,1015896
1010120,1010120
1010121,1010121
1010122,1010122
1010123,1010123
1010123,1010867
1010123,1013594
1010124,1010124
1010125,1010124
1010125,1010125
1010125,1011208
1010125,1016377
1010125,1016470
1010125,1017351
1010126,1010126
1010126,1014923
1010126,1014924
1010126,1015781
1010126,1016716
1010126,1017313
1010127,1010127
1010128,1010128
1010129,1010129
1010130,1010130
1010131,1010131
1010132,1010132
1010133,1010133
1010134,1010134
1010135,1010135
1010136,1010136
1010137,1010136
1010137,1010137
1010137,1010781
1010137,1010782
1010137,1014431
1010137,1016278
1010138,1010138
1010139,1010139
1010140,1010140
1010140,1017581
1010141,1010141
1010142,1010142
1010143,1010143
1010144,1010144
1010145,1010145
1010145,1013861
1010145,1016217
1010146,1010146
1010147,1010147
1010148,1010148
1010149,1010149
1010150,1010150
1010151,1010151
1010152,1010152
1010153,1010153
1010154,1010154
1010155,1009050
1010155,1009051
1010155,1010155
1010155,1015482
1010156,1010156
1010157,1010157
1010158,1010158
1010159,1010159
1010160,1010160
1010161,1010161
1010162,1010162
1010163,1010163
1010164,1010163
1010164,1010164
1010164,1014318
1010164,1016051
1010164,1017411
1010164,1018378
1010165,1009627
1010165,1009628
1010165,1010165
1010166,1010166
1010167,1010167
1010168,1010168
1010169,1010169
1010170,1010170
1010171,1010171
1010172,1010172
1010173,1010173
1010174,1010174
1010175,1010175
1010176,1010176
1010177,1010177
1010178,1010178
1010179,1010179
1010180,1010180
1010181,1010181
1010182,1010181
1010182,1010182
1010182,1012161
1010182,1016450
1010182,1016729
1010182,1018546
1010183,1010183
1010184,1010183
1010184,1010184
1010184,1010234
1010184,1010306
1010184,1010906
1010184,1011923
1010184,1012267
1010184,1012561
1010184,1013382
1010184,1013433
1010184,1015136
1010184,1015251
1010184,1015449
1010184,1015941
1010184,1017455
1010185,1010185
1010186,1010186
1010187,1010187
1010188,1010188
1010189,1010189
1010190,1010190
1010191,1010190
1010191,1010191
1010191,1011437
1010191,1012293
1010191,1012890
1010191,1015042
1010191,1015936
1010191,1017014
1010192,1010192
1010193,1010193
1010194,1010004
1010194,1010005
1010194,1010194
1010195,1007828
1010195,1008011
1010195,1010195
1010196,1010196
1010197,1010197
1010198,1010197
1010198,1010198
1010198,1016554
1010199,1010199
1010199,1012033
1010199,1014591
1010200,1010200
1010201,1010201
1010201,1011092
1010202,1010202
1010203,1010203
1010203,1013032
1010203,1013898
1010203,1014175
1010204,1010204
1010204,1011500
1010205,1010204
1010205,1010205
1010205,1011500
1010206,1010206
1010207,1010206
1010207,1010207
1010207,1012350
1010207,1012351
1010207,1012490
1010207,1013646
1010207,1014412
1010208,1010208
1010208,1013875
1010209,1010209
1010210,1010210
1010211,1010210
1010211,1010211
1010211,1014740
1010212,1010212
1010213,1010213
1010214,1010214
1010215,1010215
1010215,1013388
1010216,1010216
1010217,1010217
1010217,1015709
1010218,1010218
1010218,1017823
1010219,1010219
1010220,1010220
1010221,1010220
1010221,1010221
1010221,1011072
1010222,1010222
1010223,1010223
1010224,1010224
1010225,1008352
1010225,1008353
1010225,1008403
1010225,1008804
1010225,1009928
1010225,1010225
1010225,1010857
1010225,1011838
1010225,1012531
1010225,1012802
1010225,1012911
1010225,1013698
1010225,1014202
1010225,1014535
1010225,1014670
1010225,1015091
1010225,1015138
1010225,1015168
1010225,1015847
1010225,1015858
1010225,1016601
1010225,1016938
1010225,1016971
1010225,1016977
1010225,1017424
1010225,1017475
1010225,1017530
1010225,1017580
1010226,1010226
1010227,1010227
1010228,1010228
1010229,1010229
1010230,1010230
1010231,1010231
1010232,1010231
1010232,1010232
1010233,1010233
1010234,1010234
1010235,1010235
1010236,1010236
1010236,1011694
1010236,1011695
1010237,1010237
1010238,1010238
1010238,1011498
1010238,1012775
1010238,1018358
1010239,1010239
1010240,1010240
1010241,1010241
1010242,1010242
1010243,1010243
1010244,1010244
1010245,1010245
1010246,1010246
1010247,1010247
1010248,1010248
1010249,1010249
1010250,1010250
1010251,1010251
1010252,1010251
1010252,1010252
1010252,1010588
1010252,1013848
1010252,1014081
1010252,1016059
1010253,1010253
1010254,1010254
1010255,1010254
1010255,1010255
1010255,1016353
1010256,1010256
1010257,1010256
1010257,1010257
1010258,1010258
1010259,1010259
1010260,1010259
1010260,1010260
1010261,1010261
1010262,1010262
1010263,1010263
1010264,1010264
1010264,1010566
1010264,1017451
1010265,1010265
1010266,1010265
1010266,1010266
1010266,1018225
1010267,1010267
1010268,1010268
1010269,1010269
1010270,1010270
1010271,1010270
1010271,1010271
1010271,1012595
1010271,1015378
1010271,1015921
1010272,1010272
1010273,1010273
1010274,1010274
1010275,1010275
1010276,1010276
1010277,1010277
1010277,1017386
1010278,1010278
1010279,1010279
1010280,1010279
1010280,1010280
1010280,1010756
1010280,1012314
1010280,1012778
1010280,1016270
1010280,1016660
1010280,1017366
1010281,1010281
1010282,1010282
1010283,1010283
1010283,1011855
1010284,1010284
1010284,1014650
1010285,1010285
1010286,1010286
1010287,1010287
1010288,1010288
1010289,1010289
1010290,1010290
1010291,1010290
1010291,1010291
1010291,1012896
1010292,1010292
1010292,1015442
1010293,1010293
1010294,1010294
1010295,1010295
1010296,1009330
1010296,1009331
1010296,1009953
1010296,1009954
1010296,1010295
1010296,1010296
1010296,1010740
1010296,1010941
1010296,1010942
1010296,1010991
1010296,1011452
1010296,1011839
1010296,1012020
1010296,1012216
1010296,1012364
1010296,1012612
1010296,1012790
1010296,1013469
1010296,1013691
1010296,1014503
1010296,1014606
1010296,1014607
1010296,1015048
1010296,1015195
1010296,1015297
1010296,1015692
1010296,1015972
1010296,1015986
1010296,1016099
1010296,1016167
1010296,1018172
1010296,1018231
1010296,1018467
1010297,1010297
1010298,1008195
1010298,1008196
1010298,1008201
1010298,1008202
1010298,1008270
1010298,1008271
1010298,1008413
1010298,1008574
1010298,1008646
1010298,1008647
1010298,1008805
1010298,1008828
1010298,1008829
1010298,1009024
1010298,1009025
1010298,1009065
1010298,1009152
1010298,1009153
1010298,1009283
1010298,1009314
1010298,1009357
1010298,1009557
1010298,1009757
1010298,1010121
1010298,1010153
1010298,1010181
1010298,1010182
1010298,1010298
1010298,1010354
1010298,1010637
1010298,1010638
1010298,1010871
1010298,1011018
1010298,1011044
1010298,1011284
1010298,1011315
1010298,1011474
1010298,1011761
1010298,1011780
1010298,1012161
1010298,1012279
1010298,1012824
1010298,1012870
1010298,1013007
1010298,1013009
1010298,1013450
1010298,1013677
1010298,1013764
1010298,1013797
1010298,1013962
1010298,1014011
1010298,1014534
1010298,1014638
1010298,1014735
1010298,1014775
1010298,1015273
1010298,1015603
1010298,1015730
1010298,1016008
1010298,1016450
1010298,1016685
1010298,1016687
1010298,1016689
1010298,1016694
1010298,1016729
1010298,1016836
1010298,1016934
1010298,1017134
1010298,1017282
1010298,1017611
1010298,1017632
1010298,1017644
1010298,1017912
1010298,1018041
1010298,1018202
1010298,1018233
1010298,1018264
1010298,1018277
1010298,1018501
1010298,1018546
1010299,1010299
1010300,1010300
1010301,1010301
1010302,1010302
1010303,1010303
1010304,1010304
1010305,1010304
1010305,1010305
1010306,1010306
1010307,1010307
1010308,1010308
1010308,1012343
1010309,1010309
1010310,1010310
1010311,1010311
1010311,1014402
1010312,1010312
1010312,1018262
1010313,1010312
1010313,1010313
1010313,1013323
1010313,1014981
1010313,1015784
1010313,1018262
1010314,1010314
1010315,1010315
1010316,1010316
1010317,1010316
1010317,1010317
1010317,1017418
1010318,1010318
1010319,1010319
1010320,1010320
1010321,1010321
1010322,1010322
1010323,1008316
1010323,1008317
1010323,1010322
1010323,1010323
1010323,1010408
1010323,1012592
1010323,1013554
1010323,1014482
1010323,1014673
1010323,1014810
1010323,1018049
1010324,1010324
1010325,1010325
1010325,1012244
1010326,1010325
1010326,1010326
1010326,1010660
1010326,1010661
1010326,1011033
1010326,1011556
1010326,1012244
1010326,1015116
1010326,1015117
1010326,1016424
1010326,1016425
1010327,1010327
1010328,1010327
1010328,1010328
1010328,1012437
1010329,1010329
1010330,1010330
1010331,1010331
1010332,1010331
1010332,1010332
1010333,1010333
1010333,1012667
1010333,1016638
1010333,1017840
1010334,1010334
1010335,1010335
1010336,1010336
1010337,1008395
1010337,1008396
1010337,1009345
1010337,1009346
1010337,1009967
1010337,1010106
1010337,1010337
1010337,1010341
1010337,1010798
1010337,1010799
1010337,1012065
1010337,1012375
1010337,1013299
1010337,1014251
1010337,1014524
1010337,1014562
1010337,1015598
1010337,1016867
1010337,1017240
1010337,1017791
1010338,1010338
1010338,1017477
1010338,1018503
1010339,1010339
1010340,1010340
1010341,1010341
1010342,1010342
1010343,1010343
1010344,1010344
1010345,1010345
1010346,1010346
1010347,1010347
1010348,1010348
1010349,1010349
1010350,1010350
1010350,1014221
1010351,1010350
1010351,1010351
1010351,1011631
1010351,1014221
1010351,1014634
1010351,1014635
1010351,1017907
1010352,1010352
1010353,1010353
1010354,1010354
1010355,1010355
1010356,1010356
1010357,1010357
1010358,1010358
1010358,1010999
1010358,1011000
1010358,1014383
1010358,1017153
1010358,1017192
1010359,1010359
1010359,1011203
1010360,1010359
1010360,1010360
1010360,1011203
1010361,1010361
1010362,1008244
1010362,1008245
1010362,1010361
1010362,1010362
1010362,1014148
1010362,1014327
1010362,1018125
1010363,1010363
1010364,1010364
1010365,1010365
1010366,1010366
1010367,1010367
1010368,1010368
1010369,1010369
1010369,1015639
1010369,1017244
1010370,1010370
1010370,1012412
1010371,1009272
1010371,1009273
1010371,1010371
1010371,1018017
1010372,1010372
1010373,1010373
1010374,1010374
1010374,1015833
1010374,1016155
1010374,1016303
1010374,1018500
1010375,1010375
1010376,1010376
1010377,1010376
1010377,1010377
1010377,1017526
1010378,1010378
1010379,1009688
1010379,1009689
1010379,1010379
1010380,1010380
1010381,1010381
1010382,1010382
1010383,1010383
1010384,1010384
1010385,1010385
1010386,1010386
1010387,1010387
1010388,1010388
1010389,1010389
1010390,1010390
1010391,1010391
1010392,1010392
1010393,1010393
1010394,1010394
1010395,1009157
1010395,1009158
1010395,1010395
1010395,1016932
1010396,1010396
1010397,1010396
1010397,1010397
1010397,1017627
1010398,1010398
1010399,1010399
1010399,1015112
1010400,1010400
1010401,1010401
1010402,1010402
1010402,1011686
1010403,1010403
1010404,1010403
1010404,1010404
1010404,1014608
1010405,1010405
1010406,1010406
1010407,1008182
1010407,1008183
1010407,1008722
1010407,1008723
1010407,1008727
1010407,1009723
1010407,1010324
1010407,1010406
1010407,1010407
1010407,1010565
1010407,1010952
1010407,1012294
1010407,1013478
1010407,1013842
1010407,1014892
1010407,1015672
1010407,1015695
1010407,1016107
1010407,1016456
1010407,1018543
1010407,1018562
1010408,1010408
1010409,1010409
1010410,1010410
1010411,1010411
1010412,1010412
1010413,1010413
1010414,1010414
1010415,1010415
1010416,1010416
1010417,1010417
1010418,1010417
1010418,1010418
1010419,1010419
1010420,1010419
1010420,1010420
1010420,1011584
1010420,1011819
1010420,1013588
1010420,1016402
1010420,1016551
1010420,1017728
1010420,1017812
1010420,1017928
1010421,1010421
1010422,1010422
1010423,1010423
1010424,1010424
1010425,1010425
1010426,1010425
1010426,1010426
1010427,1010427
1010428,1010428
1010429,1010429
1010430,1010430
1010431,1010431
1010432,1010432
1010433,1010433
1010434,1010434
1010435,1010435
1010436,1010436
1010437,1010437
1010438,1010437
1010438,1010438
1010439,1010439
1010440,1010439
1010440,1010440
1010440,1013608
1010441,1010441
1010442,1010442
1010443,1010443
1010444,1010444
1010445,1010445
1010445,1016598
1010446,1010445
1010446,1010446
1010446,1014983
1010446,1016598
1010447,1008151
1010447,1008152
1010447,1010447
1010448,1008151
1010448,1008152
1010448,1009237
1010448,1009238
1010448,1010447
1010448,1010448
1010448,1013575
1010448,1013705
1010448,1013706
1010448,1017549
1010448,1018038
1010448,1018382
1010449,1010449
1010450,1010450
1010451,1010451
1010452,1010452
1010453,1010453
1010454,1010454
1010455,1010455
1010456,1010456
1010457,1010457
1010457,1013362
1010458,1010457
1010458,1010458
1010458,1013362
1010459,1010459
1010459,1016955
1010460,1010459
1010460,1010460
1010460,1016955
1010461,1010461
1010461,1016822
1010461,1017709
1010461,1017760
1010462,1010462
1010463,1010463
1010464,1006639
1010464,1006794
1010464,1006796
1010464,1008060
1010464,1010463
1010464,1010464
1010464,1014970
1010465,1010465
1010466,1010466
1010467,1010467
1010468,1010468
1010469,1010469
1010470,1010469
1010470,1010470
1010470,1011126
1010470,1011749
1010470,1012310
1010470,1016472
1010470,1017653
1010471,1010471
1010472,1010472
1010473,1010473
1010474,1010474
1010475,1010475
1010476,1010476
1010477,1010477
1010478,1008741
1010478,1008742
1010478,1010478
1010479,1010479
1010480,1010480
1010481,1010481
1010482,1010482
1010483,1010483
1010484,1010484
1010485,1010484
1010485,1010485
1010486,1010486
1010487,1010487
1010488,1010488
1010489,1010489
1010490,1010490
1010491,1010491
1010491,1011731
1010492,1010491
1010492,1010492
1010492,1011731
1010492,1012331
1010492,1014596
1010492,1014597
1010492,1016704
1010493,1010493
1010494,1010494
1010495,1010494
1010495,1010495
1010495,1011037
1010495,1011569
1010495,1012996
1010495,1017292
1010495,1017466
1010495,1017887
1010495,1018259
1010496,1010496
1010497,1010497
1010498,1010498
1010499,1010498
1010499,1010499
1010499,1012833
1010499,1018285
1010500,1010500
1010501,1010500
1010501,1010501
1010502,1010502
1010503,1010503
1010504,1010504
1010504,1011144
1010504,1011145
1010505,1010505
1010506,1010506
1010507,1010507
1010508,1010508
1010509,1010509
1010510,1010509
1010510,1010510
1010510,1012250
1010510,1014242
1010511,1010511
1010512,1010512
1010513,1010513
1010514,1010514
1010515,1010515
1010516,1010516
1010517,1010517
1010518,1010518
1010519,1010519
1010520,1010520
1010521,1010521
1010521,1013939
1010522,1010522
1010523,1010523
1010524,1010524
1010525,1010525
1010526,1010526
1010527,1010527
1010527,1017808
1010528,1010528
1010529,1010528
1010529,1010529
1010529,1016343
1010529,1016567
1010529,1017508
1010530,1010530
1010531,1010531
1010532,1010532
1010533,1010533
1010534,1010533
1010534,1010534
1010534,1014379
1010534,1014978
1010535,1010535
1010536,1010536
1010536,1011900
1010536,1011901
1010536,1013374
1010536,1015432
1010536,1015851
1010536,1016235
1010537,1006404
1010537,1006711
1010537,1006809
1010537,1008330
1010537,1008331
1010537,1009549
1010537,1010536
1010537,1010537
1010537,1011168
1010537,1011786
1010537,1011900
1010537,1011901
1010537,1012151
1010537,1013374
1010537,1015057
1010537,1015432
1010537,1015851
1010537,1015973
1010537,1016235
1010537,1017995
1010537,1018463
1010538,1010538
1010539,1010538
1010539,1010539
1010539,1011707
1010539,1014203
1010539,1015624
1010539,1016910
1010540,1010540
1010541,1010541
1010542,1010542
1010543,1008218
1010543,1008219
1010543,1008428
1010543,1008429
1010543,1010250
1010543,1010543
1010543,1010981
1010543,1010982
1010543,1012175
1010543,1012320
1010543,1013226
1010543,1014019
1010543,1016655
1010543,1016888
1010544,1010544
1010545,1010544
1010545,1010545
1010545,1012505
1010545,1017814
1010545,1017954
1010546,1010546
1010547,1009272
1010547,1009273
1010547,1010371
1010547,1010547
1010547,1014664
1010547,1018017
1010548,1010548
1010549,1010549
1010550,1010550
1010551,1010551
1010552,1010552
1010553,1010552
1010553,1010553
1010553,1017939
1010554,1010554
1010555,1010555
1010555,1016566
1010555,1016827
1010556,1010555
1010556,1010556
1010556,1016566
1010556,1016827
1010557,1010557
1010558,1010558
1010559,1010559
1010560,1010560
1010561,1010560
1010561,1010561
1010562,1010562
1010563,1010011
1010563,1010012
1010563,1010563
1010563,1012238
1010563,1012239
1010563,1013887
1010563,1015013
1010563,1015642
1010564,1010564
1010565,1010565
1010566,1010566
1010567,1010567
1010568,1010567
1010568,1010568
1010568,1011523
1010568,1011524
1010568,1011635
1010568,1012152
1010568,1014760
1010568,1016123
1010568,1017264
1010569,1010569
1010570,1010569
1010570,1010570
1010570,1013054
1010571,1010571
1010572,1010572
1010573,1010573
1010574,1010574
1010575,1010574
1010575,1010575
1010576,1010576
1010577,1010577
1010578,1010577
1010578,1010578
1010578,1010993
1010579,1010579
1010579,1015308
1010579,1015804
1010580,1010580
1010581,1010581
1010582,1010582
1010583,1010583
1010584,1010584
1010584,1017498
1010585,1010584
1010585,1010585
1010585,1017498
1010586,1010586
1010587,1010587
1010588,1010588
1010589,1010589
1010590,1010590
1010591,1010590
1010591,1010591
1010592,1010592
1010593,1010593
1010594,1010594
1010595,1010594
1010595,1010595
1010595,1014752
1010596,1010596
1010597,1010597
1010598,1010598
1010599,1010599
1010600,1010600
1010601,1010601
1010602,1010602
1010602,1014525
1010603,1010603
1010604,1010603
1010604,1010604
1010604,1012921
1010604,1014267
1010605,1010605
1010606,1007065
1010606,1010606
1010606,1012371
1010606,1012372
1010606,1013286
1010606,1013823
1010606,1013931
1010606,1016018
1010606,1017243
1010606,1017989
1010607,1010607
1010608,1010607
1010608,1010608
1010609,1010609
1010609,1011095
1010610,1010609
1010610,1010610
1010610,1010722
1010610,1011095
1010610,1014311
1010610,1015741
1010610,1015742
1010611,1010611
1010612,1010612
1010613,1010613
1010614,1010614
1010615,1010615
1010616,1010615
1010616,1010616
1010617,1010617
1010617,1013365
1010617,1014114
1010617,1014352
1010617,1018337
1010618,1010618
1010619,1010619
1010620,1010620
1010621,1010621
1010622,1010622
1010623,1010623
1010624,1010624
1010625,1010625
1010625,1011745
1010626,1009061
1010626,1009062
1010626,1010625
1010626,1010626
1010626,1010984
1010626,1010985
1010626,1011745
1010626,1015942
1010627,1010627
1010628,1010628
1010629,1010629
1010630,1010630
1010631,1010631
1010632,1010632
1010633,1010633
1010634,1010634
1010635,1010635
1010636,1010636
1010637,1010637
1010638,1008201
1010638,1008202
1010638,1009065
1010638,1009314
1010638,1009557
1010638,1010354
1010638,1010637
1010638,1010638
1010638,1011044
1010638,1011761
1010638,1013009
1010638,1013764
1010638,1013797
1010638,1014011
1010638,1014534
1010638,1015273
1010638,1016836
1010638,1016934
1010638,1017282
1010638,1017644
1010639,1010639
1010640,1010639
1010640,1010640
1010640,1012421
1010641,1010641
1010642,1010641
1010642,1010642
1010643,1010643
1010644,1010644
1010645,1010644
1010645,1010645
1010646,1010646
1010647,1010647
1010648,1010648
1010649,1010649
1010650,1010650
1010651,1010651
1010652,1010652
1010653,1010653
1010653,1011328
1010653,1012297
1010653,1014294
1010653,1016164
1010653,1018274
1010654,1010653
1010654,1010654
1010654,1011328
1010654,1012297
1010654,1014294
1010654,1016164
1010654,1018274
1010655,1010655
1010656,1010656
1010657,1010657
1010658,1010658
1010659,1010659
1010660,1010660
1010661,1010660
1010661,1010661
1010662,1010662
1010663,1010663
1010664,1010663
1010664,1010664
1010664,1018631
1010665,1010665
1010666,1010665
1010666,1010666
1010666,1015097
1010667,1010667
1010668,1010668
1010669,1010669
1010670,1010670
1010671,1010670
1010671,1010671
1010671,1016545
1010671,1017329
1010672,1010672
1010673,1010673
1010674,1010674
1010675,1010675
1010676,1010676
1010677,1010676
1010677,1010677
1010677,1014142
1010677,1015040
1010677,1015197
1010677,1016022
1010678,1010678
1010679,1010678
1010679,1010679
1010680,1010680
1010681,1010681
1010682,1010682
1010682,1012158
1010682,1013314
1010682,1015752
1010683,1010683
1010684,1010684
1010685,1010685
1010686,1010686
1010687,1006470
1010687,1008129
1010687,1008130
1010687,1008363
1010687,1008364
1010687,1008547
1010687,1008548
1010687,1008794
1010687,1008795
1010687,1009507
1010687,1009508
1010687,1009657
1010687,1009658
1010687,1009792
1010687,1009919
1010687,1009920
1010687,1010325
1010687,1010326
1010687,1010402
1010687,1010660
1010687,1010661
1010687,1010687
1010687,1010735
1010687,1010768
1010687,1010905
1010687,1011033
1010687,1011077
1010687,1011078
1010687,1011385
1010687,1011556
1010687,1011686
1010687,1011720
1010687,1011831
1010687,1011833
1010687,1012068
1010687,1012069
1010687,1012244
1010687,1012289
1010687,1012368
1010687,1012875
1010687,1012935
1010687,1013022
1010687,1013166
1010687,1013250
1010687,1013810
1010687,1013811
1010687,1013894
1010687,1014000
1010687,1014347
1010687,1014361
1010687,1014362
1010687,1014630
1010687,1014671
1010687,1015007
1010687,1015116
1010687,1015117
1010687,1015185
1010687,1015186
1010687,1015875
1010687,1015984
1010687,1016014
1010687,1016086
1010687,1016424
1010687,1016425
1010687,1016432
1010687,1016582
1010687,1016746
1010687,1017105
1010687,1017712
1010687,1017713
1010687,1017759
1010687,1018179
1010687,1018275
1010687,1018306
1010688,1010688
1010689,1010688
1010689,1010689
1010690,1010690
1010691,1010560
1010691,1010561
1010691,1010690
1010691,1010691
1010691,1010793
1010691,1011589
1010691,1015817
1010691,1015818
1010692,1010692
1010693,1010692
1010693,1010693
1010693,1018212
1010694,1010694
1010694,1011629
1010695,1010695
1010696,1010696
1010697,1010697
1010698,1010698
1010699,1010699
1010700,1010700
1010701,1010700
1010701,1010701
1010702,1010702
1010703,1010703
1010704,1010704
1010705,1010705
1010706,1010706
1010707,1010707
1010708,1010708
1010709,1010708
1010709,1010709
1010709,1015204
1010709,1018176
1010710,1010710
1010711,1010711
1010712,1010712
1010713,1010713
1010714,1010713
1010714,1010714
1010715,1010715
1010716,1010716
1010717,1010717
1010717,1011069
1010718,1010717
1010718,1010718
1010718,1011069
1010719,1010719
1010720,1010720
1010721,1010721
1010722,1010722
1010723,1010723
1010724,1010724
1010725,1010724
1010725,1010725
1010726,1010726
1010727,1010727
1010728,1010728
1010729,1010729
1010730,1010730
1010731,1010731
1010732,1010732
1010733,1010733
1010734,1010734
1010735,1010735
1010735,1016086
1010736,1010736
1010737,1010737
1010738,1010738
1010739,1010739
1010740,1010740
1010741,1010741
1010742,1010742
1010743,1010743
1010744,1010744
1010744,1017911
1010745,1010745
1010746,1010746
1010747,1010747
1010748,1010748
1010749,1010749
1010749,1015536
1010750,1010750
1010751,1010751
1010752,1010752
1010753,1010753
1010754,1010754
1010755,1010755
1010756,1010756
1010757,1010757
1010758,1010758
1010759,1010759
1010760,1010760
1010761,1010761
1010762,1010762
1010763,1010763
1010764,1010764
1010765,1010765
1010766,1010766
1010767,1010767
1010768,1010768
1010768,1010905
1010769,1010769
1010770,1010770
1010771,1010771
1010772,1010772
1010772,1017245
1010773,1010773
1010774,1010774
1010775,1010775
1010776,1010775
1010776,1010776
1010776,1017275
1010777,1010777
1010777,1011493
1010778,1010778
1010779,1010779
1010780,1010780
1010781,1010781
1010782,1010781
1010782,1010782
1010782,1014431
1010782,1016278
1010783,1010783
1010784,1010784
1010785,1010784
1010785,1010785
1010785,1010830
1010785,1011872
1010785,1017674
1010786,1010786
1010787,1010787
1010788,1010787
1010788,1010788
1010789,1010789
1010790,1010789
1010790,1010790
1010790,1010887
1010790,1010947
1010790,1013628
1010790,1017041
1010791,1010791
1010792,1010792
1010793,1010793
1010794,1010794
1010794,1015514
1010795,1010794
1010795,1010795
1010795,1013472
1010795,1015514
1010795,1017723
1010796,1010796
1010797,1010797
1010798,1010798
1010799,1010798
1010799,1010799
1010799,1012375
1010799,1015598
1010799,1017240
1010800,1010491
1010800,1010492
1010800,1010639
1010800,1010640
1010800,1010800
1010800,1011731
1010800,1012331
1010800,1012421
1010800,1014596
1010800,1014597
1010800,1016704
1010801,1010801
1010802,1010802
1010803,1010803
1010804,1010804
1010805,1010805
1010806,1010806
1010807,1010807
1010808,1010808
1010809,1010809
1010810,1010810
1010810,1014447
1010810,1015546
1010811,1010811
1010812,1010812
1010813,1010813
1010814,1010813
1010814,1010814
1010814,1016996
1010815,1010815
1010816,1010815
1010816,1010816
1010816,1011552
1010817,1010817
1010818,1010818
1010819,1010819
1010820,1010820
1010821,1010821
1010822,1007095
1010822,1010290
1010822,1010291
1010822,1010821
1010822,1010822
1010822,1010840
1010822,1010841
1010822,1010917
1010822,1011242
1010822,1011332
1010822,1011541
1010822,1012389
1010822,1012390
1010822,1012717
1010822,1012896
1010822,1012909
1010822,1012998
1010822,1012999
1010822,1013078
1010822,1013220
1010822,1013316
1010822,1013643
1010822,1013716
1010822,1014483
1010822,1014989
1010822,1015082
1010822,1015114
1010822,1015196
1010822,1015464
1010822,1015759
1010822,1015862
1010822,1016097
1010822,1016130
1010822,1016417
1010822,1016466
1010822,1016993
1010822,1017040
1010822,1017254
1010822,1017339
1010822,1017457
1010822,1017504
1010822,1017902
1010822,1018054
1010823,1010823
1010824,1010824
1010825,1010825
1010826,1010826
1010827,1010827
1010828,1010827
1010828,1010828
1010828,1012703
1010828,1018592
1010829,1010829
1010830,1010830
1010831,1010831
1010832,1010832
1010833,1010833
1010834,1010834
1010835,1010835
1010836,1010835
1010836,1010836
1010837,1010837
1010838,1010838
1010839,1010838
1010839,1010839
1010839,1013138
1010839,1014712
1010839,1016169
1010839,1017132
1010839,1017336
1010839,1017458
1010839,1018057
1010839,1018131
1010840,1010840
1010841,1010840
1010841,1010841
1010841,1014483
1010841,1017902
1010842,1010842
1010843,1010842
1010843,1010843
1010844,1010844
1010845,1010844
1010845,1010845
1010846,1010846
1010847,1010847
1010848,1010848
1010849,1010849
1010850,1010850
1010851,1010851
1010852,1010852
1010853,1010853
1010854,1010854
1010855,1010855
1010856,1010856
1010856,1012511
1010857,1010857
1010858,1010858
1010859,1010859
1010860,1010860
1010861,1010860
1010861,1010861
1010861,1014144
1010861,1014391
1010861,1016061
1010862,1010862
1010863,1010863
1010864,1010864
1010865,1010865
1010866,1010866
1010867,1010867
1010868,1010868
1010869,1010869
1010870,1010870
1010871,1010871
1010872,1010872
1010873,1010873
1010874,1010874
1010875,1010875
1010876,1010876
1010877,1010877
1010878,1010878
1010879,1010879
1010880,1010880
1010881,1010881
1010881,1012549
1010881,1015934
1010882,1010882
1010883,1010883
1010884,1010884
1010885,1010885
1010885,1018175
1010886,1010886
1010886,1010923
1010887,1010887
1010888,1010888
1010889,1010889
1010890,1010890
1010891,1010891
1010891,1015989
1010891,1018035
1010892,1010892
1010893,1010893
1010894,1010894
1010895,1010895
1010896,1010896
1010897,1010896
1010897,1010897
1010898,1010898
1010899,1010899
1010900,1010900
1010901,1010901
1010902,1010902
1010902,1011646
1010902,1011667
1010902,1012198
1010902,1014071
1010902,1014724
1010902,1015250
1010902,1015674
1010902,1016242
1010902,1016615
1010902,1016897
1010902,1017397
1010902,1017449
1010902,1017691
1010902,1018449
1010903,1010903
1010904,1010904
1010905,1010905
1010906,1010906
1010907,1010907
1010908,1010908
1010908,1014746
1010909,1010908
1010909,1010909
1010909,1014746
1010910,1010910
1010911,1010911
1010912,1010912
1010913,1010913
1010913,1012607
1010913,1016818
1010914,1010914
1010915,1010915
1010915,1018292
1010916,1010915
1010916,1010916
1010916,1018292
1010917,1010917
1010918,1010918
1010918,1018061
1010919,1010919
1010920,1010920
1010921,1010921
1010921,1011373
1010921,1011374
1010921,1013782
1010921,1016143
1010921,1016332
1010921,1016420
1010921,1016793
1010922,1010922
1010923,1010923
1010924,1010924
1010925,1010925
1010926,1010926
1010927,1010927
1010928,1010928
1010929,1006874
1010929,1010929
1010930,1010930
1010931,1010931
1010932,1010932
1010933,1010933
1010934,1010934
1010935,1010935
1010936,1010936
1010937,1010937
1010938,1010938
1010939,1010938
1010939,1010939
1010940,1010940
1010941,1010941
1010942,1010941
1010942,1010942
1010942,1010991
1010942,1018467
1010943,1010943
1010944,1010944
1010944,1014226
1010945,1010944
1010945,1010945
1010945,1014226
1010946,1010946
1010947,1010947
1010948,1010948
1010949,1010949
1010950,1010950
1010951,1010950
1010951,1010951
1010951,1011008
1010951,1011009
1010951,1012335
1010951,1014105
1010951,1016524
1010952,1010952
1010953,1010953
1010954,1010954
1010955,1010955
1010956,1010956
1010957,1010957
1010958,1010958
1010959,1010959
1010960,1010960
1010961,1010961
1010962,1010962
1010963,1010963
1010964,1010964
1010965,1010965
1010966,1010965
1010966,1010966
1010966,1011681
1010966,1011845
1010967,1010967
1010968,1010968
1010969,1010968
1010969,1010969
1010969,1011344
1010969,1013609
1010970,1010970
1010971,1010971
1010972,1010971
1010972,1010972
1010972,1013652
1010973,1010973
1010974,1010973
1010974,1010974
1010974,1011847
1010974,1016547
1010974,1017710
1010975,1010975
1010976,1010976
1010977,1010976
1010977,1010977
1010978,1010978
1010978,1011642
1010979,1010979
1010980,1010980
1010981,1010981
1010982,1010981
1010982,1010982
1010983,1010983
1010984,1009061
1010984,1009062
1010984,1010984
1010984,1015942
1010985,1009061
1010985,1009062
1010985,1010984
1010985,1010985
1010985,1015942
1010986,1010986
1010987,1010987
1010988,1010988
1010989,1010989
1010990,1010990
1010991,1010991
1010992,1010992
1010993,1010993
1010994,1010994
1010995,1010995
1010996,1010996
1010997,1010996
1010997,1010997
1010998,1010998
1010999,1010999
1011000,1010999
1011000,1011000
1011000,1017153
1011000,1017192
1011001,1011001
1011002,1011002
1011003,1011003
1011004,1011004
1011005,1011005
1011006,1011006
1011007,1011007
1011008,1011008
1011009,1011008
1011009,1011009
1011009,1012335
1011009,1014105
1011010,1011010
1011011,1011011
1011012,1011012
1011013,1011013
1011014,1011014
1011015,1011015
1011016,1011016
1011017,1011016
1011017,1011017
1011018,1011018
1011019,1011019
1011020,1011020
1011021,1011021
1011022,1011022
1011023,1011023
1011024,1011023
1011024,1011024
1011024,1017488
1011025,1011025
1011026,1011026
1011027,1011027
1011028,1011028
1011028,1012500
1011028,1013150
1011028,1013508
1011028,1014825
1011028,1015309
1011028,1016532
1011028,1016659
1011028,1017705
1011029,1011029
1011030,1011030
1011031,1011030
1011031,1011031
1011032,1011032
1011033,1011033
1011033,1011556
1011034,1011034
1011034,1014185
1011034,1014186
1011035,1011035
1011036,1011036
1011037,1011037
1011038,1011038
1011039,1011039
1011040,1011040
1011041,1011041
1011042,1011042
1011043,1011042
1011043,1011043
1011044,1011044
1011044,1011761
1011044,1014011
1011044,1015273
1011044,1017282
1011045,1011045
1011046,1011046
1011047,1011047
1011048,1011047
1011048,1011048
1011049,1011049
1011050,1011050
1011051,1011050
1011051,1011051
1011051,1012689
1011052,1011052
1011053,1011053
1011054,1011054
1011055,1011055
1011056,1011056
1011057,1011057
1011058,1011058
1011059,1011059
1011059,1014470
1011059,1015629
1011060,1011060
1011061,1011061
1011062,1009894
1011062,1009895
1011062,1011061
1011062,1011062
1011063,1011063
1011064,1011064
1011065,1011065
1011066,1011066
1011067,1011067
1011068,1011068
1011068,1012611
1011069,1011069
1011070,1011070
1011071,1011071
1011072,1011072
1011073,1011073
1011074,1011074
1011075,1011074
1011075,1011075
1011075,1014266
1011076,1011076
1011077,1011077
1011077,1018179
1011078,1008129
1011078,1008130
1011078,1009919
1011078,1009920
1011078,1011077
1011078,1011078
1011078,1014000
1011078,1014347
1011078,1015185
1011078,1015186
1011078,1018179
1011079,1011079
1011080,1011080
1011081,1011081
1011082,1011082
1011083,1011083
1011083,1014586
1011083,1014587
1011084,1011083
1011084,1011084
1011084,1014586
1011084,1014587
1011084,1017499
1011084,1017500
1011085,1011085
1011085,1016084
1011086,1011086
1011087,1011087
1011088,1011088
1011089,1011089
1011090,1011090
1011090,1013620
1011091,1011091
1011092,1011092
1011093,1011093
1011094,1011094
1011094,1012097
1011094,1017194
1011095,1011095
1011096,1011096
1011097,1011097
1011098,1011098
1011099,1011099
1011100,1011099
1011100,1011100
1011101,1011101
1011102,1011102
1011102,1012501
1011103,1011102
1011103,1011103
1011103,1012041
1011103,1012042
1011103,1012501
1011104,1011104
1011105,1011105
1011106,1011106
1011107,1011107
1011108,1011108
1011109,1011109
1011110,1011110
1011110,1012812
1011111,1011111
1011112,1011112
1011112,1013368
1011112,1015651
1011113,1011113
1011114,1011113
1011114,1011114
1011114,1014015
1011114,1014052
1011114,1015417
1011114,1015429
1011114,1015498
1011114,1017950
1011114,1018286
1011115,1011115
1011116,1006821
1011116,1007435
1011116,1011116
1011116,1013636
1011117,1011117
1011118,1011118
1011118,1016804
1011119,1011118
1011119,1011119
1011119,1016102
1011119,1016804
1011120,1011120
1011121,1011121
1011122,1011122
1011123,1011123
1011124,1011124
1011125,1011124
1011125,1011125
1011125,1015668
1011125,1017471
1011126,1011126
1011127,1011127
1011128,1011128
1011129,1011128
1011129,1011129
1011129,1012383
1011129,1012384
1011129,1018059
1011130,1011130
1011131,1011131
1011132,1011132
1011133,1011133
1011134,1011133
1011134,1011134
1011134,1013871
1011134,1013872
1011134,1014082
1011134,1014742
1011134,1015471
1011135,1011135
1011136,1011136
1011137,1011137
1011137,1011889
1011137,1017927
1011138,1011138
1011138,1011456
1011138,1013751
1011138,1013982
1011139,1011139
1011140,1011139
1011140,1011140
1011141,1011141
1011142,1011142
1011143,1011142
1011143,1011143
1011143,1015331
1011144,1011144
1011145,1011144
1011145,1011145
1011146,1011146
1011147,1011147
1011148,1011147
1011148,1011148
1011148,1013551
1011149,1011149
1011150,1011150
1011150,1015377
1011150,1017940
1011151,1011150
1011151,1011151
1011151,1012416
1011151,1015377
1011151,1017940
1011152,1011152
1011153,1011153
1011154,1011154
1011154,1014808
1011155,1008600
1011155,1008601
1011155,1010220
1011155,1010221
1011155,1011072
1011155,1011155
1011155,1011299
1011155,1013425
1011156,1008600
1011156,1008601
1011156,1010220
1011156,1010221
1011156,1011072
1011156,1011155
1011156,1011156
1011156,1011299
1011156,1013425
1011157,1011157
1011158,1011157
1011158,1011158
1011158,1014051
1011159,1011159
1011160,1011160
1011161,1011161
1011162,1011162
1011163,1011163
1011164,1011164
1011165,1011165
1011166,1011166
1011167,1011167
1011168,1011168
1011169,1011169
1011170,1011170
1011171,1011171
1011172,1011172
1011173,1011173
1011174,1011173
1011174,1011174
1011175,1010327
1011175,1010328
1011175,1010663
1011175,1010664
1011175,1011175
1011175,1012437
1011175,1012528
1011175,1015122
1011175,1015689
1011175,1015894
1011175,1017237
1011175,1018211
1011175,1018631
1011176,1011176
1011177,1011177
1011177,1018386
1011178,1011177
1011178,1011178
1011178,1018386
1011179,1011179
1011180,1011180
1011181,1011181
1011182,1011182
1011182,1015351
1011183,1011183
1011184,1011184
1011185,1011185
1011186,1011186
1011187,1011187
1011187,1014010
1011188,1011188
1011189,1011189
1011190,1011190
1011191,1011191
1011192,1011192
1011193,1011193
1011194,1011194
1011195,1011195
1011196,1011196
1011197,1011197
1011198,1011198
1011199,1011199
1011200,1011200
1011201,1011201
1011201,1011682
1011201,1012017
1011201,1012370
1011201,1013369
1011201,1014436
1011201,1014700
1011201,1015267
1011201,1015744
1011201,1016274
1011201,1017963
1011201,1018628
1011202,1011202
1011203,1011203
1011204,1011204
1011205,1011205
1011206,1011206
1011207,1011207
1011208,1011208
1011209,1011209
1011210,1011209
1011210,1011210
1011210,1013137
1011211,1011211
1011212,1011212
1011213,1011213
1011214,1011214
1011215,1011215
1011216,1011216
1011217,1011217
1011218,1011218
1011219,1011219
1011220,1011220
1011221,1011220
1011221,1011221
1011221,1011593
1011221,1015371
1011221,1017442
1011222,1011222
1011223,1011223
1011223,1012072
1011223,1013280
1011224,1011224
1011225,1011224
1011225,1011225
1011226,1011226
1011226,1015592
1011227,1011227
1011228,1011228
1011229,1011229
1011230,1011230
1011231,1011231
1011232,1011231
1011232,1011232
1011232,1013460
1011232,1015681
1011232,1018480
1011233,1011233
1011234,1011234
1011235,1011234
1011235,1011235
1011235,1011363
1011235,1012863
1011235,1017947
1011235,1018010
1011236,1011236
1011237,1011237
1011238,1011238
1011239,1011238
1011239,1011239
1011240,1011240
1011241,1011241
1011242,1011242
1011243,1011243
1011244,1011244
1011245,1011245
1011246,1011246
1011247,1009016
1011247,1009017
1011247,1010022
1011247,1011246
1011247,1011247
1011247,1013155
1011247,1013398
1011247,1014951
1011247,1016452
1011247,1018421
1011248,1011248
1011249,1011249
1011250,1011250
1011251,1011251
1011252,1011252
1011253,1011253
1011254,1011254
1011255,1011255
1011256,1011256
1011257,1011257
1011258,1011257
1011258,1011258
1011258,1011638
1011259,1011259
1011260,1011260
1011261,1011261
1011262,1011262
1011263,1011263
1011264,1011264
1011265,1011264
1011265,1011265
1011265,1015369
1011265,1018372
1011266,1011266
1011267,1011267
1011268,1011267
1011268,1011268
1011268,1013523
1011268,1014552
1011268,1015056
1011268,1016878
1011268,1018402
1011269,1011269
1011270,1011270
1011271,1011271
1011272,1011272
1011273,1011273
1011274,1011274
1011275,1011274
1011275,1011275
1011275,1017462
1011275,1018047
1011276,1011276
1011277,1011276
1011277,1011277
1011277,1018060
1011278,1011278
1011279,1011279
1011280,1011280
1011281,1011281
1011282,1011282
1011283,1011282
1011283,1011283
1011283,1016386
1011283,1018544
1011284,1011284
1011285,1011285
1011286,1011286
1011286,1012061
1011286,1012062
1011286,1012192
1011286,1013227
1011286,1014541
1011286,1014794
1011286,1017139
1011287,1011287
1011287,1011828
1011287,1015712
1011288,1011288
1011288,1014239
1011289,1008493
1011289,1008494
1011289,1011288
1011289,1011289
1011289,1014004
1011289,1014125
1011289,1014239
1011289,1014704
1011289,1017461
1011290,1011290
1011291,1011291
1011292,1011291
1011292,1011292
1011293,1011293
1011294,1011294
1011295,1011295
1011296,1011296
1011297,1011297
1011298,1009761
1011298,1009762
1011298,1009791
1011298,1011297
1011298,1011298
1011298,1011962
1011298,1013941
1011298,1015388
1011299,1008600
1011299,1008601
1011299,1010220
1011299,1010221
1011299,1011072
1011299,1011299
1011299,1013425
1011300,1011300
1011301,1011301
1011302,1011301
1011302,1011302
1011302,1011530
1011303,1008417
1011303,1008418
1011303,1009581
1011303,1009582
1011303,1009894
1011303,1009895
1011303,1011061
1011303,1011062
1011303,1011303
1011303,1012059
1011303,1012060
1011303,1012225
1011303,1012226
1011303,1014444
1011303,1014857
1011303,1014858
1011303,1018248
1011304,1011304
1011305,1011305
1011306,1011306
1011307,1011307
1011308,1011308
1011309,1011309
1011310,1011310
1011311,1011311
1011312,1011312
1011313,1009364
1011313,1009365
1011313,1011313
1011313,1012269
1011313,1015563
1011313,1018548
1011314,1011314
1011315,1011315
1011316,1011316
1011317,1011317
1011318,1011318
1011319,1011319
1011320,1011320
1011321,1011321
1011322,1011321
1011322,1011322
1011323,1011323
1011324,1011324
1011325,1011324
1011325,1011325
1011325,1012846
1011325,1013988
1011325,1014442
1011326,1011326
1011327,1011327
1011328,1011328
1011329,1011329
1011329,1011620
1011329,1015677
1011329,1016229
1011329,1017049
1011330,1011330
1011331,1011331
1011332,1011332
1011333,1011333
1011334,1011334
1011335,1011335
1011336,1011335
1011336,1011336
1011336,1013190
1011336,1013379
1011336,1013641
1011336,1013642
1011336,1014124
1011336,1015035
1011336,1015843
1011336,1015848
1011336,1016414
1011336,1017806
1011337,1011337
1011338,1011338
1011339,1011339
1011340,1011340
1011341,1011341
1011342,1011342
1011343,1011342
1011343,1011343
1011343,1018083
1011344,1011344
1011344,1013609
1011345,1011345
1011346,1011346
1011347,1011346
1011347,1011347
1011348,1011348
1011349,1011349
1011350,1011350
1011350,1016070
1011351,1011351
1011352,1011352
1011353,1011353
1011354,1011354
1011355,1011355
1011356,1011356
1011357,1011357
1011358,1011358
1011359,1011359
1011360,1011359
1011360,1011360
1011361,1011361
1011362,1011361
1011362,1011362
1011362,1016294
1011362,1017573
1011363,1011363
1011364,1011364
1011365,1011365
1011366,1011366
1011367,1011366
1011367,1011367
1011368,1011368
1011369,1011369
1011369,1015105
1011370,1011370
1011371,1011371
1011371,1015212
1011371,1017367
1011372,1011372
1011373,1011373
1011374,1011373
1011374,1011374
1011374,1013782
1011374,1016332
1011374,1016420
1011374,1016793
1011375,1011375
1011376,1011376
1011377,1011377
1011378,1011378
1011379,1011379
1011380,1011380
1011381,1011381
1011382,1011382
1011382,1015307
1011383,1011383
1011384,1011384
1011385,1011385
1011386,1011386
1011387,1011386
1011387,1011387
1011387,1016671
1011388,1011388
1011389,1011388
1011389,1011389
1011389,1015291
1011390,1011390
1011391,1011391
1011392,1011392
1011393,1011393
1011393,1017415
1011394,1011394
1011395,1011395
1011396,1011396
1011397,1011397
1011398,1011398
1011399,1011399
1011400,1011400
1011401,1011401
1011402,1011401
1011402,1011402
1011402,1012191
1011403,1011403
1011404,1011404
1011405,1011405
1011406,1011406
1011406,1015955
1011407,1011407
1011408,1011408
1011409,1011409
1011410,1011410
1011411,1011411
1011412,1011412
1011413,1011413
1011414,1011414
1011415,1011415
1011416,1011416
1011417,1011417
1011418,1011418
1011418,1018616
1011419,1011419
1011420,1011420
1011420,1013806
1011421,1011421
1011422,1011422
1011423,1011423
1011424,1011424
1011425,1011425
1011426,1011426
1011427,1011426
1011427,1011427
1011427,1012346
1011428,1011428
1011429,1011428
1011429,1011429
1011429,1011573
1011429,1011597
1011429,1011916
1011429,1012581
1011429,1013164
1011429,1013330
1011429,1015172
1011429,1015565
1011429,1016939
1011430,1011430
1011431,1011430
1011431,1011431
1011432,1011432
1011433,1011433
1011434,1011434
1011435,1011434
1011435,1011435
1011436,1011436
1011437,1011437
1011438,1011438
1011439,1011439
1011440,1011440
1011441,1011440
1011441,1011441
1011441,1015782
1011441,1018457
1011442,1011442
1011443,1011443
1011444,1011444
1011445,1011445
1011446,1011446
1011447,1011447
1011448,1011448
1011449,1011449
1011450,1011450
1011451,1011450
1011451,1011451
1011451,1012127
1011451,1016727
1011451,1018466
1011452,1011452
1011452,1018231
1011453,1011453
1011454,1011453
1011454,1011454
1011455,1011455
1011456,1011456
1011457,1011457
1011458,1011458
1011459,1011459
1011460,1011460
1011461,1011461
1011462,1011462
1011463,1011463
1011464,1011464
1011465,1011465
1011466,1011466
1011467,1011467
1011468,1011467
1011468,1011468
1011468,1014334
1011469,1011469
1011469,1012839
1011469,1013501
1011470,1011470
1011471,1011471
1011472,1011472
1011473,1011473
1011474,1008646
1011474,1008647
1011474,1008828
1011474,1008829
1011474,1009283
1011474,1010871
1011474,1011018
1011474,1011284
1011474,1011474
1011474,1012279
1011474,1012870
1011474,1013007
1011474,1013450
1011474,1013962
1011474,1014638
1011474,1014735
1011474,1016685
1011474,1017134
1011474,1017912
1011475,1011475
1011476,1011475
1011476,1011476
1011476,1015503
1011476,1016041
1011477,1011301
1011477,1011302
1011477,1011477
1011477,1011530
1011478,1011478
1011479,1011479
1011480,1011479
1011480,1011480
1011480,1018086
1011481,1011481
1011482,1011482
1011483,1011483
1011484,1011484
1011485,1011485
1011486,1011486
1011487,1011486
1011487,1011487
1011487,1016732
1011488,1011488
1011489,1011489
1011490,1011490
1011491,1011491
1011492,1011492
1011493,1011493
1011494,1011494
1011495,1011495
1011495,1011911
1011495,1012560
1011495,1013416
1011495,1015478
1011496,1011496
1011497,1011497
1011498,1011498
1011499,1011499
1011500,1011500
1011501,1011501
1011502,1011502
1011503,1011503
1011504,1011504
1011505,1011505
1011506,1011506
1011507,1011507
1011508,1011508
1011509,1011508
1011509,1011509
1011509,1011590
1011509,1014459
1011510,1011510
1011511,1011511
1011512,1011512
1011513,1011513
1011514,1007649
1011514,1011514
1011515,1007241
1011515,1011515
1011516,1011516
1011517,1011517
1011518,1011518
1011519,1011519
1011520,1011519
1011520,1011520
1011521,1009280
1011521,1009281
1011521,1010736
1011521,1011521
1011521,1012040
1011521,1016613
1011521,1016614
1011522,1011522
1011523,1011523
1011524,1011523
1011524,1011524
1011525,1011525
1011526,1011526
1011527,1011527
1011528,1011527
1011528,1011528
1011528,1017537
1011529,1011529
1011530,1011530
1011531,1011531
1011532,1011532
1011533,1011533
1011534,1011534
1011535,1008189
1011535,1008190
1011535,1008662
1011535,1008663
1011535,1008918
1011535,1008919
1011535,1009453
1011535,1009487
1011535,1010045
1011535,1010688
1011535,1010689
1011535,1010983
1011535,1011066
1011535,1011127
1011535,1011187
1011535,1011334
1011535,1011453
1011535,1011454
1011535,1011535
1011535,1011672
1011535,1011994
1011535,1012046
1011535,1012136
1011535,1012394
1011535,1012649
1011535,1012767
1011535,1013043
1011535,1013151
1011535,1013177
1011535,1013224
1011535,1013232
1011535,1013233
1011535,1013296
1011535,1013350
1011535,1014010
1011535,1014030
1011535,1014477
1011535,1014516
1011535,1014561
1011535,1014777
1011535,1015006
1011535,1015490
1011535,1016017
1011535,1016065
1011535,1016365
1011535,1016561
1011535,1017097
1011535,1017107
1011535,1017334
1011535,1017401
1011535,1017516
1011535,1017700
1011535,1017763
1011535,1017805
1011535,1017857
1011535,1018039
1011535,1018301
1011535,1018317
1011535,1018555
1011535,1018610
1011536,1011536
1011537,1011537
1011538,1011538
1011539,1011539
1011540,1011540
1011541,1011541
1011542,1011542
1011543,1011543
1011544,1011544
1011545,1011545
1011546,1011546
1011547,1011547
1011548,1011548
1011549,1011549
1011550,1011550
1011551,1011551
1011552,1011552
1011553,1011553
1011554,1011554
1011555,1011555
1011556,1011556
1011557,1011557
1011558,1011558
1011559,1011559
1011560,1011560
1011560,1014106
1011560,1014703
1011560,1015575
1011561,1011561
1011562,1011562
1011563,1011563
1011564,1011564
1011564,1016950
1011565,1011565
1011566,1011566
1011566,1013462
1011566,1013937
1011566,1016887
1011567,1011567
1011568,1011568
1011568,1017087
1011569,1011569
1011570,1011570
1011571,1011570
1011571,1011571
1011571,1012739
1011572,1011572
1011573,1011573
1011574,1011574
1011575,1011575
1011576,1011576
1011577,1011577
1011578,1011578
1011579,1011579
1011580,1011579
1011580,1011580
1011581,1011581
1011582,1011581
1011582,1011582
1011582,1012831
1011582,1014022
1011583,1011583
1011584,1011584
1011585,1011585
1011586,1011586
1011587,1011587
1011588,1011588
1011589,1011589
1011590,1011590
1011591,1011591
1011592,1011592
1011593,1011593
1011594,1011594
1011595,1011595
1011596,1011595
1011596,1011596
1011597,1011597
1011598,1011598
1011599,1011599
1011600,1011600
1011601,1011601
1011602,1011602
1011603,1011603
1011604,1011604
1011605,1011605
1011606,1011606
1011607,1011607
1011608,1011607
1011608,1011608
1011609,1011609
1011610,1011610
1011611,1011611
1011611,1016575
1011612,1011612
1011613,1011613
1011614,1011614
1011615,1011614
1011615,1011615
1011616,1011616
1011616,1012854
1011616,1012855
1011616,1013798
1011616,1013799
1011616,1014768
1011617,1011617
1011618,1011618
1011619,1008594
1011619,1008595
1011619,1011619
1011619,1011806
1011619,1013593
1011619,1014153
1011620,1011620
1011621,1011621
1011622,1011622
1011623,1011622
1011623,1011623
1011623,1015832
1011624,1011624
1011625,1011625
1011626,1011626
1011627,1011627
1011628,1011628
1011629,1011629
1011630,1011630
1011631,1011631
1011632,1011632
1011633,1011633
1011634,1011634
1011635,1011635
1011636,1011636
1011637,1011637
1011638,1011638
1011639,1011639
1011640,1011640
1011641,1011641
1011642,1011642
1011643,1011643
1011644,1011644
1011645,1009771
1011645,1009772
1011645,1011645
1011645,1014570
1011646,1011646
1011647,1011647
1011648,1011648
1011649,1011649
1011650,1011650
1011651,1011651
1011652,1011652
1011653,1008187
1011653,1008188
1011653,1011653
1011654,1011654
1011655,1011655
1011656,1011655
1011656,1011656
1011656,1014225
1011657,1011657
1011658,1011658
1011659,1011659
1011659,1015513
1011660,1011660
1011661,1011661
1011662,1011662
1011663,1011663
1011664,1011664
1011665,1011665
1011666,1011666
1011667,1011667
1011668,1011668
1011669,1011669
1011670,1011669
1011670,1011670
1011670,1011826
1011670,1014143
1011671,1011671
1011672,1011672
1011673,1011673
1011674,1011674
1011675,1011674
1011675,1011675
1011675,1014320
1011675,1014520
1011676,1011676
1011677,1011677
1011678,1011677
1011678,1011678
1011678,1013679
1011679,1011679
1011680,1011680
1011681,1011681
1011682,1011682
1011683,1011683
1011684,1011683
1011684,1011684
1011684,1013357
1011685,1011685
1011686,1011686
1011687,1011687
1011688,1011688
1011689,1011689
1011690,1011689
1011690,1011690
1011691,1011691
1011691,1017977
1011692,1011692
1011692,1013857
1011692,1014997
1011692,1015395
1011692,1017838
1011693,1011693
1011694,1011694
1011695,1011694
1011695,1011695
1011696,1011696
1011697,1011697
1011698,1011698
1011699,1011699
1011700,1011700
1011701,1011701
1011702,1011701
1011702,1011702
1011702,1015289
1011702,1016193
1011702,1016757
1011703,1011703
1011704,1011704
1011705,1011705
1011706,1011706
1011707,1011707
1011708,1011708
1011709,1011709
1011710,1011710
1011711,1011711
1011712,1011712
1011713,1011713
1011714,1011714
1011715,1011715
1011716,1011716
1011717,1011717
1011718,1011718
1011719,1008942
1011719,1008943
1011719,1011718
1011719,1011719
1011719,1012995
1011719,1013505
1011719,1014821
1011719,1014831
1011719,1015032
1011719,1016454
1011719,1017994
1011719,1018056
1011719,1018540
1011720,1011720
1011720,1016582
1011721,1011721
1011721,1015393
1011722,1011721
1011722,1011722
1011722,1015393
1011723,1011723
1011724,1011723
1011724,1011724
1011724,1014135
1011724,1014898
1011725,1011725
1011726,1011726
1011727,1011726
1011727,1011727
1011727,1012730
1011727,1012837
1011727,1012960
1011727,1013997
1011727,1014359
1011727,1014478
1011728,1011728
1011729,1011728
1011729,1011729
1011730,1011730
1011731,1011731
1011732,1011732
1011733,1011733
1011734,1011734
1011735,1011734
1011735,1011735
1011736,1011736
1011737,1011737
1011738,1011738
1011739,1011739
1011740,1011739
1011740,1011740
1011741,1009380
1011741,1009381
1011741,1011741
1011742,1011742
1011743,1011743
1011744,1011744
1011744,1014556
1011744,1014557
1011744,1017985
1011745,1011745
1011746,1011746
1011746,1017987
1011747,1011746
1011747,1011747
1011747,1017987
1011748,1011748
1011749,1011749
1011750,1011750
1011751,1011751
1011752,1011752
1011753,1011753
1011754,1011754
1011755,1011755
1011756,1011756
1011757,1011757
1011758,1011757
1011758,1011758
1011759,1011759
1011760,1011760
1011761,1011761
1011762,1011762
1011763,1011763
1011764,1011764
1011765,1011765
1011766,1011401
1011766,1011402
1011766,1011765
1011766,1011766
1011766,1011935
1011766,1012191
1011766,1012462
1011766,1013219
1011766,1016577
1011766,1018475
1011766,1018528
1011767,1011767
1011768,1011768
1011769,1011769
1011769,1014371
1011770,1011770
1011771,1011771
1011772,1011772
1011772,1012727
1011772,1018185
1011773,1011773
1011774,1011774
1011775,1011775
1011776,1011775
1011776,1011776
1011776,1016855
1011777,1011777
1011778,1011778
1011779,1008058
1011779,1011779
1011780,1011780
1011781,1011781
1011782,1011782
1011783,1011783
1011784,1011784
1011785,1011784
1011785,1011785
1011785,1013411
1011785,1017813
1011785,1018190
1011786,1008330
1011786,1008331
1011786,1011168
1011786,1011786
1011786,1012151
1011786,1015057
1011786,1015973
1011786,1017995
1011786,1018463
1011787,1011787
1011788,1011788
1011789,1011788
1011789,1011789
1011790,1011790
1011791,1011791
1011792,1011791
1011792,1011792
1011792,1015838
1011793,1011793
1011794,1011794
1011795,1011795
1011796,1011796
1011797,1011797
1011798,1011797
1011798,1011798
1011799,1011799
1011800,1011800
1011801,1011801
1011802,1011802
1011803,1011803
1011804,1011803
1011804,1011804
1011805,1011805
1011806,1011806
1011807,1011807
1011808,1011807
1011808,1011808
1011809,1011809
1011809,1018218
1011810,1011810
1011811,1011811
1011812,1011812
1011812,1016370
1011813,1011479
1011813,1011480
1011813,1011812
1011813,1011813
1011813,1012749
1011813,1013447
1011813,1016370
1011813,1017821
1011813,1018086
1011813,1018208
1011813,1018410
1011813,1018621
1011814,1011814
1011814,1015911
1011814,1015912
1011815,1011815
1011816,1011815
1011816,1011816
1011816,1015897
1011817,1011817
1011818,1011818
1011818,1015863
1011819,1011819
1011820,1006725
1011820,1007431
1011820,1008902
1011820,1010018
1011820,1011820
1011820,1012315
1011820,1012316
1011820,1013060
1011820,1013978
1011820,1014812
1011820,1015633
1011820,1015956
1011820,1016036
1011820,1017312
1011821,1006725
1011821,1007431
1011821,1008902
1011821,1010018
1011821,1011820
1011821,1011821
1011821,1012315
1011821,1012316
1011821,1013060
1011821,1013978
1011821,1014812
1011821,1015633
1011821,1015956
1011821,1016036
1011821,1017312
1011822,1011822
1011822,1012902
1011822,1012903
1011823,1011823
1011824,1011824
1011825,1011825
1011825,1015728
1011825,1016187
1011826,1011826
1011827,1011827
1011828,1011828
1011829,1011829
1011830,1011829
1011830,1011830
1011830,1011860
1011831,1011831
1011831,1011833
1011832,1009483
1011832,1009484
1011832,1011157
1011832,1011158
1011832,1011564
1011832,1011832
1011832,1013036
1011832,1014051
1011832,1014188
1011832,1014330
1011832,1016063
1011832,1016950
1011833,1011833
1011834,1011834
1011835,1011835
1011836,1011836
1011837,1011836
1011837,1011837
1011837,1016206
1011838,1011838
1011839,1011839
1011839,1015048
1011840,1011840
1011841,1011841
1011842,1011842
1011843,1011842
1011843,1011843
1011844,1011844
1011845,1011845
1011846,1011846
1011847,1011847
1011848,1011848
1011849,1011849
1011849,1012354
1011850,1011850
1011851,1011850
1011851,1011851
1011852,1011852
1011852,1017023
1011852,1017024
1011853,1011853
1011854,1011854
1011855,1011855
1011856,1011856
1011857,1011857
1011858,1011857
1011858,1011858
1011858,1015017
1011859,1011859
1011860,1011860
1011861,1011861
1011862,1011862
1011863,1011863
1011864,1011864
1011865,1011865
1011866,1011866
1011867,1011867
1011868,1011868
1011869,1011869
1011870,1011870
1011871,1011870
1011871,1011871
1011871,1017063
1011872,1011872
1011873,1011873
1011874,1011874
1011875,1011875
1011876,1011876
1011877,1011877
1011878,1011878
1011879,1011879
1011880,1011880
1011881,1011881
1011882,1011882
1011883,1011883
1011883,1014205
1011884,1011883
1011884,1011884
1011884,1014205
1011885,1011885
1011886,1011886
1011887,1011887
1011888,1011887
1011888,1011888
1011889,1011889
1011890,1011890
1011891,1011891
1011892,1011892
1011893,1011893
1011894,1011894
1011895,1011895
1011896,1011896
1011897,1011897
1011898,1011898
1011899,1011898
1011899,1011899
1011899,1014869
1011900,1011900
1011901,1011900
1011901,1011901
1011901,1013374
1011901,1015432
1011901,1015851
1011901,1016235
1011902,1011902
1011903,1011903
1011904,1011904
1011905,1011905
1011905,1015209
1011906,1011906
1011907,1011907
1011907,1012852
1011907,1012853
1011907,1013380
1011907,1015174
1011907,1016352
1011908,1011908
1011909,1011909
1011910,1011910
1011911,1011911
1011912,1011912
1011913,1011913
1011914,1011914
1011915,1011915
1011916,1011916
1011917,1011917
1011918,1011918
1011919,1011919
1011920,1011920
1011921,1011920
1011921,1011921
1011922,1011922
1011923,1011923
1011924,1011924
1011925,1011924
1011925,1011925
1011925,1018082
1011926,1011926
1011927,1011927
1011928,1011928
1011929,1011929
1011930,1011929
1011930,1011930
1011930,1015576
1011930,1016640
1011931,1011931
1011932,1011932
1011933,1011933
1011934,1011934
1011935,1011935
1011936,1011936
1011937,1011937
1011938,1011938
1011939,1011939
1011940,1011940
1011941,1011941
1011942,1011942
1011943,1011943
1011944,1011944
1011945,1009712
1011945,1009713
1011945,1010004
1011945,1010005
1011945,1010194
1011945,1010521
1011945,1011945
1011945,1013025
1011945,1013939
1011945,1015852
1011945,1015853
1011945,1016003
1011945,1016207
1011945,1016516
1011945,1018342
1011946,1011946
1011947,1011947
1011948,1011948
1011949,1011949
1011950,1011950
1011951,1011951
1011952,1011952
1011953,1011953
1011954,1011953
1011954,1011954
1011955,1011955
1011956,1011956
1011956,1015222
1011957,1011957
1011958,1011958
1011959,1011959
1011960,1011960
1011960,1012274
1011961,1011961
1011962,1011962
1011963,1011963
1011964,1011964
1011965,1011965
1011966,1011966
1011967,1011967
1011968,1011968
1011969,1011969
1011970,1011970
1011971,1011971
1011972,1011971
1011972,1011972
1011973,1011973
1011974,1011974
1011975,1011975
1011976,1011976
1011977,1011977
1011978,1011978
1011979,1011979
1011980,1011980
1011981,1011981
1011982,1011982
1011983,1011983
1011984,1011984
1011985,1011985
1011986,1011986
1011987,1011987
1011988,1011987
1011988,1011988
1011989,1011989
1011990,1011990
1011991,1011990
1011991,1011991
1011991,1014710
1011992,1011992
1011993,1011993
1011994,1011994
1011995,1011995
1011996,1011996
1011997,1011997
1011998,1011998
1011999,1011999
1012000,1012000
1012001,1012001
1012002,1012001
1012002,1012002
1012002,1013308
1012003,1012003
1012004,1012004
1012004,1016579
1012005,1012005
1012006,1012006
1012007,1012006
1012007,1012007
1012007,1014211
1012008,1012008
1012009,1012009
1012010,1012010
1012011,1012011
1012012,1012012
1012013,1012013
1012014,1012014
1012015,1012015
1012016,1012016
1012017,1012017
1012018,1012018
1012019,1012019
1012020,1012020
1012021,1012021
1012022,1012022
1012023,1012023
1012024,1012024
1012025,1012025
1012026,1012026
1012027,1012027
1012028,1012027
1012028,1012028
1012029,1012029
1012030,1012030
1012030,1012877
1012030,1012878
1012031,1012031
1012032,1006839
1012032,1012031
1012032,1012032
1012032,1016277
1012032,1016597
1012032,1018590
1012033,1012033
1012034,1012034
1012035,1012035
1012036,1012036
1012037,1012037
1012038,1012037
1012038,1012038
1012039,1012039
1012040,1012040
1012041,1012041
1012042,1012041
1012042,1012042
1012043,1012043
1012044,1012044
1012045,1012045
1012046,1012046
1012047,1012047
1012048,1012047
1012048,1012048
1012049,1012049
1012049,1016433
1012050,1012050
1012051,1012051
1012052,1012052
1012053,1012053
1012054,1012054
1012055,1012055
1012056,1012056
1012057,1012057
1012058,1012058
1012059,1012059
1012060,1012059
1012060,1012060
1012060,1018248
1012061,1012061
1012062,1012061
1012062,1012062
1012062,1014541
1012062,1014794
1012063,1012063
1012063,1015311
1012064,1012064
1012065,1009345
1012065,1009346
1012065,1009967
1012065,1010106
1012065,1010341
1012065,1012065
1012065,1013299
1012065,1014251
1012065,1014524
1012065,1016867
1012065,1017791
1012066,1012066
1012067,1012067
1012068,1012068
1012069,1012068
1012069,1012069
1012070,1012070
1012071,1012071
1012072,1012072
1012073,1012073
1012074,1012074
1012075,1012075
1012076,1012076
1012077,1012077
1012078,1012078
1012079,1012079
1012080,1012080
1012081,1012081
1012082,1012082
1012083,1012083
1012084,1012084
1012085,1012085
1012086,1012086
1012087,1012087
1012088,1012088
1012088,1012997
1012088,1016004
1012089,1012089
1012090,1012090
1012091,1012091
1012092,1012092
1012093,1012093
1012094,1012093
1012094,1012094
1012094,1017656
1012095,1012095
1012096,1012096
1012097,1012097
1012098,1012098
1012099,1012099
1012100,1012100
1012101,1012101
1012102,1012102
1012103,1012103
1012104,1012104
1012105,1012105
1012106,1012106
1012107,1012106
1012107,1012107
1012107,1012664
1012107,1015381
1012107,1015477
1012107,1017287
1012108,1012108
1012109,1012109
1012110,1012110
1012111,1012111
1012112,1012112
1012113,1012113
1012114,1012114
1012115,1012115
1012116,1012116
1012117,1012117
1012118,1012118
1012119,1012119
1012120,1012120
1012121,1012121
1012122,1012122
1012123,1006605
1012123,1007225
1012123,1007830
1012123,1010126
1012123,1011447
1012123,1012123
1012123,1013006
1012123,1013492
1012123,1013682
1012123,1014314
1012123,1014315
1012123,1014923
1012123,1014924
1012123,1014959
1012123,1015132
1012123,1015486
1012123,1015781
1012123,1016062
1012123,1016716
1012123,1017031
1012123,1017162
1012123,1017313
1012123,1018586
1012124,1012124
1012125,1012125
1012126,1012126
1012127,1012127
1012128,1012128
1012129,1012129
1012130,1012130
1012131,1012131
1012132,1012132
1012133,1012133
1012134,1012134
1012135,1012135
1012136,1012136
1012137,1012137
1012138,1012138
1012139,1008419
1012139,1008420
1012139,1012139
1012140,1012140
1012141,1012140
1012141,1012141
1012142,1012142
1012143,1012143
1012144,1012144
1012145,1012144
1012145,1012145
1012145,1013512
1012145,1013563
1012145,1016307
1012146,1012146
1012147,1012147
1012148,1012148
1012149,1012149
1012149,1018053
1012150,1012150
1012151,1012151
1012152,1011523
1012152,1011524
1012152,1012152
1012153,1012153
1012154,1012154
1012154,1013957
1012154,1014169
1012155,1012155
1012156,1012156
1012157,1012157
1012158,1012158
1012158,1013314
1012159,1012159
1012160,1012160
1012161,1012161
1012162,1012162
1012163,1012163
1012164,1012164
1012165,1012165
1012166,1012165
1012166,1012166
1012166,1012850
1012166,1012851
1012167,1012167
1012168,1012168
1012169,1012169
1012170,1012170
1012171,1012171
1012172,1012172
1012173,1012173
1012173,1013172
1012173,1013173
1012174,1012174
1012175,1012175
1012176,1012176
1012177,1012177
1012178,1012178
1012179,1011883
1012179,1011884
1012179,1012179
1012179,1014205
1012180,1012180
1012181,1012181
1012182,1012182
1012183,1012183
1012184,1012184
1012184,1012914
1012185,1012185
1012186,1012185
1012186,1012186
1012187,1012187
1012188,1012188
1012189,1012189
1012190,1012190
1012191,1012191
1012192,1012192
1012192,1013227
1012192,1017139
1012193,1012193
1012194,1012194
1012195,1012195
1012196,1012196
1012197,1012197
1012198,1012198
1012199,1012199
1012200,1007340
1012200,1012200
1012200,1015968
1012201,1012201
1012202,1012202
1012203,1012203
1012204,1012204
1012205,1012205
1012205,1018316
1012206,1012206
1012207,1012207
1012208,1012208
1012209,1012209
1012210,1012209
1012210,1012210
1012211,1012211
1012212,1012211
1012212,1012212
1012213,1012213
1012214,1012214
1012215,1012215
1012216,1009330
1012216,1009331
1012216,1012216
1012216,1015692
1012217,1012217
1012218,1012218
1012219,1012219
1012220,1012220
1012221,1012221
1012222,1012222
1012223,1012223
1012224,1012223
1012224,1012224
1012224,1013331
1012225,1012225
1012226,1012225
1012226,1012226
1012227,1012227
1012228,1012228
1012229,1012229
1012230,1012230
1012231,1012231
1012232,1012232
1012232,1014549
1012233,1012233
1012234,1012233
1012234,1012234
1012235,1012235
1012236,1012236
1012237,1012237
1012238,1012238
1012239,1012238
1012239,1012239
1012239,1015013
1012240,1012240
1012241,1012241
1012242,1012242
1012243,1012243
1012244,1012244
1012245,1012245
1012246,1012246
1012247,1012247
1012248,1012248
1012249,1012249
1012250,1012250
1012251,1012251
1012252,1012252
1012253,1012253
1012254,1012254
1012255,1012255
1012256,1012256
1012257,1012257
1012258,1012258
1012259,1012259
1012260,1012259
1012260,1012260
1012261,1012261
1012262,1011734
1012262,1011735
1012262,1012262
1012263,1009352
1012263,1009353
1012263,1012263
1012263,1014269
1012263,1015269
1012264,1012264
1012265,1012265
1012266,1012266
1012267,1012267
1012268,1012268
1012269,1012269
1012270,1010569
1012270,1010570
1012270,1011177
1012270,1011178
1012270,1012270
1012270,1013054
1012270,1018386
1012271,1012271
1012272,1012272
1012273,1012273
1012274,1012274
1012275,1012275
1012276,1012276
1012277,1012277
1012278,1012278
1012279,1012279
1012280,1012280
1012280,1013001
1012280,1016494
1012281,1012281
1012282,1012282
1012283,1012283
1012284,1012283
1012284,1012284
1012285,1012285
1012286,1012286
1012287,1012287
1012288,1012288
1012289,1012289
1012289,1016014
1012290,1012290
1012291,1012291
1012292,1012291
1012292,1012292
1012292,1017558
1012293,1012293
1012294,1012294
1012295,1012295
1012296,1012296
1012296,1016160
1012297,1012297
1012298,1012298
1012299,1012298
1012299,1012299
1012299,1014316
1012300,1012300
1012301,1012301
1012302,1012302
1012303,1012303
1012304,1012304
1012305,1012305
1012306,1012306
1012307,1012307
1012308,1012308
1012309,1012308
1012309,1012309
1012310,1012310
1012311,1012311
1012312,1012312
1012313,1012313
1012314,1012314
1012315,1012315
1012316,1006725
1012316,1008902
1012316,1010018
1012316,1012315
1012316,1012316
1012316,1013060
1012316,1013978
1012316,1014812
1012316,1015633
1012316,1016036
1012317,1012317
1012318,1012318
1012319,1012318
1012319,1012319
1012319,1013995
1012319,1018090
1012319,1018404
1012320,1008218
1012320,1008219
1012320,1010981
1012320,1010982
1012320,1012175
1012320,1012320
1012321,1012321
1012322,1012321
1012322,1012322
1012323,1012323
1012324,1012324
1012324,1015113
1012324,1017740
1012325,1012325
1012326,1012326
1012327,1012327
1012328,1012328
1012329,1012329
1012330,1012330
1012331,1012331
1012331,1016704
1012332,1012332
1012332,1013696
1012333,1012333
1012334,1012334
1012335,1012335
1012336,1012336
1012337,1012337
1012338,1012338
1012339,1012339
1012340,1012340
1012341,1012341
1012342,1012342
1012343,1012343
1012344,1012344
1012344,1013160
1012345,1012345
1012346,1012346
1012347,1012347
1012348,1012348
1012349,1012349
1012350,1012350
1012351,1012350
1012351,1012351
1012351,1012490
1012351,1013646
1012351,1014412
1012352,1012352
1012353,1012353
1012354,1012354
1012355,1012355
1012356,1012356
1012357,1012357
1012358,1012358
1012358,1015329
1012358,1015330
1012358,1015414
1012358,1017218
1012359,1012358
1012359,1012359
1012359,1015329
1012359,1015330
1012359,1015414
1012359,1017218
1012360,1012360
1012361,1012360
1012361,1012361
1012362,1012362
1012363,1012363
1012364,1012364
1012364,1014503
1012365,1012365
1012366,1012366
1012367,1012367
1012368,1012368
1012369,1012369
1012370,1012370
1012371,1012371
1012372,1012371
1012372,1012372
1012372,1013931
1012372,1016018
1012373,1012373
1012374,1012374
1012375,1012375
1012376,1012376
1012377,1011953
1012377,1011954
1012377,1012377
1012378,1012378
1012379,1012379
1012380,1012379
1012380,1012380
1012380,1012654
1012380,1014111
1012380,1015521
1012380,1015542
1012380,1015625
1012380,1015706
1012380,1018199
1012381,1012381
1012382,1012382
1012382,1013558
1012382,1013559
1012383,1012383
1012384,1012383
1012384,1012384
1012384,1018059
1012385,1012385
1012386,1012386
1012387,1012387
1012388,1012388
1012388,1012876
1012389,1012389
1012390,1012389
1012390,1012390
1012390,1016097
1012391,1012391
1012392,1012391
1012392,1012392
1012393,1012393
1012394,1012394
1012395,1012395
1012396,1012396
1012397,1012397
1012398,1012398
1012399,1012399
1012400,1012400
1012401,1012401
1012402,1012402
1012403,1012403
1012404,1012404
1012405,1012405
1012406,1012406
1012407,1012407
1012407,1013071
1012408,1012407
1012408,1012408
1012408,1013071
1012409,1012409
1012410,1012410
1012411,1012411
1012412,1012412
1012413,1008911
1012413,1008912
1012413,1009603
1012413,1012106
1012413,1012107
1012413,1012413
1012413,1012664
1012413,1012682
1012413,1015362
1012413,1015381
1012413,1015477
1012413,1016896
1012413,1017287
1012413,1018392
1012414,1012414
1012415,1012415
1012416,1012416
1012417,1012417
1012418,1012418
1012419,1012419
1012420,1012420
1012421,1012421
1012422,1012422
1012423,1012423
1012424,1012424
1012425,1012424
1012425,1012425
1012426,1012426
1012427,1012427
1012428,1012428
1012429,1012429
1012430,1012430
1012431,1012431
1012432,1012432
1012433,1012433
1012434,1008212
1012434,1008213
1012434,1012434
1012435,1012435
1012436,1012436
1012437,1012437
1012438,1012438
1012439,1012439
1012440,1012440
1012441,1012441
1012442,1012442
1012443,1012443
1012444,1012444
1012445,1012445
1012446,1012446
1012447,1012447
1012448,1012448
1012449,1012449
1012450,1012449
1012450,1012450
1012450,1014679
1012450,1017121
1012451,1012451
1012452,1012452
1012453,1012453
1012454,1012454
1012455,1012455
1012456,1012456
1012457,1012457
1012458,1012458
1012459,1012459
1012460,1012460
1012461,1012461
1012462,1012462
1012463,1012463
1012464,1012464
1012465,1012465
1012466,1012466
1012467,1012467
1012468,1012468
1012469,1012469
1012470,1012469
1012470,1012470
1012470,1014388
1012471,1012471
1012471,1017897
1012472,1012472
1012473,1012473
1012474,1012474
1012475,1012475
1012476,1012476
1012477,1012477
1012478,1012478
1012479,1012479
1012480,1012480
1012481,1012481
1012482,1012481
1012482,1012482
1012483,1012483
1012484,1012484
1012485,1012485
1012486,1012486
1012487,1012487
1012488,1012488
1012489,1012489
1012490,1012490
1012491,1012491
1012492,1012492
1012493,1012493
1012494,1012493
1012494,1012494
1012495,1012495
1012496,1012496
1012497,1012497
1012498,1012498
1012499,1012499
1012500,1012500
1012501,1012501
1012502,1012502
1012503,1012503
1012504,1012504
1012505,1012505
1012506,1012506
1012507,1012507
1012508,1012508
1012509,1012509
1012510,1012510
1012511,1012511
1012512,1012512
1012513,1012513
1012514,1012514
1012515,1012515
1012516,1012516
1012517,1012517
1012518,1012518
1012519,1012519
1012520,1012520
1012521,1012521
1012522,1012522
1012523,1012523
1012524,1012524
1012524,1015923
1012524,1016341
1012524,1017179
1012525,1012524
1012525,1012525
1012525,1013524
1012525,1013525
1012525,1013805
1012525,1015923
1012525,1016341
1012525,1017179
1012525,1017756
1012526,1012526
1012526,1013445
1012526,1015081
1012526,1018343
1012527,1012527
1012528,1012528
1012529,1012529
1012530,1012530
1012531,1012531
1012532,1012532
1012533,1012533
1012534,1012533
1012534,1012534
1012534,1017520
1012535,1012535
1012536,1012536
1012537,1012537
1012538,1012538
1012539,1012539
1012540,1012540
1012541,1012541
1012542,1012542
1012543,1012543
1012544,1012543
1012544,1012544
1012544,1012657
1012544,1013778
1012545,1012545
1012546,1012546
1012547,1012547
1012548,1012548
1012549,1012549
1012549,1015934
1012550,1012550
1012551,1012551
1012552,1012552
1012552,1015169
1012552,1015930
1012553,1012553
1012554,1012554
1012555,1012555
1012556,1012555
1012556,1012556
1012557,1012557
1012558,1012558
1012559,1012559
1012560,1012560
1012561,1012561
1012562,1012562
1012563,1012563
1012564,1012564
1012565,1012564
1012565,1012565
1012566,1012566
1012567,1012567
1012568,1012568
1012569,1012569
1012570,1012570
1012571,1012570
1012571,1012571
1012571,1018308
1012572,1012572
1012573,1012573
1012574,1012574
1012575,1012575
1012576,1012575
1012576,1012576
1012577,1012577
1012577,1013375
1012578,1012578
1012579,1012579
1012580,1012580
1012581,1012581
1012582,1012582
1012583,1012582
1012583,1012583
1012584,1012584
1012585,1012585
1012586,1012586
1012587,1012586
1012587,1012587
1012588,1012588
1012589,1012589
1012590,1012590
1012591,1012591
1012592,1012592
1012593,1012593
1012593,1015428
1012594,1012594
1012595,1012595
1012596,1012596
1012597,1012597
1012598,1012598
1012599,1012599
1012600,1012600
1012601,1012601
1012602,1012602
1012603,1012603
1012604,1012604
1012605,1012605
1012606,1012606
1012607,1012607
1012608,1012608
1012609,1012609
1012610,1012610
1012611,1012611
1012612,1012612
1012613,1012613
1012614,1012614
1012615,1012615
1012616,1012615
1012616,1012616
1012616,1016548
1012617,1012617
1012618,1012618
1012619,1012619
1012620,1012619
1012620,1012620
1012621,1012621
1012622,1012621
1012622,1012622
1012622,1017683
1012623,1012623
1012624,1012624
1012625,1012625
1012626,1012626
1012627,1012627
1012628,1012628
1012629,1012629
1012630,1012630
1012631,1012631
1012632,1012632
1012633,1007769
1012633,1012633
1012633,1015774
1012634,1012634
1012635,1012635
1012636,1012636
1012637,1012637
1012638,1012638
1012639,1012638
1012639,1012639
1012639,1013909
1012639,1013910
1012640,1012640
1012641,1012641
1012642,1012642
1012643,1012643
1012644,1012644
1012645,1012645
1012645,1016064
1012646,1012646
1012647,1012647
1012648,1012648
1012649,1010688
1012649,1010689
1012649,1011453
1012649,1011454
1012649,1012649
1012649,1013350
1012650,1012650
1012650,1013855
1012650,1013961
1012650,1015039
1012650,1016662
1012651,1009690
1012651,1009691
1012651,1012569
1012651,1012650
1012651,1012651
1012651,1013168
1012651,1013169
1012651,1013855
1012651,1013961
1012651,1015039
1012651,1016662
1012651,1017320
1012651,1017534
1012651,1018514
1012652,1012652
1012653,1012653
1012654,1012654
1012655,1012655
1012656,1012656
1012657,1012657
1012658,1012658
1012659,1012659
1012660,1012660
1012661,1012661
1012662,1012662
1012663,1012663
1012664,1012664
1012665,1012665
1012666,1012665
1012666,1012666
1012666,1017843
1012667,1012667
1012668,1012668
1012669,1012669
1012670,1012670
1012671,1012671
1012672,1012672
1012673,1012673
1012674,1012673
1012674,1012674
1012674,1013297
1012674,1016639
1012675,1012675
1012676,1012676
1012677,1012677
1012678,1012678
1012679,1012679
1012680,1012680
1012681,1012680
1012681,1012681
1012681,1013118
1012681,1013800
1012682,1012682
1012683,1012683
1012684,1012684
1012685,1012685
1012685,1013030
1012685,1018362
1012686,1012686
1012687,1012687
1012688,1012688
1012689,1012689
1012690,1012690
1012691,1012690
1012691,1012691
1012692,1012692
1012692,1014654
1012692,1015344
1012692,1016715
1012692,1018255
1012693,1012693
1012694,1012694
1012695,1012695
1012696,1012696
1012697,1012697
1012698,1012698
1012699,1012699
1012700,1012699
1012700,1012700
1012701,1012701
1012702,1012702
1012703,1012703
1012703,1018592
1012704,1012704
1012705,1012704
1012705,1012705
1012705,1013629
1012705,1015585
1012706,1012706
1012707,1012707
1012708,1012708
1012709,1012709
1012710,1012710
1012711,1012711
1012712,1012712
1012713,1012713
1012714,1012714
1012715,1012715
1012716,1012716
1012717,1012717
1012717,1018054
1012718,1012718
1012719,1012719
1012720,1012720
1012721,1012721
1012722,1012722
1012723,1012723
1012724,1012724
1012725,1012725
1012726,1012726
1012727,1012727
1012728,1012728
1012729,1012729
1012730,1012730
1012731,1012731
1012732,1012732
1012733,1012733
1012734,1012734
1012735,1012735
1012736,1012736
1012737,1012737
1012738,1012738
1012739,1012739
1012740,1012740
1012741,1012741
1012742,1007509
1012742,1012742
1012742,1015453
1012743,1012743
1012744,1012744
1012745,1010590
1012745,1010591
1012745,1012745
1012745,1014353
1012745,1017509
1012746,1012746
1012747,1012747
1012748,1012748
1012749,1012749
1012750,1012750
1012751,1012751
1012752,1012752
1012753,1012753
1012754,1012754
1012755,1012755
1012755,1018533
1012756,1012756
1012757,1012756
1012757,1012757
1012757,1014537
1012758,1012758
1012759,1012759
1012760,1012760
1012761,1012760
1012761,1012761
1012762,1012762
1012763,1012762
1012763,1012763
1012763,1012874
1012763,1014764
1012763,1014765
1012764,1012764
1012765,1012765
1012766,1012766
1012767,1012767
1012768,1012768
1012769,1012769
1012770,1012770
1012771,1012771
1012772,1012772
1012773,1012773
1012774,1012774
1012775,1012775
1012776,1012776
1012777,1008713
1012777,1008714
1012777,1012776
1012777,1012777
1012777,1014628
1012777,1015356
1012777,1015686
1012777,1017058
1012777,1017269
1012778,1012778
1012779,1012779
1012780,1012780
1012781,1012781
1012782,1012781
1012782,1012782
1012783,1012783
1012784,1012784
1012785,1012785
1012786,1012786
1012787,1012787
1012788,1012787
1012788,1012788
1012788,1014322
1012788,1018522
1012789,1012789
1012790,1012790
1012791,1012791
1012792,1012791
1012792,1012792
1012793,1012793
1012793,1013757
1012793,1016172
1012794,1012794
1012795,1012795
1012796,1012796
1012797,1012797
1012798,1012798
1012799,1012799
1012800,1012800
1012801,1012801
1012802,1012802
1012803,1012803
1012804,1012804
1012805,1012805
1012806,1012806
1012807,1012807
1012808,1012807
1012808,1012808
1012809,1012809
1012810,1012810
1012811,1012811
1012812,1012812
1012813,1012813
1012814,1012814
1012815,1009738
1012815,1009739
1012815,1012424
1012815,1012425
1012815,1012815
1012816,1012816
1012817,1012817
1012818,1012818
1012819,1012819
1012819,1014405
1012820,1012820
1012821,1012821
1012821,1015187
1012822,1012821
1012822,1012822
1012822,1015187
1012823,1012823
1012824,1012824
1012825,1012825
1012826,1012826
1012827,1012827
1012828,1012828
1012828,1014913
1012828,1016138
1012829,1012829
1012829,1016156
1012829,1017187
1012830,1012830
1012831,1012831
1012832,1012832
1012833,1012833
1012834,1012834
1012835,1012835
1012836,1012836
1012837,1012837
1012838,1012838
1012839,1012839
1012840,1012840
1012841,1012841
1012842,1012842
1012842,1015439
1012842,1015483
1012843,1012842
1012843,1012843
1012843,1015439
1012843,1015483
1012844,1012844
1012844,1013485
1012845,1012844
1012845,1012845
1012845,1013485
1012846,1012846
1012847,1012847
1012848,1012848
1012848,1013596
1012848,1013863
1012848,1017720
1012849,1012849
1012849,1017955
1012850,1012850
1012851,1012850
1012851,1012851
1012852,1012852
1012853,1012852
1012853,1012853
1012853,1013380
1012853,1015174
1012853,1016352
1012854,1012854
1012855,1012854
1012855,1012855
1012855,1013798
1012855,1013799
1012855,1014768
1012856,1012856
1012857,1012857
1012858,1012858
1012858,1013479
1012858,1013480
1012858,1015628
1012858,1017325
1012859,1012859
1012860,1012860
1012861,1012861
1012862,1012862
1012863,1012863
1012864,1012864
1012865,1012865
1012866,1012866
1012867,1012867
1012868,1012868
1012869,1012869
1012870,1012870
1012871,1012871
1012872,1012872
1012873,1012873
1012874,1012874
1012875,1012875
1012875,1014671
1012876,1012876
1012877,1012877
1012878,1012877
1012878,1012878
1012879,1012879
1012880,1012880
1012881,1012881
1012882,1012882
1012883,1012883
1012884,1012884
1012885,1012885
1012886,1012886
1012887,1012887
1012888,1012888
1012889,1012889
1012890,1012890
1012891,1012891
1012892,1012892
1012893,1012893
1012894,1012894
1012895,1012894
1012895,1012895
1012896,1012896
1012897,1012897
1012898,1012897
1012898,1012898
1012899,1012899
1012900,1012900
1012901,1012901
1012902,1012902
1012903,1012902
1012903,1012903
1012904,1012904
1012905,1012905
1012906,1012906
1012907,1012907
1012908,1012908
1012909,1012909
1012910,1012910
1012911,1012911
1012912,1012912
1012913,1012913
1012914,1012914
1012915,1012915
1012916,1012916
1012917,1012917
1012917,1017631
1012918,1012918
1012919,1012919
1012920,1012920
1012921,1012921
1012922,1009957
1012922,1009958
1012922,1010372
1012922,1012922
1012922,1015080
1012923,1012923
1012923,1014025
1012923,1015465
1012924,1012924
1012925,1012925
1012926,1008668
1012926,1008669
1012926,1012926
1012926,1013274
1012926,1016227
1012926,1016233
1012927,1012927
1012928,1012928
1012929,1012929
1012930,1012930
1012931,1012931
1012932,1012932
1012933,1012933
1012934,1012934
1012935,1012935
1012935,1014630
1012936,1012936
1012937,1012937
1012938,1012938
1012939,1012939
1012940,1012940
1012941,1012941
1012942,1012942
1012943,1012943
1012944,1012943
1012944,1012944
1012945,1012945
1012945,1014272
1012945,1018058
1012946,1012946
1012947,1012947
1012948,1012948
1012949,1012949
1012949,1016221
1012950,1012950
1012951,1012951
1012952,1012952
1012953,1012953
1012954,1012954
1012955,1012955
1012956,1012956
1012957,1012957
1012958,1012957
1012958,1012958
1012959,1012959
1012960,1012960
1012961,1012961
1012962,1012962
1012963,1010644
1012963,1010645
1012963,1012963
1012963,1015638
1012964,1012964
1012965,1012965
1012966,1012966
1012967,1012967
1012968,1012968
1012969,1012969
1012970,1012970
1012971,1012970
1012971,1012971
1012971,1014967
1012972,1012972
1012973,1012973
1012974,1012974
1012975,1012975
1012976,1012976
1012977,1012977
1012978,1012978
1012979,1012979
1012980,1012980
1012981,1012981
1012982,1012982
1012983,1012983
1012984,1012984
1012985,1012985
1012986,1012986
1012987,1012987
1012988,1010944
1012988,1010945
1012988,1012988
1012988,1014226
1012988,1014421
1012988,1015795
1012988,1017899
1012988,1018377
1012989,1012989
1012990,1012990
1012991,1012991
1012992,1012992
1012993,1012993
1012994,1012994
1012995,1012995
1012996,1012996
1012997,1012997
1012998,1012998
1012999,1012998
1012999,1012999
1012999,1013078
1013000,1013000
1013001,1013001
1013001,1016494
1013002,1013002
1013003,1013003
1013004,1013004
1013005,1013005
1013006,1013006
1013007,1013007
1013008,1013008
1013009,1013009
1013010,1013010
1013011,1013011
1013012,1013012
1013013,1013012
1013013,1013013
1013014,1013014
1013015,1013015
1013016,1013016
1013017,1013017
1013018,1013018
1013019,1013019
1013020,1013020
1013021,1013020
1013021,1013021
1013022,1013022
1013023,1013023
1013024,1013024
1013025,1013025
1013025,1016003
1013026,1013026
1013027,1013027
1013028,1013028
1013029,1013029
1013030,1013030
1013031,1009627
1013031,1009628
1013031,1010165
1013031,1013031
1013032,1013032
1013033,1008212
1013033,1008213
1013033,1012434
1013033,1013033
1013033,1014530
1013033,1014661
1013034,1013034
1013035,1013035
1013036,1009483
1013036,1009484
1013036,1011157
1013036,1011158
1013036,1011564
1013036,1013036
1013036,1014051
1013036,1014188
1013036,1016063
1013036,1016950
1013037,1013037
1013037,1013499
1013037,1015335
1013037,1015336
1013037,1016295
1013038,1013038
1013039,1013039
1013040,1013040
1013041,1013041
1013042,1013042
1013043,1013043
1013044,1013044
1013045,1013045
1013046,1013046
1013047,1013047
1013048,1013048
1013049,1013049
1013050,1013050
1013051,1013051
1013052,1013052
1013053,1013053
1013054,1013054
1013055,1013055
1013056,1013056
1013057,1013057
1013058,1013058
1013059,1013059
1013059,1013920
1013060,1013060
1013061,1011581
1013061,1011582
1013061,1012831
1013061,1013061
1013061,1014022
1013062,1013062
1013063,1009781
1013063,1009782
1013063,1013063
1013064,1013064
1013065,1013064
1013065,1013065
1013065,1014372
1013065,1016223
1013066,1013066
1013067,1013067
1013068,1013067
1013068,1013068
1013069,1013069
1013070,1013070
1013071,1013071
1013072,1013072
1013073,1013073
1013074,1013074
1013075,1013075
1013076,1013076
1013077,1013077
1013078,1013078
1013079,1013079
1013079,1017490
1013080,1013080
1013081,1013081
1013082,1013082
1013083,1013082
1013083,1013083
1013083,1017786
1013084,1009488
1013084,1009489
1013084,1011504
1013084,1013084
1013084,1014278
1013084,1014279
1013084,1015407
1013085,1010396
1013085,1010397
1013085,1011527
1013085,1011528
1013085,1011655
1013085,1011656
1013085,1013085
1013085,1014225
1013085,1016444
1013085,1016445
1013085,1016803
1013085,1017537
1013085,1017627
1013086,1013086
1013087,1013087
1013088,1013088
1013089,1013089
1013090,1013089
1013090,1013090
1013090,1014529
1013090,1016240
1013091,1013091
1013092,1013092
1013093,1013093
1013094,1013094
1013095,1013095
1013096,1013096
1013097,1013097
1013098,1013098
1013099,1011386
1013099,1011387
1013099,1013099
1013099,1016671
1013100,1013100
1013101,1013101
1013102,1013102
1013103,1013103
1013104,1013104
1013105,1013105
1013106,1013106
1013107,1013107
1013108,1013108
1013109,1013109
1013110,1013110
1013111,1013111
1013112,1013111
1013112,1013112
1013113,1013113
1013114,1013114
1013115,1013115
1013116,1013116
1013117,1013117
1013118,1013118
1013119,1013119
1013120,1013120
1013121,1013120
1013121,1013121
1013121,1013754
1013122,1013122
1013123,1013123
1013124,1013123
1013124,1013124
1013124,1013993
1013125,1013125
1013126,1013126
1013127,1013127
1013128,1013128
1013129,1013129
1013130,1009504
1013130,1009505
1013130,1010031
1013130,1010032
1013130,1010129
1013130,1010854
1013130,1011864
1013130,1012387
1013130,1012491
1013130,1012805
1013130,1013129
1013130,1013130
1013130,1015160
1013130,1015276
1013130,1015401
1013130,1015646
1013130,1016152
1013130,1016344
1013130,1017485
1013130,1017879
1013130,1018385
1013130,1018389
1013131,1013131
1013132,1013132
1013132,1017886
1013133,1013133
1013134,1013134
1013135,1013134
1013135,1013135
1013136,1013136
1013137,1013137
1013138,1013138
1013139,1013139
1013140,1013140
1013141,1013140
1013141,1013141
1013141,1017098
1013142,1013142
1013143,1013142
1013143,1013143
1013144,1013144
1013145,1013145
1013146,1013146
1013146,1014613
1013147,1013147
1013148,1013148
1013149,1013149
1013150,1013150
1013151,1013151
1013152,1013152
1013153,1013153
1013154,1013154
1013155,1013155
1013156,1013156
1013157,1013157
1013158,1013158
1013159,1013159
1013160,1013160
1013161,1013161
1013162,1013162
1013163,1013163
1013164,1013164
1013165,1013165
1013166,1013166
1013166,1015875
1013167,1013167
1013168,1013168
1013169,1009690
1013169,1009691
1013169,1012569
1013169,1013168
1013169,1013169
1013169,1017320
1013169,1017534
1013169,1018514
1013170,1013170
1013171,1013171
1013172,1013172
1013173,1013172
1013173,1013173
1013174,1013174
1013175,1013175
1013176,1013176
1013176,1013397
1013177,1013177
1013177,1015006
1013177,1017857
1013178,1013178
1013179,1013179
1013180,1013180
1013181,1013181
1013182,1013182
1013183,1013183
1013184,1013184
1013185,1013185
1013186,1013186
1013187,1013186
1013187,1013187
1013188,1013188
1013189,1013189
1013190,1013190
1013191,1013191
1013192,1013192
1013193,1013193
1013194,1008319
1013194,1008320
1013194,1008493
1013194,1008494
1013194,1008752
1013194,1008753
1013194,1009852
1013194,1009853
1013194,1011288
1013194,1011289
1013194,1011810
1013194,1012615
1013194,1012616
1013194,1013194
1013194,1014004
1013194,1014039
1013194,1014125
1013194,1014239
1013194,1014704
1013194,1014860
1013194,1015176
1013194,1015617
1013194,1015867
1013194,1016296
1013194,1016297
1013194,1016371
1013194,1016548
1013194,1016703
1013194,1017461
1013195,1013195
1013195,1015271
1013195,1015767
1013196,1008265
1013196,1008266
1013196,1009813
1013196,1011401
1013196,1011402
1013196,1011765
1013196,1011766
1013196,1011935
1013196,1012191
1013196,1012462
1013196,1013195
1013196,1013196
1013196,1013219
1013196,1014275
1013196,1015271
1013196,1015767
1013196,1015768
1013196,1016577
1013196,1018475
1013196,1018528
1013197,1013197
1013198,1013198
1013199,1013198
1013199,1013199
1013199,1014496
1013200,1013200
1013201,1013201
1013202,1013202
1013203,1013203
1013204,1013204
1013205,1013205
1013206,1013206
1013207,1013207
1013208,1013208
1013209,1013209
1013210,1013210
1013211,1013211
1013212,1013212
1013213,1013213
1013213,1016146
1013214,1013214
1013215,1013215
1013216,1013216
1013217,1013217
1013218,1013218
1013218,1015065
1013218,1016251
1013219,1013219
1013220,1013220
1013220,1013716
1013220,1015759
1013221,1013221
1013222,1013221
1013222,1013222
1013222,1013522
1013222,1017469
1013223,1013223
1013224,1013224
1013225,1013225
1013226,1008428
1013226,1008429
1013226,1010250
1013226,1013226
1013226,1014019
1013226,1016655
1013226,1016888
1013227,1013227
1013228,1013228
1013229,1013229
1013230,1013230
1013231,1013231
1013232,1013232
1013233,1013232
1013233,1013233
1013233,1014777
1013233,1018555
1013234,1013234
1013235,1013235
1013236,1013236
1013237,1013237
1013238,1013238
1013239,1013239
1013240,1013240
1013241,1013241
1013242,1013241
1013242,1013242
1013243,1013243
1013244,1013244
1013245,1013245
1013246,1013246
1013247,1013247
1013247,1014513
1013247,1018526
1013248,1013248
1013249,1013249
1013249,1014887
1013250,1013250
1013251,1013251
1013252,1013252
1013253,1013253
1013254,1013254
1013255,1013255
1013256,1013256
1013257,1013257
1013258,1013258
1013259,1013259
1013260,1013260
1013261,1013261
1013262,1013262
1013263,1013262
1013263,1013263
1013263,1017412
1013264,1008695
1013264,1008696
1013264,1009964
1013264,1013264
1013264,1015119
1013264,1015120
1013264,1017722
1013264,1018563
1013265,1013265
1013266,1013266
1013267,1013267
1013268,1013268
1013269,1013269
1013270,1013269
1013270,1013270
1013270,1014911
1013271,1013271
1013272,1013272
1013273,1013273
1013274,1013274
1013275,1013275
1013276,1013276
1013277,1013277
1013278,1013278
1013279,1013279
1013280,1013280
1013281,1013281
1013282,1013282
1013283,1013283
1013284,1013284
1013285,1013284
1013285,1013285
1013286,1013286
1013287,1013287
1013287,1013769
1013287,1018447
1013287,1018568
1013288,1013288
1013289,1013289
1013290,1013290
1013291,1013291
1013292,1013292
1013293,1013293
1013294,1013294
1013295,1013295
1013296,1013296
1013297,1013297
1013298,1013298
1013299,1013299
1013300,1013300
1013301,1013301
1013302,1013302
1013303,1013303
1013304,1013304
1013305,1013305
1013306,1013306
1013307,1013307
1013308,1013308
1013309,1013309
1013310,1013310
1013311,1013311
1013312,1013312
1013313,1013312
1013313,1013313
1013313,1013791
1013314,1013314
1013315,1013315
1013316,1013316
1013317,1013317
1013318,1013318
1013319,1013318
1013319,1013319
1013320,1013320
1013321,1013321
1013322,1013322
1013323,1013323
1013324,1013324
1013325,1013325
1013326,1013326
1013327,1013327
1013328,1013328
1013329,1013329
1013330,1013330
1013331,1013331
1013332,1013332
1013333,1013333
1013334,1013334
1013335,1013335
1013335,1015173
1013336,1013336
1013337,1013337
1013338,1013338
1013339,1013338
1013339,1013339
1013340,1013340
1013341,1013341
1013342,1013342
1013343,1013343
1013344,1013344
1013345,1013345
1013346,1013346
1013347,1013347
1013348,1008665
1013348,1008666
1013348,1013348
1013349,1013349
1013350,1013350
1013351,1013351
1013352,1013352
1013353,1013353
1013354,1013354
1013355,1013355
1013356,1013356
1013357,1013357
1013358,1013358
1013359,1013359
1013360,1013360
1013361,1013361
1013362,1013362
1013363,1008693
1013363,1008694
1013363,1013363
1013364,1013364
1013365,1013365
1013366,1013366
1013367,1013367
1013368,1013368
1013369,1013369
1013370,1013370
1013371,1013371
1013372,1013372
1013373,1013373
1013374,1013374
1013375,1013375
1013376,1013376
1013377,1013377
1013378,1013378
1013379,1013379
1013380,1013380
1013381,1013381
1013382,1013382
1013383,1013383
1013384,1013384
1013385,1013385
1013386,1013386
1013387,1013387
1013388,1013388
1013389,1013389
1013390,1013390
1013391,1013391
1013392,1013392
1013392,1016644
1013393,1013393
1013394,1013089
1013394,1013090
1013394,1013393
1013394,1013394
1013394,1014529
1013394,1016240
1013395,1013395
1013396,1013396
1013397,1013397
1013398,1013398
1013399,1013399
1013400,1013400
1013401,1013401
1013402,1013402
1013403,1013403
1013404,1013404
1013405,1013405
1013406,1013406
1013407,1013407
1013408,1013408
1013409,1013409
1013410,1013410
1013411,1013411
1013412,1013412
1013413,1013412
1013413,1013413
1013413,1013743
1013413,1017910
1013414,1013414
1013415,1013415
1013416,1013416
1013417,1013417
1013418,1013418
1013419,1013419
1013420,1013420
1013421,1013420
1013421,1013421
1013422,1013422
1013422,1014324
1013423,1013423
1013424,1013424
1013425,1013425
1013426,1013426
1013427,1013427
1013428,1013428
1013429,1013428
1013429,1013429
1013430,1013430
1013431,1009380
1013431,1009381
1013431,1011741
1013431,1013431
1013432,1013432
1013433,1013433
1013434,1013434
1013435,1013435
1013436,1013436
1013437,1013437
1013438,1013438
1013439,1013439
1013440,1013440
1013441,1013441
1013442,1013442
1013443,1013442
1013443,1013443
1013443,1014093
1013443,1016978
1013444,1013444
1013445,1013445
1013445,1018343
1013446,1013446
1013447,1013447
1013448,1009591
1013448,1009592
1013448,1013448
1013449,1013449
1013450,1013450
1013451,1013451
1013452,1013452
1013453,1013453
1013454,1013454
1013454,1015437
1013455,1013454
1013455,1013455
1013455,1015437
1013456,1013456
1013457,1013457
1013458,1013458
1013459,1013459
1013460,1013460
1013461,1013461
1013462,1013462
1013463,1013463
1013464,1013464
1013465,1013338
1013465,1013339
1013465,1013465
1013466,1013466
1013467,1013467
1013468,1013468
1013469,1013469
1013470,1013470
1013471,1013471
1013472,1013472
1013472,1017723
1013473,1013473
1013474,1013474
1013475,1013475
1013476,1013476
1013477,1013477
1013478,1013478
1013478,1013842
1013479,1013479
1013480,1013479
1013480,1013480
1013480,1015628
1013480,1017325
1013481,1013481
1013482,1013482
1013483,1013483
1013484,1013484
1013485,1013485
1013486,1013486
1013487,1013487
1013488,1013488
1013489,1013489
1013490,1013490
1013491,1013491
1013492,1013492
1013493,1013493
1013494,1013494
1013495,1013495
1013496,1013496
1013497,1013497
1013498,1013498
1013499,1013499
1013500,1013500
1013501,1013501
1013502,1013502
1013503,1013503
1013504,1013504
1013505,1013505
1013506,1013506
1013507,1013507
1013508,1013508
1013509,1013509
1013510,1013510
1013511,1013511
1013512,1013512
1013513,1013513
1013514,1009638
1013514,1009639
1013514,1013513
1013514,1013514
1013515,1013515
1013515,1016368
1013516,1013516
1013517,1013517
1013518,1013518
1013519,1013518
1013519,1013519
1013520,1013520
1013520,1015745
1013521,1013521
1013521,1017125
1013522,1013522
1013523,1013523
1013523,1014552
1013523,1015056
1013524,1013524
1013525,1013524
1013525,1013525
1013526,1013526
1013527,1013527
1013528,1013528
1013529,1013529
1013530,1013530
1013531,1013531
1013532,1013532
1013533,1013533
1013534,1013534
1013535,1013535
1013536,1013536
1013537,1007011
1013537,1013537
1013537,1014301
1013538,1013538
1013539,1013539
1013540,1013540
1013541,1013541
1013542,1013542
1013543,1013543
1013544,1013544
1013545,1013545
1013546,1013546
1013547,1013547
1013548,1013548
1013549,1013549
1013550,1013550
1013550,1016593
1013551,1013551
1013552,1013552
1013553,1013552
1013553,1013553
1013554,1013554
1013555,1013555
1013556,1013556
1013557,1013557
1013558,1013558
1013559,1013558
1013559,1013559
1013560,1013560
1013561,1013561
1013562,1013562
1013563,1013563
1013564,1013564
1013565,1013565
1013566,1013566
1013567,1013567
1013568,1013568
1013569,1013569
1013570,1013570
1013571,1013571
1013572,1013572
1013573,1013573
1013574,1013574
1013575,1013575
1013576,1013576
1013577,1013577
1013578,1013578
1013579,1013579
1013580,1013580
1013581,1013581
1013582,1013582
1013583,1013583
1013584,1013584
1013585,1013585
1013586,1013586
1013587,1013587
1013588,1013588
1013588,1017812
1013589,1013589
1013590,1013590
1013591,1013591
1013592,1013592
1013593,1013593
1013594,1013594
1013595,1013595
1013596,1013596
1013597,1013597
1013598,1013598
1013599,1013599
1013600,1013600
1013601,1013601
1013602,1013602
1013603,1013603
1013604,1013604
1013605,1013605
1013606,1013606
1013607,1013607
1013608,1013608
1013609,1013609
1013610,1013610
1013611,1013611
1013612,1013612
1013613,1013613
1013614,1013614
1013615,1013615
1013616,1013616
1013617,1013617
1013618,1013617
1013618,1013618
1013618,1015626
1013618,1015627
1013619,1013619
1013620,1013620
1013621,1013621
1013622,1013622
1013622,1018101
1013623,1013623
1013624,1013624
1013625,1013624
1013625,1013625
1013625,1014134
1013625,1015685
1013625,1016564
1013626,1013626
1013627,1013627
1013628,1013628
1013629,1013629
1013630,1013630
1013631,1013631
1013632,1013632
1013633,1013633
1013634,1013633
1013634,1013634
1013634,1015756
1013635,1013635
1013636,1013636
1013637,1013637
1013638,1013638
1013639,1013639
1013640,1013640
1013641,1013641
1013642,1013641
1013642,1013642
1013643,1013643
1013643,1016417
1013644,1013644
1013645,1013645
1013646,1013646
1013647,1013647
1013648,1013647
1013648,1013648
1013649,1013649
1013650,1013650
1013651,1013651
1013652,1013652
1013653,1013653
1013654,1013654
1013655,1013655
1013656,1013656
1013657,1013657
1013658,1013657
1013658,1013658
1013658,1014155
1013659,1013659
1013660,1013660
1013661,1013661
1013662,1013662
1013663,1013663
1013664,1013664
1013665,1013665
1013666,1013666
1013667,1013667
1013668,1013668
1013669,1013669
1013670,1013670
1013671,1013671
1013672,1013672
1013673,1013673
1013674,1013674
1013675,1013675
1013676,1013676
1013677,1013677
1013678,1013678
1013679,1013679
1013680,1013680
1013681,1013681
1013682,1013682
1013683,1013683
1013684,1013684
1013685,1013685
1013686,1013686
1013687,1013687
1013688,1013688
1013689,1013688
1013689,1013689
1013690,1013690
1013691,1013691
1013692,1013692
1013693,1013693
1013694,1013694
1013695,1013695
1013696,1013696
1013697,1013697
1013698,1013698
1013699,1013699
1013700,1013700
1013701,1013701
1013702,1013702
1013703,1013703
1013704,1013704
1013705,1013705
1013706,1013705
1013706,1013706
1013707,1013707
1013708,1013708
1013709,1013709
1013710,1013710
1013711,1013711
1013712,1013712
1013713,1013713
1013714,1013714
1013715,1013715
1013716,1013716
1013717,1013717
1013718,1013718
1013719,1013719
1013720,1013720
1013721,1013721
1013722,1013722
1013723,1013723
1013724,1013724
1013725,1013725
1013726,1013726
1013727,1013727
1013728,1008234
1013728,1008235
1013728,1012255
1013728,1013701
1013728,1013728
1013728,1016623
1013729,1013729
1013730,1013730
1013731,1013731
1013732,1013732
1013733,1013733
1013734,1008195
1013734,1008196
1013734,1008201
1013734,1008202
1013734,1008270
1013734,1008271
1013734,1008413
1013734,1008574
1013734,1008646
1013734,1008647
1013734,1008805
1013734,1008828
1013734,1008829
1013734,1009024
1013734,1009025
1013734,1009065
1013734,1009152
1013734,1009153
1013734,1009283
1013734,1009314
1013734,1009357
1013734,1009557
1013734,1009757
1013734,1010121
1013734,1010153
1013734,1010181
1013734,1010182
1013734,1010298
1013734,1010354
1013734,1010637
1013734,1010638
1013734,1010871
1013734,1011018
1013734,1011044
1013734,1011284
1013734,1011315
1013734,1011474
1013734,1011761
1013734,1011780
1013734,1012161
1013734,1012279
1013734,1012824
1013734,1012870
1013734,1013007
1013734,1013009
1013734,1013450
1013734,1013677
1013734,1013734
1013734,1013764
1013734,1013797
1013734,1013962
1013734,1014011
1013734,1014534
1013734,1014638
1013734,1014735
1013734,1014775
1013734,1015273
1013734,1015603
1013734,1015730
1013734,1016008
1013734,1016450
1013734,1016685
1013734,1016687
1013734,1016689
1013734,1016694
1013734,1016729
1013734,1016836
1013734,1016934
1013734,1017134
1013734,1017282
1013734,1017611
1013734,1017632
1013734,1017644
1013734,1017912
1013734,1018041
1013734,1018202
1013734,1018233
1013734,1018264
1013734,1018277
1013734,1018501
1013734,1018546
1013735,1013735
1013736,1013736
1013737,1013737
1013738,1013738
1013739,1013738
1013739,1013739
1013739,1016807
1013740,1013740
1013741,1013741
1013742,1013742
1013743,1013743
1013744,1013744
1013745,1013745
1013746,1013746
1013747,1013747
1013748,1013748
1013749,1013749
1013750,1013750
1013751,1013751
1013752,1013752
1013753,1013753
1013754,1013754
1013755,1013755
1013756,1013756
1013757,1013757
1013757,1016172
1013758,1013758
1013759,1013759
1013760,1013760
1013761,1013761
1013762,1013761
1013762,1013762
1013762,1016580
1013762,1017082
1013762,1018542
1013763,1013763
1013763,1017863
1013764,1013764
1013765,1013765
1013766,1013766
1013766,1013963
1013767,1012259
1013767,1012260
1013767,1013767
1013768,1013768
1013769,1013769
1013770,1013770
1013771,1013771
1013772,1013772
1013773,1013772
1013773,1013773
1013773,1015055
1013774,1009043
1013774,1009044
1013774,1012328
1013774,1013774
1013775,1013775
1013776,1013776
1013777,1009887
1013777,1009888
1013777,1013777
1013778,1013778
1013779,1013779
1013780,1013780
1013781,1013781
1013782,1013782
1013783,1013783
1013784,1013784
1013785,1013785
1013786,1013786
1013787,1013787
1013788,1013787
1013788,1013788
1013788,1014184
1013789,1013789
1013790,1008596
1013790,1008597
1013790,1010653
1013790,1010654
1013790,1011328
1013790,1012297
1013790,1013790
1013790,1014294
1013790,1016164
1013790,1016675
1013790,1018274
1013791,1013791
1013792,1013792
1013793,1013793
1013794,1013794
1013795,1013795
1013796,1013796
1013797,1013797
1013798,1013798
1013799,1013798
1013799,1013799
1013800,1013800
1013801,1013801
1013802,1013802
1013803,1013803
1013804,1013804
1013805,1013805
1013806,1013806
1013807,1013807
1013808,1013808
1013809,1013809
1013810,1013810
1013811,1013810
1013811,1013811
1013812,1013812
1013813,1013813
1013814,1013814
1013815,1013815
1013816,1013816
1013817,1013817
1013818,1013817
1013818,1013818
1013818,1014980
1013819,1013819
1013820,1013820
1013821,1013821
1013822,1013822
1013823,1013823
1013824,1013824
1013825,1013824
1013825,1013825
1013826,1013826
1013827,1013827
1013828,1013827
1013828,1013828
1013828,1014511
1013828,1018453
1013829,1013829
1013830,1013830
1013831,1013831
1013832,1013831
1013832,1013832
1013833,1008179
1013833,1008180
1013833,1008749
1013833,1011842
1013833,1011843
1013833,1012027
1013833,1012028
1013833,1012321
1013833,1012322
1013833,1013110
1013833,1013833
1013834,1013834
1013835,1013835
1013836,1013836
1013837,1013837
1013838,1013838
1013839,1013839
1013840,1013840
1013841,1013840
1013841,1013841
1013841,1017379
1013842,1013842
1013843,1013843
1013844,1013843
1013844,1013844
1013844,1013922
1013845,1013845
1013846,1013846
1013847,1013847
1013848,1013848
1013849,1013849
1013849,1017623
1013850,1013850
1013851,1013851
1013852,1013852
1013853,1013853
1013854,1013854
1013855,1013855
1013855,1016662
1013856,1013856
1013857,1013857
1013858,1013858
1013858,1018473
1013859,1013859
1013860,1013860
1013861,1013861
1013862,1013862
1013863,1013863
1013864,1013864
1013865,1013865
1013866,1013866
1013867,1013867
1013868,1013868
1013869,1013869
1013870,1013870
1013871,1013871
1013872,1013871
1013872,1013872
1013872,1015471
1013873,1013873
1013874,1013874
1013875,1013875
1013876,1013876
1013877,1013877
1013878,1013878
1013879,1013879
1013880,1013880
1013881,1013881
1013882,1013882
1013883,1013883
1013883,1018511
1013884,1013884
1013885,1013885
1013886,1013886
1013887,1013887
1013888,1013888
1013888,1014543
1013888,1016962
1013889,1013889
1013890,1013890
1013891,1013891
1013892,1013891
1013892,1013892
1013892,1014110
1013892,1015277
1013892,1016033
1013893,1013893
1013894,1013894
1013895,1013895
1013896,1013896
1013897,1013897
1013898,1013898
1013899,1013899
1013900,1013900
1013901,1013901
1013902,1013902
1013903,1013903
1013904,1013904
1013905,1013905
1013906,1013906
1013907,1013907
1013908,1013908
1013909,1013909
1013910,1013909
1013910,1013910
1013911,1013911
1013912,1013912
1013913,1013913
1013914,1013914
1013915,1013915
1013916,1013916
1013917,1013917
1013918,1013918
1013919,1013919
1013920,1013920
1013921,1013921
1013922,1013922
1013923,1013923
1013924,1013924
1013925,1013925
1013926,1013926
1013927,1013926
1013927,1013927
1013927,1015353
1013928,1013928
1013929,1013929
1013930,1013930
1013931,1013931
1013932,1013932
1013933,1013933
1013934,1011971
1013934,1011972
1013934,1013934
1013934,1015025
1013935,1011971
1013935,1011972
1013935,1013934
1013935,1013935
1013935,1015025
1013935,1017783
1013936,1013936
1013937,1013937
1013938,1013938
1013939,1013939
1013940,1013940
1013941,1013941
1013941,1015388
1013942,1013942
1013943,1013943
1013944,1013944
1013945,1013945
1013946,1013946
1013947,1013947
1013948,1013948
1013948,1015704
1013949,1013949
1013950,1013950
1013951,1009352
1013951,1009353
1013951,1012263
1013951,1013951
1013951,1014269
1013951,1014422
1013951,1015269
1013951,1015991
1013951,1016504
1013952,1013952
1013953,1013953
1013953,1017589
1013954,1013954
1013955,1013955
1013956,1013956
1013957,1013957
1013958,1013958
1013959,1013959
1013960,1013960
1013961,1013961
1013962,1013962
1013963,1013963
1013964,1013964
1013965,1013965
1013966,1013966
1013967,1013967
1013967,1016201
1013968,1013968
1013969,1013969
1013970,1013970
1013971,1013971
1013972,1013972
1013973,1013973
1013974,1013974
1013975,1013975
1013976,1013976
1013977,1013977
1013978,1013978
1013979,1013979
1013980,1013980
1013981,1013981
1013982,1013982
1013983,1013983
1013983,1018006
1013984,1013984
1013985,1013984
1013985,1013985
1013986,1013986
1013987,1013987
1013988,1013988
1013989,1013989
1013990,1013990
1013991,1013991
1013992,1013992
1013993,1013993
1013994,1013994
1013995,1013995
1013996,1013996
1013997,1013997
1013998,1013998
1013999,1013999
1014000,1014000
1014000,1014347
1014001,1014001
1014002,1014002
1014003,1014003
1014004,1014004
1014004,1014125
1014005,1014005
1014006,1014006
1014006,1017621
1014007,1014007
1014008,1014008
1014009,1014009
1014010,1014010
1014011,1014011
1014012,1014012
1014013,1014013
1014014,1014014
1014015,1014015
1014016,1014016
1014017,1014017
1014018,1014018
1014019,1008428
1014019,1008429
1014019,1010250
1014019,1014019
1014019,1016655
1014019,1016888
1014020,1014020
1014021,1014021
1014022,1014022
1014023,1014023
1014024,1014023
1014024,1014024
1014025,1014025
1014026,1014026
1014027,1014027
1014028,1014028
1014029,1014029
1014030,1014030
1014031,1014031
1014032,1014032
1014033,1014033
1014034,1014034
1014034,1016901
1014034,1017820
1014034,1018132
1014035,1014035
1014036,1014036
1014037,1014037
1014038,1014038
1014039,1014039
1014040,1014040
1014041,1014041
1014042,1014042
1014043,1014043
1014043,1017062
1014043,1018418
1014044,1014044
1014045,1014045
1014046,1014046
1014047,1014047
1014047,1014107
1014048,1011346
1014048,1011347
1014048,1014047
1014048,1014048
1014048,1014107
1014049,1014049
1014050,1014050
1014051,1014051
1014052,1014052
1014053,1014053
1014054,1014054
1014055,1014055
1014056,1014056
1014057,1014057
1014058,1014058
1014059,1014059
1014060,1014060
1014061,1014061
1014062,1014062
1014063,1014063
1014064,1014064
1014065,1014065
1014066,1014065
1014066,1014066
1014067,1014067
1014068,1014068
1014069,1014069
1014070,1014070
1014071,1014071
1014072,1014072
1014073,1014073
1014074,1014074
1014075,1014075
1014076,1014076
1014077,1014077
1014078,1014078
1014079,1014079
1014080,1014080
1014081,1014081
1014082,1014082
1014083,1014083
1014084,1014084
1014085,1014085
1014086,1014086
1014087,1014087
1014088,1014088
1014089,1014089
1014090,1014090
1014091,1014091
1014092,1014092
1014093,1014093
1014094,1014094
1014095,1014095
1014096,1014096
1014097,1014097
1014098,1014098
1014099,1014099
1014100,1014100
1014101,1014101
1014102,1014102
1014103,1014103
1014103,1014406
1014104,1014103
1014104,1014104
1014104,1014406
1014105,1014105
1014106,1014106
1014107,1014107
1014108,1014108
1014109,1014109
1014110,1014110
1014111,1014111
1014112,1014112
1014113,1014113
1014114,1014114
1014115,1014115
1014115,1014751
1014116,1014116
1014117,1014117
1014118,1014118
1014119,1014119
1014120,1014120
1014121,1014121
1014122,1014122
1014123,1014123
1014124,1014124
1014125,1014125
1014126,1014126
1014127,1014127
1014128,1014128
1014129,1014129
1014130,1014130
1014131,1014131
1014132,1014132
1014133,1014133
1014134,1014134
1014135,1014135
1014136,1014136
1014137,1014137
1014138,1014138
1014138,1016391
1014138,1017628
1014139,1014139
1014140,1014140
1014141,1014141
1014142,1014142
1014143,1014143
1014144,1014144
1014145,1014145
1014145,1016871
1014146,1014146
1014147,1014147
1014148,1014148
1014149,1014149
1014150,1014150
1014151,1014151
1014152,1014152
1014152,1016814
1014153,1014153
1014154,1014154
1014155,1014155
1014156,1014156
1014157,1014157
1014158,1014158
1014159,1014159
1014160,1014160
1014161,1014161
1014162,1014162
1014163,1014162
1014163,1014163
1014163,1015510
1014164,1014164
1014165,1014165
1014166,1014166
1014167,1014167
1014168,1014168
1014169,1014169
1014170,1014170
1014171,1014171
1014172,1014172
1014173,1014173
1014173,1016617
1014174,1014174
1014175,1014175
1014176,1014176
1014177,1014177
1014178,1014177
1014178,1014178
1014178,1018080
1014179,1014179
1014180,1014179
1014180,1014180
1014181,1014181
1014182,1014182
1014182,1015946
1014182,1017937
1014183,1006476
1014183,1008438
1014183,1008439
1014183,1009093
1014183,1009094
1014183,1009255
1014183,1012208
1014183,1012237
1014183,1012291
1014183,1012292
1014183,1014182
1014183,1014183
1014183,1014655
1014183,1015946
1014183,1017558
1014183,1017937
1014183,1018044
1014183,1018334
1014183,1018519
1014184,1014184
1014185,1014185
1014186,1014185
1014186,1014186
1014187,1014187
1014188,1014188
1014189,1014189
1014190,1014190
1014191,1014191
1014192,1014192
1014193,1014193
1014194,1014194
1014195,1014195
1014196,1014196
1014197,1014196
1014197,1014197
1014198,1014198
1014199,1014199
1014200,1014200
1014201,1014201
1014202,1014202
1014203,1014203
1014204,1014204
1014205,1014205
1014206,1014206
1014207,1014207
1014208,1014208
1014209,1014209
1014210,1014209
1014210,1014210
1014211,1014211
1014212,1014212
1014213,1014213
1014214,1014214
1014215,1014215
1014216,1014216
1014217,1014217
1014218,1014218
1014219,1014219
1014220,1014220
1014221,1014221
1014222,1014222
1014223,1014223
1014224,1014224
1014225,1014225
1014226,1014226
1014227,1014227
1014228,1014228
1014229,1014229
1014230,1014230
1014231,1014231
1014232,1014231
1014232,1014232
1014233,1014233
1014234,1014234
1014235,1014235
1014236,1014236
1014237,1014236
1014237,1014237
1014237,1014633
1014237,1016390
1014238,1014238
1014239,1014239
1014240,1014240
1014241,1014241
1014242,1014242
1014243,1014243
1014244,1014244
1014245,1014245
1014246,1014245
1014246,1014246
1014247,1014247
1014248,1014248
1014248,1017257
1014249,1014249
1014250,1014250
1014251,1014251
1014252,1014252
1014253,1014253
1014254,1014253
1014254,1014254
1014255,1014255
1014256,1014256
1014257,1014257
1014258,1014258
1014259,1014259
1014260,1014260
1014261,1014261
1014262,1014262
1014263,1014263
1014264,1014264
1014265,1014265
1014266,1014266
1014267,1014267
1014268,1014268
1014269,1014269
1014269,1015269
1014270,1014270
1014271,1014271
1014272,1014272
1014273,1014273
1014274,1014274
1014275,1014275
1014275,1015768
1014276,1014276
1014277,1014277
1014278,1014278
1014279,1014278
1014279,1014279
1014279,1015407
1014280,1014280
1014281,1014281
1014282,1014282
1014283,1014283
1014284,1014284
1014285,1014285
1014286,1014286
1014287,1014287
1014288,1014288
1014289,1014289
1014290,1014290
1014291,1014291
1014292,1014292
1014293,1014293
1014294,1014294
1014295,1014295
1014296,1014296
1014297,1014297
1014298,1014298
1014299,1014299
1014300,1012564
1014300,1012565
1014300,1014300
1014301,1014301
1014302,1014302
1014303,1014303
1014304,1014304
1014305,1014305
1014306,1014306
1014307,1014307
1014308,1014308
1014309,1014309
1014310,1014310
1014311,1014311
1014312,1014312
1014313,1014313
1014314,1014314
1014315,1014314
1014315,1014315
1014315,1017162
1014316,1014316
1014317,1014317
1014318,1014318
1014318,1016051
1014318,1018378
1014319,1014319
1014320,1014320
1014321,1014321
1014322,1014322
1014323,1014323
1014324,1014324
1014325,1014325
1014326,1014326
1014327,1014327
1014328,1014328
1014329,1014329
1014330,1014330
1014331,1014331
1014332,1014332
1014333,1014333
1014334,1014334
1014335,1014335
1014336,1014336
1014337,1014337
1014338,1014338
1014339,1014339
1014340,1014340
1014341,1014341
1014342,1014342
1014343,1014343
1014344,1014344
1014345,1014345
1014346,1014346
1014347,1014347
1014348,1014348
1014349,1014349
1014350,1014350
1014351,1014351
1014352,1014352
1014353,1014353
1014354,1014354
1014355,1014355
1014356,1014356
1014357,1014357
1014358,1014358
1014359,1014359
1014360,1014360
1014361,1014361
1014362,1014361
1014362,1014362
1014363,1014363
1014364,1014364
1014365,1014365
1014366,1014366
1014367,1014367
1014368,1014367
1014368,1014368
1014369,1014369
1014370,1014370
1014371,1014371
1014372,1014372
1014373,1014373
1014374,1014374
1014375,1014375
1014376,1014375
1014376,1014376
1014376,1015815
1014377,1014377
1014378,1014378
1014379,1014379
1014380,1014380
1014381,1014381
1014382,1014382
1014383,1014383
1014384,1014384
1014385,1014385
1014386,1014386
1014387,1014387
1014388,1014388
1014389,1014389
1014390,1014390
1014391,1014391
1014392,1014392
1014393,1014393
1014394,1014394
1014395,1014395
1014396,1014396
1014397,1014397
1014398,1014398
1014399,1014399
1014400,1014400
1014401,1014401
1014402,1014402
1014403,1014403
1014404,1014404
1014405,1014405
1014406,1014406
1014407,1014407
1014408,1014408
1014409,1014409
1014410,1014410
1014411,1014411
1014412,1014412
1014413,1014413
1014414,1014414
1014415,1014415
1014416,1014416
1014417,1014416
1014417,1014417
1014418,1014418
1014419,1014419
1014420,1008277
1014420,1008278
1014420,1013201
1014420,1014112
1014420,1014420
1014420,1014861
1014420,1016596
1014420,1016825
1014420,1017124
1014420,1018445
1014420,1018573
1014421,1014421
1014422,1014422
1014423,1014423
1014424,1014424
1014425,1014425
1014426,1014425
1014426,1014426
1014427,1014427
1014428,1014428
1014429,1014429
1014430,1014430
1014431,1014431
1014432,1014432
1014433,1014433
1014434,1014434
1014434,1015866
1014435,1014435
1014436,1014436
1014436,1014700
1014436,1015267
1014436,1015744
1014436,1016274
1014437,1014437
1014438,1014438
1014439,1014439
1014440,1014440
1014441,1014441
1014442,1014442
1014443,1014443
1014444,1012225
1014444,1012226
1014444,1014444
1014445,1014445
1014446,1014446
1014447,1014447
1014448,1014448
1014449,1014449
1014450,1014450
1014451,1014450
1014451,1014451
1014451,1016110
1014452,1014452
1014453,1014453
1014454,1014454
1014455,1014455
1014456,1014455
1014456,1014456
1014457,1014457
1014458,1014458
1014459,1014459
1014460,1014460
1014461,1014461
1014462,1014462
1014463,1014463
1014464,1014464
1014465,1014465
1014466,1014466
1014467,1014467
1014468,1014468
1014469,1014469
1014470,1014470
1014471,1014471
1014472,1014472
1014473,1014473
1014474,1014474
1014475,1012842
1014475,1012843
1014475,1014475
1014475,1015439
1014475,1015483
1014475,1016284
1014476,1014476
1014477,1014477
1014478,1014478
1014479,1014479
1014480,1014480
1014481,1014481
1014482,1014482
1014483,1014483
1014484,1014484
1014485,1014484
1014485,1014485
1014486,1014486
1014487,1014487
1014488,1014487
1014488,1014488
1014489,1014489
1014490,1014490
1014491,1014491
1014492,1014492
1014493,1014493
1014494,1014494
1014495,1014495
1014496,1014496
1014497,1014497
1014498,1014498
1014499,1014499
1014500,1014500
1014501,1014501
1014502,1014502
1014503,1014503
1014504,1010775
1014504,1010776
1014504,1014504
1014504,1016337
1014504,1017275
1014504,1017873
1014505,1014505
1014506,1014506
1014507,1014507
1014508,1014507
1014508,1014508
1014509,1014509
1014510,1014510
1014511,1014511
1014512,1014512
1014513,1014513
1014514,1014514
1014515,1014515
1014516,1008662
1014516,1008663
1014516,1013296
1014516,1014516
1014516,1017763
1014516,1017805
1014516,1018610
1014517,1014517
1014518,1014518
1014519,1014519
1014520,1014520
1014521,1014521
1014522,1014522
1014523,1014523
1014524,1014524
1014525,1014525
1014526,1014526
1014527,1014527
1014528,1014528
1014529,1014529
1014530,1014530
1014531,1014531
1014531,1015090
1014531,1016154
1014531,1016894
1014532,1014532
1014533,1014533
1014534,1014534
1014535,1014535
1014536,1014536
1014537,1014537
1014538,1014538
1014539,1014539
1014540,1014540
1014541,1014541
1014542,1014542
1014543,1014543
1014544,1014544
1014545,1014545
1014546,1014546
1014547,1014547
1014548,1014548
1014549,1014549
1014550,1014550
1014551,1014551
1014552,1014552
1014553,1014553
1014554,1014554
1014555,1014554
1014555,1014555
1014556,1014556
1014557,1014556
1014557,1014557
1014557,1017985
1014558,1014558
1014559,1014559
1014560,1014560
1014561,1014561
1014562,1014562
1014563,1014563
1014564,1014564
1014565,1014565
1014566,1014566
1014567,1014567
1014568,1014568
1014569,1014569
1014570,1014570
1014571,1014571
1014572,1014572
1014573,1014573
1014574,1014574
1014575,1014575
1014576,1014576
1014577,1014576
1014577,1014577
1014578,1014578
1014579,1014579
1014580,1014580
1014581,1014580
1014581,1014581
1014581,1018607
1014582,1014582
1014583,1014583
1014584,1014584
1014585,1014585
1014586,1014586
1014587,1014586
1014587,1014587
1014588,1014588
1014589,1014589
1014590,1014590
1014591,1014591
1014592,1014592
1014593,1014593
1014594,1014594
1014595,1014595
1014595,1014965
1014596,1014596
1014597,1014596
1014597,1014597
1014598,1014598
1014599,1014599
1014600,1014600
1014601,1014601
1014602,1014602
1014603,1014603
1014604,1014604
1014605,1014605
1014606,1014606
1014607,1014606
1014607,1014607
1014608,1014608
1014609,1014609
1014610,1014367
1014610,1014368
1014610,1014610
1014611,1014611
1014612,1014612
1014613,1014613
1014614,1014614
1014615,1008791
1014615,1008792
1014615,1014615
1014615,1015272
1014615,1017836
1014616,1014616
1014617,1014617
1014618,1014617
1014618,1014618
1014618,1014915
1014618,1014916
1014619,1014619
1014620,1014620
1014621,1014621
1014622,1014622
1014623,1014623
1014624,1014624
1014625,1014625
1014626,1014626
1014627,1014627
1014628,1014628
1014628,1017058
1014629,1014629
1014630,1014630
1014631,1014631
1014632,1014632
1014633,1014633
1014634,1014634
1014634,1017907
1014635,1014634
1014635,1014635
1014635,1017907
1014636,1014636
1014637,1014637
1014638,1014638
1014639,1014639
1014640,1014640
1014641,1014641
1014642,1014642
1014643,1014643
1014644,1014644
1014645,1014645
1014646,1014646
1014647,1014647
1014648,1014648
1014649,1014649
1014650,1014650
1014651,1014651
1014652,1009951
1014652,1009952
1014652,1010469
1014652,1010470
1014652,1010514
1014652,1011126
1014652,1011749
1014652,1012302
1014652,1012310
1014652,1014652
1014652,1016472
1014652,1017653
1014652,1017944
1014652,1018148
1014652,1018405
1014653,1014653
1014654,1014654
1014655,1014655
1014656,1014656
1014657,1014657
1014658,1010976
1014658,1010977
1014658,1014658
1014658,1014769
1014659,1014659
1014660,1014660
1014661,1014661
1014662,1014662
1014663,1014663
1014664,1014664
1014665,1014665
1014666,1014665
1014666,1014666
1014667,1014667
1014668,1014668
1014669,1014669
1014670,1014670
1014671,1014671
1014672,1014672
1014673,1014673
1014674,1014674
1014675,1014675
1014676,1014676
1014677,1014677
1014678,1014678
1014679,1014679
1014679,1017121
1014680,1014680
1014681,1014681
1014682,1014682
1014683,1014683
1014684,1014684
1014685,1014685
1014686,1014686
1014687,1014687
1014688,1014688
1014689,1014689
1014690,1014690
1014691,1014691
1014692,1014692
1014693,1014693
1014694,1014694
1014695,1014695
1014696,1014696
1014697,1014697
1014698,1014698
1014699,1014699
1014700,1014700
1014701,1014701
1014702,1014702
1014703,1014703
1014704,1008493
1014704,1008494
1014704,1014704
1014704,1017461
1014705,1014705
1014706,1014706
1014707,1014707
1014708,1014708
1014709,1014709
1014710,1014710
1014711,1014711
1014712,1014712
1014713,1014713
1014714,1014714
1014715,1014715
1014716,1014716
1014717,1014717
1014718,1014718
1014719,1014719
1014720,1014720
1014720,1018427
1014721,1014721
1014722,1014722
1014723,1014723
1014724,1014724
1014725,1014725
1014726,1014726
1014727,1014727
1014728,1014728
1014729,1014729
1014730,1014730
1014731,1014731
1014732,1014732
1014732,1015365
1014733,1014733
1014734,1014734
1014735,1014735
1014736,1014736
1014737,1014737
1014738,1014738
1014739,1014738
1014739,1014739
1014740,1014740
1014741,1014741
1014742,1014742
1014743,1014743
1014744,1014744
1014745,1014745
1014746,1014746
1014747,1014747
1014748,1014748
1014749,1014749
1014750,1014750
1014751,1014751
1014752,1014752
1014753,1014753
1014754,1014754
1014755,1014755
1014756,1014756
1014757,1014757
1014758,1014758
1014759,1014759
1014760,1014760
1014761,1014761
1014762,1014762
1014763,1014763
1014763,1016829
1014764,1014764
1014765,1014764
1014765,1014765
1014766,1014766
1014767,1014767
1014768,1013798
1014768,1013799
1014768,1014768
1014769,1010976
1014769,1010977
1014769,1014769
1014770,1014770
1014771,1008466
1014771,1008467
1014771,1010695
1014771,1011124
1014771,1011125
1014771,1014771
1014771,1015668
1014771,1017471
1014771,1018622
1014772,1014772
1014773,1014773
1014774,1014774
1014775,1014775
1014776,1014776
1014777,1014777
1014778,1014778
1014779,1008537
1014779,1008538
1014779,1009196
1014779,1011147
1014779,1011148
1014779,1011371
1014779,1012847
1014779,1013551
1014779,1014779
1014779,1014891
1014779,1015210
1014779,1015212
1014779,1017367
1014780,1014780
1014781,1014781
1014782,1014782
1014783,1014783
1014784,1014784
1014785,1014785
1014786,1014786
1014787,1014787
1014788,1014788
1014789,1014789
1014790,1014790
1014791,1014791
1014792,1014792
1014793,1014793
1014794,1014794
1014795,1014795
1014796,1014796
1014797,1014797
1014798,1014798
1014799,1014799
1014800,1014800
1014801,1014801
1014802,1014802
1014803,1014803
1014804,1014804
1014805,1014805
1014806,1014806
1014807,1014807
1014808,1014808
1014809,1014809
1014810,1014810
1014811,1014811
1014812,1014812
1014813,1014813
1014813,1015861
1014813,1017919
1014814,1014814
1014815,1014815
1014816,1014816
1014817,1014817
1014818,1014818
1014819,1014819
1014820,1014820
1014821,1014821
1014822,1014822
1014823,1014823
1014824,1014824
1014825,1014825
1014826,1014826
1014827,1014827
1014828,1014828
1014829,1014829
1014830,1014830
1014831,1014831
1014832,1014832
1014833,1014833
1014834,1014834
1014835,1014835
1014836,1014836
1014837,1014837
1014838,1014838
1014839,1014839
1014840,1014840
1014841,1014841
1014842,1014842
1014843,1014843
1014844,1014843
1014844,1014844
1014844,1018440
1014844,1018492
1014845,1014845
1014846,1014846
1014847,1014847
1014848,1014848
1014849,1014849
1014850,1014850
1014851,1014851
1014852,1014852
1014853,1014853
1014854,1014854
1014855,1014855
1014856,1014856
1014857,1014857
1014858,1008417
1014858,1008418
1014858,1014857
1014858,1014858
1014859,1014859
1014860,1014860
1014860,1015176
1014861,1014861
1014861,1018573
1014862,1014862
1014863,1014863
1014864,1014864
1014865,1014865
1014866,1014866
1014867,1014867
1014868,1014868
1014869,1014869
1014870,1014870
1014870,1015370
1014871,1014871
1014872,1014872
1014873,1014873
1014874,1014874
1014875,1014875
1014876,1014876
1014877,1014877
1014878,1014878
1014879,1014879
1014880,1014880
1014881,1014880
1014881,1014881
1014882,1014882
1014883,1014883
1014884,1014884
1014885,1014885
1014886,1014886
1014887,1014887
1014888,1014888
1014889,1014889
1014889,1014977
1014890,1014890
1014891,1014891
1014892,1014892
1014893,1014893
1014894,1014894
1014895,1014895
1014896,1014896
1014897,1014897
1014898,1014898
1014899,1014899
1014900,1014900
1014901,1014901
1014902,1014902
1014903,1014903
1014904,1014904
1014905,1014905
1014906,1014906
1014907,1014907
1014908,1014908
1014909,1014909
1014910,1014910
1014911,1014911
1014912,1014912
1014913,1014913
1014914,1014914
1014915,1014915
1014916,1014915
1014916,1014916
1014917,1014917
1014918,1014918
1014919,1014919
1014920,1014920
1014921,1014921
1014922,1014922
1014923,1014923
1014924,1014923
1014924,1014924
1014924,1015781
1014924,1016716
1014924,1017313
1014925,1014925
1014926,1014926
1014927,1014927
1014928,1014928
1014929,1014929
1014930,1014930
1014931,1014931
1014932,1014932
1014933,1014933
1014934,1014934
1014935,1014934
1014935,1014935
1014935,1016034
1014936,1014936
1014937,1014937
1014938,1014938
1014939,1014939
1014940,1014940
1014941,1014941
1014942,1014942
1014943,1014943
1014944,1014944
1014945,1014945
1014946,1014946
1014947,1014947
1014948,1014948
1014949,1014948
1014949,1014949
1014950,1014950
1014951,1014951
1014952,1014952
1014953,1014953
1014954,1014954
1014955,1014955
1014956,1014956
1014957,1014957
1014958,1014957
1014958,1014958
1014959,1014959
1014960,1014960
1014961,1014961
1014962,1014962
1014963,1014963
1014964,1014964
1014965,1014965
1014966,1014966
1014967,1014967
1014968,1014968
1014969,1014968
1014969,1014969
1014969,1015433
1014970,1014970
1014971,1014971
1014972,1014972
1014973,1014973
1014974,1014974
1014975,1014975
1014976,1014976
1014977,1014977
1014978,1014978
1014979,1014979
1014980,1014980
1014981,1014981
1014982,1014982
1014983,1014983
1014984,1014984
1014985,1014985
1014986,1014986
1014987,1014987
1014988,1014988
1014989,1014989
1014990,1014990
1014991,1014991
1014992,1014992
1014993,1014993
1014994,1014994
1014995,1014995
1014996,1014996
1014997,1014997
1014998,1014998
1014999,1014999
1014999,1015043
1015000,1015000
1015001,1015001
1015002,1015002
1015003,1015003
1015004,1015004
1015005,1015005
1015006,1015006
1015006,1017857
1015007,1015007
1015007,1018275
1015008,1015008
1015009,1015009
1015009,1015094
1015010,1015010
1015011,1015011
1015012,1015012
1015013,1015013
1015014,1015014
1015015,1015015
1015016,1015016
1015017,1015017
1015018,1015018
1015019,1015019
1015020,1015020
1015021,1015021
1015022,1015022
1015023,1015023
1015024,1015024
1015025,1015025
1015026,1015026
1015027,1015027
1015028,1015028
1015029,1015029
1015030,1015030
1015031,1015031
1015032,1015032
1015033,1015033
1015034,1015034
1015035,1015035
1015036,1015036
1015037,1015037
1015038,1015038
1015039,1015039
1015040,1015040
1015040,1016022
1015041,1015041
1015042,1015042
1015043,1015043
1015044,1015044
1015045,1015045
1015046,1015046
1015046,1015543
1015047,1015047
1015048,1015048
1015049,1008191
1015049,1008192
1015049,1008521
1015049,1008778
1015049,1008779
1015049,1009555
1015049,1009594
1015049,1010275
1015049,1010432
1015049,1010681
1015049,1010730
1015049,1010911
1015049,1011063
1015049,1011459
1015049,1011705
1015049,1011895
1015049,1012108
1015049,1012349
1015049,1012736
1015049,1012941
1015049,1013131
1015049,1013533
1015049,1013741
1015049,1013856
1015049,1014373
1015049,1014722
1015049,1014871
1015049,1014873
1015049,1015049
1015049,1015051
1015049,1015137
1015049,1015314
1015049,1015463
1015049,1015673
1015049,1015729
1015049,1015959
1015049,1016116
1015049,1016234
1015049,1016265
1015049,1017112
1015049,1017384
1015049,1017456
1015049,1017850
1015049,1017872
1015049,1018141
1015049,1018187
1015049,1018300
1015049,1018551
1015049,1018606
1015049,1018609
1015050,1015050
1015051,1015051
1015052,1015052
1015053,1015053
1015054,1015054
1015055,1015055
1015056,1015056
1015057,1015057
1015058,1015058
1015059,1015059
1015060,1015060
1015061,1015061
1015062,1015062
1015063,1015063
1015064,1015064
1015065,1015065
1015066,1015066
1015067,1015067
1015068,1015067
1015068,1015068
1015069,1015069
1015070,1015070
1015071,1015071
1015072,1015072
1015073,1015073
1015074,1015074
1015075,1015075
1015076,1015076
1015077,1015077
1015078,1015078
1015079,1015079
1015080,1015080
1015081,1015081
1015082,1015082
1015083,1015083
1015084,1015084
1015085,1015085
1015086,1015086
1015087,1015087
1015088,1015088
1015089,1015089
1015090,1015090
1015091,1015091
1015092,1015092
1015093,1015092
1015093,1015093
1015094,1015094
1015095,1015095
1015096,1015096
1015097,1015097
1015098,1015098
1015099,1015099
1015099,1018281
1015100,1015100
1015101,1015101
1015102,1015102
1015103,1015103
1015104,1015104
1015104,1017322
1015105,1015105
1015106,1015106
1015107,1015107
1015108,1015108
1015109,1015109
1015110,1015110
1015111,1015111
1015112,1015112
1015113,1015113
1015114,1015114
1015115,1015115
1015116,1015116
1015117,1015116
1015117,1015117
1015118,1015118
1015119,1015119
1015120,1015119
1015120,1015120
1015121,1015121
1015122,1015122
1015123,1015123
1015124,1015124
1015125,1015125
1015126,1015126
1015127,1015127
1015128,1015128
1015129,1015129
1015130,1015130
1015131,1015131
1015132,1015132
1015133,1015133
1015134,1015134
1015135,1015135
1015136,1015136
1015137,1015137
1015138,1015138
1015139,1015139
1015140,1015140
1015141,1015141
1015142,1015142
1015143,1015143
1015144,1015144
1015145,1015145
1015146,1015146
1015147,1015147
1015148,1015148
1015149,1015149
1015150,1015150
1015151,1015151
1015152,1015152
1015153,1015153
1015154,1015154
1015155,1015155
1015156,1015156
1015157,1015157
1015158,1015158
1015159,1015159
1015160,1015160
1015161,1015161
1015162,1015162
1015163,1015163
1015164,1015164
1015165,1015165
1015166,1015166
1015167,1015167
1015168,1015168
1015169,1015169
1015170,1015170
1015171,1015171
1015172,1015172
1015173,1015173
1015174,1015174
1015175,1015175
1015176,1015176
1015177,1015177
1015178,1015177
1015178,1015178
1015179,1015179
1015180,1015180
1015181,1015181
1015182,1015182
1015183,1015182
1015183,1015183
1015184,1015184
1015185,1015185
1015186,1015185
1015186,1015186
1015187,1015187
1015188,1015188
1015189,1015189
1015190,1015190
1015191,1008618
1015191,1008619
1015191,1015191
1015192,1015192
1015193,1015193
1015194,1015194
1015195,1015195
1015196,1015196
1015197,1015197
1015198,1015198
1015198,1017835
1015199,1015199
1015200,1015200
1015201,1015201
1015202,1015202
1015203,1015203
1015204,1015204
1015205,1015205
1015206,1015206
1015207,1015207
1015208,1015207
1015208,1015208
1015208,1015528
1015208,1016305
1015208,1016460
1015208,1016921
1015208,1017133
1015208,1017865
1015209,1015209
1015210,1015210
1015211,1015211
1015212,1015212
1015213,1015213
1015214,1015214
1015215,1015215
1015216,1015216
1015217,1015217
1015218,1015218
1015219,1015219
1015220,1015220
1015221,1015221
1015222,1015222
1015223,1015223
1015224,1015224
1015225,1015225
1015226,1015226
1015227,1015227
1015228,1015228
1015229,1015229
1015230,1015230
1015231,1015231
1015232,1015232
1015233,1015233
1015234,1015234
1015235,1015235
1015236,1015236
1015237,1015237
1015238,1015238
1015239,1015239
1015240,1015240
1015241,1015241
1015242,1015242
1015243,1015243
1015244,1015244
1015245,1015245
1015246,1015246
1015247,1015247
1015248,1015248
1015249,1015249
1015250,1015250
1015251,1015251
1015252,1015252
1015253,1015253
1015254,1015254
1015255,1015255
1015256,1015256
1015257,1015256
1015257,1015257
1015258,1015258
1015258,1015270
1015259,1015259
1015260,1015260
1015261,1015261
1015262,1015262
1015263,1015263
1015264,1015264
1015265,1015265
1015266,1015266
1015267,1015267
1015268,1015268
1015269,1015269
1015270,1015270
1015271,1015271
1015272,1015272
1015273,1015273
1015274,1015274
1015275,1015275
1015276,1015276
1015277,1015277
1015278,1015278
1015279,1015279
1015280,1015280
1015281,1015281
1015282,1015282
1015283,1015283
1015284,1015284
1015284,1015368
1015285,1015285
1015286,1015286
1015287,1015287
1015288,1015288
1015289,1015289
1015289,1016193
1015289,1016757
1015290,1015290
1015291,1015291
1015292,1015292
1015293,1015293
1015294,1015294
1015295,1015295
1015296,1015296
1015297,1015297
1015298,1015298
1015299,1015299
1015300,1015300
1015301,1015301
1015302,1015302
1015303,1015303
1015304,1015304
1015305,1015305
1015306,1015306
1015307,1015307
1015308,1015308
1015309,1015309
1015310,1015310
1015311,1015311
1015312,1015312
1015313,1015313
1015314,1015314
1015315,1015315
1015316,1015316
1015317,1015317
1015318,1015318
1015319,1015319
1015320,1015320
1015321,1015321
1015322,1015322
1015323,1015323
1015324,1015324
1015325,1015325
1015325,1015908
1015326,1015326
1015327,1015327
1015327,1017204
1015328,1015328
1015329,1015329
1015330,1015329
1015330,1015330
1015330,1015414
1015330,1017218
1015331,1015331
1015332,1015332
1015333,1015333
1015334,1015334
1015335,1015335
1015335,1016295
1015336,1015335
1015336,1015336
1015336,1016295
1015337,1015337
1015338,1015337
1015338,1015338
1015338,1016768
1015338,1016861
1015339,1015339
1015340,1015339
1015340,1015340
1015341,1015341
1015342,1015342
1015343,1015343
1015344,1015344
1015345,1015345
1015346,1015346
1015347,1015347
1015348,1015348
1015349,1015349
1015350,1015350
1015351,1015351
1015352,1015352
1015353,1015353
1015354,1015354
1015355,1015355
1015356,1015356
1015357,1015357
1015358,1015358
1015359,1015359
1015360,1015360
1015361,1015361
1015362,1015362
1015363,1015363
1015364,1015364
1015365,1015365
1015366,1015366
1015367,1015367
1015368,1015368
1015369,1015369
1015370,1015370
1015371,1015371
1015372,1015372
1015373,1015373
1015374,1015374
1015375,1015375
1015376,1015376
1015377,1015377
1015378,1015378
1015379,1015379
1015379,1017675
1015380,1015380
1015381,1015381
1015382,1015382
1015383,1015383
1015384,1015384
1015385,1015385
1015386,1015386
1015387,1015387
1015388,1015388
1015389,1015389
1015390,1015390
1015391,1015391
1015392,1015392
1015393,1015393
1015394,1015394
1015395,1015395
1015396,1015396
1015397,1015397
1015398,1015398
1015399,1015399
1015400,1015400
1015401,1015401
1015402,1015402
1015403,1015403
1015404,1015404
1015405,1015405
1015406,1015406
1015407,1015407
1015408,1015408
1015409,1015409
1015410,1015410
1015411,1015411
1015411,1018411
1015412,1015412
1015412,1017180
1015413,1015413
1015414,1015414
1015415,1015415
1015416,1015416
1015417,1015417
1015418,1015418
1015419,1015419
1015420,1015420
1015421,1015421
1015422,1015422
1015423,1015423
1015424,1015424
1015425,1015425
1015426,1015426
1015427,1015427
1015428,1015428
1015429,1015429
1015430,1015430
1015431,1015430
1015431,1015431
1015431,1016606
1015431,1018126
1015432,1015432
1015433,1015433
1015434,1015434
1015435,1015435
1015436,1015436
1015437,1015437
1015438,1015438
1015439,1015439
1015440,1015440
1015441,1015441
1015442,1015442
1015443,1015443
1015444,1015444
1015445,1015445
1015446,1015446
1015447,1015447
1015448,1015448
1015449,1015449
1015450,1008530
1015450,1008531
1015450,1010953
1015450,1011388
1015450,1011389
1015450,1012887
1015450,1015249
1015450,1015291
1015450,1015450
1015450,1016790
1015451,1015451
1015452,1015452
1015453,1015453
1015454,1015454
1015455,1015455
1015456,1015456
1015457,1015457
1015458,1015458
1015459,1015459
1015460,1015460
1015461,1015461
1015462,1015462
1015463,1015463
1015464,1015464
1015465,1015465
1015466,1015466
1015467,1015467
1015468,1015467
1015468,1015468
1015469,1015469
1015470,1015470
1015471,1015471
1015472,1015472
1015473,1015473
1015474,1015474
1015475,1015475
1015476,1015476
1015477,1015477
1015478,1015478
1015479,1015479
1015480,1015480
1015481,1015481
1015482,1015482
1015483,1015483
1015484,1015484
1015485,1015485
1015486,1015486
1015486,1018586
1015487,1015487
1015488,1015488
1015489,1015489
1015490,1015490
1015491,1015491
1015492,1015492
1015493,1015493
1015494,1015494
1015495,1015495
1015496,1015496
1015497,1015497
1015498,1015498
1015499,1015499
1015500,1015500
1015501,1015501
1015501,1015606
1015502,1015502
1015503,1015503
1015504,1015504
1015505,1015505
1015505,1016840
1015506,1015506
1015507,1015507
1015508,1015508
1015509,1015509
1015510,1015510
1015511,1015511
1015512,1015512
1015513,1015513
1015514,1015514
1015515,1015515
1015516,1015516
1015517,1015517
1015518,1011723
1015518,1011724
1015518,1014135
1015518,1014898
1015518,1015518
1015518,1017147
1015519,1015519
1015520,1015520
1015521,1015521
1015522,1015522
1015523,1015523
1015524,1015524
1015525,1015525
1015526,1015526
1015527,1015527
1015528,1015528
1015529,1015529
1015530,1015530
1015531,1015531
1015532,1015532
1015533,1015533
1015534,1015534
1015535,1015534
1015535,1015535
1015536,1015536
1015537,1015537
1015538,1015538
1015539,1015539
1015540,1015540
1015541,1015541
1015542,1015542
1015543,1015543
1015544,1015544
1015545,1015545
1015546,1015546
1015547,1015547
1015548,1015548
1015549,1015549
1015550,1015550
1015551,1015551
1015552,1015552
1015553,1015553
1015554,1015554
1015555,1015555
1015556,1015556
1015557,1015557
1015557,1016686
1015558,1015557
1015558,1015558
1015558,1016686
1015559,1015559
1015560,1015560
1015561,1015561
1015562,1015562
1015563,1015563
1015564,1015564
1015565,1015565
1015566,1015566
1015567,1015567
1015568,1015568
1015569,1015569
1015570,1015570
1015571,1015571
1015572,1015572
1015573,1015573
1015574,1015574
1015575,1015575
1015576,1015576
1015577,1015577
1015578,1015578
1015579,1015579
1015580,1015580
1015581,1015581
1015582,1015582
1015583,1015583
1015584,1015584
1015585,1015585
1015586,1015586
1015587,1015586
1015587,1015587
1015588,1015588
1015589,1015589
1015590,1015590
1015591,1012619
1015591,1012620
1015591,1015591
1015592,1015592
1015593,1015593
1015594,1015594
1015595,1015595
1015596,1015596
1015597,1015597
1015598,1015598
1015599,1015599
1015600,1015600
1015601,1015601
1015602,1015602
1015603,1015603
1015604,1015604
1015605,1015605
1015606,1015606
1015607,1015607
1015608,1015608
1015609,1015609
1015610,1015610
1015611,1015611
1015612,1015612
1015613,1015613
1015614,1015614
1015615,1015615
1015616,1015616
1015617,1015617
1015617,1016371
1015618,1015618
1015619,1015619
1015620,1015620
1015621,1015621
1015622,1015622
1015623,1015623
1015624,1015624
1015625,1015625
1015626,1015626
1015627,1015626
1015627,1015627
1015628,1015628
1015629,1015629
1015630,1015630
1015631,1015631
1015631,1017696
1015632,1015632
1015633,1015633
1015634,1015634
1015635,1015635
1015636,1015636
1015637,1015637
1015638,1015638
1015639,1015639
1015640,1015640
1015641,1015641
1015642,1015642
1015643,1015643
1015644,1015644
1015645,1015645
1015646,1015646
1015647,1015647
1015648,1015648
1015649,1015649
1015650,1015650
1015651,1015651
1015652,1015652
1015653,1015653
1015654,1015654
1015655,1015655
1015656,1015656
1015657,1015657
1015658,1015658
1015659,1015659
1015660,1015660
1015661,1015661
1015662,1015662
1015663,1015663
1015664,1015664
1015665,1015665
1015666,1015666
1015667,1015667
1015668,1015668
1015669,1015669
1015670,1015670
1015671,1015671
1015672,1015672
1015673,1015673
1015674,1015674
1015675,1015675
1015676,1015676
1015677,1015677
1015678,1015678
1015678,1016625
1015678,1018557
1015679,1015679
1015680,1015680
1015681,1015681
1015682,1015682
1015683,1015683
1015684,1015684
1015685,1015685
1015686,1015686
1015687,1015687
1015688,1015688
1015689,1015689
1015690,1015690
1015691,1015691
1015692,1015692
1015693,1015693
1015694,1015694
1015695,1015695
1015696,1015696
1015697,1015697
1015698,1015698
1015699,1015699
1015700,1015700
1015701,1015701
1015702,1015702
1015703,1015703
1015704,1015704
1015705,1015705
1015706,1015706
1015707,1015707
1015708,1015708
1015709,1015709
1015710,1015710
1015711,1015711
1015712,1015712
1015713,1015713
1015714,1015714
1015715,1015715
1015716,1015716
1015717,1015717
1015718,1015718
1015719,1015719
1015720,1015720
1015721,1015721
1015722,1015722
1015723,1010996
1015723,1010997
1015723,1015722
1015723,1015723
1015723,1017432
1015723,1018534
1015724,1015724
1015725,1015725
1015726,1015726
1015727,1015727
1015728,1015728
1015729,1015729
1015730,1015730
1015731,1015731
1015732,1015732
1015733,1015733
1015734,1015734
1015735,1015735
1015736,1015736
1015737,1015737
1015738,1015738
1015739,1015739
1015740,1015740
1015741,1015741
1015742,1015741
1015742,1015742
1015743,1015743
1015744,1015744
1015745,1015745
1015746,1015746
1015747,1015747
1015748,1015748
1015749,1015749
1015750,1015750
1015751,1015751
1015752,1015752
1015753,1015753
1015753,1016375
1015754,1015754
1015755,1015755
1015756,1015756
1015757,1015757
1015758,1015758
1015759,1015759
1015760,1015760
1015761,1015761
1015762,1015762
1015763,1015763
1015764,1015764
1015765,1015765
1015766,1015766
1015767,1015767
1015768,1015768
1015769,1015769
1015770,1015770
1015771,1015771
1015772,1015772
1015773,1015773
1015774,1015774
1015775,1015775
1015776,1015776
1015777,1015777
1015778,1015778
1015779,1015779
1015780,1015780
1015781,1015781
1015782,1015782
1015783,1015783
1015784,1015784
1015785,1015785
1015786,1015786
1015787,1015787
1015788,1015788
1015789,1015789
1015790,1015790
1015791,1015791
1015792,1015792
1015793,1015793
1015794,1015794
1015795,1015795
1015796,1015796
1015797,1015797
1015798,1015798
1015799,1015799
1015800,1015799
1015800,1015800
1015800,1016345
1015801,1015801
1015802,1015802
1015803,1015803
1015804,1015804
1015805,1015805
1015806,1015806
1015807,1015807
1015808,1015808
1015809,1015808
1015809,1015809
1015810,1015810
1015811,1015811
1015812,1015812
1015813,1015813
1015814,1015814
1015815,1015815
1015816,1015816
1015817,1010560
1015817,1010561
1015817,1015817
1015818,1010560
1015818,1010561
1015818,1015817
1015818,1015818
1015819,1015819
1015820,1015820
1015821,1015821
1015822,1015822
1015823,1015823
1015824,1015824
1015825,1015824
1015825,1015825
1015825,1017668
1015826,1015826
1015827,1015827
1015828,1015828
1015829,1015829
1015830,1015830
1015831,1015831
1015832,1015832
1015833,1015833
1015833,1016155
1015834,1015834
1015835,1015835
1015836,1015836
1015837,1015837
1015838,1015838
1015839,1015839
1015840,1015840
1015841,1015841
1015842,1015842
1015843,1015843
1015844,1015844
1015845,1015845
1015846,1015846
1015847,1015847
1015848,1015848
1015849,1015849
1015850,1015850
1015851,1015851
1015852,1015852
1015852,1016516
1015853,1015852
1015853,1015853
1015853,1016516
1015854,1015854
1015855,1015855
1015856,1015856
1015857,1015857
1015858,1015858
1015859,1015859
1015860,1015860
1015861,1015861
1015862,1015862
1015863,1015863
1015864,1015864
1015865,1015865
1015866,1015866
1015867,1012615
1015867,1012616
1015867,1015867
1015867,1016548
1015868,1015868
1015869,1015869
1015870,1015870
1015871,1015871
1015872,1015872
1015873,1015873
1015874,1015874
1015875,1015875
1015876,1015876
1015877,1015877
1015878,1015878
1015879,1015879
1015880,1015880
1015881,1015881
1015882,1015882
1015883,1015883
1015884,1015884
1015885,1015885
1015886,1015886
1015887,1015887
1015888,1015888
1015889,1015889
1015890,1015890
1015891,1015891
1015892,1015892
1015893,1015893
1015894,1015894
1015895,1015895
1015896,1015896
1015897,1015897
1015898,1015898
1015899,1015899
1015900,1015900
1015901,1015901
1015902,1015902
1015902,1016820
1015902,1017358
1015903,1015903
1015904,1015904
1015905,1015905
1015906,1015906
1015907,1015907
1015908,1015908
1015909,1015909
1015910,1015910
1015911,1015911
1015912,1015911
1015912,1015912
1015913,1015913
1015914,1015914
1015915,1009163
1015915,1009164
1015915,1010829
1015915,1011040
1015915,1013337
1015915,1014517
1015915,1015124
1015915,1015636
1015915,1015705
1015915,1015915
1015915,1016114
1015915,1016925
1015915,1018192
1015916,1015916
1015917,1015917
1015918,1015918
1015919,1015919
1015920,1015920
1015921,1015921
1015922,1015922
1015923,1015923
1015924,1015924
1015925,1015925
1015926,1015926
1015927,1015927
1015928,1015928
1015929,1015929
1015930,1015930
1015931,1015931
1015932,1015932
1015933,1015933
1015934,1015934
1015935,1015935
1015936,1015936
1015937,1015937
1015938,1015938
1015939,1015939
1015940,1015940
1015941,1015941
1015942,1015942
1015943,1015943
1015944,1015944
1015945,1011595
1015945,1011596
1015945,1015945
1015946,1015946
1015947,1015947
1015948,1015948
1015949,1015949
1015950,1015950
1015951,1015951
1015952,1015952
1015953,1015953
1015954,1015954
1015955,1015955
1015956,1015956
1015957,1015957
1015958,1015958
1015959,1015959
1015960,1015960
1015961,1015961
1015962,1015962
1015963,1015963
1015964,1015964
1015965,1015965
1015966,1015966
1015967,1015967
1015968,1015968
1015969,1015969
1015970,1015970
1015971,1015971
1015972,1015972
1015973,1015973
1015974,1015974
1015975,1015975
1015976,1015976
1015977,1015976
1015977,1015977
1015978,1015978
1015978,1018450
1015979,1015979
1015980,1015980
1015981,1015981
1015982,1015982
1015983,1015983
1015984,1015984
1015984,1016432
1015985,1015985
1015986,1015986
1015987,1015987
1015988,1015988
1015989,1015989
1015989,1018035
1015990,1015990
1015991,1009352
1015991,1009353
1015991,1012263
1015991,1014269
1015991,1015269
1015991,1015991
1015992,1015992
1015993,1015993
1015994,1015994
1015995,1015995
1015996,1015996
1015997,1015997
1015998,1015998
1015999,1015999
1016000,1016000
1016001,1016001
1016002,1016002
1016003,1016003
1016004,1016004
1016005,1016005
1016006,1016006
1016007,1016007
1016008,1016008
1016009,1016009
1016010,1016010
1016011,1016011
1016012,1016012
1016013,1016013
1016014,1016014
1016015,1016015
1016016,1016016
1016017,1016017
1016018,1016018
1016019,1016019
1016020,1016020
1016021,1016021
1016022,1016022
1016023,1016023
1016024,1016024
1016025,1016025
1016026,1016026
1016027,1016027
1016028,1016028
1016029,1016029
1016030,1016030
1016031,1016031
1016032,1016032
1016033,1016033
1016034,1016034
1016035,1016035
1016036,1016036
1016037,1016037
1016038,1016038
1016039,1016039
1016040,1016040
1016041,1016041
1016042,1016042
1016043,1016043
1016044,1016044
1016045,1016045
1016046,1016046
1016047,1016047
1016048,1016048
1016049,1016049
1016050,1016050
1016051,1016051
1016052,1016052
1016053,1016053
1016054,1016054
1016055,1016055
1016056,1016056
1016057,1016057
1016058,1016058
1016059,1016059
1016060,1016060
1016061,1016061
1016062,1016062
1016063,1016063
1016064,1016064
1016065,1016065
1016066,1016066
1016067,1016067
1016068,1016068
1016069,1016069
1016070,1016070
1016071,1016071
1016072,1016072
1016073,1016073
1016074,1016074
1016075,1016075
1016076,1016076
1016077,1016077
1016078,1016078
1016079,1016079
1016080,1016080
1016081,1016081
1016082,1016082
1016083,1016083
1016083,1016511
1016084,1016084
1016085,1016085
1016086,1016086
1016087,1016087
1016088,1016088
1016089,1016089
1016090,1016090
1016091,1016091
1016092,1016092
1016093,1016093
1016094,1016094
1016095,1016095
1016096,1016096
1016097,1016097
1016098,1016098
1016098,1016316
1016099,1016099
1016100,1016100
1016101,1016101
1016101,1016325
1016102,1016102
1016103,1016103
1016104,1016104
1016105,1016105
1016106,1016106
1016107,1016107
1016108,1016108
1016109,1016109
1016110,1016110
1016111,1016111
1016112,1016112
1016113,1016113
1016114,1016114
1016115,1016115
1016116,1016116
1016117,1016117
1016118,1016118
1016119,1016119
1016120,1016120
1016121,1016121
1016122,1016122
1016123,1016123
1016124,1016124
1016125,1016125
1016126,1016126
1016127,1016127
1016128,1010641
1016128,1010642
1016128,1016128
1016128,1017130
1016129,1016129
1016130,1016130
1016131,1016131
1016132,1016132
1016133,1016133
1016133,1017203
1016134,1016134
1016135,1016135
1016136,1016136
1016137,1016137
1016138,1016138
1016139,1016139
1016140,1016140
1016141,1016140
1016141,1016141
1016142,1016142
1016143,1016143
1016144,1016144
1016145,1016145
1016146,1016146
1016147,1016147
1016148,1016148
1016149,1016149
1016150,1016150
1016151,1016151
1016152,1016152
1016153,1016153
1016154,1016154
1016155,1016155
1016156,1016156
1016156,1017187
1016157,1016157
1016158,1016158
1016159,1016159
1016160,1016160
1016161,1016161
1016162,1016162
1016163,1016163
1016164,1016164
1016165,1016165
1016166,1016166
1016167,1016167
1016168,1016168
1016169,1016169
1016170,1016170
1016171,1016171
1016172,1016172
1016173,1016173
1016174,1016174
1016175,1016175
1016176,1016175
1016176,1016176
1016177,1016177
1016178,1016178
1016179,1016179
1016180,1016180
1016181,1016181
1016182,1016182
1016183,1016183
1016184,1016183
1016184,1016184
1016184,1017682
1016185,1016185
1016186,1016186
1016187,1016187
1016188,1016188
1016189,1016189
1016190,1016190
1016191,1016191
1016192,1016192
1016193,1016193
1016194,1016194
1016195,1016195
1016196,1016196
1016197,1016197
1016198,1016197
1016198,1016198
1016199,1016199
1016200,1016200
1016201,1016201
1016202,1016202
1016203,1016203
1016204,1016204
1016205,1016205
1016206,1016206
1016207,1016207
1016207,1018342
1016208,1016208
1016209,1016209
1016210,1016210
1016211,1016211
1016212,1016212
1016213,1016213
1016214,1016214
1016215,1016215
1016216,1016216
1016217,1016217
1016218,1016218
1016219,1016219
1016220,1016220
1016221,1016221
1016222,1016222
1016223,1016223
1016224,1016224
1016225,1016225
1016226,1016226
1016227,1016227
1016228,1016228
1016229,1016229
1016230,1016230
1016231,1016231
1016232,1016232
1016233,1016233
1016234,1016234
1016235,1016235
1016236,1016236
1016237,1016237
1016238,1016238
1016239,1016239
1016240,1016240
1016241,1016241
1016242,1016242
1016243,1011434
1016243,1011435
1016243,1016243
1016244,1016244
1016245,1016245
1016246,1016246
1016247,1016247
1016248,1016248
1016249,1016249
1016250,1016250
1016251,1016251
1016252,1016252
1016253,1016253
1016254,1016254
1016255,1016255
1016256,1016256
1016257,1016256
1016257,1016257
1016258,1016258
1016259,1016259
1016260,1016260
1016261,1016261
1016262,1016262
1016263,1016263
1016264,1016264
1016265,1016265
1016266,1016266
1016267,1016267
1016268,1016268
1016269,1010678
1016269,1010679
1016269,1016269
1016270,1016270
1016271,1016271
1016272,1016272
1016273,1016273
1016274,1016274
1016275,1016275
1016276,1016276
1016277,1016277
1016278,1016278
1016279,1016279
1016280,1016280
1016281,1016281
1016282,1016282
1016283,1016283
1016284,1016284
1016285,1016285
1016286,1016286
1016287,1016287
1016288,1016288
1016289,1016289
1016290,1016290
1016291,1016291
1016292,1016291
1016292,1016292
1016292,1016553
1016293,1016293
1016294,1016294
1016295,1016295
1016296,1016296
1016297,1016296
1016297,1016297
1016298,1016298
1016299,1016299
1016300,1016300
1016301,1016300
1016301,1016301
1016302,1016302
1016303,1016303
1016304,1016304
1016305,1016305
1016306,1016306
1016307,1016307
1016308,1016308
1016309,1016309
1016310,1016310
1016311,1016311
1016312,1016312
1016313,1016313
1016314,1016314
1016315,1016314
1016315,1016315
1016316,1016316
1016317,1016317
1016318,1016318
1016319,1016319
1016320,1016320
1016321,1016321
1016322,1016322
1016323,1016323
1016324,1016324
1016325,1016325
1016326,1016326
1016327,1016327
1016328,1016328
1016329,1016329
1016330,1016330
1016331,1016331
1016332,1016332
1016333,1016333
1016334,1016334
1016335,1016335
1016336,1016336
1016337,1016337
1016338,1016338
1016339,1016339
1016340,1016340
1016341,1016341
1016342,1016342
1016342,1018309
1016343,1016343
1016344,1016344
1016345,1016345
1016346,1016346
1016347,1016347
1016348,1016348
1016349,1016349
1016350,1016350
1016351,1016351
1016352,1016352
1016353,1016353
1016354,1016354
1016355,1016354
1016355,1016355
1016356,1016356
1016357,1016357
1016358,1016358
1016359,1016359
1016360,1016360
1016361,1016360
1016361,1016361
1016362,1016362
1016363,1016363
1016364,1016364
1016365,1016365
1016366,1016366
1016367,1016367
1016368,1016368
1016369,1016369
1016370,1016370
1016371,1016371
1016372,1016372
1016373,1016373
1016374,1016374
1016375,1016375
1016376,1016376
1016377,1016377
1016378,1016378
1016379,1016379
1016380,1016380
1016381,1016381
1016382,1016382
1016383,1016383
1016384,1016384
1016385,1016385
1016386,1016386
1016387,1016387
1016388,1016388
1016389,1016389
1016390,1016390
1016391,1016391
1016392,1016392
1016393,1016393
1016394,1016394
1016395,1016395
1016396,1016395
1016396,1016396
1016397,1016397
1016398,1016398
1016399,1016399
1016400,1016400
1016401,1016401
1016402,1016402
1016403,1016403
1016404,1016404
1016404,1017406
1016404,1017894
1016404,1018221
1016405,1016405
1016406,1016406
1016407,1016407
1016408,1016408
1016409,1016409
1016410,1016410
1016411,1016411
1016412,1016412
1016413,1016413
1016414,1016414
1016415,1016415
1016416,1016416
1016417,1016417
1016418,1016418
1016419,1016419
1016420,1016420
1016421,1016421
1016422,1016422
1016423,1016423
1016424,1016424
1016425,1016424
1016425,1016425
1016426,1016426
1016427,1016427
1016428,1016428
1016429,1016429
1016430,1016430
1016431,1016431
1016432,1016432
1016433,1016433
1016434,1016434
1016435,1016435
1016436,1016436
1016437,1016437
1016438,1016437
1016438,1016438
1016438,1017764
1016439,1016439
1016440,1016440
1016441,1016441
1016442,1016442
1016443,1008514
1016443,1008515
1016443,1009596
1016443,1009597
1016443,1013249
1016443,1014023
1016443,1014024
1016443,1014253
1016443,1014254
1016443,1014887
1016443,1014957
1016443,1014958
1016443,1015046
1016443,1015543
1016443,1016443
1016444,1016444
1016445,1016444
1016445,1016445
1016445,1016803
1016446,1016446
1016447,1016447
1016448,1016448
1016449,1016449
1016450,1016450
1016451,1016451
1016452,1016452
1016453,1016453
1016454,1016454
1016455,1016455
1016456,1016456
1016457,1016457
1016458,1016458
1016459,1016458
1016459,1016459
1016459,1016515
1016459,1018577
1016460,1016460
1016461,1016461
1016462,1016462
1016463,1016463
1016464,1016464
1016465,1016465
1016466,1016466
1016467,1016467
1016468,1016468
1016469,1016469
1016470,1016470
1016471,1016471
1016472,1016472
1016473,1016473
1016474,1016474
1016475,1016475
1016476,1016476
1016477,1016476
1016477,1016477
1016478,1016478
1016479,1016479
1016480,1016480
1016481,1016481
1016482,1016482
1016483,1016483
1016484,1016484
1016485,1016485
1016486,1016486
1016487,1016487
1016488,1016488
1016489,1016489
1016490,1016490
1016491,1016491
1016492,1016492
1016493,1016493
1016494,1016494
1016495,1016495
1016496,1016496
1016497,1016497
1016498,1016498
1016499,1016499
1016500,1016500
1016501,1016501
1016502,1016502
1016503,1016503
1016504,1016504
1016505,1016505
1016506,1016506
1016507,1016507
1016508,1016508
1016509,1016509
1016510,1016510
1016511,1016511
1016512,1016512
1016513,1016513
1016514,1016514
1016515,1016515
1016516,1016516
1016517,1016517
1016518,1016518
1016519,1016518
1016519,1016519
1016520,1016520
1016521,1016521
1016522,1016522
1016523,1016523
1016524,1016524
1016525,1016525
1016526,1016526
1016527,1016527
1016528,1016528
1016529,1016529
1016529,1016738
1016529,1018444
1016530,1016530
1016531,1016531
1016532,1016532
1016533,1016533
1016533,1017680
1016534,1016534
1016535,1016535
1016536,1016536
1016537,1016537
1016538,1016538
1016539,1016539
1016540,1016540
1016541,1016541
1016542,1016542
1016543,1016543
1016544,1016544
1016545,1016545
1016546,1016546
1016547,1016547
1016548,1016548
1016549,1016549
1016550,1016550
1016551,1016551
1016552,1016552
1016553,1016553
1016554,1016554
1016555,1016555
1016556,1016314
1016556,1016315
1016556,1016556
1016557,1016557
1016558,1016558
1016559,1016559
1016560,1016560
1016561,1016561
1016562,1016562
1016563,1016563
1016564,1016564
1016565,1016565
1016566,1016566
1016567,1016567
1016568,1016568
1016569,1016569
1016570,1016570
1016571,1016571
1016572,1016572
1016573,1016573
1016574,1016574
1016575,1016575
1016576,1016576
1016577,1016577
1016578,1016578
1016579,1016579
1016580,1016580
1016581,1016581
1016582,1016582
1016583,1016583
1016584,1016584
1016585,1016585
1016586,1016586
1016587,1016587
1016588,1016588
1016589,1016589
1016590,1016590
1016591,1016591
1016592,1016592
1016593,1016593
1016594,1016594
1016595,1016595
1016596,1016596
1016597,1016597
1016598,1016598
1016599,1016599
1016600,1016600
1016601,1016601
1016602,1016602
1016603,1016603
1016604,1016604
1016605,1016605
1016606,1016606
1016607,1016607
1016608,1016608
1016609,1016609
1016610,1016610
1016611,1016611
1016612,1016612
1016613,1016613
1016614,1016613
1016614,1016614
1016615,1016615
1016616,1016616
1016617,1016617
1016618,1016618
1016619,1016619
1016620,1016620
1016621,1016621
1016622,1016622
1016623,1016623
1016624,1016624
1016625,1016625
1016626,1016626
1016627,1016627
1016628,1016628
1016629,1016629
1016630,1016630
1016631,1016631
1016632,1016632
1016633,1016633
1016634,1016634
1016635,1016635
1016636,1016636
1016637,1016637
1016638,1016638
1016638,1017840
1016639,1016639
1016640,1016640
1016641,1016641
1016642,1016642
1016643,1016643
1016644,1016644
1016645,1016645
1016646,1016646
1016647,1016647
1016648,1016648
1016649,1016649
1016650,1016650
1016651,1016651
1016652,1016652
1016653,1016653
1016654,1016654
1016655,1016655
1016655,1016888
1016656,1016656
1016657,1016657
1016658,1016658
1016659,1016659
1016660,1016660
1016660,1017366
1016661,1016661
1016662,1016662
1016663,1016663
1016664,1016664
1016665,1016665
1016666,1016666
1016667,1016667
1016668,1016668
1016669,1016669
1016670,1016670
1016671,1016671
1016672,1016672
1016673,1016673
1016674,1016674
1016675,1016675
1016676,1016676
1016677,1016677
1016678,1016678
1016679,1016679
1016680,1016680
1016681,1016681
1016682,1016682
1016683,1016683
1016684,1016684
1016685,1016685
1016686,1016686
1016687,1016687
1016688,1016688
1016689,1016689
1016690,1016690
1016691,1016691
1016692,1016692
1016693,1016693
1016694,1016694
1016695,1016695
1016696,1016695
1016696,1016696
1016697,1016697
1016698,1016698
1016699,1016699
1016700,1016700
1016701,1016701
1016702,1016702
1016703,1016703
1016704,1016704
1016705,1016705
1016706,1016706
1016707,1016707
1016708,1016708
1016709,1016709
1016710,1016710
1016711,1016711
1016712,1016712
1016713,1016713
1016714,1016714
1016715,1016715
1016716,1016716
1016717,1016717
1016718,1016718
1016719,1016719
1016720,1016720
1016721,1016721
1016722,1016721
1016722,1016722
1016723,1016723
1016724,1016724
1016725,1016725
1016726,1013142
1016726,1013143
1016726,1016726
1016727,1016727
1016728,1016728
1016729,1016729
1016730,1016730
1016731,1016731
1016732,1016732
1016733,1016733
1016734,1016734
1016735,1016735
1016736,1016736
1016737,1016737
1016738,1016738
1016738,1018444
1016739,1016739
1016740,1016740
1016741,1016741
1016742,1016742
1016743,1016743
1016744,1016744
1016745,1016745
1016746,1016746
1016746,1018306
1016747,1016747
1016748,1016748
1016749,1016749
1016750,1016750
1016751,1016751
1016752,1016752
1016753,1016753
1016754,1016754
1016755,1016755
1016756,1016756
1016757,1016757
1016758,1016758
1016759,1016759
1016760,1016760
1016761,1016761
1016762,1016762
1016763,1016763
1016764,1016764
1016765,1016765
1016766,1016766
1016767,1016767
1016768,1016768
1016769,1016769
1016770,1016770
1016771,1016771
1016772,1016772
1016773,1016773
1016774,1016774
1016775,1016775
1016776,1016776
1016777,1006858
1016777,1006862
1016777,1016777
1016778,1016778
1016779,1016779
1016780,1016780
1016781,1016781
1016782,1016782
1016783,1016783
1016784,1016784
1016785,1016785
1016786,1016786
1016787,1016787
1016788,1016788
1016789,1016789
1016790,1016790
1016791,1016791
1016792,1016792
1016793,1016793
1016794,1016794
1016795,1016795
1016796,1016796
1016797,1016797
1016798,1016798
1016799,1016798
1016799,1016799
1016800,1016800
1016801,1016801
1016802,1016802
1016803,1016803
1016804,1016804
1016805,1016805
1016806,1016806
1016807,1016807
1016808,1016808
1016809,1016809
1016810,1016810
1016810,1017370
1016811,1016811
1016812,1016812
1016813,1016813
1016814,1016814
1016815,1016815
1016816,1016816
1016817,1016817
1016818,1016818
1016819,1016819
1016820,1016820
1016821,1016821
1016822,1016822
1016823,1016823
1016824,1016824
1016825,1016825
1016826,1016826
1016827,1016827
1016828,1016828
1016829,1016829
1016830,1016830
1016831,1016831
1016832,1016832
1016833,1016833
1016834,1016834
1016835,1016835
1016836,1016836
1016837,1016837
1016838,1016838
1016839,1016839
1016840,1016840
1016841,1016841
1016842,1016842
1016843,1016843
1016844,1016844
1016845,1016845
1016846,1016846
1016847,1016847
1016848,1016848
1016849,1016849
1016850,1016850
1016851,1016851
1016852,1016852
1016853,1016853
1016854,1016854
1016855,1016855
1016856,1016856
1016857,1016857
1016858,1016858
1016859,1016859
1016860,1016860
1016861,1016861
1016862,1016862
1016863,1016863
1016864,1016864
1016865,1016865
1016866,1016866
1016867,1016867
1016868,1016868
1016869,1016869
1016870,1016870
1016871,1016871
1016872,1016872
1016873,1016873
1016874,1016874
1016875,1016875
1016876,1016876
1016877,1016877
1016878,1016878
1016879,1016879
1016880,1016880
1016881,1014738
1016881,1014739
1016881,1016881
1016882,1016882
1016883,1016883
1016884,1016884
1016885,1016885
1016886,1016886
1016887,1016887
1016888,1016888
1016889,1016889
1016890,1016890
1016891,1016891
1016892,1016892
1016893,1016893
1016894,1016894
1016895,1016895
1016896,1016896
1016897,1016897
1016898,1016898
1016899,1016899
1016900,1016900
1016901,1016901
1016902,1016902
1016903,1016903
1016904,1016904
1016905,1016905
1016906,1016906
1016907,1016906
1016907,1016907
1016907,1018432
1016908,1016908
1016909,1016909
1016910,1016910
1016911,1016911
1016912,1016912
1016913,1016913
1016914,1016914
1016915,1016915
1016916,1016916
1016917,1016917
1016918,1016918
1016919,1016919
1016920,1016920
1016921,1016921
1016922,1016922
1016923,1016923
1016924,1016924
1016924,1017788
1016925,1016925
1016926,1016926
1016927,1016927
1016928,1016928
1016929,1016929
1016930,1016930
1016931,1016931
1016932,1016932
1016933,1016933
1016934,1016934
1016935,1016935
1016936,1016936
1016937,1016937
1016938,1016938
1016939,1016939
1016940,1016940
1016941,1016941
1016941,1017276
1016942,1016942
1016943,1016943
1016944,1016944
1016945,1016945
1016946,1016946
1016947,1016947
1016948,1016948
1016949,1016949
1016950,1016950
1016951,1016951
1016952,1016952
1016953,1016953
1016954,1016954
1016955,1016955
1016956,1016956
1016957,1016957
1016958,1016958
1016959,1016959
1016960,1016960
1016961,1016961
1016962,1016962
1016963,1016963
1016964,1016964
1016965,1016965
1016966,1016966
1016967,1016967
1016968,1016968
1016969,1016969
1016970,1016970
1016971,1016971
1016972,1016972
1016973,1016973
1016974,1016974
1016975,1016975
1016976,1016976
1016977,1016977
1016978,1016978
1016979,1016979
1016980,1016980
1016981,1016981
1016982,1016982
1016983,1016983
1016984,1016984
1016985,1016985
1016986,1016986
1016987,1016987
1016988,1016988
1016989,1016989
1016990,1016990
1016991,1016991
1016992,1016992
1016993,1016993
1016994,1016994
1016995,1016995
1016996,1016996
1016997,1016997
1016998,1016998
1016999,1016999
1017000,1017000
1017001,1017001
1017002,1017002
1017003,1017003
1017004,1006656
1017004,1010042
1017004,1010213
1017004,1012131
1017004,1017004
1017005,1017005
1017006,1017006
1017007,1017007
1017008,1017008
1017009,1017009
1017010,1017010
1017011,1017011
1017012,1017012
1017013,1017013
1017014,1017014
1017015,1017015
1017016,1017016
1017017,1017017
1017018,1017018
1017019,1017019
1017020,1017020
1017021,1007723
1017021,1017021
1017022,1017022
1017023,1017023
1017024,1017023
1017024,1017024
1017025,1017025
1017026,1017026
1017027,1017027
1017028,1017028
1017029,1017029
1017030,1017030
1017031,1017031
1017032,1017032
1017033,1017033
1017034,1017034
1017035,1017035
1017036,1017036
1017037,1017036
1017037,1017037
1017038,1017038
1017039,1017039
1017040,1017040
1017041,1017041
1017042,1017042
1017043,1017043
1017044,1017044
1017045,1017045
1017046,1017046
1017047,1017047
1017048,1017048
1017049,1017049
1017050,1017050
1017051,1017051
1017052,1017052
1017053,1017053
1017054,1017054
1017055,1017055
1017056,1017056
1017057,1017057
1017058,1017058
1017059,1017059
1017060,1017060
1017061,1017061
1017062,1017062
1017063,1017063
1017064,1017064
1017065,1017065
1017066,1017066
1017067,1017067
1017068,1017068
1017069,1017069
1017070,1017070
1017071,1017071
1017072,1017072
1017073,1017073
1017074,1017074
1017075,1017075
1017076,1017076
1017077,1017077
1017078,1017078
1017079,1017079
1017080,1017080
1017081,1017081
1017082,1017082
1017083,1017083
1017084,1017084
1017085,1017085
1017086,1017086
1017087,1017087
1017088,1017088
1017089,1017089
1017090,1017090
1017091,1017091
1017092,1017092
1017093,1017093
1017094,1017094
1017095,1017095
1017096,1017096
1017097,1017097
1017098,1017098
1017099,1017099
1017100,1017100
1017101,1017101
1017102,1017102
1017103,1013420
1017103,1013421
1017103,1017103
1017104,1017104
1017105,1017105
1017106,1017106
1017107,1017107
1017108,1017108
1017109,1017109
1017110,1017110
1017111,1017111
1017112,1017112
1017113,1017113
1017114,1017114
1017115,1017115
1017116,1017116
1017117,1017117
1017118,1017118
1017119,1017119
1017120,1017120
1017121,1017121
1017122,1017122
1017123,1017123
1017124,1017124
1017125,1017125
1017126,1017126
1017127,1017127
1017128,1017128
1017129,1017129
1017130,1017130
1017131,1017131
1017132,1017132
1017133,1017133
1017134,1017134
1017135,1017135
1017136,1017136
1017137,1017137
1017138,1017138
1017139,1017139
1017140,1017140
1017141,1017141
1017142,1017142
1017143,1017143
1017144,1017144
1017145,1017145
1017146,1017146
1017147,1017147
1017148,1017148
1017149,1017149
1017150,1017150
1017151,1017151
1017152,1017152
1017153,1017153
1017154,1017154
1017155,1017155
1017156,1017156
1017157,1017157
1017158,1017158
1017159,1017159
1017160,1017160
1017161,1017161
1017162,1017162
1017163,1017163
1017164,1017164
1017165,1017165
1017166,1017166
1017167,1017167
1017168,1017168
1017169,1017169
1017170,1017170
1017171,1017171
1017172,1017172
1017173,1017173
1017174,1017174
1017175,1017175
1017176,1017176
1017177,1017177
1017178,1017178
1017179,1017179
1017180,1017180
1017181,1017181
1017182,1017182
1017183,1017183
1017184,1017184
1017185,1017185
1017186,1017186
1017187,1017187
1017188,1017188
1017189,1017189
1017190,1017190
1017191,1017191
1017192,1017192
1017193,1017193
1017194,1017194
1017195,1017195
1017196,1017196
1017197,1017197
1017198,1017198
1017199,1017199
1017200,1017200
1017201,1017201
1017202,1017202
1017203,1017203
1017204,1017204
1017205,1017205
1017206,1017206
1017207,1017207
1017208,1017208
1017209,1017209
1017210,1017210
1017211,1017211
1017212,1017212
1017213,1017213
1017214,1017214
1017215,1017215
1017216,1017216
1017217,1017217
1017217,1017579
1017218,1017218
1017219,1017219
1017220,1017220
1017221,1017221
1017222,1017222
1017223,1017223
1017224,1017224
1017225,1017225
1017226,1017226
1017226,1017666
1017226,1018210
1017227,1017227
1017228,1017228
1017229,1017229
1017230,1017230
1017231,1017231
1017232,1017232
1017233,1017233
1017234,1017234
1017235,1017235
1017236,1017236
1017237,1017237
1017238,1017238
1017239,1017239
1017240,1017240
1017241,1017241
1017242,1017242
1017242,1017932
1017243,1017243
1017244,1017244
1017245,1017245
1017246,1017246
1017247,1017247
1017248,1017248
1017249,1017249
1017250,1017250
1017251,1017251
1017252,1017252
1017253,1017253
1017254,1017254
1017255,1017255
1017256,1017256
1017257,1017257
1017258,1017258
1017259,1017259
1017260,1017260
1017261,1017261
1017262,1017262
1017263,1017263
1017264,1017264
1017265,1017265
1017266,1017266
1017267,1017267
1017268,1017268
1017269,1017269
1017270,1017270
1017271,1017271
1017272,1017272
1017273,1017273
1017274,1017274
1017275,1017275
1017276,1017276
1017277,1017277
1017278,1017278
1017279,1017279
1017280,1017280
1017281,1017281
1017281,1018226
1017282,1017282
1017283,1017283
1017284,1017284
1017285,1017285
1017286,1017286
1017287,1017287
1017288,1017288
1017289,1017289
1017290,1017290
1017291,1017291
1017292,1017292
1017293,1017293
1017294,1017294
1017295,1017295
1017296,1017296
1017297,1017297
1017298,1017298
1017299,1017299
1017300,1017300
1017301,1017301
1017302,1017302
1017303,1017303
1017304,1017304
1017305,1017305
1017306,1017306
1017307,1017307
1017308,1017308
1017309,1017309
1017310,1017310
1017311,1017311
1017312,1017312
1017313,1017313
1017314,1017314
1017315,1017315
1017316,1017316
1017317,1017317
1017318,1017318
1017319,1017319
1017320,1017320
1017321,1017321
1017322,1017322
1017323,1017323
1017324,1017324
1017325,1017325
1017326,1017326
1017327,1017327
1017328,1017328
1017329,1017329
1017330,1017330
1017331,1017331
1017332,1017332
1017333,1017333
1017334,1017334
1017335,1017335
1017336,1017336
1017337,1017337
1017338,1017338
1017339,1017339
1017340,1017340
1017341,1017340
1017341,1017341
1017342,1017342
1017343,1017343
1017344,1017344
1017345,1017345
1017346,1017346
1017347,1017347
1017348,1017348
1017349,1017349
1017350,1017350
1017351,1017351
1017352,1017352
1017353,1017353
1017354,1017354
1017355,1017355
1017356,1017356
1017357,1017357
1017358,1017358
1017359,1017359
1017360,1017360
1017361,1017360
1017361,1017361
1017362,1017362
1017363,1017363
1017364,1017364
1017365,1017365
1017366,1017366
1017367,1017367
1017368,1017368
1017369,1017369
1017370,1017370
1017371,1017371
1017372,1017372
1017373,1017373
1017374,1017374
1017375,1017375
1017376,1017376
1017377,1017377
1017378,1017378
1017379,1017379
1017380,1017380
1017381,1017381
1017382,1017382
1017383,1017383
1017384,1017384
1017385,1017385
1017386,1017386
1017387,1017387
1017388,1017388
1017389,1017389
1017390,1017390
1017391,1017391
1017392,1017392
1017393,1017393
1017394,1017394
1017395,1017395
1017396,1017396
1017397,1017397
1017398,1017398
1017399,1017399
1017400,1017400
1017401,1017401
1017402,1017402
1017403,1017403
1017404,1017404
1017405,1017405
1017406,1017406
1017407,1017407
1017408,1017408
1017409,1017409
1017410,1017410
1017411,1017411
1017412,1017412
1017413,1017413
1017413,1017608
1017414,1017414
1017415,1017415
1017416,1017416
1017417,1017417
1017418,1017418
1017419,1017419
1017420,1017420
1017421,1017421
1017422,1017422
1017423,1017423
1017424,1017424
1017425,1017425
1017426,1017426
1017427,1017427
1017428,1017428
1017429,1017429
1017430,1017430
1017431,1017431
1017432,1017432
1017433,1017433
1017434,1017434
1017435,1017435
1017436,1017436
1017437,1017437
1017438,1017438
1017439,1017439
1017440,1017440
1017441,1017441
1017442,1017442
1017443,1017443
1017444,1017444
1017445,1017445
1017446,1017445
1017446,1017446
1017447,1017447
1017448,1017448
1017449,1017449
1017450,1017450
1017451,1017451
1017452,1017452
1017453,1017453
1017454,1017454
1017455,1017455
1017456,1017456
1017457,1017457
1017458,1017458
1017459,1017459
1017460,1017460
1017461,1017461
1017462,1017462
1017463,1017463
1017464,1017464
1017465,1017465
1017466,1017466
1017467,1017467
1017468,1017468
1017469,1017469
1017470,1017470
1017471,1017471
1017472,1017472
1017473,1017473
1017474,1017474
1017475,1017475
1017476,1017476
1017477,1017477
1017478,1017478
1017479,1017479
1017480,1017480
1017481,1017481
1017482,1017482
1017483,1017483
1017484,1017484
1017485,1017485
1017486,1017486
1017487,1017487
1017488,1017488
1017489,1017489
1017490,1017490
1017491,1017491
1017492,1017492
1017493,1017493
1017494,1017494
1017495,1017495
1017496,1017496
1017497,1017497
1017498,1017498
1017499,1017499
1017500,1017499
1017500,1017500
1017501,1017501
1017502,1017502
1017503,1017503
1017504,1017504
1017505,1017505
1017506,1017506
1017507,1017507
1017508,1017508
1017509,1017509
1017510,1017510
1017511,1017511
1017512,1017512
1017513,1017513
1017514,1017514
1017515,1017515
1017516,1017516
1017517,1017517
1017518,1017518
1017519,1017519
1017520,1017520
1017521,1017521
1017522,1017522
1017523,1017523
1017524,1017524
1017525,1017525
1017526,1017526
1017527,1017527
1017528,1017528
1017529,1017529
1017530,1017530
1017531,1017531
1017532,1017532
1017533,1017533
1017534,1017534
1017535,1017535
1017536,1017536
1017537,1017537
1017538,1017538
1017539,1017539
1017540,1017540
1017541,1017541
1017542,1017542
1017543,1017543
1017544,1017544
1017545,1017545
1017546,1017546
1017547,1017547
1017548,1017548
1017549,1017549
1017550,1017550
1017551,1017551
1017552,1017552
1017553,1017553
1017554,1017554
1017555,1017555
1017556,1017556
1017557,1017557
1017558,1017558
1017559,1017559
1017560,1017560
1017561,1017561
1017562,1017562
1017563,1017563
1017564,1017564
1017565,1017565
1017566,1017566
1017567,1017566
1017567,1017567
1017568,1017568
1017569,1017569
1017570,1017570
1017571,1017571
1017572,1017572
1017573,1017573
1017574,1017574
1017575,1017575
1017576,1017576
1017577,1017577
1017578,1017578
1017579,1017579
1017580,1017580
1017581,1017581
1017582,1017582
1017583,1017583
1017584,1017584
1017585,1017585
1017586,1017586
1017587,1017587
1017588,1017588
1017589,1017589
1017590,1017590
1017591,1017591
1017592,1017592
1017593,1017593
1017594,1017594
1017595,1017595
1017596,1017596
1017597,1017597
1017598,1017598
1017599,1017599
1017600,1017600
1017601,1017601
1017602,1017602
1017603,1017603
1017604,1017604
1017605,1017605
1017605,1017676
1017606,1017606
1017607,1017607
1017608,1017608
1017609,1017609
1017610,1017610
1017611,1017611
1017612,1017612
1017613,1017613
1017614,1017614
1017615,1017615
1017616,1017616
1017617,1017617
1017618,1017618
1017619,1017619
1017620,1017619
1017620,1017620
1017621,1017621
1017622,1017622
1017622,1017650
1017623,1017623
1017624,1017624
1017625,1017625
1017626,1017626
1017627,1017627
1017628,1017628
1017629,1017629
1017630,1017630
1017631,1017631
1017632,1017632
1017633,1017633
1017634,1017634
1017635,1017635
1017636,1017636
1017637,1017637
1017638,1017638
1017639,1017639
1017640,1017640
1017641,1017641
1017642,1017642
1017643,1017643
1017644,1017644
1017645,1017645
1017646,1017646
1017647,1017647
1017648,1017648
1017649,1017649
1017650,1017650
1017651,1017651
1017652,1017652
1017653,1017653
1017654,1017654
1017655,1017655
1017656,1017656
1017657,1017657
1017658,1017658
1017659,1017659
1017660,1017660
1017661,1017661
1017662,1017662
1017663,1017663
1017664,1017664
1017665,1017665
1017666,1017666
1017666,1018210
1017667,1017667
1017668,1017668
1017669,1017669
1017670,1017670
1017671,1017671
1017672,1017672
1017673,1017673
1017674,1017674
1017675,1017675
1017676,1017676
1017677,1017677
1017678,1017678
1017679,1017679
1017680,1017680
1017681,1017681
1017682,1017682
1017683,1017683
1017684,1017684
1017685,1017685
1017686,1017686
1017687,1017687
1017688,1017688
1017689,1017689
1017690,1017690
1017691,1017691
1017692,1017692
1017693,1017693
1017694,1017694
1017695,1017695
1017696,1017696
1017697,1017697
1017698,1017698
1017699,1017699
1017700,1017700
1017701,1017701
1017702,1017702
1017703,1017703
1017704,1017704
1017705,1017705
1017706,1017706
1017707,1017707
1017708,1017708
1017709,1017709
1017710,1017710
1017711,1017711
1017712,1017712
1017713,1017712
1017713,1017713
1017714,1017714
1017715,1017715
1017716,1017716
1017717,1017717
1017718,1017718
1017719,1017719
1017720,1017720
1017721,1017721
1017722,1017722
1017723,1017723
1017724,1017724
1017725,1017725
1017726,1017726
1017727,1017727
1017728,1017728
1017729,1017729
1017730,1017730
1017731,1017731
1017732,1017732
1017733,1017733
1017734,1017734
1017735,1017735
1017736,1017736
1017737,1017737
1017738,1017738
1017739,1017739
1017740,1017740
1017741,1017741
1017742,1017742
1017743,1017743
1017743,1018318
1017744,1017744
1017745,1017745
1017746,1017746
1017747,1017747
1017748,1017748
1017749,1017749
1017750,1017750
1017751,1017751
1017752,1017752
1017753,1017753
1017754,1017754
1017755,1017755
1017756,1017756
1017757,1017757
1017758,1017758
1017759,1017759
1017760,1017760
1017761,1017761
1017762,1017762
1017763,1017763
1017763,1017805
1017764,1017764
1017765,1017765
1017766,1017766
1017767,1017767
1017768,1017768
1017769,1017769
1017770,1017770
1017771,1017771
1017772,1017772
1017773,1017773
1017774,1017774
1017775,1017775
1017776,1017776
1017777,1017777
1017778,1017778
1017779,1017779
1017780,1017780
1017781,1017781
1017782,1017782
1017783,1017783
1017784,1017784
1017785,1017785
1017786,1017786
1017787,1017787
1017788,1017788
1017789,1017789
1017790,1017790
1017791,1017791
1017792,1017792
1017793,1017793
1017794,1017794
1017795,1017795
1017796,1017796
1017797,1017797
1017798,1017798
1017799,1017799
1017800,1017800
1017801,1017801
1017802,1017802
1017803,1017803
1017804,1017804
1017805,1017805
1017806,1017806
1017807,1017807
1017808,1017808
1017809,1017809
1017810,1017810
1017811,1017811
1017812,1017812
1017813,1017813
1017814,1017814
1017815,1017815
1017816,1017816
1017817,1017817
1017818,1017818
1017819,1017819
1017820,1017820
1017821,1017821
1017822,1017822
1017823,1017823
1017824,1017824
1017825,1017825
1017826,1017826
1017827,1017827
1017828,1017828
1017829,1017829
1017830,1017830
1017831,1017831
1017832,1017832
1017833,1017833
1017834,1017834
1017835,1017835
1017836,1017836
1017837,1017837
1017838,1017838
1017839,1017839
1017840,1017840
1017841,1017841
1017842,1017842
1017843,1017843
1017844,1017844
1017845,1017845
1017846,1017846
1017847,1017847
1017848,1017848
1017849,1017849
1017850,1017850
1017851,1017851
1017852,1017852
1017853,1017853
1017854,1017854
1017855,1017855
1017856,1017856
1017857,1017857
1017858,1017858
1017859,1017859
1017860,1017860
1017861,1017861
1017862,1017862
1017863,1017863
1017864,1017864
1017865,1017865
1017866,1017866
1017867,1017867
1017868,1017868
1017869,1017869
1017870,1017870
1017871,1017871
1017872,1017872
1017873,1017873
1017874,1017874
1017875,1017875
1017876,1017876
1017877,1017877
1017878,1017878
1017879,1017879
1017880,1017880
1017881,1017881
1017882,1017882
1017883,1017883
1017884,1017884
1017885,1017885
1017886,1017886
1017887,1017887
1017888,1017888
1017889,1017889
1017890,1017890
1017891,1017890
1017891,1017891
1017892,1017892
1017893,1017893
1017894,1017894
1017895,1017895
1017896,1017896
1017897,1017897
1017898,1017898
1017899,1017899
1017900,1017900
1017901,1017901
1017902,1017902
1017903,1017903
1017904,1017904
1017905,1017905
1017906,1017906
1017907,1017907
1017908,1017908
1017909,1017909
1017910,1017910
1017911,1017911
1017912,1017912
1017913,1017913
1017914,1017914
1017915,1017915
1017916,1017916
1017917,1017917
1017918,1017918
1017919,1017919
1017920,1017920
1017921,1017921
1017922,1017922
1017923,1017923
1017924,1017924
1017925,1017925
1017926,1017926
1017927,1017927
1017928,1017928
1017929,1017929
1017930,1017930
1017931,1017931
1017932,1017932
1017933,1017933
1017934,1017934
1017935,1017935
1017936,1017936
1017937,1017937
1017938,1017938
1017939,1017939
1017940,1017940
1017941,1017941
1017942,1017942
1017943,1017943
1017944,1017944
1017945,1017945
1017946,1017946
1017947,1017947
1017948,1017948
1017949,1017949
1017950,1017950
1017951,1017951
1017952,1017952
1017953,1017953
1017954,1017954
1017955,1017955
1017956,1017956
1017957,1017957
1017958,1017958
1017959,1017959
1017960,1017960
1017961,1017961
1017962,1017962
1017963,1017963
1017964,1017964
1017965,1017965
1017966,1017966
1017967,1017967
1017968,1017968
1017969,1017969
1017970,1017970
1017971,1017971
1017972,1017972
1017973,1017973
1017974,1017974
1017975,1017975
1017976,1017976
1017977,1017977
1017978,1017978
1017979,1017979
1017980,1017980
1017981,1017981
1017982,1017982
1017983,1017983
1017984,1017984
1017985,1017985
1017986,1017986
1017987,1017987
1017988,1017988
1017989,1017989
1017990,1017990
1017991,1017991
1017992,1017992
1017993,1017993
1017994,1017994
1017995,1017995
1017996,1017996
1017997,1017997
1017998,1017998
1017999,1017999
1018000,1018000
1018001,1018001
1018002,1018002
1018003,1018003
1018004,1018004
1018005,1018005
1018006,1018006
1018007,1018007
1018008,1018008
1018009,1018009
1018010,1018010
1018011,1018011
1018012,1018012
1018013,1018013
1018014,1018014
1018015,1018015
1018016,1018016
1018017,1018017
1018018,1018018
1018019,1018019
1018020,1018020
1018021,1018021
1018022,1018022
1018023,1018023
1018024,1018024
1018025,1018025
1018026,1018026
1018027,1018027
1018028,1018028
1018029,1018029
1018030,1018030
1018031,1018031
1018032,1018032
1018033,1018033
1018034,1018034
1018035,1018035
1018036,1018036
1018037,1018037
1018038,1018038
1018039,1018039
1018040,1018040
1018041,1018041
1018042,1018042
1018043,1018043
1018044,1018044
1018045,1018045
1018046,1018046
1018047,1018047
1018048,1018048
1018049,1018049
1018050,1018050
1018051,1018051
1018052,1018052
1018053,1018053
1018054,1018054
1018055,1018055
1018056,1018056
1018057,1018057
1018058,1018058
1018059,1018059
1018060,1018060
1018061,1018061
1018062,1018062
1018063,1018063
1018064,1018064
1018065,1018065
1018066,1018066
1018067,1018067
1018068,1018067
1018068,1018068
1018068,1018157
1018069,1018069
1018070,1018070
1018071,1018071
1018072,1018072
1018073,1018073
1018074,1018074
1018075,1018075
1018076,1018076
1018077,1018077
1018078,1018078
1018079,1018079
1018080,1018080
1018081,1018081
1018082,1018082
1018083,1018083
1018084,1018084
1018085,1018085
1018086,1018086
1018087,1018087
1018088,1018088
1018089,1018089
1018090,1018090
1018091,1018091
1018092,1018092
1018093,1018093
1018094,1018094
1018095,1018095
1018096,1018096
1018097,1018097
1018098,1018098
1018099,1018099
1018100,1018100
1018101,1018101
1018102,1018102
1018103,1018103
1018104,1018104
1018105,1018105
1018106,1018106
1018107,1018107
1018108,1018108
1018109,1018109
1018110,1018110
1018111,1018111
1018112,1018112
1018113,1018113
1018114,1018114
1018115,1018115
1018116,1018116
1018117,1018117
1018118,1018118
1018119,1018119
1018120,1018119
1018120,1018120
1018121,1018121
1018122,1018122
1018123,1018123
1018124,1018124
1018125,1018125
1018126,1018126
1018127,1018127
1018128,1018128
1018129,1018129
1018130,1018130
1018131,1018131
1018132,1018132
1018133,1018133
1018134,1018134
1018135,1018135
1018136,1018136
1018137,1018137
1018138,1018138
1018139,1018139
1018140,1018140
1018141,1018141
1018142,1018142
1018143,1018143
1018144,1018144
1018145,1018145
1018146,1018146
1018147,1018147
1018148,1018148
1018149,1018149
1018150,1018150
1018151,1018151
1018152,1018152
1018153,1018153
1018154,1018154
1018155,1018155
1018156,1018156
1018157,1018157
1018158,1018158
1018159,1018159
1018160,1018160
1018161,1018161
1018162,1018162
1018163,1018163
1018164,1018164
1018165,1018165
1018166,1018166
1018167,1018167
1018168,1018168
1018169,1018169
1018170,1018170
1018171,1018171
1018172,1018172
1018173,1018173
1018174,1018174
1018175,1018175
1018176,1018176
1018177,1018177
1018178,1018178
1018179,1018179
1018180,1018180
1018181,1018181
1018182,1018182
1018183,1018183
1018184,1018184
1018185,1018185
1018186,1018186
1018187,1018187
1018188,1018188
1018189,1018189
1018190,1018190
1018191,1018191
1018192,1018192
1018193,1018193
1018194,1018194
1018195,1018195
1018196,1018196
1018197,1018197
1018197,1018270
1018198,1018198
1018199,1018199
1018200,1018200
1018201,1018201
1018202,1018202
1018203,1018203
1018204,1018204
1018205,1018205
1018206,1018206
1018207,1018207
1018208,1018208
1018209,1018209
1018210,1018210
1018211,1018211
1018212,1018212
1018213,1018213
1018214,1018214
1018215,1018215
1018216,1018216
1018217,1018217
1018218,1018218
1018219,1018219
1018220,1018220
1018221,1018221
1018222,1018222
1018223,1018223
1018224,1018224
1018225,1018225
1018226,1018226
1018227,1018227
1018228,1018228
1018229,1018229
1018230,1018230
1018231,1018231
1018232,1018232
1018233,1018233
1018234,1018234
1018235,1018235
1018236,1018236
1018237,1018237
1018238,1018238
1018239,1018239
1018240,1018240
1018241,1018241
1018242,1018242
1018243,1018243
1018244,1018244
1018245,1018245
1018245,1018412
1018246,1018246
1018247,1018247
1018248,1018248
1018249,1018249
1018250,1018250
1018251,1018251
1018252,1018252
1018253,1018253
1018254,1018254
1018255,1018255
1018256,1018256
1018257,1018257
1018258,1018258
1018259,1018259
1018260,1018260
1018261,1018261
1018262,1018262
1018263,1018263
1018264,1018264
1018265,1018265
1018266,1018266
1018267,1018267
1018268,1018268
1018269,1018269
1018270,1018270
1018271,1018271
1018272,1018272
1018273,1018273
1018274,1018274
1018275,1018275
1018276,1018276
1018277,1018277
1018278,1018278
1018279,1018279
1018280,1018280
1018281,1018281
1018282,1018282
1018283,1018283
1018284,1018284
1018285,1018285
1018286,1018286
1018287,1018287
1018288,1018288
1018289,1018289
1018290,1018290
1018291,1018291
1018292,1018292
1018293,1018293
1018294,1018294
1018295,1018295
1018296,1018296
1018297,1018297
1018298,1018298
1018299,1018299
1018300,1018300
1018301,1018301
1018302,1018302
1018303,1018303
1018304,1018304
1018305,1018305
1018306,1018306
1018307,1018307
1018308,1018308
1018309,1018309
1018310,1018310
1018311,1018311
1018312,1018312
1018313,1018313
1018314,1018314
1018315,1018315
1018316,1018316
1018317,1018317
1018318,1018318
1018319,1018319
1018320,1018320
1018321,1018321
1018322,1018322
1018323,1018323
1018324,1018324
1018325,1018325
1018326,1018326
1018327,1018327
1018328,1018328
1018329,1018329
1018330,1018330
1018331,1018331
1018332,1018332
1018333,1018333
1018334,1018334
1018335,1018335
1018336,1018336
1018337,1018337
1018338,1018338
1018339,1018339
1018340,1018340
1018341,1018341
1018342,1018342
1018343,1018343
1018344,1018344
1018345,1018345
1018346,1018346
1018347,1018347
1018348,1018348
1018349,1018349
1018350,1018350
1018351,1018351
1018352,1018352
1018353,1018353
1018354,1018354
1018355,1018355
1018356,1018356
1018357,1018357
1018358,1018358
1018359,1018359
1018360,1018360
1018361,1018361
1018362,1018362
1018363,1018363
1018364,1018364
1018365,1018365
1018366,1018366
1018367,1018367
1018368,1018368
1018369,1018369
1018370,1018370
1018371,1018371
1018372,1018372
1018373,1018373
1018374,1018374
1018375,1018375
1018376,1018376
1018377,1018377
1018378,1018378
1018379,1018379
1018380,1018380
1018381,1018381
1018382,1018382
1018383,1018383
1018384,1018384
1018385,1018385
1018386,1018386
1018387,1018387
1018388,1018388
1018389,1018389
1018390,1018390
1018391,1018391
1018392,1018392
1018393,1018393
1018394,1018394
1018395,1018395
1018396,1018396
1018397,1018397
1018398,1018398
1018399,1018399
1018400,1018400
1018401,1018401
1018402,1018402
1018403,1018403
1018404,1018404
1018405,1018405
1018406,1018406
1018407,1018407
1018408,1018408
1018409,1018409
1018410,1018410
1018411,1018411
1018412,1018412
1018413,1018413
1018414,1018414
1018415,1018415
1018416,1018416
1018417,1018417
1018418,1018418
1018419,1018419
1018420,1018420
1018421,1018421
1018422,1018422
1018423,1018423
1018424,1018424
1018425,1018425
1018426,1018426
1018427,1018427
1018428,1018428
1018429,1018429
1018430,1018430
1018431,1018431
1018432,1018432
1018433,1018433
1018434,1018434
1018435,1018435
1018436,1018436
1018437,1018437
1018438,1018438
1018439,1018439
1018440,1018440
1018441,1018441
1018442,1018442
1018443,1018443
1018444,1018444
1018445,1018445
1018446,1018446
1018447,1018447
1018447,1018568
1018448,1018448
1018449,1018449
1018450,1018450
1018451,1018451
1018452,1018452
1018453,1018453
1018454,1018454
1018455,1018455
1018456,1018456
1018457,1018457
1018458,1018458
1018459,1018459
1018460,1018460
1018461,1018461
1018462,1018462
1018463,1018463
1018464,1018464
1018465,1018465
1018466,1018466
1018467,1018467
1018468,1018468
1018469,1018469
1018470,1018470
1018471,1018471
1018472,1018472
1018473,1018473
1018474,1018474
1018475,1018475
1018476,1018476
1018477,1018477
1018478,1018478
1018479,1018479
1018480,1018480
1018481,1018481
1018482,1018482
1018483,1018483
1018484,1018484
1018485,1018485
1018486,1018486
1018487,1018487
1018488,1018488
1018489,1018489
1018490,1018490
1018491,1018491
1018492,1018492
1018493,1018493
1018494,1018494
1018495,1018495
1018496,1018496
1018497,1018497
1018498,1018498
1018499,1018499
1018500,1018500
1018501,1018501
1018502,1018502
1018503,1018503
1018504,1018504
1018505,1018505
1018506,1018506
1018507,1018507
1018508,1018508
1018509,1018509
1018510,1018510
1018511,1018511
1018512,1018512
1018513,1018513
1018514,1018514
1018515,1018515
1018516,1018516
1018517,1018517
1018518,1018518
1018519,1018519
1018520,1018520
1018521,1018521
1018522,1018522
1018523,1018523
1018524,1018524
1018525,1018525
1018526,1018526
1018527,1018527
1018528,1018528
1018529,1018529
1018530,1018530
1018531,1018531
1018532,1018532
1018533,1018533
1018534,1018534
1018535,1018535
1018536,1018536
1018537,1018537
1018538,1018538
1018539,1018539
1018540,1018540
1018541,1018541
1018542,1018542
1018543,1018543
1018544,1018544
1018545,1018545
1018546,1018546
1018547,1018547
1018548,1018548
1018549,1018549
1018550,1018550
1018551,1018551
1018552,1018552
1018553,1018553
1018554,1018554
1018555,1018555
1018556,1018556
1018557,1018557
1018558,1018558
1018559,1018559
1018560,1018560
1018561,1018561
1018562,1018562
1018563,1018563
1018564,1018564
1018565,1018565
1018566,1018566
1018567,1018567
1018568,1018568
1018569,1018569
1018570,1018570
1018571,1018571
1018572,1018572
1018573,1018573
1018574,1018574
1018575,1018575
1018576,1018576
1018577,1018577
1018578,1018578
1018579,1018579
1018580,1018580
1018581,1018581
1018582,1018582
1018583,1018583
1018584,1018584
1018585,1018585
1018586,1018586
1018587,1018587
1018588,1018588
1018589,1018589
1018590,1018590
1018591,1018591
1018592,1018592
1018593,1018593
1018594,1018594
1018595,1018595
1018596,1018596
1018597,1018597
1018598,1018598
1018599,1018599
1018600,1018600
1018601,1018601
1018602,1018602
1018603,1018603
1018604,1018604
1018605,1018605
1018606,1018606
1018607,1018607
1018608,1018608
1018609,1018609
1018610,1018610
1018611,1018611
1018612,1018612
1018613,1018613
1018614,1018614
1018615,1018615
1018616,1018616
1018617,1018617
1018618,1018618
1018619,1018619
1018620,1018620
1018621,1018621
1018622,1018622
1018623,1018623
1018624,1018624
1018625,1018625
1018626,1018626
1018627,1018627
1018628,1018628
1018629,1018629
1018630,1018630
1018631,1018631
1018632,1008133
1018632,1008227
1018632,1009228
1018632,1009243
1018632,1009841
1018632,1010029
1018632,1010179
1018632,1010596
1018632,1012365
1018632,1012376
1018632,1012461
1018632,1012709
1018632,1012715
1018632,1012806
1018632,1012864
1018632,1012964
1018632,1013610
1018632,1013816
1018632,1013821
1018632,1013866
1018632,1014003
1018632,1014220
1018632,1014816
1018632,1014925
1018632,1015763
1018632,1015820
1018632,1015950
1018632,1016376
1018632,1016767
1018632,1016797
1018632,1016845
1018632,1017303
1018632,1017636
1018632,1017654
1018632,1017871
1018632,1018155
1018632,1018348
1018632,1018397
1018632,1018523
1018632,1018550
1018632,1018632
1018633,1011189
1018633,1018633
1018634,1008608
1018634,1008609
1018634,1011189
1018634,1011834
1018634,1012105
1018634,1012133
1018634,1012642
1018634,1013511
1018634,1015300
1018634,1016630
1018634,1017279
1018634,1017571
1018634,1018633
1018634,1018634
1018634,1018741
1018634,1018757
1018634,1019195
1018634,1019325
1018634,1019360
1018634,1019408
1018634,1019503
1018634,1019527
1018634,1019612
1018634,1019673
1018634,1019760
1018635,1010004
1018635,1010005
1018635,1010194
1018635,1012807
1018635,1012808
1018635,1015852
1018635,1015853
1018635,1016516
1018635,1018635
1018635,1019326
1018636,1010004
1018636,1010005
1018636,1010194
1018636,1012807
1018636,1012808
1018636,1013025
1018636,1014339
1018636,1015852
1018636,1015853
1018636,1016003
1018636,1016516
1018636,1017195
1018636,1018635
1018636,1018636
1018636,1019326
1018636,1019447
1018637,1009644
1018637,1010004
1018637,1010005
1018637,1010194
1018637,1010521
1018637,1012807
1018637,1012808
1018637,1013939
1018637,1015852
1018637,1015853
1018637,1016516
1018637,1018635
1018637,1018637
1018637,1019137
1018637,1019326
1018638,1007221
1018638,1008143
1018638,1011264
1018638,1011265
1018638,1014759
1018638,1015369
1018638,1016500
1018638,1017859
1018638,1018372
1018638,1018638
1018639,1007221
1018639,1008143
1018639,1011226
1018639,1011264
1018639,1011265
1018639,1013314
1018639,1013963
1018639,1014759
1018639,1015369
1018639,1015592
1018639,1016500
1018639,1017859
1018639,1018372
1018639,1018639
1018640,1006603
1018640,1007079
1018640,1007221
1018640,1007517
1018640,1007557
1018640,1008143
1018640,1008237
1018640,1008238
1018640,1008265
1018640,1008266
1018640,1008296
1018640,1008297
1018640,1008425
1018640,1008426
1018640,1008475
1018640,1008476
1018640,1008510
1018640,1008511
1018640,1008563
1018640,1008701
1018640,1008775
1018640,1008789
1018640,1008790
1018640,1008909
1018640,1008910
1018640,1008987
1018640,1009037
1018640,1009244
1018640,1009245
1018640,1009286
1018640,1009287
1018640,1009391
1018640,1009541
1018640,1009561
1018640,1009562
1018640,1009681
1018640,1009768
1018640,1009813
1018640,1009875
1018640,1009876
1018640,1009911
1018640,1009962
1018640,1009999
1018640,1010006
1018640,1010080
1018640,1010144
1018640,1010147
1018640,1010208
1018640,1010284
1018640,1010496
1018640,1010594
1018640,1010595
1018640,1010607
1018640,1010608
1018640,1010772
1018640,1010780
1018640,1010820
1018640,1010908
1018640,1010909
1018640,1010957
1018640,1011025
1018640,1011121
1018640,1011226
1018640,1011264
1018640,1011265
1018640,1011401
1018640,1011402
1018640,1011418
1018640,1011430
1018640,1011431
1018640,1011650
1018640,1011765
1018640,1011766
1018640,1011935
1018640,1011977
1018640,1012143
1018640,1012190
1018640,1012191
1018640,1012428
1018640,1012429
1018640,1012462
1018640,1012695
1018640,1012720
1018640,1012735
1018640,1012762
1018640,1012763
1018640,1012800
1018640,1012874
1018640,1013020
1018640,1013021
1018640,1013055
1018640,1013057
1018640,1013087
1018640,1013193
1018640,1013195
1018640,1013196
1018640,1013219
1018640,1013238
1018640,1013314
1018640,1013346
1018640,1013617
1018640,1013618
1018640,1013632
1018640,1013712
1018640,1013752
1018640,1013875
1018640,1013897
1018640,1013918
1018640,1013926
1018640,1013927
1018640,1014027
1018640,1014091
1018640,1014275
1018640,1014384
1018640,1014458
1018640,1014499
1018640,1014650
1018640,1014690
1018640,1014696
1018640,1014746
1018640,1014752
1018640,1014759
1018640,1014764
1018640,1014765
1018640,1014990
1018640,1015253
1018640,1015271
1018640,1015328
1018640,1015353
1018640,1015367
1018640,1015369
1018640,1015434
1018640,1015501
1018640,1015592
1018640,1015606
1018640,1015626
1018640,1015627
1018640,1015749
1018640,1015767
1018640,1015768
1018640,1015860
1018640,1015872
1018640,1016010
1018640,1016346
1018640,1016500
1018640,1016537
1018640,1016544
1018640,1016577
1018640,1016585
1018640,1016620
1018640,1016657
1018640,1016668
1018640,1016695
1018640,1016696
1018640,1016711
1018640,1016796
1018640,1016891
1018640,1017245
1018640,1017468
1018640,1017641
1018640,1017703
1018640,1017859
1018640,1018198
1018640,1018372
1018640,1018376
1018640,1018475
1018640,1018528
1018640,1018616
1018640,1018640
1018641,1014324
1018641,1018641
1018642,1014263
1018642,1014324
1018642,1018641
1018642,1018642
1018643,1008147
1018643,1018643
1018644,1008149
1018644,1008150
1018644,1008253
1018644,1013573
1018644,1018330
1018644,1018644
1018644,1018666
1018644,1018889
1018645,1008156
1018645,1011391
1018645,1016212
1018645,1018645
1018646,1008158
1018646,1008708
1018646,1016188
1018646,1018646
1018647,1007615
1018647,1008167
1018647,1008705
1018647,1010026
1018647,1010318
1018647,1014619
1018647,1014839
1018647,1015491
1018647,1016253
1018647,1018647
1018647,1019515
1018648,1008168
1018648,1008210
1018648,1008298
1018648,1008327
1018648,1008378
1018648,1008385
1018648,1008399
1018648,1008446
1018648,1008456
1018648,1008533
1018648,1008542
1018648,1008603
1018648,1008732
1018648,1008745
1018648,1008815
1018648,1008863
1018648,1008900
1018648,1008933
1018648,1009019
1018648,1009074
1018648,1009109
1018648,1009162
1018648,1009182
1018648,1009285
1018648,1009291
1018648,1009315
1018648,1009431
1018648,1009446
1018648,1009485
1018648,1009528
1018648,1009532
1018648,1009559
1018648,1009588
1018648,1009601
1018648,1009602
1018648,1009612
1018648,1009618
1018648,1009679
1018648,1009733
1018648,1009818
1018648,1009819
1018648,1009866
1018648,1009893
1018648,1009997
1018648,1010107
1018648,1010134
1018648,1010148
1018648,1010223
1018648,1010268
1018648,1010282
1018648,1010300
1018648,1010301
1018648,1010378
1018648,1010386
1018648,1010389
1018648,1010427
1018648,1010468
1018648,1010482
1018648,1010564
1018648,1010580
1018648,1010600
1018648,1010621
1018648,1010706
1018648,1010831
1018648,1010832
1018648,1010883
1018648,1010898
1018648,1010914
1018648,1010949
1018648,1010954
1018648,1010961
1018648,1010980
1018648,1010986
1018648,1011010
1018648,1011162
1018648,1011202
1018648,1011217
1018648,1011294
1018648,1011316
1018648,1011319
1018648,1011439
1018648,1011445
1018648,1011485
1018648,1011489
1018648,1011543
1018648,1011583
1018648,1011649
1018648,1011712
1018648,1011753
1018648,1011861
1018648,1011865
1018648,1011867
1018648,1011890
1018648,1011894
1018648,1011914
1018648,1012064
1018648,1012075
1018648,1012079
1018648,1012086
1018648,1012114
1018648,1012115
1018648,1012116
1018648,1012117
1018648,1012120
1018648,1012130
1018648,1012170
1018648,1012218
1018648,1012245
1018648,1012272
1018648,1012278
1018648,1012323
1018648,1012369
1018648,1012405
1018648,1012414
1018648,1012442
1018648,1012466
1018648,1012522
1018648,1012562
1018648,1012608
1018648,1012661
1018648,1012663
1018648,1012671
1018648,1012672
1018648,1012710
1018648,1012750
1018648,1012794
1018648,1012892
1018648,1012904
1018648,1012938
1018648,1012986
1018648,1012990
1018648,1013004
1018648,1013014
1018648,1013047
1018648,1013093
1018648,1013106
1018648,1013127
1018648,1013200
1018648,1013231
1018648,1013237
1018648,1013326
1018648,1013347
1018648,1013386
1018648,1013402
1018648,1013475
1018648,1013482
1018648,1013540
1018648,1013557
1018648,1013569
1018648,1013579
1018648,1013597
1018648,1013671
1018648,1013709
1018648,1013796
1018648,1013877
1018648,1013966
1018648,1013973
1018648,1014026
1018648,1014060
1018648,1014076
1018648,1014099
1018648,1014118
1018648,1014119
1018648,1014127
1018648,1014149
1018648,1014150
1018648,1014200
1018648,1014206
1018648,1014215
1018648,1014273
1018648,1014308
1018648,1014326
1018648,1014369
1018648,1014389
1018648,1014390
1018648,1014437
1018648,1014493
1018648,1014545
1018648,1014643
1018648,1014674
1018648,1014686
1018648,1014719
1018648,1014770
1018648,1014790
1018648,1014829
1018648,1014849
1018648,1014856
1018648,1014882
1018648,1014902
1018648,1014918
1018648,1014952
1018648,1014993
1018648,1015024
1018648,1015058
1018648,1015087
1018648,1015108
1018648,1015115
1018648,1015118
1018648,1015188
1018648,1015202
1018648,1015206
1018648,1015218
1018648,1015234
1018648,1015303
1018648,1015390
1018648,1015402
1018648,1015419
1018648,1015420
1018648,1015441
1018648,1015472
1018648,1015479
1018648,1015525
1018648,1015545
1018648,1015554
1018648,1015561
1018648,1015597
1018648,1015691
1018648,1015731
1018648,1015776
1018648,1015806
1018648,1015906
1018648,1015917
1018648,1015926
1018648,1015937
1018648,1015939
1018648,1015962
1018648,1015975
1018648,1015995
1018648,1016029
1018648,1016031
1018648,1016058
1018648,1016071
1018648,1016134
1018648,1016147
1018648,1016194
1018648,1016348
1018648,1016359
1018648,1016467
1018648,1016488
1018648,1016527
1018648,1016619
1018648,1016624
1018648,1016652
1018648,1016731
1018648,1016737
1018648,1016784
1018648,1016811
1018648,1016848
1018648,1016873
1018648,1016908
1018648,1016914
1018648,1016915
1018648,1016972
1018648,1017034
1018648,1017056
1018648,1017109
1018648,1017110
1018648,1017142
1018648,1017165
1018648,1017172
1018648,1017189
1018648,1017214
1018648,1017227
1018648,1017250
1018648,1017258
1018648,1017271
1018648,1017277
1018648,1017293
1018648,1017419
1018648,1017428
1018648,1017439
1018648,1017440
1018648,1017473
1018648,1017482
1018648,1017523
1018648,1017539
1018648,1017552
1018648,1017582
1018648,1017584
1018648,1017587
1018648,1017672
1018648,1017715
1018648,1017716
1018648,1017717
1018648,1017792
1018648,1017800
1018648,1017845
1018648,1017913
1018648,1017949
1018648,1018000
1018648,1018064
1018648,1018072
1018648,1018093
1018648,1018103
1018648,1018129
1018648,1018139
1018648,1018183
1018648,1018189
1018648,1018200
1018648,1018242
1018648,1018252
1018648,1018287
1018648,1018373
1018648,1018387
1018648,1018439
1018648,1018443
1018648,1018513
1018648,1018575
1018648,1018595
1018648,1018596
1018648,1018603
1018648,1018648
1018649,1008174
1018649,1008236
1018649,1009214
1018649,1009777
1018649,1011463
1018649,1012352
1018649,1014016
1018649,1014449
1018649,1014512
1018649,1014558
1018649,1014723
1018649,1014975
1018649,1015600
1018649,1016279
1018649,1016713
1018649,1016815
1018649,1017990
1018649,1018045
1018649,1018649
1018650,1006687
1018650,1008176
1018650,1008583
1018650,1008939
1018650,1009177
1018650,1009822
1018650,1010415
1018650,1011057
1018650,1011985
1018650,1013171
1018650,1013434
1018650,1013572
1018650,1013607
1018650,1013718
1018650,1014306
1018650,1014675
1018650,1014963
1018650,1015523
1018650,1016239
1018650,1016683
1018650,1017076
1018650,1017378
1018650,1017513
1018650,1018030
1018650,1018291
1018650,1018650
1018651,1008191
1018651,1016265
1018651,1018651
1018652,1008209
1018652,1008832
1018652,1011213
1018652,1011781
1018652,1012235
1018652,1012726
1018652,1014158
1018652,1015445
1018652,1018652
1018653,1006311
1018653,1006313
1018653,1006315
1018653,1006317
1018653,1006319
1018653,1006321
1018653,1006323
1018653,1006324
1018653,1006325
1018653,1006326
1018653,1006327
1018653,1006329
1018653,1006331
1018653,1006333
1018653,1006334
1018653,1006335
1018653,1006337
1018653,1006339
1018653,1006341
1018653,1006343
1018653,1006345
1018653,1006346
1018653,1006348
1018653,1006350
1018653,1006352
1018653,1006354
1018653,1006356
1018653,1006358
1018653,1006360
1018653,1006362
1018653,1006364
1018653,1006366
1018653,1006368
1018653,1006369
1018653,1006370
1018653,1006372
1018653,1006374
1018653,1006376
1018653,1006378
1018653,1006380
1018653,1006382
1018653,1006383
1018653,1006384
1018653,1006386
1018653,1006388
1018653,1006390
1018653,1006392
1018653,1006393
1018653,1006395
1018653,1006396
1018653,1006397
1018653,1006399
1018653,1006401
1018653,1006403
1018653,1006404
1018653,1006405
1018653,1006406
1018653,1006407
1018653,1006409
1018653,1006411
1018653,1006413
1018653,1006414
1018653,1006415
1018653,1006417
1018653,1006419
1018653,1006421
1018653,1006423
1018653,1006425
1018653,1006427
1018653,1006429
1018653,1006431
1018653,1006433
1018653,1006435
1018653,1006437
1018653,1006439
1018653,1006441
1018653,1006443
1018653,1006444
1018653,1006445
1018653,1006447
1018653,1006449
1018653,1006451
1018653,1006453
1018653,1006455
1018653,1006457
1018653,1006458
1018653,1006459
1018653,1006461
1018653,1006462
1018653,1006464
1018653,1006465
1018653,1006466
1018653,1006467
1018653,1006469
1018653,1006471
1018653,1006472
1018653,1006473
1018653,1006474
1018653,1006475
1018653,1006476
1018653,1006477
1018653,1006479
1018653,1006481
1018653,1006483
1018653,1006485
1018653,1006487
1018653,1006489
1018653,1006490
1018653,1006492
1018653,1006494
1018653,1006496
1018653,1006498
1018653,1006499
1018653,1006500
1018653,1006502
1018653,1006504
1018653,1006506
1018653,1006508
1018653,1006510
1018653,1006512
1018653,1006514
1018653,1006516
1018653,1006518
1018653,1006520
1018653,1006522
1018653,1006523
1018653,1006525
1018653,1006527
1018653,1006528
1018653,1006530
1018653,1006532
1018653,1006534
1018653,1006535
1018653,1006536
1018653,1006537
1018653,1006538
1018653,1006539
1018653,1006540
1018653,1006542
1018653,1006543
1018653,1006544
1018653,1006545
1018653,1006546
1018653,1006548
1018653,1006549
1018653,1006551
1018653,1006553
1018653,1006554
1018653,1006555
1018653,1006556
1018653,1006557
1018653,1006558
1018653,1006559
1018653,1006561
1018653,1006563
1018653,1006565
1018653,1006567
1018653,1006569
1018653,1006571
1018653,1006573
1018653,1006575
1018653,1006577
1018653,1006578
1018653,1006580
1018653,1006582
1018653,1006584
1018653,1006586
1018653,1006588
1018653,1006590
1018653,1006592
1018653,1006594
1018653,1006596
1018653,1006598
1018653,1006600
1018653,1006602
1018653,1006604
1018653,1006606
1018653,1006608
1018653,1006610
1018653,1006612
1018653,1006614
1018653,1006616
1018653,1006618
1018653,1006620
1018653,1006622
1018653,1006624
1018653,1006626
1018653,1006628
1018653,1006629
1018653,1006630
1018653,1006631
1018653,1006632
1018653,1006634
1018653,1006636
1018653,1006638
1018653,1006640
1018653,1006641
1018653,1006642
1018653,1006644
1018653,1006646
1018653,1006648
1018653,1006650
1018653,1006651
1018653,1006652
1018653,1006653
1018653,1006655
1018653,1006657
1018653,1006659
1018653,1006661
1018653,1006663
1018653,1006665
1018653,1006667
1018653,1006669
1018653,1006671
1018653,1006673
1018653,1006675
1018653,1006677
1018653,1006678
1018653,1006680
1018653,1006682
1018653,1006684
1018653,1006686
1018653,1006688
1018653,1006690
1018653,1006692
1018653,1006694
1018653,1006696
1018653,1006697
1018653,1006698
1018653,1006700
1018653,1006702
1018653,1006704
1018653,1006706
1018653,1006708
1018653,1006710
1018653,1006711
1018653,1006712
1018653,1006714
1018653,1006716
1018653,1006718
1018653,1006720
1018653,1006722
1018653,1006724
1018653,1006725
1018653,1006726
1018653,1006728
1018653,1006730
1018653,1006732
1018653,1006734
1018653,1006736
1018653,1006738
1018653,1006740
1018653,1006742
1018653,1006744
1018653,1006745
1018653,1006746
1018653,1006747
1018653,1006749
1018653,1006751
1018653,1006753
1018653,1006755
1018653,1006757
1018653,1006759
1018653,1006761
1018653,1006763
1018653,1006765
1018653,1006767
1018653,1006769
1018653,1006771
1018653,1006773
1018653,1006775
1018653,1006777
1018653,1006779
1018653,1006781
1018653,1006783
1018653,1006784
1018653,1006785
1018653,1006787
1018653,1006789
1018653,1006791
1018653,1006793
1018653,1006795
1018653,1006797
1018653,1006799
1018653,1006801
1018653,1006803
1018653,1006804
1018653,1006806
1018653,1006808
1018653,1006809
1018653,1006810
1018653,1006812
1018653,1006814
1018653,1006816
1018653,1006818
1018653,1006820
1018653,1006822
1018653,1006824
1018653,1006826
1018653,1006828
1018653,1006829
1018653,1006830
1018653,1006832
1018653,1006834
1018653,1006836
1018653,1006838
1018653,1006840
1018653,1006842
1018653,1006844
1018653,1006846
1018653,1006848
1018653,1006850
1018653,1006852
1018653,1006853
1018653,1006855
1018653,1006857
1018653,1006859
1018653,1006861
1018653,1006863
1018653,1006865
1018653,1006867
1018653,1006869
1018653,1006870
1018653,1006871
1018653,1006873
1018653,1006875
1018653,1006877
1018653,1006878
1018653,1006879
1018653,1006880
1018653,1006882
1018653,1006884
1018653,1006886
1018653,1006888
1018653,1006890
1018653,1006892
1018653,1006894
1018653,1006896
1018653,1006898
1018653,1006900
1018653,1006902
1018653,1006904
1018653,1006906
1018653,1006908
1018653,1006910
1018653,1006912
1018653,1006914
1018653,1006916
1018653,1006918
1018653,1006920
1018653,1006922
1018653,1006924
1018653,1006926
1018653,1006928
1018653,1006930
1018653,1006932
1018653,1006934
1018653,1006936
1018653,1006938
1018653,1006940
1018653,1006942
1018653,1006944
1018653,1006946
1018653,1006948
1018653,1006950
1018653,1006952
1018653,1006954
1018653,1006956
1018653,1006958
1018653,1006960
1018653,1006962
1018653,1006964
1018653,1006966
1018653,1006968
1018653,1006969
1018653,1006970
1018653,1006972
1018653,1006974
1018653,1006976
1018653,1006978
1018653,1006980
1018653,1006982
1018653,1006984
1018653,1006986
1018653,1006988
1018653,1006990
1018653,1006992
1018653,1006994
1018653,1006996
1018653,1006998
1018653,1006999
1018653,1007000
1018653,1007002
1018653,1007004
1018653,1007006
1018653,1007008
1018653,1007010
1018653,1007012
1018653,1007014
1018653,1007016
1018653,1007018
1018653,1007020
1018653,1007021
1018653,1007022
1018653,1007024
1018653,1007026
1018653,1007028
1018653,1007030
1018653,1007032
1018653,1007034
1018653,1007036
1018653,1007038
1018653,1007040
1018653,1007042
1018653,1007044
1018653,1007045
1018653,1007046
1018653,1007048
1018653,1007050
1018653,1007052
1018653,1007054
1018653,1007055
1018653,1007056
1018653,1007058
1018653,1007060
1018653,1007061
1018653,1007062
1018653,1007064
1018653,1007066
1018653,1007068
1018653,1007070
1018653,1007072
1018653,1007074
1018653,1007076
1018653,1007078
1018653,1007080
1018653,1007082
1018653,1007083
1018653,1007085
1018653,1007087
1018653,1007088
1018653,1007090
1018653,1007092
1018653,1007094
1018653,1007095
1018653,1007096
1018653,1007098
1018653,1007100
1018653,1007102
1018653,1007104
1018653,1007106
1018653,1007107
1018653,1007108
1018653,1007110
1018653,1007112
1018653,1007114
1018653,1007116
1018653,1007118
1018653,1007120
1018653,1007122
1018653,1007124
1018653,1007126
1018653,1007128
1018653,1007130
1018653,1007132
1018653,1007134
1018653,1007136
1018653,1007138
1018653,1007140
1018653,1007142
1018653,1007144
1018653,1007146
1018653,1007148
1018653,1007149
1018653,1007150
1018653,1007152
1018653,1007154
1018653,1007156
1018653,1007158
1018653,1007159
1018653,1007160
1018653,1007162
1018653,1007164
1018653,1007166
1018653,1007168
1018653,1007170
1018653,1007172
1018653,1007174
1018653,1007176
1018653,1007178
1018653,1007180
1018653,1007182
1018653,1007184
1018653,1007186
1018653,1007188
1018653,1007190
1018653,1007192
1018653,1007194
1018653,1007196
1018653,1007198
1018653,1007200
1018653,1007201
1018653,1007202
1018653,1007204
1018653,1007206
1018653,1007208
1018653,1007210
1018653,1007212
1018653,1007214
1018653,1007216
1018653,1007218
1018653,1007220
1018653,1007222
1018653,1007224
1018653,1007225
1018653,1007226
1018653,1007228
1018653,1007230
1018653,1007232
1018653,1007234
1018653,1007236
1018653,1007238
1018653,1007240
1018653,1007242
1018653,1007244
1018653,1007246
1018653,1007248
1018653,1007250
1018653,1007252
1018653,1007253
1018653,1007254
1018653,1007256
1018653,1007258
1018653,1007260
1018653,1007261
1018653,1007262
1018653,1007263
1018653,1007264
1018653,1007265
1018653,1007266
1018653,1007267
1018653,1007268
1018653,1007270
1018653,1007272
1018653,1007274
1018653,1007276
1018653,1007278
1018653,1007280
1018653,1007282
1018653,1007284
1018653,1007286
1018653,1007288
1018653,1007290
1018653,1007292
1018653,1007294
1018653,1007296
1018653,1007298
1018653,1007300
1018653,1007302
1018653,1007304
1018653,1007306
1018653,1007308
1018653,1007310
1018653,1007312
1018653,1007314
1018653,1007316
1018653,1007318
1018653,1007320
1018653,1007321
1018653,1007323
1018653,1007325
1018653,1007326
1018653,1007327
1018653,1007329
1018653,1007331
1018653,1007333
1018653,1007335
1018653,1007337
1018653,1007339
1018653,1007341
1018653,1007343
1018653,1007345
1018653,1007347
1018653,1007349
1018653,1007351
1018653,1007353
1018653,1007355
1018653,1007357
1018653,1007359
1018653,1007361
1018653,1007363
1018653,1007364
1018653,1007365
1018653,1007367
1018653,1007369
1018653,1007371
1018653,1007373
1018653,1007375
1018653,1007377
1018653,1007379
1018653,1007381
1018653,1007383
1018653,1007385
1018653,1007387
1018653,1007388
1018653,1007389
1018653,1007391
1018653,1007393
1018653,1007394
1018653,1007396
1018653,1007398
1018653,1007400
1018653,1007402
1018653,1007404
1018653,1007406
1018653,1007408
1018653,1007410
1018653,1007412
1018653,1007414
1018653,1007416
1018653,1007418
1018653,1007420
1018653,1007422
1018653,1007424
1018653,1007426
1018653,1007428
1018653,1007430
1018653,1007431
1018653,1007432
1018653,1007434
1018653,1007436
1018653,1007438
1018653,1007440
1018653,1007442
1018653,1007444
1018653,1007446
1018653,1007448
1018653,1007450
1018653,1007451
1018653,1007452
1018653,1007454
1018653,1007456
1018653,1007458
1018653,1007460
1018653,1007462
1018653,1007464
1018653,1007466
1018653,1007468
1018653,1007470
1018653,1007472
1018653,1007474
1018653,1007476
1018653,1007478
1018653,1007480
1018653,1007482
1018653,1007484
1018653,1007486
1018653,1007487
1018653,1007488
1018653,1007489
1018653,1007490
1018653,1007492
1018653,1007494
1018653,1007496
1018653,1007498
1018653,1007500
1018653,1007502
1018653,1007504
1018653,1007506
1018653,1007508
1018653,1007510
1018653,1007512
1018653,1007514
1018653,1007516
1018653,1007518
1018653,1007520
1018653,1007522
1018653,1007524
1018653,1007526
1018653,1007527
1018653,1007529
1018653,1007531
1018653,1007533
1018653,1007535
1018653,1007536
1018653,1007537
1018653,1007539
1018653,1007541
1018653,1007543
1018653,1007545
1018653,1007547
1018653,1007549
1018653,1007551
1018653,1007552
1018653,1007553
1018653,1007555
1018653,1007556
1018653,1007558
1018653,1007560
1018653,1007561
1018653,1007562
1018653,1007564
1018653,1007566
1018653,1007568
1018653,1007570
1018653,1007572
1018653,1007574
1018653,1007576
1018653,1007578
1018653,1007580
1018653,1007582
1018653,1007584
1018653,1007586
1018653,1007588
1018653,1007590
1018653,1007592
1018653,1007594
1018653,1007596
1018653,1007598
1018653,1007600
1018653,1007601
1018653,1007602
1018653,1007604
1018653,1007606
1018653,1007608
1018653,1007610
1018653,1007611
1018653,1007612
1018653,1007613
1018653,1007614
1018653,1007616
1018653,1007618
1018653,1007620
1018653,1007622
1018653,1007624
1018653,1007626
1018653,1007628
1018653,1007630
1018653,1007632
1018653,1007633
1018653,1007634
1018653,1007636
1018653,1007638
1018653,1007640
1018653,1007641
1018653,1007642
1018653,1007644
1018653,1007646
1018653,1007648
1018653,1007650
1018653,1007652
1018653,1007654
1018653,1007655
1018653,1007657
1018653,1007658
1018653,1007659
1018653,1007660
1018653,1007662
1018653,1007664
1018653,1007666
1018653,1007668
1018653,1007670
1018653,1007672
1018653,1007674
1018653,1007676
1018653,1007678
1018653,1007680
1018653,1007682
1018653,1007684
1018653,1007686
1018653,1007688
1018653,1007690
1018653,1007691
1018653,1007692
1018653,1007694
1018653,1007696
1018653,1007698
1018653,1007700
1018653,1007701
1018653,1007702
1018653,1007704
1018653,1007706
1018653,1007708
1018653,1007710
1018653,1007712
1018653,1007714
1018653,1007716
1018653,1007718
1018653,1007720
1018653,1007722
1018653,1007724
1018653,1007726
1018653,1007728
1018653,1007730
1018653,1007732
1018653,1007734
1018653,1007736
1018653,1007738
1018653,1007740
1018653,1007742
1018653,1007744
1018653,1007746
1018653,1007748
1018653,1007750
1018653,1007752
1018653,1007754
1018653,1007756
1018653,1007758
1018653,1007760
1018653,1007762
1018653,1007764
1018653,1007766
1018653,1007767
1018653,1007768
1018653,1007769
1018653,1007770
1018653,1007771
1018653,1007772
1018653,1007774
1018653,1007776
1018653,1007778
1018653,1007780
1018653,1007782
1018653,1007784
1018653,1007786
1018653,1007788
1018653,1007790
1018653,1007791
1018653,1007793
1018653,1007795
1018653,1007797
1018653,1007799
1018653,1007801
1018653,1007803
1018653,1007805
1018653,1007807
1018653,1007809
1018653,1007811
1018653,1007813
1018653,1007815
1018653,1007817
1018653,1007819
1018653,1007821
1018653,1007823
1018653,1007825
1018653,1007827
1018653,1007829
1018653,1007831
1018653,1007833
1018653,1007835
1018653,1007837
1018653,1007839
1018653,1007841
1018653,1007843
1018653,1007845
1018653,1007847
1018653,1007849
1018653,1007851
1018653,1007853
1018653,1007855
1018653,1007857
1018653,1007859
1018653,1007861
1018653,1007863
1018653,1007864
1018653,1007865
1018653,1007867
1018653,1007868
1018653,1007870
1018653,1007871
1018653,1007872
1018653,1007874
1018653,1007875
1018653,1007876
1018653,1007878
1018653,1007880
1018653,1007882
1018653,1007884
1018653,1007886
1018653,1007888
1018653,1007890
1018653,1007892
1018653,1007894
1018653,1007896
1018653,1007898
1018653,1007900
1018653,1007902
1018653,1007904
1018653,1007906
1018653,1007908
1018653,1007910
1018653,1007912
1018653,1007914
1018653,1007916
1018653,1007918
1018653,1007920
1018653,1007922
1018653,1007924
1018653,1007926
1018653,1007928
1018653,1007930
1018653,1007932
1018653,1007934
1018653,1007936
1018653,1007938
1018653,1007940
1018653,1007942
1018653,1007944
1018653,1007946
1018653,1007948
1018653,1007949
1018653,1007951
1018653,1007953
1018653,1007955
1018653,1007957
1018653,1007958
1018653,1007960
1018653,1007962
1018653,1007963
1018653,1007964
1018653,1007966
1018653,1007968
1018653,1007970
1018653,1007972
1018653,1007974
1018653,1007976
1018653,1007978
1018653,1007980
1018653,1007982
1018653,1007984
1018653,1007986
1018653,1007988
1018653,1007990
1018653,1007992
1018653,1007994
1018653,1007996
1018653,1007998
1018653,1008000
1018653,1008002
1018653,1008004
1018653,1008006
1018653,1008008
1018653,1008010
1018653,1008012
1018653,1008014
1018653,1008016
1018653,1008018
1018653,1008020
1018653,1008021
1018653,1008023
1018653,1008025
1018653,1008027
1018653,1008029
1018653,1008031
1018653,1008033
1018653,1008035
1018653,1008037
1018653,1008039
1018653,1008041
1018653,1008043
1018653,1008045
1018653,1008047
1018653,1008049
1018653,1008051
1018653,1008053
1018653,1008055
1018653,1008057
1018653,1008059
1018653,1008061
1018653,1008063
1018653,1008064
1018653,1008066
1018653,1008068
1018653,1008070
1018653,1008072
1018653,1008074
1018653,1008076
1018653,1008078
1018653,1008080
1018653,1008082
1018653,1008084
1018653,1008086
1018653,1008088
1018653,1008090
1018653,1008092
1018653,1008094
1018653,1008096
1018653,1008098
1018653,1008100
1018653,1008102
1018653,1008104
1018653,1008106
1018653,1008108
1018653,1008110
1018653,1008112
1018653,1008114
1018653,1008116
1018653,1008118
1018653,1008120
1018653,1008122
1018653,1008123
1018653,1008124
1018653,1008126
1018653,1008127
1018653,1008131
1018653,1008132
1018653,1008145
1018653,1008159
1018653,1008160
1018653,1008165
1018653,1008166
1018653,1008182
1018653,1008183
1018653,1008230
1018653,1008293
1018653,1008294
1018653,1008319
1018653,1008320
1018653,1008330
1018653,1008331
1018653,1008347
1018653,1008349
1018653,1008350
1018653,1008375
1018653,1008376
1018653,1008398
1018653,1008434
1018653,1008438
1018653,1008439
1018653,1008440
1018653,1008469
1018653,1008482
1018653,1008493
1018653,1008494
1018653,1008499
1018653,1008517
1018653,1008522
1018653,1008523
1018653,1008556
1018653,1008557
1018653,1008641
1018653,1008667
1018653,1008668
1018653,1008669
1018653,1008671
1018653,1008672
1018653,1008684
1018653,1008697
1018653,1008715
1018653,1008722
1018653,1008723
1018653,1008724
1018653,1008727
1018653,1008752
1018653,1008753
1018653,1008776
1018653,1008777
1018653,1008785
1018653,1008813
1018653,1008817
1018653,1008820
1018653,1008830
1018653,1008831
1018653,1008849
1018653,1008898
1018653,1008899
1018653,1008902
1018653,1008911
1018653,1008912
1018653,1008915
1018653,1008916
1018653,1008917
1018653,1008924
1018653,1009014
1018653,1009015
1018653,1009018
1018653,1009029
1018653,1009034
1018653,1009043
1018653,1009044
1018653,1009045
1018653,1009046
1018653,1009063
1018653,1009064
1018653,1009091
1018653,1009092
1018653,1009093
1018653,1009094
1018653,1009104
1018653,1009168
1018653,1009169
1018653,1009178
1018653,1009179
1018653,1009210
1018653,1009255
1018653,1009256
1018653,1009263
1018653,1009264
1018653,1009303
1018653,1009308
1018653,1009338
1018653,1009340
1018653,1009352
1018653,1009353
1018653,1009359
1018653,1009360
1018653,1009366
1018653,1009372
1018653,1009376
1018653,1009389
1018653,1009414
1018653,1009421
1018653,1009444
1018653,1009457
1018653,1009458
1018653,1009501
1018653,1009502
1018653,1009512
1018653,1009539
1018653,1009549
1018653,1009550
1018653,1009551
1018653,1009553
1018653,1009558
1018653,1009568
1018653,1009569
1018653,1009570
1018653,1009577
1018653,1009578
1018653,1009603
1018653,1009629
1018653,1009646
1018653,1009684
1018653,1009723
1018653,1009747
1018653,1009756
1018653,1009783
1018653,1009807
1018653,1009821
1018653,1009852
1018653,1009853
1018653,1009864
1018653,1009867
1018653,1009868
1018653,1009881
1018653,1009913
1018653,1009914
1018653,1009957
1018653,1009958
1018653,1009974
1018653,1010013
1018653,1010018
1018653,1010044
1018653,1010091
1018653,1010110
1018653,1010126
1018653,1010140
1018653,1010166
1018653,1010169
1018653,1010218
1018653,1010238
1018653,1010244
1018653,1010264
1018653,1010277
1018653,1010324
1018653,1010366
1018653,1010372
1018653,1010385
1018653,1010406
1018653,1010407
1018653,1010417
1018653,1010418
1018653,1010441
1018653,1010456
1018653,1010471
1018653,1010487
1018653,1010515
1018653,1010536
1018653,1010546
1018653,1010550
1018653,1010565
1018653,1010566
1018653,1010577
1018653,1010578
1018653,1010583
1018653,1010593
1018653,1010597
1018653,1010599
1018653,1010615
1018653,1010616
1018653,1010618
1018653,1010653
1018653,1010654
1018653,1010662
1018653,1010703
1018653,1010717
1018653,1010723
1018653,1010724
1018653,1010725
1018653,1010757
1018653,1010773
1018653,1010789
1018653,1010790
1018653,1010810
1018653,1010811
1018653,1010815
1018653,1010816
1018653,1010826
1018653,1010838
1018653,1010839
1018653,1010875
1018653,1010886
1018653,1010887
1018653,1010907
1018653,1010923
1018653,1010928
1018653,1010947
1018653,1010952
1018653,1010967
1018653,1010971
1018653,1010972
1018653,1010993
1018653,1011016
1018653,1011017
1018653,1011046
1018653,1011069
1018653,1011071
1018653,1011088
1018653,1011112
1018653,1011139
1018653,1011140
1018653,1011142
1018653,1011143
1018653,1011149
1018653,1011159
1018653,1011161
1018653,1011168
1018653,1011196
1018653,1011223
1018653,1011231
1018653,1011232
1018653,1011240
1018653,1011253
1018653,1011259
1018653,1011266
1018653,1011278
1018653,1011288
1018653,1011289
1018653,1011291
1018653,1011292
1018653,1011311
1018653,1011312
1018653,1011314
1018653,1011328
1018653,1011329
1018653,1011338
1018653,1011355
1018653,1011400
1018653,1011414
1018653,1011428
1018653,1011429
1018653,1011446
1018653,1011447
1018653,1011475
1018653,1011476
1018653,1011491
1018653,1011497
1018653,1011498
1018653,1011552
1018653,1011558
1018653,1011573
1018653,1011581
1018653,1011582
1018653,1011597
1018653,1011616
1018653,1011620
1018653,1011622
1018653,1011623
1018653,1011626
1018653,1011637
1018653,1011640
1018653,1011663
1018653,1011668
1018653,1011696
1018653,1011697
1018653,1011716
1018653,1011760
1018653,1011786
1018653,1011788
1018653,1011789
1018653,1011801
1018653,1011810
1018653,1011815
1018653,1011816
1018653,1011820
1018653,1011825
1018653,1011849
1018653,1011854
1018653,1011900
1018653,1011901
1018653,1011907
1018653,1011916
1018653,1011933
1018653,1011950
1018653,1011955
1018653,1011967
1018653,1012036
1018653,1012054
1018653,1012072
1018653,1012106
1018653,1012107
1018653,1012140
1018653,1012141
1018653,1012151
1018653,1012183
1018653,1012208
1018653,1012221
1018653,1012237
1018653,1012240
1018653,1012263
1018653,1012291
1018653,1012292
1018653,1012294
1018653,1012297
1018653,1012315
1018653,1012316
1018653,1012325
1018653,1012328
1018653,1012333
1018653,1012354
1018653,1012399
1018653,1012407
1018653,1012408
1018653,1012413
1018653,1012444
1018653,1012448
1018653,1012540
1018653,1012555
1018653,1012581
1018653,1012589
1018653,1012615
1018653,1012616
1018653,1012633
1018653,1012643
1018653,1012645
1018653,1012664
1018653,1012682
1018653,1012712
1018653,1012728
1018653,1012733
1018653,1012775
1018653,1012789
1018653,1012803
1018653,1012821
1018653,1012822
1018653,1012825
1018653,1012831
1018653,1012842
1018653,1012843
1018653,1012852
1018653,1012853
1018653,1012854
1018653,1012855
1018653,1012909
1018653,1012922
1018653,1012926
1018653,1012939
1018653,1012945
1018653,1012961
1018653,1012998
1018653,1012999
1018653,1013006
1018653,1013041
1018653,1013053
1018653,1013060
1018653,1013067
1018653,1013068
1018653,1013069
1018653,1013071
1018653,1013078
1018653,1013113
1018653,1013138
1018653,1013145
1018653,1013153
1018653,1013164
1018653,1013186
1018653,1013187
1018653,1013194
1018653,1013215
1018653,1013230
1018653,1013236
1018653,1013248
1018653,1013251
1018653,1013274
1018653,1013280
1018653,1013287
1018653,1013291
1018653,1013330
1018653,1013333
1018653,1013335
1018653,1013352
1018653,1013368
1018653,1013374
1018653,1013380
1018653,1013384
1018653,1013436
1018653,1013458
1018653,1013460
1018653,1013470
1018653,1013478
1018653,1013492
1018653,1013530
1018653,1013574
1018653,1013611
1018653,1013628
1018653,1013638
1018653,1013652
1018653,1013687
1018653,1013710
1018653,1013769
1018653,1013771
1018653,1013774
1018653,1013798
1018653,1013799
1018653,1013807
1018653,1013842
1018653,1013858
1018653,1013883
1018653,1013908
1018653,1013932
1018653,1013933
1018653,1013940
1018653,1013955
1018653,1013956
1018653,1013978
1018653,1013984
1018653,1013985
1018653,1013990
1018653,1014004
1018653,1014005
1018653,1014018
1018653,1014022
1018653,1014029
1018653,1014039
1018653,1014115
1018653,1014125
1018653,1014160
1018653,1014162
1018653,1014163
1018653,1014167
1018653,1014168
1018653,1014173
1018653,1014182
1018653,1014183
1018653,1014195
1018653,1014216
1018653,1014218
1018653,1014222
1018653,1014238
1018653,1014239
1018653,1014262
1018653,1014269
1018653,1014272
1018653,1014293
1018653,1014294
1018653,1014313
1018653,1014314
1018653,1014315
1018653,1014395
1018653,1014399
1018653,1014401
1018653,1014432
1018653,1014447
1018653,1014452
1018653,1014455
1018653,1014456
1018653,1014457
1018653,1014464
1018653,1014475
1018653,1014481
1018653,1014494
1018653,1014505
1018653,1014532
1018653,1014569
1018653,1014579
1018653,1014655
1018653,1014704
1018653,1014712
1018653,1014751
1018653,1014761
1018653,1014768
1018653,1014784
1018653,1014785
1018653,1014802
1018653,1014812
1018653,1014822
1018653,1014860
1018653,1014872
1018653,1014892
1018653,1014906
1018653,1014923
1018653,1014924
1018653,1014999
1018653,1015009
1018653,1015019
1018653,1015037
1018653,1015041
1018653,1015043
1018653,1015047
1018653,1015057
1018653,1015067
1018653,1015068
1018653,1015080
1018653,1015082
1018653,1015094
1018653,1015131
1018653,1015132
1018653,1015135
1018653,1015139
1018653,1015156
1018653,1015170
1018653,1015172
1018653,1015173
1018653,1015174
1018653,1015176
1018653,1015187
1018653,1015196
1018653,1015216
1018653,1015225
1018653,1015244
1018653,1015269
1018653,1015282
1018653,1015284
1018653,1015293
1018653,1015298
1018653,1015325
1018653,1015331
1018653,1015359
1018653,1015362
1018653,1015368
1018653,1015374
1018653,1015381
1018653,1015397
1018653,1015432
1018653,1015439
1018653,1015440
1018653,1015462
1018653,1015477
1018653,1015483
1018653,1015484
1018653,1015485
1018653,1015486
1018653,1015495
1018653,1015503
1018653,1015510
1018653,1015529
1018653,1015533
1018653,1015546
1018653,1015565
1018653,1015605
1018653,1015617
1018653,1015633
1018653,1015651
1018653,1015664
1018653,1015672
1018653,1015677
1018653,1015681
1018653,1015695
1018653,1015702
1018653,1015720
1018653,1015726
1018653,1015728
1018653,1015739
1018653,1015747
1018653,1015774
1018653,1015779
1018653,1015781
1018653,1015814
1018653,1015832
1018653,1015834
1018653,1015842
1018653,1015851
1018653,1015855
1018653,1015867
1018653,1015897
1018653,1015908
1018653,1015916
1018653,1015922
1018653,1015927
1018653,1015940
1018653,1015943
1018653,1015946
1018653,1015956
1018653,1015965
1018653,1015973
1018653,1015991
1018653,1016015
1018653,1016026
1018653,1016036
1018653,1016038
1018653,1016041
1018653,1016045
1018653,1016060
1018653,1016062
1018653,1016064
1018653,1016107
1018653,1016113
1018653,1016130
1018653,1016164
1018653,1016169
1018653,1016187
1018653,1016192
1018653,1016214
1018653,1016227
1018653,1016229
1018653,1016233
1018653,1016235
1018653,1016236
1018653,1016271
1018653,1016284
1018653,1016296
1018653,1016297
1018653,1016309
1018653,1016317
1018653,1016319
1018653,1016327
1018653,1016351
1018653,1016352
1018653,1016371
1018653,1016389
1018653,1016397
1018653,1016413
1018653,1016456
1018653,1016466
1018653,1016469
1018653,1016486
1018653,1016506
1018653,1016536
1018653,1016548
1018653,1016617
1018653,1016632
1018653,1016647
1018653,1016675
1018653,1016682
1018653,1016693
1018653,1016697
1018653,1016703
1018653,1016716
1018653,1016718
1018653,1016760
1018653,1016769
1018653,1016772
1018653,1016787
1018653,1016869
1018653,1016880
1018653,1016896
1018653,1016898
1018653,1016916
1018653,1016939
1018653,1016957
1018653,1016959
1018653,1016970
1018653,1017009
1018653,1017015
1018653,1017026
1018653,1017031
1018653,1017035
1018653,1017040
1018653,1017041
1018653,1017049
1018653,1017050
1018653,1017051
1018653,1017052
1018653,1017093
1018653,1017111
1018653,1017132
1018653,1017141
1018653,1017162
1018653,1017173
1018653,1017185
1018653,1017187
1018653,1017188
1018653,1017209
1018653,1017229
1018653,1017233
1018653,1017239
1018653,1017263
1018653,1017268
1018653,1017272
1018653,1017274
1018653,1017278
1018653,1017287
1018653,1017290
1018653,1017308
1018653,1017312
1018653,1017313
1018653,1017336
1018653,1017339
1018653,1017386
1018653,1017413
1018653,1017422
1018653,1017451
1018653,1017457
1018653,1017458
1018653,1017461
1018653,1017472
1018653,1017505
1018653,1017541
1018653,1017556
1018653,1017558
1018653,1017581
1018653,1017591
1018653,1017595
1018653,1017600
1018653,1017608
1018653,1017669
1018653,1017670
1018653,1017671
1018653,1017684
1018653,1017708
1018653,1017741
1018653,1017757
1018653,1017801
1018653,1017823
1018653,1017824
1018653,1017846
1018653,1017852
1018653,1017888
1018653,1017937
1018653,1017957
1018653,1017965
1018653,1017995
1018653,1018007
1018653,1018022
1018653,1018044
1018653,1018057
1018653,1018058
1018653,1018062
1018653,1018067
1018653,1018068
1018653,1018071
1018653,1018081
1018653,1018117
1018653,1018118
1018653,1018131
1018653,1018157
1018653,1018165
1018653,1018170
1018653,1018217
1018653,1018222
1018653,1018241
1018653,1018274
1018653,1018319
1018653,1018327
1018653,1018334
1018653,1018339
1018653,1018346
1018653,1018358
1018653,1018380
1018653,1018388
1018653,1018391
1018653,1018392
1018653,1018395
1018653,1018447
1018653,1018455
1018653,1018459
1018653,1018463
1018653,1018473
1018653,1018480
1018653,1018490
1018653,1018502
1018653,1018511
1018653,1018519
1018653,1018525
1018653,1018543
1018653,1018562
1018653,1018568
1018653,1018586
1018653,1018594
1018653,1018605
1018653,1018615
1018653,1018653
1018653,1018712
1018653,1019225
1018653,1019329
1018653,1019379
1018653,1019393
1018653,1019402
1018653,1019623
1018653,1019696
1018654,1007419
1018654,1007991
1018654,1008349
1018654,1008350
1018654,1008833
1018654,1008834
1018654,1009324
1018654,1010811
1018654,1014781
1018654,1014872
1018654,1015515
1018654,1017002
1018654,1017412
1018654,1017765
1018654,1018654
1018654,1018876
1018655,1008222
1018655,1008475
1018655,1008476
1018655,1012660
1018655,1013020
1018655,1013021
1018655,1014458
1018655,1016695
1018655,1016696
1018655,1018655
1018656,1007546
1018656,1008225
1018656,1008277
1018656,1008278
1018656,1008737
1018656,1009455
1018656,1012381
1018656,1013201
1018656,1014112
1018656,1014420
1018656,1014766
1018656,1014861
1018656,1014876
1018656,1016596
1018656,1016825
1018656,1017124
1018656,1018445
1018656,1018573
1018656,1018656
1018656,1018767
1018657,1008226
1018657,1008316
1018657,1008317
1018657,1010322
1018657,1010323
1018657,1010408
1018657,1011004
1018657,1011461
1018657,1012592
1018657,1013554
1018657,1013622
1018657,1013787
1018657,1013788
1018657,1014184
1018657,1014482
1018657,1014673
1018657,1014810
1018657,1015480
1018657,1018049
1018657,1018101
1018657,1018657
1018657,1018906
1018657,1018907
1018657,1019563
1018658,1008228
1018658,1008604
1018658,1008700
1018658,1009058
1018658,1009978
1018658,1009979
1018658,1010237
1018658,1010705
1018658,1010864
1018658,1010878
1018658,1010933
1018658,1011093
1018658,1011300
1018658,1011547
1018658,1011874
1018658,1012168
1018658,1012257
1018658,1012670
1018658,1012918
1018658,1012966
1018658,1013268
1018658,1013288
1018658,1013486
1018658,1013724
1018658,1013726
1018658,1013794
1018658,1013839
1018658,1013970
1018658,1014571
1018658,1014641
1018658,1014736
1018658,1014947
1018658,1015095
1018658,1015232
1018658,1015537
1018658,1015878
1018658,1016356
1018658,1016410
1018658,1016589
1018658,1016673
1018658,1016918
1018658,1016953
1018658,1017119
1018658,1017317
1018658,1017338
1018658,1017685
1018658,1018113
1018658,1018338
1018658,1018531
1018658,1018623
1018658,1018658
1018659,1008229
1018659,1009130
1018659,1009824
1018659,1011614
1018659,1011615
1018659,1012638
1018659,1012639
1018659,1013817
1018659,1013818
1018659,1013909
1018659,1013910
1018659,1014980
1018659,1016997
1018659,1018036
1018659,1018539
1018659,1018659
1018660,1008229
1018660,1009130
1018660,1009824
1018660,1011614
1018660,1011615
1018660,1012638
1018660,1012639
1018660,1013817
1018660,1013818
1018660,1013909
1018660,1013910
1018660,1014980
1018660,1016997
1018660,1018036
1018660,1018539
1018660,1018660
1018661,1008229
1018661,1009130
1018661,1009824
1018661,1011426
1018661,1011427
1018661,1011614
1018661,1011615
1018661,1012346
1018661,1013817
1018661,1013818
1018661,1013909
1018661,1013910
1018661,1014980
1018661,1016057
1018661,1016997
1018661,1018036
1018661,1018539
1018661,1018661
1018662,1006997
1018662,1008231
1018662,1008295
1018662,1008809
1018662,1008822
1018662,1009023
1018662,1009077
1018662,1009195
1018662,1009371
1018662,1009844
1018662,1010008
1018662,1010143
1018662,1010175
1018662,1010263
1018662,1010715
1018662,1010759
1018662,1011049
1018662,1011055
1018662,1011097
1018662,1011483
1018662,1011512
1018662,1011986
1018662,1012453
1018662,1012499
1018662,1012532
1018662,1012683
1018662,1012965
1018662,1013076
1018662,1013217
1018662,1013902
1018662,1013924
1018662,1013991
1018662,1014092
1018662,1014466
1018662,1014702
1018662,1014888
1018662,1014914
1018662,1014966
1018662,1015334
1018662,1015346
1018662,1015386
1018662,1015387
1018662,1015506
1018662,1015634
1018662,1015740
1018662,1015811
1018662,1016024
1018662,1016400
1018662,1016401
1018662,1016538
1018662,1016539
1018662,1016592
1018662,1016903
1018662,1017032
1018662,1017033
1018662,1017047
1018662,1017224
1018662,1017353
1018662,1017423
1018662,1017453
1018662,1017643
1018662,1017658
1018662,1017785
1018662,1017817
1018662,1017829
1018662,1017952
1018662,1018051
1018662,1018055
1018662,1018096
1018662,1018166
1018662,1018180
1018662,1018195
1018662,1018305
1018662,1018329
1018662,1018442
1018662,1018454
1018662,1018662
1018663,1008237
1018663,1009368
1018663,1009875
1018663,1010208
1018663,1010957
1018663,1012762
1018663,1012763
1018663,1012874
1018663,1013238
1018663,1013875
1018663,1013918
1018663,1014764
1018663,1014765
1018663,1016544
1018663,1018663
1018664,1008493
1018664,1008494
1018664,1011288
1018664,1014239
1018664,1014533
1018664,1014704
1018664,1017461
1018664,1018664
1018664,1019242
1018664,1019583
1018664,1019820
1018665,1008252
1018665,1008808
1018665,1018665
1018666,1008253
1018666,1018330
1018666,1018666
1018667,1008267
1018667,1008292
1018667,1008506
1018667,1008507
1018667,1008614
1018667,1008673
1018667,1008781
1018667,1008853
1018667,1008854
1018667,1009186
1018667,1009232
1018667,1009322
1018667,1009719
1018667,1009931
1018667,1010241
1018667,1010375
1018667,1010544
1018667,1010852
1018667,1010882
1018667,1010918
1018667,1011651
1018667,1011688
1018667,1011715
1018667,1011774
1018667,1011876
1018667,1012076
1018667,1012251
1018667,1012469
1018667,1012470
1018667,1012688
1018667,1012785
1018667,1013038
1018667,1013351
1018667,1013584
1018667,1013725
1018667,1014194
1018667,1014388
1018667,1014621
1018667,1014796
1018667,1014811
1018667,1014893
1018667,1015050
1018667,1015233
1018667,1015324
1018667,1015405
1018667,1015928
1018667,1016077
1018667,1016762
1018667,1017719
1018667,1017848
1018667,1017954
1018667,1018061
1018667,1018111
1018667,1018315
1018667,1018357
1018667,1018456
1018667,1018472
1018667,1018667
1018667,1019305
1018668,1006876
1018668,1008212
1018668,1008213
1018668,1008267
1018668,1008292
1018668,1008361
1018668,1008477
1018668,1008478
1018668,1008506
1018668,1008507
1018668,1008614
1018668,1008691
1018668,1008781
1018668,1009011
1018668,1009186
1018668,1009232
1018668,1009244
1018668,1009245
1018668,1009536
1018668,1009635
1018668,1009636
1018668,1009801
1018668,1009929
1018668,1009930
1018668,1009931
1018668,1010208
1018668,1010241
1018668,1010544
1018668,1010594
1018668,1010607
1018668,1010676
1018668,1010684
1018668,1010792
1018668,1010852
1018668,1010869
1018668,1010873
1018668,1010908
1018668,1010957
1018668,1011012
1018668,1011054
1018668,1011138
1018668,1011344
1018668,1011370
1018668,1011456
1018668,1011651
1018668,1011715
1018668,1011750
1018668,1011774
1018668,1011876
1018668,1011981
1018668,1012076
1018668,1012143
1018668,1012149
1018668,1012251
1018668,1012459
1018668,1012469
1018668,1012539
1018668,1012619
1018668,1012620
1018668,1012655
1018668,1012688
1018668,1012735
1018668,1012762
1018668,1012763
1018668,1012791
1018668,1012874
1018668,1012925
1018668,1013020
1018668,1013021
1018668,1013038
1018668,1013055
1018668,1013351
1018668,1013584
1018668,1013609
1018668,1013617
1018668,1013667
1018668,1013725
1018668,1013751
1018668,1013837
1018668,1013875
1018668,1013901
1018668,1013982
1018668,1014123
1018668,1014194
1018668,1014238
1018668,1014241
1018668,1014343
1018668,1014384
1018668,1014388
1018668,1014429
1018668,1014458
1018668,1014513
1018668,1014580
1018668,1014655
1018668,1014661
1018668,1014681
1018668,1014720
1018668,1014746
1018668,1014747
1018668,1014764
1018668,1014765
1018668,1014767
1018668,1014796
1018668,1014852
1018668,1014994
1018668,1015050
1018668,1015111
1018668,1015131
1018668,1015233
1018668,1015324
1018668,1015361
1018668,1015405
1018668,1015430
1018668,1015431
1018668,1015575
1018668,1015790
1018668,1015856
1018668,1015860
1018668,1015872
1018668,1015928
1018668,1015968
1018668,1016022
1018668,1016077
1018668,1016103
1018668,1016183
1018668,1016184
1018668,1016302
1018668,1016606
1018668,1016657
1018668,1016695
1018668,1016717
1018668,1016732
1018668,1016762
1018668,1016829
1018668,1017023
1018668,1017024
1018668,1017623
1018668,1017682
1018668,1017719
1018668,1017819
1018668,1017848
1018668,1017954
1018668,1018044
1018668,1018053
1018668,1018111
1018668,1018126
1018668,1018205
1018668,1018315
1018668,1018427
1018668,1018446
1018668,1018456
1018668,1018472
1018668,1018511
1018668,1018526
1018668,1018529
1018668,1018668
1018669,1008299
1018669,1008633
1018669,1008796
1018669,1015758
1018669,1018669
1018670,1008309
1018670,1018670
1018671,1008310
1018671,1012230
1018671,1013616
1018671,1018102
1018671,1018671
1018671,1019365
1018672,1018672
1018673,1008315
1018673,1018207
1018673,1018673
1018674,1008319
1018674,1008493
1018674,1008752
1018674,1012615
1018674,1014039
1018674,1014125
1018674,1014239
1018674,1015043
1018674,1015176
1018674,1016060
1018674,1016296
1018674,1016371
1018674,1016697
1018674,1017461
1018674,1018674
1018675,1014372
1018675,1018675
1018676,1014372
1018676,1014633
1018676,1018675
1018676,1018676
1018676,1019098
1018677,1013064
1018677,1013065
1018677,1014372
1018677,1016223
1018677,1018675
1018677,1018677
1018677,1019462
1018677,1019711
1018678,1007479
1018678,1008115
1018678,1008172
1018678,1008173
1018678,1008198
1018678,1008199
1018678,1008330
1018678,1008512
1018678,1008660
1018678,1008661
1018678,1008725
1018678,1008942
1018678,1008943
1018678,1009055
1018678,1009127
1018678,1009450
1018678,1009483
1018678,1009484
1018678,1009609
1018678,1009982
1018678,1009983
1018678,1010150
1018678,1010200
1018678,1010436
1018678,1010451
1018678,1010876
1018678,1010895
1018678,1011157
1018678,1011158
1018678,1011168
1018678,1011179
1018678,1011209
1018678,1011210
1018678,1011372
1018678,1011381
1018678,1011517
1018678,1011564
1018678,1011574
1018678,1011591
1018678,1011601
1018678,1011718
1018678,1011719
1018678,1011832
1018678,1012003
1018678,1012150
1018678,1012151
1018678,1012329
1018678,1012440
1018678,1012454
1018678,1012570
1018678,1012571
1018678,1012741
1018678,1012797
1018678,1012832
1018678,1012840
1018678,1012848
1018678,1012981
1018678,1012995
1018678,1013029
1018678,1013036
1018678,1013137
1018678,1013228
1018678,1013277
1018678,1013304
1018678,1013378
1018678,1013390
1018678,1013505
1018678,1013541
1018678,1013596
1018678,1013626
1018678,1013770
1018678,1013834
1018678,1013863
1018678,1014051
1018678,1014172
1018678,1014188
1018678,1014207
1018678,1014330
1018678,1014338
1018678,1014341
1018678,1014363
1018678,1014536
1018678,1014729
1018678,1014753
1018678,1014821
1018678,1014823
1018678,1014831
1018678,1014864
1018678,1014901
1018678,1015023
1018678,1015032
1018678,1015054
1018678,1015057
1018678,1015146
1018678,1015157
1018678,1015392
1018678,1015497
1018678,1015652
1018678,1015973
1018678,1016054
1018678,1016063
1018678,1016163
1018678,1016252
1018678,1016454
1018678,1016643
1018678,1016950
1018678,1017421
1018678,1017563
1018678,1017681
1018678,1017720
1018678,1017807
1018678,1017818
1018678,1017833
1018678,1017994
1018678,1017995
1018678,1018013
1018678,1018056
1018678,1018161
1018678,1018201
1018678,1018308
1018678,1018384
1018678,1018540
1018678,1018547
1018678,1018565
1018678,1018588
1018678,1018678
1018679,1008342
1018679,1008678
1018679,1009266
1018679,1009856
1018679,1010809
1018679,1010894
1018679,1011505
1018679,1012109
1018679,1013570
1018679,1013686
1018679,1013830
1018679,1014699
1018679,1014962
1018679,1015141
1018679,1015342
1018679,1015893
1018679,1015996
1018679,1016374
1018679,1016468
1018679,1017077
1018679,1017100
1018679,1018194
1018679,1018483
1018679,1018679
1018680,1008206
1018680,1008207
1018680,1008348
1018680,1008890
1018680,1010624
1018680,1012252
1018680,1012536
1018680,1018680
1018681,1008351
1018681,1008810
1018681,1010115
1018681,1010152
1018681,1010549
1018681,1015150
1018681,1017521
1018681,1018681
1018682,1008358
1018682,1008368
1018682,1009007
1018682,1009434
1018682,1009540
1018682,1010276
1018682,1012217
1018682,1013543
1018682,1015130
1018682,1015286
1018682,1015643
1018682,1016203
1018682,1016299
1018682,1016648
1018682,1016663
1018682,1016862
1018682,1017904
1018682,1018130
1018682,1018396
1018682,1018682
1018683,1006416
1018683,1008367
1018683,1009088
1018683,1018683
1018683,1019016
1018684,1011966
1018684,1018684
1018685,1008372
1018685,1009081
1018685,1009156
1018685,1009170
1018685,1009463
1018685,1009467
1018685,1010142
1018685,1010931
1018685,1011305
1018685,1011490
1018685,1011673
1018685,1011878
1018685,1012013
1018685,1012476
1018685,1012502
1018685,1012604
1018685,1013073
1018685,1013154
1018685,1013189
1018685,1013289
1018685,1013459
1018685,1013685
1018685,1014259
1018685,1014310
1018685,1014328
1018685,1014331
1018685,1014744
1018685,1014833
1018685,1014855
1018685,1014996
1018685,1015075
1018685,1015085
1018685,1015086
1018685,1015382
1018685,1015466
1018685,1015551
1018685,1015694
1018685,1015961
1018685,1015987
1018685,1016196
1018685,1016280
1018685,1016636
1018685,1016701
1018685,1016886
1018685,1016964
1018685,1017260
1018685,1017532
1018685,1017697
1018685,1018046
1018685,1018193
1018685,1018340
1018685,1018435
1018685,1018509
1018685,1018584
1018685,1018685
1018685,1018850
1018686,1008373
1018686,1008973
1018686,1009826
1018686,1010047
1018686,1010233
1018686,1010489
1018686,1011091
1018686,1011249
1018686,1011308
1018686,1013329
1018686,1013704
1018686,1013783
1018686,1014500
1018686,1015078
1018686,1015568
1018686,1015816
1018686,1016025
1018686,1016092
1018686,1017562
1018686,1017602
1018686,1018686
1018687,1008381
1018687,1008384
1018687,1008562
1018687,1008599
1018687,1008867
1018687,1009257
1018687,1009258
1018687,1009288
1018687,1009289
1018687,1009302
1018687,1009326
1018687,1009336
1018687,1009350
1018687,1009355
1018687,1009356
1018687,1009530
1018687,1009590
1018687,1009764
1018687,1010253
1018687,1010304
1018687,1010453
1018687,1010461
1018687,1010542
1018687,1010622
1018687,1010686
1018687,1010692
1018687,1010693
1018687,1010771
1018687,1010834
1018687,1010849
1018687,1010903
1018687,1010955
1018687,1010965
1018687,1010966
1018687,1010970
1018687,1011070
1018687,1011107
1018687,1011194
1018687,1011212
1018687,1011260
1018687,1011499
1018687,1011604
1018687,1011681
1018687,1011845
1018687,1011922
1018687,1012144
1018687,1012145
1018687,1012163
1018687,1012187
1018687,1012204
1018687,1012452
1018687,1012485
1018687,1012516
1018687,1012596
1018687,1012678
1018687,1012764
1018687,1012787
1018687,1012830
1018687,1012968
1018687,1013044
1018687,1013162
1018687,1013221
1018687,1013309
1018687,1013383
1018687,1013396
1018687,1013414
1018687,1013419
1018687,1013451
1018687,1013512
1018687,1013522
1018687,1013563
1018687,1013895
1018687,1013912
1018687,1013983
1018687,1013986
1018687,1014020
1018687,1014034
1018687,1014322
1018687,1014357
1018687,1014507
1018687,1014508
1018687,1014527
1018687,1014582
1018687,1014611
1018687,1014623
1018687,1014669
1018687,1014680
1018687,1014939
1018687,1015038
1018687,1015145
1018687,1015164
1018687,1015261
1018687,1015527
1018687,1015588
1018687,1015721
1018687,1015734
1018687,1015765
1018687,1015807
1018687,1015933
1018687,1015964
1018687,1016000
1018687,1016117
1018687,1016174
1018687,1016226
1018687,1016254
1018687,1016307
1018687,1016392
1018687,1016423
1018687,1016458
1018687,1016459
1018687,1016476
1018687,1016477
1018687,1016496
1018687,1016515
1018687,1016573
1018687,1016590
1018687,1016605
1018687,1016684
1018687,1016720
1018687,1016778
1018687,1016822
1018687,1016901
1018687,1016987
1018687,1017038
1018687,1017042
1018687,1017113
1018687,1017135
1018687,1017213
1018687,1017295
1018687,1017437
1018687,1017438
1018687,1017469
1018687,1017474
1018687,1017493
1018687,1017503
1018687,1017599
1018687,1017622
1018687,1017650
1018687,1017709
1018687,1017760
1018687,1017769
1018687,1017789
1018687,1017820
1018687,1017862
1018687,1017880
1018687,1018006
1018687,1018012
1018687,1018132
1018687,1018212
1018687,1018369
1018687,1018428
1018687,1018515
1018687,1018522
1018687,1018577
1018687,1018579
1018687,1018687
1018687,1018690
1018687,1019060
1018687,1019061
1018687,1019322
1018687,1019363
1018687,1019745
1018688,1008382
1018688,1012458
1018688,1018533
1018688,1018688
1018688,1019041
1018688,1019042
1018689,1015314
1018689,1015959
1018689,1018689
1018690,1008384
1018690,1009288
1018690,1009302
1018690,1009336
1018690,1012596
1018690,1012830
1018690,1013044
1018690,1013309
1018690,1013383
1018690,1014507
1018690,1015527
1018690,1015807
1018690,1017295
1018690,1017437
1018690,1017650
1018690,1017880
1018690,1018006
1018690,1018690
1018691,1006328
1018691,1008387
1018691,1008388
1018691,1008877
1018691,1008878
1018691,1009298
1018691,1009657
1018691,1009658
1018691,1009781
1018691,1009782
1018691,1010308
1018691,1010321
1018691,1010713
1018691,1010714
1018691,1011545
1018691,1011720
1018691,1012343
1018691,1012368
1018691,1012693
1018691,1012935
1018691,1013063
1018691,1013360
1018691,1013810
1018691,1013811
1018691,1013894
1018691,1014138
1018691,1014630
1018691,1015007
1018691,1015180
1018691,1016391
1018691,1016582
1018691,1017039
1018691,1017628
1018691,1018023
1018691,1018275
1018691,1018423
1018691,1018691
1018692,1008393
1018692,1018692
1018693,1008393
1018693,1008394
1018693,1009271
1018693,1009374
1018693,1010614
1018693,1011153
1018693,1014940
1018693,1016082
1018693,1016180
1018693,1016594
1018693,1018527
1018693,1018693
1018694,1008397
1018694,1008965
1018694,1009154
1018694,1009155
1018694,1009769
1018694,1009770
1018694,1009827
1018694,1010396
1018694,1010397
1018694,1010505
1018694,1010748
1018694,1010860
1018694,1010999
1018694,1011436
1018694,1011682
1018694,1012538
1018694,1012656
1018694,1013089
1018694,1013561
1018694,1014303
1018694,1014578
1018694,1014596
1018694,1014597
1018694,1014600
1018694,1015744
1018694,1015760
1018694,1016343
1018694,1016794
1018694,1017007
1018694,1017071
1018694,1017180
1018694,1017627
1018694,1018466
1018694,1018493
1018694,1018579
1018694,1018694
1018694,1018816
1018694,1019251
1018694,1019643
1018695,1008182
1018695,1008183
1018695,1008398
1018695,1008722
1018695,1008817
1018695,1008820
1018695,1009034
1018695,1009063
1018695,1009064
1018695,1009723
1018695,1009821
1018695,1010244
1018695,1010324
1018695,1010406
1018695,1010456
1018695,1010487
1018695,1010565
1018695,1010952
1018695,1011046
1018695,1011240
1018695,1011446
1018695,1012183
1018695,1012294
1018695,1012643
1018695,1013248
1018695,1013478
1018695,1013842
1018695,1013956
1018695,1014029
1018695,1014892
1018695,1015397
1018695,1015695
1018695,1015940
1018695,1016107
1018695,1016456
1018695,1016486
1018695,1016682
1018695,1016898
1018695,1017035
1018695,1017141
1018695,1017229
1018695,1017272
1018695,1017505
1018695,1017600
1018695,1017888
1018695,1018022
1018695,1018081
1018695,1018380
1018695,1018543
1018695,1018562
1018695,1018695
1018696,1008182
1018696,1008183
1018696,1008293
1018696,1008294
1018696,1008347
1018696,1008398
1018696,1008434
1018696,1008722
1018696,1008723
1018696,1008727
1018696,1008813
1018696,1008817
1018696,1008820
1018696,1008911
1018696,1008912
1018696,1009029
1018696,1009063
1018696,1009064
1018696,1009263
1018696,1009264
1018696,1009360
1018696,1009366
1018696,1009568
1018696,1009603
1018696,1009723
1018696,1009821
1018696,1010044
1018696,1010091
1018696,1010244
1018696,1010324
1018696,1010385
1018696,1010406
1018696,1010407
1018696,1010456
1018696,1010487
1018696,1010565
1018696,1010723
1018696,1010875
1018696,1010952
1018696,1010967
1018696,1011046
1018696,1011071
1018696,1011196
1018696,1011240
1018696,1011278
1018696,1011314
1018696,1011696
1018696,1011967
1018696,1012106
1018696,1012107
1018696,1012294
1018696,1012413
1018696,1012444
1018696,1012643
1018696,1012664
1018696,1012682
1018696,1013053
1018696,1013145
1018696,1013153
1018696,1013215
1018696,1013230
1018696,1013248
1018696,1013291
1018696,1013478
1018696,1013687
1018696,1013771
1018696,1013807
1018696,1013842
1018696,1014005
1018696,1014029
1018696,1014162
1018696,1014163
1018696,1014216
1018696,1014222
1018696,1014395
1018696,1014401
1018696,1014464
1018696,1014481
1018696,1014892
1018696,1015139
1018696,1015293
1018696,1015362
1018696,1015381
1018696,1015397
1018696,1015440
1018696,1015477
1018696,1015510
1018696,1015672
1018696,1015695
1018696,1015940
1018696,1016107
1018696,1016113
1018696,1016236
1018696,1016456
1018696,1016486
1018696,1016632
1018696,1016682
1018696,1016693
1018696,1016772
1018696,1016787
1018696,1016880
1018696,1016896
1018696,1016898
1018696,1017015
1018696,1017035
1018696,1017141
1018696,1017229
1018696,1017272
1018696,1017278
1018696,1017287
1018696,1017290
1018696,1017505
1018696,1017541
1018696,1017591
1018696,1017595
1018696,1017684
1018696,1017708
1018696,1017801
1018696,1017888
1018696,1018022
1018696,1018062
1018696,1018081
1018696,1018339
1018696,1018380
1018696,1018392
1018696,1018525
1018696,1018543
1018696,1018562
1018696,1018696
1018696,1019049
1018697,1008411
1018697,1018697
1018698,1018698
1018699,1009624
1018699,1010396
1018699,1010397
1018699,1010579
1018699,1010999
1018699,1011508
1018699,1011646
1018699,1011826
1018699,1014212
1018699,1014431
1018699,1015308
1018699,1015674
1018699,1015804
1018699,1016343
1018699,1016661
1018699,1016858
1018699,1016859
1018699,1016978
1018699,1017449
1018699,1017627
1018699,1017836
1018699,1018699
1018700,1008791
1018700,1008792
1018700,1008976
1018700,1009624
1018700,1009828
1018700,1010157
1018700,1010396
1018700,1010397
1018700,1010528
1018700,1010579
1018700,1010651
1018700,1010781
1018700,1010782
1018700,1010999
1018700,1011000
1018700,1011349
1018700,1011508
1018700,1011509
1018700,1011527
1018700,1011528
1018700,1011590
1018700,1011646
1018700,1011669
1018700,1011670
1018700,1011826
1018700,1011964
1018700,1012198
1018700,1012685
1018700,1013030
1018700,1013442
1018700,1013443
1018700,1013599
1018700,1014093
1018700,1014143
1018700,1014212
1018700,1014431
1018700,1014459
1018700,1014609
1018700,1014713
1018700,1015175
1018700,1015272
1018700,1015308
1018700,1015674
1018700,1015804
1018700,1016200
1018700,1016242
1018700,1016278
1018700,1016343
1018700,1016379
1018700,1016437
1018700,1016438
1018700,1016444
1018700,1016445
1018700,1016567
1018700,1016571
1018700,1016615
1018700,1016661
1018700,1016803
1018700,1016858
1018700,1016859
1018700,1016897
1018700,1016978
1018700,1017153
1018700,1017171
1018700,1017192
1018700,1017210
1018700,1017397
1018700,1017449
1018700,1017537
1018700,1017627
1018700,1017691
1018700,1017764
1018700,1017836
1018700,1017876
1018700,1017931
1018700,1018362
1018700,1018699
1018700,1018700
1018700,1018775
1018700,1018785
1018701,1008416
1018701,1009402
1018701,1012095
1018701,1014878
1018701,1015475
1018701,1016331
1018701,1017934
1018701,1018629
1018701,1018701
1018702,1008218
1018702,1008219
1018702,1008419
1018702,1008428
1018702,1008429
1018702,1008665
1018702,1009688
1018702,1009771
1018702,1009887
1018702,1009894
1018702,1009895
1018702,1010250
1018702,1010981
1018702,1010982
1018702,1011144
1018702,1011203
1018702,1011500
1018702,1011855
1018702,1011953
1018702,1011977
1018702,1012059
1018702,1012060
1018702,1012175
1018702,1012902
1018702,1013142
1018702,1013172
1018702,1013362
1018702,1013485
1018702,1013696
1018702,1014185
1018702,1014367
1018702,1014738
1018702,1014739
1018702,1014857
1018702,1015370
1018702,1015393
1018702,1016428
1018702,1016494
1018702,1016671
1018702,1016888
1018702,1016932
1018702,1017985
1018702,1018248
1018702,1018292
1018702,1018702
1018703,1008427
1018703,1008450
1018703,1008489
1018703,1008612
1018703,1008791
1018703,1008792
1018703,1008931
1018703,1008976
1018703,1009171
1018703,1009198
1018703,1009218
1018703,1009219
1018703,1009269
1018703,1009377
1018703,1009509
1018703,1009624
1018703,1009625
1018703,1009642
1018703,1009668
1018703,1009825
1018703,1009828
1018703,1009829
1018703,1010136
1018703,1010137
1018703,1010156
1018703,1010157
1018703,1010192
1018703,1010396
1018703,1010397
1018703,1010399
1018703,1010405
1018703,1010528
1018703,1010529
1018703,1010579
1018703,1010619
1018703,1010651
1018703,1010781
1018703,1010782
1018703,1010824
1018703,1010999
1018703,1011000
1018703,1011307
1018703,1011349
1018703,1011508
1018703,1011509
1018703,1011527
1018703,1011528
1018703,1011590
1018703,1011646
1018703,1011655
1018703,1011656
1018703,1011667
1018703,1011669
1018703,1011670
1018703,1011706
1018703,1011794
1018703,1011826
1018703,1011910
1018703,1011922
1018703,1011964
1018703,1012198
1018703,1012300
1018703,1012313
1018703,1012537
1018703,1012553
1018703,1012685
1018703,1012703
1018703,1013030
1018703,1013085
1018703,1013179
1018703,1013310
1018703,1013442
1018703,1013443
1018703,1013599
1018703,1013660
1018703,1013744
1018703,1013851
1018703,1014034
1018703,1014071
1018703,1014093
1018703,1014133
1018703,1014143
1018703,1014212
1018703,1014225
1018703,1014243
1018703,1014383
1018703,1014431
1018703,1014459
1018703,1014609
1018703,1014615
1018703,1014713
1018703,1014724
1018703,1014726
1018703,1014728
1018703,1014731
1018703,1014931
1018703,1015112
1018703,1015175
1018703,1015223
1018703,1015250
1018703,1015272
1018703,1015308
1018703,1015458
1018703,1015556
1018703,1015607
1018703,1015674
1018703,1015804
1018703,1015964
1018703,1016200
1018703,1016220
1018703,1016242
1018703,1016278
1018703,1016311
1018703,1016343
1018703,1016379
1018703,1016437
1018703,1016438
1018703,1016444
1018703,1016445
1018703,1016567
1018703,1016571
1018703,1016615
1018703,1016661
1018703,1016803
1018703,1016857
1018703,1016858
1018703,1016859
1018703,1016897
1018703,1016899
1018703,1016901
1018703,1016978
1018703,1017153
1018703,1017171
1018703,1017192
1018703,1017210
1018703,1017343
1018703,1017397
1018703,1017449
1018703,1017508
1018703,1017537
1018703,1017545
1018703,1017565
1018703,1017627
1018703,1017691
1018703,1017702
1018703,1017764
1018703,1017820
1018703,1017836
1018703,1017849
1018703,1017868
1018703,1017876
1018703,1017931
1018703,1018132
1018703,1018362
1018703,1018449
1018703,1018545
1018703,1018592
1018703,1018699
1018703,1018700
1018703,1018703
1018703,1018775
1018703,1018785
1018704,1007565
1018704,1008435
1018704,1009083
1018704,1010837
1018704,1012567
1018704,1013548
1018704,1015076
1018704,1018704
1018705,1008440
1018705,1009684
1018705,1012789
1018705,1018222
1018705,1018705
1018706,1008449
1018706,1018706
1018707,1016005
1018707,1018707
1018708,1008600
1018708,1008601
1018708,1008920
1018708,1008921
1018708,1008940
1018708,1009491
1018708,1009854
1018708,1009855
1018708,1010220
1018708,1010221
1018708,1011072
1018708,1011155
1018708,1011156
1018708,1011299
1018708,1011939
1018708,1012050
1018708,1012769
1018708,1013425
1018708,1016005
1018708,1016395
1018708,1016396
1018708,1017721
1018708,1018130
1018708,1018434
1018708,1018707
1018708,1018708
1018708,1018728
1018708,1018729
1018708,1018804
1018708,1018810
1018708,1018924
1018708,1019082
1018708,1019116
1018708,1019215
1018708,1019216
1018708,1019337
1018708,1019352
1018708,1019370
1018708,1019414
1018708,1019469
1018708,1019517
1018708,1019614
1018708,1019766
1018709,1007509
1018709,1008459
1018709,1018709
1018710,1008465
1018710,1018710
1018711,1008473
1018711,1008906
1018711,1016911
1018711,1017071
1018711,1018711
1018712,1006334
1018712,1008482
1018712,1011231
1018712,1011232
1018712,1012448
1018712,1013460
1018712,1015244
1018712,1015681
1018712,1017239
1018712,1018480
1018712,1018712
1018713,1007065
1018713,1007301
1018713,1007643
1018713,1008249
1018713,1008250
1018713,1008251
1018713,1008316
1018713,1008317
1018713,1008338
1018713,1008339
1018713,1008416
1018713,1008535
1018713,1008545
1018713,1008546
1018713,1008877
1018713,1008878
1018713,1008908
1018713,1008988
1018713,1008989
1018713,1009031
1018713,1009035
1018713,1009143
1018713,1009144
1018713,1009159
1018713,1009160
1018713,1009166
1018713,1009175
1018713,1009298
1018713,1009316
1018713,1009347
1018713,1009361
1018713,1009402
1018713,1009428
1018713,1009448
1018713,1009534
1018713,1009595
1018713,1009644
1018713,1009645
1018713,1009694
1018713,1009712
1018713,1009713
1018713,1009781
1018713,1009782
1018713,1009900
1018713,1009901
1018713,1009908
1018713,1010004
1018713,1010005
1018713,1010082
1018713,1010114
1018713,1010194
1018713,1010242
1018713,1010245
1018713,1010262
1018713,1010308
1018713,1010322
1018713,1010323
1018713,1010348
1018713,1010408
1018713,1010413
1018713,1010445
1018713,1010446
1018713,1010521
1018713,1010571
1018713,1010584
1018713,1010585
1018713,1010606
1018713,1010627
1018713,1010647
1018713,1010674
1018713,1010713
1018713,1010714
1018713,1010726
1018713,1010879
1018713,1010888
1018713,1010934
1018713,1010976
1018713,1010977
1018713,1010992
1018713,1011004
1018713,1011014
1018713,1011026
1018713,1011348
1018713,1011542
1018713,1011545
1018713,1011613
1018713,1011658
1018713,1011807
1018713,1011808
1018713,1011875
1018713,1011941
1018713,1011945
1018713,1012030
1018713,1012095
1018713,1012101
1018713,1012135
1018713,1012223
1018713,1012224
1018713,1012343
1018713,1012344
1018713,1012371
1018713,1012372
1018713,1012373
1018713,1012438
1018713,1012526
1018713,1012592
1018713,1012627
1018713,1012635
1018713,1012678
1018713,1012693
1018713,1012714
1018713,1012807
1018713,1012808
1018713,1012877
1018713,1012878
1018713,1013025
1018713,1013037
1018713,1013045
1018713,1013063
1018713,1013160
1018713,1013286
1018713,1013331
1018713,1013338
1018713,1013339
1018713,1013360
1018713,1013385
1018713,1013392
1018713,1013445
1018713,1013465
1018713,1013499
1018713,1013506
1018713,1013524
1018713,1013525
1018713,1013549
1018713,1013554
1018713,1013606
1018713,1013622
1018713,1013742
1018713,1013768
1018713,1013787
1018713,1013788
1018713,1013823
1018713,1013888
1018713,1013931
1018713,1013939
1018713,1014138
1018713,1014177
1018713,1014178
1018713,1014179
1018713,1014180
1018713,1014184
1018713,1014193
1018713,1014291
1018713,1014339
1018713,1014416
1018713,1014417
1018713,1014482
1018713,1014528
1018713,1014543
1018713,1014658
1018713,1014665
1018713,1014666
1018713,1014673
1018713,1014769
1018713,1014772
1018713,1014787
1018713,1014789
1018713,1014810
1018713,1014813
1018713,1014878
1018713,1014936
1018713,1014939
1018713,1014983
1018713,1014988
1018713,1015081
1018713,1015180
1018713,1015184
1018713,1015335
1018713,1015336
1018713,1015475
1018713,1015480
1018713,1015630
1018713,1015715
1018713,1015852
1018713,1015853
1018713,1015861
1018713,1016003
1018713,1016018
1018713,1016035
1018713,1016186
1018713,1016204
1018713,1016207
1018713,1016263
1018713,1016295
1018713,1016331
1018713,1016340
1018713,1016391
1018713,1016516
1018713,1016526
1018713,1016574
1018713,1016598
1018713,1016644
1018713,1016684
1018713,1016725
1018713,1016962
1018713,1016965
1018713,1017039
1018713,1017195
1018713,1017243
1018713,1017374
1018713,1017459
1018713,1017498
1018713,1017624
1018713,1017628
1018713,1017919
1018713,1017934
1018713,1017973
1018713,1017989
1018713,1018023
1018713,1018049
1018713,1018080
1018713,1018087
1018713,1018095
1018713,1018101
1018713,1018149
1018713,1018293
1018713,1018304
1018713,1018342
1018713,1018343
1018713,1018347
1018713,1018359
1018713,1018407
1018713,1018423
1018713,1018567
1018713,1018601
1018713,1018629
1018713,1018630
1018713,1018635
1018713,1018636
1018713,1018637
1018713,1018701
1018713,1018713
1018713,1018904
1018713,1018905
1018713,1018906
1018713,1018907
1018713,1019043
1018713,1019044
1018713,1019073
1018713,1019085
1018713,1019137
1018713,1019326
1018713,1019377
1018713,1019447
1018713,1019453
1018713,1019530
1018713,1019668
1018713,1019669
1018714,1006593
1018714,1007065
1018714,1007257
1018714,1007301
1018714,1007643
1018714,1008195
1018714,1008196
1018714,1008201
1018714,1008202
1018714,1008249
1018714,1008250
1018714,1008251
1018714,1008270
1018714,1008271
1018714,1008299
1018714,1008316
1018714,1008317
1018714,1008338
1018714,1008339
1018714,1008413
1018714,1008416
1018714,1008500
1018714,1008535
1018714,1008545
1018714,1008546
1018714,1008574
1018714,1008633
1018714,1008646
1018714,1008647
1018714,1008796
1018714,1008805
1018714,1008828
1018714,1008829
1018714,1008840
1018714,1008841
1018714,1008877
1018714,1008878
1018714,1008908
1018714,1008988
1018714,1008989
1018714,1009024
1018714,1009025
1018714,1009031
1018714,1009035
1018714,1009065
1018714,1009143
1018714,1009144
1018714,1009152
1018714,1009153
1018714,1009159
1018714,1009160
1018714,1009166
1018714,1009175
1018714,1009283
1018714,1009298
1018714,1009314
1018714,1009316
1018714,1009347
1018714,1009357
1018714,1009361
1018714,1009402
1018714,1009419
1018714,1009420
1018714,1009428
1018714,1009448
1018714,1009534
1018714,1009557
1018714,1009595
1018714,1009644
1018714,1009645
1018714,1009694
1018714,1009712
1018714,1009713
1018714,1009757
1018714,1009781
1018714,1009782
1018714,1009879
1018714,1009880
1018714,1009900
1018714,1009901
1018714,1009908
1018714,1010004
1018714,1010005
1018714,1010011
1018714,1010082
1018714,1010114
1018714,1010121
1018714,1010153
1018714,1010181
1018714,1010182
1018714,1010194
1018714,1010242
1018714,1010245
1018714,1010262
1018714,1010298
1018714,1010308
1018714,1010322
1018714,1010323
1018714,1010348
1018714,1010354
1018714,1010408
1018714,1010413
1018714,1010445
1018714,1010446
1018714,1010521
1018714,1010571
1018714,1010584
1018714,1010585
1018714,1010606
1018714,1010627
1018714,1010637
1018714,1010638
1018714,1010647
1018714,1010674
1018714,1010713
1018714,1010714
1018714,1010726
1018714,1010871
1018714,1010879
1018714,1010888
1018714,1010934
1018714,1010976
1018714,1010977
1018714,1010992
1018714,1011004
1018714,1011014
1018714,1011018
1018714,1011026
1018714,1011044
1018714,1011284
1018714,1011315
1018714,1011348
1018714,1011474
1018714,1011542
1018714,1011545
1018714,1011613
1018714,1011658
1018714,1011761
1018714,1011780
1018714,1011807
1018714,1011808
1018714,1011875
1018714,1011941
1018714,1011945
1018714,1012030
1018714,1012095
1018714,1012101
1018714,1012135
1018714,1012161
1018714,1012223
1018714,1012224
1018714,1012279
1018714,1012343
1018714,1012344
1018714,1012371
1018714,1012372
1018714,1012373
1018714,1012438
1018714,1012473
1018714,1012526
1018714,1012592
1018714,1012627
1018714,1012635
1018714,1012678
1018714,1012693
1018714,1012714
1018714,1012807
1018714,1012808
1018714,1012824
1018714,1012870
1018714,1012877
1018714,1012878
1018714,1013007
1018714,1013009
1018714,1013025
1018714,1013037
1018714,1013045
1018714,1013063
1018714,1013160
1018714,1013209
1018714,1013286
1018714,1013331
1018714,1013338
1018714,1013339
1018714,1013360
1018714,1013385
1018714,1013392
1018714,1013445
1018714,1013450
1018714,1013465
1018714,1013499
1018714,1013506
1018714,1013524
1018714,1013525
1018714,1013549
1018714,1013554
1018714,1013606
1018714,1013622
1018714,1013677
1018714,1013742
1018714,1013764
1018714,1013768
1018714,1013780
1018714,1013787
1018714,1013788
1018714,1013797
1018714,1013823
1018714,1013888
1018714,1013931
1018714,1013939
1018714,1013962
1018714,1014011
1018714,1014138
1018714,1014177
1018714,1014178
1018714,1014179
1018714,1014180
1018714,1014184
1018714,1014193
1018714,1014291
1018714,1014339
1018714,1014416
1018714,1014417
1018714,1014482
1018714,1014486
1018714,1014528
1018714,1014534
1018714,1014543
1018714,1014638
1018714,1014658
1018714,1014665
1018714,1014666
1018714,1014673
1018714,1014735
1018714,1014769
1018714,1014772
1018714,1014775
1018714,1014787
1018714,1014789
1018714,1014810
1018714,1014813
1018714,1014878
1018714,1014889
1018714,1014936
1018714,1014939
1018714,1014977
1018714,1014983
1018714,1014988
1018714,1015081
1018714,1015180
1018714,1015184
1018714,1015273
1018714,1015335
1018714,1015336
1018714,1015475
1018714,1015480
1018714,1015603
1018714,1015630
1018714,1015642
1018714,1015715
1018714,1015730
1018714,1015758
1018714,1015852
1018714,1015853
1018714,1015861
1018714,1016003
1018714,1016008
1018714,1016018
1018714,1016035
1018714,1016186
1018714,1016204
1018714,1016207
1018714,1016263
1018714,1016295
1018714,1016331
1018714,1016340
1018714,1016391
1018714,1016450
1018714,1016516
1018714,1016526
1018714,1016574
1018714,1016598
1018714,1016644
1018714,1016684
1018714,1016685
1018714,1016687
1018714,1016689
1018714,1016694
1018714,1016725
1018714,1016729
1018714,1016836
1018714,1016934
1018714,1016962
1018714,1016965
1018714,1017039
1018714,1017134
1018714,1017195
1018714,1017243
1018714,1017282
1018714,1017301
1018714,1017374
1018714,1017459
1018714,1017498
1018714,1017611
1018714,1017624
1018714,1017628
1018714,1017632
1018714,1017639
1018714,1017644
1018714,1017912
1018714,1017919
1018714,1017934
1018714,1017973
1018714,1017989
1018714,1018023
1018714,1018041
1018714,1018049
1018714,1018080
1018714,1018087
1018714,1018095
1018714,1018101
1018714,1018149
1018714,1018202
1018714,1018233
1018714,1018264
1018714,1018277
1018714,1018293
1018714,1018304
1018714,1018342
1018714,1018343
1018714,1018347
1018714,1018359
1018714,1018407
1018714,1018423
1018714,1018501
1018714,1018546
1018714,1018567
1018714,1018601
1018714,1018629
1018714,1018630
1018714,1018635
1018714,1018636
1018714,1018637
1018714,1018669
1018714,1018701
1018714,1018713
1018714,1018714
1018714,1018716
1018714,1018820
1018714,1018821
1018714,1018834
1018714,1018835
1018714,1018836
1018714,1018837
1018714,1018896
1018714,1018897
1018714,1018899
1018714,1018904
1018714,1018905
1018714,1018906
1018714,1018907
1018714,1019043
1018714,1019044
1018714,1019054
1018714,1019055
1018714,1019073
1018714,1019085
1018714,1019100
1018714,1019137
1018714,1019234
1018714,1019252
1018714,1019295
1018714,1019324
1018714,1019326
1018714,1019377
1018714,1019447
1018714,1019453
1018714,1019530
1018714,1019536
1018714,1019563
1018714,1019596
1018714,1019668
1018714,1019669
1018714,1019706
1018714,1019737
1018715,1008495
1018715,1008818
1018715,1008819
1018715,1008948
1018715,1009496
1018715,1010454
1018715,1011366
1018715,1011450
1018715,1012334
1018715,1014144
1018715,1014688
1018715,1015069
1018715,1015263
1018715,1015267
1018715,1015443
1018715,1015635
1018715,1016030
1018715,1016224
1018715,1016493
1018715,1016704
1018715,1016902
1018715,1016911
1018715,1017963
1018715,1018398
1018715,1018429
1018715,1018617
1018715,1018715
1018715,1019226
1018716,1008500
1018716,1008840
1018716,1008841
1018716,1009419
1018716,1009420
1018716,1010011
1018716,1013780
1018716,1017639
1018716,1018716
1018716,1018899
1018717,1008503
1018717,1010316
1018717,1010317
1018717,1012051
1018717,1017418
1018717,1018717
1018718,1006452
1018718,1006825
1018718,1018718
1018719,1008519
1018719,1010524
1018719,1010808
1018719,1012644
1018719,1013532
1018719,1014807
1018719,1017390
1018719,1018271
1018719,1018417
1018719,1018719
1018720,1008521
1018720,1017850
1018720,1018720
1018721,1008524
1018721,1016295
1018721,1018721
1018722,1008529
1018722,1008982
1018722,1013246
1018722,1014140
1018722,1014741
1018722,1015129
1018722,1016909
1018722,1018722
1018723,1015617
1018723,1016371
1018723,1018723
1018724,1008534
1018724,1018724
1018725,1008543
1018725,1008640
1018725,1009537
1018725,1011245
1018725,1013321
1018725,1015863
1018725,1015903
1018725,1016523
1018725,1018725
1018725,1018745
1018726,1008547
1018726,1008794
1018726,1009657
1018726,1009919
1018726,1009920
1018726,1010660
1018726,1010661
1018726,1010735
1018726,1011033
1018726,1011556
1018726,1012068
1018726,1012069
1018726,1012875
1018726,1013022
1018726,1013166
1018726,1013810
1018726,1013811
1018726,1013894
1018726,1014000
1018726,1014347
1018726,1014671
1018726,1015875
1018726,1016086
1018726,1016746
1018726,1017105
1018726,1018306
1018726,1018726
1018727,1006997
1018727,1008550
1018727,1009823
1018727,1009904
1018727,1010517
1018727,1010667
1018727,1010823
1018727,1010877
1018727,1011251
1018727,1011455
1018727,1011587
1018727,1012071
1018727,1012129
1018727,1012199
1018727,1012304
1018727,1012475
1018727,1012751
1018727,1013081
1018727,1013174
1018727,1013481
1018727,1013627
1018727,1013882
1018727,1013942
1018727,1014588
1018727,1014928
1018727,1015181
1018727,1015447
1018727,1016690
1018727,1017321
1018727,1017969
1018727,1018015
1018727,1018088
1018727,1018345
1018727,1018431
1018727,1018727
1018728,1017721
1018728,1018728
1018729,1011939
1018729,1017721
1018729,1018728
1018729,1018729
1018729,1019337
1018730,1008554
1018730,1018470
1018730,1018730
1018731,1008556
1018731,1018079
1018731,1018731
1018732,1006482
1018732,1006929
1018732,1007011
1018732,1007013
1018732,1007049
1018732,1007097
1018732,1007173
1018732,1007848
1018732,1007921
1018732,1008089
1018732,1009666
1018732,1009667
1018732,1010171
1018732,1010345
1018732,1010702
1018732,1011904
1018732,1012124
1018732,1012138
1018732,1012599
1018732,1013467
1018732,1013702
1018732,1013886
1018732,1014323
1018732,1014547
1018732,1015836
1018732,1015914
1018732,1016157
1018732,1016453
1018732,1018558
1018732,1018732
1018732,1018945
1018732,1018961
1018732,1018992
1018732,1019161
1018732,1019336
1018733,1006482
1018733,1006929
1018733,1007011
1018733,1007013
1018733,1007049
1018733,1007097
1018733,1007173
1018733,1007848
1018733,1007921
1018733,1008089
1018733,1009666
1018733,1009667
1018733,1010171
1018733,1010345
1018733,1011904
1018733,1012124
1018733,1012138
1018733,1012599
1018733,1013886
1018733,1014323
1018733,1014547
1018733,1015836
1018733,1016157
1018733,1018733
1018733,1018961
1018733,1018992
1018733,1019336
1018734,1008582
1018734,1011023
1018734,1011024
1018734,1013520
1018734,1015745
1018734,1017488
1018734,1018734
1018734,1019504
1018735,1012367
1018735,1017393
1018735,1018735
1018736,1007153
1018736,1007155
1018736,1008411
1018736,1008953
1018736,1009296
1018736,1010056
1018736,1010098
1018736,1010159
1018736,1010170
1018736,1010825
1018736,1010956
1018736,1011076
1018736,1011237
1018736,1011357
1018736,1011379
1018736,1011549
1018736,1011648
1018736,1011929
1018736,1011957
1018736,1011984
1018736,1012015
1018736,1012134
1018736,1012367
1018736,1012601
1018736,1012867
1018736,1013265
1018736,1013587
1018736,1014075
1018736,1014345
1018736,1014737
1018736,1015426
1018736,1015493
1018736,1016046
1018736,1016181
1018736,1016259
1018736,1016378
1018736,1016610
1018736,1016640
1018736,1016692
1018736,1016791
1018736,1016792
1018736,1016945
1018736,1017022
1018736,1017104
1018736,1017231
1018736,1017354
1018736,1017393
1018736,1017480
1018736,1017648
1018736,1017659
1018736,1017795
1018736,1017831
1018736,1017860
1018736,1018163
1018736,1018215
1018736,1018307
1018736,1018697
1018736,1018735
1018736,1018736
1018736,1018759
1018736,1018799
1018736,1018812
1018736,1018868
1018736,1018869
1018736,1018894
1018736,1018931
1018736,1019032
1018736,1019052
1018736,1019059
1018736,1019066
1018736,1019068
1018736,1019104
1018736,1019178
1018736,1019212
1018736,1019250
1018736,1019301
1018736,1019339
1018736,1019343
1018736,1019404
1018736,1019429
1018736,1019512
1018736,1019544
1018736,1019594
1018736,1019657
1018736,1019714
1018736,1019744
1018736,1019783
1018737,1008586
1018737,1010598
1018737,1010806
1018737,1011540
1018737,1011736
1018737,1012178
1018737,1013273
1018737,1013722
1018737,1013736
1018737,1014791
1018737,1015142
1018737,1015829
1018737,1016473
1018737,1016724
1018737,1016943
1018737,1017568
1018737,1018737
1018738,1008594
1018738,1018738
1018739,1008596
1018739,1016675
1018739,1018739
1018740,1008602
1018740,1008852
1018740,1009145
1018740,1009811
1018740,1009812
1018740,1010187
1018740,1011568
1018740,1013012
1018740,1013013
1018740,1013468
1018740,1013651
1018740,1014156
1018740,1014280
1018740,1014319
1018740,1016465
1018740,1016795
1018740,1017087
1018740,1017686
1018740,1017729
1018740,1018109
1018740,1018311
1018740,1018740
1018741,1008608
1018741,1015300
1018741,1018741
1018741,1018757
1018742,1008618
1018742,1018742
1018743,1006782
1018743,1006911
1018743,1008621
1018743,1010562
1018743,1010912
1018743,1011978
1018743,1013211
1018743,1013801
1018743,1013992
1018743,1014834
1018743,1016753
1018743,1017158
1018743,1017174
1018743,1017297
1018743,1018743
1018744,1008622
1018744,1010830
1018744,1018542
1018744,1018744
1018745,1008640
1018745,1011245
1018745,1018745
1018746,1006438
1018746,1006893
1018746,1007153
1018746,1007155
1018746,1007231
1018746,1007362
1018746,1007374
1018746,1007593
1018746,1007613
1018746,1007659
1018746,1008137
1018746,1008138
1018746,1008284
1018746,1008285
1018746,1008414
1018746,1008415
1018746,1008466
1018746,1008467
1018746,1008610
1018746,1008611
1018746,1008641
1018746,1008676
1018746,1008677
1018746,1008698
1018746,1008699
1018746,1009052
1018746,1009108
1018746,1009120
1018746,1009210
1018746,1009230
1018746,1009231
1018746,1009293
1018746,1009303
1018746,1009325
1018746,1009437
1018746,1009438
1018746,1009449
1018746,1009474
1018746,1009550
1018746,1009551
1018746,1009655
1018746,1009663
1018746,1009926
1018746,1009934
1018746,1009956
1018746,1009990
1018746,1010058
1018746,1010088
1018746,1010334
1018746,1010350
1018746,1010351
1018746,1010366
1018746,1010380
1018746,1010400
1018746,1010491
1018746,1010492
1018746,1010515
1018746,1010639
1018746,1010640
1018746,1010695
1018746,1010815
1018746,1010816
1018746,1010844
1018746,1010845
1018746,1010994
1018746,1011053
1018746,1011083
1018746,1011084
1018746,1011112
1018746,1011124
1018746,1011125
1018746,1011142
1018746,1011143
1018746,1011152
1018746,1011167
1018746,1011252
1018746,1011312
1018746,1011335
1018746,1011336
1018746,1011393
1018746,1011406
1018746,1011552
1018746,1011609
1018746,1011631
1018746,1011662
1018746,1011731
1018746,1011754
1018746,1011854
1018746,1011929
1018746,1011930
1018746,1011952
1018746,1011973
1018746,1012082
1018746,1012083
1018746,1012103
1018746,1012112
1018746,1012205
1018746,1012306
1018746,1012331
1018746,1012345
1018746,1012421
1018746,1012430
1018746,1012564
1018746,1012565
1018746,1012621
1018746,1012622
1018746,1012626
1018746,1012631
1018746,1012646
1018746,1012712
1018746,1012835
1018746,1012945
1018746,1013082
1018746,1013083
1018746,1013190
1018746,1013223
1018746,1013368
1018746,1013379
1018746,1013498
1018746,1013528
1018746,1013641
1018746,1013642
1018746,1013669
1018746,1013735
1018746,1013737
1018746,1013905
1018746,1014065
1018746,1014066
1018746,1014124
1018746,1014209
1018746,1014210
1018746,1014221
1018746,1014234
1018746,1014272
1018746,1014281
1018746,1014300
1018746,1014348
1018746,1014355
1018746,1014394
1018746,1014419
1018746,1014457
1018746,1014463
1018746,1014538
1018746,1014586
1018746,1014587
1018746,1014596
1018746,1014597
1018746,1014599
1018746,1014634
1018746,1014635
1018746,1014701
1018746,1014733
1018746,1014743
1018746,1014758
1018746,1014771
1018746,1014774
1018746,1014934
1018746,1014935
1018746,1014941
1018746,1015035
1018746,1015067
1018746,1015068
1018746,1015155
1018746,1015216
1018746,1015282
1018746,1015331
1018746,1015348
1018746,1015363
1018746,1015391
1018746,1015396
1018746,1015452
1018746,1015570
1018746,1015576
1018746,1015651
1018746,1015668
1018746,1015713
1018746,1015747
1018746,1015797
1018746,1015843
1018746,1015848
1018746,1015855
1018746,1015955
1018746,1016034
1018746,1016076
1018746,1016127
1018746,1016186
1018746,1016204
1018746,1016225
1018746,1016414
1018746,1016418
1018746,1016503
1018746,1016599
1018746,1016640
1018746,1016704
1018746,1016710
1018746,1016744
1018746,1017044
1018746,1017114
1018746,1017136
1018746,1017232
1018746,1017241
1018746,1017415
1018746,1017436
1018746,1017471
1018746,1017499
1018746,1017500
1018746,1017649
1018746,1017683
1018746,1017786
1018746,1017806
1018746,1017907
1018746,1017943
1018746,1017980
1018746,1018058
1018746,1018098
1018746,1018114
1018746,1018136
1018746,1018214
1018746,1018257
1018746,1018299
1018746,1018316
1018746,1018481
1018746,1018532
1018746,1018578
1018746,1018602
1018746,1018622
1018746,1018746
1018746,1018758
1018746,1018799
1018746,1018800
1018746,1018909
1018746,1018913
1018746,1018914
1018746,1018957
1018746,1018958
1018746,1019001
1018746,1019018
1018746,1019019
1018746,1019059
1018746,1019199
1018746,1019207
1018746,1019218
1018746,1019254
1018746,1019298
1018746,1019319
1018746,1019382
1018746,1019427
1018746,1019531
1018746,1019547
1018746,1019552
1018746,1019668
1018746,1019669
1018746,1019700
1018747,1008652
1018747,1018747
1018748,1008654
1018748,1018465
1018748,1018748
1018749,1008659
1018749,1009965
1018749,1010052
1018749,1010053
1018749,1010421
1018749,1011840
1018749,1011919
1018749,1012057
1018749,1013781
1018749,1014585
1018749,1015258
1018749,1015270
1018749,1016023
1018749,1016419
1018749,1016931
1018749,1017662
1018749,1017999
1018749,1018197
1018749,1018270
1018749,1018461
1018749,1018749
1018749,1019403
1018750,1008662
1018750,1018750
1018751,1008664
1018751,1008905
1018751,1012933
1018751,1014041
1018751,1014642
1018751,1017256
1018751,1018751
1018752,1008682
1018752,1011434
1018752,1012389
1018752,1012390
1018752,1013371
1018752,1015182
1018752,1015862
1018752,1016097
1018752,1017040
1018752,1017457
1018752,1018752
1018752,1019689
1018753,1008686
1018753,1018753
1018754,1012063
1018754,1015311
1018754,1018754
1018755,1009964
1018755,1010946
1018755,1012063
1018755,1015119
1018755,1015120
1018755,1015311
1018755,1016669
1018755,1017695
1018755,1017926
1018755,1018754
1018755,1018755
1018756,1008690
1018756,1018756
1018757,1015300
1018757,1018757
1018758,1006438
1018758,1006893
1018758,1007362
1018758,1007613
1018758,1007659
1018758,1008137
1018758,1008138
1018758,1008676
1018758,1008677
1018758,1008698
1018758,1009210
1018758,1009230
1018758,1009231
1018758,1009303
1018758,1009550
1018758,1009551
1018758,1009663
1018758,1009926
1018758,1009990
1018758,1010058
1018758,1010350
1018758,1010844
1018758,1010845
1018758,1011112
1018758,1011252
1018758,1011393
1018758,1011854
1018758,1011973
1018758,1012082
1018758,1012112
1018758,1012306
1018758,1012564
1018758,1012565
1018758,1012621
1018758,1012622
1018758,1012646
1018758,1012712
1018758,1012835
1018758,1013368
1018758,1013498
1018758,1013737
1018758,1013905
1018758,1014065
1018758,1014066
1018758,1014124
1018758,1014209
1018758,1014210
1018758,1014221
1018758,1014281
1018758,1014300
1018758,1014348
1018758,1014394
1018758,1014463
1018758,1014538
1018758,1014586
1018758,1014587
1018758,1014634
1018758,1014701
1018758,1014733
1018758,1014774
1018758,1015067
1018758,1015216
1018758,1015282
1018758,1015452
1018758,1015651
1018758,1015955
1018758,1016076
1018758,1016599
1018758,1016744
1018758,1017044
1018758,1017114
1018758,1017232
1018758,1017241
1018758,1017415
1018758,1017499
1018758,1017500
1018758,1017649
1018758,1017683
1018758,1017907
1018758,1018098
1018758,1018114
1018758,1018214
1018758,1018257
1018758,1018758
1018758,1018957
1018758,1018958
1018758,1019001
1018758,1019218
1018758,1019254
1018758,1019319
1018758,1019427
1018758,1019531
1018758,1019547
1018758,1019552
1018758,1019700
1018759,1012015
1018759,1017104
1018759,1018759
1018760,1006519
1018760,1006780
1018760,1007103
1018760,1007153
1018760,1007155
1018760,1007233
1018760,1007245
1018760,1007407
1018760,1007711
1018760,1007725
1018760,1007808
1018760,1008091
1018760,1008093
1018760,1008095
1018760,1008411
1018760,1008412
1018760,1008594
1018760,1008595
1018760,1008846
1018760,1008953
1018760,1008954
1018760,1008999
1018760,1009000
1018760,1009296
1018760,1009437
1018760,1009438
1018760,1009586
1018760,1010089
1018760,1010098
1018760,1010159
1018760,1010170
1018760,1010240
1018760,1010490
1018760,1010656
1018760,1010825
1018760,1010950
1018760,1010956
1018760,1010994
1018760,1011001
1018760,1011008
1018760,1011076
1018760,1011237
1018760,1011351
1018760,1011352
1018760,1011357
1018760,1011379
1018760,1011507
1018760,1011549
1018760,1011561
1018760,1011648
1018760,1011806
1018760,1011929
1018760,1011957
1018760,1011984
1018760,1012015
1018760,1012134
1018760,1012162
1018760,1012335
1018760,1012367
1018760,1012479
1018760,1012508
1018760,1012545
1018760,1012601
1018760,1012722
1018760,1012867
1018760,1012901
1018760,1012915
1018760,1012924
1018760,1012991
1018760,1013035
1018760,1013181
1018760,1013265
1018760,1013353
1018760,1013435
1018760,1013587
1018760,1013593
1018760,1014075
1018760,1014105
1018760,1014153
1018760,1014345
1018760,1014601
1018760,1014672
1018760,1014727
1018760,1014737
1018760,1015100
1018760,1015358
1018760,1015383
1018760,1015426
1018760,1015493
1018760,1015572
1018760,1015594
1018760,1015632
1018760,1015645
1018760,1015732
1018760,1015780
1018760,1015844
1018760,1015873
1018760,1015967
1018760,1016046
1018760,1016047
1018760,1016181
1018760,1016259
1018760,1016378
1018760,1016380
1018760,1016384
1018760,1016508
1018760,1016524
1018760,1016604
1018760,1016610
1018760,1016640
1018760,1016714
1018760,1016791
1018760,1016792
1018760,1016839
1018760,1016945
1018760,1017006
1018760,1017022
1018760,1017078
1018760,1017104
1018760,1017354
1018760,1017393
1018760,1017405
1018760,1017480
1018760,1017535
1018760,1017648
1018760,1017659
1018760,1017795
1018760,1017831
1018760,1017860
1018760,1017867
1018760,1017900
1018760,1018108
1018760,1018136
1018760,1018144
1018760,1018163
1018760,1018307
1018760,1018336
1018760,1018351
1018760,1018477
1018760,1018697
1018760,1018735
1018760,1018738
1018760,1018759
1018760,1018760
1018760,1018791
1018760,1018794
1018760,1018795
1018760,1018796
1018760,1018799
1018760,1018812
1018760,1018868
1018760,1018879
1018760,1018894
1018760,1018902
1018760,1018903
1018760,1018931
1018760,1018948
1018760,1018963
1018760,1019002
1018760,1019048
1018760,1019052
1018760,1019059
1018760,1019064
1018760,1019066
1018760,1019068
1018760,1019077
1018760,1019078
1018760,1019089
1018760,1019090
1018760,1019123
1018760,1019128
1018760,1019142
1018760,1019178
1018760,1019187
1018760,1019199
1018760,1019200
1018760,1019212
1018760,1019247
1018760,1019248
1018760,1019250
1018760,1019273
1018760,1019275
1018760,1019301
1018760,1019315
1018760,1019339
1018760,1019343
1018760,1019362
1018760,1019382
1018760,1019396
1018760,1019404
1018760,1019411
1018760,1019412
1018760,1019415
1018760,1019429
1018760,1019445
1018760,1019459
1018760,1019468
1018760,1019472
1018760,1019473
1018760,1019512
1018760,1019544
1018760,1019548
1018760,1019594
1018760,1019604
1018760,1019628
1018760,1019629
1018760,1019657
1018760,1019671
1018760,1019675
1018760,1019684
1018760,1019714
1018760,1019744
1018760,1019801
1018761,1008722
1018761,1012106
1018761,1012107
1018761,1012664
1018761,1015381
1018761,1015477
1018761,1016169
1018761,1016456
1018761,1017287
1018761,1017458
1018761,1018761
1018762,1009385
1018762,1009386
1018762,1012766
1018762,1013446
1018762,1016775
1018762,1017696
1018762,1018762
1018763,1009267
1018763,1009385
1018763,1009386
1018763,1012766
1018763,1013446
1018763,1015631
1018763,1016775
1018763,1017696
1018763,1018762
1018763,1018763
1018764,1008730
1018764,1018764
1018765,1007933
1018765,1018765
1018766,1011405
1018766,1018766
1018767,1007546
1018767,1008737
1018767,1014876
1018767,1018767
1018768,1008189
1018768,1008190
1018768,1008662
1018768,1008663
1018768,1008746
1018768,1008918
1018768,1008919
1018768,1009139
1018768,1009140
1018768,1009453
1018768,1009487
1018768,1009682
1018768,1009936
1018768,1009973
1018768,1010045
1018768,1010048
1018768,1010146
1018768,1010688
1018768,1010689
1018768,1010983
1018768,1011066
1018768,1011127
1018768,1011187
1018768,1011270
1018768,1011334
1018768,1011453
1018768,1011454
1018768,1011535
1018768,1011537
1018768,1011672
1018768,1011679
1018768,1011827
1018768,1011971
1018768,1011972
1018768,1011994
1018768,1012046
1018768,1012088
1018768,1012136
1018768,1012336
1018768,1012394
1018768,1012649
1018768,1012767
1018768,1012997
1018768,1013043
1018768,1013151
1018768,1013177
1018768,1013224
1018768,1013232
1018768,1013233
1018768,1013296
1018768,1013350
1018768,1013389
1018768,1013934
1018768,1013935
1018768,1014010
1018768,1014030
1018768,1014477
1018768,1014516
1018768,1014561
1018768,1014639
1018768,1014777
1018768,1014995
1018768,1015006
1018768,1015025
1018768,1015347
1018768,1015454
1018768,1015490
1018768,1015701
1018768,1016004
1018768,1016017
1018768,1016065
1018768,1016365
1018768,1016369
1018768,1016409
1018768,1016561
1018768,1017097
1018768,1017107
1018768,1017334
1018768,1017401
1018768,1017516
1018768,1017700
1018768,1017763
1018768,1017783
1018768,1017805
1018768,1017857
1018768,1018039
1018768,1018301
1018768,1018317
1018768,1018555
1018768,1018610
1018768,1018768
1018768,1018922
1018769,1008500
1018769,1008755
1018769,1008840
1018769,1008841
1018769,1009419
1018769,1009420
1018769,1010011
1018769,1011883
1018769,1011884
1018769,1011885
1018769,1013780
1018769,1014205
1018769,1017639
1018769,1018716
1018769,1018769
1018769,1018899
1018770,1008473
1018770,1008474
1018770,1008495
1018770,1008496
1018770,1008527
1018770,1008528
1018770,1008769
1018770,1008818
1018770,1008819
1018770,1008906
1018770,1008907
1018770,1008948
1018770,1008965
1018770,1008991
1018770,1009030
1018770,1009102
1018770,1009154
1018770,1009155
1018770,1009250
1018770,1009397
1018770,1009496
1018770,1009546
1018770,1009769
1018770,1009770
1018770,1009810
1018770,1009827
1018770,1010454
1018770,1010505
1018770,1010639
1018770,1010665
1018770,1010666
1018770,1010675
1018770,1010860
1018770,1010861
1018770,1011067
1018770,1011366
1018770,1011436
1018770,1011450
1018770,1011451
1018770,1011513
1018770,1011652
1018770,1011682
1018770,1011731
1018770,1011886
1018770,1012017
1018770,1012091
1018770,1012127
1018770,1012334
1018770,1012370
1018770,1012535
1018770,1012538
1018770,1012656
1018770,1012697
1018770,1013040
1018770,1013343
1018770,1013369
1018770,1013444
1018770,1013561
1018770,1014074
1018770,1014083
1018770,1014144
1018770,1014303
1018770,1014344
1018770,1014391
1018770,1014436
1018770,1014460
1018770,1014540
1018770,1014578
1018770,1014596
1018770,1014600
1018770,1014688
1018770,1014700
1018770,1014718
1018770,1015069
1018770,1015097
1018770,1015193
1018770,1015263
1018770,1015267
1018770,1015357
1018770,1015443
1018770,1015635
1018770,1015684
1018770,1015744
1018770,1015760
1018770,1015949
1018770,1016030
1018770,1016061
1018770,1016224
1018770,1016274
1018770,1016433
1018770,1016490
1018770,1016493
1018770,1016543
1018770,1016704
1018770,1016727
1018770,1016794
1018770,1016834
1018770,1016835
1018770,1016902
1018770,1016911
1018770,1016940
1018770,1017007
1018770,1017071
1018770,1017180
1018770,1017289
1018770,1017483
1018770,1017528
1018770,1017645
1018770,1017963
1018770,1018009
1018770,1018236
1018770,1018398
1018770,1018429
1018770,1018464
1018770,1018466
1018770,1018493
1018770,1018617
1018770,1018628
1018770,1018711
1018770,1018715
1018770,1018770
1018770,1018816
1018770,1018938
1018770,1018988
1018770,1019131
1018770,1019198
1018770,1019226
1018770,1019251
1018770,1019309
1018771,1008769
1018771,1013315
1018771,1018771
1018772,1008770
1018772,1009671
1018772,1009703
1018772,1010920
1018772,1010946
1018772,1011462
1018772,1011917
1018772,1016669
1018772,1017460
1018772,1017594
1018772,1017695
1018772,1017926
1018772,1018772
1018772,1018968
1018773,1008771
1018773,1018773
1018774,1008778
1018774,1014873
1018774,1018774
1018775,1008791
1018775,1008976
1018775,1010528
1018775,1010651
1018775,1011349
1018775,1011527
1018775,1011528
1018775,1011590
1018775,1012685
1018775,1013030
1018775,1013442
1018775,1014143
1018775,1014609
1018775,1015175
1018775,1016278
1018775,1016615
1018775,1016897
1018775,1017153
1018775,1017210
1018775,1017397
1018775,1017537
1018775,1018362
1018775,1018775
1018776,1008811
1018776,1012917
1018776,1014695
1018776,1017631
1018776,1018776
1018776,1019422
1018777,1008182
1018777,1008183
1018777,1008293
1018777,1008294
1018777,1008347
1018777,1008434
1018777,1008813
1018777,1008817
1018777,1008820
1018777,1008911
1018777,1008912
1018777,1009029
1018777,1009034
1018777,1009263
1018777,1009264
1018777,1009360
1018777,1009366
1018777,1009568
1018777,1009603
1018777,1009723
1018777,1010044
1018777,1010091
1018777,1010244
1018777,1010324
1018777,1010385
1018777,1010406
1018777,1010487
1018777,1010565
1018777,1010723
1018777,1010810
1018777,1010838
1018777,1010875
1018777,1010952
1018777,1010967
1018777,1011071
1018777,1011196
1018777,1011278
1018777,1011314
1018777,1011696
1018777,1011967
1018777,1012444
1018777,1013053
1018777,1013138
1018777,1013145
1018777,1013153
1018777,1013215
1018777,1013230
1018777,1013248
1018777,1013291
1018777,1013478
1018777,1013687
1018777,1013771
1018777,1013807
1018777,1013842
1018777,1013956
1018777,1014005
1018777,1014162
1018777,1014163
1018777,1014216
1018777,1014222
1018777,1014395
1018777,1014401
1018777,1014447
1018777,1014464
1018777,1014481
1018777,1014892
1018777,1015139
1018777,1015293
1018777,1015362
1018777,1015440
1018777,1015510
1018777,1015546
1018777,1015672
1018777,1015695
1018777,1015940
1018777,1016107
1018777,1016113
1018777,1016236
1018777,1016632
1018777,1016682
1018777,1016693
1018777,1016772
1018777,1016787
1018777,1016880
1018777,1016896
1018777,1017015
1018777,1017229
1018777,1017278
1018777,1017290
1018777,1017541
1018777,1017591
1018777,1017595
1018777,1017684
1018777,1017708
1018777,1017801
1018777,1017888
1018777,1018022
1018777,1018062
1018777,1018081
1018777,1018131
1018777,1018380
1018777,1018392
1018777,1018525
1018777,1018543
1018777,1018562
1018777,1018777
1018777,1018979
1018777,1019049
1018778,1008182
1018778,1008183
1018778,1008293
1018778,1008294
1018778,1008347
1018778,1008434
1018778,1008722
1018778,1008776
1018778,1008777
1018778,1008813
1018778,1009029
1018778,1009034
1018778,1009063
1018778,1009064
1018778,1009256
1018778,1009263
1018778,1009264
1018778,1009360
1018778,1009366
1018778,1009568
1018778,1009577
1018778,1009723
1018778,1009747
1018778,1009821
1018778,1010044
1018778,1010324
1018778,1010385
1018778,1010406
1018778,1010456
1018778,1010565
1018778,1010723
1018778,1010810
1018778,1010838
1018778,1010875
1018778,1010952
1018778,1010967
1018778,1011046
1018778,1011071
1018778,1011196
1018778,1011240
1018778,1011278
1018778,1011446
1018778,1011663
1018778,1011696
1018778,1011801
1018778,1012106
1018778,1012107
1018778,1012183
1018778,1012444
1018778,1012643
1018778,1012664
1018778,1013053
1018778,1013145
1018778,1013153
1018778,1013215
1018778,1013230
1018778,1013248
1018778,1013291
1018778,1013687
1018778,1014005
1018778,1014029
1018778,1014160
1018778,1014216
1018778,1014222
1018778,1014395
1018778,1014401
1018778,1014447
1018778,1014452
1018778,1014464
1018778,1014481
1018778,1015041
1018778,1015135
1018778,1015156
1018778,1015293
1018778,1015381
1018778,1015397
1018778,1015440
1018778,1015477
1018778,1015546
1018778,1015605
1018778,1015664
1018778,1015695
1018778,1015940
1018778,1016107
1018778,1016113
1018778,1016169
1018778,1016236
1018778,1016456
1018778,1016486
1018778,1016632
1018778,1016682
1018778,1016693
1018778,1016772
1018778,1016787
1018778,1016880
1018778,1016898
1018778,1016957
1018778,1017015
1018778,1017035
1018778,1017141
1018778,1017272
1018778,1017278
1018778,1017287
1018778,1017290
1018778,1017458
1018778,1017505
1018778,1017541
1018778,1017595
1018778,1017670
1018778,1017684
1018778,1017708
1018778,1017801
1018778,1018062
1018778,1018081
1018778,1018117
1018778,1018525
1018778,1018543
1018778,1018761
1018778,1018778
1018779,1008814
1018779,1010293
1018779,1011958
1018779,1012989
1018779,1018779
1018780,1007557
1018780,1008237
1018780,1008238
1018780,1008563
1018780,1008775
1018780,1009244
1018780,1009245
1018780,1009286
1018780,1009287
1018780,1009387
1018780,1009417
1018780,1009561
1018780,1009562
1018780,1009681
1018780,1009911
1018780,1010496
1018780,1010957
1018780,1011803
1018780,1011804
1018780,1012428
1018780,1012735
1018780,1012813
1018780,1013055
1018780,1013312
1018780,1013313
1018780,1013632
1018780,1013712
1018780,1013791
1018780,1014384
1018780,1015253
1018780,1015328
1018780,1016668
1018780,1017703
1018780,1018198
1018780,1018376
1018780,1018780
1018780,1019730
1018781,1006792
1018781,1007079
1018781,1007557
1018781,1008237
1018781,1008238
1018781,1008296
1018781,1008297
1018781,1008475
1018781,1008476
1018781,1008563
1018781,1008775
1018781,1008780
1018781,1009114
1018781,1009115
1018781,1009157
1018781,1009158
1018781,1009201
1018781,1009202
1018781,1009244
1018781,1009245
1018781,1009286
1018781,1009287
1018781,1009482
1018781,1009561
1018781,1009562
1018781,1009591
1018781,1009592
1018781,1009652
1018781,1009681
1018781,1009875
1018781,1009876
1018781,1009911
1018781,1009998
1018781,1009999
1018781,1010109
1018781,1010201
1018781,1010208
1018781,1010359
1018781,1010496
1018781,1010594
1018781,1010595
1018781,1010874
1018781,1010944
1018781,1010945
1018781,1010957
1018781,1011092
1018781,1011203
1018781,1011401
1018781,1011402
1018781,1011630
1018781,1011765
1018781,1011766
1018781,1011935
1018781,1012143
1018781,1012190
1018781,1012191
1018781,1012385
1018781,1012428
1018781,1012429
1018781,1012462
1018781,1012547
1018781,1012594
1018781,1012721
1018781,1012735
1018781,1012762
1018781,1012763
1018781,1012842
1018781,1012843
1018781,1012874
1018781,1012988
1018781,1013020
1018781,1013021
1018781,1013055
1018781,1013087
1018781,1013219
1018781,1013238
1018781,1013448
1018781,1013632
1018781,1013712
1018781,1013755
1018781,1013875
1018781,1013918
1018781,1014137
1018781,1014141
1018781,1014226
1018781,1014249
1018781,1014319
1018781,1014384
1018781,1014421
1018781,1014429
1018781,1014458
1018781,1014475
1018781,1014556
1018781,1014557
1018781,1014752
1018781,1014764
1018781,1014765
1018781,1015098
1018781,1015149
1018781,1015253
1018781,1015255
1018781,1015328
1018781,1015439
1018781,1015483
1018781,1015653
1018781,1015773
1018781,1015795
1018781,1016260
1018781,1016284
1018781,1016544
1018781,1016577
1018781,1016585
1018781,1016668
1018781,1016695
1018781,1016696
1018781,1016932
1018781,1017018
1018781,1017089
1018781,1017404
1018781,1017703
1018781,1017899
1018781,1017985
1018781,1018109
1018781,1018198
1018781,1018377
1018781,1018475
1018781,1018528
1018781,1018781
1018782,1008824
1018782,1010516
1018782,1012859
1018782,1017768
1018782,1018106
1018782,1018328
1018782,1018782
1018782,1019136
1018783,1018783
1018784,1009251
1018784,1009606
1018784,1017152
1018784,1018318
1018784,1018783
1018784,1018784
1018784,1018862
1018785,1009828
1018785,1010157
1018785,1010781
1018785,1011669
1018785,1011964
1018785,1012198
1018785,1013599
1018785,1014093
1018785,1014459
1018785,1014713
1018785,1015272
1018785,1016200
1018785,1016242
1018785,1016379
1018785,1016437
1018785,1016438
1018785,1016444
1018785,1016445
1018785,1016567
1018785,1016571
1018785,1016803
1018785,1017171
1018785,1017192
1018785,1017691
1018785,1017764
1018785,1017876
1018785,1017931
1018785,1018785
1018786,1008828
1018786,1014011
1018786,1016729
1018786,1018264
1018786,1018786
1018787,1008837
1018787,1009861
1018787,1011398
1018787,1017559
1018787,1018787
1018788,1008843
1018788,1008934
1018788,1010111
1018788,1012053
1018788,1018788
1018789,1008843
1018789,1010111
1018789,1012053
1018789,1018789
1018790,1008843
1018790,1008934
1018790,1010111
1018790,1012053
1018790,1018790
1018791,1008846
1018791,1018791
1018792,1008852
1018792,1009811
1018792,1014548
1018792,1017729
1018792,1018792
1018793,1008868
1018793,1018793
1018794,1012479
1018794,1018794
1018795,1008846
1018795,1010490
1018795,1012479
1018795,1012545
1018795,1018108
1018795,1018791
1018795,1018794
1018795,1018795
1018795,1019128
1018795,1019396
1018795,1019628
1018796,1008846
1018796,1010490
1018796,1012479
1018796,1012545
1018796,1016524
1018796,1018791
1018796,1018794
1018796,1018796
1018796,1019128
1018796,1019396
1018796,1019473
1018797,1008894
1018797,1012100
1018797,1013016
1018797,1013862
1018797,1014100
1018797,1014814
1018797,1015305
1018797,1016145
1018797,1016267
1018797,1016933
1018797,1018027
1018797,1018797
1018798,1007546
1018798,1008527
1018798,1008528
1018798,1008897
1018798,1009418
1018798,1009675
1018798,1009810
1018798,1010505
1018798,1010860
1018798,1010861
1018798,1011436
1018798,1011682
1018798,1012017
1018798,1012341
1018798,1012370
1018798,1012538
1018798,1013369
1018798,1013444
1018798,1013719
1018798,1013885
1018798,1014144
1018798,1014391
1018798,1014436
1018798,1014460
1018798,1014700
1018798,1015069
1018798,1015267
1018798,1015530
1018798,1015744
1018798,1016030
1018798,1016061
1018798,1016274
1018798,1017289
1018798,1017963
1018798,1018398
1018798,1018628
1018798,1018798
1018798,1019131
1018798,1019198
1018798,1019664
1018799,1007153
1018799,1016640
1018799,1018799
1018800,1007153
1018800,1007155
1018800,1009437
1018800,1009438
1018800,1011053
1018800,1011929
1018800,1011930
1018800,1015576
1018800,1016640
1018800,1018799
1018800,1018800
1018800,1018909
1018800,1019059
1018800,1019207
1018800,1019382
1018801,1006754
1018801,1007153
1018801,1007155
1018801,1009437
1018801,1009438
1018801,1011053
1018801,1011929
1018801,1011930
1018801,1012202
1018801,1013439
1018801,1015576
1018801,1016640
1018801,1018799
1018801,1018801
1018801,1018909
1018801,1019059
1018801,1019207
1018801,1019382
1018802,1008177
1018802,1008178
1018802,1008913
1018802,1009511
1018802,1009525
1018802,1009890
1018802,1010742
1018802,1012167
1018802,1013253
1018802,1014863
1018802,1015489
1018802,1015905
1018802,1016449
1018802,1016540
1018802,1018576
1018802,1018802
1018803,1008918
1018803,1009973
1018803,1010983
1018803,1011971
1018803,1011972
1018803,1013043
1018803,1013151
1018803,1013934
1018803,1013935
1018803,1015025
1018803,1016017
1018803,1016409
1018803,1017783
1018803,1018301
1018803,1018555
1018803,1018803
1018804,1008920
1018804,1018804
1018805,1008922
1018805,1012458
1018805,1012755
1018805,1018533
1018805,1018805
1018805,1019041
1018805,1019042
1018806,1008923
1018806,1018806
1018807,1008925
1018807,1010265
1018807,1010266
1018807,1015384
1018807,1017398
1018807,1018225
1018807,1018807
1018808,1008925
1018808,1010265
1018808,1010266
1018808,1018225
1018808,1018808
1018809,1007203
1018809,1009749
1018809,1012253
1018809,1013064
1018809,1013065
1018809,1014236
1018809,1014237
1018809,1014372
1018809,1014633
1018809,1016223
1018809,1016390
1018809,1018675
1018809,1018677
1018809,1018809
1018809,1018928
1018809,1018973
1018809,1018977
1018809,1019098
1018809,1019138
1018809,1019454
1018809,1019462
1018809,1019554
1018809,1019585
1018809,1019711
1018810,1008940
1018810,1018810
1018811,1008949
1018811,1010231
1018811,1011642
1018811,1011746
1018811,1012259
1018811,1012260
1018811,1012391
1018811,1012582
1018811,1013620
1018811,1014196
1018811,1016354
1018811,1016518
1018811,1017680
1018811,1017987
1018811,1018811
1018812,1008953
1018812,1018163
1018812,1018812
1018813,1008960
1018813,1011892
1018813,1018813
1018814,1008870
1018814,1008871
1018814,1008961
1018814,1010131
1018814,1011204
1018814,1011256
1018814,1011502
1018814,1012157
1018814,1012523
1018814,1012931
1018814,1012992
1018814,1013066
1018814,1013536
1018814,1015228
1018814,1015360
1018814,1016889
1018814,1017388
1018814,1018814
1018815,1008964
1018815,1018815
1018816,1008965
1018816,1009154
1018816,1009155
1018816,1009769
1018816,1009770
1018816,1009827
1018816,1010505
1018816,1010860
1018816,1011436
1018816,1011682
1018816,1012538
1018816,1012656
1018816,1013561
1018816,1014303
1018816,1014578
1018816,1014596
1018816,1014600
1018816,1015744
1018816,1015760
1018816,1016794
1018816,1017007
1018816,1017071
1018816,1017180
1018816,1018466
1018816,1018493
1018816,1018816
1018816,1019251
1018817,1008969
1018817,1009779
1018817,1018817
1018818,1008978
1018818,1009778
1018818,1018818
1018819,1008985
1018819,1012977
1018819,1014786
1018819,1018406
1018819,1018819
1018820,1018820
1018821,1018820
1018821,1018821
1018821,1018836
1018821,1018837
1018821,1019234
1018822,1008988
1018822,1012371
1018822,1013931
1018822,1015184
1018822,1018822
1018823,1006404
1018823,1006414
1018823,1006629
1018823,1006711
1018823,1006809
1018823,1006969
1018823,1006999
1018823,1007021
1018823,1007045
1018823,1007061
1018823,1007201
1018823,1007227
1018823,1007261
1018823,1007263
1018823,1007265
1018823,1007267
1018823,1007631
1018823,1008641
1018823,1008684
1018823,1008924
1018823,1009549
1018823,1010110
1018823,1010366
1018823,1010441
1018823,1010515
1018823,1010583
1018823,1010593
1018823,1010757
1018823,1010789
1018823,1010790
1018823,1010815
1018823,1010816
1018823,1010887
1018823,1010947
1018823,1011253
1018823,1011266
1018823,1011312
1018823,1011414
1018823,1011552
1018823,1011626
1018823,1012399
1018823,1012825
1018823,1012945
1018823,1013041
1018823,1013069
1018823,1013611
1018823,1013628
1018823,1014168
1018823,1014272
1018823,1014313
1018823,1014457
1018823,1014532
1018823,1015047
1018823,1015702
1018823,1015726
1018823,1015747
1018823,1015855
1018823,1015927
1018823,1016769
1018823,1017009
1018823,1017041
1018823,1017052
1018823,1018058
1018823,1018391
1018823,1018455
1018823,1018459
1018823,1018823
1018824,1009003
1018824,1018107
1018824,1018824
1018825,1009005
1018825,1018564
1018825,1018825
1018826,1009009
1018826,1010014
1018826,1018826
1018827,1006772
1018827,1008964
1018827,1018815
1018827,1018827
1018828,1006342
1018828,1006521
1018828,1006623
1018828,1006772
1018828,1008445
1018828,1008964
1018828,1016277
1018828,1018815
1018828,1018827
1018828,1018828
1018829,1009047
1018829,1010117
1018829,1015727
1018829,1017452
1018829,1017506
1018829,1018829
1018830,1006562
1018830,1008465
1018830,1014263
1018830,1014324
1018830,1018641
1018830,1018642
1018830,1018710
1018830,1018830
1018831,1008915
1018831,1008916
1018831,1009066
1018831,1010218
1018831,1011161
1018831,1015916
1018831,1016084
1018831,1016647
1018831,1017823
1018831,1017824
1018831,1018831
1018832,1007499
1018832,1018832
1018833,1009087
1018833,1015775
1018833,1018188
1018833,1018833
1018834,1012473
1018834,1018834
1018835,1012473
1018835,1018834
1018835,1018835
1018836,1018836
1018837,1018836
1018837,1018837
1018838,1016087
1018838,1018838
1018839,1016087
1018839,1016597
1018839,1018838
1018839,1018839
1018840,1009110
1018840,1018840
1018841,1007828
1018841,1016051
1018841,1018841
1018842,1006778
1018842,1007796
1018842,1007828
1018842,1008011
1018842,1010163
1018842,1010164
1018842,1012275
1018842,1014318
1018842,1015461
1018842,1016051
1018842,1017411
1018842,1018378
1018842,1018841
1018842,1018842
1018842,1019063
1018842,1019067
1018842,1019075
1018842,1019637
1018843,1007613
1018843,1007659
1018843,1008137
1018843,1008138
1018843,1009210
1018843,1009303
1018843,1011252
1018843,1011854
1018843,1013498
1018843,1014065
1018843,1014209
1018843,1014221
1018843,1014463
1018843,1014733
1018843,1015282
1018843,1016076
1018843,1016744
1018843,1017044
1018843,1017241
1018843,1017499
1018843,1017649
1018843,1018098
1018843,1018114
1018843,1018843
1018844,1009123
1018844,1018844
1018845,1009130
1018845,1009544
1018845,1011614
1018845,1011615
1018845,1015189
1018845,1016057
1018845,1017782
1018845,1018539
1018845,1018845
1018846,1009137
1018846,1011171
1018846,1016170
1018846,1018846
1018847,1008189
1018847,1008190
1018847,1008662
1018847,1008663
1018847,1009139
1018847,1009487
1018847,1009851
1018847,1009973
1018847,1011127
1018847,1011187
1018847,1011672
1018847,1011679
1018847,1011971
1018847,1011972
1018847,1013232
1018847,1013233
1018847,1013271
1018847,1013296
1018847,1013389
1018847,1013934
1018847,1014010
1018847,1014477
1018847,1014516
1018847,1014777
1018847,1014995
1018847,1015025
1018847,1016017
1018847,1017763
1018847,1017805
1018847,1018555
1018847,1018610
1018847,1018847
1018848,1009142
1018848,1018848
1018849,1009161
1018849,1018849
1018850,1009170
1018850,1012502
1018850,1013189
1018850,1014744
1018850,1014855
1018850,1016964
1018850,1018046
1018850,1018850
1018851,1009095
1018851,1009096
1018851,1009172
1018851,1010035
1018851,1011191
1018851,1014550
1018851,1016066
1018851,1017657
1018851,1018851
1018852,1009191
1018852,1012458
1018852,1018533
1018852,1018852
1018852,1019041
1018852,1019042
1018853,1009197
1018853,1010890
1018853,1018853
1018854,1018854
1018855,1008382
1018855,1008922
1018855,1009191
1018855,1010060
1018855,1012458
1018855,1012755
1018855,1012976
1018855,1013664
1018855,1015516
1018855,1016483
1018855,1018533
1018855,1018688
1018855,1018805
1018855,1018852
1018855,1018854
1018855,1018855
1018855,1019033
1018855,1019041
1018855,1019042
1018855,1019438
1018855,1019500
1018855,1019501
1018856,1009213
1018856,1018856
1018857,1012941
1018857,1018187
1018857,1018857
1018858,1006760
1018858,1018858
1018859,1009225
1018859,1018110
1018859,1018859
1018860,1009242
1018860,1009598
1018860,1011304
1018860,1011773
1018860,1014271
1018860,1014660
1018860,1016756
1018860,1018860
1018861,1007885
1018861,1018861
1018862,1009251
1018862,1017152
1018862,1018318
1018862,1018862
1018863,1009255
1018863,1012237
1018863,1014655
1018863,1018044
1018863,1018334
1018863,1018863
1018864,1009267
1018864,1014826
1018864,1015199
1018864,1017722
1018864,1018864
1018865,1009272
1018865,1018865
1018866,1009272
1018866,1018866
1018867,1009290
1018867,1018867
1018868,1009296
1018868,1012134
1018868,1018868
1018869,1017231
1018869,1018869
1018870,1008411
1018870,1008953
1018870,1009437
1018870,1009438
1018870,1010098
1018870,1010170
1018870,1010956
1018870,1011237
1018870,1011352
1018870,1011357
1018870,1011507
1018870,1011549
1018870,1011648
1018870,1011957
1018870,1013181
1018870,1014345
1018870,1014672
1018870,1015358
1018870,1015426
1018870,1015576
1018870,1015632
1018870,1015873
1018870,1016046
1018870,1016181
1018870,1016384
1018870,1016792
1018870,1017006
1018870,1017231
1018870,1018163
1018870,1018351
1018870,1018697
1018870,1018812
1018870,1018869
1018870,1018870
1018870,1018909
1018870,1018931
1018870,1019002
1018870,1019052
1018870,1019068
1018870,1019248
1018870,1019250
1018870,1019275
1018870,1019301
1018870,1019339
1018870,1019382
1018870,1019468
1018870,1019675
1018871,1008411
1018871,1008953
1018871,1010098
1018871,1010170
1018871,1010956
1018871,1011237
1018871,1011357
1018871,1011549
1018871,1011648
1018871,1011957
1018871,1012915
1018871,1014345
1018871,1015426
1018871,1016046
1018871,1016181
1018871,1016792
1018871,1017231
1018871,1018163
1018871,1018336
1018871,1018697
1018871,1018812
1018871,1018869
1018871,1018871
1018871,1018931
1018871,1019052
1018871,1019068
1018871,1019250
1018871,1019301
1018871,1019339
1018871,1019411
1018872,1010275
1018872,1015673
1018872,1018872
1018873,1009312
1018873,1018873
1018874,1012506
1018874,1018874
1018875,1008771
1018875,1008923
1018875,1009816
1018875,1011228
1018875,1012506
1018875,1013466
1018875,1015953
1018875,1017531
1018875,1018018
1018875,1018498
1018875,1018773
1018875,1018806
1018875,1018874
1018875,1018875
1018875,1018990
1018875,1019166
1018875,1019224
1018875,1019232
1018875,1019368
1018875,1019474
1018875,1019681
1018876,1009324
1018876,1017412
1018876,1018876
1018877,1012772
1018877,1015280
1018877,1015717
1018877,1015769
1018877,1015886
1018877,1017524
1018877,1018877
1018877,1019423
1018878,1008310
1018878,1009087
1018878,1011216
1018878,1011759
1018878,1012070
1018878,1012203
1018878,1012230
1018878,1012772
1018878,1013239
1018878,1013616
1018878,1014783
1018878,1015280
1018878,1015717
1018878,1015769
1018878,1015775
1018878,1015886
1018878,1017524
1018878,1018102
1018878,1018188
1018878,1018671
1018878,1018833
1018878,1018877
1018878,1018878
1018878,1019228
1018878,1019314
1018878,1019354
1018878,1019365
1018878,1019423
1018879,1010656
1018879,1016604
1018879,1018879
1018880,1006776
1018880,1006778
1018880,1007796
1018880,1007828
1018880,1008011
1018880,1008191
1018880,1008192
1018880,1008521
1018880,1008778
1018880,1008779
1018880,1008953
1018880,1009555
1018880,1009594
1018880,1010163
1018880,1010164
1018880,1010170
1018880,1010275
1018880,1010432
1018880,1010656
1018880,1010681
1018880,1010730
1018880,1010911
1018880,1011063
1018880,1011459
1018880,1011549
1018880,1011705
1018880,1011895
1018880,1012108
1018880,1012275
1018880,1012349
1018880,1012736
1018880,1012941
1018880,1013131
1018880,1013533
1018880,1013741
1018880,1013856
1018880,1014318
1018880,1014373
1018880,1014722
1018880,1014871
1018880,1014873
1018880,1015049
1018880,1015051
1018880,1015137
1018880,1015314
1018880,1015461
1018880,1015463
1018880,1015673
1018880,1015729
1018880,1015959
1018880,1016051
1018880,1016116
1018880,1016234
1018880,1016265
1018880,1016604
1018880,1016792
1018880,1017112
1018880,1017384
1018880,1017411
1018880,1017456
1018880,1017850
1018880,1017872
1018880,1018141
1018880,1018163
1018880,1018187
1018880,1018300
1018880,1018378
1018880,1018551
1018880,1018606
1018880,1018609
1018880,1018651
1018880,1018689
1018880,1018720
1018880,1018774
1018880,1018812
1018880,1018841
1018880,1018842
1018880,1018857
1018880,1018872
1018880,1018879
1018880,1018880
1018880,1018892
1018880,1018939
1018880,1019063
1018880,1019067
1018880,1019068
1018880,1019075
1018880,1019086
1018880,1019122
1018880,1019155
1018880,1019168
1018880,1019184
1018880,1019188
1018880,1019202
1018880,1019210
1018880,1019260
1018880,1019269
1018880,1019311
1018880,1019357
1018880,1019378
1018880,1019406
1018880,1019519
1018880,1019525
1018880,1019611
1018880,1019626
1018880,1019637
1018880,1019687
1018880,1019765
1018880,1019769
1018880,1019810
1018881,1009333
1018881,1010425
1018881,1010426
1018881,1012619
1018881,1012620
1018881,1013535
1018881,1015457
1018881,1015591
1018881,1015856
1018881,1016717
1018881,1017036
1018881,1017037
1018881,1018881
1018882,1006750
1018882,1018882
1018883,1009338
1018883,1018883
1018884,1009338
1018884,1012586
1018884,1012587
1018884,1018884
1018885,1007225
1018885,1009014
1018885,1009015
1018885,1009340
1018885,1010126
1018885,1011447
1018885,1013006
1018885,1013492
1018885,1013940
1018885,1014314
1018885,1014315
1018885,1014923
1018885,1014924
1018885,1015132
1018885,1015486
1018885,1015781
1018885,1016062
1018885,1016268
1018885,1016716
1018885,1017031
1018885,1017162
1018885,1017313
1018885,1018586
1018885,1018885
1018886,1009043
1018886,1009044
1018886,1009347
1018886,1010082
1018886,1012328
1018886,1013445
1018886,1013774
1018886,1014665
1018886,1014666
1018886,1015630
1018886,1018343
1018886,1018886
1018887,1010528
1018887,1018887
1018888,1008495
1018888,1008818
1018888,1008819
1018888,1008948
1018888,1009496
1018888,1010454
1018888,1010528
1018888,1011366
1018888,1011450
1018888,1011527
1018888,1011528
1018888,1012331
1018888,1012334
1018888,1013483
1018888,1014144
1018888,1014529
1018888,1014563
1018888,1014688
1018888,1015069
1018888,1015263
1018888,1015267
1018888,1015443
1018888,1015635
1018888,1016030
1018888,1016224
1018888,1016493
1018888,1016573
1018888,1016704
1018888,1016902
1018888,1016911
1018888,1017153
1018888,1017537
1018888,1017963
1018888,1018398
1018888,1018429
1018888,1018617
1018888,1018715
1018888,1018887
1018888,1018888
1018888,1019226
1018889,1013573
1018889,1018889
1018890,1018890
1018891,1008319
1018891,1008320
1018891,1008493
1018891,1008494
1018891,1008556
1018891,1008557
1018891,1008752
1018891,1008753
1018891,1009372
1018891,1009558
1018891,1009852
1018891,1009853
1018891,1011288
1018891,1011289
1018891,1011810
1018891,1012615
1018891,1012616
1018891,1013194
1018891,1014004
1018891,1014039
1018891,1014125
1018891,1014239
1018891,1014704
1018891,1014860
1018891,1014999
1018891,1015043
1018891,1015176
1018891,1015617
1018891,1015867
1018891,1016060
1018891,1016296
1018891,1016297
1018891,1016371
1018891,1016548
1018891,1016697
1018891,1016703
1018891,1017461
1018891,1018891
1018892,1013533
1018892,1018892
1018893,1009374
1018893,1018893
1018894,1016610
1018894,1017795
1018894,1018894
1018895,1009388
1018895,1012613
1018895,1018895
1018896,1018896
1018897,1018896
1018897,1018897
1018897,1019706
1018898,1009793
1018898,1018898
1018899,1009419
1018899,1017639
1018899,1018899
1018900,1011723
1018900,1012374
1018900,1014596
1018900,1015412
1018900,1017180
1018900,1018900
1018901,1009838
1018901,1011366
1018901,1011367
1018901,1011723
1018901,1011724
1018901,1011731
1018901,1012049
1018901,1012374
1018901,1012758
1018901,1014135
1018901,1014596
1018901,1014898
1018901,1015412
1018901,1016433
1018901,1016704
1018901,1017180
1018901,1018900
1018901,1018901
1018901,1018995
1018901,1019296
1018902,1013353
1018902,1018902
1018903,1010240
1018903,1012162
1018903,1012991
1018903,1013353
1018903,1014727
1018903,1015383
1018903,1015572
1018903,1015732
1018903,1016714
1018903,1018902
1018903,1018903
1018903,1019064
1018903,1019089
1018903,1019090
1018903,1019273
1018903,1019315
1018903,1019362
1018903,1019445
1018903,1019472
1018903,1019671
1018904,1009428
1018904,1013392
1018904,1016644
1018904,1018904
1018905,1009428
1018905,1009712
1018905,1010004
1018905,1010005
1018905,1010194
1018905,1010584
1018905,1010585
1018905,1013392
1018905,1015852
1018905,1015853
1018905,1016207
1018905,1016516
1018905,1016644
1018905,1017498
1018905,1018342
1018905,1018905
1018905,1019530
1018906,1008316
1018906,1008317
1018906,1012592
1018906,1013554
1018906,1014673
1018906,1014810
1018906,1018906
1018907,1008316
1018907,1008317
1018907,1010322
1018907,1010323
1018907,1010408
1018907,1012592
1018907,1013554
1018907,1014482
1018907,1014673
1018907,1014810
1018907,1018049
1018907,1018906
1018907,1018907
1018908,1008316
1018908,1008317
1018908,1009534
1018908,1011004
1018908,1012592
1018908,1013554
1018908,1014416
1018908,1014417
1018908,1014673
1018908,1014810
1018908,1016035
1018908,1018906
1018908,1018908
1018908,1019737
1018909,1009437
1018909,1009438
1018909,1015576
1018909,1018909
1018909,1019382
1018910,1008253
1018910,1009437
1018910,1018330
1018910,1018666
1018910,1018910
1018911,1007065
1018911,1008877
1018911,1008878
1018911,1009143
1018911,1009144
1018911,1009159
1018911,1009160
1018911,1009298
1018911,1009361
1018911,1009448
1018911,1009534
1018911,1009694
1018911,1009781
1018911,1009782
1018911,1010242
1018911,1010308
1018911,1010348
1018911,1010571
1018911,1010606
1018911,1010713
1018911,1010714
1018911,1010888
1018911,1011542
1018911,1011545
1018911,1011941
1018911,1012223
1018911,1012224
1018911,1012343
1018911,1012371
1018911,1012372
1018911,1012526
1018911,1012693
1018911,1013063
1018911,1013286
1018911,1013331
1018911,1013360
1018911,1013445
1018911,1013549
1018911,1013823
1018911,1013931
1018911,1014138
1018911,1014416
1018911,1014417
1018911,1014880
1018911,1014881
1018911,1015081
1018911,1015180
1018911,1016018
1018911,1016035
1018911,1016340
1018911,1016391
1018911,1016965
1018911,1017039
1018911,1017243
1018911,1017374
1018911,1017459
1018911,1017628
1018911,1017989
1018911,1018023
1018911,1018149
1018911,1018293
1018911,1018343
1018911,1018347
1018911,1018423
1018911,1018911
1018912,1009454
1018912,1018912
1018913,1013641
1018913,1013642
1018913,1018913
1018914,1013190
1018914,1013379
1018914,1013641
1018914,1013642
1018914,1014124
1018914,1015843
1018914,1015848
1018914,1017806
1018914,1018913
1018914,1018914
1018914,1019547
1018915,1009462
1018915,1016594
1018915,1018915
1018916,1009465
1018916,1015248
1018916,1015944
1018916,1018916
1018917,1009466
1018917,1013972
1018917,1018917
1018918,1009470
1018918,1014594
1018918,1018918
1018919,1009479
1018919,1018919
1018920,1008189
1018920,1008190
1018920,1009487
1018920,1009682
1018920,1011127
1018920,1011187
1018920,1011672
1018920,1011971
1018920,1011972
1018920,1012136
1018920,1013232
1018920,1013233
1018920,1013389
1018920,1013934
1018920,1014010
1018920,1014477
1018920,1014777
1018920,1014995
1018920,1015025
1018920,1015490
1018920,1015701
1018920,1017097
1018920,1017107
1018920,1018039
1018920,1018555
1018920,1018920
1018921,1008189
1018921,1008190
1018921,1008662
1018921,1008663
1018921,1009487
1018921,1011127
1018921,1011187
1018921,1011537
1018921,1012088
1018921,1012767
1018921,1012997
1018921,1013232
1018921,1013233
1018921,1013296
1018921,1014010
1018921,1014477
1018921,1014516
1018921,1014777
1018921,1016004
1018921,1017763
1018921,1017805
1018921,1018555
1018921,1018610
1018921,1018750
1018921,1018921
1018921,1019191
1018922,1008189
1018922,1008190
1018922,1008662
1018922,1008663
1018922,1008918
1018922,1008919
1018922,1009453
1018922,1009487
1018922,1010045
1018922,1010983
1018922,1011066
1018922,1011127
1018922,1011187
1018922,1011334
1018922,1011672
1018922,1011994
1018922,1012136
1018922,1012394
1018922,1012767
1018922,1013043
1018922,1013151
1018922,1013224
1018922,1013232
1018922,1013233
1018922,1013296
1018922,1014010
1018922,1014030
1018922,1014477
1018922,1014516
1018922,1014561
1018922,1014777
1018922,1015490
1018922,1016017
1018922,1016065
1018922,1016365
1018922,1016561
1018922,1017097
1018922,1017107
1018922,1017401
1018922,1017700
1018922,1017763
1018922,1017805
1018922,1018039
1018922,1018301
1018922,1018317
1018922,1018555
1018922,1018610
1018922,1018922
1018923,1009490
1018923,1014554
1018923,1018923
1018924,1009491
1018924,1018924
1018925,1009491
1018925,1011416
1018925,1012050
1018925,1016005
1018925,1018925
1018926,1009817
1018926,1018926
1018927,1009251
1018927,1009252
1018927,1009817
1018927,1009845
1018927,1017152
1018927,1017743
1018927,1018318
1018927,1018862
1018927,1018926
1018927,1018927
1018928,1018928
1018929,1018928
1018929,1018929
1018930,1008250
1018930,1008251
1018930,1008338
1018930,1008339
1018930,1009166
1018930,1009657
1018930,1009658
1018930,1010245
1018930,1010726
1018930,1010879
1018930,1011014
1018930,1011613
1018930,1011720
1018930,1011807
1018930,1011808
1018930,1012368
1018930,1012935
1018930,1013045
1018930,1013742
1018930,1013810
1018930,1013811
1018930,1013894
1018930,1014528
1018930,1014630
1018930,1014787
1018930,1014936
1018930,1015007
1018930,1015715
1018930,1016582
1018930,1018275
1018930,1018304
1018930,1018930
1018931,1010956
1018931,1016046
1018931,1018931
1018932,1009187
1018932,1009188
1018932,1009533
1018932,1009731
1018932,1009749
1018932,1011578
1018932,1011699
1018932,1012253
1018932,1012786
1018932,1013349
1018932,1014247
1018932,1015096
1018932,1015918
1018932,1016321
1018932,1018932
1018933,1009535
1018933,1017609
1018933,1018933
1018934,1006758
1018934,1007866
1018934,1016205
1018934,1018934
1018934,1019223
1018934,1019285
1018934,1019639
1018935,1009542
1018935,1018935
1018936,1009544
1018936,1010525
1018936,1010764
1018936,1017467
1018936,1018936
1018937,1018937
1018938,1009546
1018938,1010639
1018938,1011366
1018938,1011731
1018938,1014596
1018938,1016433
1018938,1016704
1018938,1017180
1018938,1018938
1018938,1019226
1018938,1019251
1018938,1019309
1018939,1009555
1018939,1009594
1018939,1018939
1018940,1006764
1018940,1007873
1018940,1008319
1018940,1008320
1018940,1008556
1018940,1008557
1018940,1008752
1018940,1008753
1018940,1009558
1018940,1014689
1018940,1016060
1018940,1016697
1018940,1016703
1018940,1017345
1018940,1018940
1018941,1008255
1018941,1008256
1018941,1009334
1018941,1009335
1018941,1009560
1018941,1009951
1018941,1009952
1018941,1010469
1018941,1010470
1018941,1010514
1018941,1011126
1018941,1011742
1018941,1011749
1018941,1012302
1018941,1012310
1018941,1014593
1018941,1014652
1018941,1014684
1018941,1016472
1018941,1017653
1018941,1017944
1018941,1017972
1018941,1018148
1018941,1018219
1018941,1018405
1018941,1018941
1018942,1009563
1018942,1010761
1018942,1010892
1018942,1011263
1018942,1012098
1018942,1012974
1018942,1013560
1018942,1013732
1018942,1013949
1018942,1014274
1018942,1015321
1018942,1016411
1018942,1016919
1018942,1016942
1018942,1016984
1018942,1018942
1018943,1009565
1018943,1009971
1018943,1010094
1018943,1011868
1018943,1018943
1018944,1009569
1018944,1011877
1018944,1016718
1018944,1018319
1018944,1018944
1018945,1007013
1018945,1008089
1018945,1009666
1018945,1009667
1018945,1010171
1018945,1010345
1018945,1010702
1018945,1011904
1018945,1012124
1018945,1012138
1018945,1012599
1018945,1013702
1018945,1013886
1018945,1014547
1018945,1015836
1018945,1016157
1018945,1018945
1018945,1018961
1018945,1019161
1018945,1019336
1018946,1008218
1018946,1008219
1018946,1008419
1018946,1008428
1018946,1008429
1018946,1008665
1018946,1009688
1018946,1009771
1018946,1009887
1018946,1009894
1018946,1009895
1018946,1010250
1018946,1010981
1018946,1010982
1018946,1011144
1018946,1011203
1018946,1011500
1018946,1011855
1018946,1011953
1018946,1011977
1018946,1012059
1018946,1012060
1018946,1012175
1018946,1012902
1018946,1013142
1018946,1013172
1018946,1013362
1018946,1013485
1018946,1013696
1018946,1014185
1018946,1014367
1018946,1014738
1018946,1014739
1018946,1014857
1018946,1015370
1018946,1015393
1018946,1016428
1018946,1016494
1018946,1016671
1018946,1016888
1018946,1016932
1018946,1017985
1018946,1018248
1018946,1018292
1018946,1018702
1018946,1018946
1018947,1007605
1018947,1014228
1018947,1017544
1018947,1018947
1018948,1009586
1018948,1018948
1018949,1009599
1018949,1011052
1018949,1018949
1018950,1009605
1018950,1018950
1018951,1007877
1018951,1009272
1018951,1009273
1018951,1009429
1018951,1009430
1018951,1009605
1018951,1009715
1018951,1009716
1018951,1010371
1018951,1012449
1018951,1012450
1018951,1013688
1018951,1013689
1018951,1014317
1018951,1014679
1018951,1016404
1018951,1017121
1018951,1017406
1018951,1017894
1018951,1018017
1018951,1018052
1018951,1018221
1018951,1018866
1018951,1018951
1018951,1018983
1018952,1009251
1018952,1009252
1018952,1009606
1018952,1009817
1018952,1009845
1018952,1015557
1018952,1015558
1018952,1016686
1018952,1017152
1018952,1018952
1018953,1011810
1018953,1014533
1018953,1018953
1018954,1009631
1018954,1013748
1018954,1016013
1018954,1018954
1018955,1008442
1018955,1008443
1018955,1008527
1018955,1008528
1018955,1008754
1018955,1009515
1018955,1009810
1018955,1011436
1018955,1012096
1018955,1012477
1018955,1012659
1018955,1013178
1018955,1014309
1018955,1014745
1018955,1014943
1018955,1015069
1018955,1015508
1018955,1016006
1018955,1016021
1018955,1016125
1018955,1016563
1018955,1016935
1018955,1017369
1018955,1018196
1018955,1018535
1018955,1018955
1018956,1009643
1018956,1018956
1018957,1012564
1018957,1012565
1018957,1012712
1018957,1014586
1018957,1014701
1018957,1015216
1018957,1017114
1018957,1017907
1018957,1018957
1018958,1012112
1018958,1012564
1018958,1012565
1018958,1012712
1018958,1014300
1018958,1014586
1018958,1014587
1018958,1014634
1018958,1014701
1018958,1015216
1018958,1015452
1018958,1017114
1018958,1017907
1018958,1018957
1018958,1018958
1018959,1014860
1018959,1015176
1018959,1018959
1018960,1009659
1018960,1018960
1018961,1009666
1018961,1009667
1018961,1012124
1018961,1012599
1018961,1014547
1018961,1015836
1018961,1018961
1018962,1009672
1018962,1013336
1018962,1018962
1018963,1010089
1018963,1012722
1018963,1018963
1018963,1019048
1018963,1019415
1018964,1009678
1018964,1018964
1018965,1009687
1018965,1011002
1018965,1013562
1018965,1018965
1018965,1019201
1018966,1008430
1018966,1008431
1018966,1011737
1018966,1016427
1018966,1016883
1018966,1018966
1018967,1006416
1018967,1009088
1018967,1009089
1018967,1009699
1018967,1010538
1018967,1010539
1018967,1011707
1018967,1013729
1018967,1014203
1018967,1015266
1018967,1015624
1018967,1016101
1018967,1016325
1018967,1016802
1018967,1016910
1018967,1018383
1018967,1018967
1018968,1009703
1018968,1010920
1018968,1010946
1018968,1011917
1018968,1017594
1018968,1018968
1018969,1010423
1018969,1018969
1018970,1009542
1018970,1010423
1018970,1018935
1018970,1018969
1018970,1018970
1018971,1006854
1018971,1007873
1018971,1016958
1018971,1018971
1018972,1009710
1018972,1018972
1018973,1018973
1018974,1018973
1018974,1018974
1018975,1009730
1018975,1018474
1018975,1018975
1018976,1009744
1018976,1011106
1018976,1011164
1018976,1011639
1018976,1012951
1018976,1016132
1018976,1018028
1018976,1018976
1018977,1009749
1018977,1012253
1018977,1018977
1018978,1009754
1018978,1010659
1018978,1012241
1018978,1013663
1018978,1013944
1018978,1016557
1018978,1016628
1018978,1017554
1018978,1018978
1018979,1008911
1018979,1008912
1018979,1009603
1018979,1010091
1018979,1011314
1018979,1011967
1018979,1013138
1018979,1013478
1018979,1013771
1018979,1013807
1018979,1013842
1018979,1014892
1018979,1015139
1018979,1015362
1018979,1015672
1018979,1016896
1018979,1017591
1018979,1018131
1018979,1018392
1018979,1018979
1018979,1019049
1018980,1009773
1018980,1018980
1018981,1006605
1018981,1009364
1018981,1009365
1018981,1009774
1018981,1010183
1018981,1010184
1018981,1010234
1018981,1010269
1018981,1010306
1018981,1010750
1018981,1010906
1018981,1011080
1018981,1011457
1018981,1011495
1018981,1011911
1018981,1011923
1018981,1012267
1018981,1012560
1018981,1012561
1018981,1013382
1018981,1013416
1018981,1013433
1018981,1013650
1018981,1013682
1018981,1014252
1018981,1014314
1018981,1014315
1018981,1014959
1018981,1015136
1018981,1015251
1018981,1015449
1018981,1015478
1018981,1015486
1018981,1015941
1018981,1017162
1018981,1017305
1018981,1017368
1018981,1017455
1018981,1018586
1018981,1018981
1018982,1008151
1018982,1008152
1018982,1009237
1018982,1009238
1018982,1009796
1018982,1009824
1018982,1010447
1018982,1010448
1018982,1013575
1018982,1013705
1018982,1013706
1018982,1013817
1018982,1013818
1018982,1014980
1018982,1017549
1018982,1018038
1018982,1018382
1018982,1018982
1018983,1009272
1018983,1018866
1018983,1018983
1018984,1007877
1018984,1009272
1018984,1009273
1018984,1009429
1018984,1009430
1018984,1009605
1018984,1009715
1018984,1009716
1018984,1009897
1018984,1010085
1018984,1010086
1018984,1010371
1018984,1010559
1018984,1010613
1018984,1012063
1018984,1012104
1018984,1012229
1018984,1012449
1018984,1012450
1018984,1012613
1018984,1013619
1018984,1013688
1018984,1013689
1018984,1013843
1018984,1013844
1018984,1013922
1018984,1014189
1018984,1014317
1018984,1014679
1018984,1014886
1018984,1015311
1018984,1016163
1018984,1016404
1018984,1017121
1018984,1017406
1018984,1017894
1018984,1018017
1018984,1018052
1018984,1018221
1018984,1018234
1018984,1018866
1018984,1018950
1018984,1018983
1018984,1018984
1018984,1019270
1018984,1019565
1018985,1007877
1018985,1009272
1018985,1009273
1018985,1009429
1018985,1009430
1018985,1009605
1018985,1009715
1018985,1009716
1018985,1009897
1018985,1010371
1018985,1012449
1018985,1012450
1018985,1012613
1018985,1013688
1018985,1013689
1018985,1013843
1018985,1013844
1018985,1013922
1018985,1014317
1018985,1014679
1018985,1016404
1018985,1017121
1018985,1017406
1018985,1017894
1018985,1018017
1018985,1018052
1018985,1018221
1018985,1018866
1018985,1018950
1018985,1018983
1018985,1018985
1018985,1019779
1018986,1007877
1018986,1009272
1018986,1009273
1018986,1009429
1018986,1009430
1018986,1009605
1018986,1009715
1018986,1009716
1018986,1010085
1018986,1010086
1018986,1010371
1018986,1010559
1018986,1010613
1018986,1010937
1018986,1012063
1018986,1012104
1018986,1012449
1018986,1012450
1018986,1012613
1018986,1013619
1018986,1013688
1018986,1013689
1018986,1013843
1018986,1013844
1018986,1013922
1018986,1014317
1018986,1014679
1018986,1014886
1018986,1015311
1018986,1016404
1018986,1017121
1018986,1017406
1018986,1017894
1018986,1018017
1018986,1018052
1018986,1018221
1018986,1018866
1018986,1018950
1018986,1018983
1018986,1018986
1018987,1009809
1018987,1013356
1018987,1017090
1018987,1018280
1018987,1018987
1018988,1008473
1018988,1008474
1018988,1008991
1018988,1009250
1018988,1009810
1018988,1010665
1018988,1010666
1018988,1011731
1018988,1012017
1018988,1012091
1018988,1012127
1018988,1012535
1018988,1013040
1018988,1013444
1018988,1014074
1018988,1014344
1018988,1014460
1018988,1014700
1018988,1014718
1018988,1015097
1018988,1016061
1018988,1016433
1018988,1016490
1018988,1016543
1018988,1016834
1018988,1016835
1018988,1016940
1018988,1018988
1018988,1019309
1018989,1009813
1018989,1018989
1018990,1009816
1018990,1018990
1018991,1008988
1018991,1008989
1018991,1011875
1018991,1012371
1018991,1012372
1018991,1013931
1018991,1015184
1018991,1016018
1018991,1018822
1018991,1018991
1018991,1019334
1018992,1006929
1018992,1007097
1018992,1007173
1018992,1007848
1018992,1007921
1018992,1018992
1018993,1009824
1018993,1013218
1018993,1013817
1018993,1013818
1018993,1014980
1018993,1015065
1018993,1016251
1018993,1018993
1018994,1009834
1018994,1012018
1018994,1018135
1018994,1018994
1018995,1009838
1018995,1011731
1018995,1012049
1018995,1014898
1018995,1016433
1018995,1018995
1018996,1009849
1018996,1018996
1018997,1009738
1018997,1009739
1018997,1009854
1018997,1012424
1018997,1012425
1018997,1012815
1018997,1016709
1018997,1018997
1018998,1009854
1018998,1015761
1018998,1018998
1018999,1009854
1018999,1018999
1019000,1009869
1019000,1019000
1019001,1009926
1019001,1009990
1019001,1010058
1019001,1010844
1019001,1012112
1019001,1012306
1019001,1012564
1019001,1012565
1019001,1012712
1019001,1014300
1019001,1014586
1019001,1014587
1019001,1014634
1019001,1014701
1019001,1015067
1019001,1015216
1019001,1015452
1019001,1015955
1019001,1016599
1019001,1017114
1019001,1017907
1019001,1018957
1019001,1018958
1019001,1019001
1019002,1014672
1019002,1017006
1019002,1019002
1019003,1009871
1019003,1019003
1019004,1009885
1019004,1013132
1019004,1017886
1019004,1019004
1019005,1009891
1019005,1015929
1019005,1019005
1019006,1009897
1019006,1019006
1019007,1012019
1019007,1019007
1019008,1006547
1019008,1012019
1019008,1014073
1019008,1019007
1019008,1019008
1019009,1009903
1019009,1016112
1019009,1019009
1019010,1019010
1019011,1009916
1019011,1013930
1019011,1015199
1019011,1019011
1019012,1019012
1019013,1019012
1019013,1019013
1019014,1009921
1019014,1011433
1019014,1011617
1019014,1011817
1019014,1017510
1019014,1019014
1019015,1009921
1019015,1011433
1019015,1011617
1019015,1011817
1019015,1017510
1019015,1019015
1019016,1006416
1019016,1009088
1019016,1019016
1019017,1006416
1019017,1006591
1019017,1007281
1019017,1008404
1019017,1008405
1019017,1008432
1019017,1008433
1019017,1008559
1019017,1008560
1019017,1008615
1019017,1008648
1019017,1008649
1019017,1008984
1019017,1009088
1019017,1009089
1019017,1009131
1019017,1009190
1019017,1009327
1019017,1009504
1019017,1009505
1019017,1009654
1019017,1009656
1019017,1009699
1019017,1009720
1019017,1009831
1019017,1009878
1019017,1009882
1019017,1010031
1019017,1010032
1019017,1010129
1019017,1010249
1019017,1010538
1019017,1010539
1019017,1010652
1019017,1010854
1019017,1010962
1019017,1011128
1019017,1011129
1019017,1011166
1019017,1011269
1019017,1011413
1019017,1011450
1019017,1011451
1019017,1011661
1019017,1011707
1019017,1011784
1019017,1011785
1019017,1011793
1019017,1011864
1019017,1012010
1019017,1012085
1019017,1012127
1019017,1012295
1019017,1012383
1019017,1012384
1019017,1012387
1019017,1012463
1019017,1012491
1019017,1012805
1019017,1012993
1019017,1013129
1019017,1013130
1019017,1013147
1019017,1013411
1019017,1013729
1019017,1013775
1019017,1013891
1019017,1013892
1019017,1014056
1019017,1014098
1019017,1014101
1019017,1014110
1019017,1014203
1019017,1014214
1019017,1014292
1019017,1014706
1019017,1014875
1019017,1014927
1019017,1015143
1019017,1015160
1019017,1015266
1019017,1015276
1019017,1015277
1019017,1015401
1019017,1015470
1019017,1015624
1019017,1015646
1019017,1015719
1019017,1015737
1019017,1015966
1019017,1015988
1019017,1016033
1019017,1016101
1019017,1016152
1019017,1016325
1019017,1016344
1019017,1016350
1019017,1016357
1019017,1016603
1019017,1016727
1019017,1016740
1019017,1016802
1019017,1016830
1019017,1016910
1019017,1016981
1019017,1017057
1019017,1017200
1019017,1017315
1019017,1017433
1019017,1017470
1019017,1017485
1019017,1017693
1019017,1017813
1019017,1017879
1019017,1017936
1019017,1018059
1019017,1018190
1019017,1018213
1019017,1018383
1019017,1018385
1019017,1018389
1019017,1018466
1019017,1018967
1019017,1019016
1019017,1019017
1019018,1015570
1019018,1019018
1019019,1010994
1019019,1015570
1019019,1018136
1019019,1019018
1019019,1019019
1019019,1019199
1019020,1009937
1019020,1010774
1019020,1011409
1019020,1019020
1019021,1009950
1019021,1010533
1019021,1016588
1019021,1018385
1019021,1019021
1019022,1009964
1019022,1015119
1019022,1015120
1019022,1018281
1019022,1019022
1019023,1009964
1019023,1015119
1019023,1015120
1019023,1019023
1019024,1008477
1019024,1008478
1019024,1009976
1019024,1010818
1019024,1011882
1019024,1012459
1019024,1014948
1019024,1014949
1019024,1015425
1019024,1015504
1019024,1017770
1019024,1019024
1019025,1009591
1019025,1009592
1019025,1009998
1019025,1010201
1019025,1011092
1019025,1012721
1019025,1013448
1019025,1015149
1019025,1015773
1019025,1016260
1019025,1019025
1019026,1008473
1019026,1008474
1019026,1008991
1019026,1009250
1019026,1009810
1019026,1010491
1019026,1010665
1019026,1010666
1019026,1011262
1019026,1011731
1019026,1012017
1019026,1012091
1019026,1012127
1019026,1012163
1019026,1012535
1019026,1013040
1019026,1013444
1019026,1014074
1019026,1014344
1019026,1014460
1019026,1014563
1019026,1014700
1019026,1014718
1019026,1015097
1019026,1016061
1019026,1016240
1019026,1016433
1019026,1016444
1019026,1016445
1019026,1016490
1019026,1016543
1019026,1016567
1019026,1016803
1019026,1016834
1019026,1016835
1019026,1016940
1019026,1017192
1019026,1017249
1019026,1018988
1019026,1019026
1019026,1019297
1019026,1019309
1019027,1010016
1019027,1019027
1019028,1010033
1019028,1010256
1019028,1010257
1019028,1010554
1019028,1010685
1019028,1011038
1019028,1011287
1019028,1011621
1019028,1011828
1019028,1013048
1019028,1013488
1019028,1015349
1019028,1015712
1019028,1015884
1019028,1016403
1019028,1016766
1019028,1016800
1019028,1017059
1019028,1017496
1019028,1017679
1019028,1018073
1019028,1019028
1019029,1010036
1019029,1019029
1019030,1010036
1019030,1011030
1019030,1019030
1019031,1010055
1019031,1010866
1019031,1011222
1019031,1012045
1019031,1012184
1019031,1012914
1019031,1013657
1019031,1013658
1019031,1014155
1019031,1018458
1019031,1019031
1019032,1010056
1019032,1019032
1019033,1010060
1019033,1016483
1019033,1019033
1019034,1010065
1019034,1015609
1019034,1016534
1019034,1019034
1019035,1010067
1019035,1014095
1019035,1016736
1019035,1017542
1019035,1019035
1019035,1019148
1019036,1009312
1019036,1014411
1019036,1014590
1019036,1014625
1019036,1015194
1019036,1016016
1019036,1016199
1019036,1017410
1019036,1018168
1019036,1018873
1019036,1019036
1019036,1019331
1019036,1019380
1019036,1019570
1019036,1019590
1019036,1019633
1019036,1019640
1019036,1019665
1019036,1019756
1019037,1010070
1019037,1011906
1019037,1012694
1019037,1014255
1019037,1019037
1019038,1009163
1019038,1009164
1019038,1010099
1019038,1010829
1019038,1011040
1019038,1013337
1019038,1014517
1019038,1015124
1019038,1015636
1019038,1015705
1019038,1016114
1019038,1016925
1019038,1019038
1019039,1009163
1019039,1009164
1019039,1010099
1019039,1010829
1019039,1011040
1019039,1012122
1019039,1013337
1019039,1014517
1019039,1015124
1019039,1015636
1019039,1015705
1019039,1015823
1019039,1016114
1019039,1016925
1019039,1018192
1019039,1019038
1019039,1019039
1019039,1019164
1019039,1019165
1019039,1019389
1019040,1008618
1019040,1011665
1019040,1014378
1019040,1018742
1019040,1019040
1019041,1019041
1019042,1012458
1019042,1018533
1019042,1019041
1019042,1019042
1019043,1009428
1019043,1009644
1019043,1009645
1019043,1009712
1019043,1009713
1019043,1010004
1019043,1010005
1019043,1010194
1019043,1010521
1019043,1010584
1019043,1010585
1019043,1011945
1019043,1012807
1019043,1012808
1019043,1013025
1019043,1013338
1019043,1013339
1019043,1013392
1019043,1013465
1019043,1013939
1019043,1014339
1019043,1015852
1019043,1015853
1019043,1016003
1019043,1016207
1019043,1016516
1019043,1016644
1019043,1017195
1019043,1017498
1019043,1018342
1019043,1018635
1019043,1018636
1019043,1018637
1019043,1018904
1019043,1018905
1019043,1019043
1019043,1019044
1019043,1019073
1019043,1019137
1019043,1019326
1019043,1019447
1019043,1019453
1019043,1019530
1019044,1009644
1019044,1009645
1019044,1009712
1019044,1009713
1019044,1010004
1019044,1010005
1019044,1010194
1019044,1010521
1019044,1011945
1019044,1012807
1019044,1012808
1019044,1013025
1019044,1013939
1019044,1014339
1019044,1015852
1019044,1015853
1019044,1016003
1019044,1016207
1019044,1016516
1019044,1018342
1019044,1019044
1019045,1007509
1019045,1008459
1019045,1008460
1019045,1011036
1019045,1012742
1019045,1015453
1019045,1018709
1019045,1019045
1019045,1019205
1019046,1010016
1019046,1014396
1019046,1019027
1019046,1019046
1019046,1019114
1019047,1008730
1019047,1008731
1019047,1010016
1019047,1014396
1019047,1018764
1019047,1019027
1019047,1019046
1019047,1019047
1019047,1019114
1019048,1010089
1019048,1019048
1019049,1010091
1019049,1011314
1019049,1013771
1019049,1013807
1019049,1015139
1019049,1017591
1019049,1019049
1019050,1010093
1019050,1010217
1019050,1013079
1019050,1015662
1019050,1015709
1019050,1017490
1019050,1019050
1019051,1010097
1019051,1013441
1019051,1019051
1019052,1010098
1019052,1011237
1019052,1019052
1019053,1009078
1019053,1009079
1019053,1009163
1019053,1009164
1019053,1010099
1019053,1010548
1019053,1010829
1019053,1011040
1019053,1012122
1019053,1013337
1019053,1014517
1019053,1015124
1019053,1015448
1019053,1015636
1019053,1015705
1019053,1015823
1019053,1015915
1019053,1016114
1019053,1016925
1019053,1017661
1019053,1018192
1019053,1019038
1019053,1019039
1019053,1019053
1019053,1019164
1019053,1019165
1019053,1019389
1019054,1014486
1019054,1019054
1019055,1014486
1019055,1019054
1019055,1019055
1019056,1010979
1019056,1019056
1019057,1006835
1019057,1011610
1019057,1012419
1019057,1012426
1019057,1019057
1019058,1010118
1019058,1015896
1019058,1019058
1019059,1007155
1019059,1011929
1019059,1019059
1019060,1016573
1019060,1019060
1019061,1012163
1019061,1012485
1019061,1016573
1019061,1017213
1019061,1018579
1019061,1019060
1019061,1019061
1019061,1019322
1019061,1019363
1019062,1007469
1019062,1019062
1019063,1006778
1019063,1019063
1019064,1014727
1019064,1019064
1019065,1016844
1019065,1019065
1019066,1010159
1019066,1013265
1019066,1019066
1019067,1010163
1019067,1012275
1019067,1019067
1019068,1010170
1019068,1011549
1019068,1019068
1019069,1010174
1019069,1012676
1019069,1019069
1019070,1010177
1019070,1019070
1019071,1011850
1019071,1019071
1019072,1011850
1019072,1011851
1019072,1019071
1019072,1019072
1019073,1010004
1019073,1010005
1019073,1013939
1019073,1015852
1019073,1016003
1019073,1016207
1019073,1016516
1019073,1018342
1019073,1019073
1019074,1008011
1019074,1010541
1019074,1019074
1019075,1008011
1019075,1018378
1019075,1019075
1019076,1010197
1019076,1019076
1019077,1011806
1019077,1019077
1019078,1008594
1019078,1008595
1019078,1011806
1019078,1014153
1019078,1018738
1019078,1019077
1019078,1019078
1019078,1019548
1019079,1006396
1019079,1008330
1019079,1008331
1019079,1011168
1019079,1011786
1019079,1012151
1019079,1015057
1019079,1015973
1019079,1017995
1019079,1018463
1019079,1019079
1019080,1006782
1019080,1006909
1019080,1006911
1019080,1007461
1019080,1007713
1019080,1008621
1019080,1010562
1019080,1010912
1019080,1011978
1019080,1013211
1019080,1013801
1019080,1013896
1019080,1013992
1019080,1014834
1019080,1015492
1019080,1016753
1019080,1017158
1019080,1017174
1019080,1017297
1019080,1018743
1019080,1019080
1019080,1019180
1019081,1006782
1019081,1006909
1019081,1006911
1019081,1007461
1019081,1007713
1019081,1008621
1019081,1009891
1019081,1010562
1019081,1010912
1019081,1011978
1019081,1013211
1019081,1013801
1019081,1013896
1019081,1013992
1019081,1014834
1019081,1015492
1019081,1015929
1019081,1016753
1019081,1017158
1019081,1017174
1019081,1017297
1019081,1018743
1019081,1019005
1019081,1019080
1019081,1019081
1019081,1019180
1019082,1010220
1019082,1011072
1019082,1019082
1019083,1009738
1019083,1009739
1019083,1010220
1019083,1012424
1019083,1012425
1019083,1012815
1019083,1017226
1019083,1017666
1019083,1018210
1019083,1019083
1019084,1010220
1019084,1019084
1019085,1016263
1019085,1018601
1019085,1019085
1019086,1015463
1019086,1015729
1019086,1019086
1019087,1010227
1019087,1019087
1019088,1010238
1019088,1011498
1019088,1012775
1019088,1018358
1019088,1019088
1019089,1010240
1019089,1012162
1019089,1012991
1019089,1013353
1019089,1014727
1019089,1015383
1019089,1015572
1019089,1015732
1019089,1016714
1019089,1019089
1019090,1010240
1019090,1019090
1019091,1008691
1019091,1008692
1019091,1008909
1019091,1008910
1019091,1009333
1019091,1010144
1019091,1010246
1019091,1010425
1019091,1010426
1019091,1010452
1019091,1010630
1019091,1010743
1019091,1010819
1019091,1011007
1019091,1011532
1019091,1011873
1019091,1012539
1019091,1012619
1019091,1012620
1019091,1012817
1019091,1013535
1019091,1013647
1019091,1013648
1019091,1014120
1019091,1014375
1019091,1014376
1019091,1014556
1019091,1014557
1019091,1014690
1019091,1015457
1019091,1015591
1019091,1015815
1019091,1015856
1019091,1016678
1019091,1016717
1019091,1017036
1019091,1017037
1019091,1017494
1019091,1017985
1019091,1018034
1019091,1018109
1019091,1018177
1019091,1018881
1019091,1019091
1019092,1019092
1019093,1016075
1019093,1019092
1019093,1019093
1019093,1019588
1019094,1011353
1019094,1018008
1019094,1019094
1019095,1011353
1019095,1013675
1019095,1017529
1019095,1018008
1019095,1019094
1019095,1019095
1019096,1008622
1019096,1008623
1019096,1010784
1019096,1010785
1019096,1010830
1019096,1011872
1019096,1013377
1019096,1013761
1019096,1013762
1019096,1016580
1019096,1016808
1019096,1017082
1019096,1017515
1019096,1017674
1019096,1018542
1019096,1018744
1019096,1019096
1019096,1019173
1019096,1019333
1019096,1019497
1019097,1008691
1019097,1008692
1019097,1010284
1019097,1011386
1019097,1011387
1019097,1014650
1019097,1016671
1019097,1019097
1019098,1014633
1019098,1019098
1019099,1009330
1019099,1009331
1019099,1010295
1019099,1011839
1019099,1012216
1019099,1015048
1019099,1015692
1019099,1018172
1019099,1019099
1019100,1008270
1019100,1008271
1019100,1008574
1019100,1009024
1019100,1009025
1019100,1010121
1019100,1010181
1019100,1010182
1019100,1012161
1019100,1015603
1019100,1015730
1019100,1016008
1019100,1016450
1019100,1016694
1019100,1016729
1019100,1017632
1019100,1018202
1019100,1018501
1019100,1018546
1019100,1019100
1019101,1010307
1019101,1019101
1019102,1010309
1019102,1010444
1019102,1014756
1019102,1016481
1019102,1019102
1019103,1007483
1019103,1007615
1019103,1010318
1019103,1015491
1019103,1019103
1019103,1019244
1019103,1019515
1019104,1016692
1019104,1019104
1019105,1006493
1019105,1007077
1019105,1010338
1019105,1011853
1019105,1012149
1019105,1015110
1019105,1017477
1019105,1018053
1019105,1018503
1019105,1019105
1019106,1010344
1019106,1019106
1019107,1010346
1019107,1019107
1019108,1010347
1019108,1019108
1019109,1010363
1019109,1014551
1019109,1019109
1019110,1010364
1019110,1019110
1019111,1010373
1019111,1019111
1019112,1010373
1019112,1019112
1019113,1010376
1019113,1019113
1019114,1014396
1019114,1019114
1019115,1010388
1019115,1019115
1019116,1008600
1019116,1008601
1019116,1009854
1019116,1009855
1019116,1010220
1019116,1010221
1019116,1011072
1019116,1011155
1019116,1011156
1019116,1011299
1019116,1013425
1019116,1016395
1019116,1016396
1019116,1019116
1019117,1008182
1019117,1008183
1019117,1008722
1019117,1008723
1019117,1008727
1019117,1009723
1019117,1010324
1019117,1010406
1019117,1010565
1019117,1010952
1019117,1012294
1019117,1014892
1019117,1015695
1019117,1016107
1019117,1016456
1019117,1018543
1019117,1018562
1019117,1019117
1019118,1010406
1019118,1012294
1019118,1013956
1019118,1018562
1019118,1019118
1019119,1006562
1019119,1008465
1019119,1014263
1019119,1014324
1019119,1017586
1019119,1018641
1019119,1018642
1019119,1018710
1019119,1018830
1019119,1019119
1019119,1019630
1019120,1019120
1019121,1010422
1019121,1015295
1019121,1019121
1019122,1010432
1019122,1018551
1019122,1019122
1019123,1013593
1019123,1019123
1019124,1010466
1019124,1019124
1019125,1010472
1019125,1017001
1019125,1019125
1019126,1007041
1019126,1014838
1019126,1019126
1019127,1010488
1019127,1019127
1019128,1010490
1019128,1019128
1019129,1010497
1019129,1019129
1019130,1010497
1019130,1019130
1019131,1010505
1019131,1011682
1019131,1012017
1019131,1012370
1019131,1012538
1019131,1013369
1019131,1013444
1019131,1014436
1019131,1014460
1019131,1014700
1019131,1015267
1019131,1015744
1019131,1016030
1019131,1016274
1019131,1017289
1019131,1017963
1019131,1018398
1019131,1018628
1019131,1019131
1019132,1010506
1019132,1019132
1019133,1010507
1019133,1017777
1019133,1019133
1019134,1010508
1019134,1011470
1019134,1014009
1019134,1017746
1019134,1018181
1019134,1019134
1019135,1010512
1019135,1019135
1019136,1010516
1019136,1018106
1019136,1018328
1019136,1019136
1019137,1010004
1019137,1010005
1019137,1010194
1019137,1010521
1019137,1012807
1019137,1012808
1019137,1013939
1019137,1015852
1019137,1015853
1019137,1016516
1019137,1019137
1019138,1007203
1019138,1013064
1019138,1013065
1019138,1014236
1019138,1014237
1019138,1014372
1019138,1014633
1019138,1016223
1019138,1016390
1019138,1018675
1019138,1018677
1019138,1018928
1019138,1018973
1019138,1019098
1019138,1019138
1019138,1019454
1019138,1019462
1019138,1019554
1019138,1019585
1019138,1019711
1019139,1009749
1019139,1011947
1019139,1012253
1019139,1013064
1019139,1013065
1019139,1014372
1019139,1016223
1019139,1018675
1019139,1018677
1019139,1018977
1019139,1019139
1019139,1019462
1019139,1019711
1019140,1010526
1019140,1019140
1019141,1010532
1019141,1016293
1019141,1019141
1019142,1014601
1019142,1017867
1019142,1019142
1019143,1010584
1019143,1013392
1019143,1016644
1019143,1017498
1019143,1019143
1019144,1010584
1019144,1013392
1019144,1016644
1019144,1017498
1019144,1019144
1019145,1006519
1019145,1006754
1019145,1006776
1019145,1006778
1019145,1006780
1019145,1007103
1019145,1007153
1019145,1007155
1019145,1007233
1019145,1007245
1019145,1007407
1019145,1007711
1019145,1007725
1019145,1007796
1019145,1007808
1019145,1007828
1019145,1008011
1019145,1008091
1019145,1008093
1019145,1008095
1019145,1008191
1019145,1008192
1019145,1008411
1019145,1008412
1019145,1008521
1019145,1008594
1019145,1008595
1019145,1008778
1019145,1008779
1019145,1008846
1019145,1008953
1019145,1008954
1019145,1008999
1019145,1009000
1019145,1009296
1019145,1009437
1019145,1009438
1019145,1009555
1019145,1009586
1019145,1009594
1019145,1010056
1019145,1010089
1019145,1010098
1019145,1010159
1019145,1010163
1019145,1010164
1019145,1010170
1019145,1010240
1019145,1010275
1019145,1010432
1019145,1010490
1019145,1010656
1019145,1010681
1019145,1010730
1019145,1010825
1019145,1010911
1019145,1010950
1019145,1010956
1019145,1010994
1019145,1011001
1019145,1011008
1019145,1011053
1019145,1011063
1019145,1011076
1019145,1011237
1019145,1011351
1019145,1011352
1019145,1011357
1019145,1011379
1019145,1011459
1019145,1011507
1019145,1011549
1019145,1011561
1019145,1011648
1019145,1011705
1019145,1011806
1019145,1011895
1019145,1011929
1019145,1011930
1019145,1011957
1019145,1011984
1019145,1012015
1019145,1012108
1019145,1012134
1019145,1012162
1019145,1012202
1019145,1012275
1019145,1012335
1019145,1012349
1019145,1012367
1019145,1012479
1019145,1012508
1019145,1012545
1019145,1012601
1019145,1012722
1019145,1012736
1019145,1012867
1019145,1012901
1019145,1012915
1019145,1012924
1019145,1012941
1019145,1012991
1019145,1013035
1019145,1013131
1019145,1013181
1019145,1013265
1019145,1013353
1019145,1013435
1019145,1013439
1019145,1013533
1019145,1013587
1019145,1013593
1019145,1013741
1019145,1013856
1019145,1014075
1019145,1014105
1019145,1014153
1019145,1014318
1019145,1014345
1019145,1014373
1019145,1014601
1019145,1014672
1019145,1014722
1019145,1014727
1019145,1014737
1019145,1014871
1019145,1014873
1019145,1015049
1019145,1015051
1019145,1015100
1019145,1015137
1019145,1015314
1019145,1015358
1019145,1015383
1019145,1015426
1019145,1015461
1019145,1015463
1019145,1015493
1019145,1015572
1019145,1015576
1019145,1015594
1019145,1015632
1019145,1015645
1019145,1015673
1019145,1015729
1019145,1015732
1019145,1015780
1019145,1015844
1019145,1015873
1019145,1015959
1019145,1015967
1019145,1016046
1019145,1016047
1019145,1016051
1019145,1016116
1019145,1016181
1019145,1016234
1019145,1016259
1019145,1016265
1019145,1016378
1019145,1016380
1019145,1016384
1019145,1016508
1019145,1016524
1019145,1016604
1019145,1016610
1019145,1016640
1019145,1016692
1019145,1016714
1019145,1016791
1019145,1016792
1019145,1016839
1019145,1016945
1019145,1017006
1019145,1017022
1019145,1017078
1019145,1017104
1019145,1017112
1019145,1017231
1019145,1017354
1019145,1017384
1019145,1017393
1019145,1017405
1019145,1017411
1019145,1017456
1019145,1017480
1019145,1017535
1019145,1017648
1019145,1017659
1019145,1017795
1019145,1017831
1019145,1017850
1019145,1017860
1019145,1017867
1019145,1017872
1019145,1017900
1019145,1018108
1019145,1018136
1019145,1018141
1019145,1018144
1019145,1018163
1019145,1018187
1019145,1018215
1019145,1018300
1019145,1018307
1019145,1018336
1019145,1018351
1019145,1018378
1019145,1018477
1019145,1018551
1019145,1018606
1019145,1018609
1019145,1018651
1019145,1018689
1019145,1018697
1019145,1018720
1019145,1018735
1019145,1018736
1019145,1018738
1019145,1018759
1019145,1018760
1019145,1018774
1019145,1018791
1019145,1018794
1019145,1018795
1019145,1018796
1019145,1018799
1019145,1018800
1019145,1018801
1019145,1018812
1019145,1018841
1019145,1018842
1019145,1018857
1019145,1018868
1019145,1018869
1019145,1018870
1019145,1018871
1019145,1018872
1019145,1018879
1019145,1018880
1019145,1018892
1019145,1018894
1019145,1018902
1019145,1018903
1019145,1018909
1019145,1018931
1019145,1018939
1019145,1018948
1019145,1018963
1019145,1019002
1019145,1019032
1019145,1019048
1019145,1019052
1019145,1019059
1019145,1019063
1019145,1019064
1019145,1019066
1019145,1019067
1019145,1019068
1019145,1019075
1019145,1019077
1019145,1019078
1019145,1019086
1019145,1019089
1019145,1019090
1019145,1019104
1019145,1019122
1019145,1019123
1019145,1019128
1019145,1019142
1019145,1019145
1019145,1019155
1019145,1019168
1019145,1019178
1019145,1019184
1019145,1019187
1019145,1019188
1019145,1019199
1019145,1019200
1019145,1019202
1019145,1019207
1019145,1019210
1019145,1019212
1019145,1019247
1019145,1019248
1019145,1019250
1019145,1019260
1019145,1019269
1019145,1019273
1019145,1019275
1019145,1019301
1019145,1019311
1019145,1019315
1019145,1019339
1019145,1019343
1019145,1019357
1019145,1019362
1019145,1019378
1019145,1019382
1019145,1019396
1019145,1019404
1019145,1019406
1019145,1019411
1019145,1019412
1019145,1019415
1019145,1019429
1019145,1019445
1019145,1019459
1019145,1019468
1019145,1019472
1019145,1019473
1019145,1019512
1019145,1019519
1019145,1019525
1019145,1019544
1019145,1019548
1019145,1019594
1019145,1019604
1019145,1019611
1019145,1019626
1019145,1019628
1019145,1019629
1019145,1019637
1019145,1019657
1019145,1019671
1019145,1019675
1019145,1019684
1019145,1019687
1019145,1019714
1019145,1019744
1019145,1019765
1019145,1019769
1019145,1019783
1019145,1019801
1019145,1019810
1019146,1010597
1019146,1019146
1019147,1010614
1019147,1017285
1019147,1019147
1019148,1014095
1019148,1019148
1019149,1010625
1019149,1011745
1019149,1019149
1019150,1009061
1019150,1009062
1019150,1009916
1019150,1009917
1019150,1010625
1019150,1010626
1019150,1010984
1019150,1010985
1019150,1010987
1019150,1011493
1019150,1011745
1019150,1012165
1019150,1012166
1019150,1012232
1019150,1012850
1019150,1012851
1019150,1012982
1019150,1013930
1019150,1014549
1019150,1015199
1019150,1015942
1019150,1017542
1019150,1019150
1019151,1009061
1019151,1009062
1019151,1010625
1019151,1010984
1019151,1010985
1019151,1011745
1019151,1015942
1019151,1019151
1019152,1010635
1019152,1013241
1019152,1013242
1019152,1015924
1019152,1016393
1019152,1019152
1019153,1009369
1019153,1009370
1019153,1009546
1019153,1009547
1019153,1009838
1019153,1010639
1019153,1011199
1019153,1011366
1019153,1011367
1019153,1011723
1019153,1011724
1019153,1011731
1019153,1012049
1019153,1012374
1019153,1012421
1019153,1012758
1019153,1014135
1019153,1014596
1019153,1014898
1019153,1015412
1019153,1015518
1019153,1016433
1019153,1016704
1019153,1017147
1019153,1017180
1019153,1018900
1019153,1018901
1019153,1018995
1019153,1019153
1019153,1019296
1019154,1015954
1019154,1019154
1019155,1010681
1019155,1019155
1019156,1015844
1019156,1017118
1019156,1019156
1019157,1013028
1019157,1015844
1019157,1017118
1019157,1019156
1019157,1019157
1019158,1006511
1019158,1019158
1019159,1010696
1019159,1019159
1019160,1006361
1019160,1006363
1019160,1006679
1019160,1006819
1019160,1009730
1019160,1013556
1019160,1013600
1019160,1013946
1019160,1014647
1019160,1015147
1019160,1015850
1019160,1016980
1019160,1017991
1019160,1018122
1019160,1018474
1019160,1018975
1019160,1019160
1019161,1010702
1019161,1013702
1019161,1019161
1019162,1010707
1019162,1013340
1019162,1014382
1019162,1014564
1019162,1019162
1019163,1010711
1019163,1011848
1019163,1014336
1019163,1015957
1019163,1016256
1019163,1016257
1019163,1016930
1019163,1019163
1019164,1012122
1019164,1015823
1019164,1018192
1019164,1019164
1019164,1019389
1019165,1012122
1019165,1015823
1019165,1018192
1019165,1019164
1019165,1019165
1019165,1019389
1019166,1015953
1019166,1019166
1019167,1017673
1019167,1019167
1019168,1010730
1019168,1011895
1019168,1019168
1019169,1010757
1019169,1012399
1019169,1012825
1019169,1013069
1019169,1013611
1019169,1014313
1019169,1015047
1019169,1015726
1019169,1019169
1019170,1010763
1019170,1015059
1019170,1019170
1019171,1006874
1019171,1010767
1019171,1010929
1019171,1013670
1019171,1019171
1019172,1010777
1019172,1011493
1019172,1012165
1019172,1012166
1019172,1012232
1019172,1012850
1019172,1012851
1019172,1012982
1019172,1014549
1019172,1019172
1019172,1019442
1019172,1019559
1019173,1010784
1019173,1016580
1019173,1016808
1019173,1019173
1019174,1010802
1019174,1010908
1019174,1010909
1019174,1014746
1019174,1015481
1019174,1019174
1019175,1006444
1019175,1010804
1019175,1012277
1019175,1012773
1019175,1013458
1019175,1015651
1019175,1017869
1019175,1019175
1019176,1010810
1019176,1010971
1019176,1012579
1019176,1014447
1019176,1015510
1019176,1015546
1019176,1019176
1019177,1010817
1019177,1019177
1019178,1010825
1019178,1011379
1019178,1019178
1019179,1009032
1019179,1009033
1019179,1010805
1019179,1014050
1019179,1016080
1019179,1017283
1019179,1019179
1019180,1006782
1019180,1006911
1019180,1007461
1019180,1008621
1019180,1010562
1019180,1010912
1019180,1011978
1019180,1013211
1019180,1013801
1019180,1013992
1019180,1014834
1019180,1015492
1019180,1016753
1019180,1017158
1019180,1017174
1019180,1017297
1019180,1018743
1019180,1019180
1019181,1010862
1019181,1019181
1019182,1010863
1019182,1019182
1019183,1008417
1019183,1008418
1019183,1009581
1019183,1009582
1019183,1009894
1019183,1009895
1019183,1010437
1019183,1010438
1019183,1010874
1019183,1011061
1019183,1011062
1019183,1012059
1019183,1012060
1019183,1012225
1019183,1012226
1019183,1012854
1019183,1014444
1019183,1014857
1019183,1014858
1019183,1017054
1019183,1018248
1019183,1019183
1019184,1008191
1019184,1012349
1019184,1013131
1019184,1016265
1019184,1018651
1019184,1019184
1019184,1019378
1019185,1010886
1019185,1010923
1019185,1019185
1019186,1010899
1019186,1011676
1019186,1013175
1019186,1015422
1019186,1018186
1019186,1019186
1019187,1010950
1019187,1019187
1019188,1010911
1019188,1011705
1019188,1019188
1019189,1009237
1019189,1009238
1019189,1011426
1019189,1012638
1019189,1013575
1019189,1013909
1019189,1018382
1019189,1018539
1019189,1019189
1019190,1008686
1019190,1008687
1019190,1009348
1019190,1009358
1019190,1009468
1019190,1009513
1019190,1009729
1019190,1013581
1019190,1013673
1019190,1014035
1019190,1017211
1019190,1018587
1019190,1018753
1019190,1019190
1019191,1008662
1019191,1008663
1019191,1011127
1019191,1013296
1019191,1014516
1019191,1017763
1019191,1017805
1019191,1018610
1019191,1019191
1019192,1009272
1019192,1009273
1019192,1010085
1019192,1010086
1019192,1010371
1019192,1010559
1019192,1010613
1019192,1010937
1019192,1012063
1019192,1012104
1019192,1013619
1019192,1013843
1019192,1013844
1019192,1013922
1019192,1014886
1019192,1015311
1019192,1016028
1019192,1017149
1019192,1018017
1019192,1019192
1019192,1019236
1019192,1019821
1019193,1010937
1019193,1013688
1019193,1013689
1019193,1019193
1019194,1007877
1019194,1009272
1019194,1009273
1019194,1009429
1019194,1009430
1019194,1009715
1019194,1009716
1019194,1010085
1019194,1010086
1019194,1010371
1019194,1010559
1019194,1010613
1019194,1010937
1019194,1011666
1019194,1011897
1019194,1011937
1019194,1012063
1019194,1012104
1019194,1012449
1019194,1012450
1019194,1012613
1019194,1013619
1019194,1013843
1019194,1013844
1019194,1013922
1019194,1014059
1019194,1014317
1019194,1014679
1019194,1014886
1019194,1015311
1019194,1015799
1019194,1015800
1019194,1016345
1019194,1016404
1019194,1017121
1019194,1017406
1019194,1017894
1019194,1018017
1019194,1018052
1019194,1018221
1019194,1019194
1019195,1012105
1019195,1019195
1019196,1010975
1019196,1019196
1019197,1010983
1019197,1019197
1019198,1008527
1019198,1008528
1019198,1009810
1019198,1010505
1019198,1010860
1019198,1010861
1019198,1011436
1019198,1011682
1019198,1012017
1019198,1012370
1019198,1012538
1019198,1013369
1019198,1013444
1019198,1014144
1019198,1014391
1019198,1014436
1019198,1014460
1019198,1014700
1019198,1015069
1019198,1015267
1019198,1015744
1019198,1016030
1019198,1016061
1019198,1016274
1019198,1017289
1019198,1017963
1019198,1018398
1019198,1018628
1019198,1019131
1019198,1019198
1019199,1010994
1019199,1018136
1019199,1019199
1019200,1011001
1019200,1018144
1019200,1019200
1019201,1011002
1019201,1019201
1019202,1010432
1019202,1010911
1019202,1011705
1019202,1013741
1019202,1018551
1019202,1019122
1019202,1019188
1019202,1019202
1019202,1019519
1019203,1006764
1019203,1017345
1019203,1019203
1019204,1015616
1019204,1017122
1019204,1019204
1019205,1011036
1019205,1015453
1019205,1019205
1019206,1011041
1019206,1011947
1019206,1019206
1019207,1011053
1019207,1019207
1019208,1008600
1019208,1008601
1019208,1008920
1019208,1008921
1019208,1008940
1019208,1009491
1019208,1009854
1019208,1009855
1019208,1010220
1019208,1010221
1019208,1011072
1019208,1011155
1019208,1011156
1019208,1011299
1019208,1011939
1019208,1012050
1019208,1012769
1019208,1013425
1019208,1016005
1019208,1017721
1019208,1018434
1019208,1019208
1019209,1008600
1019209,1008601
1019209,1008920
1019209,1008921
1019209,1008940
1019209,1009491
1019209,1009854
1019209,1009855
1019209,1010220
1019209,1010221
1019209,1011072
1019209,1011155
1019209,1011156
1019209,1011299
1019209,1011939
1019209,1012050
1019209,1012769
1019209,1013425
1019209,1016005
1019209,1017721
1019209,1018434
1019209,1019209
1019210,1011063
1019210,1014722
1019210,1019210
1019211,1008682
1019211,1008683
1019211,1011332
1019211,1011434
1019211,1011435
1019211,1012389
1019211,1012390
1019211,1013371
1019211,1015182
1019211,1015183
1019211,1015464
1019211,1015862
1019211,1016097
1019211,1017040
1019211,1017457
1019211,1017504
1019211,1018752
1019211,1019211
1019211,1019689
1019212,1011076
1019212,1017831
1019212,1019212
1019213,1015456
1019213,1019213
1019214,1015410
1019214,1015456
1019214,1019213
1019214,1019214
1019214,1019652
1019215,1010220
1019215,1010221
1019215,1011072
1019215,1019082
1019215,1019215
1019216,1008600
1019216,1008601
1019216,1010220
1019216,1010221
1019216,1011072
1019216,1011155
1019216,1011299
1019216,1013425
1019216,1016395
1019216,1019082
1019216,1019215
1019216,1019216
1019216,1019370
1019217,1011104
1019217,1019217
1019218,1009550
1019218,1009551
1019218,1011112
1019218,1011973
1019218,1012082
1019218,1013368
1019218,1014124
1019218,1015651
1019218,1019218
1019218,1019547
1019219,1011117
1019219,1019219
1019220,1011141
1019220,1014181
1019220,1019220
1019221,1011153
1019221,1012215
1019221,1019221
1019222,1007729
1019222,1008600
1019222,1008601
1019222,1010220
1019222,1010221
1019222,1011072
1019222,1011155
1019222,1011267
1019222,1011268
1019222,1011299
1019222,1012350
1019222,1012351
1019222,1012490
1019222,1013256
1019222,1013425
1019222,1013523
1019222,1013646
1019222,1014412
1019222,1014552
1019222,1014915
1019222,1014916
1019222,1015056
1019222,1016150
1019222,1016878
1019222,1018402
1019222,1019222
1019223,1007866
1019223,1019223
1019224,1018498
1019224,1019224
1019225,1011950
1019225,1019225
1019226,1011366
1019226,1016704
1019226,1019226
1019227,1019227
1019228,1011216
1019228,1011759
1019228,1013239
1019228,1014783
1019228,1019228
1019228,1019314
1019229,1011220
1019229,1019229
1019230,1011224
1019230,1013932
1019230,1019230
1019231,1011227
1019231,1011938
1019231,1019231
1019232,1011228
1019232,1019232
1019233,1011229
1019233,1019233
1019234,1019234
1019235,1011243
1019235,1017961
1019235,1019235
1019236,1016028
1019236,1019236
1019237,1016028
1019237,1019236
1019237,1019237
1019238,1014886
1019238,1016028
1019238,1019236
1019238,1019238
1019239,1016028
1019239,1016531
1019239,1019236
1019239,1019239
1019240,1011272
1019240,1013412
1019240,1013413
1019240,1013743
1019240,1017910
1019240,1019240
1019241,1011285
1019241,1019241
1019242,1011288
1019242,1014239
1019242,1014533
1019242,1019242
1019243,1011295
1019243,1013240
1019243,1013604
1019243,1014264
1019243,1019243
1019244,1007483
1019244,1019244
1019245,1007483
1019245,1007615
1019245,1012243
1019245,1015491
1019245,1017012
1019245,1018561
1019245,1019244
1019245,1019245
1019245,1019515
1019246,1011348
1019246,1014179
1019246,1019246
1019247,1011351
1019247,1019247
1019248,1011352
1019248,1018351
1019248,1019248
1019249,1011356
1019249,1019249
1019250,1011357
1019250,1014345
1019250,1019250
1019251,1014596
1019251,1017180
1019251,1019251
1019252,1008201
1019252,1008202
1019252,1009065
1019252,1009314
1019252,1009557
1019252,1010354
1019252,1010637
1019252,1010638
1019252,1011044
1019252,1011761
1019252,1013009
1019252,1013764
1019252,1013797
1019252,1014011
1019252,1014534
1019252,1015273
1019252,1016836
1019252,1016934
1019252,1017282
1019252,1017644
1019252,1019252
1019253,1011375
1019253,1019253
1019254,1011393
1019254,1017415
1019254,1019254
1019255,1011404
1019255,1019255
1019256,1011405
1019256,1019256
1019257,1011405
1019257,1015037
1019257,1019257
1019258,1011410
1019258,1013035
1019258,1019258
1019259,1007155
1019259,1011410
1019259,1011929
1019259,1013035
1019259,1019259
1019260,1014373
1019260,1018606
1019260,1019260
1019261,1008265
1019261,1008266
1019261,1008425
1019261,1008426
1019261,1009813
1019261,1011401
1019261,1011402
1019261,1011418
1019261,1011765
1019261,1011766
1019261,1011935
1019261,1012191
1019261,1012462
1019261,1013193
1019261,1013195
1019261,1013196
1019261,1013219
1019261,1013752
1019261,1014275
1019261,1015271
1019261,1015767
1019261,1015768
1019261,1016537
1019261,1016577
1019261,1018475
1019261,1018528
1019261,1018616
1019261,1019261
1019262,1011418
1019262,1011778
1019262,1018616
1019262,1019262
1019263,1019263
1019264,1009441
1019264,1009442
1019264,1012637
1019264,1014526
1019264,1018240
1019264,1019264
1019265,1011432
1019265,1019265
1019266,1011438
1019266,1019266
1019267,1014404
1019267,1018320
1019267,1019267
1019268,1010842
1019268,1010843
1019268,1014404
1019268,1015979
1019268,1018320
1019268,1019267
1019268,1019268
1019269,1011459
1019269,1012736
1019269,1017872
1019269,1019269
1019270,1007877
1019270,1009429
1019270,1009430
1019270,1009715
1019270,1009716
1019270,1012449
1019270,1012450
1019270,1014317
1019270,1014679
1019270,1016404
1019270,1017121
1019270,1017406
1019270,1017894
1019270,1018052
1019270,1018221
1019270,1019270
1019271,1008277
1019271,1008278
1019271,1008299
1019271,1008633
1019271,1008796
1019271,1011482
1019271,1013201
1019271,1014112
1019271,1014420
1019271,1014861
1019271,1015758
1019271,1016596
1019271,1016825
1019271,1017124
1019271,1018445
1019271,1018573
1019271,1018669
1019271,1019271
1019272,1019272
1019273,1015732
1019273,1019273
1019274,1011506
1019274,1012455
1019274,1019274
1019275,1011507
1019275,1016384
1019275,1019275
1019276,1011513
1019276,1015263
1019276,1019276
1019277,1009280
1019277,1009281
1019277,1009988
1019277,1009989
1019277,1010736
1019277,1011521
1019277,1012040
1019277,1016613
1019277,1016614
1019277,1019277
1019277,1019485
1019277,1019579
1019278,1010567
1019278,1010568
1019278,1011523
1019278,1011524
1019278,1011635
1019278,1012152
1019278,1014760
1019278,1016123
1019278,1017264
1019278,1019278
1019278,1019279
1019279,1011523
1019279,1019279
1019280,1011531
1019280,1019280
1019281,1016703
1019281,1017790
1019281,1019281
1019282,1008556
1019282,1016703
1019282,1017790
1019282,1018079
1019282,1018731
1019282,1019281
1019282,1019282
1019283,1008332
1019283,1008333
1019283,1008341
1019283,1008448
1019283,1008486
1019283,1008526
1019283,1009147
1019283,1009319
1019283,1011039
1019283,1011811
1019283,1012011
1019283,1012125
1019283,1012126
1019283,1012146
1019283,1012249
1019283,1012337
1019283,1012573
1019283,1013205
1019283,1013283
1019283,1013819
1019283,1013915
1019283,1014325
1019283,1014497
1019283,1014972
1019283,1015711
1019283,1016306
1019283,1016330
1019283,1016474
1019283,1016785
1019283,1017507
1019283,1017570
1019283,1017585
1019283,1017730
1019283,1017853
1019283,1017984
1019283,1018246
1019283,1018333
1019283,1018593
1019283,1019283
1019284,1011545
1019284,1012693
1019284,1015180
1019284,1019284
1019285,1016205
1019285,1019285
1019286,1011554
1019286,1013252
1019286,1016823
1019286,1019286
1019287,1011586
1019287,1018094
1019287,1019287
1019288,1009916
1019288,1009917
1019288,1010625
1019288,1011745
1019288,1012232
1019288,1013463
1019288,1013930
1019288,1014549
1019288,1019149
1019288,1019288
1019288,1019366
1019289,1009916
1019289,1009917
1019289,1010625
1019289,1011745
1019289,1013930
1019289,1019149
1019289,1019289
1019289,1019450
1019290,1011588
1019290,1014061
1019290,1016502
1019290,1019290
1019291,1011592
1019291,1013407
1019291,1019291
1019292,1011593
1019292,1015371
1019292,1017442
1019292,1019292
1019293,1011605
1019293,1019293
1019294,1011606
1019294,1019294
1019295,1019295
1019296,1011366
1019296,1011367
1019296,1012758
1019296,1014135
1019296,1016704
1019296,1019296
1019297,1016567
1019297,1019297
1019298,1009550
1019298,1009551
1019298,1011112
1019298,1011335
1019298,1011336
1019298,1011631
1019298,1011973
1019298,1012082
1019298,1013190
1019298,1013368
1019298,1013379
1019298,1013641
1019298,1013642
1019298,1014124
1019298,1015035
1019298,1015651
1019298,1015843
1019298,1015848
1019298,1016414
1019298,1017806
1019298,1018913
1019298,1018914
1019298,1019218
1019298,1019298
1019298,1019547
1019299,1011177
1019299,1011178
1019299,1018386
1019299,1019299
1019300,1010569
1019300,1010570
1019300,1011177
1019300,1011178
1019300,1012270
1019300,1013054
1019300,1018386
1019300,1019299
1019300,1019300
1019301,1011648
1019301,1015426
1019301,1019301
1019302,1008149
1019302,1008150
1019302,1008253
1019302,1009197
1019302,1010890
1019302,1011410
1019302,1013028
1019302,1013035
1019302,1013573
1019302,1014986
1019302,1015844
1019302,1017118
1019302,1018330
1019302,1018644
1019302,1018666
1019302,1018853
1019302,1018889
1019302,1019156
1019302,1019157
1019302,1019258
1019302,1019302
1019302,1019371
1019303,1011652
1019303,1012084
1019303,1019303
1019304,1007281
1019304,1017693
1019304,1018213
1019304,1019304
1019305,1011688
1019305,1019305
1019306,1008695
1019306,1008696
1019306,1009964
1019306,1010777
1019306,1011493
1019306,1011711
1019306,1012165
1019306,1012166
1019306,1012232
1019306,1012324
1019306,1012850
1019306,1012851
1019306,1012982
1019306,1014017
1019306,1014549
1019306,1015113
1019306,1015119
1019306,1015120
1019306,1017722
1019306,1017740
1019306,1018563
1019306,1019172
1019306,1019306
1019306,1019442
1019306,1019559
1019307,1008695
1019307,1008696
1019307,1009916
1019307,1009917
1019307,1009964
1019307,1011711
1019307,1012232
1019307,1012324
1019307,1012690
1019307,1012691
1019307,1013463
1019307,1013930
1019307,1014549
1019307,1015113
1019307,1015119
1019307,1015120
1019307,1017722
1019307,1017740
1019307,1018563
1019307,1019307
1019307,1019366
1019308,1008695
1019308,1008696
1019308,1009916
1019308,1009917
1019308,1009964
1019308,1011711
1019308,1012324
1019308,1012690
1019308,1012691
1019308,1013930
1019308,1015113
1019308,1015119
1019308,1015120
1019308,1017722
1019308,1017740
1019308,1018563
1019308,1019308
1019308,1019450
1019309,1011731
1019309,1016433
1019309,1019309
1019310,1011734
1019310,1019310
1019311,1017384
1019311,1019311
1019312,1011751
1019312,1019312
1019313,1011752
1019313,1018569
1019313,1019313
1019314,1011759
1019314,1013239
1019314,1019314
1019315,1016714
1019315,1019315
1019316,1019316
1019317,1019316
1019317,1019317
1019318,1011772
1019318,1012727
1019318,1018185
1019318,1019318
1019319,1012646
1019319,1012835
1019319,1019319
1019320,1010700
1019320,1010701
1019320,1019320
1019321,1011809
1019321,1012615
1019321,1012616
1019321,1014533
1019321,1015867
1019321,1016548
1019321,1018218
1019321,1019321
1019322,1018579
1019322,1019322
1019323,1011829
1019323,1019323
1019324,1008195
1019324,1008196
1019324,1008201
1019324,1008202
1019324,1008270
1019324,1008271
1019324,1008413
1019324,1008574
1019324,1008646
1019324,1008647
1019324,1008805
1019324,1008828
1019324,1008829
1019324,1009024
1019324,1009025
1019324,1009065
1019324,1009152
1019324,1009153
1019324,1009283
1019324,1009314
1019324,1009357
1019324,1009557
1019324,1009757
1019324,1010121
1019324,1010153
1019324,1010181
1019324,1010182
1019324,1010298
1019324,1010354
1019324,1010637
1019324,1010638
1019324,1010871
1019324,1011018
1019324,1011044
1019324,1011284
1019324,1011315
1019324,1011474
1019324,1011761
1019324,1011780
1019324,1012161
1019324,1012279
1019324,1012824
1019324,1012870
1019324,1013007
1019324,1013009
1019324,1013450
1019324,1013677
1019324,1013764
1019324,1013797
1019324,1013962
1019324,1014011
1019324,1014534
1019324,1014638
1019324,1014735
1019324,1014775
1019324,1015273
1019324,1015603
1019324,1015730
1019324,1016008
1019324,1016450
1019324,1016685
1019324,1016687
1019324,1016689
1019324,1016694
1019324,1016729
1019324,1016836
1019324,1016934
1019324,1017134
1019324,1017282
1019324,1017611
1019324,1017632
1019324,1017644
1019324,1017912
1019324,1018041
1019324,1018202
1019324,1018233
1019324,1018264
1019324,1018277
1019324,1018501
1019324,1018546
1019324,1019100
1019324,1019252
1019324,1019324
1019324,1019536
1019324,1019596
1019325,1011834
1019325,1019325
1019326,1012807
1019326,1012808
1019326,1019326
1019327,1011844
1019327,1017830
1019327,1019327
1019328,1009759
1019328,1009760
1019328,1017726
1019328,1019328
1019329,1011849
1019329,1012354
1019329,1019329
1019330,1011852
1019330,1017023
1019330,1017024
1019330,1019330
1019331,1014590
1019331,1019331
1019332,1013643
1019332,1015862
1019332,1016417
1019332,1017457
1019332,1019332
1019332,1019689
1019333,1011872
1019333,1013377
1019333,1017082
1019333,1019333
1019334,1011875
1019334,1016018
1019334,1019334
1019335,1011881
1019335,1019335
1019336,1007013
1019336,1011904
1019336,1019336
1019337,1011939
1019337,1019337
1019338,1011943
1019338,1019338
1019339,1011957
1019339,1016181
1019339,1019339
1019340,1007358
1019340,1019340
1019341,1010304
1019341,1010305
1019341,1011976
1019341,1019341
1019342,1011980
1019342,1019342
1019343,1011984
1019343,1018307
1019343,1019343
1019344,1006501
1019344,1006603
1019344,1006943
1019344,1007079
1019344,1007221
1019344,1007421
1019344,1007517
1019344,1007557
1019344,1007806
1019344,1008143
1019344,1008223
1019344,1008224
1019344,1008237
1019344,1008238
1019344,1008265
1019344,1008266
1019344,1008296
1019344,1008297
1019344,1008425
1019344,1008426
1019344,1008462
1019344,1008463
1019344,1008475
1019344,1008476
1019344,1008510
1019344,1008511
1019344,1008563
1019344,1008585
1019344,1008701
1019344,1008775
1019344,1008789
1019344,1008790
1019344,1008909
1019344,1008910
1019344,1008987
1019344,1009037
1019344,1009244
1019344,1009245
1019344,1009286
1019344,1009287
1019344,1009301
1019344,1009387
1019344,1009391
1019344,1009417
1019344,1009518
1019344,1009519
1019344,1009541
1019344,1009561
1019344,1009562
1019344,1009681
1019344,1009768
1019344,1009813
1019344,1009875
1019344,1009876
1019344,1009911
1019344,1009948
1019344,1009962
1019344,1009999
1019344,1010006
1019344,1010071
1019344,1010080
1019344,1010144
1019344,1010147
1019344,1010208
1019344,1010284
1019344,1010496
1019344,1010594
1019344,1010595
1019344,1010607
1019344,1010608
1019344,1010682
1019344,1010772
1019344,1010780
1019344,1010802
1019344,1010820
1019344,1010908
1019344,1010909
1019344,1010957
1019344,1010996
1019344,1010997
1019344,1011025
1019344,1011121
1019344,1011226
1019344,1011264
1019344,1011265
1019344,1011401
1019344,1011402
1019344,1011418
1019344,1011430
1019344,1011431
1019344,1011624
1019344,1011650
1019344,1011703
1019344,1011765
1019344,1011766
1019344,1011803
1019344,1011804
1019344,1011935
1019344,1011977
1019344,1011987
1019344,1012074
1019344,1012089
1019344,1012143
1019344,1012153
1019344,1012158
1019344,1012171
1019344,1012190
1019344,1012191
1019344,1012248
1019344,1012428
1019344,1012429
1019344,1012462
1019344,1012695
1019344,1012720
1019344,1012735
1019344,1012762
1019344,1012763
1019344,1012800
1019344,1012827
1019344,1012874
1019344,1013020
1019344,1013021
1019344,1013055
1019344,1013057
1019344,1013087
1019344,1013193
1019344,1013195
1019344,1013196
1019344,1013219
1019344,1013238
1019344,1013314
1019344,1013346
1019344,1013617
1019344,1013618
1019344,1013632
1019344,1013659
1019344,1013712
1019344,1013752
1019344,1013766
1019344,1013875
1019344,1013897
1019344,1013918
1019344,1013926
1019344,1013927
1019344,1013963
1019344,1014027
1019344,1014091
1019344,1014262
1019344,1014275
1019344,1014384
1019344,1014458
1019344,1014499
1019344,1014650
1019344,1014690
1019344,1014696
1019344,1014746
1019344,1014752
1019344,1014759
1019344,1014764
1019344,1014765
1019344,1014773
1019344,1014990
1019344,1015253
1019344,1015271
1019344,1015328
1019344,1015353
1019344,1015367
1019344,1015369
1019344,1015434
1019344,1015501
1019344,1015517
1019344,1015592
1019344,1015606
1019344,1015612
1019344,1015626
1019344,1015627
1019344,1015722
1019344,1015723
1019344,1015749
1019344,1015752
1019344,1015767
1019344,1015768
1019344,1015860
1019344,1015872
1019344,1015890
1019344,1016010
1019344,1016135
1019344,1016346
1019344,1016461
1019344,1016500
1019344,1016537
1019344,1016544
1019344,1016577
1019344,1016585
1019344,1016620
1019344,1016657
1019344,1016668
1019344,1016695
1019344,1016696
1019344,1016711
1019344,1016712
1019344,1016721
1019344,1016722
1019344,1016796
1019344,1016812
1019344,1016891
1019344,1017226
1019344,1017245
1019344,1017403
1019344,1017432
1019344,1017468
1019344,1017641
1019344,1017666
1019344,1017703
1019344,1017859
1019344,1017898
1019344,1018198
1019344,1018210
1019344,1018372
1019344,1018376
1019344,1018475
1019344,1018528
1019344,1018534
1019344,1018616
1019344,1019344
1019345,1011267
1019345,1011268
1019345,1013523
1019345,1014552
1019345,1015056
1019345,1016878
1019345,1018402
1019345,1019345
1019346,1011999
1019346,1019346
1019347,1012009
1019347,1013418
1019347,1014668
1019347,1016876
1019347,1017578
1019347,1019347
1019348,1006342
1019348,1006478
1019348,1006683
1019348,1006827
1019348,1007131
1019348,1007135
1019348,1007199
1019348,1007307
1019348,1007677
1019348,1007723
1019348,1007775
1019348,1007995
1019348,1009110
1019348,1009111
1019348,1009643
1019348,1012946
1019348,1016937
1019348,1017747
1019348,1018840
1019348,1018956
1019348,1019348
1019348,1019435
1019348,1019439
1019348,1019741
1019349,1009267
1019349,1009268
1019349,1009385
1019349,1009386
1019349,1012021
1019349,1012766
1019349,1013446
1019349,1015631
1019349,1016775
1019349,1017696
1019349,1018762
1019349,1018763
1019349,1019349
1019350,1012022
1019350,1013700
1019350,1015910
1019350,1019350
1019351,1012023
1019351,1019351
1019352,1012050
1019352,1019352
1019353,1009239
1019353,1009240
1019353,1018325
1019353,1019353
1019354,1009087
1019354,1012070
1019354,1012203
1019354,1015775
1019354,1018188
1019354,1018833
1019354,1019354
1019355,1012080
1019355,1017123
1019355,1019355
1019356,1008569
1019356,1008570
1019356,1010880
1019356,1011857
1019356,1011858
1019356,1012882
1019356,1013907
1019356,1015017
1019356,1016764
1019356,1016774
1019356,1019356
1019357,1012108
1019357,1016116
1019357,1019357
1019358,1007935
1019358,1019358
1019359,1006605
1019359,1007225
1019359,1007830
1019359,1010126
1019359,1011447
1019359,1013006
1019359,1013492
1019359,1013682
1019359,1014314
1019359,1014315
1019359,1014923
1019359,1014924
1019359,1014959
1019359,1015132
1019359,1015486
1019359,1015781
1019359,1016062
1019359,1016716
1019359,1017031
1019359,1017162
1019359,1017313
1019359,1018586
1019359,1019359
1019360,1012133
1019360,1019360
1019361,1011523
1019361,1011524
1019361,1014393
1019361,1019361
1019362,1012162
1019362,1019362
1019363,1012163
1019363,1012485
1019363,1017213
1019363,1019363
1019364,1012219
1019364,1019364
1019365,1012230
1019365,1013616
1019365,1019365
1019366,1009916
1019366,1009917
1019366,1012232
1019366,1013463
1019366,1013930
1019366,1014549
1019366,1019366
1019367,1007546
1019367,1012236
1019367,1019367
1019368,1013466
1019368,1019368
1019369,1008182
1019369,1008183
1019369,1008722
1019369,1008723
1019369,1008727
1019369,1008911
1019369,1008912
1019369,1009603
1019369,1009723
1019369,1010324
1019369,1010406
1019369,1010407
1019369,1010565
1019369,1010952
1019369,1012106
1019369,1012107
1019369,1012294
1019369,1012413
1019369,1012664
1019369,1012682
1019369,1013478
1019369,1013842
1019369,1014892
1019369,1015362
1019369,1015381
1019369,1015477
1019369,1015672
1019369,1015695
1019369,1016107
1019369,1016456
1019369,1016896
1019369,1017287
1019369,1018339
1019369,1018392
1019369,1018543
1019369,1018562
1019369,1019369
1019370,1008600
1019370,1008601
1019370,1013425
1019370,1016395
1019370,1019370
1019371,1011410
1019371,1013035
1019371,1014986
1019371,1019258
1019371,1019371
1019372,1012274
1019372,1019372
1019373,1012326
1019373,1016850
1019373,1018353
1019373,1019373
1019374,1013148
1019374,1013545
1019374,1019374
1019375,1013148
1019375,1013545
1019375,1019374
1019375,1019375
1019375,1019416
1019376,1010983
1019376,1012336
1019376,1013056
1019376,1015511
1019376,1019197
1019376,1019376
1019377,1012344
1019377,1013160
1019377,1019377
1019378,1012349
1019378,1013131
1019378,1019378
1019379,1012354
1019379,1019379
1019380,1016016
1019380,1019380
1019381,1009011
1019381,1009012
1019381,1009536
1019381,1009635
1019381,1009636
1019381,1009743
1019381,1009775
1019381,1009801
1019381,1009929
1019381,1009930
1019381,1010522
1019381,1010676
1019381,1010677
1019381,1010684
1019381,1010869
1019381,1010873
1019381,1011054
1019381,1011138
1019381,1011370
1019381,1011456
1019381,1011486
1019381,1011487
1019381,1011560
1019381,1012655
1019381,1012791
1019381,1012792
1019381,1013667
1019381,1013751
1019381,1013837
1019381,1013849
1019381,1013982
1019381,1014106
1019381,1014123
1019381,1014142
1019381,1014241
1019381,1014429
1019381,1014681
1019381,1014703
1019381,1014720
1019381,1014747
1019381,1014763
1019381,1014767
1019381,1014979
1019381,1014994
1019381,1015040
1019381,1015111
1019381,1015197
1019381,1015361
1019381,1015430
1019381,1015431
1019381,1015575
1019381,1015790
1019381,1016022
1019381,1016103
1019381,1016183
1019381,1016184
1019381,1016302
1019381,1016606
1019381,1016732
1019381,1016829
1019381,1017623
1019381,1017682
1019381,1017819
1019381,1018126
1019381,1018284
1019381,1018427
1019381,1018446
1019381,1019381
1019382,1009437
1019382,1009438
1019382,1019382
1019383,1012393
1019383,1019383
1019384,1012402
1019384,1019384
1019385,1012410
1019385,1019385
1019386,1012415
1019386,1019386
1019387,1008395
1019387,1008396
1019387,1014562
1019387,1019387
1019388,1006756
1019388,1009349
1019388,1011200
1019388,1019388
1019389,1018192
1019389,1019389
1019390,1012454
1019390,1013390
1019390,1016643
1019390,1019390
1019391,1007113
1019391,1017734
1019391,1019391
1019391,1019755
1019392,1006501
1019392,1006603
1019392,1006943
1019392,1007079
1019392,1007221
1019392,1007421
1019392,1007517
1019392,1007557
1019392,1007806
1019392,1008143
1019392,1008223
1019392,1008224
1019392,1008237
1019392,1008238
1019392,1008265
1019392,1008266
1019392,1008296
1019392,1008297
1019392,1008425
1019392,1008426
1019392,1008462
1019392,1008463
1019392,1008475
1019392,1008476
1019392,1008510
1019392,1008511
1019392,1008563
1019392,1008585
1019392,1008701
1019392,1008775
1019392,1008789
1019392,1008790
1019392,1008909
1019392,1008910
1019392,1008987
1019392,1009037
1019392,1009244
1019392,1009245
1019392,1009286
1019392,1009287
1019392,1009301
1019392,1009387
1019392,1009391
1019392,1009417
1019392,1009518
1019392,1009519
1019392,1009541
1019392,1009561
1019392,1009562
1019392,1009681
1019392,1009768
1019392,1009813
1019392,1009875
1019392,1009876
1019392,1009911
1019392,1009948
1019392,1009962
1019392,1009999
1019392,1010006
1019392,1010071
1019392,1010080
1019392,1010144
1019392,1010147
1019392,1010208
1019392,1010284
1019392,1010496
1019392,1010594
1019392,1010595
1019392,1010607
1019392,1010608
1019392,1010682
1019392,1010772
1019392,1010780
1019392,1010802
1019392,1010820
1019392,1010908
1019392,1010909
1019392,1010957
1019392,1010996
1019392,1010997
1019392,1011025
1019392,1011121
1019392,1011226
1019392,1011264
1019392,1011265
1019392,1011401
1019392,1011402
1019392,1011418
1019392,1011430
1019392,1011431
1019392,1011624
1019392,1011650
1019392,1011703
1019392,1011765
1019392,1011766
1019392,1011803
1019392,1011804
1019392,1011935
1019392,1011977
1019392,1012074
1019392,1012143
1019392,1012153
1019392,1012158
1019392,1012171
1019392,1012190
1019392,1012191
1019392,1012428
1019392,1012429
1019392,1012462
1019392,1012695
1019392,1012720
1019392,1012735
1019392,1012762
1019392,1012763
1019392,1012800
1019392,1012809
1019392,1012874
1019392,1013020
1019392,1013021
1019392,1013055
1019392,1013057
1019392,1013087
1019392,1013193
1019392,1013195
1019392,1013196
1019392,1013219
1019392,1013238
1019392,1013314
1019392,1013346
1019392,1013617
1019392,1013618
1019392,1013632
1019392,1013712
1019392,1013752
1019392,1013766
1019392,1013875
1019392,1013897
1019392,1013918
1019392,1013926
1019392,1013927
1019392,1013948
1019392,1013963
1019392,1014027
1019392,1014091
1019392,1014275
1019392,1014384
1019392,1014458
1019392,1014499
1019392,1014650
1019392,1014690
1019392,1014696
1019392,1014746
1019392,1014752
1019392,1014759
1019392,1014764
1019392,1014765
1019392,1014773
1019392,1014990
1019392,1015253
1019392,1015271
1019392,1015328
1019392,1015353
1019392,1015367
1019392,1015369
1019392,1015434
1019392,1015501
1019392,1015517
1019392,1015592
1019392,1015606
1019392,1015626
1019392,1015627
1019392,1015704
1019392,1015722
1019392,1015723
1019392,1015749
1019392,1015752
1019392,1015767
1019392,1015768
1019392,1015860
1019392,1015872
1019392,1015890
1019392,1016010
1019392,1016135
1019392,1016346
1019392,1016500
1019392,1016537
1019392,1016544
1019392,1016577
1019392,1016585
1019392,1016620
1019392,1016657
1019392,1016668
1019392,1016695
1019392,1016696
1019392,1016711
1019392,1016712
1019392,1016721
1019392,1016722
1019392,1016796
1019392,1016812
1019392,1016891
1019392,1017226
1019392,1017245
1019392,1017403
1019392,1017432
1019392,1017468
1019392,1017641
1019392,1017666
1019392,1017703
1019392,1017859
1019392,1017898
1019392,1018198
1019392,1018210
1019392,1018372
1019392,1018376
1019392,1018475
1019392,1018528
1019392,1018534
1019392,1018616
1019392,1019392
1019393,1012821
1019393,1012822
1019393,1015187
1019393,1019393
1019394,1016554
1019394,1019394
1019395,1012520
1019395,1019395
1019396,1012545
1019396,1019396
1019397,1008635
1019397,1008636
1019397,1009424
1019397,1009425
1019397,1015231
1019397,1019397
1019398,1012557
1019398,1019398
1019399,1012563
1019399,1016994
1019399,1017533
1019399,1019399
1019400,1007798
1019400,1007945
1019400,1012566
1019400,1014468
1019400,1015581
1019400,1016838
1019400,1019400
1019401,1012579
1019401,1017607
1019401,1019401
1019402,1008131
1019402,1008132
1019402,1008375
1019402,1008376
1019402,1008667
1019402,1009457
1019402,1009458
1019402,1009629
1019402,1009807
1019402,1010140
1019402,1010277
1019402,1010618
1019402,1011139
1019402,1011140
1019402,1011259
1019402,1011291
1019402,1011292
1019402,1011497
1019402,1011622
1019402,1011623
1019402,1011637
1019402,1011815
1019402,1011816
1019402,1011825
1019402,1011933
1019402,1012589
1019402,1012645
1019402,1013067
1019402,1013068
1019402,1013186
1019402,1013187
1019402,1013384
1019402,1013710
1019402,1013908
1019402,1014173
1019402,1014455
1019402,1014456
1019402,1014822
1019402,1015170
1019402,1015298
1019402,1015533
1019402,1015720
1019402,1015728
1019402,1015739
1019402,1015832
1019402,1015897
1019402,1016038
1019402,1016064
1019402,1016187
1019402,1016319
1019402,1016506
1019402,1016617
1019402,1017050
1019402,1017051
1019402,1017185
1019402,1017209
1019402,1017233
1019402,1017263
1019402,1017268
1019402,1017386
1019402,1017581
1019402,1017965
1019402,1018118
1019402,1018170
1019402,1018217
1019402,1018605
1019402,1019402
1019403,1019403
1019404,1012601
1019404,1017659
1019404,1019404
1019405,1012606
1019405,1019405
1019406,1013856
1019406,1019406
1019407,1008400
1019407,1008401
1019407,1017284
1019407,1019407
1019408,1012642
1019408,1019408
1019409,1011002
1019409,1019201
1019409,1019409
1019410,1012656
1019410,1013343
1019410,1019410
1019411,1012915
1019411,1018336
1019411,1019411
1019412,1015645
1019412,1017078
1019412,1019412
1019413,1012697
1019413,1016875
1019413,1016940
1019413,1018408
1019413,1019413
1019414,1012769
1019414,1019414
1019415,1012722
1019415,1019415
1019416,1013545
1019416,1019416
1019417,1012744
1019417,1019417
1019418,1009385
1019418,1009386
1019418,1012766
1019418,1013446
1019418,1016775
1019418,1019418
1019419,1009251
1019419,1009252
1019419,1009606
1019419,1009817
1019419,1009845
1019419,1015557
1019419,1015558
1019419,1016686
1019419,1017152
1019419,1017743
1019419,1018318
1019419,1018783
1019419,1018784
1019419,1018862
1019419,1018926
1019419,1018927
1019419,1019419
1019419,1019770
1019420,1009251
1019420,1009252
1019420,1009606
1019420,1009817
1019420,1009845
1019420,1015557
1019420,1015558
1019420,1016686
1019420,1017152
1019420,1017743
1019420,1018318
1019420,1018783
1019420,1018784
1019420,1018862
1019420,1018926
1019420,1018927
1019420,1019419
1019420,1019420
1019420,1019591
1019420,1019770
1019421,1012768
1019421,1019421
1019422,1012917
1019422,1017631
1019422,1019422
1019423,1012772
1019423,1015769
1019423,1015886
1019423,1017524
1019423,1019423
1019424,1012957
1019424,1012958
1019424,1019424
1019425,1008635
1019425,1008636
1019425,1009424
1019425,1009425
1019425,1011002
1019425,1015231
1019425,1019201
1019425,1019397
1019425,1019409
1019425,1019425
1019426,1008635
1019426,1008636
1019426,1009424
1019426,1009425
1019426,1009832
1019426,1009833
1019426,1011286
1019426,1012061
1019426,1012062
1019426,1012192
1019426,1013227
1019426,1014541
1019426,1014794
1019426,1015231
1019426,1016510
1019426,1017139
1019426,1018335
1019426,1019397
1019426,1019426
1019427,1019427
1019428,1012838
1019428,1014644
1019428,1019428
1019429,1012867
1019429,1017860
1019429,1019429
1019430,1006762
1019430,1012872
1019430,1013111
1019430,1013112
1019430,1013613
1019430,1014258
1019430,1016019
1019430,1019430
1019431,1012908
1019431,1013140
1019431,1013141
1019431,1017098
1019431,1019431
1019432,1009849
1019432,1009850
1019432,1018996
1019432,1019432
1019433,1012930
1019433,1019433
1019434,1010124
1019434,1010125
1019434,1011208
1019434,1012940
1019434,1016377
1019434,1016470
1019434,1017351
1019434,1019434
1019435,1012946
1019435,1019435
1019436,1012950
1019436,1013899
1019436,1019436
1019437,1012969
1019437,1019437
1019438,1012458
1019438,1012976
1019438,1018533
1019438,1019041
1019438,1019042
1019438,1019438
1019439,1006342
1019439,1006478
1019439,1007131
1019439,1007995
1019439,1019439
1019440,1011689
1019440,1011690
1019440,1016246
1019440,1019440
1019441,1012982
1019441,1019441
1019442,1012165
1019442,1012166
1019442,1012850
1019442,1012851
1019442,1012982
1019442,1019442
1019443,1012982
1019443,1015199
1019443,1019443
1019444,1012985
1019444,1017874
1019444,1019444
1019445,1012991
1019445,1019445
1019446,1008682
1019446,1008683
1019446,1011332
1019446,1011434
1019446,1011435
1019446,1012389
1019446,1012390
1019446,1012998
1019446,1012999
1019446,1013008
1019446,1013078
1019446,1013371
1019446,1015114
1019446,1015182
1019446,1015183
1019446,1015464
1019446,1015862
1019446,1016097
1019446,1017040
1019446,1017457
1019446,1017504
1019446,1018752
1019446,1019211
1019446,1019446
1019446,1019689
1019447,1010004
1019447,1010005
1019447,1010194
1019447,1012807
1019447,1012808
1019447,1013025
1019447,1015852
1019447,1015853
1019447,1016003
1019447,1016516
1019447,1019447
1019448,1013027
1019448,1017013
1019448,1019448
1019449,1006953
1019449,1007392
1019449,1008552
1019449,1008553
1019449,1008587
1019449,1008642
1019449,1010450
1019449,1013074
1019449,1013125
1019449,1013815
1019449,1013964
1019449,1014191
1019449,1015602
1019449,1016651
1019449,1016681
1019449,1016852
1019449,1017157
1019449,1017291
1019449,1018042
1019449,1018146
1019449,1018232
1019449,1018608
1019449,1019449
1019450,1009916
1019450,1009917
1019450,1013930
1019450,1019450
1019451,1009627
1019451,1009628
1019451,1010165
1019451,1013031
1019451,1019451
1019452,1013034
1019452,1019452
1019453,1009428
1019453,1010584
1019453,1010585
1019453,1013338
1019453,1013339
1019453,1013392
1019453,1013465
1019453,1016644
1019453,1017498
1019453,1018904
1019453,1019453
1019454,1019454
1019455,1019454
1019455,1019455
1019456,1006493
1019456,1007077
1019456,1007459
1019456,1008048
1019456,1008635
1019456,1008636
1019456,1009424
1019456,1009425
1019456,1009832
1019456,1009833
1019456,1010338
1019456,1011286
1019456,1011853
1019456,1012061
1019456,1012062
1019456,1012149
1019456,1012192
1019456,1012586
1019456,1012587
1019456,1013227
1019456,1013520
1019456,1013523
1019456,1014541
1019456,1014552
1019456,1014794
1019456,1015056
1019456,1015110
1019456,1015231
1019456,1015520
1019456,1015745
1019456,1016100
1019456,1016510
1019456,1016798
1019456,1016799
1019456,1016878
1019456,1017139
1019456,1017477
1019456,1018053
1019456,1018335
1019456,1018503
1019456,1019105
1019456,1019456
1019457,1008635
1019457,1008636
1019457,1009424
1019457,1009425
1019457,1009832
1019457,1009833
1019457,1011286
1019457,1012061
1019457,1012062
1019457,1012192
1019457,1013227
1019457,1014541
1019457,1014794
1019457,1015231
1019457,1016510
1019457,1017139
1019457,1018335
1019457,1019457
1019458,1008635
1019458,1008636
1019458,1009424
1019458,1009425
1019458,1009832
1019458,1009833
1019458,1011286
1019458,1012061
1019458,1012062
1019458,1012192
1019458,1013227
1019458,1014541
1019458,1014794
1019458,1015231
1019458,1016510
1019458,1017139
1019458,1017547
1019458,1018335
1019458,1019458
1019459,1015594
1019459,1019459
1019460,1009061
1019460,1009062
1019460,1010984
1019460,1010985
1019460,1015942
1019460,1019460
1019461,1009061
1019461,1009062
1019461,1010777
1019461,1010984
1019461,1010985
1019461,1011493
1019461,1012165
1019461,1012166
1019461,1012232
1019461,1012850
1019461,1012851
1019461,1012982
1019461,1014549
1019461,1015942
1019461,1019172
1019461,1019442
1019461,1019460
1019461,1019461
1019461,1019559
1019462,1013064
1019462,1019462
1019463,1013091
1019463,1017486
1019463,1019463
1019464,1013139
1019464,1019464
1019465,1014678
1019465,1019465
1019466,1014999
1019466,1015043
1019466,1019466
1019467,1009084
1019467,1009085
1019467,1013180
1019467,1014956
1019467,1017178
1019467,1019467
1019468,1013181
1019468,1015358
1019468,1019468
1019469,1008600
1019469,1008601
1019469,1010220
1019469,1010221
1019469,1011072
1019469,1011155
1019469,1011156
1019469,1011299
1019469,1012050
1019469,1013425
1019469,1016395
1019469,1016396
1019469,1019082
1019469,1019215
1019469,1019216
1019469,1019352
1019469,1019370
1019469,1019469
1019469,1019517
1019470,1013204
1019470,1018104
1019470,1019470
1019471,1013247
1019471,1014513
1019471,1018526
1019471,1019471
1019472,1015383
1019472,1019472
1019473,1016524
1019473,1019473
1019474,1018018
1019474,1019474
1019475,1013278
1019475,1019475
1019476,1013281
1019476,1016879
1019476,1019476
1019477,1013284
1019477,1019477
1019478,1013298
1019478,1016565
1019478,1019478
1019479,1013302
1019479,1019479
1019480,1013281
1019480,1015333
1019480,1016879
1019480,1019476
1019480,1019480
1019481,1013323
1019481,1017463
1019481,1019481
1019482,1009520
1019482,1009521
1019482,1014920
1019482,1015743
1019482,1016318
1019482,1019482
1019483,1019483
1019484,1013361
1019484,1019484
1019485,1009280
1019485,1009281
1019485,1010736
1019485,1012040
1019485,1016613
1019485,1016614
1019485,1019485
1019486,1013397
1019486,1019486
1019487,1013397
1019487,1019487
1019488,1013399
1019488,1019488
1019489,1013400
1019489,1018281
1019489,1019489
1019490,1013408
1019490,1019490
1019491,1009061
1019491,1009062
1019491,1010304
1019491,1010305
1019491,1010984
1019491,1010985
1019491,1015942
1019491,1019491
1019492,1013425
1019492,1019492
1019493,1007828
1019493,1018344
1019493,1019493
1019494,1012690
1019494,1012691
1019494,1013463
1019494,1019494
1019495,1013484
1019495,1019495
1019496,1013489
1019496,1019496
1019497,1013761
1019497,1017515
1019497,1017674
1019497,1019497
1019498,1015586
1019498,1015587
1019498,1019498
1019499,1009942
1019499,1009943
1019499,1014584
1019499,1015586
1019499,1015587
1019499,1016517
1019499,1019498
1019499,1019499
1019500,1012458
1019500,1015516
1019500,1018533
1019500,1019041
1019500,1019042
1019500,1019500
1019501,1012458
1019501,1013664
1019501,1018533
1019501,1019041
1019501,1019042
1019501,1019501
1019502,1014004
1019502,1014125
1019502,1014533
1019502,1019502
1019503,1013511
1019503,1019503
1019504,1013520
1019504,1015745
1019504,1019504
1019505,1013064
1019505,1014236
1019505,1019462
1019505,1019505
1019505,1019554
1019506,1013534
1019506,1019506
1019507,1013545
1019507,1019507
1019508,1013546
1019508,1014940
1019508,1019508
1019509,1013555
1019509,1016581
1019509,1016664
1019509,1017706
1019509,1019509
1019510,1013558
1019510,1019510
1019511,1019511
1019512,1013587
1019512,1017648
1019512,1019512
1019513,1006552
1019513,1006605
1019513,1007225
1019513,1007830
1019513,1008123
1019513,1008914
1019513,1009014
1019513,1009015
1019513,1009340
1019513,1009364
1019513,1009365
1019513,1009569
1019513,1009867
1019513,1010126
1019513,1010183
1019513,1010184
1019513,1010234
1019513,1010306
1019513,1010906
1019513,1011313
1019513,1011447
1019513,1011495
1019513,1011911
1019513,1011923
1019513,1012123
1019513,1012267
1019513,1012269
1019513,1012560
1019513,1012561
1019513,1013006
1019513,1013382
1019513,1013416
1019513,1013433
1019513,1013492
1019513,1013682
1019513,1013940
1019513,1014115
1019513,1014314
1019513,1014315
1019513,1014751
1019513,1014923
1019513,1014924
1019513,1014959
1019513,1015132
1019513,1015136
1019513,1015251
1019513,1015449
1019513,1015478
1019513,1015486
1019513,1015563
1019513,1015781
1019513,1015941
1019513,1016062
1019513,1016268
1019513,1016716
1019513,1016718
1019513,1017031
1019513,1017162
1019513,1017313
1019513,1017455
1019513,1018319
1019513,1018548
1019513,1018586
1019513,1019513
1019514,1006552
1019514,1006605
1019514,1007225
1019514,1007830
1019514,1008123
1019514,1008914
1019514,1009014
1019514,1009015
1019514,1009340
1019514,1009364
1019514,1009365
1019514,1009569
1019514,1009867
1019514,1010126
1019514,1010183
1019514,1010184
1019514,1010234
1019514,1010306
1019514,1010906
1019514,1011313
1019514,1011447
1019514,1011495
1019514,1011911
1019514,1011923
1019514,1012123
1019514,1012267
1019514,1012269
1019514,1012560
1019514,1012561
1019514,1013006
1019514,1013382
1019514,1013416
1019514,1013433
1019514,1013492
1019514,1013682
1019514,1013940
1019514,1014115
1019514,1014314
1019514,1014315
1019514,1014751
1019514,1014923
1019514,1014924
1019514,1014959
1019514,1015132
1019514,1015136
1019514,1015251
1019514,1015449
1019514,1015478
1019514,1015486
1019514,1015563
1019514,1015781
1019514,1015941
1019514,1016062
1019514,1016219
1019514,1016268
1019514,1016716
1019514,1016718
1019514,1017031
1019514,1017162
1019514,1017313
1019514,1017455
1019514,1017460
1019514,1018319
1019514,1018548
1019514,1018586
1019514,1019513
1019514,1019514
1019515,1007615
1019515,1015491
1019515,1019515
1019516,1013645
1019516,1019516
1019517,1008600
1019517,1008601
1019517,1010220
1019517,1010221
1019517,1011072
1019517,1011155
1019517,1011156
1019517,1011299
1019517,1013425
1019517,1016395
1019517,1016396
1019517,1019517
1019518,1010256
1019518,1010257
1019518,1015884
1019518,1019518
1019519,1013741
1019519,1019519
1019520,1013747
1019520,1019520
1019521,1019521
1019522,1013758
1019522,1015791
1019522,1019522
1019523,1013779
1019523,1019523
1019524,1013792
1019524,1014801
1019524,1016629
1019524,1017101
1019524,1019524
1019525,1016234
1019525,1019525
1019526,1013822
1019526,1018014
1019526,1019526
1019527,1017571
1019527,1019527
1019528,1013840
1019528,1017379
1019528,1019528
1019529,1013840
1019529,1017379
1019529,1019529
1019530,1010004
1019530,1010005
1019530,1010194
1019530,1019530
1019531,1017232
1019531,1019531
1019532,1013911
1019532,1019532
1019533,1009429
1019533,1009430
1019533,1009715
1019533,1009716
1019533,1014317
1019533,1016404
1019533,1017406
1019533,1017894
1019533,1018052
1019533,1018221
1019533,1019533
1019534,1013952
1019534,1019534
1019535,1013987
1019535,1019535
1019536,1008195
1019536,1008196
1019536,1008413
1019536,1008805
1019536,1009152
1019536,1009153
1019536,1009357
1019536,1009757
1019536,1010153
1019536,1011315
1019536,1011780
1019536,1012824
1019536,1013677
1019536,1014775
1019536,1016687
1019536,1016689
1019536,1017611
1019536,1018041
1019536,1018233
1019536,1018264
1019536,1018277
1019536,1019536
1019537,1019537
1019538,1019538
1019539,1014021
1019539,1019539
1019540,1014023
1019540,1014253
1019540,1014887
1019540,1014957
1019540,1015543
1019540,1017735
1019540,1019540
1019541,1009345
1019541,1009346
1019541,1009967
1019541,1010106
1019541,1010341
1019541,1012065
1019541,1013299
1019541,1014251
1019541,1014524
1019541,1016867
1019541,1017791
1019541,1019541
1019542,1010641
1019542,1010642
1019542,1014033
1019542,1016128
1019542,1017130
1019542,1019542
1019543,1014059
1019543,1015614
1019543,1019543
1019544,1014075
1019544,1016945
1019544,1019544
1019545,1009504
1019545,1009505
1019545,1010031
1019545,1010032
1019545,1010129
1019545,1010854
1019545,1011864
1019545,1012387
1019545,1012491
1019545,1012805
1019545,1013129
1019545,1013130
1019545,1014098
1019545,1015160
1019545,1015276
1019545,1015401
1019545,1015646
1019545,1016152
1019545,1016344
1019545,1017485
1019545,1017879
1019545,1017936
1019545,1018385
1019545,1018389
1019545,1019545
1019546,1007328
1019546,1007617
1019546,1019546
1019547,1014124
1019547,1019547
1019548,1014153
1019548,1019548
1019549,1014161
1019549,1019549
1019550,1014171
1019550,1016555
1019550,1016922
1019550,1019550
1019551,1014201
1019551,1019551
1019552,1014394
1019552,1019552
1019553,1014229
1019553,1019553
1019554,1014236
1019554,1019554
1019555,1008624
1019555,1008625
1019555,1009506
1019555,1011342
1019555,1011343
1019555,1014244
1019555,1017915
1019555,1018083
1019555,1019555
1019556,1007637
1019556,1019556
1019557,1014261
1019557,1019557
1019558,1014103
1019558,1014104
1019558,1014262
1019558,1014406
1019558,1019558
1019559,1012165
1019559,1012166
1019559,1012850
1019559,1012851
1019559,1019559
1019560,1011943
1019560,1019338
1019560,1019560
1019561,1014295
1019561,1017267
1019561,1019561
1019562,1019562
1019563,1013787
1019563,1013788
1019563,1014184
1019563,1019563
1019564,1013787
1019564,1013788
1019564,1014184
1019564,1014416
1019564,1014417
1019564,1019564
1019565,1018234
1019565,1019565
1019566,1014334
1019566,1019566
1019567,1014343
1019567,1017219
1019567,1019567
1019568,1014365
1019568,1015106
1019568,1019568
1019569,1014404
1019569,1018320
1019569,1019569
1019570,1014411
1019570,1019570
1019571,1008319
1019571,1008320
1019571,1008752
1019571,1008753
1019571,1016703
1019571,1019571
1019572,1008277
1019572,1008278
1019572,1013201
1019572,1014112
1019572,1014420
1019572,1014861
1019572,1016596
1019572,1016825
1019572,1017124
1019572,1018445
1019572,1018573
1019572,1019572
1019573,1014427
1019573,1019573
1019574,1010971
1019574,1010972
1019574,1013652
1019574,1014162
1019574,1014163
1019574,1015510
1019574,1017600
1019574,1019574
1019575,1014446
1019575,1019575
1019576,1019576
1019577,1019576
1019577,1019577
1019578,1014465
1019578,1014580
1019578,1014581
1019578,1018607
1019578,1019578
1019579,1009280
1019579,1009281
1019579,1009988
1019579,1009989
1019579,1010736
1019579,1012040
1019579,1016613
1019579,1016614
1019579,1019579
1019580,1014473
1019580,1019580
1019581,1012842
1019581,1012843
1019581,1014475
1019581,1015439
1019581,1015483
1019581,1016284
1019581,1019581
1019582,1014510
1019582,1018223
1019582,1019582
1019583,1008493
1019583,1008494
1019583,1014533
1019583,1014704
1019583,1017461
1019583,1019583
1019583,1019820
1019584,1014549
1019584,1019584
1019585,1016390
1019585,1019585
1019586,1016223
1019586,1016390
1019586,1019585
1019586,1019586
1019586,1019711
1019587,1014598
1019587,1019587
1019588,1016075
1019588,1019588
1019589,1014616
1019589,1019589
1019590,1014625
1019590,1019590
1019591,1019591
1019592,1014687
1019592,1019592
1019593,1014714
1019593,1019593
1019594,1014737
1019594,1017022
1019594,1019594
1019595,1014748
1019595,1019595
1019596,1008646
1019596,1008647
1019596,1008828
1019596,1008829
1019596,1009283
1019596,1010871
1019596,1011018
1019596,1011284
1019596,1011474
1019596,1012279
1019596,1012870
1019596,1013007
1019596,1013450
1019596,1013962
1019596,1014638
1019596,1014735
1019596,1016685
1019596,1017134
1019596,1017912
1019596,1019596
1019597,1014782
1019597,1019597
1019598,1013034
1019598,1016273
1019598,1017072
1019598,1019452
1019598,1019598
1019598,1019715
1019599,1014804
1019599,1019599
1019600,1014805
1019600,1019600
1019601,1019601
1019602,1014826
1019602,1019602
1019603,1014830
1019603,1019603
1019604,1017535
1019604,1019604
1019605,1014837
1019605,1019605
1019606,1019606
1019607,1014848
1019607,1019607
1019608,1010798
1019608,1010799
1019608,1012375
1019608,1015598
1019608,1017240
1019608,1019608
1019609,1008187
1019609,1008188
1019609,1011653
1019609,1019609
1019610,1008187
1019610,1008188
1019610,1011653
1019610,1019610
1019611,1014871
1019611,1019611
1019612,1016630
1019612,1019612
1019613,1014911
1019613,1016334
1019613,1019613
1019614,1016395
1019614,1016396
1019614,1019614
1019615,1014945
1019615,1019615
1019616,1014953
1019616,1015317
1019616,1015997
1019616,1019616
1019617,1014955
1019617,1019617
1019618,1014964
1019618,1016576
1019618,1017030
1019618,1017286
1019618,1017707
1019618,1019618
1019619,1008652
1019619,1008653
1019619,1019619
1019620,1014973
1019620,1019620
1019621,1014974
1019621,1019621
1019622,1008946
1019622,1008947
1019622,1010792
1019622,1019622
1019623,1015019
1019623,1019623
1019624,1015028
1019624,1019624
1019625,1015033
1019625,1019625
1019626,1015051
1019626,1015137
1019626,1019626
1019627,1011752
1019627,1018569
1019627,1019313
1019627,1019627
1019628,1018108
1019628,1019628
1019629,1015100
1019629,1016839
1019629,1019629
1019630,1017586
1019630,1019630
1019631,1008811
1019631,1008812
1019631,1009405
1019631,1011224
1019631,1011225
1019631,1011778
1019631,1011805
1019631,1012917
1019631,1014166
1019631,1014695
1019631,1015372
1019631,1015451
1019631,1017181
1019631,1017631
1019631,1018127
1019631,1018776
1019631,1019422
1019631,1019631
1019632,1015192
1019632,1019632
1019633,1015194
1019633,1019633
1019634,1015199
1019634,1019634
1019635,1014948
1019635,1014949
1019635,1019635
1019636,1019636
1019637,1017411
1019637,1019637
1019638,1015240
1019638,1019638
1019639,1006758
1019639,1019639
1019640,1018168
1019640,1019640
1019641,1019641
1019642,1015294
1019642,1019642
1019643,1016343
1019643,1019643
1019644,1015302
1019644,1019644
1019645,1015304
1019645,1019645
1019646,1015323
1019646,1019646
1019647,1015326
1019647,1019647
1019648,1016042
1019648,1019648
1019649,1015371
1019649,1019649
1019650,1011570
1019650,1011571
1019650,1012739
1019650,1019650
1019651,1015404
1019651,1016090
1019651,1019651
1019652,1015410
1019652,1019652
1019653,1008600
1019653,1008601
1019653,1008782
1019653,1008783
1019653,1008920
1019653,1008921
1019653,1008940
1019653,1009491
1019653,1009538
1019653,1009854
1019653,1009855
1019653,1010220
1019653,1010221
1019653,1011072
1019653,1011155
1019653,1011156
1019653,1011299
1019653,1011939
1019653,1012050
1019653,1012769
1019653,1013381
1019653,1013422
1019653,1013425
1019653,1014321
1019653,1014324
1019653,1016005
1019653,1017586
1019653,1017721
1019653,1017727
1019653,1018434
1019653,1019653
1019654,1019654
1019655,1015473
1019655,1019655
1019656,1015476
1019656,1019656
1019657,1015493
1019657,1017480
1019657,1019657
1019658,1015496
1019658,1019658
1019659,1013688
1019659,1013689
1019659,1019659
1019660,1013688
1019660,1013689
1019660,1019660
1019661,1015509
1019661,1019661
1019662,1015512
1019662,1019662
1019663,1015519
1019663,1019663
1019664,1015530
1019664,1019664
1019665,1016199
1019665,1019665
1019666,1015534
1019666,1016635
1019666,1019666
1019667,1019667
1019668,1016204
1019668,1019668
1019669,1016186
1019669,1016204
1019669,1019668
1019669,1019669
1019670,1015553
1019670,1019670
1019671,1015572
1019671,1019671
1019672,1015592
1019672,1019672
1019673,1017279
1019673,1019673
1019674,1017508
1019674,1019674
1019675,1015632
1019675,1015873
1019675,1019675
1019676,1015641
1019676,1019676
1019677,1010594
1019677,1010595
1019677,1014752
1019677,1019677
1019678,1015751
1019678,1016111
1019678,1019678
1019679,1015752
1019679,1019679
1019680,1015753
1019680,1016375
1019680,1019680
1019681,1017531
1019681,1019681
1019682,1015774
1019682,1019682
1019683,1007671
1019683,1019683
1019684,1015780
1019684,1015967
1019684,1019684
1019685,1019685
1019686,1008608
1019686,1008609
1019686,1011189
1019686,1011834
1019686,1012105
1019686,1012133
1019686,1012642
1019686,1013511
1019686,1015300
1019686,1016630
1019686,1017279
1019686,1017571
1019686,1018633
1019686,1018634
1019686,1018741
1019686,1018757
1019686,1019195
1019686,1019325
1019686,1019360
1019686,1019408
1019686,1019503
1019686,1019527
1019686,1019612
1019686,1019673
1019686,1019685
1019686,1019686
1019686,1019760
1019687,1018609
1019687,1019687
1019688,1015830
1019688,1019688
1019689,1015862
1019689,1017457
1019689,1019689
1019690,1012615
1019690,1012616
1019690,1016548
1019690,1019690
1019691,1012615
1019691,1012616
1019691,1016548
1019691,1019691
1019692,1012615
1019692,1012616
1019692,1016548
1019692,1019692
1019693,1015885
1019693,1019693
1019694,1015888
1019694,1019694
1019695,1010775
1019695,1010776
1019695,1014504
1019695,1015907
1019695,1016337
1019695,1017275
1019695,1017873
1019695,1019695
1019696,1017556
1019696,1019696
1019697,1015938
1019697,1019697
1019698,1015969
1019698,1017377
1019698,1019698
1019699,1015626
1019699,1015627
1019699,1019699
1019700,1012621
1019700,1012622
1019700,1017683
1019700,1019700
1019701,1016067
1019701,1017373
1019701,1019701
1019702,1016078
1019702,1019702
1019703,1016082
1019703,1019703
1019704,1006552
1019704,1006605
1019704,1007225
1019704,1007830
1019704,1008123
1019704,1008914
1019704,1009014
1019704,1009015
1019704,1009340
1019704,1009364
1019704,1009365
1019704,1009569
1019704,1009867
1019704,1010126
1019704,1010183
1019704,1010184
1019704,1010234
1019704,1010306
1019704,1010906
1019704,1011313
1019704,1011447
1019704,1011495
1019704,1011911
1019704,1011923
1019704,1012123
1019704,1012267
1019704,1012269
1019704,1012560
1019704,1012561
1019704,1013006
1019704,1013382
1019704,1013416
1019704,1013433
1019704,1013492
1019704,1013682
1019704,1013940
1019704,1014115
1019704,1014314
1019704,1014315
1019704,1014751
1019704,1014923
1019704,1014924
1019704,1014959
1019704,1015132
1019704,1015136
1019704,1015251
1019704,1015449
1019704,1015478
1019704,1015486
1019704,1015563
1019704,1015781
1019704,1015941
1019704,1016062
1019704,1016268
1019704,1016716
1019704,1016718
1019704,1017031
1019704,1017162
1019704,1017313
1019704,1017455
1019704,1018319
1019704,1018548
1019704,1018586
1019704,1019704
1019705,1019705
1019706,1019706
1019707,1016118
1019707,1019707
1019708,1016123
1019708,1019708
1019709,1016185
1019709,1019709
1019710,1007231
1019710,1014599
1019710,1019710
1019711,1016223
1019711,1019711
1019712,1019712
1019713,1009969
1019713,1009970
1019713,1010739
1019713,1011188
1019713,1015882
1019713,1016805
1019713,1019713
1019714,1016259
1019714,1016378
1019714,1019714
1019715,1016273
1019715,1019715
1019716,1016287
1019716,1016328
1019716,1019716
1019717,1016290
1019717,1019717
1019718,1016366
1019718,1019718
1019719,1019719
1019720,1016393
1019720,1019720
1019721,1007869
1019721,1013746
1019721,1019721
1019722,1011346
1019722,1011347
1019722,1014047
1019722,1014048
1019722,1014107
1019722,1016738
1019722,1017598
1019722,1018025
1019722,1018444
1019722,1019722
1019723,1011346
1019723,1011347
1019723,1014047
1019723,1014048
1019723,1014107
1019723,1016738
1019723,1017598
1019723,1018444
1019723,1019723
1019724,1011346
1019724,1011347
1019724,1014047
1019724,1014048
1019724,1014107
1019724,1016738
1019724,1017598
1019724,1018444
1019724,1019724
1019725,1019725
1019726,1016426
1019726,1019726
1019727,1017193
1019727,1019727
1019728,1019728
1019729,1013772
1019729,1013773
1019729,1015055
1019729,1016457
1019729,1019729
1019730,1013312
1019730,1013313
1019730,1013791
1019730,1019730
1019731,1016482
1019731,1019731
1019732,1007340
1019732,1012200
1019732,1015968
1019732,1019732
1019733,1016520
1019733,1019733
1019734,1016534
1019734,1019734
1019735,1006778
1019735,1019735
1019736,1016549
1019736,1019736
1019737,1014416
1019737,1014417
1019737,1019737
1019738,1016296
1019738,1016297
1019738,1019738
1019739,1016611
1019739,1019739
1019740,1013064
1019740,1013065
1019740,1014372
1019740,1016223
1019740,1019740
1019741,1016937
1019741,1019741
1019742,1016707
1019742,1019742
1019743,1019743
1019744,1016791
1019744,1017354
1019744,1019744
1019745,1019745
1019746,1016826
1019746,1019746
1019747,1016847
1019747,1019747
1019748,1019748
1019749,1016941
1019749,1017276
1019749,1019749
1019750,1016941
1019750,1017276
1019750,1019750
1019751,1016941
1019751,1017276
1019751,1019751
1019752,1016941
1019752,1017276
1019752,1019752
1019753,1011440
1019753,1011441
1019753,1015782
1019753,1018457
1019753,1019753
1019754,1008662
1019754,1008663
1019754,1013296
1019754,1014516
1019754,1017763
1019754,1017805
1019754,1018610
1019754,1019754
1019755,1019755
1019756,1017410
1019756,1019756
1019757,1017055
1019757,1019757
1019758,1017064
1019758,1019758
1019759,1017070
1019759,1019759
1019760,1019760
1019761,1017080
1019761,1017538
1019761,1019761
1019762,1017086
1019762,1019762
1019763,1019763
1019764,1017091
1019764,1019764
1019765,1017112
1019765,1019765
1019766,1018434
1019766,1019766
1019767,1008508
1019767,1008509
1019767,1009631
1019767,1012937
1019767,1014480
1019767,1016484
1019767,1017363
1019767,1019767
1019768,1017217
1019768,1017579
1019768,1019768
1019769,1017456
1019769,1018300
1019769,1019769
1019770,1015557
1019770,1015558
1019770,1016686
1019770,1019770
1019771,1017232
1019771,1019771
1019772,1017235
1019772,1019772
1019773,1016078
1019773,1019702
1019773,1019773
1019774,1017275
1019774,1019774
1019775,1017299
1019775,1019775
1019776,1017307
1019776,1019776
1019777,1017319
1019777,1019777
1019777,1019797
1019778,1017357
1019778,1019778
1019779,1007877
1019779,1009429
1019779,1009430
1019779,1009715
1019779,1009716
1019779,1012449
1019779,1012450
1019779,1014317
1019779,1014679
1019779,1016404
1019779,1017121
1019779,1017406
1019779,1017894
1019779,1018052
1019779,1018221
1019779,1019779
1019780,1017442
1019780,1019780
1019781,1017526
1019781,1019781
1019782,1017527
1019782,1019782
1019783,1018215
1019783,1019783
1019784,1010670
1019784,1010671
1019784,1016545
1019784,1017329
1019784,1019784
1019785,1017572
1019785,1019785
1019786,1008421
1019786,1008422
1019786,1008756
1019786,1009408
1019786,1009614
1019786,1011538
1019786,1013214
1019786,1013539
1019786,1014130
1019786,1014648
1019786,1014754
1019786,1016754
1019786,1019786
1019787,1017689
1019787,1019787
1019788,1017692
1019788,1019788
1019789,1017698
1019789,1019789
1019790,1017718
1019790,1019790
1019791,1017722
1019791,1019791
1019792,1017724
1019792,1019792
1019793,1008187
1019793,1008188
1019793,1011653
1019793,1019610
1019793,1019793
1019794,1017733
1019794,1019794
1019795,1017770
1019795,1017837
1019795,1019795
1019796,1019796
1019797,1019797
1019798,1017859
1019798,1017898
1019798,1019798
1019799,1017873
1019799,1019799
1019800,1017878
1019800,1019800
1019801,1017900
1019801,1019801
1019802,1011757
1019802,1011758
1019802,1019802
1019803,1017917
1019803,1019803
1019804,1017920
1019804,1019804
1019805,1017968
1019805,1019805
1019806,1018021
1019806,1019806
1019807,1018035
1019807,1018234
1019807,1019807
1019808,1018065
1019808,1019808
1019809,1018075
1019809,1019809
1019810,1018141
1019810,1019810
1019811,1007877
1019811,1009429
1019811,1009430
1019811,1009715
1019811,1009716
1019811,1012449
1019811,1012450
1019811,1014317
1019811,1014679
1019811,1016404
1019811,1017121
1019811,1017406
1019811,1017894
1019811,1018052
1019811,1018221
1019811,1019811
1019812,1007877
1019812,1009429
1019812,1009430
1019812,1009715
1019812,1009716
1019812,1012449
1019812,1012450
1019812,1014317
1019812,1014679
1019812,1016404
1019812,1017121
1019812,1017406
1019812,1017894
1019812,1018052
1019812,1018221
1019812,1019812
1019813,1007877
1019813,1009429
1019813,1009430
1019813,1009715
1019813,1009716
1019813,1012449
1019813,1012450
1019813,1014317
1019813,1014679
1019813,1016404
1019813,1017121
1019813,1017406
1019813,1017894
1019813,1018052
1019813,1018221
1019813,1019813
1019814,1018089
1019814,1019814
1019815,1018092
1019815,1019815
1019816,1019816
1019817,1018165
1019817,1018282
1019817,1018510
1019817,1019817
1019818,1018165
1019818,1019818
1019819,1018227
1019819,1019819
1019820,1008493
1019820,1008494
1019820,1019820
1019821,1019821
1019822,1018237
1019822,1019822
1019823,1019823
1019824,1008206
1019824,1008207
1019824,1008890
1019824,1012252
1019824,1019824
1019825,1007532
1019825,1009426
1019825,1009427
1019825,1009889
1019825,1010285
1019825,1010339
1019825,1011211
1019825,1011233
1019825,1012174
1019825,1012640
1019825,1013255
1019825,1013266
1019825,1013305
1019825,1013612
1019825,1014260
1019825,1014349
1019825,1015665
1019825,1016442
1019825,1016570
1019825,1016970
1019825,1017223
1019825,1017774
1019825,1019825
1019826,1010615
1019826,1010616
1019826,1019826
1019827,1012894
1019827,1012895
1019827,1019827
1019828,1018434
1019828,1019828
1019829,1018436
1019829,1019829
1019830,1018441
1019830,1019830
1019831,1018460
1019831,1019831
1019832,1018491
1019832,1018507
1019832,1019832
1019833,1019833
1019834,1018549
1019834,1019834
1019835,1018580
1019835,1019835
1019836,1018620
1019836,1019836
1291329,1291329
1292539,1292539
1292551,1292551
1292552,1292552
1292887,1292887
1297040,1297040
1305716,1305716
1305717,1305717
1307107,1307107
1307549,1307549
1307913,1307913
1317258,1317258
1319498,1319498
1322125,1322125
1322971,1322971
1326283,1326283
1337616,1337616
1337724,1337724
1340354,1340354
1352773,1352773
1353417,1353417
1353490,1353490
1354423,1354423
1358513,1358513
1368585,1368585
1368677,1368677
1370844,1370844
1371781,1371781
1371860,1371860
1371917,1371917
1376617,1376617
1377130,1377130
1380169,1380169
1380341,1380341
1380593,1380593
1385875,1385875
1387736,1387736
1387876,1387876
1388305,1388305
1390660,1390660
1394422,1394422
1394960,1394960
1395772,1395772
1399137,1399137
1407893,1407893
1409782,1409782
1410650,1410650
1413230,1413230
1414685,1414685
1422958,1422958
1429098,1429098
1431609,1431609
1432266,1432266
1433397,1433397
1435686,1435686
1435692,1435692
1435936,1435936
1439197,1439197
1444428,1444428
1448054,1448054
1448993,1448993
1451200,1451200
1451716,1451716
1451721,1451721
1452670,1452670
1458409,1458409
1460300,1460300
1461622,1461622
1465925,1465925
1468326,1468326
1471225,1471225
1472193,1472193
1475181,1475181
1481305,1481305
1484227,1484227
1484666,1484666
1494303,1494303
1499661,1499661
1500928,1500928
1509799,1509799
1515245,1515245
1525918,1525918
1530082,1530082
1534060,1534060
1541346,1541346
1550013,1550013
1550043,1550043
1550048,1550048
1550309,1550309
1559795,1559795
1561498,1561498
1564512,1564512
1566203,1566203
1566205,1566205
1566881,1566881
1569070,1569070
1575503,1575503
1580123,1580123
1584984,1584984
1587186,1587186
1598234,1598234
1599776,1599776
1599795,1599795
1601564,1601564
1602012,1602012
1619924,1619924
1619954,1619954
1619979,1619979
1619989,1619989
1620012,1620012
1620037,1620037
1620051,1620051
1620120,1620120
1620157,1620157
1620180,1620180
1620266,1620266
1620284,1620284
1620315,1620315
1620359,1620359
1620422,1620422
1620463,1620463
1620498,1620498
1620603,1620603
1629431,1629431
1631236,1631236
1632533,1632533
1649860,1649860
1649886,1649886
1661960,1661960
1673785,1673785
1690880,1690880
1690937,1690937
1692047,1692047
1711494,1711494
1743207,1743207
1751383,1751383
1753088,1753088
1756926,1756926
1774873,1774873
1776955,1776955
1778102,1778102
1783983,1783983
1807069,1807069
1837081,1837081
1858351,1858351
1869062,1869062
1966226,1966226
2007061,2007061
2031137,2031137
2040764,2040764
2064441,2064441
2110461,2110461
2140432,2140432
2146938,2146938
2182460,2182460
3053962,3053962
3057194,3057194
3059665,3059665
3059704,3059704
3070782,3070782
3084303,3084303
3087833,3087833
3089301,3089301
3096973,3096973
3100749,3100749
3101269,3101269
3101381,3101381
3103051,3103051
3114868,3114868
