1006314,1007125
1006324,1007081
1006324,1018653
1006326,1007081
1006326,1018653
1006328,1006937
1006328,1007081
1006328,1007473
1006328,1018691
1006334,1018712
1006338,1006424
1006338,1006937
1006338,1006987
1006338,1007081
1006338,1007473
1006342,1006367
1006342,1006623
1006342,1006987
1006342,1007081
1006342,1019348
1006342,1019439
1006355,1006349
1006355,1006357
1006361,1006679
1006363,1006679
1006369,1018653
1006373,1006937
1006373,1007081
1006375,1006937
1006381,1007081
1006383,1007081
1006383,1018653
1006385,1006660
1006387,1007081
1006396,1006410
1006396,1018653
1006396,1019079
1006400,1006937
1006406,1006410
1006406,1018653
1006412,1006550
1006414,1018653
1006414,1018823
1006416,1018967
1006416,1019016
1006420,1008050
1006426,1006937
1006426,1006987
1006430,1006660
1006432,1006937
1006432,1006987
1006432,1007081
1006438,1018758
1006440,1007121
1006444,1018653
1006444,1019175
1006452,1018718
1006458,1007081
1006466,1018653
1006470,1006937
1006472,1018653
1006474,1018653
1006476,1007051
1006476,1007081
1006480,1006660
1006482,1018732
1006482,1018733
1006486,1007081
1006491,1007003
1006493,1007081
1006493,1019105
1006495,1007081
1006499,1018653
1006501,1007081
1006501,1019344
1006501,1019392
1006503,1006507
1006505,1006507
1006509,1006507
1006511,1019158
1006515,1006507
1006519,1008095
1006521,1006424
1006521,1006623
1006524,1006937
1006526,1006937
1006531,1006937
1006531,1006987
1006531,1007081
1006535,1006491
1006535,1008040
1006537,1007081
1006537,1018653
1006543,1018653
1006545,1018653
1006547,1008085
1006547,1019008
1006552,1007081
1006552,1019513
1006552,1019704
1006556,1018653
1006562,1018830
1006564,1007143
1006570,1006937
1006570,1006987
1006583,1006424
1006583,1006937
1006583,1006987
1006587,1006507
1006589,1006507
1006591,1007081
1006591,1019017
1006593,1018714
1006595,1006550
1006605,1018981
1006605,1019359
1006607,1006507
1006613,1006660
1006615,1006507
1006623,1018828
1006629,1018653
1006629,1018823
1006631,1018653
1006641,1006491
1006641,1007989
1006641,1008040
1006645,1007081
1006652,1018653
1006679,1019160
1006683,1019348
1006685,1007081
1006687,1018650
1006695,1006424
1006695,1006937
1006695,1006987
1006697,1006491
1006707,1006987
1006711,1006937
1006711,1018653
1006711,1018823
1006733,1007583
1006735,1006660
1006746,1007081
1006746,1018653
1006750,1018882
1006754,1018801
1006756,1007366
1006756,1019388
1006758,1019639
1006760,1018858
1006762,1019430
1006764,1018940
1006764,1019203
1006772,1006987
1006772,1007081
1006772,1018827
1006776,1018880
1006778,1019063
1006778,1019735
1006780,1018760
1006782,1007461
1006782,1007713
1006782,1018743
1006784,1018653
1006792,1018781
1006805,1006515
1006819,1019160
1006825,1018718
1006827,1006995
1006829,1006491
1006829,1007989
1006829,1008040
1006835,1019057
1006851,1007081
1006854,1018971
1006856,1006864
1006856,1007081
1006858,1008050
1006860,1006864
1006862,1006864
1006866,1006864
1006868,1006864
1006870,1018653
1006876,1018668
1006878,1006491
1006878,1007989
1006878,1008040
1006881,1007081
1006893,1006438
1006901,1006391
1006901,1007081
1006909,1019080
1006911,1006782
1006913,1007081
1006929,1018992
1006943,1007143
1006953,1007081
1006953,1019449
1006959,1007081
1006969,1018653
1006969,1018823
1006971,1006507
1006981,1006349
1006997,1018662
1006997,1018727
1006999,1018653
1006999,1018823
1007003,1007081
1007009,1007081
1007011,1006937
1007011,1007081
1007011,1018732
1007011,1018733
1007013,1007081
1007013,1018733
1007013,1018945
1007013,1019336
1007015,1007081
1007017,1006937
1007017,1007081
1007021,1018653
1007021,1018823
1007041,1019126
1007045,1018653
1007045,1018823
1007047,1006727
1007049,1018732
1007049,1018733
1007055,1018653
1007057,1006937
1007057,1007081
1007061,1018653
1007061,1018823
1007065,1006864
1007067,1006937
1007067,1006987
1007067,1007081
1007071,1007125
1007073,1007125
1007077,1007081
1007089,1006727
1007095,1007081
1007095,1007084
1007095,1018653
1007097,1018992
1007103,1018760
1007107,1006491
1007107,1007989
1007107,1008040
1007109,1006507
1007113,1019391
1007115,1006491
1007115,1007989
1007115,1008040
1007127,1007081
1007135,1019348
1007141,1006587
1007149,1018653
1007153,1018799
1007155,1019059
1007155,1019259
1007159,1006491
1007159,1007989
1007159,1008040
1007161,1006507
1007163,1006507
1007165,1006507
1007173,1018992
1007179,1007081
1007181,1007093
1007185,1006507
1007199,1019348
1007201,1018653
1007201,1018823
1007203,1019138
1007207,1006424
1007207,1006937
1007207,1006987
1007215,1006550
1007221,1007143
1007221,1018638
1007221,1018639
1007223,1007081
1007225,1007081
1007225,1007883
1007225,1018653
1007225,1018885
1007227,1018823
1007231,1006937
1007231,1018746
1007231,1019710
1007233,1007808
1007239,1006507
1007245,1007103
1007253,1007523
1007257,1018714
1007261,1018653
1007261,1018823
1007263,1018653
1007263,1018823
1007265,1018653
1007265,1018823
1007267,1018653
1007267,1018823
1007281,1019017
1007281,1019304
1007285,1006550
1007291,1006550
1007301,1018713
1007307,1006367
1007307,1019348
1007311,1006937
1007328,1019546
1007346,1006550
1007354,1006507
1007358,1019340
1007360,1007084
1007362,1006438
1007364,1006491
1007364,1008040
1007366,1006917
1007372,1007081
1007374,1007593
1007376,1006507
1007378,1006507
1007380,1006507
1007382,1006507
1007384,1006507
1007386,1006507
1007388,1007003
1007407,1018760
1007409,1007081
1007415,1007812
1007421,1019392
1007443,1006507
1007445,1006507
1007455,1007081
1007459,1019456
1007461,1019180
1007469,1019062
1007479,1018678
1007483,1019244
1007488,1007523
1007499,1018832
1007505,1006507
1007509,1018709
1007517,1007143
1007519,1007081
1007523,1007003
1007532,1006864
1007532,1019825
1007536,1018653
1007542,1007033
1007546,1018767
1007546,1018798
1007546,1019367
1007552,1007081
1007557,1007143
1007561,1007523
1007565,1007081
1007575,1006507
1007579,1006937
1007581,1006937
1007593,1018746
1007601,1007003
1007605,1018947
1007611,1018653
1007613,1006438
1007613,1007081
1007613,1018653
1007613,1018843
1007615,1019515
1007617,1019546
1007631,1018823
1007633,1006410
1007633,1018653
1007637,1019556
1007641,1006995
1007641,1018653
1007643,1018713
1007651,1006507
1007659,1006438
1007659,1007081
1007659,1018653
1007659,1018843
1007661,1006507
1007671,1019683
1007677,1019348
1007691,1018653
1007699,1006507
1007701,1007003
1007709,1006864
1007711,1018760
1007713,1019080
1007723,1019348
1007725,1007808
1007729,1019222
1007739,1007193
1007747,1006507
1007749,1006507
1007755,1006507
1007767,1006491
1007767,1008040
1007769,1006491
1007769,1007989
1007769,1008040
1007771,1006491
1007771,1007989
1007771,1008040
1007775,1019348
1007777,1006507
1007789,1007081
1007796,1018842
1007798,1019400
1007806,1007143
1007808,1018760
1007828,1018841
1007828,1019493
1007830,1019359
1007848,1018992
1007850,1006357
1007862,1007193
1007866,1019223
1007869,1019721
1007873,1006854
1007873,1018940
1007877,1018951
1007877,1018986
1007877,1019194
1007877,1019270
1007877,1019779
1007877,1019811
1007877,1019812
1007877,1019813
1007885,1018861
1007895,1007121
1007897,1008050
1007903,1006507
1007905,1006507
1007907,1007081
1007921,1007081
1007921,1018992
1007933,1018765
1007935,1019358
1007945,1019400
1007950,1006507
1007952,1006507
1007954,1006507
1007963,1018653
1007969,1007081
1007973,1006507
1007975,1006507
1007989,1007003
1007991,1006845
1007991,1006983
1007991,1007081
1007991,1018654
1007995,1006995
1007995,1019439
1008005,1006507
1008011,1019074
1008011,1019075
1008034,1007879
1008040,1007003
1008042,1007081
1008048,1019456
1008056,1007081
1008071,1006550
1008073,1006550
1008081,1006507
1008085,1007735
1008089,1006937
1008089,1007081
1008089,1018733
1008089,1018945
1008091,1008093
1008093,1018760
1008095,1007808
1008099,1006507
1008101,1006507
1008103,1006507
1008123,1007081
1008123,1018653
1008126,1007081
1008127,1007051
1008127,1018653
1008133,1018632
1008137,1007081
1008138,1006438
1008138,1018843
1008143,1007143
1008143,1018638
1008143,1018639
1008143,1018640
1008147,1018643
1008149,1018644
1008150,1018644
1008155,1007081
1008156,1018645
1008158,1018646
1008166,1007081
1008166,1007141
1008166,1018653
1008167,1018647
1008168,1018648
1008169,1006509
1008174,1018649
1008176,1018650
1008178,1018802
1008181,1007121
1008183,1018695
1008183,1018777
1008183,1018778
1008190,1006589
1008191,1018651
1008193,1007755
1008207,1018680
1008207,1019824
1008209,1018652
1008210,1018648
1008211,1007121
1008213,1018668
1008216,1006727
1008219,1006509
1008219,1018702
1008220,1006729
1008222,1018655
1008224,1007143
1008225,1018656
1008226,1018657
1008227,1018632
1008228,1018658
1008229,1018659
1008229,1018660
1008229,1018661
1008231,1018662
1008233,1006987
1008236,1018649
1008237,1018663
1008238,1007143
1008248,1007121
1008252,1018665
1008253,1018666
1008259,1006587
1008267,1007081
1008267,1018667
1008267,1018668
1008284,1007081
1008284,1007374
1008285,1007081
1008285,1007593
1008288,1007081
1008290,1007121
1008292,1007081
1008292,1018667
1008292,1018668
1008294,1018696
1008294,1018777
1008294,1018778
1008295,1018662
1008297,1007143
1008297,1018781
1008298,1018648
1008299,1018669
1008304,1006971
1008304,1007973
1008304,1007975
1008309,1018670
1008310,1018671
1008315,1018673
1008317,1018906
1008319,1018674
1008327,1018648
1008330,1018678
1008333,1019283
1008334,1006491
1008335,1006509
1008339,1018713
1008339,1018930
1008342,1018679
1008348,1018680
1008350,1007081
1008350,1018653
1008350,1018654
1008351,1018681
1008357,1007121
1008358,1018682
1008361,1018668
1008362,1007081
1008364,1006937
1008367,1018683
1008368,1018682
1008369,1007161
1008369,1007163
1008369,1007165
1008370,1006509
1008372,1018685
1008373,1018686
1008376,1019402
1008378,1018648
1008380,1007081
1008381,1018687
1008382,1018688
1008384,1018690
1008385,1018648
1008386,1006660
1008387,1006937
1008387,1007081
1008387,1007473
1008387,1018691
1008388,1007473
1008388,1018691
1008393,1018692
1008393,1018693
1008394,1018693
1008396,1019387
1008397,1018694
1008398,1018695
1008398,1018696
1008399,1018648
1008401,1019407
1008407,1007081
1008411,1018697
1008412,1007407
1008413,1019536
1008414,1007374
1008415,1007593
1008416,1018701
1008419,1006509
1008419,1018702
1008422,1019786
1008426,1007143
1008426,1019261
1008427,1018703
1008429,1006509
1008429,1018702
1008431,1007081
1008431,1018966
1008435,1007081
1008435,1018704
1008438,1007081
1008440,1018653
1008440,1018705
1008443,1018955
1008445,1006521
1008446,1018648
1008449,1018706
1008450,1018703
1008456,1018648
1008458,1007905
1008459,1018709
1008460,1019045
1008465,1018710
1008473,1018711
1008474,1018988
1008476,1007081
1008476,1018655
1008478,1018668
1008478,1019024
1008482,1018712
1008489,1018703
1008493,1018674
1008494,1019820
1008495,1018715
1008496,1018770
1008498,1006509
1008500,1018716
1008503,1018717
1008507,1007081
1008507,1018667
1008507,1018668
1008509,1019767
1008510,1007143
1008511,1007081
1008511,1018640
1008519,1018719
1008521,1018720
1008524,1018721
1008528,1018955
1008528,1019198
1008529,1018722
1008532,1006515
1008532,1006587
1008533,1018648
1008534,1018724
1008542,1018648
1008543,1018725
1008547,1018726
1008548,1006937
1008549,1007129
1008550,1018727
1008553,1007081
1008554,1018730
1008556,1018731
1008562,1018687
1008563,1018780
1008563,1018781
1008567,1007121
1008570,1019356
1008571,1006351
1008582,1018734
1008583,1018650
1008586,1018737
1008587,1007081
1008589,1007378
1008591,1007143
1008594,1018738
1008595,1019078
1008596,1018739
1008599,1018687
1008601,1019370
1008602,1018740
1008603,1018648
1008604,1018658
1008606,1007084
1008607,1007656
1008608,1018741
1008609,1018634
1008611,1007081
1008611,1007374
1008612,1018703
1008614,1007081
1008614,1018667
1008614,1018668
1008618,1018742
1008619,1007376
1008619,1007973
1008621,1018743
1008622,1007081
1008622,1018744
1008623,1007081
1008623,1019096
1008625,1019555
1008632,1006587
1008633,1018669
1008636,1019397
1008639,1007121
1008640,1018745
1008641,1018746
1008650,1006515
1008650,1007161
1008650,1007378
1008652,1018747
1008653,1019619
1008654,1018748
1008659,1018749
1008662,1018750
1008664,1018751
1008665,1006509
1008665,1018702
1008673,1007081
1008673,1018667
1008677,1007362
1008678,1018679
1008682,1007081
1008682,1018752
1008683,1007081
1008683,1019211
1008686,1018753
1008687,1019190
1008690,1007081
1008690,1018756
1008691,1018668
1008692,1007081
1008692,1019091
1008692,1019097
1008696,1019306
1008696,1019307
1008696,1019308
1008698,1018758
1008699,1007593
1008700,1018658
1008705,1018647
1008706,1006509
1008706,1007378
1008708,1018646
1008710,1007121
1008711,1007081
1008716,1006937
1008717,1007081
1008721,1007121
1008722,1018695
1008722,1018761
1008727,1019117
1008730,1018764
1008731,1019047
1008732,1018648
1008733,1007954
1008737,1018767
1008745,1018648
1008746,1007143
1008746,1018768
1008752,1018674
1008753,1007089
1008753,1018940
1008753,1019571
1008755,1018769
1008769,1018770
1008769,1018771
1008770,1018772
1008771,1018773
1008777,1018778
1008778,1018774
1008781,1007081
1008781,1018667
1008781,1018668
1008783,1019653
1008785,1018653
1008790,1007143
1008791,1018775
1008792,1018700
1008794,1018726
1008796,1018669
1008798,1007081
1008798,1007583
1008809,1018662
1008810,1018681
1008811,1006509
1008811,1018776
1008812,1007081
1008812,1019631
1008813,1018696
1008813,1018777
1008813,1018778
1008814,1018779
1008815,1018648
1008817,1018777
1008820,1018777
1008822,1018662
1008824,1006709
1008824,1018782
1008827,1006424
1008827,1006937
1008827,1006987
1008828,1018786
1008831,1018653
1008832,1018652
1008837,1018787
1008838,1007051
1008838,1007081
1008841,1018716
1008843,1018788
1008843,1018789
1008843,1018790
1008846,1018791
1008852,1006509
1008852,1006587
1008852,1007185
1008852,1007378
1008852,1018740
1008852,1018792
1008854,1007081
1008854,1018667
1008856,1007081
1008857,1007081
1008860,1007427
1008863,1018648
1008867,1018687
1008868,1018793
1008871,1018814
1008873,1007330
1008875,1007141
1008878,1018691
1008878,1018713
1008878,1018911
1008888,1006509
1008888,1006515
1008888,1007161
1008894,1018797
1008897,1018798
1008899,1018653
1008900,1018648
1008905,1018751
1008906,1018711
1008907,1018770
1008910,1006509
1008910,1006515
1008910,1019091
1008912,1018979
1008913,1018802
1008916,1018653
1008916,1018831
1008918,1006509
1008918,1007185
1008918,1007755
1008918,1018803
1008919,1018922
1008920,1018804
1008921,1018708
1008921,1019208
1008921,1019209
1008922,1018805
1008923,1018806
1008925,1018807
1008925,1018808
1008929,1007081
1008931,1018703
1008933,1018648
1008934,1018788
1008934,1018790
1008939,1018650
1008940,1018810
1008947,1019622
1008948,1018715
1008949,1018811
1008952,1007427
1008953,1018812
1008954,1007407
1008959,1006587
1008959,1006589
1008959,1007081
1008960,1018813
1008961,1018814
1008962,1006937
1008964,1018815
1008965,1018816
1008969,1018817
1008970,1007081
1008972,1007376
1008973,1018686
1008976,1018775
1008978,1018818
1008982,1018722
1008983,1007121
1008985,1018819
1008986,1007081
1008988,1018822
1008989,1018713
1008989,1018991
1008998,1007081
1009003,1018824
1009004,1007121
1009005,1018825
1009007,1018682
1009009,1018826
1009010,1006643
1009011,1018668
1009012,1007081
1009012,1019381
1009019,1018648
1009020,1007121
1009023,1018662
1009025,1019100
1009033,1019179
1009034,1018695
1009034,1018777
1009034,1018778
1009037,1006589
1009038,1007033
1009042,1007427
1009047,1018829
1009052,1007081
1009052,1007593
1009057,1006660
1009058,1018658
1009064,1018695
1009064,1018696
1009064,1018778
1009066,1018831
1009071,1006509
1009074,1018648
1009077,1018662
1009079,1007081
1009079,1019053
1009081,1018685
1009083,1007081
1009083,1018704
1009085,1019467
1009087,1018833
1009088,1006416
1009089,1018967
1009092,1006937
1009092,1007081
1009092,1018653
1009093,1007081
1009097,1007121
1009101,1007121
1009109,1018648
1009110,1018840
1009111,1006683
1009123,1018844
1009128,1007447
1009130,1018659
1009130,1018660
1009130,1018661
1009130,1018845
1009137,1018846
1009139,1018847
1009140,1007081
1009140,1018768
1009142,1018848
1009145,1018740
1009149,1007378
1009155,1018816
1009156,1018685
1009158,1018781
1009160,1018713
1009160,1018911
1009161,1018849
1009162,1018648
1009164,1019038
1009168,1007081
1009169,1007051
1009169,1018653
1009170,1006847
1009170,1018850
1009171,1018703
1009172,1018851
1009177,1018650
1009182,1018648
1009184,1007081
1009184,1007163
1009185,1007081
1009185,1007121
1009186,1007081
1009186,1018667
1009186,1018668
1009188,1018932
1009191,1018852
1009195,1018662
1009196,1007081
1009197,1007447
1009197,1018853
1009198,1018703
1009206,1006864
1009213,1018856
1009214,1018649
1009219,1018703
1009225,1018859
1009228,1018632
1009231,1006438
1009232,1007081
1009232,1018667
1009232,1018668
1009238,1019189
1009240,1019353
1009242,1018860
1009243,1018632
1009244,1018668
1009245,1018668
1009245,1018781
1009251,1018862
1009255,1007161
1009255,1007163
1009255,1007378
1009255,1018863
1009258,1018687
1009264,1018696
1009264,1018777
1009264,1018778
1009265,1007081
1009265,1007084
1009266,1018679
1009267,1018763
1009267,1018864
1009268,1019349
1009269,1018703
1009271,1018693
1009272,1018865
1009272,1018866
1009281,1019485
1009281,1019579
1009282,1006937
1009285,1018648
1009287,1018781
1009288,1018690
1009289,1018687
1009290,1018867
1009291,1018648
1009294,1007427
1009296,1018868
1009300,1007656
1009302,1018690
1009303,1006438
1009303,1007081
1009303,1018653
1009303,1018843
1009307,1006729
1009312,1018873
1009315,1018648
1009316,1018713
1009320,1006643
1009320,1007081
1009322,1007081
1009322,1018667
1009324,1007081
1009324,1018876
1009326,1018687
1009333,1007081
1009333,1018881
1009336,1018690
1009338,1018653
1009338,1018883
1009338,1018884
1009340,1007883
1009340,1018653
1009340,1018885
1009347,1018713
1009347,1018886
1009350,1018687
1009356,1018687
1009359,1007081
1009359,1018653
1009365,1018981
1009367,1007081
1009367,1007623
1009368,1018663
1009370,1019153
1009371,1018662
1009372,1006727
1009372,1006729
1009372,1007081
1009372,1018653
1009372,1018891
1009374,1018693
1009374,1018893
1009377,1018703
1009386,1018762
1009386,1019418
1009387,1007143
1009387,1018780
1009388,1018895
1009391,1007143
1009391,1007699
1009395,1007161
1009395,1007185
1009402,1018701
1009416,1007121
1009417,1007143
1009417,1018780
1009418,1018798
1009419,1018899
1009428,1018904
1009428,1018905
1009430,1007877
1009430,1019533
1009431,1018648
1009434,1018682
1009436,1007081
1009436,1007084
1009437,1018909
1009437,1018910
1009438,1019382
1009442,1019264
1009446,1018648
1009448,1018713
1009448,1018911
1009454,1018912
1009455,1018656
1009461,1006587
1009462,1018915
1009463,1018685
1009465,1006937
1009465,1018916
1009466,1018917
1009467,1018685
1009470,1018918
1009471,1007081
1009474,1018746
1009477,1007081
1009479,1018919
1009485,1018648
1009487,1018847
1009487,1018920
1009487,1018921
1009487,1018922
1009490,1018923
1009491,1018924
1009491,1018925
1009501,1018653
1009508,1006937
1009509,1018703
1009511,1018802
1009516,1007858
1009521,1019482
1009523,1007081
1009524,1007081
1009525,1018802
1009528,1018648
1009530,1018687
1009532,1018648
1009533,1018932
1009534,1018908
1009535,1018933
1009536,1018668
1009537,1018725
1009540,1018682
1009541,1006587
1009542,1018935
1009544,1018845
1009544,1018936
1009546,1018938
1009547,1019153
1009548,1006507
1009549,1018653
1009549,1018823
1009551,1007081
1009551,1018653
1009551,1019218
1009553,1018653
1009555,1018939
1009558,1007047
1009558,1018940
1009559,1018648
1009560,1018941
1009561,1007143
1009562,1006436
1009562,1007143
1009563,1018942
1009565,1018943
1009569,1018944
1009574,1006937
1009579,1006864
1009582,1019183
1009586,1018948
1009588,1018648
1009590,1018687
1009593,1007121
1009594,1018939
1009598,1018860
1009599,1018949
1009601,1018648
1009602,1018648
1009604,1007447
1009605,1018950
1009605,1018951
1009606,1018784
1009606,1018952
1009612,1018648
1009616,1007165
1009618,1018648
1009624,1018699
1009625,1018703
1009631,1018954
1009634,1007427
1009636,1018668
1009642,1018703
1009643,1018956
1009644,1018637
1009645,1019043
1009645,1019044
1009655,1007081
1009657,1018726
1009658,1006937
1009658,1007473
1009658,1018691
1009658,1018930
1009659,1018960
1009662,1006587
1009664,1007081
1009666,1007081
1009666,1018961
1009667,1007081
1009667,1018733
1009667,1018945
1009667,1018961
1009668,1018703
1009670,1006515
1009672,1018962
1009675,1018798
1009678,1018964
1009679,1018648
1009681,1007143
1009682,1018920
1009687,1018965
1009688,1006509
1009688,1018702
1009699,1018967
1009703,1018968
1009710,1018972
1009712,1018905
1009714,1007081
1009723,1018695
1009723,1018777
1009723,1018778
1009730,1018975
1009731,1018932
1009733,1018648
1009736,1007583
1009744,1018976
1009749,1018932
1009749,1018977
1009750,1007427
1009753,1007081
1009753,1007583
1009754,1018978
1009755,1007081
1009756,1006410
1009760,1019328
1009764,1018687
1009767,1007081
1009768,1006587
1009771,1006509
1009771,1018702
1009773,1018980
1009774,1018981
1009777,1018649
1009778,1018818
1009779,1018817
1009783,1018653
1009793,1018898
1009794,1007121
1009796,1018982
1009797,1006574
1009801,1018668
1009803,1007447
1009805,1006509
1009805,1007081
1009809,1018987
1009810,1018988
1009811,1018792
1009812,1018740
1009813,1018989
1009816,1018990
1009817,1018926
1009818,1018648
1009819,1018648
1009820,1006729
1009821,1018778
1009822,1018650
1009823,1018727
1009824,1018659
1009824,1018660
1009824,1018661
1009824,1018982
1009824,1018993
1009826,1018686
1009828,1018785
1009829,1018703
1009833,1019426
1009833,1019456
1009833,1019457
1009833,1019458
1009834,1018994
1009838,1018995
1009841,1018632
1009844,1018662
1009845,1018927
1009845,1018952
1009849,1018996
1009850,1019432
1009851,1018847
1009854,1006971
1009854,1018997
1009854,1018998
1009854,1018999
1009855,1019116
1009856,1018679
1009861,1018787
1009866,1018648
1009868,1018653
1009869,1019000
1009871,1019003
1009873,1007856
1009875,1007081
1009875,1018663
1009876,1007143
1009876,1018781
1009880,1018714
1009885,1019004
1009887,1006509
1009887,1018702
1009890,1018802
1009891,1019005
1009893,1018648
1009895,1018702
1009896,1006515
1009896,1006587
1009896,1006589
1009896,1007081
1009897,1018984
1009897,1018985
1009897,1019006
1009901,1018713
1009903,1019009
1009904,1018727
1009906,1007081
1009914,1018653
1009915,1007121
1009916,1019011
1009917,1019150
1009917,1019366
1009917,1019450
1009919,1018726
1009920,1018726
1009921,1019014
1009921,1019015
1009923,1007081
1009926,1019001
1009929,1018668
1009930,1018668
1009931,1007081
1009931,1018667
1009931,1018668
1009935,1007121
1009936,1007143
1009936,1018768
1009937,1019020
1009938,1006864
1009943,1019499
1009948,1007143
1009950,1019021
1009962,1007161
1009962,1007163
1009964,1018755
1009964,1019022
1009964,1019023
1009965,1018749
1009966,1006505
1009968,1007121
1009969,1007081
1009970,1019713
1009973,1007143
1009973,1018768
1009973,1018803
1009973,1018847
1009975,1006709
1009976,1019024
1009978,1018658
1009979,1018658
1009989,1006587
1009989,1007954
1009989,1019579
1009990,1019001
1009997,1018648
1009998,1019025
1009999,1007143
1009999,1018781
1010000,1007081
1010005,1019073
1010008,1018662
1010010,1007081
1010011,1018716
1010013,1007081
1010013,1018653
1010014,1018826
1010016,1019027
1010024,1007081
1010026,1018647
1010029,1018632
1010033,1019028
1010035,1018851
1010036,1019029
1010036,1019030
1010037,1006515
1010037,1007081
1010043,1007141
1010047,1018686
1010051,1006509
1010053,1018749
1010055,1019031
1010056,1019032
1010058,1019001
1010060,1019033
1010062,1007081
1010065,1019034
1010066,1006515
1010067,1019035
1010070,1019037
1010076,1007121
1010081,1007378
1010081,1007505
1010086,1018984
1010086,1018986
1010086,1019192
1010086,1019194
1010088,1018746
1010089,1019048
1010091,1019049
1010093,1019050
1010097,1019051
1010098,1019052
1010099,1019038
1010099,1019053
1010103,1007121
1010107,1018648
1010115,1018681
1010117,1018829
1010118,1019058
1010124,1007081
1010125,1019434
1010131,1018814
1010134,1018648
1010137,1018703
1010142,1018685
1010143,1018662
1010146,1007143
1010146,1018768
1010148,1018648
1010152,1018681
1010154,1007121
1010156,1018703
1010157,1018785
1010158,1007047
1010159,1019066
1010163,1019067
1010164,1018842
1010169,1018653
1010170,1019068
1010171,1006937
1010171,1007081
1010171,1018733
1010171,1018945
1010173,1006509
1010174,1019069
1010175,1018662
1010177,1019070
1010179,1018632
1010184,1018981
1010187,1018740
1010194,1018635
1010194,1019137
1010194,1019447
1010194,1019530
1010197,1019076
1010198,1007999
1010199,1006587
1010208,1018668
1010212,1007081
1010216,1007121
1010220,1006587
1010220,1006589
1010220,1019082
1010220,1019083
1010220,1019084
1010221,1019215
1010223,1018648
1010227,1019087
1010231,1018811
1010233,1018686
1010237,1018658
1010238,1007081
1010238,1018653
1010238,1019088
1010240,1019089
1010240,1019090
1010241,1007081
1010241,1018667
1010241,1018668
1010244,1018777
1010246,1019091
1010253,1018687
1010257,1019028
1010257,1019518
1010262,1018713
1010263,1018662
1010264,1018653
1010266,1018807
1010268,1018648
1010269,1018981
1010271,1007033
1010273,1007427
1010275,1018872
1010276,1018682
1010281,1006937
1010282,1018648
1010284,1007143
1010284,1019097
1010291,1007084
1010293,1018779
1010295,1019099
1010297,1007121
1010298,1019324
1010300,1018648
1010301,1018648
1010304,1018687
1010305,1019341
1010305,1019491
1010307,1019101
1010308,1018691
1010308,1018713
1010309,1019102
1010315,1006607
1010317,1018717
1010318,1018647
1010318,1019103
1010321,1018691
1010323,1018907
1010326,1006937
1010336,1006587
1010338,1019105
1010343,1007583
1010344,1019106
1010345,1006937
1010345,1007081
1010345,1018733
1010345,1018945
1010346,1019107
1010347,1019108
1010350,1006438
1010351,1007081
1010351,1007593
1010352,1007447
1010359,1018781
1010363,1019109
1010364,1019110
1010365,1007583
1010366,1018746
1010371,1018951
1010371,1018984
1010371,1018985
1010371,1018986
1010371,1019192
1010371,1019194
1010373,1019111
1010373,1019112
1010374,1007081
1010375,1007081
1010375,1018667
1010376,1019113
1010378,1018648
1010386,1018648
1010388,1019115
1010389,1018648
1010390,1007081
1010390,1007109
1010391,1007081
1010392,1006509
1010392,1007378
1010393,1007427
1010397,1018694
1010397,1018699
1010399,1018703
1010405,1018703
1010406,1018695
1010406,1018777
1010406,1018778
1010406,1019117
1010406,1019118
1010407,1018696
1010407,1019369
1010415,1018650
1010418,1018653
1010421,1018749
1010422,1019121
1010423,1018969
1010426,1018881
1010427,1018648
1010428,1007033
1010432,1019122
1010438,1019183
1010444,1019102
1010446,1018713
1010448,1018982
1010452,1019091
1010453,1018687
1010456,1018778
1010461,1018687
1010466,1019124
1010468,1018648
1010471,1018653
1010472,1019125
1010473,1007121
1010477,1007129
1010482,1018648
1010487,1018777
1010488,1019127
1010489,1018686
1010490,1019128
1010491,1019026
1010492,1018746
1010496,1007143
1010496,1018781
1010497,1019129
1010497,1019130
1010499,1007081
1010505,1018816
1010505,1019131
1010506,1019132
1010507,1019133
1010508,1019134
1010512,1019135
1010515,1018653
1010515,1018746
1010515,1018823
1010516,1019136
1010517,1018727
1010518,1007378
1010521,1018637
1010521,1019137
1010524,1018719
1010525,1018936
1010526,1019140
1010528,1018775
1010528,1018887
1010529,1018703
1010531,1007121
1010532,1019141
1010533,1019021
1010536,1018653
1010539,1018967
1010541,1019074
1010542,1018687
1010544,1007081
1010544,1018667
1010544,1018668
1010546,1018653
1010548,1019053
1010549,1018681
1010550,1018653
1010554,1019028
1010555,1007081
1010562,1018743
1010564,1018648
1010565,1018695
1010565,1018777
1010565,1018778
1010565,1019117
1010568,1007081
1010568,1019278
1010575,1006798
1010577,1007081
1010578,1007051
1010578,1018653
1010579,1018699
1010580,1018648
1010584,1019143
1010584,1019144
1010585,1018905
1010585,1019453
1010587,1006509
1010587,1007378
1010594,1018668
1010595,1019677
1010596,1018632
1010597,1019146
1010598,1018737
1010600,1018648
1010601,1007163
1010607,1018668
1010608,1007143
1010612,1006515
1010612,1007081
1010614,1019147
1010616,1007081
1010616,1018653
1010616,1019826
1010619,1018703
1010621,1018648
1010622,1018687
1010623,1007081
1010624,1018680
1010625,1019149
1010625,1019150
1010625,1019151
1010626,1019150
1010627,1018713
1010630,1007081
1010630,1019091
1010635,1019152
1010638,1019252
1010639,1018938
1010639,1019153
1010640,1007447
1010640,1018746
1010643,1006509
1010651,1018775
1010654,1018653
1010656,1018879
1010659,1018978
1010660,1018726
1010661,1018726
1010667,1018727
1010670,1007081
1010671,1007081
1010671,1019784
1010676,1018668
1010677,1007081
1010681,1019155
1010682,1007143
1010684,1018668
1010685,1019028
1010686,1018687
1010693,1018687
1010694,1006937
1010696,1019159
1010701,1019320
1010702,1007081
1010702,1018945
1010702,1019161
1010703,1018653
1010704,1007473
1010705,1018658
1010706,1018648
1010707,1019162
1010711,1007081
1010711,1019163
1010715,1018662
1010717,1018653
1010725,1007081
1010725,1018653
1010730,1019168
1010734,1007143
1010735,1018726
1010739,1007081
1010742,1018802
1010743,1019091
1010745,1007121
1010748,1018694
1010750,1018981
1010757,1019169
1010759,1018662
1010761,1018942
1010763,1007081
1010763,1019170
1010764,1018936
1010767,1019171
1010770,1007121
1010771,1018687
1010772,1006436
1010772,1007143
1010774,1019020
1010777,1019172
1010779,1006729
1010780,1006587
1010781,1018785
1010782,1018700
1010783,1006515
1010784,1007081
1010784,1019173
1010785,1007081
1010785,1019096
1010792,1018668
1010799,1019608
1010802,1007143
1010802,1019174
1010803,1006509
1010804,1019175
1010806,1018737
1010808,1018719
1010809,1018679
1010810,1018777
1010810,1018778
1010810,1019176
1010816,1018746
1010817,1019177
1010818,1019024
1010819,1019091
1010820,1006587
1010820,1007378
1010821,1007081
1010822,1007084
1010823,1018727
1010824,1018703
1010825,1019178
1010830,1007081
1010830,1018744
1010831,1018648
1010832,1018648
1010834,1018687
1010837,1018704
1010838,1018777
1010838,1018778
1010843,1019268
1010844,1007081
1010844,1019001
1010845,1007081
1010845,1018758
1010846,1007081
1010849,1018687
1010852,1007081
1010852,1018667
1010852,1018668
1010853,1007121
1010856,1007656
1010860,1018816
1010861,1019198
1010862,1019181
1010863,1019182
1010864,1018658
1010866,1019031
1010869,1018668
1010874,1019183
1010877,1018727
1010878,1018658
1010882,1007081
1010882,1018667
1010883,1018648
1010886,1018653
1010886,1019185
1010890,1018853
1010892,1018942
1010893,1007121
1010894,1018679
1010898,1018648
1010899,1019186
1010901,1006515
1010901,1007081
1010903,1018687
1010908,1018668
1010909,1007143
1010909,1019174
1010911,1019188
1010912,1006782
1010914,1018648
1010917,1007084
1010918,1007081
1010918,1018667
1010920,1018968
1010923,1018653
1010928,1018653
1010929,1019171
1010931,1018685
1010933,1018658
1010937,1018986
1010937,1019192
1010937,1019193
1010937,1019194
1010944,1007747
1010946,1018755
1010946,1018968
1010949,1018648
1010950,1019187
1010954,1018648
1010955,1018687
1010956,1018931
1010957,1018663
1010957,1018668
1010958,1006937
1010961,1018648
1010966,1018687
1010969,1007081
1010970,1018687
1010971,1019176
1010972,1019574
1010975,1019196
1010979,1019056
1010980,1018648
1010983,1006509
1010983,1007185
1010983,1007239
1010983,1007699
1010983,1008005
1010983,1018803
1010983,1019197
1010985,1019150
1010985,1019151
1010985,1019460
1010985,1019491
1010986,1018648
1010987,1019150
1010993,1007081
1010994,1019199
1010999,1018694
1010999,1018699
1011000,1018700
1011001,1019200
1011002,1019201
1011004,1018657
1011004,1018713
1011004,1018908
1011007,1006509
1011007,1006515
1011007,1019091
1011008,1007725
1011010,1018648
1011012,1018668
1011017,1018653
1011019,1006509
1011022,1006864
1011024,1018734
1011025,1006587
1011025,1007378
1011028,1007376
1011029,1007954
1011030,1019030
1011033,1018726
1011035,1006864
1011036,1019205
1011038,1019028
1011041,1019206
1011045,1007081
1011046,1018778
1011049,1018662
1011051,1007081
1011052,1018949
1011053,1019207
1011054,1018668
1011055,1018662
1011057,1018650
1011063,1019210
1011064,1007121
1011065,1007081
1011070,1018687
1011072,1019082
1011076,1019212
1011078,1006937
1011080,1018981
1011082,1007081
1011083,1007374
1011084,1007081
1011084,1007593
1011086,1007121
1011091,1018686
1011093,1018658
1011094,1006515
1011097,1018662
1011104,1019217
1011106,1018976
1011107,1018687
1011112,1006438
1011112,1007081
1011112,1018653
1011112,1019218
1011114,1007384
1011117,1019219
1011127,1006515
1011127,1018847
1011127,1018920
1011127,1018921
1011127,1019191
1011130,1007653
1011136,1006587
1011138,1018668
1011141,1019220
1011143,1007081
1011143,1018653
1011144,1006509
1011144,1018702
1011153,1018693
1011153,1019221
1011155,1019216
1011155,1019222
1011156,1019517
1011162,1018648
1011164,1018976
1011171,1018846
1011178,1019299
1011188,1007081
1011189,1018633
1011194,1018687
1011199,1019153
1011202,1018648
1011203,1006509
1011203,1018702
1011208,1007081
1011212,1018687
1011213,1018652
1011216,1019228
1011217,1018648
1011219,1006587
1011220,1019229
1011222,1019031
1011224,1007081
1011224,1019230
1011226,1007143
1011226,1018639
1011226,1018640
1011227,1019231
1011228,1019232
1011229,1019233
1011230,1007121
1011232,1007473
1011232,1018653
1011232,1018712
1011237,1019052
1011240,1018778
1011243,1019235
1011245,1018745
1011249,1018686
1011251,1018727
1011252,1006438
1011252,1018843
1011260,1018687
1011262,1019026
1011263,1018942
1011264,1006587
1011265,1007143
1011265,1018638
1011265,1018639
1011265,1018640
1011268,1019222
1011268,1019345
1011272,1019240
1011273,1006587
1011285,1019241
1011287,1019028
1011288,1018664
1011288,1019242
1011294,1018648
1011295,1019243
1011300,1018658
1011304,1018860
1011305,1018685
1011306,1007161
1011306,1007163
1011307,1007447
1011307,1018703
1011308,1018686
1011312,1018746
1011314,1019049
1011316,1018648
1011317,1007979
1011319,1018648
1011329,1007081
1011329,1018653
1011332,1007081
1011332,1019211
1011333,1006660
1011335,1007081
1011336,1019298
1011341,1007121
1011344,1018668
1011348,1019246
1011349,1018775
1011351,1019247
1011352,1019248
1011353,1019094
1011356,1019249
1011357,1019250
1011366,1019226
1011367,1019296
1011370,1018668
1011375,1007081
1011375,1019253
1011376,1007121
1011377,1006864
1011379,1019178
1011383,1006864
1011387,1019097
1011391,1018645
1011393,1019254
1011398,1018787
1011400,1007081
1011400,1018653
1011401,1006587
1011401,1007747
1011404,1019255
1011405,1018766
1011405,1019256
1011405,1019257
1011406,1007081
1011406,1007374
1011409,1019020
1011410,1019258
1011410,1019259
1011412,1007081
1011416,1018925
1011418,1007143
1011418,1007185
1011418,1007239
1011418,1007699
1011418,1008005
1011418,1019261
1011418,1019262
1011421,1007352
1011423,1007121
1011426,1019189
1011427,1018661
1011429,1018653
1011430,1007143
1011431,1007143
1011432,1019265
1011433,1019014
1011433,1019015
1011434,1007081
1011434,1018752
1011435,1007081
1011435,1019211
1011436,1018816
1011438,1019266
1011439,1018648
1011440,1007081
1011441,1007081
1011441,1019753
1011445,1018648
1011446,1018695
1011446,1018778
1011450,1018715
1011451,1018770
1011455,1018727
1011457,1018981
1011459,1019269
1011461,1018657
1011463,1018649
1011470,1019134
1011471,1006615
1011474,1019596
1011476,1018653
1011482,1019271
1011483,1018662
1011485,1018648
1011488,1007330
1011489,1018648
1011490,1018685
1011491,1018653
1011493,1019150
1011494,1007121
1011495,1018981
1011499,1018687
1011500,1006509
1011500,1018702
1011505,1018679
1011506,1019274
1011507,1019275
1011508,1018699
1011509,1018700
1011510,1007121
1011512,1018662
1011513,1018770
1011513,1019276
1011521,1007081
1011521,1019277
1011522,1007121
1011523,1019278
1011523,1019279
1011524,1019361
1011526,1006503
1011528,1018775
1011528,1018888
1011529,1007121
1011531,1019280
1011532,1006509
1011532,1006587
1011532,1007378
1011532,1007384
1011532,1007755
1011532,1019091
1011537,1018921
1011539,1006660
1011540,1018737
1011541,1007084
1011543,1018648
1011545,1019284
1011547,1018658
1011548,1007121
1011549,1019068
1011553,1007121
1011554,1019286
1011556,1018726
1011561,1006780
1011562,1007121
1011568,1006509
1011568,1007903
1011568,1018740
1011571,1019650
1011578,1018932
1011579,1007081
1011582,1018653
1011583,1018648
1011586,1019287
1011587,1018727
1011588,1019290
1011590,1018775
1011592,1019291
1011593,1019292
1011604,1018687
1011605,1019293
1011606,1019294
1011608,1007161
1011608,1007163
1011609,1007081
1011609,1007593
1011610,1019057
1011616,1007081
1011616,1018653
1011617,1019014
1011617,1019015
1011618,1007081
1011620,1007989
1011621,1019028
1011624,1007973
1011631,1007081
1011631,1019298
1011633,1007121
1011639,1018976
1011640,1006491
1011640,1008040
1011642,1018811
1011643,1007121
1011646,1018699
1011648,1019301
1011649,1018648
1011650,1006587
1011651,1007081
1011651,1018667
1011651,1018668
1011652,1018770
1011652,1019303
1011653,1019609
1011653,1019610
1011656,1007447
1011665,1007386
1011665,1019040
1011666,1019194
1011667,1018703
1011668,1018653
1011669,1018785
1011670,1018700
1011672,1006515
1011672,1018847
1011672,1018920
1011673,1018685
1011676,1019186
1011679,1007143
1011679,1018768
1011679,1018847
1011680,1007129
1011682,1018816
1011682,1019131
1011688,1019305
1011690,1019440
1011697,1018653
1011699,1018932
1011703,1006509
1011705,1019188
1011706,1018703
1011711,1019306
1011711,1019307
1011711,1019308
1011712,1018648
1011715,1007081
1011715,1018667
1011715,1018668
1011719,1018678
1011723,1018900
1011724,1018901
1011725,1007981
1011731,1018995
1011731,1019309
1011734,1019310
1011736,1018737
1011737,1018966
1011746,1018811
1011750,1007583
1011750,1018668
1011751,1019312
1011752,1019313
1011753,1018648
1011754,1018746
1011755,1007583
1011758,1019802
1011759,1019314
1011760,1018653
1011762,1006660
1011766,1018781
1011768,1007121
1011772,1019318
1011773,1018860
1011778,1008005
1011778,1019262
1011779,1007081
1011781,1018652
1011782,1006587
1011786,1018653
1011786,1019079
1011794,1018703
1011799,1007121
1011804,1007143
1011804,1018780
1011806,1019077
1011809,1019321
1011810,1018953
1011817,1019014
1011817,1019015
1011820,1007081
1011820,1007084
1011820,1018653
1011826,1018699
1011829,1007081
1011829,1019323
1011830,1007081
1011834,1019325
1011839,1019099
1011840,1018749
1011844,1019327
1011848,1007081
1011848,1019163
1011849,1019329
1011850,1019071
1011851,1019072
1011852,1007378
1011852,1019330
1011853,1019105
1011855,1006509
1011855,1018702
1011856,1007081
1011858,1019356
1011861,1018648
1011862,1007121
1011865,1018648
1011867,1018648
1011872,1007081
1011872,1019333
1011873,1007081
1011873,1019091
1011874,1018658
1011875,1019334
1011876,1007081
1011876,1018667
1011876,1018668
1011877,1018944
1011878,1018685
1011881,1019335
1011882,1019024
1011884,1018769
1011885,1018769
1011890,1018648
1011894,1018648
1011895,1019168
1011897,1019194
1011902,1006587
1011903,1007427
1011904,1007081
1011904,1018733
1011904,1018945
1011904,1019336
1011906,1019037
1011907,1018653
1011908,1006509
1011910,1018703
1011914,1018648
1011915,1006515
1011915,1007081
1011917,1018968
1011919,1018749
1011922,1018703
1011926,1006509
1011929,1019059
1011929,1019259
1011930,1018800
1011930,1018801
1011934,1007471
1011937,1019194
1011938,1019231
1011939,1019337
1011940,1007121
1011943,1019338
1011945,1019043
1011947,1019139
1011947,1019206
1011950,1019225
1011952,1018746
1011953,1006509
1011953,1018702
1011955,1018653
1011957,1019339
1011958,1018779
1011961,1007427
1011964,1018785
1011966,1018684
1011967,1018696
1011967,1018979
1011968,1007084
1011969,1006515
1011969,1007081
1011973,1019218
1011976,1019341
1011977,1006509
1011977,1018702
1011978,1018743
1011980,1019342
1011981,1018668
1011984,1019343
1011985,1018650
1011986,1018662
1011987,1007081
1011987,1019344
1011989,1007121
1011992,1007121
1011993,1007121
1011994,1006509
1011999,1019346
1012005,1007239
1012009,1019347
1012013,1018685
1012015,1018759
1012017,1018988
1012017,1019131
1012019,1019007
1012021,1019349
1012022,1019350
1012023,1019351
1012030,1018713
1012032,1006424
1012034,1007121
1012036,1007003
1012044,1007081
1012045,1019031
1012049,1018995
1012050,1018925
1012050,1019352
1012051,1018717
1012053,1007121
1012056,1007330
1012057,1018749
1012060,1018702
1012063,1018754
1012063,1018984
1012063,1018986
1012063,1019192
1012063,1019194
1012064,1018648
1012065,1019541
1012068,1018726
1012069,1018726
1012070,1019354
1012071,1018727
1012074,1007143
1012075,1018648
1012076,1007081
1012076,1018667
1012076,1018668
1012079,1018648
1012080,1019355
1012082,1007081
1012082,1019218
1012084,1007447
1012084,1019303
1012086,1018648
1012088,1007651
1012088,1018921
1012089,1019344
1012095,1018701
1012098,1018942
1012100,1018797
1012105,1019195
1012107,1018761
1012108,1019357
1012109,1018679
1012112,1018958
1012114,1018648
1012115,1018648
1012116,1018648
1012117,1018648
1012119,1006509
1012120,1018648
1012122,1019164
1012124,1007081
1012124,1018961
1012127,1018988
1012129,1018727
1012130,1018648
1012133,1019360
1012134,1018868
1012136,1018920
1012138,1006937
1012138,1007081
1012138,1018733
1012138,1018945
1012143,1018668
1012145,1018687
1012149,1018668
1012157,1018814
1012162,1019089
1012162,1019362
1012163,1019026
1012163,1019363
1012166,1019150
1012166,1019172
1012166,1019442
1012166,1019559
1012167,1018802
1012168,1018658
1012170,1018648
1012172,1006587
1012177,1007121
1012178,1018737
1012183,1018695
1012183,1018778
1012184,1019031
1012185,1007081
1012187,1018687
1012190,1007143
1012190,1018781
1012198,1018785
1012199,1018727
1012200,1007081
1012200,1019732
1012202,1006754
1012203,1019354
1012204,1018687
1012205,1018746
1012206,1007081
1012208,1007081
1012215,1019221
1012216,1019099
1012217,1018682
1012218,1018648
1012219,1019364
1012228,1006709
1012229,1018984
1012230,1019365
1012232,1019150
1012232,1019172
1012232,1019366
1012233,1007081
1012235,1018652
1012236,1019367
1012240,1007081
1012240,1018653
1012241,1018978
1012243,1019245
1012245,1018648
1012246,1007143
1012248,1019344
1012251,1007081
1012251,1018667
1012251,1018668
1012253,1018932
1012253,1018977
1012257,1018658
1012259,1018811
1012260,1018811
1012270,1007081
1012270,1019300
1012272,1018648
1012274,1019372
1012275,1019067
1012277,1019175
1012278,1018648
1012290,1007081
1012291,1007081
1012294,1018695
1012294,1019117
1012294,1019118
1012300,1018703
1012303,1007427
1012304,1018727
1012306,1019001
1012307,1007121
1012313,1018703
1012317,1007121
1012318,1007081
1012319,1007081
1012323,1018648
1012324,1019306
1012324,1019307
1012324,1019308
1012326,1019373
1012330,1007081
1012331,1018888
1012333,1018653
1012335,1007233
1012336,1019376
1012337,1019283
1012341,1018798
1012344,1019377
1012349,1019378
1012351,1019222
1012352,1018649
1012354,1019379
1012365,1018632
1012367,1018735
1012369,1018648
1012370,1019131
1012371,1018822
1012372,1018713
1012372,1018991
1012374,1018900
1012376,1018632
1012381,1018656
1012390,1007081
1012390,1018752
1012391,1018811
1012393,1019383
1012398,1006587
1012399,1019169
1012402,1019384
1012405,1018648
1012409,1007121
1012410,1007081
1012410,1019385
1012411,1007081
1012413,1018696
1012413,1019369
1012414,1018648
1012415,1019386
1012419,1019057
1012420,1007081
1012421,1019153
1012422,1007081
1012423,1007583
1012426,1019057
1012429,1007081
1012429,1007143
1012429,1018781
1012430,1007374
1012432,1007121
1012442,1018648
1012446,1007121
1012448,1018712
1012450,1007877
1012452,1018687
1012453,1018662
1012454,1019390
1012455,1019274
1012456,1007583
1012458,1019042
1012461,1018632
1012466,1018648
1012469,1018668
1012470,1007081
1012470,1007143
1012470,1018667
1012472,1007081
1012473,1018834
1012474,1007081
1012475,1018727
1012476,1018685
1012479,1018794
1012482,1006607
1012484,1007121
1012485,1019363
1012488,1007081
1012494,1006937
1012498,1007081
1012498,1007583
1012499,1018662
1012502,1018850
1012506,1018874
1012509,1007583
1012516,1018687
1012520,1019395
1012522,1018648
1012523,1018814
1012529,1007121
1012532,1018662
1012536,1018680
1012537,1018703
1012538,1018816
1012538,1019131
1012539,1018668
1012539,1019091
1012544,1007163
1012545,1019396
1012546,1007378
1012550,1007121
1012553,1018703
1012555,1018653
1012557,1019398
1012562,1018648
1012563,1019399
1012564,1007081
1012565,1007081
1012565,1018957
1012566,1019400
1012567,1007081
1012567,1018704
1012576,1007081
1012579,1019176
1012579,1019401
1012582,1018811
1012587,1018884
1012589,1019402
1012596,1018690
1012599,1007081
1012599,1018961
1012601,1019404
1012604,1018685
1012606,1019405
1012608,1018648
1012610,1007505
1012613,1007121
1012613,1018895
1012613,1018984
1012613,1018985
1012613,1018986
1012613,1019194
1012615,1018674
1012616,1019690
1012616,1019691
1012616,1019692
1012620,1018668
1012622,1019700
1012629,1007755
1012630,1006491
1012632,1007081
1012633,1007081
1012633,1018653
1012637,1019264
1012638,1019189
1012639,1018659
1012639,1018660
1012642,1019408
1012643,1018778
1012644,1018719
1012646,1019319
1012655,1018668
1012656,1018816
1012656,1019410
1012660,1018655
1012661,1018648
1012663,1018648
1012670,1018658
1012671,1018648
1012672,1018648
1012676,1019069
1012678,1018687
1012678,1018713
1012679,1006587
1012683,1018662
1012685,1018775
1012688,1007081
1012688,1018667
1012688,1018668
1012691,1006917
1012691,1019307
1012691,1019308
1012691,1019494
1012693,1019284
1012694,1019037
1012697,1018770
1012697,1019413
1012701,1007081
1012702,1007583
1012703,1018703
1012709,1018632
1012710,1018648
1012712,1007081
1012712,1018653
1012712,1018957
1012713,1007121
1012715,1018632
1012717,1007360
1012720,1006515
1012720,1006587
1012721,1019025
1012722,1019415
1012726,1018652
1012728,1018653
1012733,1018653
1012736,1019269
1012738,1006823
1012742,1019045
1012744,1019417
1012747,1007121
1012750,1018648
1012751,1018727
1012752,1007081
1012752,1007185
1012753,1007081
1012753,1008099
1012753,1008101
1012754,1007583
1012755,1018805
1012757,1007121
1012758,1019296
1012763,1018668
1012764,1018687
1012766,1018762
1012766,1019418
1012767,1018921
1012767,1018922
1012768,1019421
1012769,1019414
1012770,1008005
1012772,1019423
1012773,1019175
1012779,1007427
1012784,1007121
1012785,1018667
1012786,1018932
1012787,1018687
1012791,1018668
1012794,1018648
1012795,1007081
1012799,1007121
1012803,1018653
1012806,1018632
1012808,1019137
1012808,1019326
1012808,1019447
1012809,1007143
1012809,1019392
1012813,1007143
1012813,1018780
1012815,1018997
1012815,1019083
1012817,1019091
1012822,1019393
1012825,1019169
1012827,1019344
1012830,1018690
1012835,1019319
1012838,1019428
1012843,1019581
1012854,1019183
1012856,1006509
1012857,1007121
1012859,1018782
1012862,1006515
1012862,1007384
1012864,1018632
1012866,1007033
1012867,1019429
1012872,1019430
1012875,1018726
1012883,1007447
1012885,1007081
1012892,1018648
1012895,1019827
1012900,1006864
1012902,1006509
1012902,1018702
1012904,1018648
1012907,1007121
1012908,1019431
1012915,1019411
1012917,1007081
1012917,1019422
1012918,1018658
1012919,1006509
1012922,1018653
1012925,1018668
1012926,1018653
1012927,1007656
1012929,1007081
1012930,1019433
1012933,1018751
1012936,1007081
1012938,1018648
1012940,1007081
1012940,1019434
1012941,1018857
1012945,1018746
1012946,1019435
1012949,1007033
1012950,1019436
1012951,1018976
1012958,1019424
1012959,1006509
1012961,1018653
1012964,1018632
1012965,1018662
1012966,1018658
1012968,1018687
1012969,1019437
1012974,1018942
1012975,1007121
1012976,1019438
1012977,1018819
1012982,1019150
1012982,1019172
1012982,1019441
1012982,1019442
1012982,1019443
1012985,1019444
1012986,1018648
1012989,1018779
1012990,1018648
1012991,1019089
1012991,1019445
1012999,1019446
1013004,1018648
1013005,1007081
1013008,1007081
1013008,1019446
1013014,1018648
1013015,1007125
1013016,1018797
1013021,1018668
1013022,1018726
1013025,1018636
1013025,1019447
1013027,1019448
1013028,1019157
1013031,1019451
1013033,1007081
1013034,1019452
1013035,1018760
1013035,1019258
1013035,1019259
1013037,1018713
1013038,1007081
1013038,1018667
1013038,1018668
1013040,1018988
1013043,1007661
1013043,1007950
1013043,1007954
1013043,1018803
1013044,1018690
1013046,1007081
1013047,1018648
1013048,1019028
1013056,1019376
1013057,1006587
1013057,1006589
1013057,1008081
1013064,1019462
1013065,1018677
1013065,1019740
1013066,1018814
1013069,1019169
1013073,1018685
1013076,1018662
1013081,1018727
1013082,1007081
1013083,1007374
1013085,1018703
1013087,1007143
1013087,1018781
1013089,1018694
1013091,1019463
1013093,1018648
1013096,1007121
1013097,1007185
1013102,1006937
1013106,1018648
1013112,1019430
1013114,1007121
1013127,1018648
1013130,1007121
1013130,1019545
1013131,1019378
1013135,1007583
1013138,1018979
1013139,1019464
1013141,1007121
1013141,1019431
1013142,1018702
1013143,1006509
1013148,1019374
1013150,1006587
1013151,1006515
1013151,1018803
1013152,1006509
1013154,1018685
1013162,1018687
1013166,1018726
1013171,1018650
1013172,1006509
1013172,1018702
1013174,1018727
1013175,1019186
1013179,1018703
1013180,1019467
1013181,1019468
1013189,1006847
1013189,1018850
1013190,1018914
1013196,1007143
1013196,1019261
1013200,1018648
1013202,1007081
1013204,1019470
1013209,1018714
1013211,1018743
1013217,1018662
1013218,1018993
1013220,1007081
1013221,1018687
1013223,1018746
1013225,1007121
1013231,1018648
1013233,1006515
1013237,1018648
1013239,1019314
1013240,1019243
1013242,1019152
1013246,1018722
1013247,1007081
1013247,1019471
1013248,1018695
1013252,1019286
1013253,1018802
1013254,1007081
1013256,1019222
1013257,1006660
1013258,1006660
1013263,1006643
1013263,1007081
1013265,1019066
1013267,1007427
1013268,1018658
1013273,1018737
1013278,1019475
1013281,1007081
1013281,1019476
1013282,1007121
1013284,1019477
1013287,1007051
1013287,1018653
1013288,1018658
1013289,1018685
1013291,1018696
1013291,1018777
1013291,1018778
1013298,1019478
1013302,1019479
1013309,1018690
1013310,1018703
1013312,1007161
1013312,1008081
1013313,1007081
1013313,1019730
1013314,1007143
1013314,1018639
1013314,1018640
1013315,1018771
1013321,1018725
1013322,1007081
1013323,1019481
1013326,1018648
1013329,1018686
1013335,1007081
1013335,1018653
1013340,1019162
1013342,1007384
1013343,1018770
1013343,1019410
1013344,1007121
1013346,1006509
1013347,1018648
1013349,1018932
1013351,1007081
1013351,1018667
1013351,1018668
1013352,1006937
1013352,1007081
1013352,1018653
1013353,1018902
1013353,1019089
1013355,1006509
1013361,1007081
1013361,1019484
1013362,1006509
1013362,1018702
1013368,1007121
1013369,1019131
1013371,1007081
1013373,1006491
1013377,1007081
1013377,1019333
1013379,1007081
1013379,1018914
1013383,1018690
1013386,1018648
1013389,1006589
1013389,1018847
1013389,1018920
1013390,1019390
1013391,1007121
1013392,1019143
1013392,1019144
1013393,1007447
1013396,1018687
1013397,1019486
1013397,1019487
1013399,1019488
1013400,1019489
1013402,1018648
1013407,1019291
1013408,1019490
1013410,1007081
1013413,1019240
1013414,1007427
1013414,1018687
1013415,1007583
1013417,1007583
1013418,1019347
1013419,1018687
1013425,1019492
1013426,1007330
1013430,1007033
1013434,1018650
1013439,1006754
1013441,1019051
1013442,1018775
1013443,1018700
1013444,1018988
1013444,1019131
1013445,1018886
1013448,1019025
1013449,1007081
1013451,1018687
1013458,1018653
1013458,1019175
1013459,1018685
1013460,1006334
1013463,1019366
1013463,1019494
1013465,1019453
1013466,1019368
1013467,1018732
1013470,1018653
1013475,1018648
1013477,1007121
1013478,1018695
1013478,1018979
1013481,1018727
1013482,1018648
1013483,1018888
1013484,1019495
1013485,1006509
1013485,1018702
1013486,1018658
1013487,1006509
1013488,1019028
1013489,1019496
1013491,1007121
1013498,1018843
1013503,1007081
1013506,1018713
1013508,1007081
1013511,1019503
1013520,1019456
1013520,1019504
1013522,1018687
1013523,1019456
1013525,1018713
1013529,1006589
1013532,1018719
1013533,1018892
1013534,1019506
1013535,1007081
1013535,1018881
1013537,1007081
1013540,1018648
1013543,1018682
1013544,1007121
1013545,1019374
1013545,1019416
1013545,1019507
1013546,1019508
1013548,1018704
1013555,1019509
1013556,1019160
1013557,1018648
1013558,1019510
1013559,1006509
1013560,1018942
1013562,1018965
1013567,1007121
1013569,1018648
1013570,1018679
1013571,1007583
1013572,1018650
1013573,1018889
1013575,1019189
1013579,1018648
1013584,1007081
1013584,1018667
1013584,1018668
1013587,1019512
1013590,1007583
1013593,1019123
1013597,1018648
1013599,1018785
1013600,1019160
1013601,1007427
1013604,1019243
1013607,1018650
1013610,1018632
1013611,1019169
1013613,1019430
1013616,1019365
1013617,1018668
1013618,1006436
1013618,1007143
1013620,1018811
1013622,1018657
1013627,1018727
1013631,1007121
1013632,1007143
1013633,1007047
1013634,1006729
1013634,1007089
1013638,1007081
1013638,1018653
1013639,1007121
1013642,1007081
1013642,1018913
1013643,1007081
1013643,1019332
1013644,1007121
1013645,1019516
1013648,1007081
1013648,1019091
1013650,1018981
1013651,1018740
1013654,1007427
1013658,1019031
1013659,1019344
1013660,1018703
1013661,1007121
1013662,1007121
1013663,1018978
1013664,1019501
1013666,1007121
1013667,1018668
1013667,1019381
1013670,1019171
1013671,1018648
1013675,1019095
1013676,1007081
1013685,1018685
1013686,1018679
1013687,1018696
1013687,1018777
1013687,1018778
1013689,1018951
1013689,1018984
1013689,1018985
1013689,1018986
1013689,1019193
1013689,1019659
1013689,1019660
1013696,1006509
1013696,1018702
1013700,1019350
1013702,1007081
1013702,1019161
1013704,1018686
1013707,1007121
1013709,1018648
1013711,1007163
1013718,1018650
1013719,1018798
1013722,1018737
1013724,1018658
1013725,1007081
1013725,1018667
1013725,1018668
1013726,1018658
1013729,1018967
1013732,1018942
1013735,1007081
1013735,1007374
1013736,1018737
1013737,1006893
1013741,1019519
1013744,1018703
1013747,1019520
1013748,1018954
1013749,1007121
1013752,1006509
1013752,1007143
1013752,1019261
1013758,1019522
1013761,1007081
1013761,1019497
1013762,1007081
1013762,1019096
1013769,1007081
1013771,1019049
1013773,1019729
1013774,1018653
1013774,1018886
1013779,1019523
1013781,1018749
1013783,1018686
1013788,1019563
1013788,1019564
1013789,1007121
1013792,1019524
1013794,1018658
1013796,1018648
1013799,1007143
1013801,1018743
1013803,1007427
1013807,1019049
1013809,1007081
1013810,1018726
1013811,1018726
1013813,1007081
1013815,1007081
1013816,1018632
1013818,1018659
1013818,1018660
1013818,1018661
1013818,1018982
1013818,1018993
1013821,1018632
1013822,1019526
1013830,1018679
1013837,1018668
1013839,1018658
1013840,1019528
1013840,1019529
1013844,1018985
1013846,1006509
1013851,1018703
1013856,1019406
1013859,1007081
1013859,1007378
1013862,1018797
1013866,1018632
1013870,1007427
1013877,1018648
1013880,1007161
1013882,1018727
1013883,1007081
1013883,1018653
1013885,1018798
1013886,1006937
1013886,1007081
1013886,1018733
1013886,1018945
1013893,1007378
1013894,1018726
1013895,1018687
1013896,1007713
1013897,1007143
1013899,1019436
1013901,1018668
1013902,1018662
1013905,1018758
1013909,1019189
1013910,1018661
1013911,1019532
1013912,1018687
1013924,1018662
1013929,1006587
1013931,1018822
1013932,1007081
1013932,1018653
1013932,1019230
1013933,1007081
1013934,1018847
1013934,1018920
1013935,1007081
1013935,1018768
1013935,1018803
1013939,1019073
1013942,1018727
1013943,1007237
1013944,1018978
1013946,1019160
1013948,1007143
1013948,1019392
1013949,1018942
1013951,1007081
1013952,1019534
1013956,1018695
1013956,1018777
1013956,1019118
1013963,1018639
1013966,1018648
1013970,1018658
1013972,1018917
1013973,1018648
1013975,1007033
1013976,1007661
1013983,1018687
1013984,1007883
1013984,1018653
1013985,1007081
1013985,1018653
1013987,1019535
1013991,1018662
1013992,1018743
1013994,1007447
1014000,1018726
1014003,1018632
1014004,1019502
1014009,1019134
1014011,1018786
1014016,1018649
1014017,1019306
1014020,1018687
1014021,1019539
1014023,1019540
1014026,1018648
1014027,1007376
1014027,1007505
1014033,1019542
1014034,1018687
1014034,1018703
1014037,1006587
1014039,1018674
1014041,1018751
1014043,1006587
1014043,1006589
1014043,1006971
1014043,1007109
1014043,1007161
1014043,1007163
1014043,1007165
1014043,1007376
1014043,1007378
1014043,1007380
1014043,1007382
1014043,1007384
1014043,1007386
1014043,1007505
1014043,1007651
1014043,1007973
1014043,1007975
1014048,1019722
1014048,1019723
1014048,1019724
1014049,1007143
1014050,1019179
1014059,1019194
1014059,1019543
1014060,1018648
1014061,1019290
1014064,1007121
1014065,1018843
1014066,1006438
1014071,1018703
1014073,1006547
1014075,1019544
1014076,1018648
1014077,1006509
1014077,1007081
1014077,1008103
1014078,1007081
1014091,1007143
1014092,1018662
1014093,1018785
1014095,1019148
1014097,1007427
1014098,1007121
1014098,1019545
1014099,1018648
1014100,1018797
1014104,1019558
1014105,1006519
1014117,1007081
1014118,1018648
1014119,1018648
1014120,1019091
1014123,1018668
1014124,1007081
1014124,1019547
1014125,1018674
1014127,1018648
1014129,1007378
1014133,1018703
1014135,1019296
1014136,1006615
1014136,1007081
1014137,1018781
1014139,1007081
1014140,1018722
1014143,1018775
1014144,1018715
1014147,1006864
1014149,1018648
1014150,1018648
1014153,1019548
1014156,1018740
1014158,1018652
1014161,1019549
1014163,1018696
1014163,1018777
1014163,1019574
1014167,1006491
1014167,1008040
1014171,1019550
1014179,1019246
1014181,1019220
1014183,1007051
1014183,1018653
1014185,1006509
1014185,1018702
1014189,1018984
1014194,1007081
1014194,1018667
1014194,1018668
1014196,1018811
1014200,1018648
1014201,1019551
1014206,1018648
1014209,1018843
1014210,1006438
1014212,1018699
1014215,1018648
1014219,1007081
1014220,1018632
1014221,1018843
1014229,1019553
1014236,1019554
1014237,1006864
1014237,1007203
1014238,1007161
1014238,1007378
1014238,1018668
1014239,1018674
1014241,1018668
1014241,1019381
1014243,1018703
1014244,1019555
1014247,1018932
1014252,1018981
1014253,1019540
1014255,1019037
1014258,1019430
1014259,1018685
1014261,1019557
1014262,1018653
1014262,1019344
1014262,1019558
1014263,1018642
1014264,1019243
1014270,1007121
1014271,1018860
1014273,1018648
1014274,1018942
1014280,1018740
1014295,1019561
1014300,1007081
1014300,1018958
1014301,1007081
1014304,1006509
1014306,1018650
1014308,1018648
1014309,1018955
1014310,1018685
1014313,1019169
1014315,1018653
1014315,1018885
1014315,1018981
1014319,1018781
1014322,1018687
1014323,1006937
1014323,1007081
1014323,1018732
1014323,1018733
1014324,1018641
1014326,1018648
1014328,1018685
1014331,1018685
1014332,1007427
1014334,1019566
1014336,1019163
1014339,1018636
1014342,1006515
1014343,1018668
1014343,1019567
1014345,1019250
1014347,1018726
1014348,1007362
1014357,1018687
1014365,1007081
1014365,1019568
1014367,1006509
1014367,1018702
1014369,1018648
1014372,1018675
1014373,1019260
1014374,1006515
1014374,1007081
1014376,1019091
1014378,1007747
1014378,1019040
1014382,1019162
1014383,1007447
1014383,1018703
1014384,1018668
1014384,1018781
1014386,1006660
1014388,1018668
1014389,1018648
1014390,1018648
1014393,1019361
1014394,1019552
1014396,1019114
1014404,1019267
1014404,1019569
1014411,1019570
1014417,1019564
1014417,1019737
1014420,1018656
1014420,1019271
1014420,1019572
1014422,1007121
1014422,1007378
1014427,1019573
1014429,1018668
1014429,1018781
1014430,1007129
1014431,1018699
1014436,1019131
1014437,1018648
1014446,1019575
1014449,1018649
1014454,1007447
1014457,1018746
1014458,1018655
1014458,1018668
1014459,1018785
1014460,1018988
1014460,1019131
1014461,1007081
1014463,1007081
1014463,1018843
1014465,1006587
1014465,1007081
1014465,1019578
1014466,1018662
1014468,1019400
1014470,1006937
1014472,1007081
1014473,1019580
1014474,1006509
1014475,1018653
1014475,1019581
1014479,1007427
1014486,1019054
1014493,1018648
1014495,1007378
1014498,1006509
1014499,1007143
1014500,1018686
1014504,1019695
1014505,1018653
1014507,1018690
1014508,1018687
1014510,1019582
1014511,1007081
1014512,1018649
1014513,1018668
1014516,1007747
1014516,1008103
1014516,1018847
1014516,1018921
1014516,1019191
1014516,1019754
1014523,1007747
1014527,1018687
1014529,1018888
1014533,1006727
1014533,1007047
1014533,1007089
1014533,1018953
1014533,1019242
1014533,1019321
1014533,1019502
1014533,1019583
1014545,1018648
1014547,1007081
1014547,1018733
1014547,1018945
1014547,1018961
1014548,1006509
1014548,1007161
1014548,1007163
1014548,1007239
1014548,1007378
1014548,1007384
1014548,1007661
1014548,1007950
1014548,1007954
1014548,1018792
1014549,1019584
1014550,1018851
1014551,1019109
1014553,1007121
1014554,1018923
1014557,1018781
1014557,1019091
1014558,1018649
1014563,1018888
1014563,1019026
1014564,1019162
1014568,1006509
1014569,1007051
1014569,1018653
1014571,1018658
1014573,1006491
1014579,1018653
1014580,1018668
1014581,1007081
1014581,1019578
1014583,1007121
1014585,1018749
1014586,1018957
1014587,1018958
1014588,1018727
1014590,1019331
1014594,1018918
1014596,1018900
1014596,1019251
1014597,1018694
1014598,1019587
1014599,1007231
1014601,1019142
1014609,1018775
1014611,1018687
1014615,1018703
1014616,1019589
1014619,1018647
1014621,1018667
1014622,1007111
1014623,1018687
1014625,1019590
1014633,1019098
1014634,1007081
1014634,1018958
1014635,1007081
1014635,1007374
1014639,1007143
1014641,1018658
1014642,1018751
1014643,1018648
1014644,1019428
1014647,1019160
1014650,1007378
1014655,1018668
1014658,1018713
1014660,1018860
1014661,1018668
1014666,1018886
1014668,1019347
1014669,1018687
1014671,1018726
1014672,1019002
1014674,1018648
1014675,1018650
1014678,1008099
1014678,1019465
1014679,1007856
1014679,1007879
1014680,1018687
1014681,1018668
1014686,1018648
1014687,1019592
1014689,1007047
1014689,1018940
1014692,1007427
1014693,1007378
1014695,1018776
1014696,1007143
1014699,1018679
1014700,1018988
1014701,1018957
1014702,1018662
1014704,1018664
1014704,1019583
1014706,1019017
1014708,1006509
1014713,1018785
1014714,1019593
1014719,1018648
1014720,1018668
1014721,1006509
1014722,1019210
1014723,1018649
1014724,1018703
1014725,1007081
1014725,1007380
1014727,1019064
1014727,1019089
1014728,1018703
1014733,1007081
1014733,1018843
1014736,1018658
1014737,1019594
1014739,1018702
1014741,1018722
1014744,1006847
1014744,1018850
1014747,1018668
1014748,1006509
1014748,1007081
1014748,1007185
1014748,1019595
1014749,1007081
1014755,1007121
1014756,1019102
1014766,1018656
1014767,1018668
1014770,1018648
1014774,1007362
1014779,1007081
1014780,1006509
1014780,1006515
1014780,1007376
1014780,1007378
1014782,1019597
1014783,1019228
1014786,1018819
1014788,1006587
1014790,1018648
1014791,1018737
1014796,1007081
1014796,1018667
1014796,1018668
1014801,1019524
1014803,1007081
1014804,1019599
1014805,1007081
1014805,1019600
1014807,1006391
1014807,1018719
1014811,1007081
1014811,1018667
1014813,1018713
1014814,1018797
1014815,1006660
1014816,1018632
1014818,1007129
1014825,1007973
1014826,1018864
1014826,1019602
1014827,1007235
1014829,1018648
1014830,1019603
1014833,1018685
1014834,1006782
1014837,1019605
1014838,1019126
1014839,1018647
1014847,1007447
1014848,1019607
1014849,1018648
1014852,1018668
1014855,1006847
1014855,1018850
1014856,1018648
1014857,1018702
1014860,1018959
1014862,1007427
1014870,1006509
1014871,1019611
1014873,1018774
1014875,1019017
1014876,1018767
1014881,1018911
1014882,1018648
1014883,1007121
1014884,1007081
1014886,1019192
1014886,1019238
1014887,1019540
1014888,1018662
1014889,1018714
1014891,1007121
1014892,1018695
1014892,1018979
1014893,1018667
1014898,1018995
1014902,1018648
1014906,1018653
1014910,1006587
1014911,1019613
1014914,1018662
1014916,1019222
1014918,1018648
1014919,1007656
1014920,1019482
1014922,1007081
1014925,1018632
1014928,1018727
1014930,1007330
1014931,1018703
1014939,1018687
1014939,1018713
1014940,1018693
1014940,1019508
1014945,1019615
1014947,1018658
1014949,1019024
1014949,1019635
1014952,1018648
1014953,1019616
1014955,1019617
1014957,1019540
1014962,1018679
1014963,1018650
1014964,1019618
1014966,1018662
1014973,1019620
1014974,1019621
1014975,1018649
1014979,1007081
1014979,1019381
1014982,1007033
1014986,1019371
1014990,1006509
1014993,1018648
1014994,1018668
1014995,1018847
1014995,1018920
1014996,1018685
1014999,1019466
1015009,1018653
1015014,1007121
1015019,1019623
1015020,1007129
1015024,1018648
1015025,1018847
1015025,1018920
1015028,1019624
1015030,1007330
1015033,1019625
1015034,1007447
1015035,1007081
1015035,1019298
1015037,1019257
1015038,1018687
1015043,1018674
1015047,1019169
1015049,1006776
1015050,1007081
1015050,1018667
1015050,1018668
1015051,1019626
1015052,1007121
1015058,1018648
1015059,1019170
1015061,1007583
1015067,1007081
1015067,1018653
1015067,1019001
1015068,1007081
1015068,1007374
1015068,1018653
1015069,1018715
1015071,1006937
1015074,1007121
1015075,1018685
1015077,1006515
1015077,1007081
1015078,1018686
1015082,1007523
1015085,1018685
1015086,1018685
1015087,1018648
1015095,1018658
1015096,1018932
1015100,1019629
1015103,1007378
1015106,1019568
1015108,1018648
1015110,1019105
1015111,1007081
1015111,1018668
1015111,1019381
1015114,1019446
1015115,1018648
1015118,1018648
1015121,1008081
1015123,1006660
1015123,1007081
1015129,1018722
1015130,1018682
1015131,1018668
1015134,1007121
1015137,1019626
1015139,1019049
1015141,1018679
1015142,1018737
1015145,1007447
1015145,1018687
1015148,1007755
1015150,1018681
1015164,1018687
1015173,1006491
1015173,1008040
1015175,1018775
1015176,1018674
1015179,1007121
1015180,1019284
1015181,1018727
1015182,1018752
1015183,1019211
1015184,1018822
1015188,1018648
1015189,1018845
1015192,1007081
1015192,1019632
1015194,1019633
1015196,1007121
1015198,1007089
1015199,1018864
1015199,1019011
1015199,1019150
1015199,1019443
1015199,1019634
1015202,1018648
1015203,1006660
1015206,1018648
1015211,1007427
1015216,1007081
1015216,1018653
1015216,1018957
1015217,1006729
1015218,1006615
1015218,1018648
1015223,1018703
1015225,1018653
1015232,1018658
1015233,1007081
1015233,1018667
1015233,1018668
1015234,1018648
1015240,1019638
1015241,1006864
1015242,1007427
1015244,1006334
1015245,1006491
1015247,1007121
1015250,1018703
1015252,1007427
1015253,1006436
1015253,1007143
1015258,1018749
1015261,1018687
1015263,1018715
1015263,1019276
1015267,1018715
1015271,1007747
1015272,1018785
1015280,1018877
1015284,1018653
1015286,1018682
1015294,1019642
1015295,1019121
1015296,1007121
1015299,1006509
1015300,1018757
1015301,1007583
1015302,1019644
1015303,1018648
1015304,1019645
1015305,1018797
1015313,1007121
1015314,1018689
1015315,1007653
1015317,1019616
1015321,1018942
1015322,1007121
1015323,1019646
1015324,1007081
1015324,1018667
1015324,1018668
1015325,1007081
1015325,1018653
1015326,1019647
1015330,1007081
1015333,1006937
1015333,1007081
1015333,1019480
1015334,1018662
1015342,1018679
1015346,1018662
1015348,1007374
1015349,1019028
1015355,1007121
1015358,1019468
1015359,1018653
1015370,1018702
1015371,1019292
1015371,1019649
1015372,1007081
1015372,1019631
1015374,1007084
1015374,1018653
1015382,1018685
1015383,1019089
1015383,1019472
1015384,1018807
1015386,1018662
1015387,1018662
1015390,1018648
1015393,1006509
1015393,1018702
1015394,1007121
1015397,1018778
1015399,1007081
1015402,1018648
1015403,1007583
1015404,1019651
1015405,1007081
1015405,1018667
1015405,1018668
1015408,1006937
1015409,1007121
1015410,1019652
1015412,1018900
1015413,1007121
1015417,1007905
1015418,1007583
1015419,1018648
1015420,1018648
1015421,1007997
1015422,1019186
1015424,1007378
1015425,1019024
1015426,1019301
1015430,1018668
1015431,1018668
1015434,1007143
1015436,1007121
1015441,1018648
1015445,1018652
1015447,1018727
1015452,1018958
1015453,1019205
1015454,1007143
1015454,1018768
1015455,1006509
1015456,1019213
1015457,1007081
1015457,1018881
1015461,1007796
1015463,1019086
1015464,1019211
1015466,1018685
1015469,1007081
1015472,1018648
1015473,1019655
1015476,1019656
1015479,1018648
1015480,1018657
1015481,1007081
1015481,1019174
1015486,1018981
1015489,1018802
1015490,1018920
1015491,1019515
1015492,1019180
1015493,1019657
1015495,1007081
1015496,1019658
1015501,1007143
1015504,1019024
1015506,1018662
1015509,1019661
1015510,1019176
1015511,1019376
1015512,1019662
1015516,1019500
1015518,1019153
1015519,1019663
1015523,1018650
1015525,1018648
1015527,1018690
1015530,1019664
1015532,1006615
1015534,1019666
1015535,1006448
1015537,1018658
1015539,1007121
1015540,1007121
1015543,1019540
1015545,1018648
1015551,1018685
1015553,1019670
1015554,1018648
1015556,1018703
1015558,1018952
1015558,1019770
1015561,1018648
1015567,1007427
1015568,1018686
1015570,1019018
1015572,1019089
1015572,1019671
1015575,1018668
1015576,1018909
1015578,1006515
1015578,1006615
1015578,1007376
1015578,1007973
1015581,1019400
1015583,1007081
1015584,1006864
1015587,1019498
1015588,1018687
1015589,1006509
1015589,1006515
1015589,1007161
1015589,1007163
1015589,1007378
1015590,1007380
1015591,1007081
1015591,1018881
1015592,1019672
1015593,1007121
1015594,1019459
1015597,1018648
1015600,1018649
1015607,1018703
1015609,1019034
1015612,1019344
1015614,1019543
1015616,1019204
1015617,1018723
1015618,1007081
1015618,1007583
1015620,1006515
1015627,1019699
1015629,1006937
1015631,1018763
1015632,1019675
1015634,1018662
1015641,1019676
1015642,1018714
1015643,1018682
1015645,1019412
1015649,1007081
1015651,1019175
1015672,1018979
1015673,1018872
1015674,1018699
1015677,1008040
1015691,1018648
1015694,1018685
1015696,1007163
1015701,1007081
1015701,1007143
1015701,1018768
1015701,1018920
1015708,1007121
1015717,1018877
1015721,1018687
1015723,1007143
1015726,1019169
1015727,1018829
1015729,1019086
1015731,1018648
1015732,1019089
1015732,1019273
1015734,1007427
1015734,1018687
1015740,1018662
1015743,1019482
1015744,1018816
1015747,1018746
1015751,1019678
1015752,1019679
1015753,1019680
1015755,1007121
1015758,1018669
1015761,1018998
1015763,1018632
1015765,1018687
1015769,1019423
1015770,1007185
1015772,1007081
1015774,1019682
1015775,1018833
1015776,1018648
1015778,1006937
1015780,1019684
1015791,1019522
1015792,1007185
1015793,1007081
1015795,1006587
1015796,1007081
1015796,1007583
1015800,1019194
1015806,1018648
1015807,1018690
1015811,1018662
1015814,1018653
1015816,1018686
1015819,1007033
1015820,1018632
1015823,1019164
1015828,1007121
1015829,1018737
1015830,1019688
1015831,1007121
1015836,1007081
1015836,1018961
1015842,1008103
1015843,1007081
1015843,1018914
1015844,1018760
1015844,1019156
1015848,1018914
1015850,1019160
1015852,1019073
1015853,1018635
1015853,1018905
1015853,1019137
1015853,1019447
1015855,1018746
1015856,1006509
1015856,1007747
1015856,1018668
1015856,1018881
1015860,1018668
1015862,1007081
1015862,1019689
1015863,1007121
1015863,1018725
1015867,1019321
1015870,1007656
1015872,1018668
1015873,1019675
1015875,1018726
1015878,1018658
1015879,1006587
1015882,1007081
1015883,1007081
1015884,1019028
1015884,1019518
1015885,1019693
1015886,1019423
1015888,1019694
1015889,1006509
1015890,1007143
1015892,1007121
1015893,1018679
1015903,1018725
1015906,1018648
1015907,1019695
1015908,1006491
1015908,1007989
1015908,1008040
1015910,1019350
1015914,1018732
1015915,1019053
1015917,1018648
1015919,1007583
1015924,1019152
1015926,1018648
1015928,1007081
1015928,1018667
1015928,1018668
1015929,1019005
1015933,1018687
1015937,1018648
1015938,1019697
1015939,1018648
1015940,1018695
1015944,1018916
1015946,1007081
1015950,1018632
1015951,1007121
1015953,1019166
1015954,1019154
1015955,1019001
1015956,1006509
1015957,1019163
1015959,1018689
1015960,1007121
1015961,1018685
1015962,1018648
1015964,1018703
1015967,1019684
1015968,1018668
1015969,1019698
1015970,1007121
1015975,1018648
1015979,1019268
1015980,1007427
1015982,1006509
1015987,1018685
1015991,1007081
1015991,1018653
1015995,1018648
1015996,1018679
1015997,1019616
1016000,1018687
1016003,1019073
1016005,1018707
1016005,1018925
1016009,1007985
1016010,1007386
1016012,1007081
1016013,1018954
1016015,1018653
1016016,1019380
1016017,1018803
1016017,1018847
1016018,1019334
1016019,1019430
1016022,1018668
1016023,1018749
1016024,1018662
1016025,1018686
1016026,1006864
1016026,1018653
1016027,1007121
1016028,1019236
1016029,1018648
1016030,1018715
1016030,1019131
1016031,1018648
1016035,1018908
1016037,1007471
1016042,1019648
1016044,1006509
1016044,1006515
1016044,1007161
1016044,1007163
1016044,1007378
1016044,1007505
1016046,1018931
1016048,1007121
1016051,1018841
1016057,1018661
1016057,1018845
1016058,1018648
1016060,1018674
1016061,1018988
1016062,1007081
1016062,1007883
1016062,1018653
1016062,1018885
1016066,1018851
1016067,1019701
1016071,1018648
1016075,1019588
1016076,1006438
1016076,1018843
1016077,1007081
1016077,1018667
1016077,1018668
1016078,1019702
1016082,1018693
1016082,1019703
1016084,1018831
1016086,1018726
1016087,1018838
1016090,1019651
1016092,1018686
1016093,1006864
1016096,1007121
1016101,1018967
1016102,1007121
1016103,1018668
1016111,1019678
1016112,1019009
1016113,1018696
1016113,1018777
1016113,1018778
1016116,1019357
1016117,1018687
1016118,1019707
1016123,1019708
1016125,1018955
1016126,1006589
1016127,1007374
1016128,1019542
1016130,1007081
1016130,1018653
1016132,1018976
1016134,1018648
1016139,1007081
1016144,1007583
1016145,1018797
1016147,1018648
1016150,1019222
1016157,1006937
1016157,1007081
1016157,1018733
1016157,1018945
1016161,1006802
1016163,1018678
1016163,1018984
1016166,1006587
1016169,1018761
1016170,1018846
1016174,1018687
1016180,1018693
1016181,1019339
1016184,1018668
1016185,1019709
1016186,1019669
1016188,1018646
1016190,1007755
1016194,1018648
1016196,1018685
1016199,1019665
1016200,1018785
1016203,1018682
1016204,1019668
1016205,1019285
1016207,1019073
1016209,1007121
1016212,1018645
1016214,1007081
1016214,1018653
1016215,1008081
1016219,1019514
1016220,1018703
1016222,1007121
1016223,1019711
1016226,1018687
1016229,1006491
1016229,1008040
1016234,1019525
1016239,1018650
1016240,1019026
1016242,1018785
1016243,1007081
1016243,1007084
1016246,1019440
1016249,1007121
1016252,1018678
1016253,1018647
1016254,1018687
1016257,1019163
1016259,1019714
1016263,1019085
1016264,1007081
1016265,1018651
1016267,1018797
1016268,1018885
1016272,1007447
1016273,1019715
1016277,1006521
1016278,1018775
1016279,1018649
1016280,1018685
1016282,1006615
1016287,1019716
1016290,1019717
1016293,1019141
1016295,1018721
1016296,1018674
1016297,1019738
1016299,1018682
1016302,1018668
1016311,1018703
1016318,1019482
1016319,1019402
1016321,1018932
1016324,1006937
1016328,1019716
1016331,1018701
1016334,1019613
1016335,1007505
1016343,1018699
1016343,1019643
1016347,1007121
1016348,1018648
1016351,1018653
1016354,1018811
1016356,1018658
1016358,1007051
1016359,1018648
1016363,1007121
1016366,1019718
1016369,1006800
1016371,1018674
1016374,1018679
1016376,1018632
1016377,1007081
1016378,1019714
1016379,1018785
1016384,1019275
1016385,1007447
1016387,1007330
1016390,1019585
1016392,1018687
1016393,1019152
1016393,1019720
1016395,1019370
1016396,1019116
1016396,1019517
1016396,1019614
1016398,1007081
1016399,1007081
1016399,1007378
1016400,1018662
1016401,1018662
1016403,1019028
1016406,1007121
1016407,1007121
1016409,1006587
1016409,1006589
1016409,1018803
1016410,1018658
1016411,1018942
1016412,1006937
1016413,1007084
1016413,1018653
1016414,1007081
1016414,1019298
1016419,1018749
1016422,1007447
1016426,1019726
1016427,1018966
1016428,1006509
1016428,1018702
1016429,1007081
1016433,1019309
1016434,1007121
1016438,1018785
1016445,1018785
1016445,1019026
1016449,1018802
1016453,1018732
1016456,1018695
1016456,1018761
1016457,1019729
1016459,1018687
1016461,1019344
1016464,1007121
1016465,1018740
1016467,1018648
1016468,1018679
1016469,1007081
1016469,1018653
1016470,1007081
1016473,1018737
1016477,1018687
1016481,1019102
1016482,1019731
1016483,1019033
1016486,1018778
1016487,1007121
1016488,1018648
1016494,1006509
1016494,1018702
1016497,1007583
1016502,1019290
1016503,1007081
1016508,1007103
1016509,1007814
1016512,1007427
1016518,1018811
1016520,1019733
1016523,1018725
1016524,1019473
1016525,1007081
1016527,1018648
1016528,1006800
1016528,1007081
1016531,1019239
1016532,1007081
1016534,1019034
1016534,1019734
1016537,1007143
1016537,1019261
1016538,1018662
1016539,1018662
1016540,1018802
1016541,1006509
1016541,1006589
1016541,1007081
1016541,1007161
1016541,1007163
1016541,1007165
1016545,1007081
1016549,1019736
1016550,1006509
1016550,1006515
1016550,1007165
1016554,1019394
1016555,1019550
1016557,1018978
1016558,1007121
1016561,1006509
1016561,1006515
1016562,1006509
1016565,1019478
1016567,1018785
1016567,1019297
1016569,1007121
1016571,1018785
1016572,1007121
1016573,1018888
1016573,1019060
1016576,1019618
1016580,1007081
1016580,1019173
1016581,1019509
1016584,1006509
1016584,1007081
1016584,1007376
1016586,1007121
1016588,1019021
1016589,1018658
1016590,1018687
1016592,1018662
1016594,1018693
1016594,1018915
1016597,1018839
1016599,1019001
1016604,1018879
1016605,1018687
1016606,1018668
1016610,1018894
1016611,1019739
1016615,1018775
1016619,1018648
1016620,1007143
1016624,1018648
1016626,1007121
1016628,1018978
1016629,1019524
1016630,1019612
1016632,1018696
1016632,1018777
1016632,1018778
1016633,1007185
1016635,1006448
1016635,1019666
1016636,1018685
1016640,1018799
1016641,1006509
1016643,1019390
1016644,1007301
1016646,1007081
1016646,1007747
1016648,1018682
1016652,1018648
1016657,1018668
1016658,1007661
1016661,1018699
1016663,1018682
1016664,1019509
1016666,1006509
1016669,1018755
1016669,1018772
1016670,1007121
1016671,1006509
1016671,1018702
1016672,1007427
1016673,1018658
1016675,1018653
1016678,1007081
1016678,1019091
1016680,1007161
1016682,1018695
1016683,1018650
1016684,1018687
1016684,1018713
1016690,1018727
1016691,1007081
1016692,1019104
1016695,1018668
1016696,1007081
1016696,1018655
1016697,1018674
1016701,1018685
1016703,1019281
1016704,1019226
1016704,1019296
1016706,1007121
1016707,1019742
1016708,1006587
1016709,1018997
1016713,1018649
1016714,1019089
1016714,1019315
1016717,1006509
1016717,1007081
1016717,1018668
1016717,1018881
1016720,1018687
1016722,1006509
1016724,1018737
1016727,1018770
1016728,1007121
1016729,1018786
1016731,1018648
1016732,1018668
1016733,1006587
1016733,1007081
1016736,1019035
1016737,1018648
1016738,1019722
1016738,1019723
1016738,1019724
1016744,1018843
1016746,1018726
1016753,1006782
1016756,1018860
1016762,1007081
1016762,1018667
1016762,1018668
1016764,1019356
1016766,1019028
1016767,1018632
1016770,1006587
1016771,1007081
1016774,1019356
1016778,1018687
1016781,1006693
1016781,1007081
1016784,1018648
1016786,1006515
1016791,1019744
1016792,1007407
1016792,1018736
1016792,1018870
1016792,1018871
1016792,1018880
1016796,1006587
1016797,1018632
1016800,1019028
1016802,1007121
1016805,1007081
1016808,1007081
1016808,1019173
1016810,1007505
1016811,1018648
1016815,1018649
1016821,1006509
1016823,1019286
1016826,1019746
1016828,1006660
1016829,1018668
1016833,1007081
1016838,1019400
1016839,1019629
1016844,1019065
1016845,1018632
1016847,1019747
1016848,1018648
1016850,1019373
1016858,1018699
1016859,1018699
1016862,1018682
1016869,1007081
1016869,1018653
1016873,1018648
1016874,1007121
1016875,1019413
1016876,1019347
1016878,1019456
1016879,1007081
1016879,1019476
1016883,1018966
1016886,1018685
1016888,1006509
1016888,1018702
1016891,1006515
1016891,1006587
1016891,1007378
1016892,1007121
1016897,1018775
1016899,1018703
1016903,1018662
1016908,1018648
1016909,1018722
1016911,1018711
1016913,1007033
1016914,1018648
1016915,1018648
1016918,1018658
1016919,1018942
1016922,1019550
1016930,1019163
1016931,1018749
1016932,1006509
1016932,1018702
1016933,1018797
1016937,1019741
1016940,1018988
1016940,1019413
1016941,1019749
1016941,1019750
1016941,1019751
1016941,1019752
1016942,1018942
1016943,1018737
1016945,1019544
1016949,1007081
1016953,1018658
1016958,1006854
1016961,1006660
1016964,1006847
1016964,1018850
1016970,1018653
1016972,1018648
1016976,1007081
1016978,1018699
1016980,1019160
1016984,1018942
1016987,1018687
1016988,1007081
1016992,1006509
1016992,1006515
1016992,1007380
1016993,1007081
1016994,1019399
1017000,1007081
1017000,1007505
1017001,1019125
1017006,1019002
1017012,1019245
1017013,1019448
1017019,1007653
1017022,1019594
1017024,1018668
1017026,1018653
1017030,1019618
1017032,1018662
1017033,1018662
1017034,1018648
1017037,1007081
1017037,1018881
1017038,1007427
1017038,1018687
1017040,1007081
1017040,1018653
1017040,1018752
1017042,1018687
1017044,1007081
1017047,1018662
1017048,1006587
1017049,1006491
1017054,1019183
1017055,1019757
1017056,1018648
1017059,1019028
1017062,1006615
1017064,1019758
1017070,1019759
1017071,1018711
1017072,1019598
1017076,1018650
1017077,1018679
1017078,1019412
1017080,1019761
1017082,1007081
1017082,1019333
1017086,1019762
1017087,1007905
1017089,1007376
1017091,1019764
1017095,1007121
1017097,1018920
1017100,1018679
1017101,1019524
1017104,1018759
1017105,1018726
1017107,1018920
1017109,1018648
1017110,1018648
1017112,1019765
1017113,1018687
1017114,1018957
1017118,1019156
1017119,1018658
1017122,1019204
1017123,1019355
1017128,1007081
1017135,1018687
1017141,1018778
1017142,1018648
1017147,1019153
1017149,1019192
1017153,1018775
1017153,1018888
1017158,1018743
1017165,1018648
1017171,1018785
1017172,1018648
1017174,1006782
1017180,1019251
1017187,1018653
1017189,1018648
1017191,1007121
1017192,1018785
1017192,1019026
1017193,1019727
1017195,1018636
1017210,1018775
1017213,1019363
1017214,1018648
1017217,1019768
1017219,1007081
1017219,1019567
1017221,1007121
1017224,1018662
1017226,1006509
1017226,1019083
1017227,1018648
1017229,1018777
1017230,1007427
1017231,1018869
1017232,1019531
1017232,1019771
1017235,1019772
1017239,1018653
1017239,1018712
1017241,1007081
1017241,1018843
1017249,1019026
1017250,1018648
1017256,1018751
1017258,1018648
1017260,1018685
1017266,1007081
1017267,1019561
1017270,1007121
1017271,1018648
1017275,1019774
1017277,1018648
1017279,1019673
1017280,1006509
1017283,1019179
1017284,1019407
1017285,1019147
1017286,1019618
1017288,1007583
1017289,1019131
1017293,1018648
1017295,1018690
1017297,1018743
1017299,1019775
1017301,1018714
1017303,1018632
1017305,1018981
1017307,1019776
1017308,1007081
1017311,1007081
1017317,1018658
1017319,1019777
1017321,1018727
1017327,1007033
1017328,1007583
1017329,1007081
1017330,1007121
1017338,1018658
1017339,1007081
1017339,1007084
1017339,1018653
1017343,1018703
1017347,1007471
1017351,1007081
1017353,1018662
1017354,1019744
1017357,1019778
1017368,1018981
1017373,1019701
1017377,1019698
1017378,1018650
1017379,1019528
1017379,1019529
1017383,1007950
1017384,1019311
1017390,1018719
1017392,1006937
1017393,1018735
1017394,1007121
1017397,1018775
1017398,1018807
1017402,1007727
1017405,1007245
1017408,1007755
1017410,1019756
1017411,1019637
1017412,1007081
1017412,1018876
1017413,1007583
1017413,1018653
1017419,1018648
1017423,1018662
1017425,1007081
1017428,1018648
1017437,1018690
1017438,1018687
1017439,1018648
1017440,1018648
1017442,1019292
1017442,1019780
1017443,1007879
1017445,1007121
1017447,1007121
1017448,1007081
1017449,1018699
1017450,1007081
1017452,1018829
1017453,1018662
1017456,1019769
1017457,1007081
1017457,1018653
1017457,1019689
1017458,1018761
1017460,1007081
1017460,1019514
1017461,1018674
1017463,1019481
1017467,1018936
1017468,1006589
1017469,1018687
1017473,1018648
1017474,1018687
1017480,1019657
1017482,1018648
1017486,1019463
1017489,1006515
1017491,1006515
1017493,1007427
1017493,1018687
1017494,1006509
1017494,1019091
1017496,1019028
1017498,1007301
1017499,1018843
1017500,1006438
1017503,1018687
1017504,1019211
1017506,1018829
1017508,1019674
1017510,1019014
1017510,1019015
1017513,1018650
1017514,1007121
1017515,1007081
1017515,1019497
1017517,1007583
1017521,1018681
1017523,1018648
1017524,1019423
1017525,1007378
1017526,1019781
1017527,1019782
1017529,1019095
1017531,1019681
1017532,1018685
1017533,1019399
1017535,1019604
1017538,1019761
1017539,1018648
1017542,1019035
1017542,1019150
1017545,1018703
1017547,1019458
1017550,1006587
1017552,1018648
1017553,1007121
1017554,1018978
1017556,1019696
1017557,1007121
1017558,1007081
1017559,1018787
1017560,1007121
1017562,1018686
1017565,1018703
1017568,1018737
1017571,1019527
1017572,1019785
1017578,1019347
1017582,1018648
1017583,1006864
1017584,1018648
1017586,1019630
1017587,1018648
1017591,1019049
1017594,1018968
1017597,1007129
1017598,1019722
1017598,1019723
1017598,1019724
1017599,1018687
1017600,1018695
1017600,1019574
1017601,1006937
1017602,1018686
1017607,1019401
1017609,1018933
1017622,1018687
1017623,1018668
1017631,1007081
1017634,1006515
1017634,1007505
1017636,1018632
1017637,1006660
1017639,1018899
1017641,1007143
1017643,1018662
1017648,1019512
1017649,1006438
1017649,1018843
1017650,1018690
1017654,1018632
1017657,1018851
1017658,1018662
1017659,1019404
1017660,1007081
1017660,1007376
1017662,1018749
1017664,1007378
1017671,1018653
1017672,1018648
1017673,1019167
1017674,1007081
1017674,1019497
1017677,1007121
1017679,1019028
1017680,1018811
1017685,1018658
1017686,1018740
1017689,1019787
1017691,1018785
1017692,1019788
1017695,1018755
1017695,1018772
1017696,1018762
1017697,1018685
1017698,1019789
1017701,1006509
1017702,1018703
1017706,1019509
1017707,1019618
1017715,1018648
1017716,1018648
1017717,1018648
1017718,1019790
1017719,1007081
1017719,1018667
1017719,1018668
1017721,1018728
1017722,1018864
1017722,1019791
1017724,1019792
1017729,1006509
1017729,1007185
1017729,1007378
1017729,1007384
1017729,1007755
1017729,1018740
1017729,1018792
1017731,1007033
1017732,1007081
1017733,1019794
1017735,1019540
1017743,1018927
1017746,1019134
1017747,1007307
1017752,1007121
1017757,1018653
1017758,1006864
1017767,1007141
1017768,1018782
1017769,1018687
1017770,1019024
1017770,1019795
1017775,1007121
1017777,1019133
1017778,1006864
1017782,1018845
1017785,1018662
1017786,1007081
1017789,1018687
1017790,1019281
1017792,1018648
1017795,1018894
1017800,1018648
1017806,1007081
1017806,1018914
1017817,1018662
1017819,1018668
1017829,1018662
1017830,1019327
1017831,1019212
1017836,1018699
1017837,1006509
1017837,1006587
1017837,1007747
1017837,1019795
1017845,1018648
1017847,1007447
1017848,1007081
1017848,1018667
1017848,1018668
1017849,1018703
1017850,1018720
1017851,1007427
1017859,1019798
1017860,1019429
1017862,1018687
1017867,1019142
1017868,1018703
1017869,1019175
1017871,1018632
1017872,1019269
1017873,1019799
1017874,1019444
1017876,1018785
1017878,1019800
1017880,1018690
1017882,1007427
1017888,1018777
1017898,1019798
1017899,1006587
1017900,1019801
1017904,1018682
1017907,1007081
1017907,1018957
1017910,1019240
1017913,1018648
1017914,1006587
1017915,1019555
1017917,1019803
1017920,1019804
1017924,1007121
1017926,1018755
1017926,1018772
1017931,1018785
1017933,1007121
1017934,1018701
1017935,1006864
1017936,1007121
1017936,1019545
1017937,1007081
1017948,1006660
1017948,1007081
1017949,1018648
1017951,1007121
1017952,1018662
1017954,1007081
1017954,1018667
1017954,1018668
1017957,1018653
1017961,1019235
1017963,1018715
1017963,1019131
1017968,1019805
1017969,1018727
1017970,1007121
1017985,1006509
1017985,1018702
1017990,1018649
1017991,1019160
1017996,1007121
1017997,1007623
1017999,1018749
1018000,1018648
1018003,1006660
1018006,1018690
1018008,1019094
1018014,1019526
1018015,1018727
1018016,1006587
1018018,1019474
1018021,1019806
1018022,1018777
1018025,1019722
1018027,1018797
1018028,1018976
1018030,1018650
1018034,1019091
1018035,1019807
1018036,1018659
1018036,1018660
1018036,1018661
1018039,1018920
1018043,1007384
1018044,1018668
1018045,1018649
1018046,1006847
1018046,1018850
1018051,1018662
1018055,1018662
1018064,1018648
1018065,1019808
1018068,1007081
1018068,1018653
1018072,1018648
1018073,1019028
1018075,1019809
1018076,1007081
1018079,1018731
1018081,1018695
1018084,1006391
1018088,1018727
1018089,1019814
1018092,1019815
1018093,1018648
1018094,1019287
1018096,1018662
1018097,1007033
1018098,1007081
1018098,1018843
1018102,1018671
1018103,1018648
1018104,1019470
1018105,1006660
1018106,1019136
1018107,1018824
1018108,1019628
1018109,1006509
1018109,1006607
1018109,1006971
1018109,1007376
1018109,1018740
1018109,1018781
1018109,1019091
1018110,1018859
1018111,1007081
1018111,1018667
1018111,1018668
1018113,1018658
1018114,1018843
1018122,1019160
1018126,1018668
1018127,1006509
1018129,1018648
1018130,1018682
1018130,1018708
1018131,1018979
1018133,1007583
1018135,1018994
1018136,1019199
1018139,1018648
1018141,1019810
1018144,1019200
1018146,1007081
1018150,1007447
1018152,1007583
1018155,1018632
1018162,1006509
1018163,1018812
1018165,1006729
1018165,1018653
1018165,1019817
1018165,1019818
1018166,1018662
1018168,1019640
1018171,1007081
1018172,1019099
1018177,1019091
1018180,1018662
1018181,1019134
1018183,1018648
1018184,1007121
1018186,1019186
1018187,1018857
1018188,1018833
1018189,1018648
1018192,1019389
1018193,1018685
1018194,1018679
1018195,1018662
1018197,1018749
1018200,1018648
1018205,1018668
1018207,1018673
1018215,1019783
1018216,1007330
1018223,1019582
1018227,1019819
1018230,1006515
1018230,1007081
1018234,1018984
1018234,1019565
1018234,1019807
1018237,1019822
1018239,1006509
1018239,1006587
1018239,1007161
1018242,1018648
1018243,1007081
1018245,1006617
1018252,1018648
1018264,1018786
1018265,1007583
1018271,1018719
1018272,1007121
1018279,1007121
1018281,1019022
1018281,1019489
1018282,1019817
1018284,1007081
1018284,1019381
1018287,1018648
1018291,1018650
1018292,1006509
1018292,1018702
1018300,1019769
1018301,1018803
1018305,1018662
1018306,1018726
1018307,1019343
1018310,1006864
1018311,1006509
1018311,1007378
1018311,1007505
1018311,1018740
1018312,1007447
1018315,1007081
1018315,1018667
1018315,1018668
1018318,1018862
1018320,1019267
1018320,1019569
1018321,1007081
1018321,1007954
1018328,1019136
1018329,1018662
1018330,1018666
1018334,1007081
1018336,1019411
1018338,1018658
1018339,1018696
1018339,1019369
1018340,1018685
1018341,1007121
1018344,1019493
1018345,1018727
1018346,1018653
1018348,1018632
1018351,1019248
1018353,1019373
1018357,1007081
1018357,1018667
1018367,1007583
1018369,1018687
1018370,1007121
1018371,1007081
1018373,1018648
1018376,1006587
1018376,1007143
1018376,1007755
1018376,1018780
1018377,1007575
1018378,1019075
1018379,1007121
1018380,1018777
1018381,1007081
1018382,1019189
1018383,1018967
1018385,1019021
1018387,1018648
1018396,1018682
1018397,1018632
1018398,1018715
1018398,1019131
1018400,1007121
1018406,1018819
1018407,1007301
1018408,1019413
1018413,1007121
1018417,1018719
1018418,1008099
1018418,1008101
1018419,1007121
1018422,1007121
1018428,1018687
1018431,1018727
1018433,1006729
1018434,1019766
1018434,1019828
1018435,1018685
1018436,1019829
1018439,1018648
1018441,1019830
1018442,1018662
1018443,1018648
1018446,1018668
1018447,1007081
1018449,1018703
1018451,1007121
1018452,1007121
1018454,1018662
1018456,1007081
1018456,1018667
1018456,1018668
1018457,1007755
1018458,1019031
1018460,1019831
1018461,1018749
1018465,1018748
1018466,1018816
1018470,1018730
1018471,1008069
1018472,1007081
1018472,1018667
1018472,1018668
1018474,1018975
1018479,1007081
1018483,1018679
1018485,1007081
1018490,1007081
1018491,1019832
1018495,1007143
1018498,1019224
1018504,1007163
1018507,1019832
1018509,1018685
1018510,1019817
1018511,1018668
1018512,1007081
1018513,1018648
1018515,1018687
1018519,1007081
1018522,1018687
1018523,1018632
1018526,1018668
1018527,1018693
1018529,1018668
1018531,1018658
1018532,1007081
1018532,1007374
1018533,1019042
1018539,1018659
1018539,1018660
1018539,1018661
1018539,1018845
1018539,1019189
1018542,1007081
1018542,1018744
1018543,1018695
1018543,1018777
1018543,1018778
1018543,1019117
1018549,1019834
1018550,1018632
1018551,1019122
1018552,1006509
1018555,1018803
1018558,1018732
1018561,1019245
1018562,1018695
1018562,1018777
1018562,1019117
1018562,1019118
1018564,1018825
1018569,1019313
1018569,1019627
1018571,1007656
1018575,1018648
1018579,1018694
1018579,1019322
1018580,1019835
1018582,1007747
1018584,1018685
1018594,1018653
1018595,1018648
1018596,1018648
1018601,1019085
1018603,1018648
1018604,1007033
1018606,1019260
1018609,1019687
1018611,1007378
1018613,1006660
1018615,1018653
1018618,1007983
1018620,1019836
1018623,1018658
1018625,1007081
1018628,1019131
1018629,1018701
1018630,1018713
1018633,1018634
1018634,1019686
1018635,1018636
1018635,1018637
1018636,1019043
1018637,1019043
1018641,1018642
1018642,1018830
1018644,1019302
1018645,1006709
1018651,1019184
1018654,1006643
1018664,1006727
1018666,1018644
1018666,1018910
1018669,1018714
1018669,1019271
1018671,1018878
1018672,1006460
1018674,1006727
1018675,1018676
1018675,1018677
1018677,1019138
1018677,1019139
1018683,1006937
1018684,1006367
1018688,1018855
1018689,1006776
1018690,1018687
1018697,1007407
1018697,1018736
1018697,1018870
1018697,1018871
1018698,1006460
1018699,1018700
1018700,1018703
1018701,1018713
1018702,1018946
1018707,1018708
1018709,1019045
1018710,1018830
1018711,1018770
1018712,1018653
1018713,1018714
1018715,1018770
1018715,1018888
1018716,1018714
1018716,1018769
1018718,1007081
1018719,1006864
1018720,1006776
1018723,1006727
1018728,1018729
1018729,1018708
1018731,1019282
1018735,1007407
1018735,1018736
1018736,1019145
1018738,1019078
1018740,1007161
1018740,1007163
1018741,1018634
1018742,1019040
1018743,1007461
1018744,1019096
1018745,1018725
1018750,1018921
1018752,1019211
1018753,1019190
1018754,1018755
1018757,1018741
1018758,1007593
1018759,1007407
1018759,1018736
1018760,1019145
1018761,1018778
1018762,1018763
1018763,1019349
1018764,1019047
1018765,1007093
1018766,1006507
1018767,1018656
1018770,1007447
1018773,1018875
1018774,1006776
1018775,1018700
1018776,1019631
1018779,1006815
1018783,1018784
1018784,1019419
1018785,1018700
1018791,1018795
1018791,1018796
1018794,1018795
1018794,1018796
1018795,1007808
1018796,1008095
1018799,1018736
1018799,1018760
1018799,1018800
1018799,1018801
1018800,1018746
1018800,1019145
1018801,1019145
1018804,1018708
1018805,1018855
1018806,1018875
1018809,1007081
1018810,1018708
1018812,1007407
1018812,1018736
1018812,1018870
1018812,1018871
1018812,1018880
1018815,1006424
1018815,1018827
1018816,1018694
1018816,1018770
1018820,1018821
1018821,1007257
1018822,1018991
1018827,1018828
1018830,1019119
1018832,1006635
1018833,1019354
1018834,1018835
1018835,1018714
1018836,1018837
1018837,1018821
1018838,1018839
1018839,1006424
1018840,1006683
1018841,1018842
1018842,1018880
1018849,1006550
1018850,1018685
1018852,1018855
1018853,1019302
1018854,1018855
1018855,1006507
1018857,1006776
1018858,1007093
1018862,1018784
1018862,1018927
1018865,1007879
1018866,1018983
1018868,1007407
1018868,1018736
1018869,1018736
1018869,1018870
1018869,1018871
1018870,1019145
1018871,1019145
1018872,1006776
1018873,1019036
1018874,1018875
1018876,1018654
1018877,1018878
1018879,1007407
1018879,1018880
1018880,1019145
1018881,1019091
1018882,1007093
1018887,1018888
1018889,1018644
1018890,1006460
1018892,1006776
1018894,1007407
1018894,1018736
1018896,1018897
1018897,1018714
1018898,1006507
1018899,1018716
1018900,1018901
1018901,1019153
1018902,1018903
1018903,1007711
1018904,1019453
1018905,1019043
1018906,1018907
1018906,1018908
1018907,1018657
1018907,1018713
1018909,1018800
1018909,1018801
1018909,1018870
1018913,1018914
1018914,1019298
1018922,1018768
1018924,1018708
1018926,1018927
1018927,1019419
1018928,1007203
1018928,1018929
1018931,1007407
1018931,1018736
1018931,1018870
1018931,1018871
1018934,1007093
1018935,1018970
1018937,1006507
1018938,1018770
1018939,1006776
1018945,1018732
1018947,1007093
1018948,1007711
1018950,1018984
1018950,1018985
1018950,1018986
1018953,1006727
1018956,1006683
1018957,1018958
1018958,1007374
1018958,1019001
1018959,1006727
1018961,1006937
1018961,1018733
1018961,1018945
1018963,1007808
1018967,1007121
1018967,1019017
1018968,1018772
1018969,1018970
1018971,1007181
1018973,1007203
1018973,1018974
1018975,1019160
1018977,1018809
1018977,1019139
1018979,1018777
1018983,1018951
1018983,1018984
1018983,1018985
1018983,1018986
1018988,1018770
1018988,1019026
1018990,1018875
1018992,1018732
1018992,1018733
1018995,1018901
1018996,1019432
1019001,1007374
1019001,1018758
1019002,1007407
1019002,1018870
1019005,1019081
1019007,1008085
1019007,1019008
1019008,1007735
1019010,1006460
1019012,1019013
1019016,1018683
1019016,1019017
1019018,1019019
1019019,1018746
1019027,1019046
1019032,1018736
1019033,1018855
1019036,1006601
1019038,1019039
1019039,1019053
1019041,1019042
1019042,1018688
1019042,1018805
1019042,1018852
1019042,1019438
1019042,1019500
1019042,1019501
1019043,1018713
1019044,1019043
1019046,1019047
1019048,1008095
1019048,1018963
1019049,1018696
1019049,1018979
1019052,1007407
1019052,1018736
1019052,1018870
1019052,1018871
1019054,1019055
1019055,1018714
1019056,1006635
1019059,1018736
1019059,1018760
1019059,1018800
1019059,1018801
1019060,1019061
1019061,1018687
1019062,1007093
1019063,1018842
1019064,1018903
1019065,1007812
1019066,1007407
1019066,1018736
1019067,1018842
1019068,1007407
1019068,1018736
1019068,1018870
1019068,1018871
1019068,1018880
1019071,1019072
1019073,1019043
1019075,1018842
1019076,1007999
1019077,1019078
1019078,1007808
1019080,1019081
1019082,1019215
1019085,1018713
1019086,1006776
1019088,1006983
1019089,1018903
1019090,1018903
1019092,1019093
1019094,1019095
1019098,1007203
1019098,1018676
1019100,1019324
1019104,1018736
1019105,1019456
1019106,1006507
1019114,1019046
1019116,1018708
1019120,1006460
1019122,1019202
1019123,1007808
1019128,1018795
1019128,1018796
1019131,1019198
1019135,1006507
1019136,1018782
1019137,1018637
1019138,1018809
1019142,1007407
1019148,1019035
1019149,1019288
1019149,1019289
1019154,1006601
1019155,1006776
1019156,1019157
1019157,1019302
1019161,1006937
1019161,1018945
1019164,1019165
1019165,1019039
1019166,1018875
1019167,1007735
1019168,1006776
1019172,1019306
1019172,1019461
1019173,1019096
1019175,1007081
1019178,1007407
1019178,1018736
1019180,1019080
1019184,1006776
1019187,1008095
1019188,1019202
1019191,1018921
1019195,1018634
1019197,1019376
1019198,1018770
1019198,1018798
1019199,1018760
1019199,1019019
1019200,1007407
1019201,1018965
1019201,1019409
1019202,1006776
1019203,1007181
1019204,1006367
1019205,1019045
1019207,1018800
1019207,1018801
1019210,1006776
1019211,1019446
1019212,1007407
1019212,1018736
1019213,1019214
1019214,1006601
1019215,1019216
1019216,1019469
1019218,1018758
1019218,1019298
1019222,1006507
1019223,1018934
1019224,1018875
1019225,1018653
1019226,1018715
1019226,1018938
1019227,1006507
1019228,1018878
1019232,1018875
1019234,1018821
1019236,1019192
1019236,1019237
1019236,1019238
1019236,1019239
1019242,1018664
1019244,1019103
1019244,1019245
1019247,1007711
1019248,1007407
1019248,1018870
1019250,1007407
1019250,1018736
1019250,1018870
1019250,1018871
1019251,1018816
1019251,1018938
1019252,1019324
1019254,1006438
1019254,1007567
1019257,1006507
1019258,1019371
1019260,1006776
1019262,1006507
1019263,1006460
1019267,1019268
1019269,1006776
1019270,1018984
1019272,1006460
1019273,1018903
1019275,1007407
1019275,1018870
1019279,1019278
1019281,1019282
1019285,1018934
1019286,1007481
1019293,1007567
1019295,1007257
1019296,1018901
1019297,1019026
1019298,1007593
1019299,1019300
1019301,1007407
1019301,1018736
1019301,1018870
1019301,1018871
1019302,1007447
1019305,1018667
1019309,1018938
1019309,1018988
1019310,1006507
1019311,1006776
1019313,1019627
1019314,1019228
1019315,1018903
1019316,1019317
1019319,1006438
1019321,1006727
1019322,1019061
1019324,1018714
1019325,1018634
1019326,1018635
1019328,1006919
1019329,1018653
1019331,1019036
1019332,1007084
1019333,1019096
1019334,1018991
1019336,1006937
1019336,1018733
1019336,1018945
1019337,1018729
1019338,1019560
1019339,1007407
1019339,1018736
1019339,1018870
1019339,1018871
1019340,1007093
1019343,1007407
1019343,1018736
1019352,1019469
1019354,1018878
1019357,1006776
1019358,1007093
1019360,1018634
1019362,1018903
1019363,1019061
1019365,1018671
1019366,1019288
1019366,1019307
1019368,1018875
1019370,1019216
1019371,1019302
1019374,1019375
1019377,1018713
1019378,1019184
1019379,1018653
1019380,1019036
1019382,1007407
1019382,1018909
1019389,1019164
1019393,1018653
1019394,1007999
1019396,1018795
1019396,1018796
1019397,1019425
1019397,1019426
1019402,1018653
1019403,1018749
1019404,1007407
1019404,1018736
1019406,1006776
1019408,1018634
1019409,1019425
1019411,1007407
1019411,1018871
1019412,1007407
1019414,1018708
1019415,1018963
1019416,1019375
1019419,1019420
1019422,1018776
1019423,1018877
1019424,1006507
1019427,1006438
1019429,1007407
1019429,1018736
1019432,1006391
1019435,1006683
1019438,1018855
1019439,1019348
1019440,1006507
1019442,1019172
1019445,1018903
1019446,1007084
1019447,1018636
1019450,1019289
1019450,1019308
1019452,1019598
1019453,1019043
1019454,1007203
1019454,1019455
1019459,1007711
1019460,1019461
1019462,1018677
1019462,1019505
1019465,1006507
1019466,1006727
1019468,1007407
1019468,1018870
1019469,1018708
1019472,1018903
1019473,1018796
1019474,1018875
1019476,1019480
1019479,1008085
1019483,1006460
1019485,1019277
1019488,1006937
1019497,1019096
1019498,1019499
1019500,1018855
1019501,1018855
1019502,1006727
1019503,1018634
1019504,1018734
1019511,1006460
1019512,1007407
1019512,1018736
1019513,1019514
1019515,1018647
1019515,1019103
1019515,1019245
1019517,1019469
1019519,1019202
1019521,1006460
1019525,1006776
1019527,1018634
1019530,1018905
1019531,1006438
1019536,1019324
1019537,1006460
1019538,1006460
1019539,1006367
1019544,1007407
1019544,1018736
1019547,1018914
1019547,1019218
1019548,1019078
1019552,1006438
1019554,1007203
1019554,1019505
1019559,1019172
1019562,1006460
1019563,1018657
1019563,1018714
1019565,1018984
1019570,1019036
1019575,1007093
1019576,1019577
1019578,1006507
1019579,1019277
1019583,1018664
1019585,1007203
1019585,1019586
1019588,1019093
1019590,1019036
1019591,1019420
1019594,1007407
1019594,1018736
1019596,1019324
1019601,1006460
1019604,1007711
1019606,1006460
1019610,1019793
1019611,1006776
1019612,1018634
1019614,1018708
1019615,1007084
1019615,1007567
1019623,1018653
1019626,1006776
1019628,1007473
1019628,1018795
1019629,1007407
1019630,1019119
1019633,1019036
1019636,1006460
1019637,1018842
1019639,1018934
1019640,1019036
1019641,1006460
1019643,1018694
1019648,1007812
1019652,1019214
1019654,1006460
1019657,1007407
1019657,1018736
1019664,1018798
1019665,1019036
1019667,1006460
1019668,1019669
1019669,1018713
1019669,1018746
1019671,1018903
1019673,1018634
1019674,1007447
1019675,1007407
1019675,1018870
1019681,1018875
1019682,1007003
1019683,1007093
1019684,1007407
1019685,1019686
1019687,1006776
1019689,1018752
1019689,1019332
1019696,1018653
1019700,1006438
1019702,1019773
1019705,1006460
1019706,1018897
1019711,1018677
1019711,1019586
1019712,1006507
1019713,1006937
1019714,1007407
1019714,1018736
1019715,1019598
1019719,1006460
1019721,1007093
1019725,1006460
1019727,1006550
1019728,1006460
1019730,1018780
1019737,1018714
1019737,1018908
1019738,1006727
1019741,1006683
1019743,1006460
1019744,1007407
1019744,1018736
1019745,1018687
1019748,1006460
1019755,1019391
1019756,1019036
1019760,1018634
1019763,1006460
1019765,1006776
1019766,1018708
1019769,1006776
1019770,1019419
1019779,1018985
1019783,1018736
1019796,1006460
1019797,1019777
1019801,1008095
1019805,1006601
1019810,1006776
1019816,1006460
1019820,1019583
1019821,1019192
1019823,1006460
1019833,1006460
