1006314,1006432
1006322,1006318
1006324,1006318
1006326,1006318
1006328,1008388
1006330,1006432
1006332,1006432
1006336,1006318
1006338,1006318
1006340,1006432
1006342,1006318
1006353,1006432
1006355,1006432
1006359,1006432
1006361,1008568
1006363,1008568
1006365,1008568
1006369,1006318
1006371,1006432
1006373,1006318
1006375,1006318
1006377,1006318
1006379,1006318
1006381,1006318
1006383,1006318
1006385,1006318
1006387,1006318
1006394,1006318
1006396,1006318
1006400,1006318
1006404,1009549
1006406,1006318
1006408,1006318
1006412,1006432
1006414,1006318
1006418,1006432
1006420,1006387
1006426,1008056
1006428,1006432
1006430,1006318
1006432,1006318
1006434,1006318
1006440,1006318
1006442,1006318
1006444,1006318
1006446,1006318
1006450,1006318
1006452,1006432
1006454,1006318
1006456,1006318
1006458,1006784
1006463,1006432
1006466,1006318
1006468,1006318
1006470,1010687
1006472,1006318
1006474,1006318
1006476,1009094
1006478,1007995
1006480,1006318
1006482,1006432
1006484,1006432
1006486,1006318
1006488,1007789
1006493,1006318
1006495,1006318
1006497,1006432
1006499,1006318
1006501,1006318
1006511,1006318
1006513,1006318
1006517,1006432
1006524,1008056
1006526,1008056
1006529,1006432
1006531,1006318
1006533,1006432
1006535,1006537
1006537,1006318
1006539,1006535
1006541,1006432
1006543,1006318
1006545,1006318
1006552,1006318
1006556,1006318
1006560,1006318
1006562,1006318
1006564,1010062
1006566,1008280
1006568,1006318
1006570,1008056
1006572,1006318
1006576,1006432
1006579,1008017
1006581,1007336
1006583,1008056
1006585,1006318
1006591,1006318
1006593,1006318
1006595,1006432
1006597,1006318
1006599,1006432
1006603,1007517
1006605,1012123
1006609,1008821
1006611,1006318
1006613,1007639
1006619,1006432
1006621,1006432
1006625,1006318
1006627,1006318
1006629,1006318
1006631,1006318
1006633,1006432
1006637,1006432
1006639,1010464
1006641,1006537
1006645,1006318
1006647,1006432
1006649,1006432
1006652,1006318
1006654,1006432
1006656,1017004
1006658,1006318
1006662,1006318
1006664,1006318
1006666,1006432
1006668,1006432
1006670,1006318
1006672,1006318
1006674,1006318
1006676,1006318
1006681,1006318
1006685,1006318
1006687,1006432
1006689,1006432
1006691,1006432
1006695,1008056
1006697,1006537
1006699,1006432
1006701,1006432
1006703,1006432
1006705,1006318
1006707,1006318
1006711,1010537
1006713,1006318
1006715,1006318
1006717,1006318
1006719,1006432
1006721,1006432
1006723,1006318
1006725,1012316
1006731,1006432
1006733,1006432
1006735,1006318
1006737,1006432
1006739,1006318
1006741,1006318
1006743,1006318
1006746,1006318
1006748,1006432
1006750,1006318
1006752,1006318
1006756,1006318
1006758,1006318
1006760,1006318
1006762,1006318
1006764,1006318
1006766,1006432
1006768,1006318
1006770,1006318
1006772,1006318
1006774,1006432
1006778,1010057
1006784,1006318
1006786,1006318
1006788,1006432
1006790,1006611
1006792,1006318
1006794,1010464
1006796,1010464
1006805,1006318
1006807,1006432
1006809,1009549
1006811,1006318
1006813,1006432
1006817,1006432
1006819,1006432
1006821,1011116
1006825,1006432
1006827,1007775
1006829,1006537
1006831,1007639
1006833,1006432
1006835,1006432
1006837,1006432
1006839,1012032
1006841,1006318
1006843,1006318
1006849,1006432
1006851,1006318
1006856,1006318
1006858,1016777
1006860,1006318
1006862,1006858
1006866,1006420
1006868,1006318
1006870,1006318
1006872,1006432
1006874,1010929
1006876,1007519
1006878,1006537
1006881,1006318
1006883,1006432
1006885,1006432
1006887,1006318
1006889,1006318
1006891,1006432
1006895,1006318
1006897,1006318
1006899,1006432
1006901,1006318
1006903,1006318
1006905,1006432
1006907,1006432
1006909,1006318
1006911,1006318
1006913,1006318
1006915,1006318
1006921,1006318
1006923,1006318
1006925,1006318
1006927,1006318
1006929,1006432
1006931,1006432
1006933,1006432
1006935,1006318
1006939,1006432
1006941,1006432
1006943,1008585
1006945,1006432
1006947,1006318
1006949,1006947
1006951,1006432
1006953,1006318
1006955,1006432
1006957,1006432
1006959,1006318
1006961,1006318
1006963,1006965
1006965,1006318
1006967,1006318
1006969,1006318
1006973,1006318
1006975,1006318
1006977,1006432
1006979,1006318
1006981,1006432
1006985,1006318
1006989,1006318
1006991,1007639
1006993,1006318
1006997,1006432
1006999,1006318
1007001,1006318
1007005,1006432
1007007,1006318
1007009,1006318
1007011,1013537
1007013,1006318
1007015,1006318
1007017,1006318
1007019,1006318
1007021,1006318
1007023,1006432
1007025,1006432
1007027,1006318
1007029,1006318
1007031,1006318
1007035,1006609
1007037,1006432
1007039,1006432
1007041,1006432
1007043,1006432
1007045,1006318
1007049,1006432
1007053,1006318
1007055,1006318
1007057,1006318
1007059,1006432
1007061,1006318
1007063,1006432
1007065,1010606
1007067,1006318
1007069,1006318
1007071,1006432
1007073,1006432
1007075,1006432
1007077,1006493
1007079,1009876
1007086,1008592
1007091,1006318
1007095,1010822
1007097,1006432
1007099,1006432
1007101,1006432
1007105,1006432
1007107,1006537
1007113,1006318
1007115,1006318
1007117,1006318
1007119,1006318
1007123,1006432
1007127,1006318
1007131,1007995
1007133,1006318
1007135,1006318
1007137,1006432
1007139,1006432
1007145,1006432
1007147,1006318
1007149,1006318
1007151,1006432
1007153,1010057
1007155,1010057
1007157,1006432
1007159,1006537
1007167,1006432
1007169,1006432
1007171,1006318
1007173,1006432
1007175,1009362
1007177,1006318
1007179,1006318
1007183,1006432
1007187,1006432
1007189,1006318
1007191,1006318
1007195,1006432
1007197,1006432
1007199,1006318
1007201,1006318
1007205,1006318
1007207,1008056
1007209,1006432
1007211,1006432
1007213,1006318
1007215,1006432
1007217,1006432
1007219,1006432
1007221,1008511
1007223,1006318
1007225,1007830
1007227,1006318
1007229,1006432
1007241,1011515
1007243,1006318
1007247,1008568
1007249,1006432
1007251,1006318
1007253,1006537
1007255,1006318
1007259,1006432
1007261,1006318
1007263,1006318
1007265,1006318
1007267,1006318
1007269,1006432
1007271,1006432
1007273,1006432
1007275,1006432
1007277,1006432
1007279,1006318
1007281,1006318
1007283,1008402
1007285,1006432
1007287,1006318
1007289,1006432
1007291,1006432
1007293,1007635
1007295,1006432
1007297,1006432
1007299,1007639
1007303,1006432
1007305,1006432
1007309,1006432
1007311,1006318
1007313,1006318
1007315,1006318
1007317,1006318
1007319,1006432
1007322,1006432
1007324,1006432
1007326,1006641
1007328,1006432
1007332,1006432
1007334,1006432
1007336,1007571
1007338,1006432
1007340,1012200
1007342,1006432
1007344,1006432
1007346,1006432
1007348,1006432
1007350,1006432
1007356,1006432
1007358,1006318
1007364,1006537
1007368,1006432
1007370,1006432
1007372,1006318
1007388,1006537
1007390,1006318
1007392,1006953
1007395,1006432
1007397,1006318
1007399,1006318
1007401,1006318
1007403,1006432
1007405,1006432
1007409,1006318
1007411,1006318
1007413,1006318
1007415,1006432
1007417,1006432
1007419,1007991
1007421,1006943
1007423,1006432
1007425,1006432
1007429,1007745
1007431,1011820
1007433,1006318
1007435,1011116
1007437,1006318
1007439,1006318
1007441,1006318
1007449,1006432
1007453,1006318
1007455,1006318
1007457,1008302
1007459,1006318
1007463,1006432
1007465,1006318
1007467,1006432
1007469,1006318
1007475,1006432
1007477,1006318
1007479,1006318
1007483,1006432
1007485,1006318
1007488,1006537
1007491,1006432
1007493,1006432
1007495,1006318
1007497,1006318
1007499,1006432
1007501,1006408
1007503,1006432
1007507,1006432
1007509,1012742
1007511,1006432
1007513,1006432
1007515,1006432
1007517,1008511
1007519,1006318
1007521,1006432
1007525,1006318
1007528,1006318
1007530,1006432
1007532,1006318
1007534,1006432
1007536,1006318
1007538,1006432
1007540,1006432
1007542,1006432
1007544,1006318
1007546,1006432
1007548,1006432
1007550,1006432
1007552,1007691
1007554,1006432
1007557,1008563
1007559,1006318
1007561,1006537
1007563,1006318
1007565,1008435
1007569,1006432
1007571,1006318
1007573,1006432
1007577,1006432
1007579,1006318
1007581,1006318
1007585,1006318
1007587,1006432
1007589,1006432
1007591,1006432
1007595,1006318
1007597,1006432
1007599,1006432
1007601,1006537
1007603,1006318
1007605,1006318
1007607,1006432
1007609,1006318
1007611,1006318
1007613,1009231
1007615,1006432
1007617,1006432
1007619,1006432
1007621,1006318
1007625,1006432
1007627,1006432
1007629,1006432
1007631,1006318
1007633,1006318
1007635,1006495
1007637,1006318
1007639,1008821
1007641,1006318
1007643,1006318
1007645,1006432
1007647,1006432
1007649,1011514
1007659,1009231
1007663,1006432
1007665,1006318
1007667,1006432
1007669,1006432
1007671,1006318
1007673,1006432
1007675,1006318
1007677,1006318
1007679,1006318
1007681,1006318
1007683,1006318
1007685,1006432
1007687,1006432
1007689,1006318
1007691,1006318
1007693,1006432
1007695,1006432
1007697,1006432
1007701,1006641
1007703,1006432
1007705,1006318
1007707,1006318
1007709,1006318
1007715,1006432
1007717,1006318
1007719,1007336
1007721,1007571
1007723,1017021
1007729,1007019
1007731,1006432
1007733,1006432
1007737,1006432
1007741,1006432
1007743,1006318
1007745,1006318
1007751,1006432
1007753,1006318
1007757,1006432
1007759,1006432
1007761,1006432
1007763,1006432
1007765,1006318
1007767,1006537
1007769,1012633
1007771,1006537
1007773,1006432
1007775,1006318
1007779,1006432
1007781,1006432
1007783,1006318
1007785,1008383
1007787,1006318
1007789,1006318
1007792,1006318
1007794,1006318
1007798,1006432
1007800,1006432
1007802,1006432
1007804,1006318
1007806,1006501
1007810,1006432
1007816,1006318
1007818,1006318
1007820,1006432
1007822,1006432
1007824,1006432
1007826,1006432
1007828,1010195
1007830,1012123
1007832,1006318
1007834,1006318
1007836,1006432
1007838,1006318
1007840,1006432
1007842,1008645
1007844,1009843
1007846,1006318
1007848,1006432
1007850,1006432
1007852,1006318
1007854,1006318
1007860,1006432
1007862,1006318
1007866,1006318
1007869,1006318
1007873,1006318
1007881,1006318
1007885,1006318
1007887,1006318
1007891,1006318
1007893,1006318
1007895,1006318
1007897,1006318
1007899,1006318
1007901,1006432
1007907,1006318
1007909,1007907
1007911,1006432
1007913,1006318
1007915,1006318
1007917,1006432
1007919,1008568
1007921,1006318
1007923,1006432
1007925,1007639
1007927,1006432
1007929,1006318
1007931,1006318
1007933,1006318
1007935,1006318
1007937,1006432
1007939,1006432
1007941,1006432
1007943,1006318
1007945,1006432
1007947,1006432
1007956,1006921
1007959,1006318
1007961,1006432
1007963,1006318
1007965,1006432
1007967,1006432
1007969,1006318
1007971,1006432
1007977,1006432
1007987,1006432
1007991,1006318
1007993,1006318
1007995,1007775
1008001,1006432
1008003,1006432
1008007,1006432
1008009,1006318
1008011,1010195
1008013,1006432
1008015,1006432
1008017,1007603
1008019,1006432
1008022,1006318
1008024,1006432
1008026,1006432
1008028,1006318
1008030,1008383
1008032,1006318
1008034,1006318
1008036,1006432
1008038,1006318
1008042,1006318
1008044,1006432
1008046,1006432
1008048,1007399
1008052,1006318
1008054,1006432
1008056,1006318
1008058,1011779
1008060,1010464
1008062,1008216
1008065,1006811
1008067,1006432
1008071,1006432
1008073,1006432
1008075,1006318
1008077,1006432
1008079,1006432
1008083,1006432
1008087,1006432
1008089,1006318
1008091,1006318
1008097,1006432
1008105,1006432
1008107,1006432
1008109,1006318
1008111,1006432
1008113,1006432
1008115,1007479
1008117,1006432
1008119,1006432
1008121,1006432
1008123,1006552
1008125,1006432
1008126,1008127
1008127,1006318
1008128,1006318
1008129,1008130
1008130,1011078
1008131,1008132
1008132,1008376
1008133,1006318
1008134,1008135
1008135,1009961
1008136,1006318
1008137,1008138
1008138,1009120
1008139,1008140
1008140,1006318
1008141,1008142
1008142,1006318
1008143,1007421
1008144,1006318
1008145,1006326
1008146,1006318
1008147,1006318
1008148,1006881
1008149,1008150
1008150,1006318
1008151,1008152
1008152,1010447
1008153,1006318
1008154,1008155
1008155,1006318
1008156,1006318
1008157,1006318
1008158,1006318
1008159,1008160
1008160,1007611
1008161,1006318
1008162,1006318
1008163,1008164
1008164,1007069
1008165,1008166
1008166,1006318
1008167,1006318
1008168,1006318
1008169,1006318
1008170,1008171
1008171,1006318
1008172,1008173
1008173,1007479
1008174,1006318
1008175,1006318
1008176,1006318
1008177,1008178
1008178,1006318
1008179,1008180
1008180,1013833
1008181,1006318
1008182,1008183
1008183,1008727
1008184,1008185
1008185,1006318
1008186,1006318
1008187,1008188
1008188,1011653
1008189,1008190
1008190,1009487
1008191,1008192
1008192,1015049
1008193,1006318
1008194,1006318
1008195,1008196
1008196,1008413
1008197,1006318
1008198,1008199
1008199,1008115
1008200,1006318
1008201,1008202
1008202,1010638
1008203,1006318
1008204,1008205
1008205,1008275
1008206,1008207
1008207,1006318
1008208,1006318
1008209,1006318
1008210,1006318
1008211,1006318
1008212,1008213
1008213,1012434
1008214,1008215
1008215,1006318
1008216,1006318
1008217,1006318
1008218,1008219
1008219,1012320
1008220,1006318
1008221,1006318
1008222,1006318
1008223,1008224
1008224,1006501
1008225,1006318
1008226,1006318
1008227,1006318
1008228,1006318
1008229,1006318
1008230,1008166
1008231,1006318
1008232,1008233
1008233,1006318
1008234,1008235
1008235,1013728
1008236,1006318
1008237,1008238
1008238,1009681
1008239,1006318
1008240,1008241
1008241,1006318
1008242,1008243
1008243,1007069
1008244,1008245
1008245,1010362
1008246,1006318
1008247,1006318
1008248,1006318
1008249,1007643
1008250,1008251
1008251,1008339
1008252,1006318
1008253,1008254
1008254,1006318
1008255,1008256
1008256,1009560
1008257,1008258
1008258,1008205
1008259,1006318
1008260,1008261
1008261,1008275
1008262,1006318
1008263,1007255
1008264,1006381
1008265,1008266
1008266,1013196
1008267,1006318
1008268,1008269
1008269,1007069
1008270,1008271
1008271,1009025
1008272,1008273
1008273,1007179
1008274,1008275
1008275,1007179
1008276,1007931
1008277,1008278
1008278,1014420
1008279,1008280
1008280,1006318
1008281,1006318
1008282,1008283
1008283,1006318
1008284,1008285
1008285,1006318
1008286,1008280
1008287,1008241
1008288,1006318
1008289,1008290
1008290,1006318
1008291,1008155
1008292,1006318
1008293,1008294
1008294,1006369
1008295,1006318
1008296,1008297
1008297,1008511
1008298,1006318
1008299,1006318
1008300,1006318
1008301,1008280
1008302,1006318
1008303,1008304
1008304,1006318
1008305,1008306
1008306,1006318
1008307,1008308
1008308,1006318
1008309,1006318
1008310,1006318
1008311,1006318
1008312,1006318
1008313,1008314
1008314,1008155
1008315,1006318
1008316,1008317
1008317,1010323
1008318,1006318
1008319,1008320
1008320,1008753
1008321,1006318
1008322,1008323
1008323,1008261
1008324,1006381
1008325,1008280
1008326,1006318
1008327,1006318
1008328,1006318
1008329,1006318
1008330,1008331
1008331,1011786
1008332,1008333
1008333,1006318
1008334,1006318
1008335,1006318
1008336,1008337
1008337,1007069
1008338,1008339
1008339,1006318
1008340,1006318
1008341,1008333
1008342,1006318
1008343,1008344
1008344,1006318
1008345,1008346
1008346,1009337
1008347,1008294
1008348,1006318
1008349,1008350
1008350,1006318
1008351,1006318
1008352,1008353
1008353,1010225
1008354,1008280
1008355,1006318
1008356,1006318
1008357,1006318
1008358,1008359
1008359,1006318
1008360,1008241
1008361,1008362
1008362,1006318
1008363,1008364
1008364,1010687
1008365,1008366
1008366,1008273
1008367,1006318
1008368,1006318
1008369,1006318
1008370,1006318
1008371,1008337
1008372,1006318
1008373,1006318
1008374,1006318
1008375,1008376
1008376,1006318
1008377,1006318
1008378,1006318
1008379,1008380
1008380,1006318
1008381,1006318
1008382,1006318
1008383,1006318
1008384,1006318
1008385,1006318
1008386,1006318
1008387,1008388
1008388,1006318
1008389,1008390
1008390,1008275
1008391,1006318
1008392,1006318
1008393,1008394
1008394,1006318
1008395,1008396
1008396,1010337
1008397,1006318
1008398,1006369
1008399,1006318
1008400,1008401
1008401,1006318
1008402,1006318
1008403,1008353
1008404,1008405
1008405,1006591
1008406,1006318
1008407,1006318
1008408,1006318
1008409,1008410
1008410,1006318
1008411,1008412
1008412,1010057
1008413,1010298
1008414,1008415
1008415,1006318
1008416,1006318
1008417,1008418
1008418,1014858
1008419,1008420
1008420,1012139
1008421,1008422
1008422,1006318
1008423,1008424
1008424,1006318
1008425,1008426
1008426,1008511
1008427,1006318
1008428,1008429
1008429,1014019
1008430,1008431
1008431,1006318
1008432,1008433
1008433,1008405
1008434,1008294
1008435,1006318
1008436,1008437
1008437,1006707
1008438,1008439
1008439,1014183
1008440,1006318
1008441,1006611
1008442,1008443
1008443,1006318
1008444,1006318
1008445,1006318
1008446,1006318
1008447,1006318
1008448,1008333
1008449,1006318
1008450,1008451
1008451,1006318
1008452,1008453
1008453,1006318
1008454,1008455
1008455,1006318
1008456,1006318
1008457,1006318
1008458,1006318
1008459,1008460
1008460,1006318
1008461,1006318
1008462,1008463
1008463,1006943
1008464,1006318
1008465,1006562
1008466,1008467
1008467,1014771
1008468,1006318
1008469,1008166
1008470,1006318
1008471,1008472
1008472,1006318
1008473,1008474
1008474,1006318
1008475,1008476
1008476,1009876
1008477,1008478
1008478,1006318
1008479,1006903
1008480,1006318
1008481,1006318
1008482,1006318
1008483,1008484
1008484,1008861
1008485,1006318
1008486,1008333
1008487,1006318
1008488,1006318
1008489,1008490
1008490,1006318
1008491,1006318
1008492,1006318
1008493,1008494
1008494,1014704
1008495,1008496
1008496,1006318
1008497,1006318
1008498,1007639
1008499,1008166
1008500,1006318
1008501,1008502
1008502,1008233
1008503,1006318
1008504,1008505
1008505,1006318
1008506,1008507
1008507,1006318
1008508,1008509
1008509,1006318
1008510,1008511
1008511,1008585
1008512,1008199
1008513,1008261
1008514,1008515
1008515,1016443
1008516,1006318
1008517,1008166
1008518,1006318
1008519,1006318
1008520,1006318
1008521,1008192
1008522,1008523
1008523,1006326
1008524,1008525
1008525,1006318
1008526,1008333
1008527,1008528
1008528,1006318
1008529,1006318
1008530,1008531
1008531,1015450
1008532,1006318
1008533,1006318
1008534,1006318
1008535,1007643
1008536,1008233
1008537,1008538
1008538,1009196
1008539,1006318
1008540,1008541
1008541,1008390
1008542,1006318
1008543,1006318
1008544,1006318
1008545,1008546
1008546,1007643
1008547,1008548
1008548,1010687
1008549,1006318
1008550,1006318
1008551,1006318
1008552,1008553
1008553,1006953
1008554,1006318
1008555,1006318
1008556,1008557
1008557,1009558
1008558,1006318
1008559,1008560
1008560,1008405
1008561,1006318
1008562,1006318
1008563,1008511
1008564,1008565
1008565,1008774
1008566,1006318
1008567,1008568
1008568,1006318
1008569,1008570
1008570,1006318
1008571,1006318
1008572,1008390
1008573,1006318
1008574,1008271
1008575,1006318
1008576,1008577
1008577,1006318
1008578,1008484
1008579,1008241
1008580,1008343
1008581,1008135
1008582,1006318
1008583,1006318
1008584,1006318
1008585,1006501
1008586,1006318
1008587,1006953
1008588,1008505
1008589,1006318
1008590,1006318
1008591,1008592
1008592,1006318
1008593,1006903
1008594,1008595
1008595,1011619
1008596,1008597
1008597,1013790
1008598,1008241
1008599,1006318
1008600,1008601
1008601,1011299
1008602,1006318
1008603,1006318
1008604,1006318
1008605,1006318
1008606,1006318
1008607,1006318
1008608,1008609
1008609,1006318
1008610,1008611
1008611,1009052
1008612,1006318
1008613,1006318
1008614,1006318
1008615,1008560
1008616,1008617
1008617,1006318
1008618,1008619
1008619,1015191
1008620,1006318
1008621,1006318
1008622,1008623
1008623,1006318
1008624,1008625
1008625,1006318
1008626,1008233
1008627,1008628
1008628,1006318
1008629,1006318
1008630,1008631
1008631,1006318
1008632,1006318
1008633,1006318
1008634,1008155
1008635,1008636
1008636,1009833
1008637,1008638
1008638,1008997
1008639,1006318
1008640,1006318
1008641,1006414
1008642,1008553
1008643,1006318
1008644,1008645
1008645,1006318
1008646,1008647
1008647,1011474
1008648,1008649
1008649,1008405
1008650,1008651
1008651,1008155
1008652,1008653
1008653,1006318
1008654,1006318
1008655,1007929
1008656,1008657
1008657,1006318
1008658,1006318
1008659,1006318
1008660,1008661
1008661,1008199
1008662,1008663
1008663,1014516
1008664,1006318
1008665,1008666
1008666,1013348
1008667,1008132
1008668,1008669
1008669,1012926
1008670,1006318
1008671,1008672
1008672,1008166
1008673,1006318
1008674,1008675
1008675,1006440
1008676,1008677
1008677,1009231
1008678,1006318
1008679,1006318
1008680,1008681
1008681,1006318
1008682,1008683
1008683,1009265
1008684,1006414
1008685,1008275
1008686,1008687
1008687,1006318
1008688,1006318
1008689,1008343
1008690,1006318
1008691,1008692
1008692,1006318
1008693,1008694
1008694,1013363
1008695,1008696
1008696,1013264
1008697,1008166
1008698,1008699
1008699,1006318
1008700,1006318
1008701,1007517
1008702,1006318
1008703,1008704
1008704,1006318
1008705,1006318
1008706,1006318
1008707,1008241
1008708,1006318
1008709,1006318
1008710,1006318
1008711,1006318
1008712,1008280
1008713,1008714
1008714,1012777
1008715,1008672
1008716,1006318
1008717,1006318
1008718,1008155
1008719,1008720
1008720,1006318
1008721,1006318
1008722,1008723
1008723,1008727
1008724,1008166
1008725,1008199
1008726,1008142
1008727,1010407
1008728,1006318
1008729,1006318
1008730,1008731
1008731,1006318
1008732,1006318
1008733,1006318
1008734,1006318
1008735,1006318
1008736,1007639
1008737,1006318
1008738,1006318
1008739,1008502
1008740,1008390
1008741,1008742
1008742,1010478
1008743,1008744
1008744,1006318
1008745,1006318
1008746,1008747
1008747,1006318
1008748,1008390
1008749,1008180
1008750,1008344
1008751,1006318
1008752,1008753
1008753,1009853
1008754,1008443
1008755,1006318
1008756,1008422
1008757,1008758
1008758,1006318
1008759,1008760
1008760,1008366
1008761,1008762
1008762,1009394
1008763,1006318
1008764,1006318
1008765,1008766
1008766,1006318
1008767,1006318
1008768,1008280
1008769,1006318
1008770,1006318
1008771,1008568
1008772,1006318
1008773,1008774
1008774,1006318
1008775,1007557
1008776,1008777
1008777,1009756
1008778,1008779
1008779,1015049
1008780,1006792
1008781,1006318
1008782,1008783
1008783,1008788
1008784,1006318
1008785,1006318
1008786,1008305
1008787,1008788
1008788,1006318
1008789,1008790
1008790,1008511
1008791,1008792
1008792,1014615
1008793,1006318
1008794,1008795
1008795,1006470
1008796,1006318
1008797,1006318
1008798,1006318
1008799,1006318
1008800,1008390
1008801,1008241
1008802,1006318
1008803,1006318
1008804,1008353
1008805,1008196
1008806,1008807
1008807,1007069
1008808,1008252
1008809,1006318
1008810,1006318
1008811,1008812
1008812,1006318
1008813,1006369
1008814,1006318
1008815,1006318
1008816,1008568
1008817,1008398
1008818,1008819
1008819,1008948
1008820,1008398
1008821,1006318
1008822,1006318
1008823,1007931
1008824,1006318
1008825,1008017
1008826,1006318
1008827,1008056
1008828,1008829
1008829,1011474
1008830,1008831
1008831,1006318
1008832,1006318
1008833,1008834
1008834,1007991
1008835,1006572
1008836,1006318
1008837,1008838
1008838,1006318
1008839,1006318
1008840,1008841
1008841,1006318
1008842,1006318
1008843,1008844
1008844,1006318
1008845,1008455
1008846,1008847
1008847,1008575
1008848,1008280
1008849,1008166
1008850,1006318
1008851,1008761
1008852,1006318
1008853,1008854
1008854,1006318
1008855,1008205
1008856,1008857
1008857,1006318
1008858,1008859
1008859,1006318
1008860,1006318
1008861,1008275
1008862,1006318
1008863,1006318
1008864,1006318
1008865,1008866
1008866,1008859
1008867,1006318
1008868,1006318
1008869,1006318
1008870,1008871
1008871,1008962
1008872,1006318
1008873,1006318
1008874,1008875
1008875,1006318
1008876,1006318
1008877,1008878
1008878,1006318
1008879,1008880
1008880,1006611
1008881,1008241
1008882,1008275
1008883,1008280
1008884,1008885
1008885,1006318
1008886,1008140
1008887,1008171
1008888,1006318
1008889,1008390
1008890,1008207
1008891,1006318
1008892,1008893
1008893,1006318
1008894,1006318
1008895,1006318
1008896,1008273
1008897,1008568
1008898,1008899
1008899,1006318
1008900,1006318
1008901,1008280
1008902,1006725
1008903,1008904
1008904,1006318
1008905,1006318
1008906,1008907
1008907,1006318
1008908,1008546
1008909,1008910
1008910,1007517
1008911,1008912
1008912,1012413
1008913,1006318
1008914,1006552
1008915,1008916
1008916,1006318
1008917,1008166
1008918,1008919
1008919,1011535
1008920,1008921
1008921,1008783
1008922,1006318
1008923,1008568
1008924,1006414
1008925,1006318
1008926,1006611
1008927,1008928
1008928,1006318
1008929,1008930
1008930,1006318
1008931,1008932
1008932,1006318
1008933,1006318
1008934,1008844
1008935,1008936
1008936,1006318
1008937,1006654
1008938,1006318
1008939,1006318
1008940,1008921
1008941,1006318
1008942,1008943
1008943,1011719
1008944,1008945
1008945,1008390
1008946,1008947
1008947,1006318
1008948,1006318
1008949,1008950
1008950,1008185
1008951,1006318
1008952,1006318
1008953,1008954
1008954,1010057
1008955,1006318
1008956,1006318
1008957,1006318
1008958,1008959
1008959,1006318
1008960,1006318
1008961,1008962
1008962,1006318
1008963,1008233
1008964,1006318
1008965,1008496
1008966,1008967
1008967,1006318
1008968,1006318
1008969,1006318
1008970,1007372
1008971,1008972
1008972,1006318
1008973,1006318
1008974,1006318
1008975,1006318
1008976,1008977
1008977,1006318
1008978,1006318
1008979,1008980
1008980,1006318
1008981,1006318
1008982,1006318
1008983,1006318
1008984,1008560
1008985,1006318
1008986,1006318
1008987,1007517
1008988,1008989
1008989,1006318
1008990,1008241
1008991,1008474
1008992,1008568
1008993,1006318
1008994,1006318
1008995,1006318
1008996,1006318
1008997,1006318
1008998,1006318
1008999,1009000
1009000,1008954
1009001,1009002
1009002,1008275
1009003,1006318
1009004,1006318
1009005,1009006
1009006,1006318
1009007,1006318
1009008,1008261
1009009,1006318
1009010,1006318
1009011,1009012
1009012,1006318
1009013,1006318
1009014,1009015
1009015,1009340
1009016,1009017
1009017,1011247
1009018,1008166
1009019,1006318
1009020,1006318
1009021,1009022
1009022,1006318
1009023,1006318
1009024,1009025
1009025,1010298
1009026,1009027
1009027,1006318
1009028,1006318
1009029,1008294
1009030,1008496
1009031,1008546
1009032,1009033
1009033,1006318
1009034,1006369
1009035,1007643
1009036,1008626
1009037,1007517
1009038,1006318
1009039,1006318
1009040,1009041
1009041,1006318
1009042,1006318
1009043,1009044
1009044,1013774
1009045,1009046
1009046,1009914
1009047,1006318
1009048,1009049
1009049,1008821
1009050,1009051
1009051,1010155
1009052,1006318
1009053,1006318
1009054,1006318
1009055,1008199
1009056,1006318
1009057,1006318
1009058,1006318
1009059,1006318
1009060,1006318
1009061,1009062
1009062,1010984
1009063,1009064
1009064,1006369
1009065,1008202
1009066,1006318
1009067,1006318
1009068,1006318
1009069,1009070
1009070,1006318
1009071,1006318
1009072,1008056
1009073,1006318
1009074,1006318
1009075,1006318
1009076,1006318
1009077,1006318
1009078,1009079
1009079,1006318
1009080,1006440
1009081,1006318
1009082,1008366
1009083,1006318
1009084,1009085
1009085,1006318
1009086,1008568
1009087,1008568
1009088,1009089
1009089,1006318
1009090,1006318
1009091,1009092
1009092,1006318
1009093,1009094
1009094,1014183
1009095,1009096
1009096,1010035
1009097,1006318
1009098,1006318
1009099,1009100
1009100,1006318
1009101,1006318
1009102,1008907
1009103,1006318
1009104,1008166
1009105,1008966
1009106,1008233
1009107,1006318
1009108,1008415
1009109,1006318
1009110,1009111
1009111,1006318
1009112,1006611
1009113,1008675
1009114,1009115
1009115,1009202
1009116,1006318
1009117,1008275
1009118,1008308
1009119,1008205
1009120,1008415
1009121,1006318
1009122,1008774
1009123,1006318
1009124,1006318
1009125,1009126
1009126,1006318
1009127,1008199
1009128,1006318
1009129,1009082
1009130,1006318
1009131,1008405
1009132,1006318
1009133,1009134
1009134,1008390
1009135,1006394
1009136,1006318
1009137,1006318
1009138,1006318
1009139,1009140
1009140,1008747
1009141,1006318
1009142,1006318
1009143,1009144
1009144,1009361
1009145,1006318
1009146,1006318
1009147,1008333
1009148,1009149
1009149,1006318
1009150,1009151
1009151,1006318
1009152,1009153
1009153,1008413
1009154,1009155
1009155,1006318
1009156,1006318
1009157,1009158
1009158,1010395
1009159,1009160
1009160,1006318
1009161,1008568
1009162,1006318
1009163,1009164
1009164,1015915
1009165,1008280
1009166,1008339
1009167,1006318
1009168,1009169
1009169,1006318
1009170,1008568
1009171,1008490
1009172,1006318
1009173,1008205
1009174,1006318
1009175,1008546
1009176,1006318
1009177,1006318
1009178,1009179
1009179,1008672
1009180,1006318
1009181,1006318
1009182,1006318
1009183,1006318
1009184,1008369
1009185,1006318
1009186,1006318
1009187,1009188
1009188,1006318
1009189,1006318
1009190,1008433
1009191,1006318
1009192,1007223
1009193,1009194
1009194,1006318
1009195,1006318
1009196,1014779
1009197,1006318
1009198,1009199
1009199,1006318
1009200,1006318
1009201,1009202
1009202,1009482
1009203,1009204
1009204,1006394
1009205,1006318
1009206,1006318
1009207,1007399
1009208,1009209
1009209,1006318
1009210,1007613
1009211,1006318
1009212,1006318
1009213,1006318
1009214,1006318
1009215,1006318
1009216,1008241
1009217,1006318
1009218,1009219
1009219,1006318
1009220,1006318
1009221,1006318
1009222,1007929
1009223,1006318
1009224,1006318
1009225,1006318
1009226,1008568
1009227,1006318
1009228,1006318
1009229,1008260
1009230,1009231
1009231,1008415
1009232,1006318
1009233,1008261
1009234,1006318
1009235,1006318
1009236,1007117
1009237,1009238
1009238,1010448
1009239,1009240
1009240,1006318
1009241,1006318
1009242,1006318
1009243,1006318
1009244,1009245
1009245,1007557
1009246,1008155
1009247,1006318
1009248,1006318
1009249,1006318
1009250,1008474
1009251,1009252
1009252,1009845
1009253,1009254
1009254,1008233
1009255,1006476
1009256,1008777
1009257,1009258
1009258,1006318
1009259,1009260
1009260,1006318
1009261,1006318
1009262,1006318
1009263,1009264
1009264,1006369
1009265,1006318
1009266,1006318
1009267,1009268
1009268,1006318
1009269,1009270
1009270,1006318
1009271,1006318
1009272,1009273
1009273,1010371
1009274,1008155
1009275,1006318
1009276,1009277
1009277,1008261
1009278,1009279
1009279,1006318
1009280,1009281
1009281,1011521
1009282,1006318
1009283,1008647
1009284,1006318
1009285,1006318
1009286,1009287
1009287,1007557
1009288,1009289
1009289,1006318
1009290,1006318
1009291,1006318
1009292,1006318
1009293,1008414
1009294,1006318
1009295,1006318
1009296,1008412
1009297,1006318
1009298,1008878
1009299,1009300
1009300,1006318
1009301,1006501
1009302,1006318
1009303,1006318
1009304,1006318
1009305,1008875
1009306,1009307
1009307,1006318
1009308,1008672
1009309,1009310
1009310,1010028
1009311,1008205
1009312,1009313
1009313,1009680
1009314,1008202
1009315,1006318
1009316,1006318
1009317,1006318
1009318,1008275
1009319,1008333
1009320,1006318
1009321,1008280
1009322,1006318
1009323,1007792
1009324,1006318
1009325,1008415
1009326,1006318
1009327,1008560
1009328,1006318
1009329,1006318
1009330,1009331
1009331,1012216
1009332,1006318
1009333,1006318
1009334,1009335
1009335,1009560
1009336,1006318
1009337,1006318
1009338,1009339
1009339,1009620
1009340,1008123
1009341,1009342
1009342,1006318
1009343,1009344
1009344,1006318
1009345,1009346
1009346,1012065
1009347,1006318
1009348,1008687
1009349,1006756
1009350,1006318
1009351,1009134
1009352,1009353
1009353,1012263
1009354,1006318
1009355,1009356
1009356,1006318
1009357,1008196
1009358,1008687
1009359,1006318
1009360,1009264
1009361,1009160
1009362,1006318
1009363,1008390
1009364,1009365
1009365,1011313
1009366,1009264
1009367,1006318
1009368,1006318
1009369,1009370
1009370,1006318
1009371,1006318
1009372,1006318
1009373,1006318
1009374,1008394
1009375,1006318
1009376,1008166
1009377,1006318
1009378,1006318
1009379,1008390
1009380,1009381
1009381,1011741
1009382,1006318
1009383,1009384
1009384,1006318
1009385,1009386
1009386,1009268
1009387,1006501
1009388,1006318
1009389,1006326
1009390,1008142
1009391,1008511
1009392,1008204
1009393,1009394
1009394,1006318
1009395,1006318
1009396,1006318
1009397,1008907
1009398,1006318
1009399,1006318
1009400,1008241
1009401,1006318
1009402,1006318
1009403,1008241
1009404,1006318
1009405,1008812
1009406,1009407
1009407,1008966
1009408,1008422
1009409,1006318
1009410,1006318
1009411,1009412
1009412,1006318
1009413,1006318
1009414,1008166
1009415,1009416
1009416,1006318
1009417,1006501
1009418,1006318
1009419,1009420
1009420,1008841
1009421,1008672
1009422,1009423
1009423,1007069
1009424,1009425
1009425,1008635
1009426,1009427
1009427,1007532
1009428,1006318
1009429,1009430
1009430,1006318
1009431,1006318
1009432,1007929
1009433,1006318
1009434,1008359
1009435,1008261
1009436,1006318
1009437,1009438
1009438,1008412
1009439,1006318
1009440,1006318
1009441,1009442
1009442,1007399
1009443,1006318
1009444,1008672
1009445,1009041
1009446,1006318
1009447,1008758
1009448,1006318
1009449,1008414
1009450,1008115
1009451,1006318
1009452,1008628
1009453,1008919
1009454,1006318
1009455,1006318
1009456,1009151
1009457,1009458
1009458,1008132
1009459,1006318
1009460,1006318
1009461,1006318
1009462,1008979
1009463,1006318
1009464,1006318
1009465,1006318
1009466,1006318
1009467,1006318
1009468,1008687
1009469,1008142
1009470,1006318
1009471,1006318
1009472,1006318
1009473,1008410
1009474,1006318
1009475,1006318
1009476,1009477
1009477,1006318
1009478,1007765
1009479,1006318
1009480,1006318
1009481,1006318
1009482,1006792
1009483,1009484
1009484,1013036
1009485,1006318
1009486,1006318
1009487,1008919
1009488,1009489
1009489,1013084
1009490,1008680
1009491,1008921
1009492,1006318
1009493,1006318
1009494,1006318
1009495,1006318
1009496,1008948
1009497,1008261
1009498,1006318
1009499,1006318
1009500,1006318
1009501,1006318
1009502,1008166
1009503,1006318
1009504,1009505
1009505,1013130
1009506,1008625
1009507,1009508
1009508,1010687
1009509,1009510
1009510,1006318
1009511,1006318
1009512,1009179
1009513,1008687
1009514,1008390
1009515,1008443
1009516,1008568
1009517,1006318
1009518,1009519
1009519,1006943
1009520,1009521
1009521,1006318
1009522,1009523
1009523,1006318
1009524,1006318
1009525,1006318
1009526,1006318
1009527,1006318
1009528,1006318
1009529,1006318
1009530,1006318
1009531,1008241
1009532,1006318
1009533,1006318
1009534,1009160
1009535,1006318
1009536,1009012
1009537,1006318
1009538,1008783
1009539,1008672
1009540,1008359
1009541,1007517
1009542,1009543
1009543,1006318
1009544,1006318
1009545,1006318
1009546,1009547
1009547,1006318
1009548,1006318
1009549,1010537
1009550,1009551
1009551,1008415
1009552,1009342
1009553,1009554
1009554,1006318
1009555,1008779
1009556,1006318
1009557,1008202
1009558,1009372
1009559,1006318
1009560,1006318
1009561,1009562
1009562,1008563
1009563,1006318
1009564,1006318
1009565,1009566
1009566,1008821
1009567,1006318
1009568,1009264
1009569,1008123
1009570,1008672
1009571,1006318
1009572,1009573
1009573,1006318
1009574,1006318
1009575,1006318
1009576,1006881
1009577,1008777
1009578,1008166
1009579,1006318
1009580,1008845
1009581,1009582
1009582,1011303
1009583,1006318
1009584,1008936
1009585,1006318
1009586,1008568
1009587,1006318
1009588,1006318
1009589,1006318
1009590,1006318
1009591,1009592
1009592,1013448
1009593,1006318
1009594,1008192
1009595,1008546
1009596,1009597
1009597,1016443
1009598,1006318
1009599,1006318
1009600,1006318
1009601,1006318
1009602,1006318
1009603,1008912
1009604,1006318
1009605,1006318
1009606,1006318
1009607,1006318
1009608,1008241
1009609,1008115
1009610,1008280
1009611,1009041
1009612,1006318
1009613,1006318
1009614,1008422
1009615,1009070
1009616,1006318
1009617,1006318
1009618,1006318
1009619,1006318
1009620,1006318
1009621,1006318
1009622,1006318
1009623,1006318
1009624,1009625
1009625,1006318
1009626,1006318
1009627,1009628
1009628,1010165
1009629,1008132
1009630,1006318
1009631,1008509
1009632,1006318
1009633,1008275
1009634,1006318
1009635,1009636
1009636,1009012
1009637,1006318
1009638,1009639
1009639,1013514
1009640,1009641
1009641,1006318
1009642,1009270
1009643,1009111
1009644,1009645
1009645,1006318
1009646,1009091
1009647,1009648
1009648,1006318
1009649,1009650
1009650,1008390
1009651,1006318
1009652,1006792
1009653,1006318
1009654,1008648
1009655,1008414
1009656,1008560
1009657,1009658
1009658,1010687
1009659,1006318
1009660,1009661
1009661,1006318
1009662,1006318
1009663,1009231
1009664,1006318
1009665,1006318
1009666,1009667
1009667,1006318
1009668,1009669
1009669,1006318
1009670,1006318
1009671,1008770
1009672,1006318
1009673,1009674
1009674,1006318
1009675,1006318
1009676,1009070
1009677,1009277
1009678,1006318
1009679,1006318
1009680,1006318
1009681,1008563
1009682,1009140
1009683,1006318
1009684,1008440
1009685,1009686
1009686,1006318
1009687,1006921
1009688,1009689
1009689,1010379
1009690,1009691
1009691,1013169
1009692,1006318
1009693,1008171
1009694,1009160
1009695,1006318
1009696,1009423
1009697,1006318
1009698,1006318
1009699,1006591
1009700,1008241
1009701,1006318
1009702,1008275
1009703,1006318
1009704,1009705
1009705,1008155
1009706,1009707
1009707,1006318
1009708,1009709
1009709,1006318
1009710,1006318
1009711,1006318
1009712,1009713
1009713,1011945
1009714,1006318
1009715,1009716
1009716,1009430
1009717,1006318
1009718,1008631
1009719,1008673
1009720,1008560
1009721,1009722
1009722,1006318
1009723,1008723
1009724,1006318
1009725,1009726
1009726,1006318
1009727,1006903
1009728,1008273
1009729,1008687
1009730,1008568
1009731,1006318
1009732,1008280
1009733,1006318
1009734,1008205
1009735,1006318
1009736,1006318
1009737,1006318
1009738,1009739
1009739,1012815
1009740,1009741
1009741,1006318
1009742,1009209
1009743,1009012
1009744,1006318
1009745,1006318
1009746,1006318
1009747,1008777
1009748,1006318
1009749,1006318
1009750,1006318
1009751,1009752
1009752,1006318
1009753,1006318
1009754,1006318
1009755,1008857
1009756,1006369
1009757,1008196
1009758,1006318
1009759,1009760
1009760,1006318
1009761,1009762
1009762,1011298
1009763,1008241
1009764,1006318
1009765,1006318
1009766,1006318
1009767,1006318
1009768,1007517
1009769,1009770
1009770,1009155
1009771,1009772
1009772,1011645
1009773,1008568
1009774,1006318
1009775,1009012
1009776,1006318
1009777,1006318
1009778,1006318
1009779,1006318
1009780,1006318
1009781,1009782
1009782,1013063
1009783,1006318
1009784,1009785
1009785,1006318
1009786,1006318
1009787,1006318
1009788,1006318
1009789,1008075
1009790,1006318
1009791,1009762
1009792,1008548
1009793,1006318
1009794,1006318
1009795,1006611
1009796,1006318
1009797,1008568
1009798,1006318
1009799,1006887
1009800,1006318
1009801,1009012
1009802,1006318
1009803,1006318
1009804,1009805
1009805,1006318
1009806,1006318
1009807,1008132
1009808,1009623
1009809,1006318
1009810,1008528
1009811,1009812
1009812,1008369
1009813,1008266
1009814,1006318
1009815,1006318
1009816,1008568
1009817,1009252
1009818,1006318
1009819,1006318
1009820,1006318
1009821,1008398
1009822,1006318
1009823,1006318
1009824,1006318
1009825,1008612
1009826,1006318
1009827,1009155
1009828,1009829
1009829,1006318
1009830,1007679
1009831,1008560
1009832,1009833
1009833,1006318
1009834,1006318
1009835,1006318
1009836,1006887
1009837,1006318
1009838,1009370
1009839,1008241
1009840,1006318
1009841,1006318
1009842,1006318
1009843,1006318
1009844,1006318
1009845,1006318
1009846,1006318
1009847,1009848
1009848,1006318
1009849,1009850
1009850,1006318
1009851,1006318
1009852,1009853
1009853,1013194
1009854,1009855
1009855,1008921
1009856,1006318
1009857,1006318
1009858,1008568
1009859,1008261
1009860,1008304
1009861,1006318
1009862,1008875
1009863,1008308
1009864,1006369
1009865,1006318
1009866,1006318
1009867,1008123
1009868,1006318
1009869,1006318
1009870,1008875
1009871,1006318
1009872,1009873
1009873,1006318
1009874,1009070
1009875,1009876
1009876,1008511
1009877,1008390
1009878,1008560
1009879,1009880
1009880,1006318
1009881,1008672
1009882,1008560
1009883,1006318
1009884,1006318
1009885,1006318
1009886,1009134
1009887,1009888
1009888,1013777
1009889,1007532
1009890,1006318
1009891,1006318
1009892,1008280
1009893,1006318
1009894,1009895
1009895,1011062
1009896,1006318
1009897,1006318
1009898,1006318
1009899,1006318
1009900,1009901
1009901,1006318
1009902,1006318
1009903,1006318
1009904,1006318
1009905,1006318
1009906,1006318
1009907,1006318
1009908,1007643
1009909,1008390
1009910,1006318
1009911,1009562
1009912,1006318
1009913,1009914
1009914,1006318
1009915,1006318
1009916,1009917
1009917,1006318
1009918,1008346
1009919,1009920
1009920,1011078
1009921,1006318
1009922,1009923
1009923,1008930
1009924,1009925
1009925,1006318
1009926,1008699
1009927,1008945
1009928,1008353
1009929,1009930
1009930,1009012
1009931,1006318
1009932,1009199
1009933,1008241
1009934,1008414
1009935,1006318
1009936,1008747
1009937,1006318
1009938,1006318
1009939,1006318
1009940,1006318
1009941,1006318
1009942,1009943
1009943,1006318
1009944,1006318
1009945,1006318
1009946,1009412
1009947,1006318
1009948,1006501
1009949,1006318
1009950,1006318
1009951,1009952
1009952,1014652
1009953,1009954
1009954,1010296
1009955,1006318
1009956,1008414
1009957,1009958
1009958,1012922
1009959,1006318
1009960,1009961
1009961,1006318
1009962,1008511
1009963,1007929
1009964,1008696
1009965,1006318
1009966,1006318
1009967,1009346
1009968,1006318
1009969,1009970
1009970,1006318
1009971,1009565
1009972,1006318
1009973,1008747
1009974,1008672
1009975,1006318
1009976,1006318
1009977,1008304
1009978,1006318
1009979,1006318
1009980,1008241
1009981,1006318
1009982,1009983
1009983,1007479
1009984,1008261
1009985,1006318
1009986,1009987
1009987,1008155
1009988,1009989
1009989,1006318
1009990,1008414
1009991,1009992
1009992,1009412
1009993,1006318
1009994,1006318
1009995,1006318
1009996,1006318
1009997,1006318
1009998,1009201
1009999,1008511
1010000,1008304
1010001,1006318
1010002,1008484
1010003,1006318
1010004,1010005
1010005,1010194
1010006,1007517
1010007,1006318
1010008,1006318
1010009,1009075
1010010,1008142
1010011,1010012
1010012,1010563
1010013,1006318
1010014,1006318
1010015,1008241
1010016,1008731
1010017,1008390
1010018,1006725
1010019,1006318
1010020,1006318
1010021,1008904
1010022,1009017
1010023,1008232
1010024,1006318
1010025,1009680
1010026,1006318
1010027,1007929
1010028,1006318
1010029,1006318
1010030,1008304
1010031,1010032
1010032,1009505
1010033,1006318
1010034,1008747
1010035,1006318
1010036,1006318
1010037,1006318
1010038,1006318
1010039,1008280
1010040,1010041
1010041,1006318
1010042,1006656
1010043,1006318
1010044,1009264
1010045,1008919
1010046,1007147
1010047,1006318
1010048,1009140
1010049,1006318
1010050,1006318
1010051,1006318
1010052,1010053
1010053,1006318
1010054,1006318
1010055,1006318
1010056,1010057
1010057,1006318
1010058,1008414
1010059,1006318
1010060,1006318
1010061,1008568
1010062,1006318
1010063,1008454
1010064,1008261
1010065,1006318
1010066,1006318
1010067,1006318
1010068,1006318
1010069,1006318
1010070,1006318
1010071,1008585
1010072,1010073
1010073,1006318
1010074,1006318
1010075,1009070
1010076,1008568
1010077,1010078
1010078,1008275
1010079,1008261
1010080,1008511
1010081,1006318
1010082,1009347
1010083,1010084
1010084,1006318
1010085,1010086
1010086,1006318
1010087,1006318
1010088,1006318
1010089,1010090
1010090,1008575
1010091,1006369
1010092,1006609
1010093,1006318
1010094,1009565
1010095,1008241
1010096,1006318
1010097,1006318
1010098,1008412
1010099,1006318
1010100,1006318
1010101,1008410
1010102,1006440
1010103,1006318
1010104,1006318
1010105,1008241
1010106,1009346
1010107,1006318
1010108,1006318
1010109,1009202
1010110,1006414
1010111,1008843
1010112,1006318
1010113,1008308
1010114,1007643
1010115,1006318
1010116,1006318
1010117,1006318
1010118,1010119
1010119,1006318
1010120,1006318
1010121,1008271
1010122,1006318
1010123,1008261
1010124,1010125
1010125,1006318
1010126,1007225
1010127,1006318
1010128,1006318
1010129,1010032
1010130,1006318
1010131,1008962
1010132,1008280
1010133,1007695
1010134,1006318
1010135,1006318
1010136,1010137
1010137,1006318
1010138,1006318
1010139,1006318
1010140,1008132
1010141,1008241
1010142,1006318
1010143,1006318
1010144,1008910
1010145,1008233
1010146,1008747
1010147,1007517
1010148,1006318
1010149,1006318
1010150,1008199
1010151,1006318
1010152,1006318
1010153,1008196
1010154,1006318
1010155,1006318
1010156,1006318
1010157,1009625
1010158,1008062
1010159,1008412
1010160,1006318
1010161,1006318
1010162,1006318
1010163,1010164
1010164,1010057
1010165,1013031
1010166,1008166
1010167,1006318
1010168,1009010
1010169,1006318
1010170,1008954
1010171,1006318
1010172,1008875
1010173,1006318
1010174,1006318
1010175,1006318
1010176,1006318
1010177,1006318
1010178,1006318
1010179,1006318
1010180,1007147
1010181,1010182
1010182,1009025
1010183,1010184
1010184,1006552
1010185,1008261
1010186,1006318
1010187,1006318
1010188,1006318
1010189,1006318
1010190,1010191
1010191,1008233
1010192,1009829
1010193,1006318
1010194,1009713
1010195,1010057
1010196,1008241
1010197,1010198
1010198,1006318
1010199,1006318
1010200,1008173
1010201,1009998
1010202,1006318
1010203,1008859
1010204,1010205
1010205,1008142
1010206,1010207
1010207,1006318
1010208,1009875
1010209,1009945
1010210,1010211
1010211,1006318
1010212,1006318
1010213,1006656
1010214,1008241
1010215,1006318
1010216,1006318
1010217,1010093
1010218,1008916
1010219,1006318
1010220,1010221
1010221,1011299
1010222,1006318
1010223,1006318
1010224,1010073
1010225,1008390
1010226,1008568
1010227,1006318
1010228,1006318
1010229,1006318
1010230,1008275
1010231,1010232
1010232,1008185
1010233,1006318
1010234,1010184
1010235,1006318
1010236,1006318
1010237,1006318
1010238,1006318
1010239,1006318
1010240,1008568
1010241,1006318
1010242,1009160
1010243,1008390
1010244,1008398
1010245,1008339
1010246,1006318
1010247,1006318
1010248,1006318
1010249,1008560
1010250,1008429
1010251,1010252
1010252,1008275
1010253,1006318
1010254,1010255
1010255,1006318
1010256,1010257
1010257,1006318
1010258,1006318
1010259,1010260
1010260,1006318
1010261,1008568
1010262,1006318
1010263,1006318
1010264,1006318
1010265,1010266
1010266,1008925
1010267,1006318
1010268,1006318
1010269,1006318
1010270,1010271
1010271,1006318
1010272,1006318
1010273,1006318
1010274,1006318
1010275,1008779
1010276,1006318
1010277,1008132
1010278,1006318
1010279,1010280
1010280,1006318
1010281,1006318
1010282,1006318
1010283,1008142
1010284,1008511
1010285,1007532
1010286,1006318
1010287,1006318
1010288,1008855
1010289,1006318
1010290,1010291
1010291,1010822
1010292,1006318
1010293,1008814
1010294,1006318
1010295,1010296
1010296,1008155
1010297,1006318
1010298,1013734
1010299,1008241
1010300,1006318
1010301,1006318
1010302,1006318
1010303,1008390
1010304,1010305
1010305,1006318
1010306,1010184
1010307,1006318
1010308,1009361
1010309,1006318
1010310,1008273
1010311,1006318
1010312,1010313
1010313,1007069
1010314,1008171
1010315,1006318
1010316,1010317
1010317,1006318
1010318,1006318
1010319,1009041
1010320,1009342
1010321,1006318
1010322,1010323
1010323,1006318
1010324,1008183
1010325,1010326
1010326,1010687
1010327,1010328
1010328,1011175
1010329,1006318
1010330,1009134
1010331,1010332
1010332,1006318
1010333,1006318
1010334,1008414
1010335,1006654
1010336,1006318
1010337,1006318
1010338,1006318
1010339,1007532
1010340,1006318
1010341,1009346
1010342,1006318
1010343,1006318
1010344,1006318
1010345,1006318
1010346,1006318
1010347,1006318
1010348,1009160
1010349,1009070
1010350,1010351
1010351,1006318
1010352,1006318
1010353,1006318
1010354,1008202
1010355,1009260
1010356,1006318
1010357,1008859
1010358,1006318
1010359,1010360
1010360,1008142
1010361,1010362
1010362,1006318
1010363,1006609
1010364,1006318
1010365,1006318
1010366,1006414
1010367,1006318
1010368,1006318
1010369,1006440
1010370,1006318
1010371,1010547
1010372,1009958
1010373,1006318
1010374,1007943
1010375,1006318
1010376,1010377
1010377,1008275
1010378,1006318
1010379,1008142
1010380,1008414
1010381,1006318
1010382,1006318
1010383,1006318
1010384,1008155
1010385,1008294
1010386,1006318
1010387,1008001
1010388,1006318
1010389,1006318
1010390,1006318
1010391,1006318
1010392,1006318
1010393,1006318
1010394,1006318
1010395,1008142
1010396,1010397
1010397,1013085
1010398,1008390
1010399,1006318
1010400,1008414
1010401,1009021
1010402,1009508
1010403,1010404
1010404,1008275
1010405,1009199
1010406,1010407
1010407,1006369
1010408,1010323
1010409,1008390
1010410,1006318
1010411,1006318
1010412,1006318
1010413,1007643
1010414,1008233
1010415,1006318
1010416,1006318
1010417,1010418
1010418,1006318
1010419,1010420
1010420,1006318
1010421,1006318
1010422,1006318
1010423,1009543
1010424,1006318
1010425,1010426
1010426,1006318
1010427,1006318
1010428,1006318
1010429,1006318
1010430,1008241
1010431,1007895
1010432,1008779
1010433,1006318
1010434,1006318
1010435,1006318
1010436,1008115
1010437,1010438
1010438,1006318
1010439,1010440
1010440,1008155
1010441,1006414
1010442,1006318
1010443,1008966
1010444,1006318
1010445,1010446
1010446,1006318
1010447,1010448
1010448,1006318
1010449,1006318
1010450,1008553
1010451,1008115
1010452,1006318
1010453,1006318
1010454,1008948
1010455,1008568
1010456,1008398
1010457,1010458
1010458,1008142
1010459,1010460
1010460,1009208
1010461,1006318
1010462,1008241
1010463,1010464
1010464,1006318
1010465,1009134
1010466,1006318
1010467,1006318
1010468,1006318
1010469,1010470
1010470,1014652
1010471,1006318
1010472,1006318
1010473,1006318
1010474,1008573
1010475,1006318
1010476,1008568
1010477,1006318
1010478,1006318
1010479,1006318
1010480,1006318
1010481,1006318
1010482,1006318
1010483,1006903
1010484,1010485
1010485,1006318
1010486,1009041
1010487,1008398
1010488,1006318
1010489,1006318
1010490,1008847
1010491,1010492
1010492,1010800
1010493,1006318
1010494,1010495
1010495,1007069
1010496,1009562
1010497,1006318
1010498,1010499
1010499,1006318
1010500,1010501
1010501,1006318
1010502,1006318
1010503,1008966
1010504,1008142
1010505,1006318
1010506,1006318
1010507,1006318
1010508,1006318
1010509,1010510
1010510,1008390
1010511,1006318
1010512,1006318
1010513,1006318
1010514,1009952
1010515,1006318
1010516,1006318
1010517,1006318
1010518,1006318
1010519,1006318
1010520,1006318
1010521,1009713
1010522,1009012
1010523,1006318
1010524,1006318
1010525,1006318
1010526,1006318
1010527,1006318
1010528,1010529
1010529,1006318
1010530,1008241
1010531,1006318
1010532,1006318
1010533,1010534
1010534,1006318
1010535,1008205
1010536,1010537
1010537,1006318
1010538,1010539
1010539,1006591
1010540,1006385
1010541,1008568
1010542,1006318
1010543,1008142
1010544,1010545
1010545,1006318
1010546,1006318
1010547,1009872
1010548,1009079
1010549,1006318
1010550,1006318
1010551,1006318
1010552,1010553
1010553,1006318
1010554,1006318
1010555,1010556
1010556,1006318
1010557,1006318
1010558,1006318
1010559,1010086
1010560,1010561
1010561,1015817
1010562,1006318
1010563,1006318
1010564,1006318
1010565,1010407
1010566,1010264
1010567,1010568
1010568,1006318
1010569,1010570
1010570,1012270
1010571,1009361
1010572,1006318
1010573,1007792
1010574,1010575
1010575,1006318
1010576,1006318
1010577,1010578
1010578,1006318
1010579,1006318
1010580,1006318
1010581,1006318
1010582,1006318
1010583,1007045
1010584,1010585
1010585,1006318
1010586,1008337
1010587,1006318
1010588,1010252
1010589,1006318
1010590,1010591
1010591,1012745
1010592,1006318
1010593,1006414
1010594,1010595
1010595,1009876
1010596,1006318
1010597,1006870
1010598,1006318
1010599,1008672
1010600,1006318
1010601,1008369
1010602,1006318
1010603,1010604
1010604,1006318
1010605,1008275
1010606,1009160
1010607,1010608
1010608,1008511
1010609,1010610
1010610,1006611
1010611,1008323
1010612,1006318
1010613,1010086
1010614,1008394
1010615,1010616
1010616,1006318
1010617,1006318
1010618,1009458
1010619,1006318
1010620,1009006
1010621,1006318
1010622,1006318
1010623,1006318
1010624,1006318
1010625,1010626
1010626,1006318
1010627,1006318
1010628,1006318
1010629,1006318
1010630,1006318
1010631,1006318
1010632,1006318
1010633,1008875
1010634,1008280
1010635,1006318
1010636,1006654
1010637,1010638
1010638,1010298
1010639,1010640
1010640,1010800
1010641,1010642
1010642,1016128
1010643,1006318
1010644,1010645
1010645,1012963
1010646,1006318
1010647,1009031
1010648,1009780
1010649,1006318
1010650,1006318
1010651,1006318
1010652,1008405
1010653,1010654
1010654,1013790
1010655,1006318
1010656,1008412
1010657,1006318
1010658,1008275
1010659,1006318
1010660,1010661
1010661,1010326
1010662,1008672
1010663,1010664
1010664,1011175
1010665,1010666
1010666,1008474
1010667,1006318
1010668,1008959
1010669,1008241
1010670,1010671
1010671,1006318
1010672,1006318
1010673,1006318
1010674,1007643
1010675,1008907
1010676,1010677
1010677,1009012
1010678,1010679
1010679,1016269
1010680,1006318
1010681,1008779
1010682,1008585
1010683,1006318
1010684,1009012
1010685,1006318
1010686,1006318
1010687,1006318
1010688,1010689
1010689,1012649
1010690,1010691
1010691,1008479
1010692,1010693
1010693,1006318
1010694,1006318
1010695,1008467
1010696,1006318
1010697,1007117
1010698,1008945
1010699,1007117
1010700,1010701
1010701,1006318
1010702,1006318
1010703,1006318
1010704,1006318
1010705,1006318
1010706,1006318
1010707,1006318
1010708,1010709
1010709,1006318
1010710,1006318
1010711,1006318
1010712,1009848
1010713,1010714
1010714,1008878
1010715,1006318
1010716,1006318
1010717,1010718
1010718,1006318
1010719,1009310
1010720,1006318
1010721,1006318
1010722,1010610
1010723,1008294
1010724,1010725
1010725,1006318
1010726,1008339
1010727,1006318
1010728,1006318
1010729,1006318
1010730,1008779
1010731,1006318
1010732,1006318
1010733,1008241
1010734,1008592
1010735,1009508
1010736,1009281
1010737,1008280
1010738,1009423
1010739,1009970
1010740,1010296
1010741,1006611
1010742,1006318
1010743,1006318
1010744,1006318
1010745,1006318
1010746,1009134
1010747,1008369
1010748,1006318
1010749,1006318
1010750,1006318
1010751,1008261
1010752,1006318
1010753,1008766
1010754,1008241
1010755,1006318
1010756,1010280
1010757,1007045
1010758,1008875
1010759,1006318
1010760,1008171
1010761,1006318
1010762,1006318
1010763,1006318
1010764,1006318
1010765,1006318
1010766,1006318
1010767,1006318
1010768,1009508
1010769,1006318
1010770,1006318
1010771,1006318
1010772,1008511
1010773,1008166
1010774,1006318
1010775,1010776
1010776,1014504
1010777,1006318
1010778,1006318
1010779,1006318
1010780,1007517
1010781,1010782
1010782,1010137
1010783,1006318
1010784,1010785
1010785,1006318
1010786,1008760
1010787,1010788
1010788,1008009
1010789,1010790
1010790,1007045
1010791,1006318
1010792,1008946
1010793,1010691
1010794,1010795
1010795,1009554
1010796,1008280
1010797,1006318
1010798,1010799
1010799,1010337
1010800,1006318
1010801,1006318
1010802,1006501
1010803,1009548
1010804,1006318
1010805,1009033
1010806,1006318
1010807,1006318
1010808,1006318
1010809,1006318
1010810,1009756
1010811,1008350
1010812,1006318
1010813,1010814
1010814,1006318
1010815,1010816
1010816,1006414
1010817,1006318
1010818,1006318
1010819,1006318
1010820,1007517
1010821,1010822
1010822,1006318
1010823,1006318
1010824,1008451
1010825,1008412
1010826,1008166
1010827,1010828
1010828,1006318
1010829,1009163
1010830,1010785
1010831,1006318
1010832,1006318
1010833,1008241
1010834,1006318
1010835,1010836
1010836,1006318
1010837,1006318
1010838,1010839
1010839,1006369
1010840,1010841
1010841,1010822
1010842,1010843
1010843,1006318
1010844,1010845
1010845,1009052
1010846,1006318
1010847,1009630
1010848,1009097
1010849,1006318
1010850,1006318
1010851,1009277
1010852,1006318
1010853,1006318
1010854,1009505
1010855,1008275
1010856,1006318
1010857,1010225
1010858,1008280
1010859,1006318
1010860,1010861
1010861,1006318
1010862,1006318
1010863,1006318
1010864,1006318
1010865,1006318
1010866,1006318
1010867,1010123
1010868,1006318
1010869,1009012
1010870,1006318
1010871,1008647
1010872,1007117
1010873,1009801
1010874,1009202
1010875,1009264
1010876,1008173
1010877,1006318
1010878,1006318
1010879,1008339
1010880,1008570
1010881,1006318
1010882,1006318
1010883,1006318
1010884,1006318
1010885,1006318
1010886,1006318
1010887,1010790
1010888,1009361
1010889,1006318
1010890,1008254
1010891,1006318
1010892,1006318
1010893,1006318
1010894,1006318
1010895,1008173
1010896,1010897
1010897,1006318
1010898,1006318
1010899,1006318
1010900,1006318
1010901,1006318
1010902,1006318
1010903,1006318
1010904,1008155
1010905,1010768
1010906,1010184
1010907,1008672
1010908,1010909
1010909,1008511
1010910,1006318
1010911,1008779
1010912,1006318
1010913,1009705
1010914,1006318
1010915,1010916
1010916,1008142
1010917,1010822
1010918,1006318
1010919,1006318
1010920,1006318
1010921,1006318
1010922,1006318
1010923,1010886
1010924,1006318
1010925,1008536
1010926,1008344
1010927,1008308
1010928,1009554
1010929,1006318
1010930,1006318
1010931,1006318
1010932,1006318
1010933,1006318
1010934,1009031
1010935,1006318
1010936,1006318
1010937,1006318
1010938,1010939
1010939,1006318
1010940,1006318
1010941,1010942
1010942,1009953
1010943,1006318
1010944,1010945
1010945,1012988
1010946,1006318
1010947,1010790
1010948,1008963
1010949,1006318
1010950,1010951
1010951,1008575
1010952,1008183
1010953,1008531
1010954,1006318
1010955,1006318
1010956,1008412
1010957,1008238
1010958,1006318
1010959,1006318
1010960,1007899
1010961,1006318
1010962,1008560
1010963,1006318
1010964,1006318
1010965,1010966
1010966,1006318
1010967,1008294
1010968,1010969
1010969,1006318
1010970,1006318
1010971,1010972
1010972,1009756
1010973,1010974
1010974,1008638
1010975,1006318
1010976,1010977
1010977,1014769
1010978,1008185
1010979,1008568
1010980,1006318
1010981,1010982
1010982,1008218
1010983,1008919
1010984,1010985
1010985,1010626
1010986,1006318
1010987,1006318
1010988,1008390
1010989,1010078
1010990,1006318
1010991,1010942
1010992,1007643
1010993,1010578
1010994,1006318
1010995,1006318
1010996,1010997
1010997,1015723
1010998,1006318
1010999,1011000
1011000,1010358
1011001,1008954
1011002,1009687
1011003,1006318
1011004,1006318
1011005,1008241
1011006,1006318
1011007,1006318
1011008,1011009
1011009,1010951
1011010,1006318
1011011,1008702
1011012,1008362
1011013,1006318
1011014,1008339
1011015,1006318
1011016,1011017
1011017,1006318
1011018,1008647
1011019,1006318
1011020,1006318
1011021,1008885
1011022,1006318
1011023,1011024
1011024,1006318
1011025,1007517
1011026,1007643
1011027,1006318
1011028,1006318
1011029,1006318
1011030,1011031
1011031,1006318
1011032,1006318
1011033,1010326
1011034,1008142
1011035,1006318
1011036,1008460
1011037,1010495
1011038,1006318
1011039,1008333
1011040,1009163
1011041,1006318
1011042,1011043
1011043,1006318
1011044,1010638
1011045,1006318
1011046,1008398
1011047,1011048
1011048,1006318
1011049,1006318
1011050,1011051
1011051,1006318
1011052,1006609
1011053,1010057
1011054,1009012
1011055,1006318
1011056,1006318
1011057,1006318
1011058,1006318
1011059,1006318
1011060,1006318
1011061,1011062
1011062,1009582
1011063,1008192
1011064,1006318
1011065,1006318
1011066,1008919
1011067,1008907
1011068,1008233
1011069,1010717
1011070,1006318
1011071,1009264
1011072,1010221
1011073,1009909
1011074,1011075
1011075,1008233
1011076,1008954
1011077,1011078
1011078,1010687
1011079,1006318
1011080,1006318
1011081,1008171
1011082,1006318
1011083,1011084
1011084,1006318
1011085,1006318
1011086,1006318
1011087,1006318
1011088,1008166
1011089,1006318
1011090,1008185
1011091,1006318
1011092,1010201
1011093,1006318
1011094,1006318
1011095,1010609
1011096,1006318
1011097,1006318
1011098,1008875
1011099,1011100
1011100,1006318
1011101,1008171
1011102,1011103
1011103,1006318
1011104,1006318
1011105,1006318
1011106,1006318
1011107,1006318
1011108,1006318
1011109,1006318
1011110,1006881
1011111,1006318
1011112,1009230
1011113,1011114
1011114,1006318
1011115,1006318
1011116,1006318
1011117,1006318
1011118,1011119
1011119,1006318
1011120,1008241
1011121,1007517
1011122,1006318
1011123,1006318
1011124,1011125
1011125,1014771
1011126,1010470
1011127,1008919
1011128,1011129
1011129,1006591
1011130,1006318
1011131,1008410
1011132,1006318
1011133,1011134
1011134,1008638
1011135,1008155
1011136,1006318
1011137,1008967
1011138,1009012
1011139,1011140
1011140,1008132
1011141,1006318
1011142,1011143
1011143,1008414
1011144,1011145
1011145,1010504
1011146,1006318
1011147,1011148
1011148,1009196
1011149,1006324
1011150,1011151
1011151,1006318
1011152,1008414
1011153,1008394
1011154,1007069
1011155,1011156
1011156,1009855
1011157,1011158
1011158,1013036
1011159,1008831
1011160,1006318
1011161,1008915
1011162,1006318
1011163,1006318
1011164,1006318
1011165,1006318
1011166,1008405
1011167,1008414
1011168,1008330
1011169,1008243
1011170,1008241
1011171,1006318
1011172,1006318
1011173,1011174
1011174,1008233
1011175,1006318
1011176,1006318
1011177,1011178
1011178,1012270
1011179,1009983
1011180,1006318
1011181,1006903
1011182,1006318
1011183,1006318
1011184,1007929
1011185,1008280
1011186,1006318
1011187,1008190
1011188,1009970
1011189,1008609
1011190,1006318
1011191,1009096
1011192,1006318
1011193,1006318
1011194,1006318
1011195,1006318
1011196,1008294
1011197,1008140
1011198,1008866
1011199,1006318
1011200,1006756
1011201,1006318
1011202,1006318
1011203,1010359
1011204,1008871
1011205,1006318
1011206,1006318
1011207,1006703
1011208,1010125
1011209,1011210
1011210,1008115
1011211,1007532
1011212,1006318
1011213,1006318
1011214,1006318
1011215,1006318
1011216,1006318
1011217,1006318
1011218,1006318
1011219,1006318
1011220,1011221
1011221,1006318
1011222,1006318
1011223,1006369
1011224,1011225
1011225,1008812
1011226,1006943
1011227,1009961
1011228,1008568
1011229,1006318
1011230,1006318
1011231,1011232
1011232,1006318
1011233,1007532
1011234,1011235
1011235,1008861
1011236,1006318
1011237,1008954
1011238,1011239
1011239,1007069
1011240,1008398
1011241,1008155
1011242,1010822
1011243,1006318
1011244,1006318
1011245,1006318
1011246,1011247
1011247,1008155
1011248,1008241
1011249,1006318
1011250,1006318
1011251,1006318
1011252,1006318
1011253,1006414
1011254,1006318
1011255,1006318
1011256,1008871
1011257,1011258
1011258,1006318
1011259,1008132
1011260,1006318
1011261,1006318
1011262,1006318
1011263,1006318
1011264,1011265
1011265,1009519
1011266,1006414
1011267,1011268
1011268,1006318
1011269,1008560
1011270,1009140
1011271,1008390
1011272,1006318
1011273,1006318
1011274,1011275
1011275,1006318
1011276,1011277
1011277,1006318
1011278,1009264
1011279,1006318
1011280,1006318
1011281,1006318
1011282,1011283
1011283,1009209
1011284,1008647
1011285,1006318
1011286,1009833
1011287,1006318
1011288,1011289
1011289,1013194
1011290,1008966
1011291,1011292
1011292,1008132
1011293,1006318
1011294,1006318
1011295,1006318
1011296,1008568
1011297,1011298
1011298,1006318
1011299,1011155
1011300,1006318
1011301,1011302
1011302,1011477
1011303,1008142
1011304,1006318
1011305,1006318
1011306,1006318
1011307,1006318
1011308,1006318
1011309,1008205
1011310,1006318
1011311,1008166
1011312,1006414
1011313,1006552
1011314,1006369
1011315,1008196
1011316,1006318
1011317,1008568
1011318,1006318
1011319,1006318
1011320,1009149
1011321,1011322
1011322,1006611
1011323,1006318
1011324,1011325
1011325,1008273
1011326,1008275
1011327,1006318
1011328,1010653
1011329,1006318
1011330,1006318
1011331,1008241
1011332,1010822
1011333,1006318
1011334,1008919
1011335,1011336
1011336,1008415
1011337,1006318
1011338,1008672
1011339,1008280
1011340,1006318
1011341,1006318
1011342,1011343
1011343,1008625
1011344,1010969
1011345,1006318
1011346,1011347
1011347,1014048
1011348,1007643
1011349,1009625
1011350,1008638
1011351,1008568
1011352,1008954
1011353,1006318
1011354,1008488
1011355,1008166
1011356,1006318
1011357,1008412
1011358,1006318
1011359,1011360
1011360,1006318
1011361,1011362
1011362,1006318
1011363,1011235
1011364,1008135
1011365,1006318
1011366,1011367
1011367,1006318
1011368,1008280
1011369,1008390
1011370,1009012
1011371,1009196
1011372,1008115
1011373,1011374
1011374,1010921
1011375,1006318
1011376,1006318
1011377,1006318
1011378,1008565
1011379,1008954
1011380,1006318
1011381,1008173
1011382,1006318
1011383,1006318
1011384,1006318
1011385,1009792
1011386,1011387
1011387,1013099
1011388,1011389
1011389,1015450
1011390,1007929
1011391,1006318
1011392,1009987
1011393,1009231
1011394,1006318
1011395,1006318
1011396,1006318
1011397,1006318
1011398,1006318
1011399,1006903
1011400,1006318
1011401,1011402
1011402,1011766
1011403,1008760
1011404,1006318
1011405,1006318
1011406,1008414
1011407,1006318
1011408,1006318
1011409,1006318
1011410,1006318
1011411,1006654
1011412,1008056
1011413,1008560
1011414,1007045
1011415,1008565
1011416,1006318
1011417,1006318
1011418,1008511
1011419,1007695
1011420,1007929
1011421,1006318
1011422,1006318
1011423,1006318
1011424,1006318
1011425,1009394
1011426,1011427
1011427,1006318
1011428,1011429
1011429,1006318
1011430,1011431
1011431,1008511
1011432,1006318
1011433,1006318
1011434,1011435
1011435,1016243
1011436,1008528
1011437,1010191
1011438,1006318
1011439,1006318
1011440,1011441
1011441,1006318
1011442,1006318
1011443,1006318
1011444,1006318
1011445,1006318
1011446,1006369
1011447,1007225
1011448,1009070
1011449,1006318
1011450,1011451
1011451,1008405
1011452,1009954
1011453,1011454
1011454,1012649
1011455,1006318
1011456,1011138
1011457,1006318
1011458,1006318
1011459,1008192
1011460,1006318
1011461,1006318
1011462,1008770
1011463,1006318
1011464,1008344
1011465,1009423
1011466,1006318
1011467,1011468
1011468,1008344
1011469,1006318
1011470,1006318
1011471,1006318
1011472,1006611
1011473,1006318
1011474,1010298
1011475,1011476
1011476,1006318
1011477,1006318
1011478,1008241
1011479,1011480
1011480,1011813
1011481,1006318
1011482,1006318
1011483,1006318
1011484,1008323
1011485,1006318
1011486,1011487
1011487,1009012
1011488,1006318
1011489,1006318
1011490,1006318
1011491,1006318
1011492,1009204
1011493,1010777
1011494,1006318
1011495,1006552
1011496,1008241
1011497,1008132
1011498,1010238
1011499,1006318
1011500,1010204
1011501,1008241
1011502,1008871
1011503,1006318
1011504,1009488
1011505,1006318
1011506,1006318
1011507,1008412
1011508,1011509
1011509,1009510
1011510,1006318
1011511,1006385
1011512,1006318
1011513,1006318
1011514,1006318
1011515,1006318
1011516,1006318
1011517,1008173
1011518,1006318
1011519,1011520
1011520,1006318
1011521,1006318
1011522,1006318
1011523,1011524
1011524,1012152
1011525,1006318
1011526,1009548
1011527,1011528
1011528,1013085
1011529,1006318
1011530,1011302
1011531,1006318
1011532,1006318
1011533,1008859
1011534,1008280
1011535,1009140
1011536,1009342
1011537,1009936
1011538,1008422
1011539,1006318
1011540,1006318
1011541,1010822
1011542,1009144
1011543,1006318
1011544,1008344
1011545,1008878
1011546,1006318
1011547,1006318
1011548,1006318
1011549,1008412
1011550,1006318
1011551,1006318
1011552,1010816
1011553,1006318
1011554,1008568
1011555,1006318
1011556,1011033
1011557,1008233
1011558,1006369
1011559,1006318
1011560,1009012
1011561,1008568
1011562,1006318
1011563,1006318
1011564,1009484
1011565,1008280
1011566,1008455
1011567,1008875
1011568,1006318
1011569,1010495
1011570,1011571
1011571,1006318
1011572,1006318
1011573,1011429
1011574,1008173
1011575,1006318
1011576,1006703
1011577,1008875
1011578,1006318
1011579,1011580
1011580,1006318
1011581,1011582
1011582,1013061
1011583,1006318
1011584,1010420
1011585,1006318
1011586,1006609
1011587,1006318
1011588,1006318
1011589,1010691
1011590,1011509
1011591,1008173
1011592,1006318
1011593,1011221
1011594,1008241
1011595,1011596
1011596,1015945
1011597,1011429
1011598,1006318
1011599,1008568
1011600,1006318
1011601,1009983
1011602,1006440
1011603,1006318
1011604,1006318
1011605,1008568
1011606,1006318
1011607,1011608
1011608,1008380
1011609,1008285
1011610,1006318
1011611,1008233
1011612,1008304
1011613,1008339
1011614,1011615
1011615,1009130
1011616,1006318
1011617,1006318
1011618,1008857
1011619,1008575
1011620,1011329
1011621,1006318
1011622,1011623
1011623,1008132
1011624,1007421
1011625,1009070
1011626,1006414
1011627,1006318
1011628,1006318
1011629,1010694
1011630,1006792
1011631,1010351
1011632,1006318
1011633,1006318
1011634,1006318
1011635,1010568
1011636,1006318
1011637,1008132
1011638,1011258
1011639,1006318
1011640,1009359
1011641,1006318
1011642,1010978
1011643,1006318
1011644,1006318
1011645,1008142
1011646,1010902
1011647,1006318
1011648,1008954
1011649,1006318
1011650,1007517
1011651,1006318
1011652,1006318
1011653,1006318
1011654,1006318
1011655,1011656
1011656,1013085
1011657,1006318
1011658,1007643
1011659,1006318
1011660,1006318
1011661,1008560
1011662,1008414
1011663,1008777
1011664,1006318
1011665,1006318
1011666,1006318
1011667,1010902
1011668,1006318
1011669,1011670
1011670,1008612
1011671,1006318
1011672,1008919
1011673,1006318
1011674,1011675
1011675,1006318
1011676,1006318
1011677,1011678
1011678,1006707
1011679,1008747
1011680,1006318
1011681,1010966
1011682,1011201
1011683,1011684
1011684,1008390
1011685,1006318
1011686,1010402
1011687,1006318
1011688,1006318
1011689,1011690
1011690,1006318
1011691,1006318
1011692,1006707
1011693,1006318
1011694,1011695
1011695,1010236
1011696,1009264
1011697,1006318
1011698,1006318
1011699,1006318
1011700,1006318
1011701,1011702
1011702,1006318
1011703,1008585
1011704,1006318
1011705,1008192
1011706,1006318
1011707,1010539
1011708,1006318
1011709,1006318
1011710,1008275
1011711,1006318
1011712,1006318
1011713,1008155
1011714,1006318
1011715,1006318
1011716,1008166
1011717,1009134
1011718,1011719
1011719,1006318
1011720,1009658
1011721,1011722
1011722,1008142
1011723,1011724
1011724,1015518
1011725,1008568
1011726,1011727
1011727,1008261
1011728,1011729
1011729,1008233
1011730,1006318
1011731,1010491
1011732,1008280
1011733,1006318
1011734,1011735
1011735,1012262
1011736,1006318
1011737,1006318
1011738,1006318
1011739,1011740
1011740,1008233
1011741,1013431
1011742,1008256
1011743,1006318
1011744,1008142
1011745,1010625
1011746,1011747
1011747,1008185
1011748,1006318
1011749,1010470
1011750,1008362
1011751,1008568
1011752,1006318
1011753,1006318
1011754,1006318
1011755,1006318
1011756,1006318
1011757,1011758
1011758,1006318
1011759,1008568
1011760,1006318
1011761,1011044
1011762,1006318
1011763,1009006
1011764,1008241
1011765,1011766
1011766,1013196
1011767,1006318
1011768,1006318
1011769,1006318
1011770,1006318
1011771,1006318
1011772,1006318
1011773,1006318
1011774,1008507
1011775,1011776
1011776,1006318
1011777,1008424
1011778,1008812
1011779,1006318
1011780,1008196
1011781,1006318
1011782,1006318
1011783,1006318
1011784,1011785
1011785,1008433
1011786,1010537
1011787,1006318
1011788,1011789
1011789,1006326
1011790,1006318
1011791,1011792
1011792,1008275
1011793,1008405
1011794,1006318
1011795,1006318
1011796,1006318
1011797,1011798
1011798,1006318
1011799,1006318
1011800,1008966
1011801,1008777
1011802,1008304
1011803,1011804
1011804,1006501
1011805,1008812
1011806,1008595
1011807,1011808
1011808,1008339
1011809,1008062
1011810,1009853
1011811,1008333
1011812,1011813
1011813,1007929
1011814,1006318
1011815,1011816
1011816,1008132
1011817,1006318
1011818,1006318
1011819,1010420
1011820,1011821
1011821,1006318
1011822,1008142
1011823,1006318
1011824,1006318
1011825,1008132
1011826,1011670
1011827,1009140
1011828,1011287
1011829,1011830
1011830,1006318
1011831,1008364
1011832,1008115
1011833,1011831
1011834,1008609
1011835,1006318
1011836,1011837
1011837,1008505
1011838,1008353
1011839,1010296
1011840,1006318
1011841,1008275
1011842,1011843
1011843,1008180
1011844,1006318
1011845,1010966
1011846,1008390
1011847,1010974
1011848,1006318
1011849,1006318
1011850,1011851
1011851,1006318
1011852,1006318
1011853,1006318
1011854,1007659
1011855,1010283
1011856,1006318
1011857,1011858
1011858,1006318
1011859,1006318
1011860,1011830
1011861,1006318
1011862,1006318
1011863,1006318
1011864,1010032
1011865,1006318
1011866,1008155
1011867,1006318
1011868,1009565
1011869,1006318
1011870,1011871
1011871,1006318
1011872,1010785
1011873,1006318
1011874,1006318
1011875,1008989
1011876,1006318
1011877,1006318
1011878,1006318
1011879,1006318
1011880,1006318
1011881,1006318
1011882,1006318
1011883,1011884
1011884,1012179
1011885,1006318
1011886,1009397
1011887,1011888
1011888,1008233
1011889,1011137
1011890,1006318
1011891,1008241
1011892,1008960
1011893,1008155
1011894,1006318
1011895,1008192
1011896,1006318
1011897,1006318
1011898,1011899
1011899,1007069
1011900,1011901
1011901,1010536
1011902,1006318
1011903,1006318
1011904,1006318
1011905,1006318
1011906,1006318
1011907,1006318
1011908,1006318
1011909,1006318
1011910,1006318
1011911,1011495
1011912,1006318
1011913,1006318
1011914,1006318
1011915,1006318
1011916,1011429
1011917,1006318
1011918,1008760
1011919,1006318
1011920,1011921
1011921,1009923
1011922,1009356
1011923,1010184
1011924,1011925
1011925,1006318
1011926,1006318
1011927,1006318
1011928,1006318
1011929,1011930
1011930,1010057
1011931,1006318
1011932,1008241
1011933,1008132
1011934,1006318
1011935,1011766
1011936,1006318
1011937,1006318
1011938,1009961
1011939,1008921
1011940,1006318
1011941,1009160
1011942,1008565
1011943,1006318
1011944,1006318
1011945,1009645
1011946,1008280
1011947,1006318
1011948,1006318
1011949,1006318
1011950,1006318
1011951,1008275
1011952,1006318
1011953,1011954
1011954,1012377
1011955,1006318
1011956,1007069
1011957,1008954
1011958,1008814
1011959,1006318
1011960,1009620
1011961,1006318
1011962,1009762
1011963,1006318
1011964,1006318
1011965,1008638
1011966,1006318
1011967,1006369
1011968,1006318
1011969,1006318
1011970,1006318
1011971,1011972
1011972,1013934
1011973,1006318
1011974,1006318
1011975,1006318
1011976,1006318
1011977,1010080
1011978,1006318
1011979,1008154
1011980,1006318
1011981,1008362
1011982,1006318
1011983,1009100
1011984,1008954
1011985,1006318
1011986,1006318
1011987,1011988
1011988,1006318
1011989,1006318
1011990,1011991
1011991,1006318
1011992,1006318
1011993,1006318
1011994,1008919
1011995,1006318
1011996,1008241
1011997,1006318
1011998,1008893
1011999,1006318
1012000,1006318
1012001,1012002
1012002,1006318
1012003,1009983
1012004,1006318
1012005,1006318
1012006,1012007
1012007,1006318
1012008,1006318
1012009,1006318
1012010,1008560
1012011,1008333
1012012,1006318
1012013,1006318
1012014,1008344
1012015,1008412
1012016,1006318
1012017,1011201
1012018,1009834
1012019,1008568
1012020,1010296
1012021,1006318
1012022,1006318
1012023,1006318
1012024,1008390
1012025,1006318
1012026,1007765
1012027,1012028
1012028,1008180
1012029,1008928
1012030,1006318
1012031,1012032
1012032,1006318
1012033,1010199
1012034,1006318
1012035,1007929
1012036,1010013
1012037,1012038
1012038,1006373
1012039,1007073
1012040,1009281
1012041,1012042
1012042,1011103
1012043,1006318
1012044,1006318
1012045,1006318
1012046,1011535
1012047,1012048
1012048,1006318
1012049,1006318
1012050,1008921
1012051,1006318
1012052,1006318
1012053,1010111
1012054,1007326
1012055,1009310
1012056,1006318
1012057,1006318
1012058,1006318
1012059,1012060
1012060,1009581
1012061,1012062
1012062,1011286
1012063,1006318
1012064,1006318
1012065,1010337
1012066,1006318
1012067,1006611
1012068,1012069
1012069,1008364
1012070,1006318
1012071,1006318
1012072,1011223
1012073,1006318
1012074,1008585
1012075,1006318
1012076,1006318
1012077,1008275
1012078,1006318
1012079,1006318
1012080,1006318
1012081,1006318
1012082,1008415
1012083,1008414
1012084,1006318
1012085,1008648
1012086,1006318
1012087,1006318
1012088,1009140
1012089,1006318
1012090,1006318
1012091,1008474
1012092,1006318
1012093,1012094
1012094,1007069
1012095,1006318
1012096,1008443
1012097,1011094
1012098,1006318
1012099,1008607
1012100,1006318
1012101,1008545
1012102,1006318
1012103,1008414
1012104,1010086
1012105,1008609
1012106,1012107
1012107,1012413
1012108,1008779
1012109,1006318
1012110,1007695
1012111,1006318
1012112,1006318
1012113,1006318
1012114,1006318
1012115,1006318
1012116,1006318
1012117,1006318
1012118,1006318
1012119,1006318
1012120,1006318
1012121,1006318
1012122,1006318
1012123,1006552
1012124,1009667
1012125,1008333
1012126,1008333
1012127,1011451
1012128,1006318
1012129,1006318
1012130,1006318
1012131,1006656
1012132,1008171
1012133,1008609
1012134,1008954
1012135,1007643
1012136,1008919
1012137,1006318
1012138,1006318
1012139,1008142
1012140,1012141
1012141,1008899
1012142,1009554
1012143,1009876
1012144,1012145
1012145,1006318
1012146,1008333
1012147,1008241
1012148,1008936
1012149,1006493
1012150,1008115
1012151,1008330
1012152,1010568
1012153,1006501
1012154,1006318
1012155,1006318
1012156,1006318
1012157,1008962
1012158,1010682
1012159,1006318
1012160,1008437
1012161,1010182
1012162,1008568
1012163,1006318
1012164,1006318
1012165,1012166
1012166,1006318
1012167,1006318
1012168,1006318
1012169,1009304
1012170,1006318
1012171,1006501
1012172,1006318
1012173,1008142
1012174,1007532
1012175,1008219
1012176,1006318
1012177,1006318
1012178,1006318
1012179,1006318
1012180,1006318
1012181,1006318
1012182,1008369
1012183,1006369
1012184,1006318
1012185,1012186
1012186,1006318
1012187,1006318
1012188,1009423
1012189,1008424
1012190,1008511
1012191,1011402
1012192,1011286
1012193,1006318
1012194,1008366
1012195,1008171
1012196,1008275
1012197,1008241
1012198,1010902
1012199,1006318
1012200,1006318
1012201,1006318
1012202,1006318
1012203,1006318
1012204,1006318
1012205,1006318
1012206,1006318
1012207,1008261
1012208,1008439
1012209,1012210
1012210,1007069
1012211,1012212
1012212,1009697
1012213,1006318
1012214,1008233
1012215,1008979
1012216,1010296
1012217,1006318
1012218,1006318
1012219,1006318
1012220,1008241
1012221,1008672
1012222,1006318
1012223,1012224
1012224,1009160
1012225,1012226
1012226,1014444
1012227,1006318
1012228,1006318
1012229,1006318
1012230,1008568
1012231,1008241
1012232,1006318
1012233,1012234
1012234,1006318
1012235,1006318
1012236,1006318
1012237,1009255
1012238,1012239
1012239,1010012
1012240,1006318
1012241,1006318
1012242,1006318
1012243,1006318
1012244,1010325
1012245,1006318
1012246,1008592
1012247,1008308
1012248,1006318
1012249,1008333
1012250,1010510
1012251,1006318
1012252,1008207
1012253,1006318
1012254,1006394
1012255,1008234
1012256,1008261
1012257,1006318
1012258,1009394
1012259,1012260
1012260,1013767
1012261,1008205
1012262,1006318
1012263,1015991
1012264,1006318
1012265,1006318
1012266,1006318
1012267,1010184
1012268,1008155
1012269,1011313
1012270,1006318
1012271,1006654
1012272,1006318
1012273,1006318
1012274,1011960
1012275,1010057
1012276,1009726
1012277,1006318
1012278,1006318
1012279,1008647
1012280,1008142
1012281,1006318
1012282,1008275
1012283,1012284
1012284,1006318
1012285,1006318
1012286,1006318
1012287,1006318
1012288,1006318
1012289,1008548
1012290,1008857
1012291,1012292
1012292,1014183
1012293,1010191
1012294,1010407
1012295,1008560
1012296,1006373
1012297,1010653
1012298,1012299
1012299,1008275
1012300,1009270
1012301,1006318
1012302,1009952
1012303,1006318
1012304,1006318
1012305,1006318
1012306,1008699
1012307,1006318
1012308,1012309
1012309,1008205
1012310,1010470
1012311,1006318
1012312,1006318
1012313,1006318
1012314,1010280
1012315,1012316
1012316,1011820
1012317,1006318
1012318,1012319
1012319,1006318
1012320,1010543
1012321,1012322
1012322,1008180
1012323,1006318
1012324,1006318
1012325,1008672
1012326,1006318
1012327,1006318
1012328,1009044
1012329,1008661
1012330,1006318
1012331,1010492
1012332,1009390
1012333,1006318
1012334,1008948
1012335,1011009
1012336,1009936
1012337,1006318
1012338,1006318
1012339,1006318
1012340,1006318
1012341,1006318
1012342,1006318
1012343,1010308
1012344,1006318
1012345,1008414
1012346,1011427
1012347,1006318
1012348,1006318
1012349,1008779
1012350,1012351
1012351,1010207
1012352,1006318
1012353,1009134
1012354,1011849
1012355,1008568
1012356,1007213
1012357,1006318
1012358,1012359
1012359,1008930
1012360,1012361
1012361,1008233
1012362,1006318
1012363,1006318
1012364,1009953
1012365,1006318
1012366,1006318
1012367,1008412
1012368,1009658
1012369,1006318
1012370,1011201
1012371,1012372
1012372,1010606
1012373,1008546
1012374,1009370
1012375,1010799
1012376,1006318
1012377,1008142
1012378,1006318
1012379,1012380
1012380,1006318
1012381,1006318
1012382,1006318
1012383,1012384
1012384,1011129
1012385,1006792
1012386,1006881
1012387,1009505
1012388,1008243
1012389,1012390
1012390,1010822
1012391,1012392
1012392,1008185
1012393,1006318
1012394,1008919
1012395,1006318
1012396,1006318
1012397,1006468
1012398,1006318
1012399,1007045
1012400,1008155
1012401,1008340
1012402,1006318
1012403,1006318
1012404,1006318
1012405,1006318
1012406,1006318
1012407,1012408
1012408,1009179
1012409,1006318
1012410,1006318
1012411,1006318
1012412,1010370
1012413,1006369
1012414,1006318
1012415,1006318
1012416,1011151
1012417,1006318
1012418,1006318
1012419,1006318
1012420,1008304
1012421,1010640
1012422,1007189
1012423,1006318
1012424,1012425
1012425,1009738
1012426,1006318
1012427,1006318
1012428,1009562
1012429,1008511
1012430,1006318
1012431,1006318
1012432,1006318
1012433,1006318
1012434,1013033
1012435,1009134
1012436,1006318
1012437,1010328
1012438,1008546
1012439,1006318
1012440,1008199
1012441,1006318
1012442,1006318
1012443,1006318
1012444,1008294
1012445,1007073
1012446,1006318
1012447,1006887
1012448,1006318
1012449,1012450
1012450,1006318
1012451,1006318
1012452,1006318
1012453,1006318
1012454,1008173
1012455,1006318
1012456,1006318
1012457,1006318
1012458,1006318
1012459,1008478
1012460,1006318
1012461,1006318
1012462,1011766
1012463,1008560
1012464,1008308
1012465,1008893
1012466,1006318
1012467,1006318
1012468,1008171
1012469,1012470
1012470,1006318
1012471,1006318
1012472,1006318
1012473,1006318
1012474,1007372
1012475,1006318
1012476,1006318
1012477,1008443
1012478,1009307
1012479,1008847
1012480,1008171
1012481,1012482
1012482,1006318
1012483,1006318
1012484,1006318
1012485,1006318
1012486,1006318
1012487,1008588
1012488,1006318
1012489,1009423
1012490,1012351
1012491,1010032
1012492,1006318
1012493,1012494
1012494,1006318
1012495,1006707
1012496,1008241
1012497,1006318
1012498,1006318
1012499,1006318
1012500,1011028
1012501,1011102
1012502,1006318
1012503,1009805
1012504,1008857
1012505,1010545
1012506,1008568
1012507,1006318
1012508,1009000
1012509,1006318
1012510,1006318
1012511,1010856
1012512,1009070
1012513,1006318
1012514,1010078
1012515,1006318
1012516,1006318
1012517,1006318
1012518,1006318
1012519,1008280
1012520,1006318
1012521,1008280
1012522,1006318
1012523,1008962
1012524,1012525
1012525,1007679
1012526,1009361
1012527,1006318
1012528,1011175
1012529,1006318
1012530,1006318
1012531,1008353
1012532,1006318
1012533,1012534
1012534,1008390
1012535,1008474
1012536,1006318
1012537,1006318
1012538,1006318
1012539,1006318
1012540,1008523
1012541,1008390
1012542,1006318
1012543,1012544
1012544,1006318
1012545,1008847
1012546,1006318
1012547,1009482
1012548,1008966
1012549,1010881
1012550,1006318
1012551,1006318
1012552,1007069
1012553,1009669
1012554,1007929
1012555,1012556
1012556,1006318
1012557,1006318
1012558,1006318
1012559,1006318
1012560,1011495
1012561,1010184
1012562,1006318
1012563,1006318
1012564,1012565
1012565,1014300
1012566,1006318
1012567,1006318
1012568,1009785
1012569,1009691
1012570,1012571
1012571,1009983
1012572,1009260
1012573,1008333
1012574,1008304
1012575,1012576
1012576,1006318
1012577,1006318
1012578,1006903
1012579,1006318
1012580,1009686
1012581,1011429
1012582,1012583
1012583,1008185
1012584,1008390
1012585,1008568
1012586,1012587
1012587,1008048
1012588,1009726
1012589,1006318
1012590,1006318
1012591,1006318
1012592,1008317
1012593,1008233
1012594,1009115
1012595,1010271
1012596,1006318
1012597,1006318
1012598,1008241
1012599,1009667
1012600,1006318
1012601,1008412
1012602,1007639
1012603,1007639
1012604,1006318
1012605,1006318
1012606,1006318
1012607,1010913
1012608,1006318
1012609,1006318
1012610,1006318
1012611,1011068
1012612,1010296
1012613,1006318
1012614,1006318
1012615,1012616
1012616,1015867
1012617,1006318
1012618,1008893
1012619,1012620
1012620,1015591
1012621,1012622
1012622,1009231
1012623,1009277
1012624,1006611
1012625,1007607
1012626,1008415
1012627,1007643
1012628,1006318
1012629,1006318
1012630,1006318
1012631,1008414
1012632,1009072
1012633,1006318
1012634,1006318
1012635,1007643
1012636,1006318
1012637,1009207
1012638,1012639
1012639,1006318
1012640,1007532
1012641,1008241
1012642,1008609
1012643,1008398
1012644,1006318
1012645,1008132
1012646,1009231
1012647,1008273
1012648,1006318
1012649,1011535
1012650,1012651
1012651,1009947
1012652,1006318
1012653,1006318
1012654,1012380
1012655,1009012
1012656,1006318
1012657,1012544
1012658,1006318
1012659,1008443
1012660,1006318
1012661,1006318
1012662,1006318
1012663,1006318
1012664,1012107
1012665,1012666
1012666,1008904
1012667,1010333
1012668,1006318
1012669,1006440
1012670,1006318
1012671,1006318
1012672,1006318
1012673,1012674
1012674,1006318
1012675,1008241
1012676,1006318
1012677,1006318
1012678,1006318
1012679,1006318
1012680,1012681
1012681,1006318
1012682,1012413
1012683,1006318
1012684,1008390
1012685,1006318
1012686,1006318
1012687,1009149
1012688,1006318
1012689,1011051
1012690,1012691
1012691,1006318
1012692,1006318
1012693,1008878
1012694,1006318
1012695,1007517
1012696,1009149
1012697,1006318
1012698,1006318
1012699,1012700
1012700,1006318
1012701,1006318
1012702,1006318
1012703,1010828
1012704,1012705
1012705,1006318
1012706,1006318
1012707,1006318
1012708,1008454
1012709,1006318
1012710,1006318
1012711,1009705
1012712,1008414
1012713,1006318
1012714,1007643
1012715,1006318
1012716,1006318
1012717,1010822
1012718,1008275
1012719,1006318
1012720,1007517
1012721,1009202
1012722,1010090
1012723,1006318
1012724,1006318
1012725,1006318
1012726,1006318
1012727,1011772
1012728,1006318
1012729,1006318
1012730,1011727
1012731,1008241
1012732,1006318
1012733,1006318
1012734,1006318
1012735,1009245
1012736,1008779
1012737,1006318
1012738,1008568
1012739,1011571
1012740,1006318
1012741,1008199
1012742,1006318
1012743,1008140
1012744,1006318
1012745,1006318
1012746,1006318
1012747,1006318
1012748,1008383
1012749,1011813
1012750,1006318
1012751,1006318
1012752,1006318
1012753,1006318
1012754,1006318
1012755,1008922
1012756,1012757
1012757,1006318
1012758,1009370
1012759,1006318
1012760,1012761
1012761,1006318
1012762,1012763
1012763,1009875
1012764,1006318
1012765,1006318
1012766,1009268
1012767,1008919
1012768,1006318
1012769,1008921
1012770,1006318
1012771,1006318
1012772,1008568
1012773,1006318
1012774,1006318
1012775,1010238
1012776,1012777
1012777,1006318
1012778,1010280
1012779,1006318
1012780,1008261
1012781,1012782
1012782,1006318
1012783,1006318
1012784,1006318
1012785,1006318
1012786,1006318
1012787,1012788
1012788,1006318
1012789,1008440
1012790,1010296
1012791,1012792
1012792,1009012
1012793,1008042
1012794,1006318
1012795,1006318
1012796,1006611
1012797,1008173
1012798,1008390
1012799,1006318
1012800,1007517
1012801,1006318
1012802,1010225
1012803,1006318
1012804,1008337
1012805,1009505
1012806,1006318
1012807,1012808
1012808,1009645
1012809,1010062
1012810,1008171
1012811,1006318
1012812,1011110
1012813,1006564
1012814,1006318
1012815,1006318
1012816,1007929
1012817,1006318
1012818,1006318
1012819,1008233
1012820,1006318
1012821,1012822
1012822,1006318
1012823,1006318
1012824,1008413
1012825,1007045
1012826,1006318
1012827,1006318
1012828,1006318
1012829,1008967
1012830,1006318
1012831,1011582
1012832,1008199
1012833,1010499
1012834,1008766
1012835,1009231
1012836,1006318
1012837,1011727
1012838,1006318
1012839,1011469
1012840,1008199
1012841,1006318
1012842,1012843
1012843,1014475
1012844,1012845
1012845,1008142
1012846,1011325
1012847,1009196
1012848,1008115
1012849,1006318
1012850,1012851
1012851,1012166
1012852,1012853
1012853,1011907
1012854,1012855
1012855,1011616
1012856,1007639
1012857,1006318
1012858,1006318
1012859,1006318
1012860,1006318
1012861,1006318
1012862,1006318
1012863,1011235
1012864,1006318
1012865,1006440
1012866,1006318
1012867,1008954
1012868,1006318
1012869,1009342
1012870,1008829
1012871,1006318
1012872,1006318
1012873,1008241
1012874,1012763
1012875,1009508
1012876,1012388
1012877,1012878
1012878,1012030
1012879,1006318
1012880,1009475
1012881,1008241
1012882,1008570
1012883,1006318
1012884,1007117
1012885,1006318
1012886,1006318
1012887,1008531
1012888,1008241
1012889,1006318
1012890,1010191
1012891,1006318
1012892,1006318
1012893,1009194
1012894,1012895
1012895,1006318
1012896,1010291
1012897,1012898
1012898,1006318
1012899,1006318
1012900,1006318
1012901,1009000
1012902,1012903
1012903,1011822
1012904,1006318
1012905,1006318
1012906,1006318
1012907,1006318
1012908,1006318
1012909,1007095
1012910,1006318
1012911,1010225
1012912,1006318
1012913,1006318
1012914,1012184
1012915,1008954
1012916,1007675
1012917,1008812
1012918,1006318
1012919,1006318
1012920,1008241
1012921,1010604
1012922,1006318
1012923,1006318
1012924,1009000
1012925,1008362
1012926,1006318
1012927,1006318
1012928,1008875
1012929,1006318
1012930,1006318
1012931,1008871
1012932,1006318
1012933,1006318
1012934,1006318
1012935,1009658
1012936,1006318
1012937,1008509
1012938,1006318
1012939,1007963
1012940,1006318
1012941,1008779
1012942,1006318
1012943,1012944
1012944,1006318
1012945,1006414
1012946,1009111
1012947,1006318
1012948,1008390
1012949,1006318
1012950,1006318
1012951,1006318
1012952,1006318
1012953,1008955
1012954,1006318
1012955,1008568
1012956,1009848
1012957,1012958
1012958,1006318
1012959,1006318
1012960,1011727
1012961,1006318
1012962,1009180
1012963,1008488
1012964,1006318
1012965,1006318
1012966,1006318
1012967,1006318
1012968,1006318
1012969,1006318
1012970,1012971
1012971,1006318
1012972,1008275
1012973,1009284
1012974,1006318
1012975,1006318
1012976,1006318
1012977,1006318
1012978,1008241
1012979,1009070
1012980,1008631
1012981,1008199
1012982,1006318
1012983,1006318
1012984,1008437
1012985,1006318
1012986,1006318
1012987,1006318
1012988,1006792
1012989,1008814
1012990,1006318
1012991,1008568
1012992,1008871
1012993,1008560
1012994,1006318
1012995,1011719
1012996,1010495
1012997,1012088
1012998,1012999
1012999,1007095
1013000,1006318
1013001,1012280
1013002,1006318
1013003,1008280
1013004,1006318
1013005,1008857
1013006,1007225
1013007,1008647
1013008,1009265
1013009,1008202
1013010,1006318
1013011,1006318
1013012,1013013
1013013,1009812
1013014,1006318
1013015,1006318
1013016,1006318
1013017,1008205
1013018,1006318
1013019,1006318
1013020,1013021
1013021,1008476
1013022,1008547
1013023,1006318
1013024,1006318
1013025,1009713
1013026,1008893
1013027,1006318
1013028,1006318
1013029,1008173
1013030,1012685
1013031,1006318
1013032,1010203
1013033,1006318
1013034,1006318
1013035,1008254
1013036,1011832
1013037,1006318
1013038,1006318
1013039,1006318
1013040,1008496
1013041,1006414
1013042,1007548
1013043,1008919
1013044,1006318
1013045,1008339
1013046,1006318
1013047,1006318
1013048,1006318
1013049,1006318
1013050,1006318
1013051,1006318
1013052,1006318
1013053,1008294
1013054,1010570
1013055,1009245
1013056,1006318
1013057,1007517
1013058,1008766
1013059,1008390
1013060,1006725
1013061,1006318
1013062,1006318
1013063,1008878
1013064,1013065
1013065,1006318
1013066,1008962
1013067,1013068
1013068,1008132
1013069,1007045
1013070,1009648
1013071,1012407
1013072,1006318
1013073,1006318
1013074,1008553
1013075,1006318
1013076,1006318
1013077,1008233
1013078,1012999
1013079,1010093
1013080,1008140
1013081,1006318
1013082,1013083
1013083,1009120
1013084,1006318
1013085,1006318
1013086,1006318
1013087,1008511
1013088,1008424
1013089,1013090
1013090,1013394
1013091,1006318
1013092,1008241
1013093,1006318
1013094,1008241
1013095,1006318
1013096,1006318
1013097,1006318
1013098,1006318
1013099,1008142
1013100,1008718
1013101,1006318
1013102,1006318
1013103,1008241
1013104,1006318
1013105,1008233
1013106,1006318
1013107,1008390
1013108,1008261
1013109,1008241
1013110,1008180
1013111,1013112
1013112,1006318
1013113,1008672
1013114,1006318
1013115,1006318
1013116,1006318
1013117,1006318
1013118,1012681
1013119,1007117
1013120,1013121
1013121,1008233
1013122,1006318
1013123,1013124
1013124,1009075
1013125,1008553
1013126,1008170
1013127,1006318
1013128,1008280
1013129,1013130
1013130,1006591
1013131,1008192
1013132,1009885
1013133,1009134
1013134,1013135
1013135,1006318
1013136,1006385
1013137,1011210
1013138,1010839
1013139,1006318
1013140,1013141
1013141,1006318
1013142,1013143
1013143,1016726
1013144,1008171
1013145,1009264
1013146,1008233
1013147,1008560
1013148,1006318
1013149,1008241
1013150,1011028
1013151,1008919
1013152,1006318
1013153,1008294
1013154,1006318
1013155,1011247
1013156,1008845
1013157,1006318
1013158,1006318
1013159,1006318
1013160,1012344
1013161,1008241
1013162,1006318
1013163,1008204
1013164,1011429
1013165,1006318
1013166,1008364
1013167,1006318
1013168,1013169
1013169,1012651
1013170,1006318
1013171,1006318
1013172,1013173
1013173,1012173
1013174,1006318
1013175,1006318
1013176,1006318
1013177,1011535
1013178,1008443
1013179,1006318
1013180,1006318
1013181,1008412
1013182,1008241
1013183,1006318
1013184,1008343
1013185,1006318
1013186,1013187
1013187,1008376
1013188,1006318
1013189,1008568
1013190,1011336
1013191,1006318
1013192,1006318
1013193,1008426
1013194,1009372
1013195,1013196
1013196,1008511
1013197,1006318
1013198,1013199
1013199,1008859
1013200,1006318
1013201,1008278
1013202,1006318
1013203,1006318
1013204,1006318
1013205,1008333
1013206,1006318
1013207,1006318
1013208,1006318
1013209,1006318
1013210,1006318
1013211,1006318
1013212,1006318
1013213,1007069
1013214,1008422
1013215,1009264
1013216,1010078
1013217,1006318
1013218,1006318
1013219,1011766
1013220,1010822
1013221,1013222
1013222,1006318
1013223,1006318
1013224,1008919
1013225,1006318
1013226,1010543
1013227,1012192
1013228,1008173
1013229,1006318
1013230,1009264
1013231,1006318
1013232,1013233
1013233,1009487
1013234,1008628
1013235,1008075
1013236,1008672
1013237,1006318
1013238,1009875
1013239,1008568
1013240,1006318
1013241,1013242
1013242,1006318
1013243,1006318
1013244,1008568
1013245,1006318
1013246,1006318
1013247,1006318
1013248,1009264
1013249,1008515
1013250,1009507
1013251,1008672
1013252,1008568
1013253,1006318
1013254,1007372
1013255,1007532
1013256,1006318
1013257,1006318
1013258,1006318
1013259,1006318
1013260,1008875
1013261,1008858
1013262,1013263
1013263,1006318
1013264,1006318
1013265,1008954
1013266,1007532
1013267,1006318
1013268,1006318
1013269,1013270
1013270,1007639
1013271,1009851
1013272,1006318
1013273,1006318
1013274,1012926
1013275,1006318
1013276,1006318
1013277,1009983
1013278,1006318
1013279,1008390
1013280,1011223
1013281,1006318
1013282,1006318
1013283,1008333
1013284,1013285
1013285,1006318
1013286,1010606
1013287,1006318
1013288,1006318
1013289,1006318
1013290,1006318
1013291,1006369
1013292,1006318
1013293,1006318
1013294,1006611
1013295,1009423
1013296,1008663
1013297,1012674
1013298,1006318
1013299,1009346
1013300,1006318
1013301,1008241
1013302,1008568
1013303,1006318
1013304,1009609
1013305,1007532
1013306,1006318
1013307,1008645
1013308,1012002
1013309,1006318
1013310,1006318
1013311,1006318
1013312,1013313
1013313,1006318
1013314,1012158
1013315,1006318
1013316,1010822
1013317,1006318
1013318,1013319
1013319,1008861
1013320,1008875
1013321,1006318
1013322,1007372
1013323,1010313
1013324,1006318
1013325,1006318
1013326,1006318
1013327,1006318
1013328,1006318
1013329,1006318
1013330,1011429
1013331,1012224
1013332,1008568
1013333,1008166
1013334,1006318
1013335,1006318
1013336,1009672
1013337,1009164
1013338,1013339
1013339,1013465
1013340,1006318
1013341,1006318
1013342,1006318
1013343,1006318
1013344,1006318
1013345,1006318
1013346,1007517
1013347,1006318
1013348,1008142
1013349,1006318
1013350,1012649
1013351,1006318
1013352,1006318
1013353,1008568
1013354,1008233
1013355,1006318
1013356,1009809
1013357,1011684
1013358,1008390
1013359,1008241
1013360,1008878
1013361,1006318
1013362,1010457
1013363,1006318
1013364,1008204
1013365,1010617
1013366,1006318
1013367,1006318
1013368,1011112
1013369,1011201
1013370,1006318
1013371,1008682
1013372,1006318
1013373,1006318
1013374,1011901
1013375,1012577
1013376,1007497
1013377,1008623
1013378,1009983
1013379,1011336
1013380,1012853
1013381,1008783
1013382,1010184
1013383,1006318
1013384,1009629
1013385,1007643
1013386,1006318
1013387,1006318
1013388,1010215
1013389,1009140
1013390,1008173
1013391,1006318
1013392,1009428
1013393,1013394
1013394,1006318
1013395,1008390
1013396,1006318
1013397,1013176
1013398,1009017
1013399,1006318
1013400,1008356
1013401,1009097
1013402,1006318
1013403,1008273
1013404,1006318
1013405,1009795
1013406,1006903
1013407,1006318
1013408,1008568
1013409,1009041
1013410,1008857
1013411,1011785
1013412,1013413
1013413,1006318
1013414,1009932
1013415,1006318
1013416,1011495
1013417,1006318
1013418,1006318
1013419,1006318
1013420,1013421
1013421,1017103
1013422,1008782
1013423,1006318
1013424,1006318
1013425,1008601
1013426,1006318
1013427,1006318
1013428,1013429
1013429,1006318
1013430,1006318
1013431,1006318
1013432,1006318
1013433,1010184
1013434,1006318
1013435,1009000
1013436,1009092
1013437,1006318
1013438,1008308
1013439,1008568
1013440,1006318
1013441,1006318
1013442,1013443
1013443,1006318
1013444,1006318
1013445,1012526
1013446,1009386
1013447,1011813
1013448,1006792
1013449,1006318
1013450,1008647
1013451,1006318
1013452,1006318
1013453,1006318
1013454,1013455
1013455,1006318
1013456,1008241
1013457,1008275
1013458,1006318
1013459,1006318
1013460,1011232
1013461,1008241
1013462,1011566
1013463,1006318
1013464,1008233
1013465,1006318
1013466,1008568
1013467,1006318
1013468,1008602
1013469,1010296
1013470,1006318
1013471,1008241
1013472,1010795
1013473,1007639
1013474,1006318
1013475,1006318
1013476,1006318
1013477,1006318
1013478,1010407
1013479,1013480
1013480,1012858
1013481,1006318
1013482,1006318
1013483,1006318
1013484,1006318
1013485,1012844
1013486,1006318
1013487,1006318
1013488,1006318
1013489,1006318
1013490,1006318
1013491,1006318
1013492,1007225
1013493,1006322
1013494,1008241
1013495,1006318
1013496,1006318
1013497,1006318
1013498,1009663
1013499,1013037
1013500,1006318
1013501,1011469
1013502,1006440
1013503,1006318
1013504,1006318
1013505,1011719
1013506,1006318
1013507,1006318
1013508,1011028
1013509,1008275
1013510,1006440
1013511,1008609
1013512,1012145
1013513,1013514
1013514,1006318
1013515,1008261
1013516,1006318
1013517,1009944
1013518,1013519
1013519,1006318
1013520,1007399
1013521,1006318
1013522,1013222
1013523,1011268
1013524,1013525
1013525,1012525
1013526,1009523
1013527,1006318
1013528,1008414
1013529,1006318
1013530,1006324
1013531,1006318
1013532,1006318
1013533,1008779
1013534,1006318
1013535,1006318
1013536,1008871
1013537,1006318
1013538,1006318
1013539,1008422
1013540,1006318
1013541,1008199
1013542,1006440
1013543,1009661
1013544,1006318
1013545,1006318
1013546,1008979
1013547,1008280
1013548,1006318
1013549,1009160
1013550,1007069
1013551,1011148
1013552,1013553
1013553,1008233
1013554,1008317
1013555,1006318
1013556,1008568
1013557,1006318
1013558,1013559
1013559,1012382
1013560,1006318
1013561,1009155
1013562,1009687
1013563,1012145
1013564,1008241
1013565,1006318
1013566,1006318
1013567,1006318
1013568,1008366
1013569,1006318
1013570,1006318
1013571,1006318
1013572,1006318
1013573,1008150
1013574,1008672
1013575,1009238
1013576,1006611
1013577,1006318
1013578,1006318
1013579,1006318
1013580,1006318
1013581,1008687
1013582,1008241
1013583,1008241
1013584,1006318
1013585,1006318
1013586,1007705
1013587,1008412
1013588,1010420
1013589,1008241
1013590,1006318
1013591,1006318
1013592,1006318
1013593,1011619
1013594,1010123
1013595,1006318
1013596,1012848
1013597,1006318
1013598,1006318
1013599,1006318
1013600,1008568
1013601,1006318
1013602,1006318
1013603,1008204
1013604,1006318
1013605,1006318
1013606,1007643
1013607,1006318
1013608,1010440
1013609,1011344
1013610,1006318
1013611,1007045
1013612,1007532
1013613,1006318
1013614,1006318
1013615,1008241
1013616,1008568
1013617,1013618
1013618,1008511
1013619,1010086
1013620,1011090
1013621,1006318
1013622,1008546
1013623,1008280
1013624,1013625
1013625,1009006
1013626,1008173
1013627,1006318
1013628,1010790
1013629,1012705
1013630,1006318
1013631,1006318
1013632,1009681
1013633,1013634
1013634,1006318
1013635,1006318
1013636,1011116
1013637,1006318
1013638,1006318
1013639,1006318
1013640,1006318
1013641,1013642
1013642,1011336
1013643,1010822
1013644,1006318
1013645,1006318
1013646,1012351
1013647,1013648
1013648,1006318
1013649,1006318
1013650,1006318
1013651,1006318
1013652,1010972
1013653,1006318
1013654,1006318
1013655,1006318
1013656,1006318
1013657,1013658
1013658,1006318
1013659,1006318
1013660,1008490
1013661,1006318
1013662,1006318
1013663,1006318
1013664,1006318
1013665,1006318
1013666,1006318
1013667,1006318
1013668,1006611
1013669,1008415
1013670,1006318
1013671,1006318
1013672,1006318
1013673,1008687
1013674,1008171
1013675,1006318
1013676,1007372
1013677,1008196
1013678,1008171
1013679,1011678
1013680,1006318
1013681,1006318
1013682,1006605
1013683,1006318
1013684,1008627
1013685,1006318
1013686,1006318
1013687,1006369
1013688,1013689
1013689,1006318
1013690,1006685
1013691,1010296
1013692,1006318
1013693,1008241
1013694,1008858
1013695,1006318
1013696,1012332
1013697,1009134
1013698,1010225
1013699,1008205
1013700,1006318
1013701,1008234
1013702,1006318
1013703,1006318
1013704,1006318
1013705,1013706
1013706,1010448
1013707,1006318
1013708,1006318
1013709,1006318
1013710,1008132
1013711,1008369
1013712,1007557
1013713,1007147
1013714,1006318
1013715,1008241
1013716,1013220
1013717,1006318
1013718,1006318
1013719,1006318
1013720,1006318
1013721,1006318
1013722,1006318
1013723,1007929
1013724,1006318
1013725,1006318
1013726,1006318
1013727,1008788
1013728,1006318
1013729,1006591
1013730,1008308
1013731,1008273
1013732,1006318
1013733,1006318
1013734,1006318
1013735,1006318
1013736,1006318
1013737,1009231
1013738,1013739
1013739,1006318
1013740,1008243
1013741,1008779
1013742,1008339
1013743,1013413
1013744,1006318
1013745,1006318
1013746,1007869
1013747,1006318
1013748,1009554
1013749,1006318
1013750,1006318
1013751,1011138
1013752,1008511
1013753,1006318
1013754,1013121
1013755,1009115
1013756,1006318
1013757,1012793
1013758,1006318
1013759,1006318
1013760,1008241
1013761,1013762
1013762,1006318
1013763,1008261
1013764,1008202
1013765,1006318
1013766,1007421
1013767,1008185
1013768,1008546
1013769,1013287
1013770,1008199
1013771,1006369
1013772,1013773
1013773,1006318
1013774,1006318
1013775,1008560
1013776,1006318
1013777,1008142
1013778,1012544
1013779,1006318
1013780,1008500
1013781,1006318
1013782,1011374
1013783,1006318
1013784,1006318
1013785,1006318
1013786,1008275
1013787,1013788
1013788,1007643
1013789,1006318
1013790,1006318
1013791,1013313
1013792,1006318
1013793,1006318
1013794,1006318
1013795,1008568
1013796,1006318
1013797,1008202
1013798,1013799
1013799,1014768
1013800,1012681
1013801,1006318
1013802,1008233
1013803,1006318
1013804,1008760
1013805,1012525
1013806,1011420
1013807,1006369
1013808,1006318
1013809,1006318
1013810,1013811
1013811,1009658
1013812,1007705
1013813,1006318
1013814,1006318
1013815,1006953
1013816,1006318
1013817,1013818
1013818,1006318
1013819,1008333
1013820,1008383
1013821,1006318
1013822,1006318
1013823,1010606
1013824,1013825
1013825,1006318
1013826,1006318
1013827,1013828
1013828,1006318
1013829,1006318
1013830,1006318
1013831,1013832
1013832,1008505
1013833,1008679
1013834,1009609
1013835,1006881
1013836,1009002
1013837,1009012
1013838,1008241
1013839,1006318
1013840,1013841
1013841,1006318
1013842,1013478
1013843,1013844
1013844,1010086
1013845,1006318
1013846,1006318
1013847,1006318
1013848,1010252
1013849,1009012
1013850,1006921
1013851,1006318
1013852,1006318
1013853,1006318
1013854,1006318
1013855,1012650
1013856,1008779
1013857,1011692
1013858,1008672
1013859,1006318
1013860,1006318
1013861,1010145
1013862,1006318
1013863,1012848
1013864,1006318
1013865,1006318
1013866,1006318
1013867,1009785
1013868,1006318
1013869,1006318
1013870,1006318
1013871,1013872
1013872,1011134
1013873,1006318
1013874,1007899
1013875,1010208
1013876,1008241
1013877,1006318
1013878,1007147
1013879,1006318
1013880,1006318
1013881,1006318
1013882,1006318
1013883,1006318
1013884,1006318
1013885,1006318
1013886,1006318
1013887,1010563
1013888,1009316
1013889,1006318
1013890,1008390
1013891,1013892
1013892,1008433
1013893,1006318
1013894,1009657
1013895,1006318
1013896,1006318
1013897,1008511
1013898,1010203
1013899,1006318
1013900,1006318
1013901,1008362
1013902,1006318
1013903,1006318
1013904,1006318
1013905,1008415
1013906,1009071
1013907,1008570
1013908,1008131
1013909,1013910
1013910,1012639
1013911,1006318
1013912,1006318
1013913,1009394
1013914,1008383
1013915,1008333
1013916,1006318
1013917,1009107
1013918,1009875
1013919,1006318
1013920,1013059
1013921,1008275
1013922,1013844
1013923,1006318
1013924,1006318
1013925,1006318
1013926,1013927
1013927,1007517
1013928,1009961
1013929,1006318
1013930,1009916
1013931,1012372
1013932,1006318
1013933,1007691
1013934,1013935
1013935,1008747
1013936,1006318
1013937,1011566
1013938,1008568
1013939,1010521
1013940,1009015
1013941,1011298
1013942,1006318
1013943,1008568
1013944,1006318
1013945,1008764
1013946,1008568
1013947,1008280
1013948,1006564
1013949,1006318
1013950,1006318
1013951,1006318
1013952,1006318
1013953,1006318
1013954,1008241
1013955,1006324
1013956,1006369
1013957,1012154
1013958,1008455
1013959,1006318
1013960,1006318
1013961,1012650
1013962,1008829
1013963,1013766
1013964,1007392
1013965,1008275
1013966,1006318
1013967,1006318
1013968,1007223
1013969,1006318
1013970,1006318
1013971,1008568
1013972,1006318
1013973,1006318
1013974,1008241
1013975,1006318
1013976,1006318
1013977,1008638
1013978,1006725
1013979,1006318
1013980,1006318
1013981,1006318
1013982,1011138
1013983,1006318
1013984,1013985
1013985,1006318
1013986,1009530
1013987,1006318
1013988,1011325
1013989,1009706
1013990,1008672
1013991,1006318
1013992,1006318
1013993,1013124
1013994,1006318
1013995,1012319
1013996,1006318
1013997,1011727
1013998,1006318
1013999,1008258
1014000,1011078
1014001,1006318
1014002,1008241
1014003,1006318
1014004,1011289
1014005,1009264
1014006,1006318
1014007,1006318
1014008,1006318
1014009,1006318
1014010,1011187
1014011,1011044
1014012,1009622
1014013,1008935
1014014,1006318
1014015,1011114
1014016,1006318
1014017,1006318
1014018,1008166
1014019,1013226
1014020,1009932
1014021,1006318
1014022,1011582
1014023,1014024
1014024,1009597
1014025,1012923
1014026,1006318
1014027,1007517
1014028,1006318
1014029,1009064
1014030,1008919
1014031,1008561
1014032,1006318
1014033,1006318
1014034,1006318
1014035,1008687
1014036,1006318
1014037,1006318
1014038,1006318
1014039,1009852
1014040,1008390
1014041,1006318
1014042,1008766
1014043,1006318
1014044,1009134
1014045,1008241
1014046,1006318
1014047,1014048
1014048,1006318
1014049,1006318
1014050,1006318
1014051,1011158
1014052,1011114
1014053,1006318
1014054,1006318
1014055,1006318
1014056,1008405
1014057,1007929
1014058,1008241
1014059,1006318
1014060,1006318
1014061,1006318
1014062,1006318
1014063,1009134
1014064,1006318
1014065,1014066
1014066,1009052
1014067,1006318
1014068,1006318
1014069,1008275
1014070,1007792
1014071,1010902
1014072,1006318
1014073,1008568
1014074,1008474
1014075,1008954
1014076,1006318
1014077,1006318
1014078,1007372
1014079,1006318
1014080,1006318
1014081,1010252
1014082,1011134
1014083,1008907
1014084,1006318
1014085,1006385
1014086,1009134
1014087,1008308
1014088,1006318
1014089,1008344
1014090,1008273
1014091,1008511
1014092,1006318
1014093,1013443
1014094,1009407
1014095,1006318
1014096,1006318
1014097,1006318
1014098,1006591
1014099,1006318
1014100,1006318
1014101,1008405
1014102,1006318
1014103,1014104
1014104,1009339
1014105,1011009
1014106,1011560
1014107,1014047
1014108,1006318
1014109,1007639
1014110,1013892
1014111,1012380
1014112,1008278
1014113,1006318
1014114,1010617
1014115,1008123
1014116,1008390
1014117,1006318
1014118,1006318
1014119,1006318
1014120,1006318
1014121,1008260
1014122,1006318
1014123,1009012
1014124,1011336
1014125,1014004
1014126,1006318
1014127,1006318
1014128,1006318
1014129,1006318
1014130,1008422
1014131,1006318
1014132,1006318
1014133,1009669
1014134,1013625
1014135,1011724
1014136,1006318
1014137,1006318
1014138,1008878
1014139,1008857
1014140,1006318
1014141,1009482
1014142,1010677
1014143,1011670
1014144,1010861
1014145,1006318
1014146,1008241
1014147,1006318
1014148,1010362
1014149,1006318
1014150,1006318
1014151,1006318
1014152,1006318
1014153,1008595
1014154,1009100
1014155,1013658
1014156,1006318
1014157,1006318
1014158,1006318
1014159,1006318
1014160,1008777
1014161,1006318
1014162,1014163
1014163,1009756
1014164,1008645
1014165,1006318
1014166,1008812
1014167,1009359
1014168,1006414
1014169,1012154
1014170,1006318
1014171,1006318
1014172,1009983
1014173,1008132
1014174,1008955
1014175,1010203
1014176,1006318
1014177,1014178
1014178,1007643
1014179,1014180
1014180,1008546
1014181,1006318
1014182,1014183
1014183,1006318
1014184,1013788
1014185,1014186
1014186,1011034
1014187,1009554
1014188,1013036
1014189,1006318
1014190,1008955
1014191,1008553
1014192,1006318
1014193,1008546
1014194,1006318
1014195,1008672
1014196,1014197
1014197,1008185
1014198,1009134
1014199,1006318
1014200,1006318
1014201,1006318
1014202,1010225
1014203,1010539
1014204,1008273
1014205,1011883
1014206,1006318
1014207,1008199
1014208,1006318
1014209,1014210
1014210,1006318
1014211,1012007
1014212,1006318
1014213,1008305
1014214,1008560
1014215,1006318
1014216,1009264
1014217,1008308
1014218,1008166
1014219,1007372
1014220,1006318
1014221,1010350
1014222,1009264
1014223,1007832
1014224,1006318
1014225,1011656
1014226,1010944
1014227,1008241
1014228,1007605
1014229,1006318
1014230,1007639
1014231,1014232
1014232,1006318
1014233,1006318
1014234,1008414
1014235,1008390
1014236,1014237
1014237,1006318
1014238,1008166
1014239,1011288
1014240,1006318
1014241,1006318
1014242,1010510
1014243,1006318
1014244,1006318
1014245,1014246
1014246,1007069
1014247,1006318
1014248,1008233
1014249,1006792
1014250,1006318
1014251,1009346
1014252,1006318
1014253,1014254
1014254,1008515
1014255,1006318
1014256,1009070
1014257,1006318
1014258,1006318
1014259,1006318
1014260,1007532
1014261,1006318
1014262,1009339
1014263,1006562
1014264,1006318
1014265,1009277
1014266,1011075
1014267,1010604
1014268,1006318
1014269,1012263
1014270,1006318
1014271,1006318
1014272,1012945
1014273,1006318
1014274,1006318
1014275,1008266
1014276,1008241
1014277,1008966
1014278,1014279
1014279,1013084
1014280,1006318
1014281,1009231
1014282,1006318
1014283,1006318
1014284,1006318
1014285,1008390
1014286,1006318
1014287,1007929
1014288,1008280
1014289,1008241
1014290,1009622
1014291,1007643
1014292,1008560
1014293,1008166
1014294,1010653
1014295,1006318
1014296,1008390
1014297,1008762
1014298,1006318
1014299,1008304
1014300,1008611
1014301,1013537
1014302,1006318
1014303,1009155
1014304,1006318
1014305,1006318
1014306,1006318
1014307,1006318
1014308,1006318
1014309,1006318
1014310,1006318
1014311,1010610
1014312,1006318
1014313,1007045
1014314,1014315
1014315,1007830
1014316,1012299
1014317,1009716
1014318,1010164
1014319,1009812
1014320,1011675
1014321,1008783
1014322,1012788
1014323,1006318
1014324,1013422
1014325,1008333
1014326,1006318
1014327,1010362
1014328,1006318
1014329,1006318
1014330,1011832
1014331,1006318
1014332,1006318
1014333,1009650
1014334,1011468
1014335,1006611
1014336,1006318
1014337,1006611
1014338,1008173
1014339,1009645
1014340,1008241
1014341,1008115
1014342,1006318
1014343,1006318
1014344,1008474
1014345,1008954
1014346,1006318
1014347,1014000
1014348,1009231
1014349,1007532
1014350,1006318
1014351,1006318
1014352,1010617
1014353,1012745
1014354,1006318
1014355,1008414
1014356,1006318
1014357,1006318
1014358,1006318
1014359,1011727
1014360,1006318
1014361,1014362
1014362,1008548
1014363,1008115
1014364,1008390
1014365,1006318
1014366,1006318
1014367,1014368
1014368,1014610
1014369,1006318
1014370,1008369
1014371,1011769
1014372,1013065
1014373,1008779
1014374,1006318
1014375,1014376
1014376,1006318
1014377,1006318
1014378,1006318
1014379,1010534
1014380,1006318
1014381,1006318
1014382,1006318
1014383,1010358
1014384,1009287
1014385,1008170
1014386,1006318
1014387,1006318
1014388,1012470
1014389,1006318
1014390,1006318
1014391,1010861
1014392,1006318
1014393,1006318
1014394,1009231
1014395,1009264
1014396,1008731
1014397,1006318
1014398,1006318
1014399,1006324
1014400,1006318
1014401,1009264
1014402,1010311
1014403,1009452
1014404,1006318
1014405,1012819
1014406,1014103
1014407,1006318
1014408,1006318
1014409,1006318
1014410,1006318
1014411,1009313
1014412,1012351
1014413,1008875
1014414,1006318
1014415,1006318
1014416,1014417
1014417,1009160
1014418,1006318
1014419,1008414
1014420,1006318
1014421,1012988
1014422,1013951
1014423,1006318
1014424,1006318
1014425,1014426
1014426,1008184
1014427,1008568
1014428,1006318
1014429,1009012
1014430,1006318
1014431,1010782
1014432,1006369
1014433,1006318
1014434,1007069
1014435,1006318
1014436,1011201
1014437,1006318
1014438,1006318
1014439,1006318
1014440,1006318
1014441,1006318
1014442,1011325
1014443,1006318
1014444,1009581
1014445,1006318
1014446,1006318
1014447,1010810
1014448,1008241
1014449,1006318
1014450,1014451
1014451,1006318
1014452,1008777
1014453,1006903
1014454,1006318
1014455,1014456
1014456,1008132
1014457,1006414
1014458,1009876
1014459,1011509
1014460,1006318
1014461,1006318
1014462,1006318
1014463,1009231
1014464,1009264
1014465,1006318
1014466,1006318
1014467,1006318
1014468,1006318
1014469,1006318
1014470,1011059
1014471,1006318
1014472,1008369
1014473,1006318
1014474,1007639
1014475,1006792
1014476,1009648
1014477,1009487
1014478,1011727
1014479,1006318
1014480,1008509
1014481,1009264
1014482,1010323
1014483,1010841
1014484,1014485
1014485,1009208
1014486,1006318
1014487,1014488
1014488,1006318
1014489,1007881
1014490,1008241
1014491,1006318
1014492,1006318
1014493,1006318
1014494,1008672
1014495,1006318
1014496,1013199
1014497,1008333
1014498,1006318
1014499,1008511
1014500,1006318
1014501,1009307
1014502,1006318
1014503,1012364
1014504,1006318
1014505,1006318
1014506,1006318
1014507,1014508
1014508,1006318
1014509,1006903
1014510,1006318
1014511,1013828
1014512,1006318
1014513,1013247
1014514,1006318
1014515,1006318
1014516,1008919
1014517,1009163
1014518,1006654
1014519,1006318
1014520,1011675
1014521,1006318
1014522,1006318
1014523,1006318
1014524,1009346
1014525,1010602
1014526,1009442
1014527,1006318
1014528,1008339
1014529,1013090
1014530,1013033
1014531,1008275
1014532,1006414
1014533,1006318
1014534,1008202
1014535,1010225
1014536,1008173
1014537,1012757
1014538,1009231
1014539,1006318
1014540,1008907
1014541,1012062
1014542,1006318
1014543,1013888
1014544,1008241
1014545,1006318
1014546,1006318
1014547,1006318
1014548,1006318
1014549,1012232
1014550,1006318
1014551,1007639
1014552,1013523
1014553,1006318
1014554,1014555
1014555,1008681
1014556,1014557
1014557,1011744
1014558,1006318
1014559,1008205
1014560,1009805
1014561,1008919
1014562,1008396
1014563,1006318
1014564,1006318
1014565,1009423
1014566,1006318
1014567,1006318
1014568,1006318
1014569,1006318
1014570,1009772
1014571,1006318
1014572,1006318
1014573,1006318
1014574,1006318
1014575,1008645
1014576,1014577
1014577,1006318
1014578,1009155
1014579,1006318
1014580,1014581
1014581,1006318
1014582,1009356
1014583,1006318
1014584,1009943
1014585,1006318
1014586,1014587
1014587,1011083
1014588,1006318
1014589,1006318
1014590,1009313
1014591,1010199
1014592,1006318
1014593,1008256
1014594,1006318
1014595,1006318
1014596,1014597
1014597,1010492
1014598,1006318
1014599,1006318
1014600,1009770
1014601,1008954
1014602,1006318
1014603,1006318
1014604,1006318
1014605,1006495
1014606,1014607
1014607,1009954
1014608,1010404
1014609,1006318
1014610,1008142
1014611,1006318
1014612,1006318
1014613,1013146
1014614,1006318
1014615,1006318
1014616,1006318
1014617,1014618
1014618,1006318
1014619,1006318
1014620,1006318
1014621,1006318
1014622,1008568
1014623,1006318
1014624,1006654
1014625,1009313
1014626,1008275
1014627,1006318
1014628,1012777
1014629,1008344
1014630,1012935
1014631,1008875
1014632,1008241
1014633,1014237
1014634,1014635
1014635,1010351
1014636,1006318
1014637,1006318
1014638,1008647
1014639,1009140
1014640,1008627
1014641,1006318
1014642,1006318
1014643,1006318
1014644,1006318
1014645,1006318
1014646,1006318
1014647,1008568
1014648,1008422
1014649,1006318
1014650,1010284
1014651,1008681
1014652,1009560
1014653,1008280
1014654,1012692
1014655,1009255
1014656,1006318
1014657,1006318
1014658,1006318
1014659,1008241
1014660,1006318
1014661,1013033
1014662,1008568
1014663,1008273
1014664,1010547
1014665,1014666
1014666,1008545
1014667,1006318
1014668,1006318
1014669,1006318
1014670,1010225
1014671,1012875
1014672,1008954
1014673,1008317
1014674,1006318
1014675,1006318
1014676,1006318
1014677,1009279
1014678,1006318
1014679,1012450
1014680,1006318
1014681,1009012
1014682,1006318
1014683,1006318
1014684,1009335
1014685,1008875
1014686,1006318
1014687,1006318
1014688,1008819
1014689,1006318
1014690,1008910
1014691,1006318
1014692,1006318
1014693,1006318
1014694,1006318
1014695,1008812
1014696,1008511
1014697,1008280
1014698,1006318
1014699,1006318
1014700,1014436
1014701,1008414
1014702,1006318
1014703,1011560
1014704,1011289
1014705,1006318
1014706,1006318
1014707,1006318
1014708,1006318
1014709,1006318
1014710,1011991
1014711,1008241
1014712,1010839
1014713,1006318
1014714,1006318
1014715,1006318
1014716,1008241
1014717,1006318
1014718,1008474
1014719,1006318
1014720,1009012
1014721,1006318
1014722,1008779
1014723,1006318
1014724,1010902
1014725,1006318
1014726,1009219
1014727,1008568
1014728,1008451
1014729,1008173
1014730,1008390
1014731,1009625
1014732,1006318
1014733,1009231
1014734,1008241
1014735,1008829
1014736,1006318
1014737,1008954
1014738,1014739
1014739,1016881
1014740,1010211
1014741,1006318
1014742,1011134
1014743,1008415
1014744,1008568
1014745,1008443
1014746,1010908
1014747,1009012
1014748,1006318
1014749,1006318
1014750,1008241
1014751,1014115
1014752,1010595
1014753,1008199
1014754,1008422
1014755,1006318
1014756,1006318
1014757,1006318
1014758,1008415
1014759,1008143
1014760,1010568
1014761,1007701
1014762,1008241
1014763,1009012
1014764,1014765
1014765,1012763
1014766,1006318
1014767,1009012
1014768,1012855
1014769,1014658
1014770,1006318
1014771,1009474
1014772,1007643
1014773,1006501
1014774,1009231
1014775,1008196
1014776,1006318
1014777,1013233
1014778,1006318
1014779,1006318
1014780,1006318
1014781,1007419
1014782,1006318
1014783,1006318
1014784,1008672
1014785,1006324
1014786,1006318
1014787,1008339
1014788,1006318
1014789,1008546
1014790,1006318
1014791,1006318
1014792,1006318
1014793,1006318
1014794,1012062
1014795,1006318
1014796,1006318
1014797,1006318
1014798,1006318
1014799,1006318
1014800,1006318
1014801,1006318
1014802,1008672
1014803,1008857
1014804,1006318
1014805,1006318
1014806,1007705
1014807,1006318
1014808,1011154
1014809,1006318
1014810,1008317
1014811,1006318
1014812,1006725
1014813,1006318
1014814,1006318
1014815,1006318
1014816,1006318
1014817,1006887
1014818,1006318
1014819,1008273
1014820,1008390
1014821,1011719
1014822,1008132
1014823,1008115
1014824,1008273
1014825,1011028
1014826,1006318
1014827,1008568
1014828,1006318
1014829,1006318
1014830,1006318
1014831,1011719
1014832,1010040
1014833,1006318
1014834,1006318
1014835,1006318
1014836,1006318
1014837,1006318
1014838,1006318
1014839,1006318
1014840,1008261
1014841,1006318
1014842,1006318
1014843,1014844
1014844,1006318
1014845,1007401
1014846,1006318
1014847,1006318
1014848,1006318
1014849,1006318
1014850,1006318
1014851,1006318
1014852,1008042
1014853,1008260
1014854,1008497
1014855,1008568
1014856,1006318
1014857,1014858
1014858,1009582
1014859,1009100
1014860,1009853
1014861,1014420
1014862,1006318
1014863,1008178
1014864,1008115
1014865,1008568
1014866,1006318
1014867,1009475
1014868,1008859
1014869,1011899
1014870,1009469
1014871,1008779
1014872,1008350
1014873,1008192
1014874,1006318
1014875,1006318
1014876,1006318
1014877,1008383
1014878,1009402
1014879,1006611
1014880,1014881
1014881,1006318
1014882,1006318
1014883,1006318
1014884,1006318
1014885,1006318
1014886,1010086
1014887,1013249
1014888,1006318
1014889,1006318
1014890,1009423
1014891,1009196
1014892,1008723
1014893,1006318
1014894,1007607
1014895,1006318
1014896,1006318
1014897,1006318
1014898,1011724
1014899,1006318
1014900,1008241
1014901,1007479
1014902,1006318
1014903,1007832
1014904,1006318
1014905,1009241
1014906,1006318
1014907,1006318
1014908,1006611
1014909,1006318
1014910,1006318
1014911,1013270
1014912,1006318
1014913,1012828
1014914,1006318
1014915,1014916
1014916,1014618
1014917,1008885
1014918,1006318
1014919,1006318
1014920,1006318
1014921,1006318
1014922,1007372
1014923,1014924
1014924,1010126
1014925,1006318
1014926,1006318
1014927,1008405
1014928,1006318
1014929,1006318
1014930,1006318
1014931,1008932
1014932,1006318
1014933,1008280
1014934,1014935
1014935,1008414
1014936,1008339
1014937,1006318
1014938,1008204
1014939,1006318
1014940,1008394
1014941,1008414
1014942,1006318
1014943,1008443
1014944,1006318
1014945,1006318
1014946,1006318
1014947,1006318
1014948,1014949
1014949,1006318
1014950,1006318
1014951,1009017
1014952,1006318
1014953,1006318
1014954,1009134
1014955,1006318
1014956,1009085
1014957,1014958
1014958,1009597
1014959,1006605
1014960,1006318
1014961,1006318
1014962,1006318
1014963,1006318
1014964,1006318
1014965,1014595
1014966,1006318
1014967,1012971
1014968,1014969
1014969,1006318
1014970,1006639
1014971,1008275
1014972,1008333
1014973,1006318
1014974,1006318
1014975,1006318
1014976,1008155
1014977,1014889
1014978,1010534
1014979,1006318
1014980,1013818
1014981,1010313
1014982,1006318
1014983,1010446
1014984,1006318
1014985,1006318
1014986,1006318
1014987,1006318
1014988,1007643
1014989,1010822
1014990,1006603
1014991,1008766
1014992,1006318
1014993,1006318
1014994,1009012
1014995,1009140
1014996,1006318
1014997,1011692
1014998,1007475
1014999,1009372
1015000,1006318
1015001,1006318
1015002,1008241
1015003,1006318
1015004,1009070
1015005,1006318
1015006,1013177
1015007,1009658
1015008,1006318
1015009,1006318
1015010,1008241
1015011,1007705
1015012,1008638
1015013,1012239
1015014,1006318
1015015,1006318
1015016,1008275
1015017,1011858
1015018,1006318
1015019,1006318
1015020,1006318
1015021,1006318
1015022,1008275
1015023,1008199
1015024,1006318
1015025,1013934
1015026,1006318
1015027,1006318
1015028,1006318
1015029,1006318
1015030,1006318
1015031,1006318
1015032,1008943
1015033,1006609
1015034,1006318
1015035,1011336
1015036,1006318
1015037,1008166
1015038,1006318
1015039,1012650
1015040,1010677
1015041,1008777
1015042,1010191
1015043,1014999
1015044,1006318
1015045,1008197
1015046,1008515
1015047,1007045
1015048,1011839
1015049,1010057
1015050,1006318
1015051,1008779
1015052,1006318
1015053,1006318
1015054,1008661
1015055,1013773
1015056,1013523
1015057,1008330
1015058,1006318
1015059,1006318
1015060,1006318
1015061,1006318
1015062,1006318
1015063,1006318
1015064,1006318
1015065,1013218
1015066,1006318
1015067,1015068
1015068,1008414
1015069,1008528
1015070,1008369
1015071,1006318
1015072,1006318
1015073,1006318
1015074,1006318
1015075,1006318
1015076,1008435
1015077,1006318
1015078,1006318
1015079,1008001
1015080,1012922
1015081,1012526
1015082,1007095
1015083,1006318
1015084,1009112
1015085,1006318
1015086,1006318
1015087,1006318
1015088,1008275
1015089,1009180
1015090,1014531
1015091,1008353
1015092,1015093
1015093,1008261
1015094,1015009
1015095,1006318
1015096,1006318
1015097,1010666
1015098,1006792
1015099,1006318
1015100,1008954
1015101,1008875
1015102,1006318
1015103,1006318
1015104,1006318
1015105,1011369
1015106,1006318
1015107,1006318
1015108,1006318
1015109,1006318
1015110,1006318
1015111,1006318
1015112,1010399
1015113,1012324
1015114,1010822
1015115,1006318
1015116,1015117
1015117,1010326
1015118,1006318
1015119,1015120
1015120,1009964
1015121,1006318
1015122,1011175
1015123,1006318
1015124,1009163
1015125,1006318
1015126,1006318
1015127,1006318
1015128,1006318
1015129,1006318
1015130,1006318
1015131,1006458
1015132,1007225
1015133,1006318
1015134,1006318
1015135,1008777
1015136,1010184
1015137,1008192
1015138,1010225
1015139,1006369
1015140,1006318
1015141,1006318
1015142,1006318
1015143,1008560
1015144,1008945
1015145,1006318
1015146,1008173
1015147,1006819
1015148,1006318
1015149,1009998
1015150,1006318
1015151,1006318
1015152,1006318
1015153,1006318
1015154,1008869
1015155,1008415
1015156,1008777
1015157,1008199
1015158,1006318
1015159,1006318
1015160,1013130
1015161,1006318
1015162,1009648
1015163,1007929
1015164,1006318
1015165,1008590
1015166,1008275
1015167,1006318
1015168,1010225
1015169,1012552
1015170,1009807
1015171,1006318
1015172,1011429
1015173,1013335
1015174,1012853
1015175,1006318
1015176,1014860
1015177,1015178
1015178,1006318
1015179,1006318
1015180,1008878
1015181,1006318
1015182,1015183
1015183,1009436
1015184,1008989
1015185,1015186
1015186,1011078
1015187,1012821
1015188,1006318
1015189,1006318
1015190,1006318
1015191,1006318
1015192,1006318
1015193,1008907
1015194,1009313
1015195,1010296
1015196,1007095
1015197,1010677
1015198,1008062
1015199,1006318
1015200,1008241
1015201,1007635
1015202,1006318
1015203,1006318
1015204,1010709
1015205,1006318
1015206,1006318
1015207,1015208
1015208,1006318
1015209,1011905
1015210,1008538
1015211,1006318
1015212,1011371
1015213,1006318
1015214,1006318
1015215,1006318
1015216,1008414
1015217,1006318
1015218,1006318
1015219,1006318
1015220,1009070
1015221,1008171
1015222,1011956
1015223,1006318
1015224,1006318
1015225,1006318
1015226,1006318
1015227,1009002
1015228,1008871
1015229,1008424
1015230,1006318
1015231,1008635
1015232,1006318
1015233,1006318
1015234,1006318
1015235,1006318
1015236,1006318
1015237,1006318
1015238,1009554
1015239,1008437
1015240,1007862
1015241,1006318
1015242,1006318
1015243,1006881
1015244,1006318
1015245,1006318
1015246,1006318
1015247,1006318
1015248,1009465
1015249,1008531
1015250,1010902
1015251,1010184
1015252,1006318
1015253,1009562
1015254,1006318
1015255,1009115
1015256,1015257
1015257,1008233
1015258,1006318
1015259,1008390
1015260,1009623
1015261,1006318
1015262,1006318
1015263,1006318
1015264,1008455
1015265,1008241
1015266,1009089
1015267,1014436
1015268,1006318
1015269,1014269
1015270,1015258
1015271,1013195
1015272,1008792
1015273,1011044
1015274,1006318
1015275,1006318
1015276,1009505
1015277,1013892
1015278,1006318
1015279,1009600
1015280,1006318
1015281,1006318
1015282,1007659
1015283,1006318
1015284,1006318
1015285,1006318
1015286,1006318
1015287,1006318
1015288,1006318
1015289,1011702
1015290,1008261
1015291,1011389
1015292,1006318
1015293,1009264
1015294,1006318
1015295,1006318
1015296,1006318
1015297,1009954
1015298,1008376
1015299,1006318
1015300,1008608
1015301,1006318
1015302,1006318
1015303,1006318
1015304,1006318
1015305,1006318
1015306,1008645
1015307,1011382
1015308,1010579
1015309,1011028
1015310,1006654
1015311,1012063
1015312,1006318
1015313,1006318
1015314,1008779
1015315,1006318
1015316,1006318
1015317,1006609
1015318,1007019
1015319,1006318
1015320,1007069
1015321,1006318
1015322,1006318
1015323,1006318
1015324,1006318
1015325,1006318
1015326,1006318
1015327,1006318
1015328,1007557
1015329,1015330
1015330,1012358
1015331,1011143
1015332,1006318
1015333,1006318
1015334,1006318
1015335,1015336
1015336,1013037
1015337,1015338
1015338,1007069
1015339,1015340
1015340,1006318
1015341,1006318
1015342,1006318
1015343,1008241
1015344,1012692
1015345,1008967
1015346,1006318
1015347,1009936
1015348,1006318
1015349,1006318
1015350,1006318
1015351,1011182
1015352,1009134
1015353,1013927
1015354,1006318
1015355,1006318
1015356,1012777
1015357,1008907
1015358,1008954
1015359,1006318
1015360,1008871
1015361,1009636
1015362,1008912
1015363,1008414
1015364,1006318
1015365,1014732
1015366,1006318
1015367,1007517
1015368,1015284
1015369,1011265
1015370,1014870
1015371,1011221
1015372,1006318
1015373,1006318
1015374,1006318
1015375,1006318
1015376,1008273
1015377,1011150
1015378,1010271
1015379,1008233
1015380,1006318
1015381,1012107
1015382,1006318
1015383,1008568
1015384,1006318
1015385,1006318
1015386,1006318
1015387,1006318
1015388,1013941
1015389,1007679
1015390,1006318
1015391,1008414
1015392,1009983
1015393,1011721
1015394,1006318
1015395,1011692
1015396,1008414
1015397,1008398
1015398,1006318
1015399,1006318
1015400,1006318
1015401,1010032
1015402,1006318
1015403,1006318
1015404,1006318
1015405,1006318
1015406,1006318
1015407,1014279
1015408,1006318
1015409,1006318
1015410,1010025
1015411,1008308
1015412,1006318
1015413,1006318
1015414,1015330
1015415,1006318
1015416,1008390
1015417,1011114
1015418,1006318
1015419,1006318
1015420,1006318
1015421,1008568
1015422,1006318
1015423,1008304
1015424,1006318
1015425,1006318
1015426,1008412
1015427,1006318
1015428,1012593
1015429,1011114
1015430,1015431
1015431,1009930
1015432,1011901
1015433,1014969
1015434,1008511
1015435,1006318
1015436,1006318
1015437,1013454
1015438,1006318
1015439,1012842
1015440,1008294
1015441,1006318
1015442,1010292
1015443,1008948
1015444,1008875
1015445,1006318
1015446,1008280
1015447,1006318
1015448,1009079
1015449,1010184
1015450,1006318
1015451,1008812
1015452,1008414
1015453,1012742
1015454,1008747
1015455,1006318
1015456,1010025
1015457,1006318
1015458,1009219
1015459,1006318
1015460,1006318
1015461,1010057
1015462,1008672
1015463,1008192
1015464,1010822
1015465,1012923
1015466,1006318
1015467,1015468
1015468,1006430
1015469,1006318
1015470,1008560
1015471,1013872
1015472,1006318
1015473,1006318
1015474,1006318
1015475,1009402
1015476,1006318
1015477,1012107
1015478,1011495
1015479,1006318
1015480,1007643
1015481,1006318
1015482,1009050
1015483,1012842
1015484,1008672
1015485,1008166
1015486,1007225
1015487,1006318
1015488,1006318
1015489,1006318
1015490,1008919
1015491,1006318
1015492,1006318
1015493,1008954
1015494,1007907
1015495,1008127
1015496,1006318
1015497,1008199
1015498,1011114
1015499,1008565
1015500,1006611
1015501,1008511
1015502,1006318
1015503,1011476
1015504,1006318
1015505,1006318
1015506,1006318
1015507,1006318
1015508,1008443
1015509,1006318
1015510,1014163
1015511,1006318
1015512,1006318
1015513,1011659
1015514,1010794
1015515,1007419
1015516,1006318
1015517,1008463
1015518,1006318
1015519,1006318
1015520,1007459
1015521,1012380
1015522,1006611
1015523,1006318
1015524,1006318
1015525,1006318
1015526,1008390
1015527,1006318
1015528,1015208
1015529,1008672
1015530,1006318
1015531,1008273
1015532,1009548
1015533,1008376
1015534,1015535
1015535,1009098
1015536,1010749
1015537,1006318
1015538,1006318
1015539,1006318
1015540,1006318
1015541,1006394
1015542,1012380
1015543,1015046
1015544,1008155
1015545,1006318
1015546,1010810
1015547,1008390
1015548,1006318
1015549,1008866
1015550,1008241
1015551,1006318
1015552,1008171
1015553,1006318
1015554,1006318
1015555,1006318
1015556,1009199
1015557,1015558
1015558,1006318
1015559,1006318
1015560,1008568
1015561,1006318
1015562,1006318
1015563,1011313
1015564,1008241
1015565,1011429
1015566,1009134
1015567,1006318
1015568,1006318
1015569,1008390
1015570,1006318
1015571,1009741
1015572,1008568
1015573,1006318
1015574,1008390
1015575,1011560
1015576,1011930
1015577,1008171
1015578,1006318
1015579,1008966
1015580,1007899
1015581,1006318
1015582,1006318
1015583,1006318
1015584,1006318
1015585,1012705
1015586,1015587
1015587,1009942
1015588,1006318
1015589,1006318
1015590,1006318
1015591,1006318
1015592,1011226
1015593,1006318
1015594,1008568
1015595,1006609
1015596,1008962
1015597,1006318
1015598,1010799
1015599,1007792
1015600,1006318
1015601,1006318
1015602,1008553
1015603,1008271
1015604,1006318
1015605,1008777
1015606,1015501
1015607,1006318
1015608,1006318
1015609,1006318
1015610,1006318
1015611,1008966
1015612,1006318
1015613,1006318
1015614,1006318
1015615,1006318
1015616,1006318
1015617,1009853
1015618,1006318
1015619,1006318
1015620,1006318
1015621,1009423
1015622,1006318
1015623,1007765
1015624,1010539
1015625,1012380
1015626,1015627
1015627,1013618
1015628,1013480
1015629,1011059
1015630,1010082
1015631,1009268
1015632,1008954
1015633,1006725
1015634,1006318
1015635,1008948
1015636,1009163
1015637,1006318
1015638,1012963
1015639,1010369
1015640,1006318
1015641,1006318
1015642,1010012
1015643,1006318
1015644,1008568
1015645,1008954
1015646,1010032
1015647,1008275
1015648,1008280
1015649,1006318
1015650,1006318
1015651,1011112
1015652,1008115
1015653,1009482
1015654,1008390
1015655,1008280
1015656,1006611
1015657,1008241
1015658,1006318
1015659,1006318
1015660,1008205
1015661,1006318
1015662,1010093
1015663,1008241
1015664,1008777
1015665,1007532
1015666,1006318
1015667,1006318
1015668,1011125
1015669,1006318
1015670,1006318
1015671,1008241
1015672,1010407
1015673,1008192
1015674,1010902
1015675,1006318
1015676,1009423
1015677,1011329
1015678,1006318
1015679,1006318
1015680,1006318
1015681,1011232
1015682,1009342
1015683,1006318
1015684,1008907
1015685,1013625
1015686,1012777
1015687,1008718
1015688,1006318
1015689,1011175
1015690,1009848
1015691,1006318
1015692,1009331
1015693,1006318
1015694,1006318
1015695,1008183
1015696,1008369
1015697,1006318
1015698,1006318
1015699,1006318
1015700,1007147
1015701,1008747
1015702,1006414
1015703,1008233
1015704,1013948
1015705,1009163
1015706,1012380
1015707,1006318
1015708,1006318
1015709,1010217
1015710,1006318
1015711,1008333
1015712,1011287
1015713,1008415
1015714,1006318
1015715,1008339
1015716,1006318
1015717,1006318
1015718,1006318
1015719,1008405
1015720,1008132
1015721,1006318
1015722,1015723
1015723,1006501
1015724,1006318
1015725,1006318
1015726,1007045
1015727,1006318
1015728,1011825
1015729,1008779
1015730,1008271
1015731,1006318
1015732,1008568
1015733,1006318
1015734,1009932
1015735,1006318
1015736,1006318
1015737,1008560
1015738,1006318
1015739,1008376
1015740,1006318
1015741,1015742
1015742,1010610
1015743,1006318
1015744,1014436
1015745,1013520
1015746,1006318
1015747,1006414
1015748,1008241
1015749,1007517
1015750,1006318
1015751,1006318
1015752,1010682
1015753,1006318
1015754,1006318
1015755,1006318
1015756,1013634
1015757,1008275
1015758,1006318
1015759,1013220
1015760,1009155
1015761,1006318
1015762,1009241
1015763,1006318
1015764,1009961
1015765,1006318
1015766,1006318
1015767,1013195
1015768,1014275
1015769,1008568
1015770,1006318
1015771,1006318
1015772,1008056
1015773,1009998
1015774,1012633
1015775,1008568
1015776,1006318
1015777,1007147
1015778,1006318
1015779,1008166
1015780,1008412
1015781,1014924
1015782,1011441
1015783,1006318
1015784,1010313
1015785,1006318
1015786,1006318
1015787,1006318
1015788,1009134
1015789,1008171
1015790,1009930
1015791,1006318
1015792,1006318
1015793,1008369
1015794,1006318
1015795,1012988
1015796,1006318
1015797,1008414
1015798,1008308
1015799,1015800
1015800,1006318
1015801,1006318
1015802,1006318
1015803,1009070
1015804,1010579
1015805,1009134
1015806,1006318
1015807,1006318
1015808,1015809
1015809,1006318
1015810,1006572
1015811,1006318
1015812,1008390
1015813,1006318
1015814,1006318
1015815,1014376
1015816,1006318
1015817,1015818
1015818,1010691
1015819,1006318
1015820,1006318
1015821,1008565
1015822,1006318
1015823,1006318
1015824,1015825
1015825,1006318
1015826,1006318
1015827,1006318
1015828,1006318
1015829,1006318
1015830,1006318
1015831,1006318
1015832,1011623
1015833,1010374
1015834,1009179
1015835,1006318
1015836,1009667
1015837,1008966
1015838,1011792
1015839,1008592
1015840,1006318
1015841,1006318
1015842,1008672
1015843,1011336
1015844,1008254
1015845,1007548
1015846,1006318
1015847,1010225
1015848,1011336
1015849,1009149
1015850,1008568
1015851,1011901
1015852,1015853
1015853,1009713
1015854,1009650
1015855,1006414
1015856,1006318
1015857,1006318
1015858,1008353
1015859,1008273
1015860,1007517
1015861,1014813
1015862,1010822
1015863,1011818
1015864,1006318
1015865,1006318
1015866,1014434
1015867,1009853
1015868,1006318
1015869,1008241
1015870,1006318
1015871,1006318
1015872,1007517
1015873,1008412
1015874,1006318
1015875,1013166
1015876,1006318
1015877,1006318
1015878,1006318
1015879,1006318
1015880,1006318
1015881,1008273
1015882,1009970
1015883,1006318
1015884,1006609
1015885,1006318
1015886,1008568
1015887,1006318
1015888,1006318
1015889,1006318
1015890,1008585
1015891,1009423
1015892,1006318
1015893,1006318
1015894,1011175
1015895,1006318
1015896,1010118
1015897,1011816
1015898,1009394
1015899,1006318
1015900,1008241
1015901,1006318
1015902,1006318
1015903,1006318
1015904,1006318
1015905,1008178
1015906,1006318
1015907,1006318
1015908,1015325
1015909,1006318
1015910,1006318
1015911,1015912
1015912,1011814
1015913,1006318
1015914,1006318
1015915,1006318
1015916,1008915
1015917,1006318
1015918,1009188
1015919,1006318
1015920,1006318
1015921,1010271
1015922,1006324
1015923,1012524
1015924,1006318
1015925,1008568
1015926,1006318
1015927,1006414
1015928,1006318
1015929,1006318
1015930,1012552
1015931,1008337
1015932,1008241
1015933,1006318
1015934,1012549
1015935,1008275
1015936,1010191
1015937,1006318
1015938,1008568
1015939,1006318
1015940,1009264
1015941,1010184
1015942,1010984
1015943,1008672
1015944,1006318
1015945,1006318
1015946,1014182
1015947,1006318
1015948,1008455
1015949,1008907
1015950,1006318
1015951,1006318
1015952,1006318
1015953,1008568
1015954,1009680
1015955,1011406
1015956,1011820
1015957,1006318
1015958,1008568
1015959,1008192
1015960,1006318
1015961,1006318
1015962,1006318
1015963,1006318
1015964,1009356
1015965,1008166
1015966,1008649
1015967,1008954
1015968,1007340
1015969,1006318
1015970,1006318
1015971,1006318
1015972,1010296
1015973,1008330
1015974,1009992
1015975,1006318
1015976,1015977
1015977,1008261
1015978,1006318
1015979,1006318
1015980,1006318
1015981,1008568
1015982,1006318
1015983,1008275
1015984,1008364
1015985,1006318
1015986,1010296
1015987,1006318
1015988,1008405
1015989,1010891
1015990,1006318
1015991,1013951
1015992,1006318
1015993,1006318
1015994,1006318
1015995,1006318
1015996,1006318
1015997,1007639
1015998,1006318
1015999,1006318
1016000,1006318
1016001,1006318
1016002,1008241
1016003,1013025
1016004,1012088
1016005,1008921
1016006,1008443
1016007,1008766
1016008,1009025
1016009,1008568
1016010,1007517
1016011,1009070
1016012,1006318
1016013,1008928
1016014,1012289
1016015,1006318
1016016,1009313
1016017,1008919
1016018,1012372
1016019,1006318
1016020,1006318
1016021,1008443
1016022,1015040
1016023,1006318
1016024,1006318
1016025,1006318
1016026,1006318
1016027,1006318
1016028,1006318
1016029,1006318
1016030,1006318
1016031,1006318
1016032,1006318
1016033,1013892
1016034,1014935
1016035,1009361
1016036,1006725
1016037,1006318
1016038,1008376
1016039,1006318
1016040,1008337
1016041,1011476
1016042,1008568
1016043,1008280
1016044,1006318
1016045,1008166
1016046,1008954
1016047,1009000
1016048,1006318
1016049,1006318
1016050,1006318
1016051,1014318
1016052,1008155
1016053,1006318
1016054,1008199
1016055,1008241
1016056,1007223
1016057,1006318
1016058,1006318
1016059,1010252
1016060,1009558
1016061,1010861
1016062,1007225
1016063,1009484
1016064,1012645
1016065,1008919
1016066,1006318
1016067,1006318
1016068,1006318
1016069,1006318
1016070,1011350
1016071,1006318
1016072,1009423
1016073,1006318
1016074,1008241
1016075,1006318
1016076,1009231
1016077,1006318
1016078,1006318
1016079,1006318
1016080,1009033
1016081,1008369
1016082,1008394
1016083,1006611
1016084,1011085
1016085,1008275
1016086,1010735
1016087,1006318
1016088,1006318
1016089,1006318
1016090,1006318
1016091,1006318
1016092,1006318
1016093,1006318
1016094,1006318
1016095,1009100
1016096,1006318
1016097,1012390
1016098,1009367
1016099,1009954
1016100,1007459
1016101,1006318
1016102,1011119
1016103,1009012
1016104,1006318
1016105,1006318
1016106,1006318
1016107,1008183
1016108,1008241
1016109,1006318
1016110,1014451
1016111,1006318
1016112,1006318
1016113,1006369
1016114,1009163
1016115,1008205
1016116,1008192
1016117,1006318
1016118,1006318
1016119,1006318
1016120,1006318
1016121,1006318
1016122,1006318
1016123,1010568
1016124,1008205
1016125,1006318
1016126,1006318
1016127,1006318
1016128,1006318
1016129,1008390
1016130,1010822
1016131,1008885
1016132,1006318
1016133,1006318
1016134,1006318
1016135,1008224
1016136,1006318
1016137,1006318
1016138,1012828
1016139,1006318
1016140,1016141
1016141,1006318
1016142,1006318
1016143,1010921
1016144,1006318
1016145,1006318
1016146,1013213
1016147,1006318
1016148,1008593
1016149,1009075
1016150,1006318
1016151,1006318
1016152,1009505
1016153,1006318
1016154,1014531
1016155,1015833
1016156,1012829
1016157,1006318
1016158,1008241
1016159,1006318
1016160,1012296
1016161,1006318
1016162,1008241
1016163,1006318
1016164,1010653
1016165,1008568
1016166,1006318
1016167,1010296
1016168,1009785
1016169,1010839
1016170,1006318
1016171,1006318
1016172,1013757
1016173,1006318
1016174,1006318
1016175,1016176
1016176,1006318
1016177,1006318
1016178,1008568
1016179,1008275
1016180,1006318
1016181,1008412
1016182,1006318
1016183,1016184
1016184,1009012
1016185,1006318
1016186,1006318
1016187,1011825
1016188,1006318
1016189,1008366
1016190,1006318
1016191,1006318
1016192,1008166
1016193,1015289
1016194,1006318
1016195,1008205
1016196,1006318
1016197,1016198
1016198,1008233
1016199,1009313
1016200,1006318
1016201,1013967
1016202,1008390
1016203,1006318
1016204,1006318
1016205,1006318
1016206,1011837
1016207,1009712
1016208,1009260
1016209,1006318
1016210,1006318
1016211,1006318
1016212,1006318
1016213,1008205
1016214,1006318
1016215,1006318
1016216,1006318
1016217,1010145
1016218,1006318
1016219,1006318
1016220,1008932
1016221,1012949
1016222,1006318
1016223,1013065
1016224,1008948
1016225,1008415
1016226,1006318
1016227,1012926
1016228,1006318
1016229,1011329
1016230,1008241
1016231,1006318
1016232,1006318
1016233,1012926
1016234,1008779
1016235,1011901
1016236,1009264
1016237,1006318
1016238,1006318
1016239,1006318
1016240,1013090
1016241,1009194
1016242,1010902
1016243,1006318
1016244,1006318
1016245,1006318
1016246,1006318
1016247,1006318
1016248,1009423
1016249,1006318
1016250,1006318
1016251,1013218
1016252,1006318
1016253,1006318
1016254,1006318
1016255,1006318
1016256,1016257
1016257,1006318
1016258,1006318
1016259,1008412
1016260,1009998
1016261,1006318
1016262,1006318
1016263,1006318
1016264,1006318
1016265,1008779
1016266,1007895
1016267,1006318
1016268,1006552
1016269,1008261
1016270,1010280
1016271,1008166
1016272,1006318
1016273,1006318
1016274,1014436
1016275,1008241
1016276,1006318
1016277,1012032
1016278,1010782
1016279,1006318
1016280,1006318
1016281,1007792
1016282,1006318
1016283,1006318
1016284,1014475
1016285,1006318
1016286,1008171
1016287,1006318
1016288,1006318
1016289,1006318
1016290,1006318
1016291,1016292
1016292,1006318
1016293,1006318
1016294,1011362
1016295,1015335
1016296,1016297
1016297,1009853
1016298,1006318
1016299,1006318
1016300,1016301
1016301,1006318
1016302,1009012
1016303,1010374
1016304,1008875
1016305,1015208
1016306,1008333
1016307,1012145
1016308,1008241
1016309,1008672
1016310,1008369
1016311,1008977
1016312,1006318
1016313,1006318
1016314,1016315
1016315,1016556
1016316,1016098
1016317,1009179
1016318,1006318
1016319,1006318
1016320,1008241
1016321,1006318
1016322,1006318
1016323,1007147
1016324,1006318
1016325,1016101
1016326,1006318
1016327,1006369
1016328,1006318
1016329,1006318
1016330,1008333
1016331,1006318
1016332,1011374
1016333,1008966
1016334,1006318
1016335,1006318
1016336,1006318
1016337,1014504
1016338,1006318
1016339,1006318
1016340,1009361
1016341,1012524
1016342,1006318
1016343,1010529
1016344,1009505
1016345,1015800
1016346,1008790
1016347,1006318
1016348,1006318
1016349,1008241
1016350,1008405
1016351,1006318
1016352,1012853
1016353,1010255
1016354,1016355
1016355,1008185
1016356,1006318
1016357,1008560
1016358,1006318
1016359,1006318
1016360,1016361
1016361,1006318
1016362,1006318
1016363,1006318
1016364,1009134
1016365,1008919
1016366,1006318
1016367,1006318
1016368,1013515
1016369,1009936
1016370,1011812
1016371,1015617
1016372,1010078
1016373,1006318
1016374,1006318
1016375,1015753
1016376,1006318
1016377,1010125
1016378,1008954
1016379,1008977
1016380,1009000
1016381,1008241
1016382,1006318
1016383,1006318
1016384,1008954
1016385,1006318
1016386,1011283
1016387,1006318
1016388,1008875
1016389,1008166
1016390,1014237
1016391,1014138
1016392,1006318
1016393,1006318
1016394,1009394
1016395,1016396
1016396,1006318
1016397,1006326
1016398,1006318
1016399,1006318
1016400,1006318
1016401,1006318
1016402,1010420
1016403,1006318
1016404,1009430
1016405,1009848
1016406,1006318
1016407,1006318
1016408,1006318
1016409,1009140
1016410,1006318
1016411,1006318
1016412,1006318
1016413,1006318
1016414,1011336
1016415,1006318
1016416,1008241
1016417,1013643
1016418,1008414
1016419,1006318
1016420,1011374
1016421,1006318
1016422,1006318
1016423,1009258
1016424,1016425
1016425,1010326
1016426,1006318
1016427,1006318
1016428,1008141
1016429,1006318
1016430,1006318
1016431,1006703
1016432,1015984
1016433,1012049
1016434,1006318
1016435,1009070
1016436,1006611
1016437,1016438
1016438,1006318
1016439,1006318
1016440,1008171
1016441,1006318
1016442,1007532
1016443,1006318
1016444,1016445
1016445,1013085
1016446,1006318
1016447,1006318
1016448,1007073
1016449,1006318
1016450,1010182
1016451,1008261
1016452,1011247
1016453,1006318
1016454,1011719
1016455,1008935
1016456,1008723
1016457,1006318
1016458,1016459
1016459,1006318
1016460,1015208
1016461,1006318
1016462,1008928
1016463,1006318
1016464,1006318
1016465,1006318
1016466,1007095
1016467,1006318
1016468,1006318
1016469,1006318
1016470,1010125
1016471,1006318
1016472,1010470
1016473,1006318
1016474,1008333
1016475,1006318
1016476,1016477
1016477,1006318
1016478,1008241
1016479,1006318
1016480,1008767
1016481,1006318
1016482,1006318
1016483,1006318
1016484,1008509
1016485,1008390
1016486,1008398
1016487,1006318
1016488,1006318
1016489,1007073
1016490,1008474
1016491,1006318
1016492,1009961
1016493,1008948
1016494,1013001
1016495,1006318
1016496,1009530
1016497,1006318
1016498,1007639
1016499,1006318
1016500,1008143
1016501,1008275
1016502,1006318
1016503,1008414
1016504,1013951
1016505,1006318
1016506,1008376
1016507,1006318
1016508,1006318
1016509,1008568
1016510,1009833
1016511,1016083
1016512,1006318
1016513,1008323
1016514,1006318
1016515,1016459
1016516,1015852
1016517,1009942
1016518,1016519
1016519,1008185
1016520,1006318
1016521,1008390
1016522,1008241
1016523,1006318
1016524,1010951
1016525,1006318
1016526,1008545
1016527,1006318
1016528,1008747
1016529,1006318
1016530,1006318
1016531,1006318
1016532,1011028
1016533,1008185
1016534,1006318
1016535,1008241
1016536,1008166
1016537,1008511
1016538,1006318
1016539,1006318
1016540,1006318
1016541,1006318
1016542,1008568
1016543,1008474
1016544,1009875
1016545,1010671
1016546,1008767
1016547,1010974
1016548,1012616
1016549,1006318
1016550,1006318
1016551,1010420
1016552,1009070
1016553,1016292
1016554,1010198
1016555,1006609
1016556,1008155
1016557,1006318
1016558,1006318
1016559,1006318
1016560,1006318
1016561,1008919
1016562,1006318
1016563,1008443
1016564,1013625
1016565,1006318
1016566,1010555
1016567,1010529
1016568,1006318
1016569,1006318
1016570,1007532
1016571,1006318
1016572,1006318
1016573,1006318
1016574,1007643
1016575,1011611
1016576,1006318
1016577,1011766
1016578,1006318
1016579,1012004
1016580,1013762
1016581,1006318
1016582,1011720
1016583,1006318
1016584,1006318
1016585,1008297
1016586,1006318
1016587,1006318
1016588,1006318
1016589,1006318
1016590,1006318
1016591,1006318
1016592,1006318
1016593,1013550
1016594,1008394
1016595,1006318
1016596,1008278
1016597,1012032
1016598,1010445
1016599,1008414
1016600,1007929
1016601,1008353
1016602,1008241
1016603,1008648
1016604,1008954
1016605,1006318
1016606,1015431
1016607,1008171
1016608,1009149
1016609,1008241
1016610,1008412
1016611,1006318
1016612,1008280
1016613,1016614
1016614,1009281
1016615,1010902
1016616,1006318
1016617,1014173
1016618,1008280
1016619,1006318
1016620,1008511
1016621,1006318
1016622,1007401
1016623,1008234
1016624,1006318
1016625,1015678
1016626,1006318
1016627,1006318
1016628,1006318
1016629,1006318
1016630,1008609
1016631,1006318
1016632,1006369
1016633,1006318
1016634,1008788
1016635,1006318
1016636,1006318
1016637,1006318
1016638,1010333
1016639,1012674
1016640,1011930
1016641,1006318
1016642,1006318
1016643,1008115
1016644,1013392
1016645,1006318
1016646,1006318
1016647,1008915
1016648,1006318
1016649,1006318
1016650,1006318
1016651,1008553
1016652,1006318
1016653,1006318
1016654,1006318
1016655,1014019
1016656,1007639
1016657,1007517
1016658,1006318
1016659,1011028
1016660,1010280
1016661,1006318
1016662,1013855
1016663,1006318
1016664,1006318
1016665,1006318
1016666,1006318
1016667,1006318
1016668,1007557
1016669,1006318
1016670,1006318
1016671,1011387
1016672,1006318
1016673,1006318
1016674,1006318
1016675,1008596
1016676,1008308
1016677,1006318
1016678,1006318
1016679,1008205
1016680,1006318
1016681,1006953
1016682,1009264
1016683,1006318
1016684,1006318
1016685,1008647
1016686,1015557
1016687,1009153
1016688,1006318
1016689,1008196
1016690,1006318
1016691,1006318
1016692,1010057
1016693,1009264
1016694,1008271
1016695,1016696
1016696,1009876
1016697,1008557
1016698,1006318
1016699,1007607
1016700,1008275
1016701,1006318
1016702,1008241
1016703,1008320
1016704,1012331
1016705,1008241
1016706,1006318
1016707,1006318
1016708,1006318
1016709,1006318
1016710,1008414
1016711,1006603
1016712,1006943
1016713,1006318
1016714,1008568
1016715,1012692
1016716,1014924
1016717,1006318
1016718,1009569
1016719,1008424
1016720,1006318
1016721,1016722
1016722,1008585
1016723,1008155
1016724,1006318
1016725,1008546
1016726,1008142
1016727,1011451
1016728,1006318
1016729,1010182
1016730,1010028
1016731,1006318
1016732,1011487
1016733,1006318
1016734,1006318
1016735,1008280
1016736,1006318
1016737,1006318
1016738,1016529
1016739,1006318
1016740,1008405
1016741,1008568
1016742,1006318
1016743,1008280
1016744,1009231
1016745,1006318
1016746,1008548
1016747,1006318
1016748,1006318
1016749,1006318
1016750,1008241
1016751,1006318
1016752,1006318
1016753,1006318
1016754,1008422
1016755,1008241
1016756,1006318
1016757,1015289
1016758,1009573
1016759,1006318
1016760,1009179
1016761,1006318
1016762,1006318
1016763,1008568
1016764,1006318
1016765,1006318
1016766,1006318
1016767,1006318
1016768,1015338
1016769,1006414
1016770,1006318
1016771,1006318
1016772,1009264
1016773,1008337
1016774,1006318
1016775,1009386
1016776,1008241
1016777,1006318
1016778,1006318
1016779,1006318
1016780,1006318
1016781,1006318
1016782,1006881
1016783,1006318
1016784,1006318
1016785,1008333
1016786,1006318
1016787,1009264
1016788,1008280
1016789,1006318
1016790,1008531
1016791,1008412
1016792,1006318
1016793,1011374
1016794,1009155
1016795,1009812
1016796,1007517
1016797,1006318
1016798,1016799
1016799,1007459
1016800,1006318
1016801,1006318
1016802,1009089
1016803,1016445
1016804,1011118
1016805,1009970
1016806,1006318
1016807,1013739
1016808,1008623
1016809,1006318
1016810,1006318
1016811,1006318
1016812,1007421
1016813,1006318
1016814,1014152
1016815,1006318
1016816,1006318
1016817,1006318
1016818,1010913
1016819,1006318
1016820,1015902
1016821,1006318
1016822,1010461
1016823,1008568
1016824,1008140
1016825,1008278
1016826,1008568
1016827,1010555
1016828,1006318
1016829,1014763
1016830,1008560
1016831,1006318
1016832,1008241
1016833,1006318
1016834,1008474
1016835,1008474
1016836,1008202
1016837,1008928
1016838,1006318
1016839,1008412
1016840,1015505
1016841,1006318
1016842,1006318
1016843,1008390
1016844,1008568
1016845,1006318
1016846,1008275
1016847,1006318
1016848,1006318
1016849,1006318
1016850,1006318
1016851,1009925
1016852,1006953
1016853,1008241
1016854,1006318
1016855,1011776
1016856,1006318
1016857,1009219
1016858,1008977
1016859,1009829
1016860,1006318
1016861,1015338
1016862,1006318
1016863,1008273
1016864,1008233
1016865,1008280
1016866,1006318
1016867,1009346
1016868,1006318
1016869,1007055
1016870,1006318
1016871,1014145
1016872,1006318
1016873,1006318
1016874,1006318
1016875,1006318
1016876,1006318
1016877,1006318
1016878,1011268
1016879,1006318
1016880,1009264
1016881,1008726
1016882,1006318
1016883,1006318
1016884,1008390
1016885,1006318
1016886,1006318
1016887,1011566
1016888,1016655
1016889,1008871
1016890,1008390
1016891,1007517
1016892,1006318
1016893,1006318
1016894,1014531
1016895,1006318
1016896,1008912
1016897,1010902
1016898,1009064
1016899,1006318
1016900,1006318
1016901,1014034
1016902,1008948
1016903,1006318
1016904,1006318
1016905,1008955
1016906,1016907
1016907,1006318
1016908,1006318
1016909,1006318
1016910,1010539
1016911,1008948
1016912,1009859
1016913,1006318
1016914,1006318
1016915,1006318
1016916,1008672
1016917,1008261
1016918,1006318
1016919,1006318
1016920,1006611
1016921,1015208
1016922,1007639
1016923,1006318
1016924,1006318
1016925,1009163
1016926,1008280
1016927,1006881
1016928,1006318
1016929,1009277
1016930,1006318
1016931,1006318
1016932,1009158
1016933,1006318
1016934,1008202
1016935,1008443
1016936,1007881
1016937,1009111
1016938,1010225
1016939,1011429
1016940,1006318
1016941,1006318
1016942,1006318
1016943,1006318
1016944,1008885
1016945,1008412
1016946,1008718
1016947,1006318
1016948,1008241
1016949,1006318
1016950,1011564
1016951,1006318
1016952,1006318
1016953,1006318
1016954,1006318
1016955,1010459
1016956,1006318
1016957,1008777
1016958,1006318
1016959,1008672
1016960,1006318
1016961,1006318
1016962,1013888
1016963,1006318
1016964,1008568
1016965,1009361
1016966,1006318
1016967,1006318
1016968,1008966
1016969,1006318
1016970,1007532
1016971,1008353
1016972,1006318
1016973,1009992
1016974,1008241
1016975,1006318
1016976,1006318
1016977,1010225
1016978,1013443
1016979,1006318
1016980,1008568
1016981,1008560
1016982,1006318
1016983,1008241
1016984,1006318
1016985,1006318
1016986,1009006
1016987,1006318
1016988,1006318
1016989,1006318
1016990,1006318
1016991,1006318
1016992,1006318
1016993,1010822
1016994,1006318
1016995,1006318
1016996,1010814
1016997,1008229
1016998,1006318
1016999,1006318
1017000,1006318
1017001,1006318
1017002,1007419
1017003,1008280
1017004,1006318
1017005,1006318
1017006,1008412
1017007,1009155
1017008,1009961
1017009,1006414
1017010,1006318
1017011,1006318
1017012,1006318
1017013,1006318
1017014,1010191
1017015,1009264
1017016,1008857
1017017,1006318
1017018,1009202
1017019,1006318
1017020,1008424
1017021,1006318
1017022,1008412
1017023,1017024
1017024,1011852
1017025,1008275
1017026,1006318
1017027,1008390
1017028,1006318
1017029,1009100
1017030,1006318
1017031,1007225
1017032,1006318
1017033,1006318
1017034,1006318
1017035,1009064
1017036,1017037
1017037,1006318
1017038,1006318
1017039,1008878
1017040,1010822
1017041,1010790
1017042,1006318
1017043,1008001
1017044,1008138
1017045,1008241
1017046,1008568
1017047,1006318
1017048,1006318
1017049,1011329
1017050,1008376
1017051,1008132
1017052,1007045
1017053,1006318
1017054,1006318
1017055,1006318
1017056,1006318
1017057,1008405
1017058,1014628
1017059,1006318
1017060,1006654
1017061,1006318
1017062,1014043
1017063,1011871
1017064,1006318
1017065,1006318
1017066,1006318
1017067,1008565
1017068,1006318
1017069,1006881
1017070,1006318
1017071,1009155
1017072,1006318
1017073,1006318
1017074,1008241
1017075,1008241
1017076,1006318
1017077,1006318
1017078,1008412
1017079,1007705
1017080,1006318
1017081,1006318
1017082,1013762
1017083,1006318
1017084,1006318
1017085,1009149
1017086,1006318
1017087,1011568
1017088,1006318
1017089,1009115
1017090,1009809
1017091,1008568
1017092,1008280
1017093,1008672
1017094,1009600
1017095,1006318
1017096,1006318
1017097,1008919
1017098,1013141
1017099,1007899
1017100,1006318
1017101,1006318
1017102,1006318
1017103,1006318
1017104,1008954
1017105,1008794
1017106,1006611
1017107,1008919
1017108,1006318
1017109,1006318
1017110,1006318
1017111,1008166
1017112,1008779
1017113,1006318
1017114,1008414
1017115,1006318
1017116,1009742
1017117,1009641
1017118,1006318
1017119,1006318
1017120,1008645
1017121,1014679
1017122,1009439
1017123,1006318
1017124,1008278
1017125,1013521
1017126,1006318
1017127,1006318
1017128,1006318
1017129,1006318
1017130,1016128
1017131,1006318
1017132,1010839
1017133,1015208
1017134,1011474
1017135,1006318
1017136,1008414
1017137,1008959
1017138,1008275
1017139,1012192
1017140,1008437
1017141,1008398
1017142,1006318
1017143,1006318
1017144,1006318
1017145,1008241
1017146,1009600
1017147,1015518
1017148,1006318
1017149,1006318
1017150,1006611
1017151,1010078
1017152,1009251
1017153,1011000
1017154,1006318
1017155,1006318
1017156,1006318
1017157,1006953
1017158,1006318
1017159,1009260
1017160,1006318
1017161,1006318
1017162,1014315
1017163,1008280
1017164,1008241
1017165,1006318
1017166,1009006
1017167,1009082
1017168,1006318
1017169,1008232
1017170,1006318
1017171,1006318
1017172,1006318
1017173,1008672
1017174,1006318
1017175,1006318
1017176,1009277
1017177,1006318
1017178,1009085
1017179,1012524
1017180,1015412
1017181,1008812
1017182,1006318
1017183,1006318
1017184,1006318
1017185,1008132
1017186,1006318
1017187,1016156
1017188,1008672
1017189,1006318
1017190,1006318
1017191,1006318
1017192,1011000
1017193,1008568
1017194,1011094
1017195,1006318
1017196,1006318
1017197,1008645
1017198,1006318
1017199,1008205
1017200,1008560
1017201,1007603
1017202,1008241
1017203,1016133
1017204,1015327
1017205,1009006
1017206,1009070
1017207,1006318
1017208,1008140
1017209,1008132
1017210,1009829
1017211,1008687
1017212,1006318
1017213,1006318
1017214,1006318
1017215,1010078
1017216,1009706
1017217,1006318
1017218,1015330
1017219,1006318
1017220,1006318
1017221,1006318
1017222,1008241
1017223,1007532
1017224,1006318
1017225,1006318
1017226,1007421
1017227,1006318
1017228,1006318
1017229,1008398
1017230,1006318
1017231,1010057
1017232,1009231
1017233,1008132
1017234,1006318
1017235,1006318
1017236,1008390
1017237,1011175
1017238,1006318
1017239,1006318
1017240,1010799
1017241,1009231
1017242,1006318
1017243,1010606
1017244,1010369
1017245,1010772
1017246,1008306
1017247,1006318
1017248,1006318
1017249,1006318
1017250,1006318
1017251,1008366
1017252,1006318
1017253,1006318
1017254,1010822
1017255,1006318
1017256,1006318
1017257,1014248
1017258,1006318
1017259,1007117
1017260,1006318
1017261,1008280
1017262,1008241
1017263,1008376
1017264,1010568
1017265,1006318
1017266,1007372
1017267,1006318
1017268,1008132
1017269,1012777
1017270,1006318
1017271,1006318
1017272,1009064
1017273,1008424
1017274,1006324
1017275,1010776
1017276,1016941
1017277,1006318
1017278,1009264
1017279,1008609
1017280,1006318
1017281,1008205
1017282,1011044
1017283,1006318
1017284,1006318
1017285,1008979
1017286,1006318
1017287,1012107
1017288,1006318
1017289,1006318
1017290,1009264
1017291,1008553
1017292,1010495
1017293,1006318
1017294,1006318
1017295,1006318
1017296,1006318
1017297,1006318
1017298,1008744
1017299,1006318
1017300,1008135
1017301,1006318
1017302,1006318
1017303,1006318
1017304,1006318
1017305,1006318
1017306,1006318
1017307,1006318
1017308,1007691
1017309,1007639
1017310,1006318
1017311,1006318
1017312,1007431
1017313,1014924
1017314,1006318
1017315,1008405
1017316,1006318
1017317,1006318
1017318,1009342
1017319,1006318
1017320,1013169
1017321,1006318
1017322,1015104
1017323,1006318
1017324,1006318
1017325,1013480
1017326,1008241
1017327,1006318
1017328,1006318
1017329,1010671
1017330,1006318
1017331,1006318
1017332,1006318
1017333,1006318
1017334,1011535
1017335,1006318
1017336,1010839
1017337,1006318
1017338,1006318
1017339,1010822
1017340,1017341
1017341,1009607
1017342,1008588
1017343,1006318
1017344,1009134
1017345,1006764
1017346,1007929
1017347,1006318
1017348,1006318
1017349,1006318
1017350,1006685
1017351,1010125
1017352,1006318
1017353,1006318
1017354,1008954
1017355,1006318
1017356,1006318
1017357,1006318
1017358,1015902
1017359,1006318
1017360,1017361
1017361,1006318
1017362,1006318
1017363,1008509
1017364,1009452
1017365,1008875
1017366,1016660
1017367,1011371
1017368,1006318
1017369,1008443
1017370,1016810
1017371,1006318
1017372,1007765
1017373,1006318
1017374,1009160
1017375,1006440
1017376,1006318
1017377,1006318
1017378,1006318
1017379,1013841
1017380,1008568
1017381,1009621
1017382,1006318
1017383,1006318
1017384,1008779
1017385,1008568
1017386,1010277
1017387,1006318
1017388,1008871
1017389,1006318
1017390,1006318
1017391,1008280
1017392,1007897
1017393,1008954
1017394,1006318
1017395,1008966
1017396,1008343
1017397,1010902
1017398,1006318
1017399,1006318
1017400,1006318
1017401,1008919
1017402,1008568
1017403,1008585
1017404,1009202
1017405,1008568
1017406,1016404
1017407,1009260
1017408,1006318
1017409,1006318
1017410,1009313
1017411,1010164
1017412,1013263
1017413,1006318
1017414,1009992
1017415,1011393
1017416,1006440
1017417,1008261
1017418,1010317
1017419,1006318
1017420,1006318
1017421,1008115
1017422,1008672
1017423,1006318
1017424,1008353
1017425,1006318
1017426,1006318
1017427,1007832
1017428,1006318
1017429,1006318
1017430,1009134
1017431,1006318
1017432,1015723
1017433,1008560
1017434,1008215
1017435,1008304
1017436,1008414
1017437,1006318
1017438,1006318
1017439,1006318
1017440,1006318
1017441,1006318
1017442,1011221
1017443,1006318
1017444,1006318
1017445,1017446
1017446,1006318
1017447,1006318
1017448,1006318
1017449,1010902
1017450,1006318
1017451,1010264
1017452,1006318
1017453,1006318
1017454,1006318
1017455,1010184
1017456,1008192
1017457,1010822
1017458,1010839
1017459,1009361
1017460,1008770
1017461,1014704
1017462,1011275
1017463,1009423
1017464,1006318
1017465,1008645
1017466,1010495
1017467,1006318
1017468,1007517
1017469,1013222
1017470,1008560
1017471,1011125
1017472,1008166
1017473,1006318
1017474,1006318
1017475,1010225
1017476,1006318
1017477,1010338
1017478,1008280
1017479,1008875
1017480,1008412
1017481,1006318
1017482,1006318
1017483,1008907
1017484,1006318
1017485,1010032
1017486,1006318
1017487,1007679
1017488,1011024
1017489,1006318
1017490,1013079
1017491,1006318
1017492,1006318
1017493,1006318
1017494,1006318
1017495,1009523
1017496,1006318
1017497,1006318
1017498,1010584
1017499,1017500
1017500,1011084
1017501,1006318
1017502,1006318
1017503,1006318
1017504,1010822
1017505,1009064
1017506,1006318
1017507,1008333
1017508,1010529
1017509,1012745
1017510,1006318
1017511,1006318
1017512,1008273
1017513,1006318
1017514,1006318
1017515,1008623
1017516,1011535
1017517,1006318
1017518,1006318
1017519,1006318
1017520,1012534
1017521,1006318
1017522,1009961
1017523,1006318
1017524,1008568
1017525,1006318
1017526,1010377
1017527,1006318
1017528,1009397
1017529,1006318
1017530,1008353
1017531,1008568
1017532,1006318
1017533,1006318
1017534,1013169
1017535,1008568
1017536,1008807
1017537,1011528
1017538,1006318
1017539,1006318
1017540,1006318
1017541,1008294
1017542,1006318
1017543,1008261
1017544,1007605
1017545,1006318
1017546,1006318
1017547,1006318
1017548,1008241
1017549,1010448
1017550,1006318
1017551,1009070
1017552,1006318
1017553,1006318
1017554,1006318
1017555,1006318
1017556,1006318
1017557,1006318
1017558,1012292
1017559,1006318
1017560,1006318
1017561,1008155
1017562,1006318
1017563,1007479
1017564,1006318
1017565,1009270
1017566,1017567
1017567,1006318
1017568,1006318
1017569,1006318
1017570,1008333
1017571,1008609
1017572,1006318
1017573,1011362
1017574,1006318
1017575,1008304
1017576,1006611
1017577,1009648
1017578,1006318
1017579,1017217
1017580,1010225
1017581,1010140
1017582,1006318
1017583,1006318
1017584,1006318
1017585,1008333
1017586,1008782
1017587,1006318
1017588,1006318
1017589,1013953
1017590,1008171
1017591,1006369
1017592,1006318
1017593,1008568
1017594,1006318
1017595,1009264
1017596,1006318
1017597,1006318
1017598,1006318
1017599,1006318
1017600,1006369
1017601,1006318
1017602,1006318
1017603,1008577
1017604,1006318
1017605,1006611
1017606,1006318
1017607,1006318
1017608,1017413
1017609,1006318
1017610,1008275
1017611,1008196
1017612,1006318
1017613,1008928
1017614,1006318
1017615,1006318
1017616,1006318
1017617,1006318
1017618,1006318
1017619,1017620
1017620,1006611
1017621,1014006
1017622,1006318
1017623,1013849
1017624,1008546
1017625,1008390
1017626,1008241
1017627,1010397
1017628,1014138
1017629,1006318
1017630,1006318
1017631,1012917
1017632,1008271
1017633,1006318
1017634,1006318
1017635,1006611
1017636,1006318
1017637,1006318
1017638,1006318
1017639,1008500
1017640,1006440
1017641,1008511
1017642,1006318
1017643,1006318
1017644,1008202
1017645,1008907
1017646,1006318
1017647,1006318
1017648,1008954
1017649,1006318
1017650,1017622
1017651,1006318
1017652,1006318
1017653,1010470
1017654,1006318
1017655,1006318
1017656,1012094
1017657,1006318
1017658,1006318
1017659,1008954
1017660,1006318
1017661,1009079
1017662,1006318
1017663,1008304
1017664,1006318
1017665,1006318
1017666,1017226
1017667,1008241
1017668,1015825
1017669,1008672
1017670,1008777
1017671,1006318
1017672,1006318
1017673,1008568
1017674,1010785
1017675,1015379
1017676,1017605
1017677,1008568
1017678,1006318
1017679,1006318
1017680,1016533
1017681,1008199
1017682,1016184
1017683,1012622
1017684,1008294
1017685,1006318
1017686,1006318
1017687,1006318
1017688,1006318
1017689,1006318
1017690,1006318
1017691,1010902
1017692,1006318
1017693,1007281
1017694,1006318
1017695,1006318
1017696,1015631
1017697,1006318
1017698,1006318
1017699,1007719
1017700,1008919
1017701,1006318
1017702,1006318
1017703,1009681
1017704,1006318
1017705,1011028
1017706,1006318
1017707,1006318
1017708,1009264
1017709,1010461
1017710,1010974
1017711,1006318
1017712,1017713
1017713,1006470
1017714,1006318
1017715,1006318
1017716,1006318
1017717,1006318
1017718,1006318
1017719,1006318
1017720,1012848
1017721,1008921
1017722,1008695
1017723,1013472
1017724,1006318
1017725,1006318
1017726,1009760
1017727,1008783
1017728,1010420
1017729,1006318
1017730,1008333
1017731,1006318
1017732,1006318
1017733,1006318
1017734,1007113
1017735,1006318
1017736,1006318
1017737,1006318
1017738,1006318
1017739,1006318
1017740,1012324
1017741,1009179
1017742,1006318
1017743,1006318
1017744,1006318
1017745,1009705
1017746,1006318
1017747,1009439
1017748,1008241
1017749,1008369
1017750,1006318
1017751,1008859
1017752,1006318
1017753,1006318
1017754,1008369
1017755,1006318
1017756,1012525
1017757,1006318
1017758,1006318
1017759,1008363
1017760,1010461
1017761,1006318
1017762,1006318
1017763,1014516
1017764,1016438
1017765,1008834
1017766,1008761
1017767,1006318
1017768,1006318
1017769,1006318
1017770,1006318
1017771,1006318
1017772,1006318
1017773,1006318
1017774,1007532
1017775,1006318
1017776,1008241
1017777,1006318
1017778,1006318
1017779,1008565
1017780,1008390
1017781,1006318
1017782,1006318
1017783,1013935
1017784,1006318
1017785,1006318
1017786,1013083
1017787,1006318
1017788,1016924
1017789,1006318
1017790,1006318
1017791,1009346
1017792,1006318
1017793,1006318
1017794,1006318
1017795,1008954
1017796,1006318
1017797,1006318
1017798,1006318
1017799,1006318
1017800,1006318
1017801,1008294
1017802,1008645
1017803,1006495
1017804,1009022
1017805,1017763
1017806,1011336
1017807,1008173
1017808,1010527
1017809,1006318
1017810,1006318
1017811,1006318
1017812,1013588
1017813,1011785
1017814,1010545
1017815,1006318
1017816,1006318
1017817,1006318
1017818,1008173
1017819,1009012
1017820,1014034
1017821,1011813
1017822,1007899
1017823,1010218
1017824,1008915
1017825,1007213
1017826,1006318
1017827,1008280
1017828,1008859
1017829,1006318
1017830,1006318
1017831,1008412
1017832,1006572
1017833,1008115
1017834,1006318
1017835,1015198
1017836,1008792
1017837,1006318
1017838,1011692
1017839,1008275
1017840,1016638
1017841,1008369
1017842,1006318
1017843,1012666
1017844,1006318
1017845,1006318
1017846,1009914
1017847,1006318
1017848,1006318
1017849,1006318
1017850,1008779
1017851,1006318
1017852,1008166
1017853,1008333
1017854,1006318
1017855,1008275
1017856,1006318
1017857,1015006
1017858,1006318
1017859,1008143
1017860,1008412
1017861,1006318
1017862,1006318
1017863,1013763
1017864,1006318
1017865,1015208
1017866,1006318
1017867,1008412
1017868,1006318
1017869,1006318
1017870,1006318
1017871,1006318
1017872,1008192
1017873,1014504
1017874,1006318
1017875,1006318
1017876,1006318
1017877,1009705
1017878,1006318
1017879,1009505
1017880,1006318
1017881,1006318
1017882,1006318
1017883,1009194
1017884,1008966
1017885,1006318
1017886,1013132
1017887,1010495
1017888,1008398
1017889,1006318
1017890,1017891
1017891,1006318
1017892,1006318
1017893,1006318
1017894,1016404
1017895,1006318
1017896,1006318
1017897,1012471
1017898,1007421
1017899,1012988
1017900,1008575
1017901,1006318
1017902,1010841
1017903,1008967
1017904,1006318
1017905,1006318
1017906,1006318
1017907,1014634
1017908,1006318
1017909,1006318
1017910,1013413
1017911,1010744
1017912,1008647
1017913,1006318
1017914,1006318
1017915,1006318
1017916,1006318
1017917,1006318
1017918,1006318
1017919,1014813
1017920,1006318
1017921,1008241
1017922,1009394
1017923,1008390
1017924,1006318
1017925,1006318
1017926,1006318
1017927,1011137
1017928,1010420
1017929,1006318
1017930,1008390
1017931,1006318
1017932,1017242
1017933,1006318
1017934,1006318
1017935,1006318
1017936,1006591
1017937,1014182
1017938,1008280
1017939,1010553
1017940,1011150
1017941,1006318
1017942,1008171
1017943,1008414
1017944,1009952
1017945,1008241
1017946,1006318
1017947,1011235
1017948,1006318
1017949,1006318
1017950,1011114
1017951,1006318
1017952,1006318
1017953,1008261
1017954,1010545
1017955,1012849
1017956,1006318
1017957,1006318
1017958,1006609
1017959,1006318
1017960,1006318
1017961,1006318
1017962,1006318
1017963,1011201
1017964,1006318
1017965,1008132
1017966,1006318
1017967,1008858
1017968,1009680
1017969,1006318
1017970,1006318
1017971,1006318
1017972,1009335
1017973,1007643
1017974,1008702
1017975,1006318
1017976,1006318
1017977,1011691
1017978,1006611
1017979,1009098
1017980,1008415
1017981,1009566
1017982,1008758
1017983,1006611
1017984,1008333
1017985,1014557
1017986,1009204
1017987,1011746
1017988,1006318
1017989,1010606
1017990,1006318
1017991,1008568
1017992,1006318
1017993,1006318
1017994,1011719
1017995,1008330
1017996,1006318
1017997,1006318
1017998,1008241
1017999,1006318
1018000,1006318
1018001,1006318
1018002,1006903
1018003,1006318
1018004,1006318
1018005,1006318
1018006,1013983
1018007,1008523
1018008,1006318
1018009,1008907
1018010,1011235
1018011,1006318
1018012,1009530
1018013,1008199
1018014,1006318
1018015,1006318
1018016,1009097
1018017,1010371
1018018,1008568
1018019,1006318
1018020,1006318
1018021,1006318
1018022,1008398
1018023,1008878
1018024,1008966
1018025,1006318
1018026,1008280
1018027,1006318
1018028,1006318
1018029,1008390
1018030,1006318
1018031,1006903
1018032,1006318
1018033,1008241
1018034,1006318
1018035,1015989
1018036,1006318
1018037,1008241
1018038,1010448
1018039,1008919
1018040,1006318
1018041,1008196
1018042,1006953
1018043,1006318
1018044,1009255
1018045,1006318
1018046,1008568
1018047,1011275
1018048,1009277
1018049,1010323
1018050,1006318
1018051,1006318
1018052,1009716
1018053,1012149
1018054,1012717
1018055,1006318
1018056,1011719
1018057,1010839
1018058,1012945
1018059,1012384
1018060,1011277
1018061,1010918
1018062,1009264
1018063,1006318
1018064,1006318
1018065,1006318
1018066,1008962
1018067,1018068
1018068,1006318
1018069,1008366
1018070,1006318
1018071,1008672
1018072,1006318
1018073,1006318
1018074,1006318
1018075,1006318
1018076,1008857
1018077,1008275
1018078,1006318
1018079,1006318
1018080,1014178
1018081,1009264
1018082,1011925
1018083,1011343
1018084,1006318
1018085,1007907
1018086,1011480
1018087,1008535
1018088,1006318
1018089,1006318
1018090,1012319
1018091,1008966
1018092,1006318
1018093,1006318
1018094,1007639
1018095,1008546
1018096,1006318
1018097,1006318
1018098,1009231
1018099,1008390
1018100,1006318
1018101,1013622
1018102,1006318
1018103,1006318
1018104,1006318
1018105,1006318
1018106,1006318
1018107,1006318
1018108,1008575
1018109,1006318
1018110,1006318
1018111,1006318
1018112,1008866
1018113,1006318
1018114,1008138
1018115,1006318
1018116,1006318
1018117,1008777
1018118,1008376
1018119,1018120
1018120,1006318
1018121,1006318
1018122,1008568
1018123,1006318
1018124,1006318
1018125,1010362
1018126,1015431
1018127,1008812
1018128,1008280
1018129,1006318
1018130,1006318
1018131,1010839
1018132,1014034
1018133,1006318
1018134,1006318
1018135,1006318
1018136,1006318
1018137,1006318
1018138,1006318
1018139,1006318
1018140,1006318
1018141,1008779
1018142,1009342
1018143,1006318
1018144,1008412
1018145,1006318
1018146,1006953
1018147,1006318
1018148,1009952
1018149,1009160
1018150,1006318
1018151,1008645
1018152,1006318
1018153,1008171
1018154,1006318
1018155,1006318
1018156,1006318
1018157,1018068
1018158,1009573
1018159,1006318
1018160,1006318
1018161,1008199
1018162,1006318
1018163,1008412
1018164,1008241
1018165,1006318
1018166,1006318
1018167,1008241
1018168,1009313
1018169,1006318
1018170,1008376
1018171,1008857
1018172,1010296
1018173,1008241
1018174,1008241
1018175,1010885
1018176,1010709
1018177,1006318
1018178,1006318
1018179,1011077
1018180,1006318
1018181,1006318
1018182,1008893
1018183,1006318
1018184,1006318
1018185,1011772
1018186,1006318
1018187,1008192
1018188,1008568
1018189,1006318
1018190,1011785
1018191,1008275
1018192,1015915
1018193,1006318
1018194,1006318
1018195,1006318
1018196,1008443
1018197,1006318
1018198,1007557
1018199,1012380
1018200,1006318
1018201,1008115
1018202,1008271
1018203,1006318
1018204,1006318
1018205,1008875
1018206,1006318
1018207,1006318
1018208,1011813
1018209,1009925
1018210,1017666
1018211,1011175
1018212,1010693
1018213,1007281
1018214,1008677
1018215,1010057
1018216,1006318
1018217,1008132
1018218,1011809
1018219,1009560
1018220,1006318
1018221,1016404
1018222,1008440
1018223,1006318
1018224,1006318
1018225,1010266
1018226,1017281
1018227,1008568
1018228,1008241
1018229,1007719
1018230,1006318
1018231,1011452
1018232,1008553
1018233,1008196
1018234,1006318
1018235,1006579
1018236,1008907
1018237,1006318
1018238,1006318
1018239,1006318
1018240,1009442
1018241,1008672
1018242,1006318
1018243,1008857
1018244,1006318
1018245,1006318
1018246,1008333
1018247,1006318
1018248,1012060
1018249,1006318
1018250,1008536
1018251,1006318
1018252,1006318
1018253,1006318
1018254,1006318
1018255,1012692
1018256,1008314
1018257,1009231
1018258,1008273
1018259,1010495
1018260,1006318
1018261,1007765
1018262,1010312
1018263,1008136
1018264,1009153
1018265,1006318
1018266,1006318
1018267,1009342
1018268,1006318
1018269,1006318
1018270,1018197
1018271,1006318
1018272,1006318
1018273,1006318
1018274,1010653
1018275,1015007
1018276,1009620
1018277,1009153
1018278,1008261
1018279,1006318
1018280,1009809
1018281,1015099
1018282,1006318
1018283,1006318
1018284,1006318
1018285,1010499
1018286,1011114
1018287,1006318
1018288,1009134
1018289,1006654
1018290,1006318
1018291,1006318
1018292,1010915
1018293,1009160
1018294,1006318
1018295,1006318
1018296,1006318
1018297,1008390
1018298,1009070
1018299,1008414
1018300,1008779
1018301,1008919
1018302,1008383
1018303,1006318
1018304,1008339
1018305,1006318
1018306,1016746
1018307,1008412
1018308,1012571
1018309,1016342
1018310,1006318
1018311,1006318
1018312,1006318
1018313,1006318
1018314,1009394
1018315,1006318
1018316,1012205
1018317,1008919
1018318,1017743
1018319,1009569
1018320,1006318
1018321,1006318
1018322,1006318
1018323,1007544
1018324,1006318
1018325,1009240
1018326,1006318
1018327,1008166
1018328,1006318
1018329,1006318
1018330,1006318
1018331,1006318
1018332,1008568
1018333,1008333
1018334,1009255
1018335,1009833
1018336,1008412
1018337,1010617
1018338,1006318
1018339,1006369
1018340,1006318
1018341,1006318
1018342,1016207
1018343,1013445
1018344,1008568
1018345,1006318
1018346,1006318
1018347,1009160
1018348,1006318
1018349,1006318
1018350,1006318
1018351,1008412
1018352,1008568
1018353,1006318
1018354,1006318
1018355,1008171
1018356,1008241
1018357,1006318
1018358,1010238
1018359,1007643
1018360,1009423
1018361,1006318
1018362,1012685
1018363,1006318
1018364,1008761
1018365,1008261
1018366,1006318
1018367,1006318
1018368,1009848
1018369,1006318
1018370,1006318
1018371,1006318
1018372,1011265
1018373,1006318
1018374,1006318
1018375,1006318
1018376,1008511
1018377,1012988
1018378,1014318
1018379,1006318
1018380,1008398
1018381,1006318
1018382,1009238
1018383,1006591
1018384,1008199
1018385,1013130
1018386,1011177
1018387,1006318
1018388,1009179
1018389,1009505
1018390,1006318
1018391,1006414
1018392,1008912
1018393,1008241
1018394,1008275
1018395,1009179
1018396,1006318
1018397,1006318
1018398,1006318
1018399,1006318
1018400,1006318
1018401,1008766
1018402,1011268
1018403,1008455
1018404,1012319
1018405,1009952
1018406,1006318
1018407,1006318
1018408,1008568
1018409,1008241
1018410,1011813
1018411,1015411
1018412,1018245
1018413,1006318
1018414,1008390
1018415,1008205
1018416,1006318
1018417,1006318
1018418,1014043
1018419,1006318
1018420,1008390
1018421,1011247
1018422,1006318
1018423,1008878
1018424,1006318
1018425,1008241
1018426,1006318
1018427,1014720
1018428,1006318
1018429,1008948
1018430,1008275
1018431,1006318
1018432,1016907
1018433,1006318
1018434,1008921
1018435,1006318
1018436,1006318
1018437,1007635
1018438,1006318
1018439,1006318
1018440,1014844
1018441,1006318
1018442,1006318
1018443,1006318
1018444,1016738
1018445,1008278
1018446,1009012
1018447,1013287
1018448,1006318
1018449,1010902
1018450,1015978
1018451,1006318
1018452,1006318
1018453,1013828
1018454,1006318
1018455,1007045
1018456,1006318
1018457,1011441
1018458,1006318
1018459,1006414
1018460,1006318
1018461,1006318
1018462,1006318
1018463,1011786
1018464,1008907
1018465,1006318
1018466,1011451
1018467,1010942
1018468,1008577
1018469,1006318
1018470,1006318
1018471,1008568
1018472,1006318
1018473,1013858
1018474,1008568
1018475,1011766
1018476,1006318
1018477,1009000
1018478,1006318
1018479,1006318
1018480,1011232
1018481,1008414
1018482,1006318
1018483,1006318
1018484,1006318
1018485,1006318
1018486,1006318
1018487,1006440
1018488,1008280
1018489,1006318
1018490,1009169
1018491,1006318
1018492,1014844
1018493,1009155
1018494,1008280
1018495,1006318
1018496,1006318
1018497,1006881
1018498,1008568
1018499,1006318
1018500,1010374
1018501,1008271
1018502,1008672
1018503,1010338
1018504,1008369
1018505,1008280
1018506,1006318
1018507,1008568
1018508,1006318
1018509,1006318
1018510,1006318
1018511,1013883
1018512,1006318
1018513,1006318
1018514,1013169
1018515,1006318
1018516,1008966
1018517,1006609
1018518,1006318
1018519,1009094
1018520,1006318
1018521,1006318
1018522,1012788
1018523,1006318
1018524,1008030
1018525,1009264
1018526,1013247
1018527,1009271
1018528,1011766
1018529,1008362
1018530,1006318
1018531,1006318
1018532,1008285
1018533,1012755
1018534,1015723
1018535,1008443
1018536,1006318
1018537,1008280
1018538,1006318
1018539,1006318
1018540,1011719
1018541,1008764
1018542,1013762
1018543,1010407
1018544,1011283
1018545,1009219
1018546,1010182
1018547,1008115
1018548,1011313
1018549,1006318
1018550,1006318
1018551,1008192
1018552,1006318
1018553,1008966
1018554,1009134
1018555,1013233
1018556,1006318
1018557,1015678
1018558,1006318
1018559,1006318
1018560,1006318
1018561,1006318
1018562,1010407
1018563,1008695
1018564,1009006
1018565,1008173
1018566,1006318
1018567,1008535
1018568,1018447
1018569,1006318
1018570,1006318
1018571,1006318
1018572,1006318
1018573,1014861
1018574,1006611
1018575,1006318
1018576,1008178
1018577,1016459
1018578,1008414
1018579,1006318
1018580,1006318
1018581,1008283
1018582,1006318
1018583,1008241
1018584,1006318
1018585,1008140
1018586,1015486
1018587,1008687
1018588,1008173
1018589,1006318
1018590,1012032
1018591,1006318
1018592,1012703
1018593,1008333
1018594,1006318
1018595,1006318
1018596,1006318
1018597,1008241
1018598,1006318
1018599,1010001
1018600,1009475
1018601,1006318
1018602,1008414
1018603,1006318
1018604,1006318
1018605,1008132
1018606,1008192
1018607,1014581
1018608,1008553
1018609,1008779
1018610,1014516
1018611,1006318
1018612,1006318
1018613,1006318
1018614,1006318
1018615,1006318
1018616,1011418
1018617,1008948
1018618,1008568
1018619,1006318
1018620,1006318
1018621,1011813
1018622,1008467
1018623,1006318
1018624,1006318
1018625,1006318
1018626,1007019
1018627,1006318
1018628,1011201
1018629,1006318
1018630,1006318
1018631,1010664
