3121802,53,1288326,1288325,1019863
3121803,9,1288432,1288431,1240437
3121804,3,1288482,1288481,1019902
3121805,6,1288488,1288487,1240447
3121806,8,1288509,1288506,1019906
3121807,14,1288513,1288511,1019906
3121808,18,1288516,1288515,1019906
3121809,8,1288538,1288535,1019911
3121810,14,1288542,1288540,1019911
3121811,18,1288545,1288544,1019911
3121812,15,195,1288646,1019937
3121813,15,207,1288674,1019955
3121814,7,257,1288782,1019994
3121815,38,1288959,333,1020035
3121816,54,1288957,333,1020035
3121817,60,1288956,333,1020035
3121818,64,1288955,333,1020035
3121819,74,1288951,333,1020035
3121820,80,1288950,333,1020035
3121821,84,1288949,333,1020035
3121822,100,1288948,333,1020035
3121823,104,1288954,333,1020035
3121824,107,1288953,333,1020035
3121825,113,1288952,333,1020035
3121826,222,1288947,333,1020035
3121827,13,361,1289346,1240473
3121828,16,1289353,1289347,1240473
3121829,20,366,1289348,1240473
3121830,23,368,1289349,1240473
3121831,60,1289391,695877,1020074
3121832,138,473,695925,1020074
3121833,31,514,1289492,1020097
3121834,40,515,1289492,1020097
3121835,8,1289513,1289512,1020111
3121836,12,1289517,1289514,1020111
3121837,9,1289558,1289556,1020128
3121838,11,1289608,1289607,1240483
3121839,14,1289622,1289609,1240483
3121840,27,1289606,1289600,1240483
3121841,29,1289604,1289602,1240483
3121842,16,1289763,1289762,1020158
3121843,19,1289778,1289764,1020158
3121844,45,1289745,1289744,1020158
3121845,59,1289747,1289746,1020158
3121846,65,1289783,1289760,1020158
3121847,133,1289672,1289669,1240485
3121848,135,1289671,1289670,1240485
3121849,89,683,1289756,1020158
3121850,97,1289758,1289757,1020158
3121851,104,1289751,1289748,1020158
3121852,106,1289750,1289749,1020158
3121853,174,1289666,1289665,1240485
3121854,178,699,1289668,1240485
3121855,190,1289685,1289663,1240485
3121856,200,1289686,1289662,1240485
3121857,206,707,1289661,1240485
3121858,14,1289868,1289867,1240494
3121859,18,1289873,1289871,1240494
3121860,5,1289915,1289914,1020188
3121861,24,773,1289966,1020202
3121862,27,1289989,1289967,1020202
3121863,29,779,1289968,1020202
3121864,39,786,1289969,1020202
3121865,46,1289972,1289971,1020202
3121866,49,1289993,1289978,1020202
3121867,53,1289981,1289980,1020202
3121868,22,1290148,1290146,1020257
3121869,40,1290175,1290174,1020257
3121870,57,1290167,1290166,1020257
3121871,61,1290170,1290169,1020257
3121872,13,1290247,1290217,1020259
3121873,24,984,1290219,1020259
3121874,36,991,1290219,1020259
3121875,97,1290225,1290219,1020259
3121876,102,1290228,1290219,1020259
3121877,106,1048,1290219,1020259
3121878,107,1049,1290219,1020259
3121879,41,1290194,696217,1240510
3121880,48,1290197,696217,1240510
3121881,3,1290348,1290347,1020301
3121882,8,1290340,1132,1020296
3121883,10,1127,1132,1020296
3121884,14,1290346,1132,1020296
3121885,17,1290358,1132,1020296
3121886,19,1129,1132,1020296
3121887,12,1290357,1290356,1020301
3121888,31,1290360,1132,1020296
3121889,39,1290341,1132,1020296
3121890,29,1290353,1290352,1020301
3121891,4,1290433,1312,1020315
3121892,8,1295,1312,1020315
3121893,14,1298,1312,1020315
3121894,4,1290475,1290474,1020337
3121895,5,1290483,1290482,1020344
3121896,11,1436,1290629,1020367
3121897,11,1290676,1290650,1020376
3121898,15,1290653,1290652,1020376
3121899,18,1290685,1290652,1020376
3121900,21,1290678,1290652,1020376
3121901,60,1290699,1290670,1020376
3121902,69,1290706,1290652,1020376
3121903,75,1290710,1290659,1020376
3121904,78,1290717,1290652,1020376
3121905,83,1290690,1290675,1020380
3121906,85,1290692,1290675,1020380
3121907,87,1290694,1290681,1020380
3121908,89,1290696,1290681,1020380
3121909,93,1290726,1290681,1020380
3121910,10,1290850,1290799,1020387
3121911,12,1290852,1290800,1020387
3121912,32,1290844,1290843,1020387
3121913,35,1563,1290845,1020387
3121914,39,1564,1290846,1020387
3121915,47,1290871,1290841,1020387
3121916,59,1290837,1290836,1020387
3121917,61,1566,1290800,1020387
3121918,65,1567,1290838,1020387
3121919,72,1290880,1290800,1020387
3121920,85,1290830,1290829,1020387
3121921,88,1569,1290831,1020387
3121922,92,1570,1290832,1020387
3121923,100,1290887,1290827,1020387
3121924,109,1290892,1290800,1020387
3121925,131,1290898,1290804,1020387
3121926,135,1290900,1290800,1020387
3121927,146,1290907,1290824,1020387
3121928,152,1290911,1290800,1020387
3121929,160,1290914,1290818,1020387
3121930,164,1290918,1290800,1020387
3121931,174,1290925,1290800,1020387
3121932,181,1290930,1290813,1020387
3121933,189,1290933,1290810,1020387
3121934,193,1290936,1290800,1020387
3121935,10,1291024,1290983,1020409
3121936,12,1291026,1290984,1020409
3121937,32,1291039,1291020,1020409
3121938,38,1291042,1290984,1020409
3121939,50,1291046,1291016,1020409
3121940,54,1291049,1290984,1020409
3121941,65,1291053,1290996,1020409
3121942,75,1291057,1290984,1020409
3121943,87,1291061,1290988,1020409
3121944,91,1291064,1290984,1020409
3121945,98,1291067,1291012,1020409
3121946,108,1291071,1290984,1020409
3121947,116,1291074,1291006,1020409
3121948,120,1291077,1290984,1020409
3121949,126,1291080,1290984,1020409
3121950,137,1291084,1291003,1020409
3121951,145,1291087,1290998,1020409
3121952,149,1291090,1290984,1020409
3121953,5,1291120,1291119,1020423
3121954,8,1291122,1291121,1020423
3121955,17,1291130,1291128,1020423
3121956,5,1291228,1291227,1020453
3121957,8,1695,1291229,1020453
3121958,41,1703,696548,1020429
3121959,45,1291156,696548,1020429
3121960,46,1291157,696552,1020429
3121961,51,1291161,696550,1020429
3121962,28,1291260,1291262,1240549
3121963,3,1291311,1291310,1020470
3121964,3,1291335,1291334,1020472
3121965,37,1291377,1291373,1020488
3121966,39,1291375,1291374,1020488
3121967,41,1291378,1291377,1020488
3121968,54,1291460,1291459,1020509
3121969,56,1291463,1291461,1020509
3121970,81,1291466,1291460,1020509
3121971,36,1291531,1291530,1020540
3121972,42,1905,1291536,1020540
3121973,57,1913,1291534,1020540
3121974,53,1291634,1291633,1020570
3121975,55,1291636,1291635,1020570
3121976,80,1291639,1291634,1020570
3121977,31,1291716,1291711,1020580
3121978,33,1291713,1291712,1020580
3121979,35,1291714,1291702,1020580
3121980,46,1291798,1291797,1020617
3121981,48,1291800,1291799,1020617
3121982,73,1291803,1291788,1020617
3121983,30,1291863,1291862,1020641
3121984,36,2098,1291868,1020641
3121985,50,2105,1291866,1020641
3121986,45,1291993,1291992,1020681
3121987,47,1291995,1291994,1020681
3121988,72,1291999,1291998,1020681
3121989,30,2245,1292077,1020697
3121990,31,2246,1292077,1020697
3121991,33,2248,1292077,1020697
3121992,30,1292099,1292098,1020703
3121993,32,2306,1292098,1020703
3121994,34,1292101,1292098,1020703
3121995,36,2309,1292098,1020703
3121996,38,1292102,1292098,1020703
3121997,40,2312,1292098,1020703
3121998,42,1292103,1292098,1020703
3121999,71,2347,1292098,1020703
3122000,72,1292108,1292098,1020703
3122001,75,2352,1292098,1020703
3122002,76,1292109,1292098,1020703
3122003,79,2356,1292098,1020703
3122004,67,1292354,1292353,1240582
3122005,88,1292351,1292350,1240582
3122006,92,2512,1292352,1240582
3122007,19,2533,1292421,1240583
3122008,125,1292346,1292344,1240582
3122009,134,1292348,1292347,1240582
3122010,146,1292337,1292336,1240582
3122011,153,1292342,1292341,1240582
3122012,168,1292332,1292331,1240582
3122013,173,1292335,1292334,1240582
3122014,9,1292454,1292452,1020782
3122015,12,2785,696920,1020820
3122016,23,2793,696923,1020820
3122017,16,1292563,1292562,1020838
3122018,12,3060,1292695,1020904
3122019,10,3080,697048,1020913
3122020,40,1293145,3478,1020990
3122021,98,1293156,3528,1020990
3122022,131,1293134,697277,1020990
3122023,132,3544,3528,1020990
3122024,8,1293292,1293288,1021068
3122025,4,1294225,1294223,1021512
3122026,7,1294242,1294239,1021517
3122027,8,1294262,1294261,1021519
3122028,9,1294241,1294240,1021517
3122029,11,1294263,1294257,1021519
3122030,12,1294246,1294243,1021517
3122031,14,1294245,1294244,1021517
3122032,4,1294269,1294268,1240715
3122033,7,1294271,1294270,1240715
3122034,34,1294309,1294308,1021528
3122035,9,1294382,1294381,1240721
3122036,56,4458,697699,1021525
3122037,59,4460,697699,1021525
3122038,62,4462,697699,1021525
3122039,65,4464,697699,1021525
3122040,68,4466,697699,1021525
3122041,71,4468,697699,1021525
3122042,74,4470,697699,1021525
3122043,77,4472,697699,1021525
3122044,80,4474,697699,1021525
3122045,83,4476,697699,1021525
3122046,86,4478,697699,1021525
3122047,89,4480,697699,1021525
3122048,92,4482,697699,1021525
3122049,95,4484,697699,1021525
3122050,98,4486,697699,1021525
3122051,101,4488,697699,1021525
3122052,67,1294395,1294394,1021554
3122053,215,4576,697749,1021525
3122054,218,4579,697749,1021525
3122055,221,4581,697749,1021525
3122056,224,4583,697749,1021525
3122057,3,4757,1294894,1021623
3122058,9,4936,1295136,1021709
3122059,32,1295171,697933,1021711
3122060,34,4996,697933,1021711
3122061,12,1295218,1295216,1021715
3122062,15,1295219,1295216,1021715
3122063,22,1295224,1295216,1021715
3122064,27,1295228,1295216,1021715
3122065,5,1295247,697955,1240760
3122066,7,5009,697955,1240760
3122067,2,1295328,698026,1240764
3122068,2,1295392,698065,1240771
3122069,7,1295395,698065,1240771
3122070,12,1295397,698065,1240771
3122071,17,1295399,698065,1240771
3122072,19,1295400,698065,1240771
3122073,3,1295555,1295554,1021772
3122074,10,1295557,1295554,1021772
3122075,17,1295560,1295554,1021772
3122076,24,1295564,1295554,1021772
3122077,32,1295661,1295660,1240803
3122078,34,1295663,1295660,1240803
3122079,11,1295906,1295905,1021861
3122080,31,1295901,1295900,1021861
3122081,20,1295983,1295981,1240830
3122082,24,5824,1295987,1240830
3122083,112,1296224,6197,1021926
3122084,119,1296226,6197,1021926
3122085,10,1296653,6473,1022088
3122086,8,6993,1297019,1240914
3122087,2,7148,1297118,1240916
3122088,19,1297195,1297191,1022244
3122089,21,1297194,1297193,1022244
3122090,37,1297223,1297222,1022257
3122091,19,1297318,1297317,1240928
3122092,34,7263,1297244,1022238
3122093,27,1297362,1297358,1022259
3122094,29,1297361,1297359,1022259
3122095,19,1297397,1297393,1022265
3122096,21,1297396,1297395,1022265
3122097,37,1297421,1297419,1022267
3122098,43,1297425,1297424,1022267
3122099,24,1297461,1297459,1022274
3122100,19,7470,1297476,1240929
3122101,17,1297530,1297528,1240931
3122102,26,7491,1297478,1240929
3122103,11,7604,1297669,1240940
3122104,106,7642,1297672,1240940
3122105,5,1297858,1297857,1240962
3122106,8,1297860,1297859,1240962
3122107,11,1297862,1297861,1240962
3122108,14,1297865,1297863,1240962
3122109,43,1297930,7860,1022329
3122110,46,1297933,7860,1022329
3122111,8,7906,1298022,1240977
3122112,7,1298109,1298107,1022419
3122113,59,1298197,699584,1022438
3122114,60,8113,1298197,1022438
3122115,64,1298198,699584,1022438
3122116,65,8117,1298198,1022438
3122117,9,1298285,1298289,1022459
3122118,12,1298287,1298289,1022459
3122119,5,1298313,1298312,1240992
3122120,18,1298393,1298392,1240992
3122121,28,1298282,1298257,1022459
3122122,33,1298388,1298387,1240992
3122123,33,8234,1298257,1022459
3122124,60,1298385,1298384,1240992
3122125,48,1298275,1298291,1022459
3122126,52,1298279,1298291,1022459
3122127,66,1298260,1298263,1022459
3122128,67,1298259,1298257,1022459
3122129,71,1298262,1298263,1022459
3122130,72,1298261,1298257,1022459
3122131,75,1298379,1298378,1240992
3122132,79,1298382,1298381,1240992
3122133,95,1298373,1298372,1240992
3122134,123,1298365,1298364,1240992
3122135,141,1298362,1298361,1240992
3122136,149,1298354,1298353,1240992
3122137,11,1298594,699693,1022472
3122138,32,1298589,699693,1022472
3122139,36,1298592,699693,1022472
3122140,55,8244,699693,1022472
3122141,62,1298582,699693,1022472
3122142,66,1298585,699693,1022472
3122143,155,1298356,1298355,1240992
3122144,189,1298348,1298347,1240992
3122145,207,1298345,1298344,1240992
3122146,215,1298335,1298334,1240992
3122147,221,1298338,1298337,1240992
3122148,17,1298940,699774,1022486
3122149,23,1298946,699774,1022486
3122150,5,1300008,1300007,1241006
3122151,16,1300111,1300110,1241006
3122152,42,1300108,1300107,1241006
3122153,57,1300097,1300096,1241006
3122154,61,1300100,1300099,1241006
3122155,77,1300090,1300089,1241006
3122156,104,1300077,1300076,1241006
3122157,116,1300074,1300073,1241006
3122158,144,1300064,1300063,1241006
3122159,162,1300060,1300059,1241006
3122160,187,1300053,1300051,1241006
3122161,205,1300049,1300047,1241006
3122162,8,8897,1301491,1241040
3122163,21,8933,1301515,1241041
3122164,35,1301583,1301582,1022639
3122165,36,8994,1301577,1022639
3122166,1,1301699,1301697,1022650
3122167,6,1301702,1301697,1022650
3122168,1,1301727,1301726,1022654
3122169,6,1301729,1301726,1022654
3122170,9,1301887,1301885,1022683
3122171,16,1301895,1301885,1022683
3122172,7,9274,9270,1022773
3122173,8,9275,9270,1022773
3122174,11,9278,9270,1022773
3122175,12,9279,9270,1022773
3122176,15,9282,9270,1022773
3122177,16,9283,9270,1022773
3122178,17,9284,9270,1022773
3122179,18,9287,9270,1022773
3122180,21,9293,9270,1022773
3122181,22,9294,9270,1022773
3122182,23,9295,9270,1022773
3122183,24,9296,9270,1022773
3122184,25,9297,9270,1022773
3122185,26,9298,9270,1022773
3122186,29,1302006,1302005,1241081
3122187,72,1302066,1302065,1241081
3122188,102,1302047,1302046,1241081
3122189,132,1302050,1302049,1241081
3122190,166,1302012,1302011,1241081
3122191,196,1302016,1302015,1241081
3122192,220,1302020,1302019,1241081
3122193,58,1302415,1302346,1022793
3122194,90,1302422,1302195,1022793
3122195,108,1302343,1302342,1022793
3122196,166,1302325,1302324,1022793
3122197,216,1302313,1302312,1022793
3122198,10,1302477,1302475,1022806
3122199,284,1302288,1302287,1022793
3122200,331,1302276,1302275,1022793
3122201,380,1302262,1302261,1022793
3122202,27,9447,1302509,1241085
3122203,59,1302814,9628,1241108
3122204,151,1302804,9690,1241108
3122205,186,1302795,9711,1241108
3122206,27,1303219,1303184,1022935
3122207,28,9936,1303184,1022935
3122208,103,1303198,1303186,1022935
3122209,104,1303199,1303188,1022935
3122210,132,1303214,1303184,1022935
3122211,149,1303209,1303184,1022935
3122212,151,1303210,1303184,1022935
3122213,155,1303211,1303186,1022935
3122214,185,1303196,1303190,1022935
3122215,187,10027,1303184,1022935
3122216,81,10154,1303428,1022978
3122217,82,10155,1303435,1022978
3122218,370,10608,700755,1023015
3122219,429,10670,700787,1023015
3122220,14,1303958,1303957,1241210
3122221,10,10747,1303975,1241216
3122222,517,10755,700831,1023015
3122223,524,1303668,700833,1023015
3122224,527,1303671,700833,1023015
3122225,536,1303670,700833,1023015
3122226,554,10761,700840,1023015
3122227,74,1304306,700971,1241253
3122228,9,11216,11225,1023439
3122229,13,11218,11225,1023439
3122230,14,11219,11225,1023439
3122231,18,11221,11225,1023439
3122232,19,11222,11225,1023439
3122233,20,11223,11225,1023439
3122234,12,11242,11274,1023444
3122235,16,11254,11274,1023444
3122236,17,11255,11274,1023444
3122237,21,11259,11274,1023444
3122238,22,11260,11274,1023444
3122239,23,11261,11274,1023444
3122240,164,11470,1304546,1023430
3122241,3,11738,1304947,1023585
3122242,99,11748,1304889,1241281
3122243,14,1304951,1304947,1023585
3122244,138,11756,1304894,1241281
3122245,23,11758,1304947,1023585
3122246,13,1305133,1305132,1241291
3122247,11,1305145,1305144,1241293
3122248,12,12144,1305164,1241295
3122249,10,12363,701464,1023658
3122250,9,12400,1305259,1023661
3122251,8,12501,701535,1023688
3122252,4,1305794,1305793,1023770
3122253,16,1306232,1306231,1023859
3122254,26,1306240,1306231,1023859
3122255,54,1306261,1306231,1023859
3122256,53,1307398,1307374,1024109
3122257,26,1307489,1307475,1024144
3122258,24,1307534,1307521,1024171
3122259,51,1307486,15209,1024144
3122260,53,1307484,15209,1024144
3122261,30,1307623,702890,1024219
3122262,34,1307625,702890,1024219
3122263,96,1307621,702890,1024219
3122264,110,1307617,1307642,1024219
3122265,111,1307635,702890,1024219
3122266,17,1307711,1307684,1024192
3122267,44,1307695,1307684,1024192
3122268,17,1307969,1307954,1024309
3122269,19,1307970,1307954,1024309
3122270,31,1307973,1307956,1024309
3122271,36,1307971,1307958,1024309
3122272,62,15598,1307956,1024309
3122273,64,1307967,1307956,1024309
3122274,66,1307968,1307954,1024309
3122275,103,15610,1307958,1024309
3122276,105,1307964,1307958,1024309
3122277,107,1307965,1307954,1024309
3122278,9,15703,15762,1024428
3122279,15,15713,15762,1024428
3122280,23,15719,15762,1024428
3122281,30,15723,15762,1024428
3122282,37,15731,15762,1024428
3122283,44,15741,15762,1024428
3122284,11,15768,1308162,1024463
3122285,9,1308227,703141,1024496
3122286,4,1308304,1308303,1024529
3122287,13,1308313,1308312,1024533
3122288,13,1308349,1308348,1024536
3122289,25,1308630,1308628,1024628
3122290,27,1308631,1308628,1024628
3122291,29,1308632,1308628,1024628
3122292,31,1308633,1308628,1024628
3122293,33,1308634,1308628,1024628
3122294,35,1308635,1308628,1024628
3122295,37,1308636,1308628,1024628
3122296,39,1308637,1308628,1024628
3122297,41,1308638,1308628,1024628
3122298,43,1308639,1308628,1024628
3122299,45,1308640,1308628,1024628
3122300,61,1308655,1308628,1024628
3122301,62,1308656,1308628,1024628
3122302,78,1308660,1308628,1024628
3122303,12,16285,1308690,1024632
3122304,13,16286,703389,1024632
3122305,18,16296,1308690,1024632
3122306,19,16297,703389,1024632
3122307,21,16301,1308690,1024632
3122308,22,16302,703389,1024632
3122309,24,16311,1308690,1024632
3122310,25,16312,703389,1024632
3122311,27,16316,1308690,1024632
3122312,28,16317,703389,1024632
3122313,31,16319,1308690,1024632
3122314,32,16320,703389,1024632
3122315,34,16322,1308690,1024632
3122316,35,16323,703389,1024632
3122317,37,16327,1308690,1024632
3122318,38,16328,703389,1024632
3122319,40,16335,1308690,1024632
3122320,41,16336,703389,1024632
3122321,48,16344,1308690,1024632
3122322,49,16345,703389,1024632
3122323,4,1308799,1308798,1024680
3122324,11,1309064,1309063,1241529
3122325,38,1309236,1309151,1241531
3122326,50,1309237,1309163,1241531
3122327,21,16599,1309309,1024770
3122328,25,16614,1309309,1024770
3122329,115,1309139,1309138,1241531
3122330,118,1309141,1309140,1241531
3122331,121,1309143,1309142,1241531
3122332,159,1309260,1309123,1241531
3122333,13,16675,1309418,1024787
3122334,16,16680,1309418,1024787
3122335,284,1309104,1309103,1241531
3122336,305,1309284,1309110,1241531
3122337,326,1309218,1309216,1241531
3122338,328,1309220,1309219,1241531
3122339,353,1309295,1309109,1241531
3122340,8,16757,1309461,1024797
3122341,66,1309556,1309521,1024802
3122342,68,1309524,1309523,1024802
3122343,72,1309528,1309526,1024802
3122344,26,1309619,16873,1024831
3122345,53,1309615,16885,1024831
3122346,11,1309747,1309746,1024840
3122347,7,1309755,1309753,1024842
3122348,7,1309763,1309761,1024844
3122349,5,16949,1309777,1024850
3122350,5,16951,1309790,1024852
3122351,5,16962,1309797,1024857
3122352,24,1309829,1309828,1024861
3122353,37,1309841,1309840,1024861
3122354,19,1309880,1309879,1024877
3122355,18,1310094,1310093,1024905
3122356,23,1310097,1310096,1024905
3122357,6,1310115,1310114,1024913
3122358,12,1310124,1310123,1024915
3122359,18,1310139,1310138,1024923
3122360,23,1310142,1310141,1024923
3122361,30,1310145,1310144,1024923
3122362,37,1310150,1310149,1024923
3122363,3,1310165,1310164,1024925
3122364,17,1310208,1310200,1024932
3122365,19,1310202,1310201,1024932
3122366,23,1310205,1310204,1024932
3122367,44,1310181,1310180,1024932
3122368,47,1310183,1310182,1024932
3122369,51,1310186,1310185,1024932
3122370,17,1310312,1310311,1241555
3122371,21,17328,1310313,1241555
3122372,24,17329,1310315,1241555
3122373,24,1310412,1310411,1241561
3122374,27,1310415,1310413,1241561
3122375,30,1310420,1310419,1241561
3122376,16,1310501,1310500,1024997
3122377,18,17458,1310502,1024997
3122378,21,17459,1310504,1024997
3122379,10,17491,1310526,1241568
3122380,139,1310616,17650,1025015
3122381,53,1310894,703986,1025089
3122382,16,1310978,1310973,1025138
3122383,18,1310979,1310974,1025138
3122384,3,1311116,1311124,1025188
3122385,7,1311118,1311124,1025188
3122386,15,1311122,1311124,1025188
3122387,6,1311324,1311323,1025204
3122388,11,1311325,1311323,1025204
3122389,104,1311154,18258,1025186
3122390,180,1311245,18258,1025186
3122391,220,1311266,704099,1025186
3122392,310,18326,18333,1025186
3122393,318,1311143,18333,1025186
3122394,335,1311146,18333,1025186
3122395,51,1311360,18304,1025209
3122396,62,1311366,18304,1025209
3122397,71,18347,1311352,1025209
3122398,360,1311181,18333,1025186
3122399,82,1311359,18346,1025209
3122400,91,1311358,18346,1025209
3122401,110,1311353,18304,1025209
3122402,119,1311355,1311352,1025209
3122403,123,1311356,18376,1025209
3122404,14,1311480,1311478,1025232
3122405,48,1311457,1311445,1025224
3122406,87,1311580,1311572,1025236
3122407,5,1311640,1311639,1025267
3122408,28,1311647,1311646,1025267
3122409,5,1311667,1311666,1025272
3122410,34,1311676,1311675,1025272
3122411,26,19052,19038,1025422
3122412,26,19091,19076,1025438
3122413,26,19136,19124,1025451
3122414,26,19188,19172,1025461
3122415,26,19220,19209,1025469
3122416,10,19373,704595,1025505
3122417,11,19376,704595,1025505
3122418,27,19392,704598,1025514
3122419,28,19393,704598,1025514
3122420,3,1312875,1312874,1025518
3122421,115,1312688,1312686,1025400
3122422,170,1312639,1312637,1025400
3122423,171,1312643,704654,1025400
3122424,185,1312634,704664,1025400
3122425,203,1312630,1312769,1025400
3122426,205,1312631,1312769,1025400
3122427,11,1312898,1312894,1025535
3122428,8,19445,1312904,1025539
3122429,8,1312946,1312945,1241637
3122430,18,1312943,1312940,1241637
3122431,20,1312942,1312941,1241637
3122432,36,1312936,1312935,1241637
3122433,50,1312932,1312930,1241637
3122434,245,19484,1312769,1025400
3122435,56,19543,704737,1241638
3122436,26,1313030,704790,1025548
3122437,919,1312570,1312568,1025400
3122438,923,1312549,1312547,1025400
3122439,927,1312556,1312554,1025400
3122440,931,1312562,1312559,1025400
3122441,964,19918,1312535,1025400
3122442,95,1313276,20056,1025608
3122443,120,1313273,20060,1025608
3122444,216,1313263,20060,1025608
3122445,229,1313262,20056,1025608
3122446,38,1313813,1313799,1025732
3122447,52,1313814,1313799,1025732
3122448,66,1313810,1313797,1025732
3122449,7,1313973,1313971,1025792
3122450,58,1314083,1314082,1025804
3122451,67,1314089,1314088,1025804
3122452,67,1314333,20543,1025850
3122453,70,1314335,1314362,1025850
3122454,78,1314337,20543,1025850
3122455,108,1314228,20557,1025797
3122456,23,1314396,1314395,1025858
3122457,28,1314398,1314397,1025858
3122458,80,1314338,20543,1025850
3122459,33,1314400,1314399,1025858
3122460,42,1314382,1314381,1025858
3122461,48,1314385,1314384,1025858
3122462,54,1314387,1314386,1025858
3122463,145,1314257,20557,1025797
3122464,146,1314256,20557,1025797
3122465,217,1314216,20530,1025797
3122466,283,1314207,20557,1025797
3122467,296,1314205,20530,1025797
3122468,5,1314450,1314449,1025870
3122469,7,1314452,1314451,1025870
3122470,18,1314458,1314457,1025870
3122471,11,1314517,1314516,1025895
3122472,11,1314534,20650,1025889
3122473,18,1314530,20650,1025889
3122474,20,1314531,20650,1025889
3122475,24,1314533,20650,1025889
3122476,29,1314532,20650,1025889
3122477,7,1314566,20658,1025901
3122478,3,1314562,1314560,1241658
3122479,14,1314561,20658,1025901
3122480,16,1314563,20658,1025901
3122481,20,1314565,20658,1025901
3122482,2,1314578,1314576,1025905
3122483,4,1314580,1314576,1025905
3122484,25,1314564,20658,1025901
3122485,11,1314583,1314576,1025905
3122486,14,1314585,1314576,1025905
3122487,24,1314614,1314610,1025912
3122488,96,1314814,705442,1025949
3122489,17,1315140,1315139,1025984
3122490,46,1315110,1315109,1025984
3122491,125,1314993,1314992,1025969
3122492,27,1315364,1315363,1241681
3122493,38,1315356,1315355,1241681
3122494,241,1314982,1314981,1025969
3122495,299,1314951,1314950,1025969
3122496,395,1314935,1314934,1025969
3122497,17,1315605,1315603,1026039
3122498,30,1315710,21223,1026051
3122499,32,1315741,21223,1026051
3122500,55,1315739,21223,1026051
3122501,82,1315750,21223,1026051
3122502,95,21253,21223,1026051
3122503,167,1315756,21223,1026051
3122504,12,21370,1316044,1241728
3122505,217,21553,21551,1026133
3122506,222,1316161,21551,1026133
3122507,226,1316160,21551,1026133
3122508,38,1316573,705897,1026208
3122509,54,1316556,705897,1026208
3122510,58,1316572,705897,1026208
3122511,62,1316559,705897,1026208
3122512,66,1316570,705897,1026208
3122513,70,1316563,705897,1026208
3122514,74,1316568,705897,1026208
3122515,77,1316564,705897,1026208
3122516,80,1316565,705897,1026208
3122517,91,1316530,705897,1026208
3122518,95,1316552,705897,1026208
3122519,99,1316532,705897,1026208
3122520,103,1316548,705897,1026208
3122521,107,1316534,705897,1026208
3122522,111,1316545,705897,1026208
3122523,115,1316536,705897,1026208
3122524,119,1316542,705897,1026208
3122525,122,1316537,705897,1026208
3122526,125,1316540,705897,1026208
3122527,160,1316539,705897,1026208
3122528,3,1317539,1317537,1026353
3122529,10,1317551,1317550,1026355
3122530,6,22510,1317580,1026361
3122531,3,22517,1317602,1026364
3122532,7,22521,1317609,1026364
3122533,13,1318048,22675,1026391
3122534,16,1318050,22675,1026391
3122535,19,1318052,22675,1026391
3122536,39,1318044,22675,1026391
3122537,42,1318046,22675,1026391
3122538,2,1318404,1318402,1026394
3122539,5,1318408,1318402,1026394
3122540,20,1318413,1318402,1026394
3122541,31,1318423,1318402,1026394
3122542,108,1317739,1317738,1026366
3122543,10,1318803,1318802,1241804
3122544,36,22733,1318760,1241802
3122545,47,1318787,1318770,1241802
3122546,1258,1317721,1317720,1026366
3122547,15,1318903,1318902,1026427
3122548,1730,1317706,1317705,1026366
3122549,1733,1317715,1317714,1026366
3122550,1756,1317708,1317707,1026366
3122551,9,1318996,1318992,1026455
3122552,5,1319080,1319077,1241829
3122553,51,1319199,1319198,1026481
3122554,146,1319196,1319195,1026481
3122555,155,1319191,1319190,1026481
3122556,7,1319537,1319536,1241854
3122557,118,1319627,1319623,1241857
3122558,129,1319671,1319670,1241857
3122559,134,1319674,1319673,1241857
3122560,140,1319636,1319632,1241857
3122561,150,1319657,1319651,1241857
3122562,176,1319664,1319663,1241857
3122563,181,1319667,1319666,1241857
3122564,187,1319643,1319642,1241857
3122565,192,1319647,1319646,1241857
3122566,26,1320372,1320379,1026689
3122567,47,1320367,1320379,1026689
3122568,51,1320370,1320379,1026689
3122569,71,23643,1320379,1026689
3122570,78,1320360,1320379,1026689
3122571,82,1320363,1320379,1026689
3122572,25,1320495,1320494,1026700
3122573,26,23714,1320490,1026700
3122574,66,1320620,1320618,1026730
3122575,68,23819,1320619,1026730
3122576,102,1320613,1320611,1026730
3122577,104,23832,1320612,1026730
3122578,21,1320789,1320788,1026755
3122579,18,23978,707069,1241942
3122580,25,24578,24549,1026909
3122581,26,24563,24549,1026909
3122582,27,24577,24549,1026909
3122583,9,1321930,707596,1242101
3122584,18,1321958,24976,1027195
3122585,18,24981,707608,1027193
3122586,21,24985,707608,1027193
3122587,24,24990,707608,1027193
3122588,65,25015,1321978,1027193
3122589,66,25016,1321978,1027193
3122590,22,1322185,1322169,1242118
3122591,24,1322186,1322169,1242118
3122592,33,1322173,1322168,1242118
3122593,34,1322171,1322168,1242118
3122594,36,1322175,1322168,1242118
3122595,46,1322180,1322168,1242118
3122596,48,25119,1322169,1242118
3122597,49,25123,1322168,1242118
3122598,52,1322183,1322168,1242118
3122599,9,1322574,707911,1027389
3122600,18,1322826,1322825,1242169
3122601,23,25763,1322825,1242169
3122602,29,1322827,1322825,1242169
3122603,8,1322877,708108,1027519
3122604,16,1323014,1323013,1027550
3122605,12,1323055,1323051,1027572
3122606,29,1323095,1323094,1242185
3122607,34,26143,708239,1242185
3122608,46,26159,708239,1242185
3122609,103,1323788,708516,1027776
3122610,13,1323923,1323922,1027801
3122611,16,1323926,1323922,1027801
3122612,18,1323927,1323922,1027801
3122613,160,1324244,1324243,1027880
3122614,164,1324248,1324247,1027880
3122615,15,1324425,1324424,1027969
3122616,9,1324454,1324453,1027971
3122617,57,1324685,27617,1028039
3122618,58,1324686,27618,1028039
3122619,67,1324673,27617,1028039
3122620,69,1324707,27617,1028039
3122621,72,1324675,27618,1028039
3122622,74,1324709,27618,1028039
3122623,20,1324771,1324770,1242274
3122624,24,1324788,1324787,1242274
3122625,34,1324794,1324793,1242274
3122626,42,1324784,1324783,1242274
3122627,43,1324785,1324784,1242274
3122628,44,27621,1324786,1242274
3122629,52,1324778,1324773,1242274
3122630,54,1324775,1324774,1242274
3122631,57,1324779,1324778,1242274
3122632,103,27668,1324768,1242274
3122633,3,1324982,1324981,1028187
3122634,6,1324984,1324981,1028187
3122635,9,1324986,1324981,1028187
3122636,12,1324988,1324981,1028187
3122637,15,1324990,1324981,1028187
3122638,18,1324992,1324981,1028187
3122639,21,1324994,1324981,1028187
3122640,24,1324996,1324981,1028187
3122641,27,1324998,1324981,1028187
3122642,30,1325000,1324981,1028187
3122643,4,28053,1325122,1028221
3122644,5,28093,1325122,1028221
3122645,6,28138,1325122,1028221
3122646,7,28164,1325122,1028221
3122647,8,28200,1325122,1028221
3122648,9,28054,1325127,1028221
3122649,10,28063,1325127,1028221
3122650,11,28065,1325127,1028221
3122651,12,28069,1325127,1028221
3122652,13,28071,1325127,1028221
3122653,45,1325145,1325144,1028221
3122654,48,28074,1325146,1028221
3122655,55,1325151,1325150,1028221
3122656,58,28076,1325152,1028221
3122657,65,1325157,1325156,1028221
3122658,68,28078,1325158,1028221
3122659,75,1325163,1325162,1028221
3122660,78,28082,1325164,1028221
3122661,85,1325169,1325168,1028221
3122662,88,28089,1325170,1028221
3122663,143,1325188,1325187,1028221
3122664,146,28110,1325189,1028221
3122665,155,1325195,1325194,1028221
3122666,158,28118,1325196,1028221
3122667,167,1325202,1325201,1028221
3122668,170,28122,1325203,1028221
3122669,179,1325209,1325208,1028221
3122670,182,28127,1325210,1028221
3122671,191,1325216,1325215,1028221
3122672,194,28134,1325217,1028221
3122673,245,1325239,1325238,1028221
3122674,248,28149,1325240,1028221
3122675,257,1325246,1325245,1028221
3122676,260,28151,1325247,1028221
3122677,269,1325253,1325252,1028221
3122678,272,28153,1325254,1028221
3122679,281,1325260,1325259,1028221
3122680,284,28155,1325261,1028221
3122681,15,1325638,1325630,1028427
3122682,293,1325268,1325267,1028221
3122683,296,28157,1325269,1028221
3122684,347,1325291,1325290,1028221
3122685,350,28179,1325292,1028221
3122686,359,1325298,1325297,1028221
3122687,362,28183,1325299,1028221
3122688,371,1325305,1325304,1028221
3122689,374,28185,1325306,1028221
3122690,383,1325312,1325311,1028221
3122691,386,28189,1325314,1028221
3122692,10,1325679,28191,1028435
3122693,395,1325321,1325320,1028221
3122694,398,28196,1325322,1028221
3122695,16,1325685,28191,1028435
3122696,449,1325345,1325344,1028221
3122697,452,28227,1325346,1028221
3122698,461,1325352,1325351,1028221
3122699,464,28241,1325353,1028221
3122700,473,1325359,1325358,1028221
3122701,476,28253,1325360,1028221
3122702,485,1325366,1325365,1028221
3122703,488,28270,1325367,1028221
3122704,497,1325373,1325372,1028221
3122705,500,28293,1325374,1028221
3122706,5,1325800,1325798,1028472
3122707,8,1325845,709216,1242317
3122708,16,1325848,709216,1242317
3122709,2,1325908,1325856,1028491
3122710,3,1325909,1325856,1028491
3122711,4,1325910,1325856,1028491
3122712,5,1325911,1325856,1028491
3122713,6,1325912,1325856,1028491
3122714,30,1325867,1325866,1028491
3122715,33,1325870,1325868,1028491
3122716,39,1325874,1325873,1028491
3122717,45,1325878,1325877,1028491
3122718,51,1325882,1325881,1028491
3122719,7,1325975,1325970,1028508
3122720,13,1325981,1325970,1028508
3122721,19,1325985,1325970,1028508
3122722,24,1325990,1325970,1028508
3122723,30,1325994,1325970,1028508
3122724,35,1325999,1325970,1028508
3122725,41,1326003,1325970,1028508
3122726,2,1326013,1326011,1028514
3122727,3,1326015,1326011,1028514
3122728,6,1326018,1326011,1028514
3122729,9,1326021,1326011,1028514
3122730,12,1326024,1326011,1028514
3122731,15,1326028,1326011,1028514
3122732,17,1326027,1326026,1028514
3122733,19,1326032,1326011,1028514
3122734,21,1326031,1326030,1028514
3122735,25,1326038,1326011,1028514
3122736,27,1326037,1326036,1028514
3122737,31,1326044,1326011,1028514
3122738,33,1326043,1326042,1028514
3122739,37,1326050,1326011,1028514
3122740,39,1326049,1326048,1028514
3122741,3,1326325,1326323,1028573
3122742,9,1326327,1326323,1028573
3122743,16,28623,28630,1028601
3122744,18,29229,29193,1028794
3122745,21,29272,29257,1028803
3122746,24,29299,29285,1028812
3122747,22,29327,1327190,1028819
3122748,20,29335,1327226,1028829
3122749,19,29355,1327272,1028835
3122750,1,1327298,1327297,1028842
3122751,8,29367,1327270,1242412
3122752,20,1327301,1327297,1028842
3122753,11,29418,1327458,1028865
3122754,3,1327656,1327655,1028912
3122755,23,1328006,29935,1028957
3122756,33,1328007,29935,1028957
3122757,89,29929,29935,1028957
3122758,274,29962,1328034,1028957
3122759,314,29969,29935,1028957
3122760,482,30012,1328017,1028957
3122761,5,1328423,1328413,1029087
3122762,24,1328448,1328413,1029087
3122763,52,1328459,1328413,1029087
3122764,97,1328472,1328413,1029087
3122765,160,30323,1328554,1029129
3122766,58,30373,710042,1029170
3122767,6,30441,1328780,1029203
3122768,72,30444,1328748,1029194
3122769,25,30458,1328804,1029211
3122770,78,30514,1328914,1029224
3122771,12,1328976,1328975,1029234
3122772,15,1328994,1328993,1029240
3122773,20,1329012,1329011,1029247
3122774,6,1329023,1329022,1029254
3122775,74,1329081,30684,1029260
3122776,75,1329082,30684,1029260
3122777,15,1329562,1329561,1242497
3122778,25,31114,1329554,1242497
3122779,3,1329568,1329567,1242498
3122780,3,1329573,1329572,1242499
3122781,3,1329578,1329577,1242500
3122782,3,1329583,1329582,1242501
3122783,3,1329588,1329587,1242502
3122784,3,1329593,1329592,1242503
3122785,3,1329705,710388,1029417
3122786,4,1329744,710390,1029423
3122787,5,1329777,1329775,1029426
3122788,10,1329796,1329794,1029431
3122789,42,31333,1329731,1029395
3122790,72,31351,1329725,1029395
3122791,40,1329926,1329921,1029442
3122792,45,1329925,1329924,1029442
3122793,50,1329929,1329928,1029442
3122794,53,1329931,1329930,1029442
3122795,91,1329915,1329910,1029442
3122796,96,1329914,1329913,1029442
3122797,115,1329901,1329900,1029442
3122798,118,1329903,1329902,1029442
3122799,14,31456,1329974,1029445
3122800,10,31480,1329999,1029453
3122801,18,1330004,1330002,1029453
3122802,61,1329849,1329848,1029436
3122803,30,31528,710512,1242507
3122804,128,1329857,1329856,1029436
3122805,12,1330174,1330173,1029508
3122806,13,1330183,1330181,1029517
3122807,16,1330187,1330185,1029517
3122808,20,1330194,1330192,1029517
3122809,30,1330215,1330214,1029514
3122810,41,32041,710804,1029581
3122811,45,1330462,710804,1029581
3122812,46,1330463,710808,1029581
3122813,51,1330468,710806,1029581
3122814,3,1330518,1330517,1029601
3122815,3,1330564,1330563,1029603
3122816,37,1330586,1330582,1029605
3122817,39,1330584,1330583,1029605
3122818,41,1330587,1330586,1029605
3122819,52,32094,1330549,1029598
3122820,87,32124,1330537,1029598
3122821,54,1330632,1330631,1029613
3122822,56,1330634,1330633,1029613
3122823,81,1330637,1330632,1029613
3122824,36,1330711,1330710,1029619
3122825,42,32153,1330716,1029619
3122826,57,32165,1330714,1029619
3122827,53,1330788,1330787,1029630
3122828,55,1330790,1330789,1029630
3122829,80,1330793,1330788,1029630
3122830,31,1330924,1330910,1029652
3122831,33,1330916,1330913,1029652
3122832,35,1330919,1330898,1029652
3122833,46,1331070,1331069,1029678
3122834,48,1331072,1331071,1029678
3122835,73,1331075,1331060,1029678
3122836,30,1331169,1331168,1029688
3122837,36,32363,1331174,1029688
3122838,50,32368,1331172,1029688
3122839,45,1331228,1331227,1029697
3122840,47,1331230,1331229,1029697
3122841,72,1331237,1331236,1029697
3122842,67,1331466,1331465,1242574
3122843,88,1331463,1331462,1242574
3122844,92,32615,1331464,1242574
3122845,125,1331458,1331456,1242574
3122846,134,1331460,1331459,1242574
3122847,148,1331454,1331453,1242574
3122848,21,1331586,1331585,1242582
3122849,34,1331579,1331578,1242582
3122850,64,1331630,711240,1242584
3122851,66,1331631,711240,1242584
3122852,21,1331741,1331740,1242591
3122853,34,1331733,1331732,1242591
3122854,64,1331783,711314,1242595
3122855,66,1331784,711314,1242595
3122856,38,32823,1331896,1029789
3122857,41,32831,1331897,1029789
3122858,112,32863,32849,1029789
3122859,9,1332027,1332025,1029811
3122860,18,1332167,1332173,1029822
3122861,31,1332137,1332179,1029822
3122862,12,1332240,1332236,1029851
3122863,17,1332242,1332237,1029851
3122864,1,1332292,1332290,1029871
3122865,3,1332293,1332290,1029871
3122866,6,1332305,1332290,1029871
3122867,7,1332304,1332290,1029871
3122868,13,1332296,1332290,1029871
3122869,15,1332297,1332290,1029871
3122870,18,1332303,1332290,1029871
3122871,19,1332302,1332290,1029871
3122872,28,1332394,1332392,1029886
3122873,17,33168,1332414,1242633
3122874,20,33167,1332416,1242633
3122875,6,1332490,1332487,1029911
3122876,13,1332494,1332487,1029911
3122877,43,1332468,33248,1029905
3122878,46,1332469,33248,1029905
3122879,50,33258,33248,1029905
3122880,51,33259,33248,1029905
3122881,59,1332489,33248,1029905
3122882,60,1332491,33248,1029905
3122883,68,1332508,33248,1029905
3122884,69,1332509,33248,1029905
3122885,8,1332765,33412,1029943
3122886,13,1332769,33412,1029943
3122887,24,1332756,33412,1029943
3122888,29,1332761,33412,1029943
3122889,40,1332747,33412,1029943
3122890,45,1332750,33412,1029943
3122891,56,1332737,33412,1029943
3122892,61,1332740,33412,1029943
3122893,66,1332742,33412,1029943
3122894,72,33386,33412,1029943
3122895,78,1332744,33412,1029943
3122896,82,33397,33412,1029943
3122897,8,1332877,33468,1029959
3122898,13,1332880,33468,1029959
3122899,18,1332883,33468,1029959
3122900,29,1332868,33468,1029959
3122901,34,1332871,33468,1029959
3122902,39,1332874,33468,1029959
3122903,50,1332859,33468,1029959
3122904,55,1332862,33468,1029959
3122905,60,1332865,33468,1029959
3122906,71,1332848,33468,1029959
3122907,76,1332851,33468,1029959
3122908,81,1332854,33468,1029959
3122909,86,1332856,33468,1029959
3122910,92,33448,33468,1029959
3122911,98,33457,33468,1029959
3122912,80,33517,1332990,1029971
3122913,22,33555,1333067,1029980
3122914,69,33602,1333088,1029986
3122915,7,33661,1333158,1030000
3122916,3,1333317,1333316,1242661
3122917,4,1333318,1333317,1242661
3122918,5,33790,1333318,1242661
3122919,8,33892,1333384,1242666
3122920,20,1333543,711806,1030135
3122921,24,34193,711806,1030135
3122922,45,34267,711829,1030121
3122923,59,34296,711832,1030121
3122924,8,34419,1333799,1030216
3122925,8,1333891,1333890,1030256
3122926,62,34461,1333852,1030219
3122927,152,34529,1333822,1030219
3122928,13,1334016,1334013,1030274
3122929,15,1334015,1334014,1030274
3122930,22,34636,1333993,1030274
3122931,25,34641,1333993,1030274
3122932,28,34645,1333993,1030274
3122933,31,34649,1333993,1030274
3122934,34,34651,1333993,1030274
3122935,37,34653,1333993,1030274
3122936,40,34655,1333993,1030274
3122937,43,34657,1333993,1030274
3122938,46,34662,1333993,1030274
3122939,49,34664,1333993,1030274
3122940,52,34666,1333993,1030274
3122941,55,34676,1333993,1030274
3122942,58,34683,1333993,1030274
3122943,66,1334029,1333993,1030274
3122944,83,1334005,34694,1030274
3122945,87,1334006,34694,1030274
3122946,16,34896,1334227,1242694
3122947,65,1334216,1334215,1242694
3122948,71,35050,1334221,1242694
3122949,27,35139,712100,1242697
3122950,55,35151,712100,1242697
3122951,8,1334436,1334435,1030400
3122952,65,35161,712100,1242697
3122953,66,35162,35190,1242697
3122954,71,35164,35190,1242697
3122955,75,35168,35190,1242697
3122956,89,35174,712096,1242697
3122957,98,35182,712096,1242697
3122958,132,1334378,1334377,1242697
3122959,7,35281,1334562,1030433
3122960,14,35327,1334568,1030433
3122961,16,35326,1334570,1030433
3122962,37,35333,1334566,1030433
3122963,7,35351,1334685,1030483
3122964,17,1334699,1334698,1030487
3122965,23,1334702,1334701,1030487
3122966,8,35368,1334718,1030503
3122967,8,35374,1334727,1030511
3122968,18,35391,1334737,1030505
3122969,10,1334780,1334779,1030517
3122970,11,35439,1334780,1030517
3122971,30,1334775,1334774,1030517
3122972,31,35443,1334775,1030517
3122973,33,1334777,1334776,1030517
3122974,34,35444,1334777,1030517
3122975,22,35489,1334819,1030529
3122976,14,35491,1334833,1030520
3122977,7,35505,1334842,1030542
3122978,2,1334859,1334858,1030550
3122979,2,1334872,1334871,1030559
3122980,6,1334975,1334974,1030604
3122981,12,1334978,1334974,1030604
3122982,8,1335070,712322,1030610
3122983,9,1335128,712335,1030620
3122984,13,1335129,712335,1030620
3122985,10,1335146,35745,1030616
3122986,34,1335142,35745,1030616
3122987,35,35754,1335148,1030616
3122988,11,1335169,712344,1242725
3122989,33,1335168,712344,1242725
3122990,100,1335023,1335022,1242718
3122991,11,1335202,712355,1242727
3122992,32,1335201,712355,1242727
3122993,20,1335225,1335223,1030630
3122994,209,1335042,1335041,1242718
3122995,212,1335044,1335043,1242718
3122996,20,1335237,1335236,1030632
3122997,215,1335046,1335045,1242718
3122998,218,1335049,1335048,1242718
3122999,8,1335247,712370,1242728
3123000,4,1335278,1335277,1030639
3123001,5,1335282,1335278,1030639
3123002,9,1335280,1335279,1030639
3123003,4,1335337,1335336,1030642
3123004,6,1335340,1335339,1030642
3123005,9,1335343,1335342,1030642
3123006,10,1335344,1335343,1030642
3123007,20,35915,1335344,1030642
3123008,20,35924,1335318,1030637
3123009,22,35925,1335321,1030637
3123010,23,35921,712390,1030642
3123011,29,35931,1335346,1030642
3123012,32,35946,1335346,1030642
3123013,40,1335358,1335350,1030642
3123014,50,35954,1335348,1030642
3123015,51,35955,1335346,1030642
3123016,53,35957,1335348,1030642
3123017,54,35958,1335346,1030642
3123018,62,35967,1335358,1030642
3123019,56,1335620,1335630,1242736
3123020,35,36094,1335583,1242739
3123021,37,1335585,1335584,1242739
3123022,46,1335624,1335585,1242739
3123023,64,1335635,1335585,1242739
3123024,72,1335638,1335635,1242739
3123025,75,1335621,1335635,1242739
3123026,79,1335623,1335635,1242739
3123027,104,1335590,1335589,1242739
3123028,105,1335591,1335590,1242739
3123029,115,36092,1335593,1242739
3123030,126,1335652,1335651,1242739
3123031,127,1335653,1335652,1242739
3123032,131,1335609,1335607,1242739
3123033,132,1335610,1335609,1242739
3123034,133,36103,1335610,1242739
3123035,141,1335612,36130,1242739
3123036,143,36113,36130,1242739
3123037,164,1335606,1335605,1242739
3123038,212,36151,1335598,1242739
3123039,23,36209,1336077,1242750
3123040,45,1336109,1336071,1242750
3123041,56,1335978,712529,1030704
3123042,57,36243,1336116,1242750
3123043,59,1335979,712529,1030704
3123044,71,1336090,1336077,1242750
3123045,73,1336094,1336077,1242750
3123046,62,1335980,712529,1030704
3123047,65,1335981,712529,1030704
3123048,81,36259,1336098,1242750
3123049,71,1335982,712529,1030704
3123050,74,1335983,712529,1030704
3123051,78,1335994,712529,1030704
3123052,81,1335995,712529,1030704
3123053,88,1335986,712529,1030704
3123054,94,1335987,712529,1030704
3123055,102,1335988,712529,1030704
3123056,108,1335989,712529,1030704
3123057,9,36285,1336180,1242754
3123058,9,36293,1336187,1242755
3123059,195,1335972,712529,1030704
3123060,197,1335974,712529,1030704
3123061,199,1335975,712529,1030704
3123062,201,1335976,712529,1030704
3123063,206,1335944,712529,1030704
3123064,209,1335963,712529,1030704
3123065,212,1335945,712529,1030704
3123066,215,1335946,712529,1030704
3123067,227,1335955,712529,1030704
3123068,229,1335956,712529,1030704
3123069,238,1335948,712529,1030704
3123070,246,1335954,712529,1030704
3123071,253,1335964,712529,1030704
3123072,256,1335971,712529,1030704
3123073,259,1335965,712529,1030704
3123074,10,1336218,1336217,1242758
3123075,261,1335966,712529,1030704
3123076,265,1335968,712529,1030704
3123077,267,1335969,712529,1030704
3123078,19,36344,1336225,1242758
3123079,283,1336010,712529,1030704
3123080,33,36397,1336222,1242758
3123081,60,1336245,1336206,1242758
3123082,64,36412,1336215,1242758
3123083,95,1336212,1336211,1242758
3123084,101,36435,1336214,1242758
3123085,6,1336330,1336328,1030772
3123086,9,36538,1336483,1242763
3123087,33,1336508,1336479,1242763
3123088,38,36560,1336480,1242763
3123089,42,36562,1336482,1242763
3123090,62,1336513,1336469,1242763
3123091,83,1336475,1336474,1242763
3123092,88,36586,1336477,1242763
3123093,92,36593,1336478,1242763
3123094,130,36622,1336460,1242763
3123095,138,36635,1336464,1242763
3123096,147,1336466,712763,1242763
3123097,149,36642,1336467,1242763
3123098,112,36706,36710,1030768
3123099,180,1336454,1336453,1242763
3123100,192,1336456,1336455,1242763
3123101,194,36732,1336457,1242763
3123102,212,36746,1336450,1242763
3123103,215,36749,1336452,1242763
3123104,237,1336443,1336442,1242763
3123105,239,36786,1336444,1242763
3123106,243,1336448,1336447,1242763
3123107,245,36801,1336449,1242763
3123108,267,1336437,1336436,1242763
3123109,269,36879,1336438,1242763
3123110,273,36885,1336441,1242763
3123111,299,36959,1336425,1242763
3123112,308,1336433,712853,1242763
3123113,310,36980,1336434,1242763
3123114,322,36990,1336428,1242763
3123115,332,37000,1336431,1242763
3123116,5,1336750,1336749,1030890
3123117,15,1336764,1336763,1030890
3123118,10,1336793,1336791,1030896
3123119,20,1336804,1336803,1030896
3123120,3,37039,1336814,1030902
3123121,21,1336827,712876,1030902
3123122,25,1336831,712876,1030902
3123123,7,1336893,1336891,1030908
3123124,7,37078,1336905,1030912
3123125,7,37082,1336912,1030914
3123126,3,1336918,1336917,1030919
3123127,3,37088,1336921,1030921
3123128,7,37103,1336932,1030923
3123129,23,37113,712914,1030923
3123130,27,37120,37123,1030923
3123131,28,37117,712914,1030923
3123132,40,37125,37123,1030923
3123133,1,37127,1336958,1242790
3123134,8,37151,1336983,1030931
3123135,19,1337032,37217,1030946
3123136,23,1337033,37217,1030946
3123137,7,1337055,1337053,1030949
3123138,6,1337073,1337072,1030956
3123139,13,1337085,1337076,1030956
3123140,17,1337084,1337080,1030956
3123141,20,1337083,1337082,1030956
3123142,30,1337075,1337074,1030956
3123143,10,1337106,712984,1030963
3123144,8,1337162,1337156,1030975
3123145,20,1337542,713153,1031073
3123146,22,1337541,1337540,1031073
3123147,35,1337533,713153,1031073
3123148,40,1337537,1337535,1031073
3123149,27,1337571,713171,1031080
3123150,28,1337572,713171,1031080
3123151,29,37771,713171,1031080
3123152,31,1337560,713171,1031080
3123153,14,1337708,1337705,1242823
3123154,12,1337789,1337787,1031166
3123155,18,38144,38124,1242834
3123156,31,38158,38124,1242834
3123157,8,38298,1338067,1031233
3123158,45,38578,38572,1031285
3123159,48,38580,38572,1031285
3123160,51,38582,38572,1031285
3123161,54,38584,38572,1031285
3123162,73,1338342,38572,1031285
3123163,125,1338364,38572,1031285
3123164,128,1338366,38572,1031285
3123165,131,1338369,38572,1031285
3123166,132,1338368,38572,1031285
3123167,135,1338371,38572,1031285
3123168,139,1338373,38572,1031285
3123169,4,38752,1338725,1031394
3123170,13,1338731,1338730,1031394
3123171,21,1338733,1338732,1031394
3123172,10,38834,1338825,1031438
3123173,13,1338806,713603,1031435
3123174,16,1338810,713603,1031435
3123175,13,38862,1338856,1031444
3123176,34,1338913,713625,1031454
3123177,45,1338916,713625,1031454
3123178,63,1338883,713625,1031454
3123179,93,1338895,713625,1031454
3123180,99,1338899,713625,1031454
3123181,111,1338901,713625,1031454
3123182,122,1338885,713625,1031454
3123183,131,1338891,713625,1031454
3123184,137,1338893,713625,1031454
3123185,148,1338887,713625,1031454
3123186,154,1338889,713625,1031454
3123187,161,38887,713625,1031454
3123188,172,1338909,713625,1031454
3123189,48,1339017,38911,1031460
3123190,5,1339091,1339090,1031471
3123191,11,1339081,1339080,1031471
3123192,15,1339083,1339082,1031471
3123193,16,1339084,1339083,1031471
3123194,23,1339089,1339087,1031471
3123195,27,1339076,1339075,1031471
3123196,31,1339078,1339077,1031471
3123197,32,1339079,1339078,1031471
3123198,29,1339145,713674,1031480
3123199,50,1339139,713674,1031480
3123200,53,1339140,713674,1031480
3123201,90,1339130,713674,1031480
3123202,95,1339134,713674,1031480
3123203,6,1339243,1339242,1031507
3123204,15,1339245,1339244,1031507
3123205,22,1339222,1339221,1031507
3123206,28,1339224,1339223,1031507
3123207,29,1339225,1339224,1031507
3123208,32,1339233,1339231,1031507
3123209,39,1339227,1339226,1031507
3123210,40,1339228,1339227,1031507
3123211,45,1339237,1339236,1031507
3123212,53,1339240,1339239,1031507
3123213,58,1339209,1339208,1031507
3123214,64,1339211,1339210,1031507
3123215,65,1339212,1339211,1031507
3123216,69,1339218,1339217,1031507
3123217,74,1339215,1339214,1031507
3123218,75,1339216,1339215,1031507
3123219,26,1339267,1339266,1031510
3123220,31,1339278,1339277,1031510
3123221,34,1339280,1339279,1031510
3123222,41,1339270,1339269,1031510
3123223,44,1339272,1339271,1031510
3123224,10,39059,1339390,1031531
3123225,31,1339397,1339383,1031531
3123226,34,39072,1339397,1031531
3123227,111,1339364,1339363,1031531
3123228,121,1339371,1339370,1031531
3123229,129,1339367,1339366,1031531
3123230,8,1339755,713841,1242958
3123231,16,1339758,713841,1242958
3123232,14,1339799,713868,1031655
3123233,33,1339805,713868,1031655
3123234,12,1339834,713883,1031665
3123235,23,1339837,713883,1031665
3123236,27,1340090,1340087,1031701
3123237,55,1340099,1340087,1031701
3123238,63,1340095,1340087,1031701
3123239,16,1340210,1340185,1031745
3123240,18,1340211,1340185,1031745
3123241,20,1340212,1340185,1031745
3123242,24,1340188,1340185,1031745
3123243,102,1340242,1340237,1031754
3123244,26,1340412,1340425,1242992
3123245,12,1340508,1340505,1242997
3123246,66,1340548,1340570,1243001
3123247,8,40095,1340703,1243010
3123248,134,1340716,1340709,1031859
3123249,171,40205,40203,1031859
3123250,180,1340732,40203,1031859
3123251,182,1340733,40203,1031859
3123252,184,1340734,40203,1031859
3123253,214,1340731,40203,1031859
3123254,79,1341003,1340992,1031904
3123255,7,1341060,1341059,1031908
3123256,4,1341119,1341118,1243021
3123257,40,1341167,1341164,1031933
3123258,31,1341269,1341265,1031957
3123259,30,1341338,1341335,1031961
3123260,99,1341438,1341465,1031975
3123261,118,40510,40508,1031975
3123262,142,1341455,1341465,1031975
3123263,173,1341446,40508,1031975
3123264,181,1341449,40508,1031975
3123265,106,1341738,1341762,1032005
3123266,124,40598,40596,1032005
3123267,180,1341746,40596,1032005
3123268,184,1341747,40596,1032005
3123269,99,1341937,1341948,1032029
3123270,112,40695,40693,1032029
3123271,124,1341941,40693,1032029
3123272,2,1342211,1342209,1032072
3123273,24,1342237,1342274,1032080
3123274,43,1342269,1342274,1032080
3123275,9,1342331,1342326,1243060
3123276,11,1342350,1342345,1032121
3123277,72,1342475,1342494,1032176
3123278,14,1342563,1342561,1243076
3123279,16,1342717,714763,1032237
3123280,4,1342899,1342898,1032280
3123281,15,1342917,1342899,1032280
3123282,21,1342918,1342899,1032280
3123283,10,1342950,1342947,1032287
3123284,43,1342910,1342899,1032280
3123285,48,1342915,1342899,1032280
3123286,51,1342912,1342899,1032280
3123287,60,1342906,1342899,1032280
3123288,13,1342951,1342947,1032287
3123289,19,1342994,1342993,1032291
3123290,36,1342982,1342981,1032291
3123291,45,1342988,1342987,1032291
3123292,54,1342986,1342985,1032291
3123293,4,1343025,1343024,1032295
3123294,14,1343027,1343025,1032295
3123295,20,1343029,1343025,1032295
3123296,11,1343116,1343115,1032303
3123297,25,1343122,1343121,1032303
3123298,91,1343066,1343065,1243117
3123299,92,1343067,1343066,1243117
3123300,97,1343071,1343070,1243117
3123301,98,1343072,1343071,1243117
3123302,15,1343394,1343392,1243137
3123303,11,1343425,1343423,1243141
3123304,15,1343448,1343446,1243142
3123305,15,1343473,1343471,1243145
3123306,12,1343510,1343508,1243148
3123307,21,1343574,1343558,1243154
3123308,103,1343732,1343731,1243168
3123309,104,41747,1343732,1243168
3123310,109,1343736,1343735,1243168
3123311,110,1343737,1343736,1243168
3123312,20,1343910,1343909,1032447
3123313,8,41928,1344116,1243204
3123314,3,1344159,1344158,1243206
3123315,9,1344187,1344186,1243208
3123316,47,1344212,1344211,1032529
3123317,48,42059,1344212,1032529
3123318,53,1344216,1344215,1032529
3123319,54,42060,1344216,1032529
3123320,13,1344432,1344435,1032560
3123321,19,1344434,1344435,1032560
3123322,45,42244,1344436,1032560
3123323,81,1344406,1344436,1032560
3123324,83,1344407,1344436,1032560
3123325,85,42285,1344436,1032560
3123326,93,1344306,1344305,1032539
3123327,94,1344307,1344306,1032539
3123328,99,1344312,1344310,1032539
3123329,100,1344314,1344312,1032539
3123330,94,1344412,1344436,1032560
3123331,115,1344405,1344436,1032560
3123332,2,42363,1344456,1032562
3123333,9,42365,1344456,1032562
3123334,47,1344464,1344460,1032562
3123335,12,42648,715479,1243231
3123336,4,1347299,1347298,1243282
3123337,4,1347317,1347316,1243283
3123338,8,42942,1347332,1243286
3123339,13,1347372,1347371,1032725
3123340,16,1347375,1347371,1032725
3123341,19,1347377,1347371,1032725
3123342,10,1347409,715670,1032745
3123343,11,1347495,1347494,1032764
3123344,17,1347501,1347499,1032764
3123345,10,1347514,1347513,1032766
3123346,11,1347526,1347525,1032769
3123347,17,1347532,1347531,1032769
3123348,10,1347546,1347545,1243304
3123349,9,1347563,1347560,1032771
3123350,12,1347608,1347606,1032780
3123351,26,1347630,43130,1032782
3123352,13,1347654,1347653,1032788
3123353,25,43170,43177,1032797
3123354,23,1347703,1347701,1032805
3123355,25,43183,1347702,1032805
3123356,31,1347726,43196,1032807
3123357,31,43220,43216,1032822
3123358,12,1347866,715829,1032868
3123359,23,1347886,715829,1032868
3123360,28,1347883,715829,1032868
3123361,33,1347880,715829,1032868
3123362,38,1347877,715829,1032868
3123363,43,1347874,715829,1032868
3123364,48,1347871,715829,1032868
3123365,53,1347868,715829,1032868
3123366,9,43523,715922,1032923
3123367,10,1348376,1348375,1032971
3123368,19,1348378,1348377,1032971
3123369,21,1348451,1348450,1032983
3123370,24,1348454,1348453,1032983
3123371,14,1348767,44057,1243377
3123372,18,1348768,44057,1243377
3123373,21,1348769,44057,1243377
3123374,24,1348770,44057,1243377
3123375,27,1348771,44057,1243377
3123376,30,1348772,44057,1243377
3123377,33,1348773,44057,1243377
3123378,36,1348774,44057,1243377
3123379,71,1348780,44057,1243377
3123380,74,1348782,44057,1243377
3123381,77,1348784,44057,1243377
3123382,80,1348786,44057,1243377
3123383,83,1348788,44057,1243377
3123384,12,1348906,1348893,1033073
3123385,47,1348910,1348882,1033073
3123386,78,1348915,1348872,1033073
3123387,45,1348971,1348949,1033082
3123388,28,1349084,1349074,1033084
3123389,92,1348995,44131,1033088
3123390,97,1348998,44131,1033088
3123391,102,1349005,44131,1033088
3123392,72,1349062,1349026,1033084
3123393,112,1349017,1349004,1033084
3123394,23,1349137,1349111,1033090
3123395,13,1349179,1349169,1033092
3123396,44,1349183,1349159,1033092
3123397,29,1349270,1349262,1033098
3123398,69,1349255,1349247,1033098
3123399,53,44267,1349435,1033136
3123400,70,1349444,1349441,1033136
3123401,73,1349456,1349450,1033136
3123402,76,1349448,1349447,1033136
3123403,2,1349604,1349579,1243421
3123404,12,44303,1349603,1243421
3123405,32,1349644,1349633,1033207
3123406,33,1349647,1349631,1033207
3123407,34,1349645,1349633,1033207
3123408,35,1349646,1349631,1033207
3123409,42,1349642,1349633,1033207
3123410,45,1349643,1349633,1033207
3123411,4,1349712,1349688,1033218
3123412,6,1349713,1349689,1033218
3123413,18,44365,1349710,1033218
3123414,21,44368,1349711,1033218
3123415,44,1349708,1349707,1033218
3123416,72,1349702,1349701,1033218
3123417,140,1349694,44415,1033218
3123418,24,1349792,1349783,1033236
3123419,25,1349794,1349793,1033236
3123420,28,1349795,1349783,1033236
3123421,29,1349797,1349796,1033236
3123422,9,1349862,1349861,1033253
3123423,10,1349879,1349878,1033256
3123424,35,44516,1349978,1033265
3123425,37,1349980,1349979,1033265
3123426,57,44519,1349974,1033265
3123427,59,1349976,1349975,1033265
3123428,79,44522,1349971,1033265
3123429,81,1349973,1349972,1033265
3123430,100,44527,1349968,1033265
3123431,102,1349970,1349969,1033265
3123432,121,44532,1349964,1033265
3123433,123,1349966,1349965,1033265
3123434,34,44559,1350130,1033282
3123435,36,1350132,1350131,1033282
3123436,80,44584,1350186,1033287
3123437,82,1350188,1350187,1033287
3123438,17,44598,1350250,1033310
3123439,24,1350256,1350255,1033310
3123440,17,44643,1350273,1033315
3123441,24,1350279,1350278,1033315
3123442,17,44715,1350421,1033324
3123443,24,1350427,1350426,1033324
3123444,34,1350470,1350469,1033352
3123445,61,44733,1350475,1033352
3123446,30,44761,1350566,1033367
3123447,32,1350568,1350567,1033367
3123448,34,1350569,1350565,1033367
3123449,48,44765,1350561,1033367
3123450,50,1350563,1350562,1033367
3123451,52,1350564,1350572,1033367
3123452,66,44769,1350558,1033367
3123453,68,1350560,1350559,1033367
3123454,70,44771,1350574,1033367
3123455,81,44779,1350555,1033367
3123456,83,1350557,1350556,1033367
3123457,85,44781,1350576,1033367
3123458,96,44787,1350552,1033367
3123459,98,1350554,1350553,1033367
3123460,100,44789,1350578,1033367
3123461,27,44816,1350622,1033378
3123462,29,1350624,1350623,1033378
3123463,31,44818,1350625,1033378
3123464,69,44843,1350676,1033385
3123465,71,1350678,1350677,1033385
3123466,75,44845,1350679,1033385
3123467,18,44865,1350720,1033401
3123468,25,1350726,1350725,1033401
3123469,18,44883,1350740,1033411
3123470,25,1350746,1350745,1033411
3123471,18,44895,1350758,1033417
3123472,25,1350764,1350763,1033417
3123473,27,1350795,1350794,1033423
3123474,52,44907,1350799,1033423
3123475,55,44909,1350800,1033423
3123476,21,1350891,1350890,1243465
3123477,35,1350889,1350887,1243465
3123478,9,1351064,1351061,1033470
3123479,14,1351067,1351061,1033470
3123480,10,1351096,1351093,1033478
3123481,14,1351101,1351098,1033478
3123482,15,1351176,1351155,1033486
3123483,19,1351178,1351165,1033486
3123484,40,1351159,1351155,1033486
3123485,45,1351163,1351155,1033486
3123486,49,1351169,1351165,1033486
3123487,15,1351361,1351341,1033515
3123488,19,1351363,1351349,1033515
3123489,39,1351344,1351341,1033515
3123490,44,1351347,1351341,1033515
3123491,48,1351352,1351349,1033515
3123492,53,1351355,1351349,1033515
3123493,22,45280,1351458,1033539
3123494,29,45285,1351456,1033539
3123495,9,1351666,1351665,1033582
3123496,9,1351685,1351684,1243486
3123497,9,45337,1351742,1243487
3123498,6,1351785,1351783,1033626
3123499,12,1351981,1351975,1033664
3123500,14,1351980,1351977,1033664
3123501,18,1351966,1351965,1033664
3123502,21,1351969,1351967,1033664
3123503,94,1351998,1351996,1033664
3123504,96,1352002,1352000,1033664
3123505,98,1352005,1352004,1033664
3123506,100,1352009,1352007,1033664
3123507,102,1352011,1352010,1033664
3123508,104,1352014,1352013,1033664
3123509,117,1352033,1352032,1033664
3123510,119,1352036,1352034,1033664
3123511,121,1352038,1352037,1033664
3123512,123,1352040,1352039,1033664
3123513,125,1352043,1352042,1033664
3123514,141,1351943,1351932,1033664
3123515,145,1351937,1351936,1033664
3123516,28,45498,716750,1033609
3123517,29,45499,716750,1033609
3123518,30,45527,716750,1033609
3123519,31,45500,716750,1033609
3123520,32,45501,716750,1033609
3123521,38,45484,1351898,1033609
3123522,146,1352102,716775,1033609
3123523,175,1352094,716775,1033609
3123524,185,1352101,1352167,1033609
3123525,8,45564,45572,1033683
3123526,306,1352015,45534,1033609
3123527,310,1352020,45534,1033609
3123528,401,1352006,1352178,1033609
3123529,402,1352003,45590,1033609
3123530,403,1352008,1352006,1033609
3123531,413,1351982,45590,1033609
3123532,415,1351985,45590,1033609
3123533,417,1351986,45590,1033609
3123534,419,1351990,45590,1033609
3123535,423,1351995,45590,1033609
3123536,427,1352001,45590,1033609
3123537,436,1351972,45590,1033609
3123538,438,1351978,45590,1033609
3123539,25,45644,1352339,1243531
3123540,27,45645,1352340,1243531
3123541,29,45646,1352341,1243531
3123542,31,45647,1352342,1243531
3123543,34,1352345,1352344,1243531
3123544,38,1352349,1352348,1243531
3123545,3,1352384,1352383,1033708
3123546,38,45787,45738,1033728
3123547,103,1352437,1352436,1033704
3123548,110,1352443,1352442,1033704
3123549,118,45794,1352439,1033704
3123550,4,1352495,45812,1033739
3123551,16,1352523,1352520,1243540
3123552,32,1352517,1352524,1243540
3123553,7,1352584,45872,1033762
3123554,14,45902,716931,1033760
3123555,145,45996,1352634,1033755
3123556,159,46002,1352643,1033755
3123557,173,46008,1352652,1033755
3123558,17,1353055,717103,1033867
3123559,19,1353058,717103,1033867
3123560,17,1353057,717121,1033869
3123561,10,1353091,1353088,1033881
3123562,38,1353515,1353511,1034045
3123563,41,1353517,1353511,1034045
3123564,8,1353578,1353546,1243599
3123565,68,1353512,1353511,1034045
3123566,70,1353513,1353511,1034045
3123567,22,46669,1353579,1243599
3123568,24,46670,1353580,1243599
3123569,79,46683,1353511,1034045
3123570,80,46685,1353511,1034045
3123571,81,46686,1353511,1034045
3123572,82,46687,1353511,1034045
3123573,35,46681,1353556,1243599
3123574,37,46684,1353557,1243599
3123575,49,1353549,1353548,1243599
3123576,55,1353552,1353551,1243599
3123577,72,1353564,1353563,1243599
3123578,75,1353576,1353575,1243599
3123579,79,46698,1353565,1243599
3123580,81,46699,1353566,1243599
3123581,92,46705,1353573,1243599
3123582,94,46706,1353574,1243599
3123583,107,1353569,1353568,1243599
3123584,16,1353677,1353674,1034059
3123585,23,1353682,1353678,1034059
3123586,2,46909,1354046,1243610
3123587,4,46900,1354047,1243610
3123588,6,46901,1354048,1243610
3123589,8,1354050,1354049,1243610
3123590,14,1354053,1354052,1243610
3123591,2,1354241,1354240,1243620
3123592,4,1354243,1354242,1243620
3123593,18,47182,1354248,1243620
3123594,20,47183,1354249,1243620
3123595,56,1354253,1354252,1243620
3123596,61,1354256,1354255,1243620
3123597,9,1354481,1354480,1034242
3123598,17,1354478,1354477,1034242
3123599,46,1354487,1354482,1034242
3123600,66,1354494,1354489,1034242
3123601,81,1354501,1354496,1034242
3123602,36,1354541,1354540,1034254
3123603,12,1354601,1354600,1243629
3123604,25,1354597,1354596,1243629
3123605,60,1354620,1354607,1243629
3123606,95,1354633,1354627,1243629
3123607,119,1354645,1354639,1243629
3123608,62,1354537,1354536,1034254
3123609,4,1354774,47544,1034295
3123610,40,47579,47569,1034303
3123611,79,47640,1354852,1243647
3123612,16,47650,1354894,1034323
3123613,105,47652,1354843,1243647
3123614,9,1354911,1354908,1243650
3123615,13,1354913,1354908,1243650
3123616,12,47660,1354923,1034331
3123617,16,1354926,1354923,1034331
3123618,3,1354954,1354953,1034335
3123619,3,1354963,1354962,1034340
3123620,11,1354969,1354966,1243651
3123621,14,47681,1354966,1243651
3123622,19,47686,1354966,1243651
3123623,22,47688,1354966,1243651
3123624,10,1355002,1355000,1243655
3123625,5,1355013,1355012,1034356
3123626,16,1355018,1355016,1034356
3123627,2,1355042,1355041,1034368
3123628,8,47755,1355053,1034377
3123629,24,47767,1355077,1034372
3123630,36,47770,1355077,1034372
3123631,16,1355116,1355114,1034388
3123632,14,47923,717893,1034451
3123633,8,1355351,1355346,1034463
3123634,11,1355354,1355352,1034463
3123635,14,47974,717922,1034469
3123636,14,1355375,1355374,1034472
3123637,4,48048,1355461,1034511
3123638,6,1355471,1355470,1034516
3123639,8,48059,1355471,1034516
3123640,20,1355488,717975,1034504
3123641,24,1355491,717975,1034504
3123642,31,1355492,717975,1034504
3123643,8,1355516,1355514,1034530
3123644,22,1355658,718040,1243696
3123645,31,1355662,1355661,1243696
3123646,14,1355866,718118,1243711
3123647,13,1356467,718330,1243747
3123648,46,1356387,1356385,1243740
3123649,14,1356545,1356539,1034875
3123650,11,49159,1356596,1243757
3123651,15,1356599,1356598,1243757
3123652,7,1356609,1356608,1034882
3123653,13,1356614,1356613,1034882
3123654,27,1356624,1356623,1034882
3123655,38,49203,1356621,1034882
3123656,7,1356633,1356632,1034884
3123657,13,1356638,1356637,1034884
3123658,27,1356646,1356645,1034884
3123659,35,49235,1356643,1034884
3123660,29,49251,1356660,1243759
3123661,33,1356663,1356662,1243759
3123662,6,1356681,1356680,1034888
3123663,12,1356711,1356710,1034894
3123664,6,1356838,1356837,1243769
3123665,10,1356840,1356839,1243769
3123666,14,1356990,1356993,1034958
3123667,16,1356988,1356990,1034958
3123668,5,1357215,1357214,1035027
3123669,23,49908,1357212,1035027
3123670,27,1357230,1357227,1035022
3123671,30,1357232,1357231,1035022
3123672,16,1357434,1357438,1035073
3123673,48,50202,718881,1035126
3123674,55,50209,718881,1035126
3123675,13,1357821,1357820,1243808
3123676,30,50280,1357818,1243808
3123677,152,1357868,50306,1035157
3123678,144,50348,50342,1035166
3123679,276,1357574,1357573,1243797
3123680,257,1358137,1358136,1243818
3123681,40,1358439,50612,1035239
3123682,56,1358455,1358450,1035239
3123683,32,1358546,50674,1035276
3123684,49,1358559,1358555,1035276
3123685,34,1358636,1358635,1243854
3123686,4,51206,1358992,1035424
3123687,4,1359018,1359017,1035427
3123688,4,1359023,1359022,1035429
3123689,4,1359028,1359027,1035431
3123690,7,1359048,719399,1035444
3123691,7,1359077,719401,1035450
3123692,30,1359080,1359066,1035450
3123693,47,1359082,1359069,1035450
3123694,7,1359105,719419,1035458
3123695,11,51681,1359379,1035501
3123696,205,1359492,1359541,1243894
3123697,253,1359611,1359542,1243894
3123698,265,1359517,1359516,1243894
3123699,329,1359634,1359542,1243894
3123700,358,1359477,1359476,1243894
3123701,367,51827,1359470,1243894
3123702,5,1359693,1359692,1035524
3123703,15,1359700,1359699,1035524
3123704,27,1359697,1359696,1035524
3123705,9,1359712,1359711,1035526
3123706,13,1359714,1359713,1035526
3123707,17,1359717,1359715,1035526
3123708,22,1359721,1359718,1035526
3123709,24,1359722,1359719,1035526
3123710,26,1359723,1359720,1035526
3123711,35,1359727,1359726,1035526
3123712,6,1359765,1359764,1035534
3123713,10,1359768,1359766,1035534
3123714,13,1359776,1359769,1035534
3123715,15,1359777,1359770,1035534
3123716,17,1359775,1359771,1035534
3123717,24,1359780,1359779,1035534
3123718,14,51890,1359785,1035540
3123719,7,1359805,1359804,1035542
3123720,9,51896,1359808,1035542
3123721,5,1359841,1359828,1035557
3123722,14,1359842,1359833,1035557
3123723,7,1359878,1359877,1035577
3123724,6,1359916,1359915,1035585
3123725,33,1359936,1359923,1035585
3123726,7,1359992,1359991,1035593
3123727,15,1359997,1359996,1035593
3123728,6,1360087,1360086,1035600
3123729,8,1360089,1360088,1035600
3123730,85,1360127,1360126,1035600
3123731,104,1360111,1360110,1035600
3123732,112,1360119,1360115,1035600
3123733,123,1360107,1360105,1035600
3123734,5,1360182,1360181,1035609
3123735,7,52125,1360184,1035609
3123736,11,1360229,1360203,1035609
3123737,21,1360207,1360206,1035609
3123738,35,1360231,1360209,1035609
3123739,50,1360225,1360224,1035609
3123740,58,1360221,1360220,1035609
3123741,68,1360212,1360211,1035609
3123742,70,1360215,1360214,1035609
3123743,118,1360235,1360234,1035609
3123744,218,1360186,1360185,1035609
3123745,222,1360189,1360188,1035609
3123746,25,1360612,1360495,1243915
3123747,29,1360500,1360496,1243915
3123748,31,1360506,1360497,1243915
3123749,68,1360632,1360470,1243915
3123750,72,1360490,1360472,1243915
3123751,74,52355,1360474,1243915
3123752,84,1360636,1360477,1243915
3123753,94,1360486,1360484,1243915
3123754,99,1360489,1360488,1243915
3123755,150,52414,1360406,1243915
3123756,211,1360437,1360393,1243915
3123757,217,1360438,1360393,1243915
3123758,308,1360410,1360393,1243915
3123759,338,1360530,1360393,1243915
3123760,366,1360453,1360452,1243915
3123761,371,1360457,1360456,1243915
3123762,422,52505,1360543,1243915
3123763,16,1360842,1360841,1243917
3123764,22,1360844,1360843,1243917
3123765,27,1360855,1360854,1243917
3123766,40,52644,1360867,1243917
3123767,43,52646,1360869,1243917
3123768,3,1360912,1360910,1035635
3123769,18,52694,1360922,1035639
3123770,23,1360927,1360925,1035639
3123771,8,52710,1360964,1035659
3123772,13,1360962,1360961,1035659
3123773,15,52736,1360973,1035661
3123774,20,1360977,1360976,1035661
3123775,12,1360987,1360986,1035665
3123776,10,1361019,1361015,1035673
3123777,12,52786,1361019,1035673
3123778,17,1361020,1361016,1035673
3123779,20,1361022,1361015,1035673
3123780,21,1361023,1361022,1035673
3123781,62,1361097,1361015,1035673
3123782,63,1361120,1361097,1035673
3123783,88,1361115,1361114,1035673
3123784,130,1361081,1361080,1035673
3123785,166,1361077,1361076,1035673
3123786,209,1361065,1361064,1035673
3123787,230,1361041,1361039,1035673
3123788,238,1361051,1361049,1035673
3123789,247,1361056,1361055,1035673
3123790,256,1361053,1361052,1035673
3123791,266,1361044,1361042,1035673
3123792,292,1361033,1361032,1035673
3123793,297,1361035,1361034,1035673
3123794,32,1361442,1361440,1035698
3123795,39,1361447,1361444,1035698
3123796,46,1361453,1361449,1035698
3123797,49,1361455,1361454,1035698
3123798,54,1361414,1361413,1035698
3123799,59,1361418,1361417,1035698
3123800,63,1361421,1361420,1035698
3123801,67,1361425,1361424,1035698
3123802,78,1361372,1361371,1035698
3123803,126,53023,1361407,1035698
3123804,135,1361410,1361406,1035698
3123805,144,1361518,1361400,1035698
3123806,161,1361405,1361404,1035698
3123807,203,1361535,1361468,1035698
3123808,218,1361471,1361470,1035698
3123809,220,53031,1361471,1035698
3123810,232,1361403,1361402,1035698
3123811,233,53034,1361403,1035698
3123812,274,53049,1361396,1035698
3123813,283,1361399,1361373,1035698
3123814,295,1361379,1361378,1035698
3123815,304,1361382,1361381,1035698
3123816,308,1361386,1361384,1035698
3123817,313,1361389,1361388,1035698
3123818,317,1361393,1361391,1035698
3123819,18,53091,1361691,1243942
3123820,45,53106,1361678,1243942
3123821,53,1361689,1361688,1243942
3123822,65,1361830,1361829,1035739
3123823,71,1361833,1361832,1035739
3123824,84,1361882,720236,1035739
3123825,86,1361883,720236,1035739
3123826,90,1361837,53198,1035739
3123827,91,1361836,53198,1035739
3123828,118,1361827,1361826,1035739
3123829,138,1361824,1361823,1035739
3123830,180,1361816,1361815,1035739
3123831,184,1361750,1361749,1035739
3123832,188,1361753,1361752,1035739
3123833,194,1361757,1361756,1035739
3123834,197,1361759,1361758,1035739
3123835,203,1361813,1361811,1035739
3123836,205,53239,1361812,1035739
3123837,207,1361814,720236,1035739
3123838,209,1361805,1361804,1035739
3123839,212,1361810,1361806,1035739
3123840,213,1361807,53198,1035739
3123841,259,53244,720236,1035739
3123842,261,1361934,720236,1035739
3123843,265,1361801,53198,1035739
3123844,266,1361800,53198,1035739
3123845,270,53243,720236,1035739
3123846,273,1361774,1361773,1035739
3123847,276,1361779,1361775,1035739
3123848,277,1361776,53198,1035739
3123849,282,1361784,1361780,1035739
3123850,284,1361782,1361781,1035739
3123851,288,1361786,1361785,1035739
3123852,296,1361791,1361790,1035739
3123853,300,1361794,1361793,1035739
3123854,303,1361796,1361795,1035739
3123855,324,1361771,1361769,1035739
3123856,326,53248,1361770,1035739
3123857,328,53250,720236,1035739
3123858,329,53251,720236,1035739
3123859,332,1361763,1361762,1035739
3123860,335,1361768,1361764,1035739
3123861,336,1361765,53198,1035739
3123862,24,1362145,1362144,1035746
3123863,46,1362136,1362132,1035746
3123864,48,1362135,1362134,1035746
3123865,175,53333,1362371,1035763
3123866,208,1362341,1362340,1035763
3123867,228,1362335,1362334,1035763
3123868,233,53349,1362336,1035763
3123869,242,1362410,1362333,1035763
3123870,270,1362329,1362328,1035763
3123871,338,1362310,1362309,1035763
3123872,341,1362434,1362311,1035763
3123873,349,1362436,1362313,1035763
3123874,360,53376,1362314,1035763
3123875,366,1362318,1362317,1035763
3123876,200,1362062,1362061,1035746
3123877,295,53440,1362104,1035746
3123878,299,53443,1362105,1035746
3123879,61,1362690,1362655,1035805
3123880,18,1362851,1362850,1243968
3123881,33,1362846,53602,1243968
3123882,13,1362872,1362871,1035812
3123883,14,1362874,1362873,1035812
3123884,15,1362887,1362886,1035816
3123885,16,1362889,1362888,1035816
3123886,10,1362897,1362896,1035818
3123887,13,1362910,1362909,1035818
3123888,17,1362899,1362898,1035818
3123889,21,1362902,1362901,1035818
3123890,27,1362906,1362905,1035818
3123891,284,1362781,1362780,1243962
3123892,286,1362783,1362782,1243962
3123893,31,53700,53704,1035822
3123894,304,1362734,1362733,1243962
3123895,37,53702,53704,1035822
3123896,310,53707,1362735,1243962
3123897,48,1362929,53704,1035822
3123898,20,1363036,53796,1035858
3123899,71,1362976,720506,1035845
3123900,72,1362977,53800,1035845
3123901,29,1363079,1363078,1243981
3123902,41,1363087,1363086,1243981
3123903,53,1363083,1363082,1243981
3123904,66,1363085,1363084,1243981
3123905,6,1363476,1363475,1035931
3123906,9,1363477,1363474,1035931
3123907,5,1364758,1364756,1035995
3123908,55,1364255,1364253,1035967
3123909,27,1365445,721019,1036267
3123910,48,1365519,1365518,1036271
3123911,144,1366028,55174,1244103
3123912,159,55228,55174,1244103
3123913,167,1366082,55174,1244103
3123914,174,55231,55174,1244103
3123915,26,55257,55275,1036418
3123916,27,55258,55280,1036418
3123917,28,55259,55275,1036418
3123918,29,55260,55280,1036418
3123919,14,55309,1366263,1036426
3123920,5,1366447,55429,1036480
3123921,10,1366450,55429,1036480
3123922,21,1366437,55429,1036480
3123923,26,1366441,55429,1036480
3123924,40,1366435,55429,1036480
3123925,16,1367423,55782,1036533
3123926,20,1367426,55782,1036533
3123927,24,1367428,55782,1036533
3123928,7,1368043,1368040,1036602
3123929,17,1368046,1368040,1036602
3123930,29,56006,1368040,1036602
3123931,33,1368047,1368040,1036602
3123932,43,1368049,1368040,1036602
3123933,53,1368050,1368040,1036602
3123934,58,1368054,1368040,1036602
3123935,47,1368222,56130,1036646
3123936,49,1368223,56130,1036646
3123937,51,1368224,56130,1036646
3123938,18,56192,1368237,1036652
3123939,35,56244,1368237,1036652
3123940,17,1368392,56289,1036696
3123941,17,56360,56356,1036771
3123942,27,56365,56356,1036771
3123943,31,56367,56356,1036771
3123944,31,1369186,1369185,1036937
3123945,21,1369740,1369733,1037111
3123946,24,57516,1369733,1037111
3123947,13,1369766,1369763,1037115
3123948,16,57557,1369763,1037115
3123949,35,57601,722188,1037122
3123950,29,1370013,722298,1037165
3123951,14,57881,1370052,1244255
3123952,8,1370078,722327,1037180
3123953,49,1370098,57911,1037176
3123954,64,1370096,57911,1037176
3123955,82,1370114,57911,1037176
3123956,96,1370092,57911,1037176
3123957,9,1370161,722333,1037186
3123958,12,1370173,1370172,1244257
3123959,8,1370212,722345,1037196
3123960,7,57973,1370269,1037213
3123961,18,1370256,722364,1037201
3123962,9,58012,1370325,1037236
3123963,16,1370333,58014,1037229
3123964,4,1370360,1370359,1037242
3123965,48,1370334,58014,1037229
3123966,51,1370336,58014,1037229
3123967,5,58050,1370367,1037244
3123968,60,1370335,58014,1037229
3123969,6,1370373,722418,1037248
3123970,9,58064,1370375,1037248
3123971,4,1370394,1370393,1037252
3123972,4,1370401,1370400,1037254
3123973,8,1370407,722441,1037256
3123974,8,1370419,722444,1037258
3123975,6,1370452,1370451,1037272
3123976,11,1370454,1370453,1037272
3123977,4,1370472,1370471,1037300
3123978,28,1370483,1370482,1037300
3123979,38,1370481,1370480,1037300
3123980,22,1370512,722487,1037308
3123981,25,1370514,722487,1037308
3123982,4,1370522,1370521,1037312
3123983,7,58178,722506,1244285
3123984,11,58176,1370552,1244285
3123985,25,58186,1370561,1244285
3123986,21,1370582,1370580,1037325
3123987,6,1370853,1370852,1037453
3123988,9,1370856,1370855,1037453
3123989,2,1370890,1370889,1037462
3123990,3,1370891,1370889,1037462
3123991,4,1370892,1370889,1037462
3123992,5,1370893,1370889,1037462
3123993,23,1370916,1370895,1037462
3123994,6,1370934,1370924,1037464
3123995,10,1370940,1370924,1037464
3123996,14,1370936,1370924,1037464
3123997,24,1370925,1370924,1037464
3123998,26,1370926,1370924,1037464
3123999,28,1370927,1370924,1037464
3124000,25,58690,722730,1037478
3124001,83,1370996,58771,1037426
3124002,85,1370997,58771,1037426
3124003,87,1370998,58771,1037426
3124004,96,1370992,58771,1037426
3124005,98,1370993,58771,1037426
3124006,100,1370994,58771,1037426
3124007,108,1370990,58771,1037426
3124008,131,1370987,58771,1037426
3124009,133,1370988,58771,1037426
3124010,145,58807,58771,1037426
3124011,148,58809,58771,1037426
3124012,149,58810,58771,1037426
3124013,152,58814,58771,1037426
3124014,153,58815,58771,1037426
3124015,154,58816,58771,1037426
3124016,157,58821,58771,1037426
3124017,158,58822,58771,1037426
3124018,159,58823,58771,1037426
3124019,160,58824,58771,1037426
3124020,163,58826,58771,1037426
3124021,164,58827,58771,1037426
3124022,165,58828,58771,1037426
3124023,166,58829,58771,1037426
3124024,167,58830,58771,1037426
3124025,170,58834,58771,1037426
3124026,171,58835,58771,1037426
3124027,172,58836,58771,1037426
3124028,173,58837,58771,1037426
3124029,174,58838,58771,1037426
3124030,175,58839,58771,1037426
3124031,194,58851,58771,1037426
3124032,197,58853,58771,1037426
3124033,198,58854,58771,1037426
3124034,201,58856,58771,1037426
3124035,202,58857,58771,1037426
3124036,203,58858,58771,1037426
3124037,206,58860,58771,1037426
3124038,207,58861,58771,1037426
3124039,208,58862,58771,1037426
3124040,209,58863,58771,1037426
3124041,212,58875,58771,1037426
3124042,213,58876,58771,1037426
3124043,214,58877,58771,1037426
3124044,215,58878,58771,1037426
3124045,216,58879,58771,1037426
3124046,219,58890,58771,1037426
3124047,220,58891,58771,1037426
3124048,221,58892,58771,1037426
3124049,222,58893,58771,1037426
3124050,223,58894,58771,1037426
3124051,224,58895,58771,1037426
3124052,6,59003,1371308,1037588
3124053,16,1371571,1371570,1037648
3124054,18,59537,723201,1244386
3124055,20,59579,723233,1037873
3124056,11,1372355,723320,1037940
3124057,15,59712,723320,1037940
3124058,10,59779,723352,1037969
3124059,6,1372466,1372464,1037999
3124060,93,1372478,1372475,1037999
3124061,95,1372477,1372476,1037999
3124062,120,1372488,1372484,1037999
3124063,123,1372487,1372486,1037999
3124064,139,1372483,1372482,1037999
3124065,8,1372566,1372565,1244423
3124066,246,60202,1372816,1244436
3124067,20,60255,723609,1038124
3124068,36,60286,723628,1038126
3124069,35,60309,723671,1038132
3124070,48,60320,723671,1038132
3124071,7,60361,1373081,1038146
3124072,40,60413,1373146,1244445
3124073,52,60425,1373138,1244445
3124074,7,60444,1373204,1244448
3124075,7,1375057,1375056,1038264
3124076,11,1375299,61705,1038352
3124077,16,61711,61705,1038352
3124078,11,1375305,61736,1038354
3124079,16,61741,61736,1038354
3124080,4,1375481,1375480,1038432
3124081,3,1375550,1375549,1244503
3124082,34,1375602,724160,1038482
3124083,70,1375628,1375627,1038480
3124084,74,1375631,1375630,1038480
3124085,79,1375636,1375634,1038480
3124086,91,1375640,1375639,1038480
3124087,8,1375729,724222,1244509
3124088,16,1375732,724222,1244509
3124089,17,1375854,1375851,1038528
3124090,9,63005,1375879,1038540
3124091,81,63215,724325,1244528
3124092,32,1376059,1376058,1038579
3124093,13,63333,1376086,1038594
3124094,23,1376093,1376091,1038594
3124095,3,1376136,1376135,1038609
3124096,6,1376151,1376150,1038614
3124097,25,1376216,1376215,1244543
3124098,17,1376258,1376257,1244544
3124099,15,1376659,1376657,1038719
3124100,18,1376667,1376661,1038719
3124101,15,1376740,1376739,1038728
3124102,18,1376745,1376742,1038728
3124103,291,1376688,724521,1038675
3124104,34,64653,64625,1038780
3124105,35,64654,64624,1038780
3124106,36,64655,64626,1038780
3124107,20,64691,1376925,1038796
3124108,21,64692,1376919,1038796
3124109,22,64693,1376926,1038796
3124110,20,64724,1376954,1038805
3124111,21,64725,1376944,1038805
3124112,22,64726,1376955,1038805
3124113,28,1376958,1376964,1038805
3124114,30,1376959,1376964,1038805
3124115,59,1376949,1376964,1038805
3124116,17,64769,1376993,1038833
3124117,10,64802,1377012,1038835
3124118,5,1377114,1377113,1038866
3124119,19,1378160,1378158,1244609
3124120,13,1378219,1378217,1039039
3124121,13,1378244,1378242,1039046
3124122,9,1378435,1378433,1039075
3124123,15,1378633,1378628,1039110
3124124,15,1378673,1378660,1039122
3124125,9,1378851,1378850,1244661
3124126,9,67809,1378902,1244668
3124127,9,1379121,1379120,1039304
3124128,19,68369,1379120,1039304
3124129,9,1379148,1379146,1039314
3124130,20,68402,1379146,1039314
3124131,2,1379286,1379283,1039359
3124132,36,1379305,725117,1039365
3124133,16,68746,1379409,1039382
3124134,19,1379416,1379409,1039382
3124135,22,1379420,1379409,1039382
3124136,52,1379403,1379394,1039382
3124137,55,1379405,1379394,1039382
3124138,76,68776,1379394,1039382
3124139,79,1379397,1379394,1039382
3124140,82,1379401,1379394,1039382
3124141,10,1379482,1379479,1039402
3124142,11,1379574,1379573,1244716
3124143,16,1379659,1379639,1039430
3124144,22,1379652,1379651,1039430
3124145,30,1379650,1379649,1039430
3124146,14,1379671,69054,1039433
3124147,15,1379670,1379668,1039433
3124148,17,69052,69054,1039433
3124149,28,1379669,69054,1039433
3124150,14,1379728,69149,1039447
3124151,15,1379727,1379726,1039447
3124152,17,69140,69149,1039447
3124153,25,69599,69604,1039469
3124154,9,69914,725342,1039490
3124155,8,1379941,1379940,1039501
3124156,23,1379937,1379936,1039501
3124157,3,1379953,1379949,1039506
3124158,3,1379961,1379957,1039509
3124159,32,70244,1379999,1039512
3124160,35,1380015,1380001,1039512
3124161,42,1380017,1379996,1039512
3124162,65,70286,1379994,1039512
3124163,57,1380049,70250,1039518
3124164,107,70326,1379985,1039512
3124165,131,70340,1379983,1039512
3124166,4,1380092,1380090,1039541
3124167,11,70470,725402,1039556
3124168,16,1380201,1380184,1039562
3124169,50,1380232,1380203,1039562
3124170,17,70589,725421,1039576
3124171,80,70582,1380184,1039562
3124172,109,70595,1380203,1039562
3124173,12,1380302,1380301,1039586
3124174,6,1380505,1380504,1039650
3124175,34,1380494,70906,1039650
3124176,36,1380493,1380492,1039650
3124177,38,1380495,70906,1039650
3124178,42,1380499,70906,1039650
3124179,43,1380497,70906,1039650
3124180,48,1380501,70906,1039650
3124181,49,1380500,70906,1039650
3124182,53,1380503,70906,1039650
3124183,69,1380488,70906,1039650
3124184,74,1380490,70906,1039650
3124185,104,1380485,70906,1039650
3124186,107,1380487,70906,1039650
3124187,131,1380476,1380475,1039650
3124188,149,1380483,1380482,1039650
3124189,18,1380746,1380745,1039718
3124190,23,1380748,1380747,1039718
3124191,27,1380759,1380750,1039718
3124192,35,1380762,1380744,1039718
3124193,102,1380733,1380732,1039718
3124194,119,71331,1380737,1039718
3124195,8,71511,1380919,1244807
3124196,8,1380971,725738,1244814
3124197,16,1380974,725738,1244814
3124198,24,72144,725819,1244834
3124199,6,1381260,1381258,1039876
3124200,90,1382362,1382360,1040126
3124201,126,1382348,1382347,1040126
3124202,129,1382409,1382349,1040126
3124203,1,1382528,1382526,1040159
3124204,2,1382527,1382526,1040159
3124205,5,1382530,1382526,1040159
3124206,8,1382532,1382526,1040159
3124207,11,1382534,1382526,1040159
3124208,6,1382794,1382792,1040224
3124209,6,1383105,1383100,1040268
3124210,12,1383109,1383100,1040268
3124211,18,1383115,1383100,1040268
3124212,24,1383119,1383100,1040268
3124213,30,1383125,1383100,1040268
3124214,36,1383129,1383100,1040268
3124215,42,1383135,1383100,1040268
3124216,48,1383139,1383100,1040268
3124217,54,1383145,1383100,1040268
3124218,60,1383149,1383100,1040268
3124219,66,1383155,1383100,1040268
3124220,72,1383159,1383100,1040268
3124221,78,1383165,1383100,1040268
3124222,84,1383169,1383100,1040268
3124223,90,1383175,1383100,1040268
3124224,96,1383179,1383100,1040268
3124225,101,1383184,1383100,1040268
3124226,107,1383188,1383100,1040268
3124227,2,1383193,1383192,1040272
3124228,4,1383196,1383192,1040272
3124229,9,1383198,1383192,1040272
3124230,13,1383200,1383192,1040272
3124231,17,1383202,1383192,1040272
3124232,21,1383204,1383192,1040272
3124233,25,1383206,1383192,1040272
3124234,29,1383208,1383192,1040272
3124235,33,1383210,1383192,1040272
3124236,37,1383212,1383192,1040272
3124237,40,1383214,1383192,1040272
3124238,29,75755,1383668,1244962
3124239,37,75975,75970,1040388
3124240,38,75976,75970,1040388
3124241,40,75978,75970,1040388
3124242,41,75979,75970,1040388
3124243,46,75986,75970,1040388
3124244,47,75987,75970,1040388
3124245,49,75989,75970,1040388
3124246,50,75990,75970,1040388
3124247,55,76000,75970,1040388
3124248,56,76001,75970,1040388
3124249,58,76003,75970,1040388
3124250,59,76004,75970,1040388
3124251,64,76011,75970,1040388
3124252,65,76012,75970,1040388
3124253,67,76014,75970,1040388
3124254,68,76015,75970,1040388
3124255,16,1384734,76219,1040401
3124256,20,1384736,76219,1040401
3124257,30,76238,76219,1040401
3124258,31,76240,76219,1040401
3124259,32,1384740,76219,1040401
3124260,33,1384739,76219,1040401
3124261,35,1384742,76219,1040401
3124262,36,1384741,76219,1040401
3124263,11,1384749,1384747,1040404
3124264,12,1384748,1384747,1040404
3124265,23,1384761,1384747,1040404
3124266,24,1384758,1384747,1040404
3124267,38,1384754,1384747,1040404
3124268,39,1384753,1384747,1040404
3124269,50,1384777,1384747,1040404
3124270,51,1384757,1384747,1040404
3124271,44,1384902,76475,1040464
3124272,48,1384903,76475,1040464
3124273,52,1384904,76475,1040464
3124274,57,1384906,76475,1040464
3124275,62,1384908,76475,1040464
3124276,67,1384910,76475,1040464
3124277,37,1385610,76857,1040663
3124278,40,1385611,76857,1040663
3124279,58,1385634,76857,1040663
3124280,75,1385635,76857,1040663
3124281,4,1385880,1385877,1040637
3124282,5,1385879,1385878,1040637
3124283,7,1385882,1385877,1040637
3124284,8,1385881,1385878,1040637
3124285,10,1385884,1385877,1040637
3124286,11,1385883,1385878,1040637
3124287,14,1385888,1385877,1040637
3124288,15,1385887,1385878,1040637
3124289,17,1385890,1385877,1040637
3124290,18,1385889,1385878,1040637
3124291,21,1385894,1385877,1040637
3124292,22,1385893,1385878,1040637
3124293,25,1385898,1385877,1040637
3124294,26,1385897,1385878,1040637
3124295,28,1385900,1385877,1040637
3124296,29,1385899,1385878,1040637
3124297,32,1385904,1385877,1040637
3124298,33,1385903,1385878,1040637
3124299,36,1385908,1385877,1040637
3124300,37,1385907,1385878,1040637
3124301,40,1385912,1385877,1040637
3124302,41,1385911,1385878,1040637
3124303,43,1385914,1385877,1040637
3124304,44,1385913,1385878,1040637
3124305,47,1385918,1385877,1040637
3124306,48,1385917,1385878,1040637
3124307,51,1385922,1385877,1040637
3124308,52,1385921,1385878,1040637
3124309,55,1385926,1385877,1040637
3124310,56,1385925,1385878,1040637
3124311,59,1385930,1385877,1040637
3124312,60,1385929,1385878,1040637
3124313,62,1385932,1385877,1040637
3124314,63,1385931,1385878,1040637
3124315,66,1385936,1385877,1040637
3124316,67,1385935,1385878,1040637
3124317,70,1385940,1385877,1040637
3124318,71,1385939,1385878,1040637
3124319,74,1385944,1385877,1040637
3124320,75,1385943,1385878,1040637
3124321,78,1385948,1385877,1040637
3124322,79,1385947,1385878,1040637
3124323,82,1385952,1385877,1040637
3124324,83,1385951,1385878,1040637
3124325,85,1385954,1385877,1040637
3124326,86,1385953,1385878,1040637
3124327,89,1385958,1385877,1040637
3124328,90,1385957,1385878,1040637
3124329,93,1385962,1385877,1040637
3124330,94,1385961,1385878,1040637
3124331,97,1385966,1385877,1040637
3124332,98,1385965,1385878,1040637
3124333,101,1385970,1385877,1040637
3124334,102,1385969,1385878,1040637
3124335,105,1385974,1385877,1040637
3124336,106,1385973,1385878,1040637
3124337,109,1385978,1385877,1040637
3124338,110,1385977,1385878,1040637
3124339,112,1385980,1385877,1040637
3124340,113,1385979,1385878,1040637
3124341,116,1385984,1385877,1040637
3124342,117,1385983,1385878,1040637
3124343,120,1385988,1385877,1040637
3124344,121,1385987,1385878,1040637
3124345,124,1385992,1385877,1040637
3124346,125,1385991,1385878,1040637
3124347,128,1385996,1385877,1040637
3124348,129,1385995,1385878,1040637
3124349,132,1386000,1385877,1040637
3124350,133,1385999,1385878,1040637
3124351,136,1386004,1385877,1040637
3124352,137,1386003,1385878,1040637
3124353,140,1386008,1385877,1040637
3124354,141,1386007,1385878,1040637
3124355,143,1386010,1385877,1040637
3124356,144,1386009,1385878,1040637
3124357,147,1386014,1385877,1040637
3124358,148,1386013,1385878,1040637
3124359,151,1386018,1385877,1040637
3124360,152,1386017,1385878,1040637
3124361,155,1386022,1385877,1040637
3124362,156,1386021,1385878,1040637
3124363,159,1386026,1385877,1040637
3124364,160,1386025,1385878,1040637
3124365,163,1386030,1385877,1040637
3124366,164,1386029,1385878,1040637
3124367,167,1386034,1385877,1040637
3124368,168,1386033,1385878,1040637
3124369,171,1386038,1385877,1040637
3124370,172,1386037,1385878,1040637
3124371,175,1386042,1385877,1040637
3124372,176,1386041,1385878,1040637
3124373,178,1386044,1385877,1040637
3124374,179,1386043,1385878,1040637
3124375,182,1386048,1385877,1040637
3124376,183,1386047,1385878,1040637
3124377,186,1386052,1385877,1040637
3124378,187,1386051,1385878,1040637
3124379,190,1386056,1385877,1040637
3124380,191,1386055,1385878,1040637
3124381,194,1386060,1385877,1040637
3124382,195,1386059,1385878,1040637
3124383,198,1386064,1385877,1040637
3124384,199,1386063,1385878,1040637
3124385,202,1386068,1385877,1040637
3124386,203,1386067,1385878,1040637
3124387,206,1386072,1385877,1040637
3124388,207,1386071,1385878,1040637
3124389,210,1386076,1385877,1040637
3124390,211,1386075,1385878,1040637
3124391,214,1386080,1385877,1040637
3124392,215,1386079,1385878,1040637
3124393,217,1386082,1385877,1040637
3124394,218,1386081,1385878,1040637
3124395,221,1386086,1385877,1040637
3124396,222,1386085,1385878,1040637
3124397,225,1386090,1385877,1040637
3124398,226,1386089,1385878,1040637
3124399,229,1386094,1385877,1040637
3124400,230,1386093,1385878,1040637
3124401,233,1386098,1385877,1040637
3124402,234,1386097,1385878,1040637
3124403,237,1386102,1385877,1040637
3124404,238,1386101,1385878,1040637
3124405,241,1386106,1385877,1040637
3124406,242,1386105,1385878,1040637
3124407,245,1386110,1385877,1040637
3124408,246,1386109,1385878,1040637
3124409,249,1386114,1385877,1040637
3124410,250,1386113,1385878,1040637
3124411,253,1386118,1385877,1040637
3124412,254,1386117,1385878,1040637
3124413,257,1386122,1385877,1040637
3124414,258,1386121,1385878,1040637
3124415,260,1386124,1385877,1040637
3124416,261,1386123,1385878,1040637
3124417,264,1386128,1385877,1040637
3124418,265,1386127,1385878,1040637
3124419,268,1386132,1385877,1040637
3124420,269,1386131,1385878,1040637
3124421,272,1386136,1385877,1040637
3124422,273,1386135,1385878,1040637
3124423,276,1386140,1385877,1040637
3124424,277,1386139,1385878,1040637
3124425,280,1386144,1385877,1040637
3124426,281,1386143,1385878,1040637
3124427,284,1386148,1385877,1040637
3124428,285,1386147,1385878,1040637
3124429,288,1386152,1385877,1040637
3124430,289,1386151,1385878,1040637
3124431,292,1386156,1385877,1040637
3124432,293,1386155,1385878,1040637
3124433,296,1386160,1385877,1040637
3124434,297,1386159,1385878,1040637
3124435,300,1386164,1385877,1040637
3124436,301,1386163,1385878,1040637
3124437,304,1386168,1385877,1040637
3124438,305,1386167,1385878,1040637
3124439,307,1386170,1385877,1040637
3124440,308,1386169,1385878,1040637
3124441,311,1386174,1385877,1040637
3124442,312,1386173,1385878,1040637
3124443,315,1386178,1385877,1040637
3124444,316,1386177,1385878,1040637
3124445,319,1386182,1385877,1040637
3124446,320,1386181,1385878,1040637
3124447,323,1386186,1385877,1040637
3124448,324,1386185,1385878,1040637
3124449,327,1386190,1385877,1040637
3124450,328,1386189,1385878,1040637
3124451,331,1386194,1385877,1040637
3124452,332,1386193,1385878,1040637
3124453,335,1386198,1385877,1040637
3124454,336,1386197,1385878,1040637
3124455,339,1386202,1385877,1040637
3124456,340,1386201,1385878,1040637
3124457,343,1386206,1385877,1040637
3124458,344,1386205,1385878,1040637
3124459,347,1386210,1385877,1040637
3124460,348,1386209,1385878,1040637
3124461,351,1386214,1385877,1040637
3124462,352,1386213,1385878,1040637
3124463,355,1386218,1385877,1040637
3124464,356,1386217,1385878,1040637
3124465,358,1386220,1385877,1040637
3124466,359,1386219,1385878,1040637
3124467,362,1386224,1385877,1040637
3124468,363,1386223,1385878,1040637
3124469,366,1386228,1385877,1040637
3124470,367,1386227,1385878,1040637
3124471,370,1386232,1385877,1040637
3124472,371,1386231,1385878,1040637
3124473,374,1386236,1385877,1040637
3124474,375,1386235,1385878,1040637
3124475,378,1386240,1385877,1040637
3124476,379,1386239,1385878,1040637
3124477,382,1386244,1385877,1040637
3124478,383,1386243,1385878,1040637
3124479,386,1386248,1385877,1040637
3124480,387,1386247,1385878,1040637
3124481,390,1386252,1385877,1040637
3124482,391,1386251,1385878,1040637
3124483,394,1386256,1385877,1040637
3124484,395,1386255,1385878,1040637
3124485,398,1386260,1385877,1040637
3124486,399,1386259,1385878,1040637
3124487,402,1386264,1385877,1040637
3124488,403,1386263,1385878,1040637
3124489,406,1386268,1385877,1040637
3124490,407,1386267,1385878,1040637
3124491,410,1386272,1385877,1040637
3124492,411,1386271,1385878,1040637
3124493,413,1386274,1385877,1040637
3124494,414,1386273,1385878,1040637
3124495,417,1386278,1385877,1040637
3124496,418,1386277,1385878,1040637
3124497,421,1386282,1385877,1040637
3124498,422,1386281,1385878,1040637
3124499,425,1386286,1385877,1040637
3124500,426,1386285,1385878,1040637
3124501,429,1386290,1385877,1040637
3124502,430,1386289,1385878,1040637
3124503,433,1386294,1385877,1040637
3124504,434,1386293,1385878,1040637
3124505,437,1386298,1385877,1040637
3124506,438,1386297,1385878,1040637
3124507,441,1386302,1385877,1040637
3124508,442,1386301,1385878,1040637
3124509,445,1386306,1385877,1040637
3124510,446,1386305,1385878,1040637
3124511,449,1386310,1385877,1040637
3124512,450,1386309,1385878,1040637
3124513,453,1386314,1385877,1040637
3124514,454,1386313,1385878,1040637
3124515,457,1386318,1385877,1040637
3124516,458,1386317,1385878,1040637
3124517,461,1386322,1385877,1040637
3124518,462,1386321,1385878,1040637
3124519,465,1386326,1385877,1040637
3124520,466,1386325,1385878,1040637
3124521,469,1386330,1385877,1040637
3124522,470,1386329,1385878,1040637
3124523,472,1386332,1385877,1040637
3124524,473,1386331,1385878,1040637
3124525,476,1386336,1385877,1040637
3124526,477,1386335,1385878,1040637
3124527,480,1386340,1385877,1040637
3124528,481,1386339,1385878,1040637
3124529,484,1386344,1385877,1040637
3124530,485,1386343,1385878,1040637
3124531,488,1386348,1385877,1040637
3124532,489,1386347,1385878,1040637
3124533,492,1386352,1385877,1040637
3124534,493,1386351,1385878,1040637
3124535,496,1386356,1385877,1040637
3124536,497,1386355,1385878,1040637
3124537,500,1386360,1385877,1040637
3124538,501,1386359,1385878,1040637
3124539,504,1386364,1385877,1040637
3124540,505,1386363,1385878,1040637
3124541,508,1386368,1385877,1040637
3124542,509,1386367,1385878,1040637
3124543,512,1386372,1385877,1040637
3124544,513,1386371,1385878,1040637
3124545,516,1386376,1385877,1040637
3124546,517,1386375,1385878,1040637
3124547,520,1386380,1385877,1040637
3124548,521,1386379,1385878,1040637
3124549,524,1386384,1385877,1040637
3124550,525,1386383,1385878,1040637
3124551,528,1386388,1385877,1040637
3124552,529,1386387,1385878,1040637
3124553,532,1386392,1385877,1040637
3124554,533,1386391,1385878,1040637
3124555,535,1386394,1385877,1040637
3124556,536,1386393,1385878,1040637
3124557,539,1386398,1385877,1040637
3124558,540,1386397,1385878,1040637
3124559,543,1386402,1385877,1040637
3124560,544,1386401,1385878,1040637
3124561,547,1386406,1385877,1040637
3124562,548,1386405,1385878,1040637
3124563,551,1386410,1385877,1040637
3124564,552,1386409,1385878,1040637
3124565,555,1386414,1385877,1040637
3124566,556,1386413,1385878,1040637
3124567,559,1386418,1385877,1040637
3124568,560,1386417,1385878,1040637
3124569,563,1386422,1385877,1040637
3124570,564,1386421,1385878,1040637
3124571,567,1386426,1385877,1040637
3124572,568,1386425,1385878,1040637
3124573,571,1386430,1385877,1040637
3124574,572,1386429,1385878,1040637
3124575,575,1386434,1385877,1040637
3124576,576,1386433,1385878,1040637
3124577,579,1386438,1385877,1040637
3124578,580,1386437,1385878,1040637
3124579,583,1386442,1385877,1040637
3124580,584,1386441,1385878,1040637
3124581,587,1386446,1385877,1040637
3124582,588,1386445,1385878,1040637
3124583,591,1386450,1385877,1040637
3124584,592,1386449,1385878,1040637
3124585,594,1386452,1385877,1040637
3124586,595,1386451,1385878,1040637
3124587,598,1386456,1385877,1040637
3124588,599,1386455,1385878,1040637
3124589,602,1386461,1385877,1040637
3124590,603,1386459,1385878,1040637
3124591,606,1386465,1385877,1040637
3124592,607,1386464,1385878,1040637
3124593,610,1386469,1385877,1040637
3124594,611,1386468,1385878,1040637
3124595,614,1386473,1385877,1040637
3124596,615,1386472,1385878,1040637
3124597,618,1386477,1385877,1040637
3124598,619,1386476,1385878,1040637
3124599,622,1386481,1385877,1040637
3124600,623,1386480,1385878,1040637
3124601,626,1386485,1385877,1040637
3124602,627,1386484,1385878,1040637
3124603,630,1386489,1385877,1040637
3124604,631,1386488,1385878,1040637
3124605,634,1386493,1385877,1040637
3124606,635,1386492,1385878,1040637
3124607,638,1386497,1385877,1040637
3124608,639,1386496,1385878,1040637
3124609,642,1386501,1385877,1040637
3124610,643,1386500,1385878,1040637
3124611,646,1386505,1385877,1040637
3124612,647,1386504,1385878,1040637
3124613,649,1386507,1385877,1040637
3124614,650,1386506,1385878,1040637
3124615,653,1386511,1385877,1040637
3124616,654,1386510,1385878,1040637
3124617,657,1386515,1385877,1040637
3124618,658,1386514,1385878,1040637
3124619,661,1386519,1385877,1040637
3124620,662,1386518,1385878,1040637
3124621,665,1386523,1385877,1040637
3124622,666,1386522,1385878,1040637
3124623,669,1386527,1385877,1040637
3124624,670,1386526,1385878,1040637
3124625,673,1386531,1385877,1040637
3124626,674,1386530,1385878,1040637
3124627,677,1386535,1385877,1040637
3124628,678,1386534,1385878,1040637
3124629,681,1386539,1385877,1040637
3124630,682,1386538,1385878,1040637
3124631,685,1386543,1385877,1040637
3124632,686,1386542,1385878,1040637
3124633,689,1386547,1385877,1040637
3124634,690,1386546,1385878,1040637
3124635,693,1386551,1385877,1040637
3124636,694,1386550,1385878,1040637
3124637,697,1386555,1385877,1040637
3124638,698,1386554,1385878,1040637
3124639,700,1386557,1385877,1040637
3124640,701,1386556,1385878,1040637
3124641,704,1386561,1385877,1040637
3124642,705,1386560,1385878,1040637
3124643,708,1386565,1385877,1040637
3124644,709,1386564,1385878,1040637
3124645,712,1386569,1385877,1040637
3124646,713,1386568,1385878,1040637
3124647,716,1386573,1385877,1040637
3124648,717,1386572,1385878,1040637
3124649,720,1386577,1385877,1040637
3124650,721,1386576,1385878,1040637
3124651,724,1386581,1385877,1040637
3124652,725,1386580,1385878,1040637
3124653,728,1386585,1385877,1040637
3124654,729,1386584,1385878,1040637
3124655,732,1386589,1385877,1040637
3124656,733,1386588,1385878,1040637
3124657,736,1386593,1385877,1040637
3124658,737,1386592,1385878,1040637
3124659,740,1386597,1385877,1040637
3124660,741,1386596,1385878,1040637
3124661,744,1386601,1385877,1040637
3124662,745,1386600,1385878,1040637
3124663,747,1386603,1385877,1040637
3124664,748,1386602,1385878,1040637
3124665,751,1386607,1385877,1040637
3124666,752,1386606,1385878,1040637
3124667,755,1386611,1385877,1040637
3124668,756,1386610,1385878,1040637
3124669,759,1386615,1385877,1040637
3124670,760,1386614,1385878,1040637
3124671,763,1386619,1385877,1040637
3124672,764,1386618,1385878,1040637
3124673,767,1386623,1385877,1040637
3124674,768,1386622,1385878,1040637
3124675,771,1386627,1385877,1040637
3124676,772,1386626,1385878,1040637
3124677,775,1386631,1385877,1040637
3124678,776,1386630,1385878,1040637
3124679,779,1386635,1385877,1040637
3124680,780,1386634,1385878,1040637
3124681,783,1386639,1385877,1040637
3124682,784,1386638,1385878,1040637
3124683,787,1386643,1385877,1040637
3124684,788,1386642,1385878,1040637
3124685,790,1386645,1385877,1040637
3124686,791,1386644,1385878,1040637
3124687,794,1386649,1385877,1040637
3124688,795,1386648,1385878,1040637
3124689,798,1386653,1385877,1040637
3124690,799,1386652,1385878,1040637
3124691,802,1386657,1385877,1040637
3124692,803,1386656,1385878,1040637
3124693,806,1386661,1385877,1040637
3124694,807,1386660,1385878,1040637
3124695,810,1386665,1385877,1040637
3124696,811,1386664,1385878,1040637
3124697,814,1386669,1385877,1040637
3124698,815,1386668,1385878,1040637
3124699,818,1386673,1385877,1040637
3124700,819,1386672,1385878,1040637
3124701,822,1386677,1385877,1040637
3124702,823,1386676,1385878,1040637
3124703,826,1386681,1385877,1040637
3124704,827,1386680,1385878,1040637
3124705,829,1386683,1385877,1040637
3124706,830,1386682,1385878,1040637
3124707,833,1386687,1385877,1040637
3124708,834,1386686,1385878,1040637
3124709,837,1386691,1385877,1040637
3124710,838,1386690,1385878,1040637
3124711,841,1386695,1385877,1040637
3124712,842,1386694,1385878,1040637
3124713,845,1386699,1385877,1040637
3124714,846,1386698,1385878,1040637
3124715,849,1386703,1385877,1040637
3124716,850,1386702,1385878,1040637
3124717,853,1386707,1385877,1040637
3124718,854,1386706,1385878,1040637
3124719,857,1386711,1385877,1040637
3124720,858,1386710,1385878,1040637
3124721,861,1386715,1385877,1040637
3124722,862,1386714,1385878,1040637
3124723,864,1386717,1385877,1040637
3124724,865,1386716,1385878,1040637
3124725,868,1386721,1385877,1040637
3124726,869,1386720,1385878,1040637
3124727,872,1386725,1385877,1040637
3124728,873,1386724,1385878,1040637
3124729,876,1386729,1385877,1040637
3124730,877,1386728,1385878,1040637
3124731,880,1386733,1385877,1040637
3124732,881,1386732,1385878,1040637
3124733,884,1386737,1385877,1040637
3124734,885,1386736,1385878,1040637
3124735,888,1386741,1385877,1040637
3124736,889,1386740,1385878,1040637
3124737,892,1386745,1385877,1040637
3124738,893,1386744,1385878,1040637
3124739,895,1386747,1385877,1040637
3124740,896,1386746,1385878,1040637
3124741,899,1386751,1385877,1040637
3124742,900,1386750,1385878,1040637
3124743,903,1386755,1385877,1040637
3124744,904,1386754,1385878,1040637
3124745,907,1386759,1385877,1040637
3124746,908,1386758,1385878,1040637
3124747,911,1386763,1385877,1040637
3124748,912,1386762,1385878,1040637
3124749,915,1386767,1385877,1040637
3124750,916,1386766,1385878,1040637
3124751,919,1386771,1385877,1040637
3124752,920,1386770,1385878,1040637
3124753,922,1386773,1385877,1040637
3124754,923,1386772,1385878,1040637
3124755,926,1386777,1385877,1040637
3124756,927,1386776,1385878,1040637
3124757,930,1386781,1385877,1040637
3124758,931,1386780,1385878,1040637
3124759,934,1386785,1385877,1040637
3124760,935,1386784,1385878,1040637
3124761,938,1386789,1385877,1040637
3124762,939,1386788,1385878,1040637
3124763,942,1386793,1385877,1040637
3124764,943,1386792,1385878,1040637
3124765,945,1386795,1385877,1040637
3124766,946,1386794,1385878,1040637
3124767,949,1386799,1385877,1040637
3124768,950,1386798,1385878,1040637
3124769,953,1386803,1385877,1040637
3124770,954,1386802,1385878,1040637
3124771,957,1386807,1385877,1040637
3124772,958,1386806,1385878,1040637
3124773,961,1386811,1385877,1040637
3124774,962,1386810,1385878,1040637
3124775,964,1386813,1385877,1040637
3124776,965,1386812,1385878,1040637
3124777,968,1386817,1385877,1040637
3124778,969,1386816,1385878,1040637
3124779,972,1386821,1385877,1040637
3124780,973,1386820,1385878,1040637
3124781,976,1386825,1385877,1040637
3124782,977,1386824,1385878,1040637
3124783,979,1386827,1385877,1040637
3124784,980,1386826,1385878,1040637
3124785,983,1386831,1385877,1040637
3124786,984,1386830,1385878,1040637
3124787,987,1386835,1385877,1040637
3124788,988,1386834,1385878,1040637
3124789,990,1386837,1385877,1040637
3124790,991,1386836,1385878,1040637
3124791,994,1386841,1385877,1040637
3124792,995,1386840,1385878,1040637
3124793,2,77032,77031,1040759
3124794,3,77033,77031,1040759
3124795,4,77034,77031,1040759
3124796,5,77035,77031,1040759
3124797,6,77036,77031,1040759
3124798,7,77037,77031,1040759
3124799,8,77038,77031,1040759
3124800,9,77039,77031,1040759
3124801,10,77040,77031,1040759
3124802,11,77041,77031,1040759
3124803,12,77042,77031,1040759
3124804,13,77043,77031,1040759
3124805,14,77044,77031,1040759
3124806,15,77045,77031,1040759
3124807,16,77046,77031,1040759
3124808,17,77047,77031,1040759
3124809,5,1386918,1386914,1040767
3124810,9,1386921,1386914,1040767
3124811,2,1386928,1386927,1040775
3124812,4,1386931,1386927,1040775
3124813,8,1386933,1386927,1040775
3124814,11,1386935,1386927,1040775
3124815,11,1387536,1387532,1040872
3124816,3,1387015,1387013,1040764
3124817,4,1387014,1387013,1040764
3124818,6,1387017,1387013,1040764
3124819,7,1387016,1387013,1040764
3124820,10,1387020,1387013,1040764
3124821,11,1387019,1387013,1040764
3124822,14,1387023,1387013,1040764
3124823,15,1387022,1387013,1040764
3124824,18,1387027,1387013,1040764
3124825,19,1387026,1387013,1040764
3124826,21,1387029,1387013,1040764
3124827,22,1387028,1387013,1040764
3124828,26,1387034,1387013,1040764
3124829,27,1387033,1387013,1040764
3124830,29,1387036,1387013,1040764
3124831,30,1387035,1387013,1040764
3124832,34,1387041,1387013,1040764
3124833,35,1387040,1387013,1040764
3124834,38,1387045,1387013,1040764
3124835,39,1387044,1387013,1040764
3124836,41,1387047,1387013,1040764
3124837,42,1387046,1387013,1040764
3124838,45,1387051,1387013,1040764
3124839,46,1387050,1387013,1040764
3124840,50,1387056,1387013,1040764
3124841,51,1387055,1387013,1040764
3124842,53,1387058,1387013,1040764
3124843,54,1387057,1387013,1040764
3124844,57,1387062,1387013,1040764
3124845,58,1387061,1387013,1040764
3124846,62,1387067,1387013,1040764
3124847,63,1387066,1387013,1040764
3124848,66,1387071,1387013,1040764
3124849,67,1387070,1387013,1040764
3124850,69,1387073,1387013,1040764
3124851,70,1387072,1387013,1040764
3124852,73,1387077,1387013,1040764
3124853,74,1387076,1387013,1040764
3124854,77,1387081,1387013,1040764
3124855,78,1387080,1387013,1040764
3124856,82,1387086,1387013,1040764
3124857,83,1387085,1387013,1040764
3124858,85,1387088,1387013,1040764
3124859,86,1387087,1387013,1040764
3124860,89,1387092,1387013,1040764
3124861,90,1387091,1387013,1040764
3124862,93,1387096,1387013,1040764
3124863,94,1387095,1387013,1040764
3124864,98,1387101,1387013,1040764
3124865,99,1387100,1387013,1040764
3124866,102,1387105,1387013,1040764
3124867,103,1387104,1387013,1040764
3124868,105,1387107,1387013,1040764
3124869,106,1387106,1387013,1040764
3124870,109,1387111,1387013,1040764
3124871,110,1387110,1387013,1040764
3124872,113,1387115,1387013,1040764
3124873,114,1387114,1387013,1040764
3124874,117,1387119,1387013,1040764
3124875,118,1387118,1387013,1040764
3124876,122,1387124,1387013,1040764
3124877,123,1387123,1387013,1040764
3124878,125,1387126,1387013,1040764
3124879,126,1387125,1387013,1040764
3124880,129,1387130,1387013,1040764
3124881,130,1387129,1387013,1040764
3124882,133,1387134,1387013,1040764
3124883,134,1387133,1387013,1040764
3124884,137,1387138,1387013,1040764
3124885,138,1387137,1387013,1040764
3124886,142,1387143,1387013,1040764
3124887,143,1387142,1387013,1040764
3124888,146,1387147,1387013,1040764
3124889,147,1387146,1387013,1040764
3124890,149,1387149,1387013,1040764
3124891,150,1387148,1387013,1040764
3124892,153,1387153,1387013,1040764
3124893,154,1387152,1387013,1040764
3124894,157,1387157,1387013,1040764
3124895,158,1387156,1387013,1040764
3124896,161,1387161,1387013,1040764
3124897,162,1387160,1387013,1040764
3124898,165,1387165,1387013,1040764
3124899,166,1387164,1387013,1040764
3124900,170,1387170,1387013,1040764
3124901,171,1387169,1387013,1040764
3124902,173,1387172,1387013,1040764
3124903,174,1387171,1387013,1040764
3124904,177,1387176,1387013,1040764
3124905,178,1387175,1387013,1040764
3124906,181,1387180,1387013,1040764
3124907,182,1387179,1387013,1040764
3124908,185,1387184,1387013,1040764
3124909,186,1387183,1387013,1040764
3124910,189,1387188,1387013,1040764
3124911,190,1387187,1387013,1040764
3124912,194,1387193,1387013,1040764
3124913,195,1387192,1387013,1040764
3124914,198,1387197,1387013,1040764
3124915,199,1387196,1387013,1040764
3124916,201,1387199,1387013,1040764
3124917,202,1387198,1387013,1040764
3124918,205,1387203,1387013,1040764
3124919,206,1387202,1387013,1040764
3124920,209,1387207,1387013,1040764
3124921,210,1387206,1387013,1040764
3124922,213,1387211,1387013,1040764
3124923,214,1387210,1387013,1040764
3124924,217,1387215,1387013,1040764
3124925,218,1387214,1387013,1040764
3124926,221,1387219,1387013,1040764
3124927,222,1387218,1387013,1040764
3124928,226,1387224,1387013,1040764
3124929,227,1387223,1387013,1040764
3124930,229,1387226,1387013,1040764
3124931,230,1387225,1387013,1040764
3124932,233,1387230,1387013,1040764
3124933,234,1387229,1387013,1040764
3124934,237,1387234,1387013,1040764
3124935,238,1387233,1387013,1040764
3124936,241,1387238,1387013,1040764
3124937,242,1387237,1387013,1040764
3124938,245,1387242,1387013,1040764
3124939,246,1387241,1387013,1040764
3124940,249,1387246,1387013,1040764
3124941,250,1387245,1387013,1040764
3124942,254,1387251,1387013,1040764
3124943,255,1387250,1387013,1040764
3124944,258,1387255,1387013,1040764
3124945,259,1387254,1387013,1040764
3124946,261,1387257,1387013,1040764
3124947,262,1387256,1387013,1040764
3124948,265,1387261,1387013,1040764
3124949,266,1387260,1387013,1040764
3124950,269,1387265,1387013,1040764
3124951,270,1387264,1387013,1040764
3124952,273,1387270,1387013,1040764
3124953,274,1387268,1387013,1040764
3124954,277,1387276,1387013,1040764
3124955,278,1387274,1387013,1040764
3124956,281,1387286,1387013,1040764
3124957,282,1387285,1387013,1040764
3124958,285,1387291,1387013,1040764
3124959,286,1387290,1387013,1040764
3124960,290,1387298,1387013,1040764
3124961,291,1387296,1387013,1040764
3124962,293,1387300,1387013,1040764
3124963,294,1387299,1387013,1040764
3124964,297,1387306,1387013,1040764
3124965,298,1387305,1387013,1040764
3124966,301,1387312,1387013,1040764
3124967,302,1387310,1387013,1040764
3124968,305,1387320,1387013,1040764
3124969,306,1387319,1387013,1040764
3124970,309,1387329,1387013,1040764
3124971,310,1387327,1387013,1040764
3124972,313,1387335,1387013,1040764
3124973,314,1387333,1387013,1040764
3124974,318,1387342,1387013,1040764
3124975,319,1387341,1387013,1040764
3124976,322,1387347,1387013,1040764
3124977,323,1387345,1387013,1040764
3124978,325,1387350,1387013,1040764
3124979,326,1387349,1387013,1040764
3124980,329,1387356,1387013,1040764
3124981,330,1387355,1387013,1040764
3124982,333,1387362,1387013,1040764
3124983,334,1387361,1387013,1040764
3124984,337,1387368,1387013,1040764
3124985,338,1387367,1387013,1040764
3124986,341,1387379,1387013,1040764
3124987,342,1387377,1387013,1040764
3124988,345,1387385,1387013,1040764
3124989,346,1387384,1387013,1040764
3124990,350,1387393,1387013,1040764
3124991,351,1387392,1387013,1040764
3124992,353,1387396,1387013,1040764
3124993,354,1387394,1387013,1040764
3124994,357,1387403,1387013,1040764
3124995,358,1387401,1387013,1040764
3124996,361,1387410,1387013,1040764
3124997,362,1387409,1387013,1040764
3124998,365,1387416,1387013,1040764
3124999,366,1387415,1387013,1040764
3125000,369,1387422,1387013,1040764
3125001,370,1387421,1387013,1040764
3125002,374,1387434,1387013,1040764
3125003,375,1387432,1387013,1040764
3125004,378,1387443,1387013,1040764
3125005,379,1387441,1387013,1040764
3125006,381,1387446,1387013,1040764
3125007,382,1387444,1387013,1040764
3125008,385,1387452,1387013,1040764
3125009,386,1387450,1387013,1040764
3125010,389,1387463,1387013,1040764
3125011,390,1387461,1387013,1040764
3125012,393,1387469,1387013,1040764
3125013,394,1387467,1387013,1040764
3125014,397,1387474,1387013,1040764
3125015,398,1387473,1387013,1040764
3125016,402,1387486,1387013,1040764
3125017,403,1387482,1387013,1040764
3125018,405,1387489,1387013,1040764
3125019,406,1387487,1387013,1040764
3125020,409,1387495,1387013,1040764
3125021,410,1387493,1387013,1040764
3125022,413,1387503,1387013,1040764
3125023,414,1387499,1387013,1040764
3125024,417,1387511,1387013,1040764
3125025,418,1387510,1387013,1040764
3125026,422,1387518,1387013,1040764
3125027,423,1387517,1387013,1040764
3125028,426,1387524,1387013,1040764
3125029,427,1387523,1387013,1040764
3125030,429,1387527,1387013,1040764
3125031,430,1387526,1387013,1040764
3125032,433,1387552,1387013,1040764
3125033,434,1387544,1387013,1040764
3125034,437,1387565,1387013,1040764
3125035,438,1387563,1387013,1040764
3125036,441,1387576,1387013,1040764
3125037,442,1387573,1387013,1040764
3125038,33,1387753,1387742,1040935
3125039,446,1387586,1387013,1040764
3125040,447,1387582,1387013,1040764
3125041,449,1387589,1387013,1040764
3125042,450,1387588,1387013,1040764
3125043,453,1387596,1387013,1040764
3125044,454,1387595,1387013,1040764
3125045,457,1387602,1387013,1040764
3125046,458,1387600,1387013,1040764
3125047,462,1387609,1387013,1040764
3125048,463,1387608,1387013,1040764
3125049,466,1387613,1387013,1040764
3125050,467,1387612,1387013,1040764
3125051,469,1387615,1387013,1040764
3125052,470,1387614,1387013,1040764
3125053,473,1387619,1387013,1040764
3125054,474,1387618,1387013,1040764
3125055,477,1387623,1387013,1040764
3125056,478,1387622,1387013,1040764
3125057,482,1387628,1387013,1040764
3125058,483,1387627,1387013,1040764
3125059,485,1387630,1387013,1040764
3125060,486,1387629,1387013,1040764
3125061,489,1387634,1387013,1040764
3125062,490,1387633,1387013,1040764
3125063,494,1387639,1387013,1040764
3125064,495,1387638,1387013,1040764
3125065,498,1387643,1387013,1040764
3125066,499,1387642,1387013,1040764
3125067,501,1387645,1387013,1040764
3125068,502,1387644,1387013,1040764
3125069,505,1387649,1387013,1040764
3125070,506,1387648,1387013,1040764
3125071,510,1387654,1387013,1040764
3125072,511,1387653,1387013,1040764
3125073,513,1387656,1387013,1040764
3125074,514,1387655,1387013,1040764
3125075,518,1387661,1387013,1040764
3125076,519,1387660,1387013,1040764
3125077,522,1387665,1387013,1040764
3125078,523,1387664,1387013,1040764
3125079,525,1387667,1387013,1040764
3125080,526,1387666,1387013,1040764
3125081,530,1387672,1387013,1040764
3125082,531,1387671,1387013,1040764
3125083,534,1387675,1387013,1040764
3125084,535,1387674,1387013,1040764
3125085,538,1387679,1387013,1040764
3125086,539,1387678,1387013,1040764
3125087,542,1387682,1387013,1040764
3125088,543,1387681,1387013,1040764
3125089,13,1387938,726725,1040973
3125090,8,77406,1388106,1245061
3125091,14,77408,1388107,1245061
3125092,28,77476,1388108,1245061
3125093,4,1388327,1388324,1040962
3125094,5,1388326,1388325,1040962
3125095,7,1388329,1388324,1040962
3125096,8,1388328,1388325,1040962
3125097,10,1388331,1388324,1040962
3125098,11,1388330,1388325,1040962
3125099,14,1388335,1388324,1040962
3125100,15,1388334,1388325,1040962
3125101,17,1388337,1388324,1040962
3125102,18,1388336,1388325,1040962
3125103,21,1388341,1388324,1040962
3125104,22,1388340,1388325,1040962
3125105,25,1388345,1388324,1040962
3125106,26,1388344,1388325,1040962
3125107,28,1388348,1388324,1040962
3125108,29,1388346,1388325,1040962
3125109,32,1388358,1388324,1040962
3125110,33,1388355,1388325,1040962
3125111,36,1388368,1388324,1040962
3125112,37,1388365,1388325,1040962
3125113,40,1388377,1388324,1040962
3125114,41,1388375,1388325,1040962
3125115,43,1388383,1388324,1040962
3125116,44,1388379,1388325,1040962
3125117,47,1388387,1388324,1040962
3125118,48,1388386,1388325,1040962
3125119,51,1388404,1388324,1040962
3125120,52,1388402,1388325,1040962
3125121,55,1388414,1388324,1040962
3125122,56,1388411,1388325,1040962
3125123,59,1388421,1388324,1040962
3125124,60,1388420,1388325,1040962
3125125,62,1388423,1388324,1040962
3125126,63,1388422,1388325,1040962
3125127,66,1388427,1388324,1040962
3125128,67,1388426,1388325,1040962
3125129,70,1388431,1388324,1040962
3125130,71,1388430,1388325,1040962
3125131,74,1388435,1388324,1040962
3125132,75,1388434,1388325,1040962
3125133,78,1388439,1388324,1040962
3125134,79,1388438,1388325,1040962
3125135,82,1388443,1388324,1040962
3125136,83,1388442,1388325,1040962
3125137,85,1388445,1388324,1040962
3125138,86,1388444,1388325,1040962
3125139,89,1388449,1388324,1040962
3125140,90,1388448,1388325,1040962
3125141,93,1388453,1388324,1040962
3125142,94,1388452,1388325,1040962
3125143,97,1388457,1388324,1040962
3125144,98,1388456,1388325,1040962
3125145,101,1388462,1388324,1040962
3125146,102,1388461,1388325,1040962
3125147,105,1388466,1388324,1040962
3125148,106,1388465,1388325,1040962
3125149,109,1388470,1388324,1040962
3125150,110,1388469,1388325,1040962
3125151,112,1388472,1388324,1040962
3125152,113,1388471,1388325,1040962
3125153,116,1388476,1388324,1040962
3125154,117,1388475,1388325,1040962
3125155,120,1388480,1388324,1040962
3125156,121,1388479,1388325,1040962
3125157,124,1388485,1388324,1040962
3125158,125,1388484,1388325,1040962
3125159,128,1388489,1388324,1040962
3125160,129,1388488,1388325,1040962
3125161,132,1388493,1388324,1040962
3125162,133,1388492,1388325,1040962
3125163,136,1388497,1388324,1040962
3125164,137,1388496,1388325,1040962
3125165,140,1388501,1388324,1040962
3125166,141,1388500,1388325,1040962
3125167,143,1388503,1388324,1040962
3125168,144,1388502,1388325,1040962
3125169,147,1388507,1388324,1040962
3125170,148,1388506,1388325,1040962
3125171,151,1388512,1388324,1040962
3125172,152,1388511,1388325,1040962
3125173,155,1388516,1388324,1040962
3125174,156,1388515,1388325,1040962
3125175,159,1388520,1388324,1040962
3125176,160,1388519,1388325,1040962
3125177,163,1388524,1388324,1040962
3125178,164,1388523,1388325,1040962
3125179,167,1388528,1388324,1040962
3125180,168,1388527,1388325,1040962
3125181,171,1388532,1388324,1040962
3125182,172,1388531,1388325,1040962
3125183,175,1388536,1388324,1040962
3125184,176,1388535,1388325,1040962
3125185,178,1388538,1388324,1040962
3125186,179,1388537,1388325,1040962
3125187,182,1388542,1388324,1040962
3125188,183,1388541,1388325,1040962
3125189,186,1388546,1388324,1040962
3125190,187,1388545,1388325,1040962
3125191,190,1388550,1388324,1040962
3125192,191,1388549,1388325,1040962
3125193,194,1388554,1388324,1040962
3125194,195,1388553,1388325,1040962
3125195,198,1388558,1388324,1040962
3125196,199,1388557,1388325,1040962
3125197,202,1388562,1388324,1040962
3125198,203,1388561,1388325,1040962
3125199,206,1388566,1388324,1040962
3125200,207,1388565,1388325,1040962
3125201,210,1388570,1388324,1040962
3125202,211,1388569,1388325,1040962
3125203,214,1388574,1388324,1040962
3125204,215,1388573,1388325,1040962
3125205,217,1388576,1388324,1040962
3125206,218,1388575,1388325,1040962
3125207,221,1388580,1388324,1040962
3125208,222,1388579,1388325,1040962
3125209,225,1388584,1388324,1040962
3125210,226,1388583,1388325,1040962
3125211,229,1388588,1388324,1040962
3125212,230,1388587,1388325,1040962
3125213,233,1388592,1388324,1040962
3125214,234,1388591,1388325,1040962
3125215,237,1388596,1388324,1040962
3125216,238,1388595,1388325,1040962
3125217,241,1388600,1388324,1040962
3125218,242,1388599,1388325,1040962
3125219,245,1388604,1388324,1040962
3125220,246,1388603,1388325,1040962
3125221,249,1388608,1388324,1040962
3125222,250,1388607,1388325,1040962
3125223,253,1388612,1388324,1040962
3125224,254,1388611,1388325,1040962
3125225,257,1388616,1388324,1040962
3125226,258,1388615,1388325,1040962
3125227,260,1388618,1388324,1040962
3125228,261,1388617,1388325,1040962
3125229,264,1388622,1388324,1040962
3125230,265,1388621,1388325,1040962
3125231,268,1388626,1388324,1040962
3125232,269,1388625,1388325,1040962
3125233,272,1388630,1388324,1040962
3125234,273,1388629,1388325,1040962
3125235,276,1388634,1388324,1040962
3125236,277,1388633,1388325,1040962
3125237,280,1388638,1388324,1040962
3125238,281,1388637,1388325,1040962
3125239,284,1388642,1388324,1040962
3125240,285,1388641,1388325,1040962
3125241,288,1388646,1388324,1040962
3125242,289,1388645,1388325,1040962
3125243,292,1388650,1388324,1040962
3125244,293,1388649,1388325,1040962
3125245,296,1388654,1388324,1040962
3125246,297,1388653,1388325,1040962
3125247,300,1388658,1388324,1040962
3125248,301,1388657,1388325,1040962
3125249,304,1388662,1388324,1040962
3125250,305,1388661,1388325,1040962
3125251,307,1388664,1388324,1040962
3125252,308,1388663,1388325,1040962
3125253,311,1388668,1388324,1040962
3125254,312,1388667,1388325,1040962
3125255,315,1388673,1388324,1040962
3125256,316,1388671,1388325,1040962
3125257,319,1388677,1388324,1040962
3125258,320,1388676,1388325,1040962
3125259,323,1388681,1388324,1040962
3125260,324,1388680,1388325,1040962
3125261,327,1388685,1388324,1040962
3125262,328,1388684,1388325,1040962
3125263,331,1388689,1388324,1040962
3125264,332,1388688,1388325,1040962
3125265,335,1388693,1388324,1040962
3125266,336,1388692,1388325,1040962
3125267,339,1388697,1388324,1040962
3125268,340,1388696,1388325,1040962
3125269,343,1388701,1388324,1040962
3125270,344,1388700,1388325,1040962
3125271,347,1388705,1388324,1040962
3125272,348,1388704,1388325,1040962
3125273,351,1388709,1388324,1040962
3125274,352,1388708,1388325,1040962
3125275,355,1388713,1388324,1040962
3125276,356,1388712,1388325,1040962
3125277,358,1388715,1388324,1040962
3125278,359,1388714,1388325,1040962
3125279,362,1388719,1388324,1040962
3125280,363,1388718,1388325,1040962
3125281,366,1388723,1388324,1040962
3125282,367,1388722,1388325,1040962
3125283,370,1388727,1388324,1040962
3125284,371,1388726,1388325,1040962
3125285,374,1388731,1388324,1040962
3125286,375,1388730,1388325,1040962
3125287,378,1388735,1388324,1040962
3125288,379,1388734,1388325,1040962
3125289,382,1388739,1388324,1040962
3125290,383,1388738,1388325,1040962
3125291,386,1388743,1388324,1040962
3125292,387,1388742,1388325,1040962
3125293,390,1388747,1388324,1040962
3125294,391,1388746,1388325,1040962
3125295,394,1388751,1388324,1040962
3125296,395,1388750,1388325,1040962
3125297,398,1388755,1388324,1040962
3125298,399,1388754,1388325,1040962
3125299,402,1388759,1388324,1040962
3125300,403,1388758,1388325,1040962
3125301,406,1388763,1388324,1040962
3125302,407,1388762,1388325,1040962
3125303,410,1388767,1388324,1040962
3125304,411,1388766,1388325,1040962
3125305,413,1388769,1388324,1040962
3125306,414,1388768,1388325,1040962
3125307,417,1388773,1388324,1040962
3125308,418,1388772,1388325,1040962
3125309,421,1388777,1388324,1040962
3125310,422,1388776,1388325,1040962
3125311,425,1388781,1388324,1040962
3125312,426,1388780,1388325,1040962
3125313,429,1388785,1388324,1040962
3125314,430,1388784,1388325,1040962
3125315,433,1388789,1388324,1040962
3125316,434,1388788,1388325,1040962
3125317,437,1388793,1388324,1040962
3125318,438,1388792,1388325,1040962
3125319,441,1388797,1388324,1040962
3125320,442,1388796,1388325,1040962
3125321,445,1388801,1388324,1040962
3125322,446,1388800,1388325,1040962
3125323,449,1388805,1388324,1040962
3125324,450,1388804,1388325,1040962
3125325,453,1388809,1388324,1040962
3125326,454,1388808,1388325,1040962
3125327,457,1388813,1388324,1040962
3125328,458,1388812,1388325,1040962
3125329,461,1388817,1388324,1040962
3125330,462,1388816,1388325,1040962
3125331,465,1388821,1388324,1040962
3125332,466,1388820,1388325,1040962
3125333,469,1388825,1388324,1040962
3125334,470,1388824,1388325,1040962
3125335,472,1388827,1388324,1040962
3125336,473,1388826,1388325,1040962
3125337,476,1388831,1388324,1040962
3125338,477,1388830,1388325,1040962
3125339,480,1388835,1388324,1040962
3125340,481,1388834,1388325,1040962
3125341,484,1388839,1388324,1040962
3125342,485,1388838,1388325,1040962
3125343,488,1388843,1388324,1040962
3125344,489,1388842,1388325,1040962
3125345,492,1388847,1388324,1040962
3125346,493,1388846,1388325,1040962
3125347,496,1388851,1388324,1040962
3125348,497,1388850,1388325,1040962
3125349,500,1388855,1388324,1040962
3125350,501,1388854,1388325,1040962
3125351,504,1388859,1388324,1040962
3125352,505,1388858,1388325,1040962
3125353,508,1388863,1388324,1040962
3125354,509,1388862,1388325,1040962
3125355,512,1388867,1388324,1040962
3125356,513,1388866,1388325,1040962
3125357,516,1388871,1388324,1040962
3125358,517,1388870,1388325,1040962
3125359,520,1388875,1388324,1040962
3125360,521,1388874,1388325,1040962
3125361,524,1388879,1388324,1040962
3125362,525,1388878,1388325,1040962
3125363,528,1388883,1388324,1040962
3125364,529,1388882,1388325,1040962
3125365,532,1388887,1388324,1040962
3125366,533,1388886,1388325,1040962
3125367,535,1388889,1388324,1040962
3125368,536,1388888,1388325,1040962
3125369,539,1388893,1388324,1040962
3125370,540,1388892,1388325,1040962
3125371,543,1388897,1388324,1040962
3125372,544,1388896,1388325,1040962
3125373,547,1388901,1388324,1040962
3125374,548,1388900,1388325,1040962
3125375,551,1388905,1388324,1040962
3125376,552,1388904,1388325,1040962
3125377,555,1388909,1388324,1040962
3125378,556,1388908,1388325,1040962
3125379,559,1388913,1388324,1040962
3125380,560,1388912,1388325,1040962
3125381,563,1388917,1388324,1040962
3125382,564,1388916,1388325,1040962
3125383,567,1388921,1388324,1040962
3125384,568,1388920,1388325,1040962
3125385,571,1388925,1388324,1040962
3125386,572,1388924,1388325,1040962
3125387,575,1388929,1388324,1040962
3125388,576,1388928,1388325,1040962
3125389,579,1388933,1388324,1040962
3125390,580,1388932,1388325,1040962
3125391,583,1388937,1388324,1040962
3125392,584,1388936,1388325,1040962
3125393,587,1388941,1388324,1040962
3125394,588,1388940,1388325,1040962
3125395,591,1388945,1388324,1040962
3125396,592,1388944,1388325,1040962
3125397,594,1388947,1388324,1040962
3125398,595,1388946,1388325,1040962
3125399,598,1388951,1388324,1040962
3125400,599,1388950,1388325,1040962
3125401,602,1388955,1388324,1040962
3125402,603,1388954,1388325,1040962
3125403,606,1388959,1388324,1040962
3125404,607,1388958,1388325,1040962
3125405,610,1388963,1388324,1040962
3125406,611,1388962,1388325,1040962
3125407,614,1388967,1388324,1040962
3125408,615,1388966,1388325,1040962
3125409,618,1388971,1388324,1040962
3125410,619,1388970,1388325,1040962
3125411,622,1388975,1388324,1040962
3125412,623,1388974,1388325,1040962
3125413,626,1388979,1388324,1040962
3125414,627,1388978,1388325,1040962
3125415,630,1388983,1388324,1040962
3125416,631,1388982,1388325,1040962
3125417,634,1388987,1388324,1040962
3125418,635,1388986,1388325,1040962
3125419,638,1388991,1388324,1040962
3125420,639,1388990,1388325,1040962
3125421,642,1388995,1388324,1040962
3125422,643,1388994,1388325,1040962
3125423,646,1388999,1388324,1040962
3125424,647,1388998,1388325,1040962
3125425,649,1389001,1388324,1040962
3125426,650,1389000,1388325,1040962
3125427,653,1389005,1388324,1040962
3125428,654,1389004,1388325,1040962
3125429,657,1389009,1388324,1040962
3125430,658,1389008,1388325,1040962
3125431,661,1389014,1388324,1040962
3125432,662,1389013,1388325,1040962
3125433,665,1389018,1388324,1040962
3125434,666,1389017,1388325,1040962
3125435,669,1389022,1388324,1040962
3125436,670,1389021,1388325,1040962
3125437,673,1389026,1388324,1040962
3125438,674,1389025,1388325,1040962
3125439,677,1389030,1388324,1040962
3125440,678,1389029,1388325,1040962
3125441,681,1389034,1388324,1040962
3125442,682,1389033,1388325,1040962
3125443,685,1389038,1388324,1040962
3125444,686,1389037,1388325,1040962
3125445,689,1389042,1388324,1040962
3125446,690,1389041,1388325,1040962
3125447,693,1389046,1388324,1040962
3125448,694,1389045,1388325,1040962
3125449,697,1389050,1388324,1040962
3125450,698,1389049,1388325,1040962
3125451,700,1389052,1388324,1040962
3125452,701,1389051,1388325,1040962
3125453,704,1389056,1388324,1040962
3125454,705,1389055,1388325,1040962
3125455,708,1389060,1388324,1040962
3125456,709,1389059,1388325,1040962
3125457,712,1389064,1388324,1040962
3125458,713,1389063,1388325,1040962
3125459,716,1389068,1388324,1040962
3125460,717,1389067,1388325,1040962
3125461,720,1389072,1388324,1040962
3125462,721,1389071,1388325,1040962
3125463,724,1389076,1388324,1040962
3125464,725,1389075,1388325,1040962
3125465,728,1389080,1388324,1040962
3125466,729,1389079,1388325,1040962
3125467,732,1389084,1388324,1040962
3125468,733,1389083,1388325,1040962
3125469,736,1389088,1388324,1040962
3125470,737,1389087,1388325,1040962
3125471,740,1389092,1388324,1040962
3125472,741,1389091,1388325,1040962
3125473,744,1389096,1388324,1040962
3125474,745,1389095,1388325,1040962
3125475,747,1389098,1388324,1040962
3125476,748,1389097,1388325,1040962
3125477,751,1389102,1388324,1040962
3125478,752,1389101,1388325,1040962
3125479,755,1389106,1388324,1040962
3125480,756,1389105,1388325,1040962
3125481,759,1389110,1388324,1040962
3125482,760,1389109,1388325,1040962
3125483,763,1389114,1388324,1040962
3125484,764,1389113,1388325,1040962
3125485,767,1389118,1388324,1040962
3125486,768,1389117,1388325,1040962
3125487,771,1389122,1388324,1040962
3125488,772,1389121,1388325,1040962
3125489,775,1389126,1388324,1040962
3125490,776,1389125,1388325,1040962
3125491,779,1389130,1388324,1040962
3125492,780,1389129,1388325,1040962
3125493,783,1389134,1388324,1040962
3125494,784,1389133,1388325,1040962
3125495,787,1389138,1388324,1040962
3125496,788,1389137,1388325,1040962
3125497,790,1389140,1388324,1040962
3125498,791,1389139,1388325,1040962
3125499,794,1389144,1388324,1040962
3125500,795,1389143,1388325,1040962
3125501,798,1389148,1388324,1040962
3125502,799,1389147,1388325,1040962
3125503,802,1389152,1388324,1040962
3125504,803,1389151,1388325,1040962
3125505,806,1389156,1388324,1040962
3125506,807,1389155,1388325,1040962
3125507,810,1389160,1388324,1040962
3125508,811,1389159,1388325,1040962
3125509,814,1389164,1388324,1040962
3125510,815,1389163,1388325,1040962
3125511,818,1389168,1388324,1040962
3125512,819,1389167,1388325,1040962
3125513,822,1389172,1388324,1040962
3125514,823,1389171,1388325,1040962
3125515,826,1389176,1388324,1040962
3125516,827,1389175,1388325,1040962
3125517,829,1389178,1388324,1040962
3125518,830,1389177,1388325,1040962
3125519,833,1389182,1388324,1040962
3125520,834,1389181,1388325,1040962
3125521,837,1389186,1388324,1040962
3125522,838,1389185,1388325,1040962
3125523,841,1389190,1388324,1040962
3125524,842,1389189,1388325,1040962
3125525,845,1389194,1388324,1040962
3125526,846,1389193,1388325,1040962
3125527,849,1389198,1388324,1040962
3125528,850,1389197,1388325,1040962
3125529,853,1389202,1388324,1040962
3125530,854,1389201,1388325,1040962
3125531,857,1389206,1388324,1040962
3125532,858,1389205,1388325,1040962
3125533,861,1389210,1388324,1040962
3125534,862,1389209,1388325,1040962
3125535,864,1389212,1388324,1040962
3125536,865,1389211,1388325,1040962
3125537,868,1389216,1388324,1040962
3125538,869,1389215,1388325,1040962
3125539,872,1389220,1388324,1040962
3125540,873,1389219,1388325,1040962
3125541,876,1389224,1388324,1040962
3125542,877,1389223,1388325,1040962
3125543,880,1389228,1388324,1040962
3125544,881,1389227,1388325,1040962
3125545,884,1389232,1388324,1040962
3125546,885,1389231,1388325,1040962
3125547,888,1389236,1388324,1040962
3125548,889,1389235,1388325,1040962
3125549,892,1389240,1388324,1040962
3125550,893,1389239,1388325,1040962
3125551,895,1389242,1388324,1040962
3125552,896,1389241,1388325,1040962
3125553,899,1389246,1388324,1040962
3125554,900,1389245,1388325,1040962
3125555,903,1389250,1388324,1040962
3125556,904,1389249,1388325,1040962
3125557,907,1389254,1388324,1040962
3125558,908,1389253,1388325,1040962
3125559,911,1389258,1388324,1040962
3125560,912,1389257,1388325,1040962
3125561,915,1389264,1388324,1040962
3125562,916,1389261,1388325,1040962
3125563,919,1389275,1388324,1040962
3125564,920,1389273,1388325,1040962
3125565,922,1389278,1388324,1040962
3125566,923,1389276,1388325,1040962
3125567,926,1389283,1388324,1040962
3125568,927,1389281,1388325,1040962
3125569,930,1389289,1388324,1040962
3125570,931,1389287,1388325,1040962
3125571,934,1389297,1388324,1040962
3125572,935,1389295,1388325,1040962
3125573,938,1389303,1388324,1040962
3125574,939,1389302,1388325,1040962
3125575,942,1389307,1388324,1040962
3125576,943,1389306,1388325,1040962
3125577,945,1389310,1388324,1040962
3125578,946,1389308,1388325,1040962
3125579,949,1389316,1388324,1040962
3125580,950,1389314,1388325,1040962
3125581,953,1389324,1388324,1040962
3125582,954,1389322,1388325,1040962
3125583,957,1389331,1388324,1040962
3125584,958,1389329,1388325,1040962
3125585,961,1389338,1388324,1040962
3125586,962,1389336,1388325,1040962
3125587,964,1389342,1388324,1040962
3125588,965,1389340,1388325,1040962
3125589,968,1389351,1388324,1040962
3125590,969,1389349,1388325,1040962
3125591,972,1389357,1388324,1040962
3125592,973,1389355,1388325,1040962
3125593,976,1389364,1388324,1040962
3125594,977,1389362,1388325,1040962
3125595,979,1389368,1388324,1040962
3125596,980,1389366,1388325,1040962
3125597,983,1389375,1388324,1040962
3125598,984,1389374,1388325,1040962
3125599,987,1389381,1388324,1040962
3125600,988,1389380,1388325,1040962
3125601,990,1389384,1388324,1040962
3125602,991,1389382,1388325,1040962
3125603,994,1389392,1388324,1040962
3125604,995,1389391,1388325,1040962
3125605,2,77880,77879,1041157
3125606,3,77881,77879,1041157
3125607,4,77882,77879,1041157
3125608,5,77883,77879,1041157
3125609,6,77884,77879,1041157
3125610,7,77885,77879,1041157
3125611,8,77886,77879,1041157
3125612,9,77887,77879,1041157
3125613,10,77888,77879,1041157
3125614,11,77889,77879,1041157
3125615,12,77892,77879,1041157
3125616,13,77893,77879,1041157
3125617,14,77894,77879,1041157
3125618,15,77895,77879,1041157
3125619,16,77896,77879,1041157
3125620,17,77897,77879,1041157
3125621,64,77957,1389567,1245090
3125622,16,1389715,1389714,1041175
3125623,10,1390121,1390116,1041177
3125624,3,1389731,1389729,1041166
3125625,4,1389730,1389729,1041166
3125626,6,1389733,1389729,1041166
3125627,7,1389732,1389729,1041166
3125628,10,1389736,1389729,1041166
3125629,11,1389735,1389729,1041166
3125630,14,1389739,1389729,1041166
3125631,15,1389738,1389729,1041166
3125632,18,1389743,1389729,1041166
3125633,19,1389742,1389729,1041166
3125634,21,1389745,1389729,1041166
3125635,22,1389744,1389729,1041166
3125636,26,1389750,1389729,1041166
3125637,27,1389749,1389729,1041166
3125638,29,1389752,1389729,1041166
3125639,30,1389751,1389729,1041166
3125640,34,1389757,1389729,1041166
3125641,35,1389756,1389729,1041166
3125642,38,1389761,1389729,1041166
3125643,39,1389760,1389729,1041166
3125644,41,1389763,1389729,1041166
3125645,42,1389762,1389729,1041166
3125646,45,1389767,1389729,1041166
3125647,46,1389766,1389729,1041166
3125648,50,1389772,1389729,1041166
3125649,51,1389771,1389729,1041166
3125650,53,1389774,1389729,1041166
3125651,54,1389773,1389729,1041166
3125652,57,1389778,1389729,1041166
3125653,58,1389777,1389729,1041166
3125654,62,1389783,1389729,1041166
3125655,63,1389782,1389729,1041166
3125656,66,1389787,1389729,1041166
3125657,67,1389786,1389729,1041166
3125658,69,1389789,1389729,1041166
3125659,70,1389788,1389729,1041166
3125660,73,1389793,1389729,1041166
3125661,74,1389792,1389729,1041166
3125662,77,1389797,1389729,1041166
3125663,78,1389796,1389729,1041166
3125664,82,1389802,1389729,1041166
3125665,83,1389801,1389729,1041166
3125666,85,1389804,1389729,1041166
3125667,86,1389803,1389729,1041166
3125668,89,1389808,1389729,1041166
3125669,90,1389807,1389729,1041166
3125670,93,1389812,1389729,1041166
3125671,94,1389811,1389729,1041166
3125672,98,1389817,1389729,1041166
3125673,99,1389816,1389729,1041166
3125674,102,1389821,1389729,1041166
3125675,103,1389820,1389729,1041166
3125676,105,1389823,1389729,1041166
3125677,106,1389822,1389729,1041166
3125678,109,1389827,1389729,1041166
3125679,110,1389826,1389729,1041166
3125680,113,1389831,1389729,1041166
3125681,114,1389830,1389729,1041166
3125682,117,1389835,1389729,1041166
3125683,118,1389834,1389729,1041166
3125684,122,1389840,1389729,1041166
3125685,123,1389839,1389729,1041166
3125686,125,1389842,1389729,1041166
3125687,126,1389841,1389729,1041166
3125688,129,1389846,1389729,1041166
3125689,130,1389845,1389729,1041166
3125690,133,1389850,1389729,1041166
3125691,134,1389849,1389729,1041166
3125692,137,1389854,1389729,1041166
3125693,138,1389853,1389729,1041166
3125694,142,1389859,1389729,1041166
3125695,143,1389858,1389729,1041166
3125696,146,1389863,1389729,1041166
3125697,147,1389862,1389729,1041166
3125698,149,1389865,1389729,1041166
3125699,150,1389864,1389729,1041166
3125700,153,1389869,1389729,1041166
3125701,154,1389868,1389729,1041166
3125702,157,1389873,1389729,1041166
3125703,158,1389872,1389729,1041166
3125704,161,1389877,1389729,1041166
3125705,162,1389876,1389729,1041166
3125706,165,1389881,1389729,1041166
3125707,166,1389880,1389729,1041166
3125708,170,1389886,1389729,1041166
3125709,171,1389885,1389729,1041166
3125710,173,1389888,1389729,1041166
3125711,174,1389887,1389729,1041166
3125712,177,1389892,1389729,1041166
3125713,178,1389891,1389729,1041166
3125714,181,1389896,1389729,1041166
3125715,182,1389895,1389729,1041166
3125716,185,1389900,1389729,1041166
3125717,186,1389899,1389729,1041166
3125718,189,1389904,1389729,1041166
3125719,190,1389903,1389729,1041166
3125720,194,1389909,1389729,1041166
3125721,195,1389908,1389729,1041166
3125722,198,1389913,1389729,1041166
3125723,199,1389912,1389729,1041166
3125724,201,1389915,1389729,1041166
3125725,202,1389914,1389729,1041166
3125726,205,1389919,1389729,1041166
3125727,206,1389918,1389729,1041166
3125728,209,1389923,1389729,1041166
3125729,210,1389922,1389729,1041166
3125730,213,1389927,1389729,1041166
3125731,214,1389926,1389729,1041166
3125732,217,1389931,1389729,1041166
3125733,218,1389930,1389729,1041166
3125734,221,1389935,1389729,1041166
3125735,222,1389934,1389729,1041166
3125736,226,1389940,1389729,1041166
3125737,227,1389939,1389729,1041166
3125738,229,1389942,1389729,1041166
3125739,230,1389941,1389729,1041166
3125740,233,1389946,1389729,1041166
3125741,234,1389945,1389729,1041166
3125742,237,1389950,1389729,1041166
3125743,238,1389949,1389729,1041166
3125744,241,1389954,1389729,1041166
3125745,242,1389953,1389729,1041166
3125746,245,1389958,1389729,1041166
3125747,246,1389957,1389729,1041166
3125748,249,1389963,1389729,1041166
3125749,250,1389962,1389729,1041166
3125750,254,1389968,1389729,1041166
3125751,255,1389967,1389729,1041166
3125752,258,1389972,1389729,1041166
3125753,259,1389971,1389729,1041166
3125754,261,1389974,1389729,1041166
3125755,262,1389973,1389729,1041166
3125756,265,1389979,1389729,1041166
3125757,266,1389978,1389729,1041166
3125758,269,1389983,1389729,1041166
3125759,270,1389982,1389729,1041166
3125760,273,1389987,1389729,1041166
3125761,274,1389986,1389729,1041166
3125762,277,1389991,1389729,1041166
3125763,278,1389990,1389729,1041166
3125764,281,1389995,1389729,1041166
3125765,282,1389994,1389729,1041166
3125766,285,1389999,1389729,1041166
3125767,286,1389998,1389729,1041166
3125768,290,1390004,1389729,1041166
3125769,291,1390003,1389729,1041166
3125770,293,1390006,1389729,1041166
3125771,294,1390005,1389729,1041166
3125772,297,1390010,1389729,1041166
3125773,298,1390009,1389729,1041166
3125774,301,1390014,1389729,1041166
3125775,302,1390013,1389729,1041166
3125776,305,1390018,1389729,1041166
3125777,306,1390017,1389729,1041166
3125778,309,1390022,1389729,1041166
3125779,310,1390021,1389729,1041166
3125780,313,1390026,1389729,1041166
3125781,314,1390025,1389729,1041166
3125782,318,1390031,1389729,1041166
3125783,319,1390030,1389729,1041166
3125784,322,1390035,1389729,1041166
3125785,323,1390034,1389729,1041166
3125786,325,1390037,1389729,1041166
3125787,326,1390036,1389729,1041166
3125788,329,1390042,1389729,1041166
3125789,330,1390040,1389729,1041166
3125790,333,1390048,1389729,1041166
3125791,334,1390046,1389729,1041166
3125792,337,1390052,1389729,1041166
3125793,338,1390051,1389729,1041166
3125794,341,1390056,1389729,1041166
3125795,342,1390055,1389729,1041166
3125796,345,1390060,1389729,1041166
3125797,346,1390059,1389729,1041166
3125798,350,1390065,1389729,1041166
3125799,351,1390064,1389729,1041166
3125800,353,1390067,1389729,1041166
3125801,354,1390066,1389729,1041166
3125802,357,1390071,1389729,1041166
3125803,358,1390070,1389729,1041166
3125804,361,1390075,1389729,1041166
3125805,362,1390074,1389729,1041166
3125806,365,1390079,1389729,1041166
3125807,366,1390078,1389729,1041166
3125808,369,1390083,1389729,1041166
3125809,370,1390082,1389729,1041166
3125810,374,1390088,1389729,1041166
3125811,375,1390087,1389729,1041166
3125812,378,1390093,1389729,1041166
3125813,379,1390091,1389729,1041166
3125814,381,1390095,1389729,1041166
3125815,382,1390094,1389729,1041166
3125816,385,1390099,1389729,1041166
3125817,386,1390098,1389729,1041166
3125818,389,1390103,1389729,1041166
3125819,390,1390102,1389729,1041166
3125820,393,1390107,1389729,1041166
3125821,394,1390106,1389729,1041166
3125822,397,1390111,1389729,1041166
3125823,398,1390110,1389729,1041166
3125824,402,1390118,1389729,1041166
3125825,403,1390117,1389729,1041166
3125826,405,1390122,1389729,1041166
3125827,406,1390120,1389729,1041166
3125828,409,1390126,1389729,1041166
3125829,410,1390125,1389729,1041166
3125830,413,1390130,1389729,1041166
3125831,414,1390129,1389729,1041166
3125832,417,1390134,1389729,1041166
3125833,418,1390133,1389729,1041166
3125834,422,1390139,1389729,1041166
3125835,423,1390138,1389729,1041166
3125836,426,1390143,1389729,1041166
3125837,427,1390142,1389729,1041166
3125838,429,1390145,1389729,1041166
3125839,430,1390144,1389729,1041166
3125840,433,1390149,1389729,1041166
3125841,434,1390148,1389729,1041166
3125842,437,1390153,1389729,1041166
3125843,438,1390152,1389729,1041166
3125844,441,1390157,1389729,1041166
3125845,442,1390156,1389729,1041166
3125846,446,1390162,1389729,1041166
3125847,447,1390161,1389729,1041166
3125848,449,1390165,1389729,1041166
3125849,450,1390163,1389729,1041166
3125850,453,1390170,1389729,1041166
3125851,454,1390169,1389729,1041166
3125852,457,1390174,1389729,1041166
3125853,458,1390173,1389729,1041166
3125854,462,1390182,1389729,1041166
3125855,463,1390180,1389729,1041166
3125856,466,1390188,1389729,1041166
3125857,467,1390187,1389729,1041166
3125858,469,1390190,1389729,1041166
3125859,470,1390189,1389729,1041166
3125860,473,1390194,1389729,1041166
3125861,474,1390193,1389729,1041166
3125862,477,1390198,1389729,1041166
3125863,478,1390197,1389729,1041166
3125864,482,1390203,1389729,1041166
3125865,483,1390202,1389729,1041166
3125866,485,1390205,1389729,1041166
3125867,486,1390204,1389729,1041166
3125868,489,1390209,1389729,1041166
3125869,490,1390208,1389729,1041166
3125870,494,1390214,1389729,1041166
3125871,495,1390213,1389729,1041166
3125872,498,1390218,1389729,1041166
3125873,499,1390217,1389729,1041166
3125874,501,1390220,1389729,1041166
3125875,502,1390219,1389729,1041166
3125876,505,1390224,1389729,1041166
3125877,506,1390223,1389729,1041166
3125878,510,1390229,1389729,1041166
3125879,511,1390228,1389729,1041166
3125880,513,1390232,1389729,1041166
3125881,514,1390231,1389729,1041166
3125882,518,1390237,1389729,1041166
3125883,519,1390236,1389729,1041166
3125884,522,1390241,1389729,1041166
3125885,523,1390240,1389729,1041166
3125886,525,1390243,1389729,1041166
3125887,526,1390242,1389729,1041166
3125888,530,1390248,1389729,1041166
3125889,531,1390247,1389729,1041166
3125890,534,1390251,1389729,1041166
3125891,535,1390250,1389729,1041166
3125892,538,1390255,1389729,1041166
3125893,539,1390254,1389729,1041166
3125894,542,1390258,1389729,1041166
3125895,543,1390257,1389729,1041166
3125896,11,78177,1390463,1041255
3125897,32,78184,1390477,1041257
3125898,9,1390615,1390613,1041291
3125899,18,1390779,78527,1041332
3125900,5,1390803,1390801,1041336
3125901,10,1391367,727770,1041394
3125902,31,1391353,727770,1041394
3125903,33,1391354,727770,1041394
3125904,41,1391383,727779,1041394
3125905,44,1391385,727779,1041394
3125906,52,79282,727782,1041394
3125907,66,79290,727782,1041394
3125908,4,1391465,727798,1245148
3125909,82,79306,727782,1041394
3125910,87,79323,727782,1041394
3125911,9,79316,727812,1245151
3125912,112,1391318,727770,1041394
3125913,114,1391319,727770,1041394
3125914,116,1391320,727770,1041394
3125915,128,1391350,727840,1041394
3125916,132,79405,727840,1041394
3125917,133,1391352,727840,1041394
3125918,139,79412,727845,1041394
3125919,143,1391391,727840,1041394
3125920,146,1391327,727840,1041394
3125921,150,1391330,727840,1041394
3125922,154,1391332,727840,1041394
3125923,158,1391335,727840,1041394
3125924,160,1391336,727840,1041394
3125925,20,1391580,1391579,1041435
3125926,168,79450,727845,1041394
3125927,170,1391346,727840,1041394
3125928,173,1391348,727840,1041394
3125929,181,1391341,727840,1041394
3125930,183,1391342,727840,1041394
3125931,191,79459,727845,1041394
3125932,195,79467,727845,1041394
3125933,17,1391603,1391602,1041437
3125934,197,1391370,727840,1041394
3125935,203,79471,727845,1041394
3125936,205,1391339,727840,1041394
3125937,210,1391400,727840,1041394
3125938,221,79493,727845,1041394
3125939,232,1391326,727840,1041394
3125940,240,1391323,727770,1041394
3125941,8,1391621,727887,1041443
3125942,242,1391324,727770,1041394
3125943,20,79532,727904,1041447
3125944,35,79538,1391665,1041447
3125945,98,79745,727990,1041483
3125946,186,79818,728023,1041483
3125947,31,79834,1392031,1041511
3125948,53,79847,1392031,1041511
3125949,9,1392240,1392234,1245173
3125950,20,80096,1392196,1245173
3125951,35,80113,1392200,1245173
3125952,43,80117,1392201,1245173
3125953,57,80132,1392205,1245173
3125954,65,80144,1392206,1245173
3125955,80,80162,1392210,1245173
3125956,87,1392212,1392211,1245173
3125957,20,80174,1392259,1041536
3125958,92,80168,1392228,1245173
3125959,102,80181,1392232,1245173
3125960,19,80204,1392274,1041540
3125961,121,1392216,1392215,1245173
3125962,126,80225,1392223,1245173
3125963,136,80241,1392227,1245173
3125964,32,80248,1392301,1041546
3125965,48,80708,1392571,1041623
3125966,55,80712,1392572,1041623
3125967,56,1392664,1392660,1041641
3125968,7,1392693,1392692,1245193
3125969,10,1392695,1392694,1245193
3125970,13,1392697,1392696,1245193
3125971,16,1392699,1392698,1245193
3125972,19,1392701,1392700,1245193
3125973,87,1392662,1392660,1041641
3125974,17,80827,1392712,1041658
3125975,6,80841,1392780,1041673
3125976,17,1392786,1392785,1041673
3125977,17,1392894,728580,1041695
3125978,21,1392897,728580,1041695
3125979,36,1392888,728587,1041695
3125980,40,1392891,728587,1041695
3125981,14,1392924,728603,1041701
3125982,15,81496,1393261,1041788
3125983,30,1393202,728790,1041759
3125984,34,1393204,728790,1041759
3125985,39,1393208,728790,1041759
3125986,15,81554,1393293,1041805
3125987,47,1393206,728790,1041759
3125988,59,1393201,728790,1041759
3125989,15,81586,1393310,1041816
3125990,15,81616,1393338,1041829
3125991,15,81647,1393358,1041846
3125992,15,81675,1393400,1041860
3125993,9,81691,1393430,1041874
3125994,15,81731,1393543,1041910
3125995,13,81962,729022,1042082
3125996,10,1394017,729036,1245314
3125997,12,1394140,1394139,1042121
3125998,14,1394150,1394139,1042121
3125999,16,1394141,1394127,1042121
3126000,19,1394145,1394127,1042121
3126001,28,1394144,1394139,1042121
3126002,38,82120,1394127,1042121
3126003,44,82124,1394127,1042121
3126004,45,82125,1394139,1042121
3126005,61,1394129,729097,1042121
3126006,16,82162,1394186,1042152
3126007,13,82211,1394228,1042166
3126008,16,82217,1394228,1042166
3126009,41,82286,1394228,1042166
3126010,24,82364,1394344,1042224
3126011,34,82367,1394343,1042224
3126012,65,82373,1394347,1042224
3126013,73,82378,1394345,1042224
3126014,95,82386,1394350,1042224
3126015,98,82394,1394350,1042224
3126016,105,82407,1394350,1042224
3126017,4,82435,1394491,1042374
3126018,8,82437,1394492,1042374
3126019,14,82439,1394493,1042374
3126020,18,82441,1394494,1042374
3126021,24,82472,1394509,1042377
3126022,25,82473,1394506,1042377
3126023,26,1394510,1394506,1042377
3126024,7,82564,729238,1042408
3126025,2,1394642,1394641,1042417
3126026,29,1394659,1394641,1042417
3126027,33,1394661,1394641,1042417
3126028,50,82625,1394641,1042417
3126029,51,1394649,1394641,1042417
3126030,56,82615,1394641,1042417
3126031,60,82618,1394641,1042417
3126032,65,1394655,1394641,1042417
3126033,73,1394650,1394641,1042417
3126034,77,82670,1394641,1042417
3126035,24,1394973,1394966,1042559
3126036,9,1395007,1395003,1042575
3126037,26,1395056,1395055,1042579
3126038,31,82935,1395066,1042579
3126039,37,1395060,1395059,1042579
3126040,42,82937,1395063,1042579
3126041,56,1395039,1395038,1042579
3126042,62,82953,1395052,1042579
3126043,69,1395044,1395043,1042579
3126044,75,82955,1395048,1042579
3126045,18,1395124,1395123,1042607
3126046,348,1395615,1395613,1042691
3126047,43,1396210,1396189,1042883
3126048,62,1396214,1396189,1042883
3126049,80,1396217,1396189,1042883
3126050,10,84152,729748,1245453
3126051,18,1396279,1396278,1245453
3126052,9,1396418,729817,1042923
3126053,83,1396369,1396368,1042919
3126054,55,1397147,1397146,1043058
3126055,33,85718,730515,1043142
3126056,37,1397541,730515,1043142
3126057,6,1397790,1397785,1043162
3126058,12,1397794,1397785,1043162
3126059,18,1397800,1397785,1043162
3126060,24,1397804,1397785,1043162
3126061,30,1397810,1397785,1043162
3126062,36,1397814,1397785,1043162
3126063,42,1397820,1397785,1043162
3126064,48,1397824,1397785,1043162
3126065,54,1397830,1397785,1043162
3126066,60,1397834,1397785,1043162
3126067,66,1397840,1397785,1043162
3126068,72,1397844,1397785,1043162
3126069,78,1397850,1397785,1043162
3126070,84,1397854,1397785,1043162
3126071,2,1397859,1397858,1043166
3126072,4,1397862,1397858,1043166
3126073,9,1397864,1397858,1043166
3126074,13,1397866,1397858,1043166
3126075,17,1397868,1397858,1043166
3126076,21,1397870,1397858,1043166
3126077,25,1397872,1397858,1043166
3126078,29,1397874,1397858,1043166
3126079,33,1397876,1397858,1043166
3126080,15,1397933,730766,1043204
3126081,18,1397945,730766,1043204
3126082,26,86664,730957,1043281
3126083,23,86950,731076,1043374
3126084,91,1399380,1399385,1043407
3126085,92,1399379,1399385,1043407
3126086,113,87135,731143,1043407
3126087,9,1399706,1399705,1245534
3126088,15,1399709,1399708,1245534
3126089,68,87259,1399691,1245534
3126090,111,1399701,1399700,1245534
3126091,126,1399694,1399693,1245534
3126092,143,1399699,1399698,1245534
3126093,89,1399836,1399835,1245537
3126094,4,1399876,1399873,1043469
3126095,5,1399875,1399874,1043469
3126096,7,1399878,1399873,1043469
3126097,8,1399877,1399874,1043469
3126098,10,1399880,1399873,1043469
3126099,11,1399879,1399874,1043469
3126100,14,1399884,1399873,1043469
3126101,15,1399883,1399874,1043469
3126102,17,1399886,1399873,1043469
3126103,18,1399885,1399874,1043469
3126104,21,1399890,1399873,1043469
3126105,22,1399889,1399874,1043469
3126106,25,1399894,1399873,1043469
3126107,26,1399893,1399874,1043469
3126108,28,1399896,1399873,1043469
3126109,29,1399895,1399874,1043469
3126110,32,1399900,1399873,1043469
3126111,33,1399899,1399874,1043469
3126112,36,1399904,1399873,1043469
3126113,37,1399903,1399874,1043469
3126114,40,1399908,1399873,1043469
3126115,41,1399907,1399874,1043469
3126116,43,1399910,1399873,1043469
3126117,44,1399909,1399874,1043469
3126118,47,1399914,1399873,1043469
3126119,48,1399913,1399874,1043469
3126120,51,1399918,1399873,1043469
3126121,52,1399917,1399874,1043469
3126122,55,1399922,1399873,1043469
3126123,56,1399921,1399874,1043469
3126124,59,1399926,1399873,1043469
3126125,60,1399925,1399874,1043469
3126126,62,1399928,1399873,1043469
3126127,63,1399927,1399874,1043469
3126128,66,1399932,1399873,1043469
3126129,67,1399931,1399874,1043469
3126130,70,1399936,1399873,1043469
3126131,71,1399935,1399874,1043469
3126132,74,1399940,1399873,1043469
3126133,75,1399939,1399874,1043469
3126134,78,1399944,1399873,1043469
3126135,79,1399943,1399874,1043469
3126136,82,1399948,1399873,1043469
3126137,83,1399947,1399874,1043469
3126138,85,1399950,1399873,1043469
3126139,86,1399949,1399874,1043469
3126140,89,1399954,1399873,1043469
3126141,90,1399953,1399874,1043469
3126142,93,1399958,1399873,1043469
3126143,94,1399957,1399874,1043469
3126144,97,1399962,1399873,1043469
3126145,98,1399961,1399874,1043469
3126146,101,1399966,1399873,1043469
3126147,102,1399965,1399874,1043469
3126148,105,1399970,1399873,1043469
3126149,106,1399969,1399874,1043469
3126150,109,1399974,1399873,1043469
3126151,110,1399973,1399874,1043469
3126152,112,1399976,1399873,1043469
3126153,113,1399975,1399874,1043469
3126154,116,1399980,1399873,1043469
3126155,117,1399979,1399874,1043469
3126156,120,1399984,1399873,1043469
3126157,121,1399983,1399874,1043469
3126158,124,1399988,1399873,1043469
3126159,125,1399987,1399874,1043469
3126160,128,1399993,1399873,1043469
3126161,129,1399991,1399874,1043469
3126162,132,1399997,1399873,1043469
3126163,133,1399996,1399874,1043469
3126164,136,1400002,1399873,1043469
3126165,137,1400001,1399874,1043469
3126166,140,1400006,1399873,1043469
3126167,141,1400005,1399874,1043469
3126168,143,1400008,1399873,1043469
3126169,144,1400007,1399874,1043469
3126170,147,1400012,1399873,1043469
3126171,148,1400011,1399874,1043469
3126172,151,1400016,1399873,1043469
3126173,152,1400015,1399874,1043469
3126174,155,1400020,1399873,1043469
3126175,156,1400019,1399874,1043469
3126176,159,1400024,1399873,1043469
3126177,160,1400023,1399874,1043469
3126178,163,1400028,1399873,1043469
3126179,164,1400027,1399874,1043469
3126180,167,1400032,1399873,1043469
3126181,168,1400031,1399874,1043469
3126182,171,1400036,1399873,1043469
3126183,172,1400035,1399874,1043469
3126184,175,1400040,1399873,1043469
3126185,176,1400039,1399874,1043469
3126186,178,1400042,1399873,1043469
3126187,179,1400041,1399874,1043469
3126188,182,1400046,1399873,1043469
3126189,183,1400045,1399874,1043469
3126190,186,1400050,1399873,1043469
3126191,187,1400049,1399874,1043469
3126192,190,1400055,1399873,1043469
3126193,191,1400054,1399874,1043469
3126194,194,1400059,1399873,1043469
3126195,195,1400058,1399874,1043469
3126196,198,1400063,1399873,1043469
3126197,199,1400062,1399874,1043469
3126198,202,1400067,1399873,1043469
3126199,203,1400066,1399874,1043469
3126200,206,1400071,1399873,1043469
3126201,207,1400070,1399874,1043469
3126202,210,1400075,1399873,1043469
3126203,211,1400074,1399874,1043469
3126204,214,1400079,1399873,1043469
3126205,215,1400078,1399874,1043469
3126206,217,1400081,1399873,1043469
3126207,218,1400080,1399874,1043469
3126208,221,1400085,1399873,1043469
3126209,222,1400084,1399874,1043469
3126210,225,1400089,1399873,1043469
3126211,226,1400088,1399874,1043469
3126212,229,1400093,1399873,1043469
3126213,230,1400092,1399874,1043469
3126214,233,1400097,1399873,1043469
3126215,234,1400096,1399874,1043469
3126216,237,1400101,1399873,1043469
3126217,238,1400100,1399874,1043469
3126218,241,1400105,1399873,1043469
3126219,242,1400104,1399874,1043469
3126220,245,1400109,1399873,1043469
3126221,246,1400108,1399874,1043469
3126222,249,1400113,1399873,1043469
3126223,250,1400112,1399874,1043469
3126224,253,1400117,1399873,1043469
3126225,254,1400116,1399874,1043469
3126226,257,1400121,1399873,1043469
3126227,258,1400120,1399874,1043469
3126228,260,1400123,1399873,1043469
3126229,261,1400122,1399874,1043469
3126230,264,1400127,1399873,1043469
3126231,265,1400126,1399874,1043469
3126232,268,1400131,1399873,1043469
3126233,269,1400130,1399874,1043469
3126234,272,1400135,1399873,1043469
3126235,273,1400134,1399874,1043469
3126236,276,1400139,1399873,1043469
3126237,277,1400138,1399874,1043469
3126238,280,1400143,1399873,1043469
3126239,281,1400142,1399874,1043469
3126240,284,1400147,1399873,1043469
3126241,285,1400146,1399874,1043469
3126242,288,1400151,1399873,1043469
3126243,289,1400150,1399874,1043469
3126244,292,1400155,1399873,1043469
3126245,293,1400154,1399874,1043469
3126246,296,1400159,1399873,1043469
3126247,297,1400158,1399874,1043469
3126248,300,1400163,1399873,1043469
3126249,301,1400162,1399874,1043469
3126250,304,1400167,1399873,1043469
3126251,305,1400166,1399874,1043469
3126252,307,1400169,1399873,1043469
3126253,308,1400168,1399874,1043469
3126254,311,1400173,1399873,1043469
3126255,312,1400172,1399874,1043469
3126256,315,1400177,1399873,1043469
3126257,316,1400176,1399874,1043469
3126258,319,1400181,1399873,1043469
3126259,320,1400180,1399874,1043469
3126260,323,1400185,1399873,1043469
3126261,324,1400184,1399874,1043469
3126262,327,1400189,1399873,1043469
3126263,328,1400188,1399874,1043469
3126264,331,1400193,1399873,1043469
3126265,332,1400192,1399874,1043469
3126266,335,1400197,1399873,1043469
3126267,336,1400196,1399874,1043469
3126268,339,1400201,1399873,1043469
3126269,340,1400200,1399874,1043469
3126270,343,1400205,1399873,1043469
3126271,344,1400204,1399874,1043469
3126272,347,1400209,1399873,1043469
3126273,348,1400208,1399874,1043469
3126274,351,1400213,1399873,1043469
3126275,352,1400212,1399874,1043469
3126276,355,1400217,1399873,1043469
3126277,356,1400216,1399874,1043469
3126278,358,1400219,1399873,1043469
3126279,359,1400218,1399874,1043469
3126280,362,1400223,1399873,1043469
3126281,363,1400222,1399874,1043469
3126282,366,1400227,1399873,1043469
3126283,367,1400226,1399874,1043469
3126284,370,1400231,1399873,1043469
3126285,371,1400230,1399874,1043469
3126286,374,1400235,1399873,1043469
3126287,375,1400234,1399874,1043469
3126288,378,1400239,1399873,1043469
3126289,379,1400238,1399874,1043469
3126290,382,1400243,1399873,1043469
3126291,383,1400242,1399874,1043469
3126292,386,1400247,1399873,1043469
3126293,387,1400246,1399874,1043469
3126294,390,1400251,1399873,1043469
3126295,391,1400250,1399874,1043469
3126296,394,1400255,1399873,1043469
3126297,395,1400254,1399874,1043469
3126298,398,1400259,1399873,1043469
3126299,399,1400258,1399874,1043469
3126300,402,1400263,1399873,1043469
3126301,403,1400262,1399874,1043469
3126302,406,1400267,1399873,1043469
3126303,407,1400266,1399874,1043469
3126304,410,1400271,1399873,1043469
3126305,411,1400270,1399874,1043469
3126306,413,1400273,1399873,1043469
3126307,414,1400272,1399874,1043469
3126308,417,1400277,1399873,1043469
3126309,418,1400276,1399874,1043469
3126310,421,1400281,1399873,1043469
3126311,422,1400280,1399874,1043469
3126312,425,1400285,1399873,1043469
3126313,426,1400284,1399874,1043469
3126314,429,1400289,1399873,1043469
3126315,430,1400288,1399874,1043469
3126316,433,1400293,1399873,1043469
3126317,434,1400292,1399874,1043469
3126318,437,1400297,1399873,1043469
3126319,438,1400296,1399874,1043469
3126320,441,1400301,1399873,1043469
3126321,442,1400300,1399874,1043469
3126322,445,1400305,1399873,1043469
3126323,446,1400304,1399874,1043469
3126324,449,1400309,1399873,1043469
3126325,450,1400308,1399874,1043469
3126326,453,1400313,1399873,1043469
3126327,454,1400312,1399874,1043469
3126328,457,1400317,1399873,1043469
3126329,458,1400316,1399874,1043469
3126330,461,1400321,1399873,1043469
3126331,462,1400320,1399874,1043469
3126332,464,1400323,1399873,1043469
3126333,465,1400322,1399874,1043469
3126334,468,1400327,1399873,1043469
3126335,469,1400326,1399874,1043469
3126336,472,1400331,1399873,1043469
3126337,473,1400330,1399874,1043469
3126338,476,1400335,1399873,1043469
3126339,477,1400334,1399874,1043469
3126340,480,1400339,1399873,1043469
3126341,481,1400338,1399874,1043469
3126342,484,1400343,1399873,1043469
3126343,485,1400342,1399874,1043469
3126344,488,1400348,1399873,1043469
3126345,489,1400346,1399874,1043469
3126346,492,1400352,1399873,1043469
3126347,493,1400351,1399874,1043469
3126348,496,1400357,1399873,1043469
3126349,497,1400356,1399874,1043469
3126350,500,1400362,1399873,1043469
3126351,501,1400361,1399874,1043469
3126352,504,1400368,1399873,1043469
3126353,505,1400366,1399874,1043469
3126354,508,1400372,1399873,1043469
3126355,509,1400371,1399874,1043469
3126356,511,1400375,1399873,1043469
3126357,512,1400374,1399874,1043469
3126358,515,1400379,1399873,1043469
3126359,516,1400378,1399874,1043469
3126360,519,1400383,1399873,1043469
3126361,520,1400382,1399874,1043469
3126362,523,1400387,1399873,1043469
3126363,524,1400386,1399874,1043469
3126364,527,1400391,1399873,1043469
3126365,528,1400390,1399874,1043469
3126366,531,1400395,1399873,1043469
3126367,532,1400394,1399874,1043469
3126368,535,1400399,1399873,1043469
3126369,536,1400398,1399874,1043469
3126370,539,1400403,1399873,1043469
3126371,540,1400402,1399874,1043469
3126372,543,1400407,1399873,1043469
3126373,544,1400406,1399874,1043469
3126374,547,1400411,1399873,1043469
3126375,548,1400410,1399874,1043469
3126376,551,1400415,1399873,1043469
3126377,552,1400414,1399874,1043469
3126378,554,1400417,1399873,1043469
3126379,555,1400416,1399874,1043469
3126380,558,1400421,1399873,1043469
3126381,559,1400420,1399874,1043469
3126382,562,1400425,1399873,1043469
3126383,563,1400424,1399874,1043469
3126384,566,1400429,1399873,1043469
3126385,567,1400428,1399874,1043469
3126386,570,1400433,1399873,1043469
3126387,571,1400432,1399874,1043469
3126388,574,1400437,1399873,1043469
3126389,575,1400436,1399874,1043469
3126390,578,1400441,1399873,1043469
3126391,579,1400440,1399874,1043469
3126392,582,1400445,1399873,1043469
3126393,583,1400444,1399874,1043469
3126394,586,1400449,1399873,1043469
3126395,587,1400448,1399874,1043469
3126396,590,1400453,1399873,1043469
3126397,591,1400452,1399874,1043469
3126398,593,1400456,1399873,1043469
3126399,594,1400454,1399874,1043469
3126400,597,1400460,1399873,1043469
3126401,598,1400459,1399874,1043469
3126402,601,1400464,1399873,1043469
3126403,602,1400463,1399874,1043469
3126404,605,1400468,1399873,1043469
3126405,606,1400467,1399874,1043469
3126406,609,1400472,1399873,1043469
3126407,610,1400471,1399874,1043469
3126408,613,1400476,1399873,1043469
3126409,614,1400475,1399874,1043469
3126410,617,1400481,1399873,1043469
3126411,618,1400480,1399874,1043469
3126412,621,1400486,1399873,1043469
3126413,622,1400485,1399874,1043469
3126414,625,1400491,1399873,1043469
3126415,626,1400490,1399874,1043469
3126416,628,1400493,1399873,1043469
3126417,629,1400492,1399874,1043469
3126418,632,1400497,1399873,1043469
3126419,633,1400496,1399874,1043469
3126420,636,1400501,1399873,1043469
3126421,637,1400500,1399874,1043469
3126422,640,1400505,1399873,1043469
3126423,641,1400504,1399874,1043469
3126424,644,1400509,1399873,1043469
3126425,645,1400508,1399874,1043469
3126426,648,1400513,1399873,1043469
3126427,649,1400512,1399874,1043469
3126428,652,1400517,1399873,1043469
3126429,653,1400516,1399874,1043469
3126430,656,1400521,1399873,1043469
3126431,657,1400520,1399874,1043469
3126432,659,1400523,1399873,1043469
3126433,660,1400522,1399874,1043469
3126434,663,1400527,1399873,1043469
3126435,664,1400526,1399874,1043469
3126436,667,1400531,1399873,1043469
3126437,668,1400530,1399874,1043469
3126438,671,1400535,1399873,1043469
3126439,672,1400534,1399874,1043469
3126440,675,1400539,1399873,1043469
3126441,676,1400538,1399874,1043469
3126442,679,1400543,1399873,1043469
3126443,680,1400542,1399874,1043469
3126444,683,1400547,1399873,1043469
3126445,684,1400546,1399874,1043469
3126446,686,1400549,1399873,1043469
3126447,687,1400548,1399874,1043469
3126448,690,1400553,1399873,1043469
3126449,691,1400552,1399874,1043469
3126450,694,1400557,1399873,1043469
3126451,695,1400556,1399874,1043469
3126452,698,1400561,1399873,1043469
3126453,699,1400560,1399874,1043469
3126454,702,1400565,1399873,1043469
3126455,703,1400564,1399874,1043469
3126456,706,1400569,1399873,1043469
3126457,707,1400568,1399874,1043469
3126458,709,1400571,1399873,1043469
3126459,710,1400570,1399874,1043469
3126460,713,1400575,1399873,1043469
3126461,714,1400574,1399874,1043469
3126462,717,1400579,1399873,1043469
3126463,718,1400578,1399874,1043469
3126464,721,1400583,1399873,1043469
3126465,722,1400582,1399874,1043469
3126466,725,1400587,1399873,1043469
3126467,726,1400586,1399874,1043469
3126468,728,1400589,1399873,1043469
3126469,729,1400588,1399874,1043469
3126470,732,1400593,1399873,1043469
3126471,733,1400592,1399874,1043469
3126472,736,1400597,1399873,1043469
3126473,737,1400596,1399874,1043469
3126474,740,1400601,1399873,1043469
3126475,741,1400600,1399874,1043469
3126476,743,1400603,1399873,1043469
3126477,744,1400602,1399874,1043469
3126478,747,1400607,1399873,1043469
3126479,748,1400606,1399874,1043469
3126480,751,1400611,1399873,1043469
3126481,752,1400610,1399874,1043469
3126482,754,1400613,1399873,1043469
3126483,755,1400612,1399874,1043469
3126484,758,1400617,1399873,1043469
3126485,759,1400616,1399874,1043469
3126486,7,87585,1400643,1043535
3126487,2,87588,87587,1043538
3126488,3,87589,87587,1043538
3126489,4,87590,87587,1043538
3126490,5,87591,87587,1043538
3126491,6,87592,87587,1043538
3126492,7,87593,87587,1043538
3126493,8,87594,87587,1043538
3126494,9,87595,87587,1043538
3126495,10,87596,87587,1043538
3126496,11,87597,87587,1043538
3126497,12,87598,87587,1043538
3126498,13,87599,87587,1043538
3126499,14,87600,87587,1043538
3126500,15,87601,87587,1043538
3126501,3,87620,1400707,1245541
3126502,5,87638,1400724,1245542
3126503,3,1400735,1400733,1043540
3126504,4,1400734,1400733,1043540
3126505,6,1400737,1400733,1043540
3126506,7,1400736,1400733,1043540
3126507,10,1400740,1400733,1043540
3126508,11,1400739,1400733,1043540
3126509,14,1400743,1400733,1043540
3126510,15,1400742,1400733,1043540
3126511,18,1400747,1400733,1043540
3126512,19,1400746,1400733,1043540
3126513,21,1400749,1400733,1043540
3126514,22,1400748,1400733,1043540
3126515,26,1400754,1400733,1043540
3126516,27,1400753,1400733,1043540
3126517,29,1400756,1400733,1043540
3126518,30,1400755,1400733,1043540
3126519,5,1401132,1401131,1245543
3126520,34,1400761,1400733,1043540
3126521,35,1400760,1400733,1043540
3126522,38,1400765,1400733,1043540
3126523,39,1400764,1400733,1043540
3126524,41,1400767,1400733,1043540
3126525,42,1400766,1400733,1043540
3126526,45,1400771,1400733,1043540
3126527,46,1400770,1400733,1043540
3126528,50,1400776,1400733,1043540
3126529,51,1400775,1400733,1043540
3126530,53,1400778,1400733,1043540
3126531,54,1400777,1400733,1043540
3126532,57,1400782,1400733,1043540
3126533,58,1400781,1400733,1043540
3126534,62,1400787,1400733,1043540
3126535,63,1400786,1400733,1043540
3126536,66,1400791,1400733,1043540
3126537,67,1400790,1400733,1043540
3126538,69,1400793,1400733,1043540
3126539,70,1400792,1400733,1043540
3126540,73,1400797,1400733,1043540
3126541,74,1400796,1400733,1043540
3126542,77,1400801,1400733,1043540
3126543,78,1400800,1400733,1043540
3126544,82,1400806,1400733,1043540
3126545,83,1400805,1400733,1043540
3126546,85,1400808,1400733,1043540
3126547,86,1400807,1400733,1043540
3126548,89,1400812,1400733,1043540
3126549,90,1400811,1400733,1043540
3126550,93,1400816,1400733,1043540
3126551,94,1400815,1400733,1043540
3126552,98,1400821,1400733,1043540
3126553,99,1400820,1400733,1043540
3126554,102,1400825,1400733,1043540
3126555,103,1400824,1400733,1043540
3126556,105,1400827,1400733,1043540
3126557,106,1400826,1400733,1043540
3126558,109,1400831,1400733,1043540
3126559,110,1400830,1400733,1043540
3126560,113,1400835,1400733,1043540
3126561,114,1400834,1400733,1043540
3126562,117,1400839,1400733,1043540
3126563,118,1400838,1400733,1043540
3126564,122,1400844,1400733,1043540
3126565,123,1400843,1400733,1043540
3126566,125,1400846,1400733,1043540
3126567,126,1400845,1400733,1043540
3126568,129,1400850,1400733,1043540
3126569,130,1400849,1400733,1043540
3126570,133,1400854,1400733,1043540
3126571,134,1400853,1400733,1043540
3126572,137,1400858,1400733,1043540
3126573,138,1400857,1400733,1043540
3126574,142,1400863,1400733,1043540
3126575,143,1400862,1400733,1043540
3126576,146,1400867,1400733,1043540
3126577,147,1400866,1400733,1043540
3126578,149,1400869,1400733,1043540
3126579,150,1400868,1400733,1043540
3126580,153,1400873,1400733,1043540
3126581,154,1400872,1400733,1043540
3126582,157,1400877,1400733,1043540
3126583,158,1400876,1400733,1043540
3126584,161,1400881,1400733,1043540
3126585,162,1400880,1400733,1043540
3126586,165,1400886,1400733,1043540
3126587,166,1400885,1400733,1043540
3126588,170,1400891,1400733,1043540
3126589,171,1400890,1400733,1043540
3126590,173,1400893,1400733,1043540
3126591,174,1400892,1400733,1043540
3126592,177,1400897,1400733,1043540
3126593,178,1400896,1400733,1043540
3126594,181,1400901,1400733,1043540
3126595,182,1400900,1400733,1043540
3126596,185,1400905,1400733,1043540
3126597,186,1400904,1400733,1043540
3126598,189,1400909,1400733,1043540
3126599,190,1400908,1400733,1043540
3126600,194,1400914,1400733,1043540
3126601,195,1400913,1400733,1043540
3126602,198,1400918,1400733,1043540
3126603,199,1400917,1400733,1043540
3126604,201,1400920,1400733,1043540
3126605,202,1400919,1400733,1043540
3126606,205,1400924,1400733,1043540
3126607,206,1400923,1400733,1043540
3126608,209,1400928,1400733,1043540
3126609,210,1400927,1400733,1043540
3126610,213,1400932,1400733,1043540
3126611,214,1400931,1400733,1043540
3126612,217,1400936,1400733,1043540
3126613,218,1400935,1400733,1043540
3126614,221,1400940,1400733,1043540
3126615,222,1400939,1400733,1043540
3126616,226,1400945,1400733,1043540
3126617,227,1400944,1400733,1043540
3126618,229,1400947,1400733,1043540
3126619,230,1400946,1400733,1043540
3126620,233,1400951,1400733,1043540
3126621,234,1400950,1400733,1043540
3126622,237,1400955,1400733,1043540
3126623,238,1400954,1400733,1043540
3126624,241,1400959,1400733,1043540
3126625,242,1400958,1400733,1043540
3126626,245,1400963,1400733,1043540
3126627,246,1400962,1400733,1043540
3126628,250,1400968,1400733,1043540
3126629,251,1400967,1400733,1043540
3126630,254,1400972,1400733,1043540
3126631,255,1400971,1400733,1043540
3126632,257,1400974,1400733,1043540
3126633,258,1400973,1400733,1043540
3126634,261,1400978,1400733,1043540
3126635,262,1400977,1400733,1043540
3126636,265,1400982,1400733,1043540
3126637,266,1400981,1400733,1043540
3126638,269,1400986,1400733,1043540
3126639,270,1400985,1400733,1043540
3126640,273,1400990,1400733,1043540
3126641,274,1400989,1400733,1043540
3126642,278,1400995,1400733,1043540
3126643,279,1400994,1400733,1043540
3126644,281,1400997,1400733,1043540
3126645,282,1400996,1400733,1043540
3126646,285,1401001,1400733,1043540
3126647,286,1401000,1400733,1043540
3126648,289,1401005,1400733,1043540
3126649,290,1401004,1400733,1043540
3126650,293,1401009,1400733,1043540
3126651,294,1401008,1400733,1043540
3126652,298,1401015,1400733,1043540
3126653,299,1401014,1400733,1043540
3126654,302,1401019,1400733,1043540
3126655,303,1401018,1400733,1043540
3126656,305,1401021,1400733,1043540
3126657,306,1401020,1400733,1043540
3126658,309,1401025,1400733,1043540
3126659,310,1401024,1400733,1043540
3126660,313,1401029,1400733,1043540
3126661,314,1401028,1400733,1043540
3126662,317,1401033,1400733,1043540
3126663,318,1401032,1400733,1043540
3126664,322,1401038,1400733,1043540
3126665,323,1401037,1400733,1043540
3126666,325,1401040,1400733,1043540
3126667,326,1401039,1400733,1043540
3126668,329,1401044,1400733,1043540
3126669,330,1401043,1400733,1043540
3126670,333,1401048,1400733,1043540
3126671,334,1401047,1400733,1043540
3126672,338,1401053,1400733,1043540
3126673,339,1401052,1400733,1043540
3126674,342,1401057,1400733,1043540
3126675,343,1401056,1400733,1043540
3126676,345,1401059,1400733,1043540
3126677,346,1401058,1400733,1043540
3126678,349,1401063,1400733,1043540
3126679,350,1401062,1400733,1043540
3126680,353,1401067,1400733,1043540
3126681,354,1401066,1400733,1043540
3126682,358,1401072,1400733,1043540
3126683,359,1401071,1400733,1043540
3126684,361,1401074,1400733,1043540
3126685,362,1401073,1400733,1043540
3126686,365,1401078,1400733,1043540
3126687,366,1401077,1400733,1043540
3126688,370,1401083,1400733,1043540
3126689,371,1401082,1400733,1043540
3126690,374,1401087,1400733,1043540
3126691,375,1401086,1400733,1043540
3126692,377,1401089,1400733,1043540
3126693,378,1401088,1400733,1043540
3126694,381,1401093,1400733,1043540
3126695,382,1401092,1400733,1043540
3126696,386,1401098,1400733,1043540
3126697,387,1401097,1400733,1043540
3126698,389,1401100,1400733,1043540
3126699,390,1401099,1400733,1043540
3126700,394,1401105,1400733,1043540
3126701,395,1401104,1400733,1043540
3126702,398,1401109,1400733,1043540
3126703,399,1401108,1400733,1043540
3126704,401,1401111,1400733,1043540
3126705,402,1401110,1400733,1043540
3126706,406,1401116,1400733,1043540
3126707,407,1401115,1400733,1043540
3126708,410,1401119,1400733,1043540
3126709,411,1401118,1400733,1043540
3126710,414,1401123,1400733,1043540
3126711,415,1401122,1400733,1043540
3126712,418,1401126,1400733,1043540
3126713,419,1401125,1400733,1043540
3126714,5,87739,1401138,1245544
3126715,5,1401147,1401146,1245548
3126716,17,1401159,1401157,1043551
3126717,17,1401166,1401164,1043553
3126718,5,1401184,1401173,1245551
3126719,15,1401185,1401183,1245551
3126720,27,1401186,1401179,1245551
3126721,5,1401263,1401253,1245552
3126722,15,1401264,1401262,1245552
3126723,25,1401265,1401258,1245552
3126724,4,1401333,1401332,1245556
3126725,8,87831,1401383,1043562
3126726,36,87894,731493,1043571
3126727,3,1401977,1401976,1043588
3126728,17,87984,1401993,1043590
3126729,23,1401995,1401994,1043590
3126730,77,1401989,87980,1043590
3126731,205,1402113,1402068,1043579
3126732,134,88172,1402228,1245564
3126733,334,1402057,1402056,1043579
3126734,371,1402027,1402026,1043579
3126735,6,1402397,1402396,1043630
3126736,10,1402399,1402398,1043630
3126737,16,1402600,1402599,1043677
3126738,27,1402753,1402752,1043719
3126739,55,1402759,1402748,1043719
3126740,8,88904,1402816,1043726
3126741,3,90149,90154,1043935
3126742,13,90145,90132,1043937
3126743,14,90146,90132,1043937
3126744,52,1403763,1403762,1043943
3126745,54,1403765,1403764,1043943
3126746,56,1403767,1403766,1043943
3126747,58,1403769,1403768,1043943
3126748,60,1403771,1403770,1043943
3126749,62,1403773,1403772,1043943
3126750,74,1403785,1403784,1043943
3126751,76,1403787,1403786,1043943
3126752,78,1403789,1403788,1043943
3126753,80,1403791,1403790,1043943
3126754,82,1403793,1403792,1043943
3126755,84,1403795,1403794,1043943
3126756,103,1403814,1403813,1043943
3126757,15,90304,1403906,1043960
3126758,36,90320,1403906,1043960
3126759,56,1403907,1403906,1043960
3126760,5,1403996,1403995,1245634
3126761,14,1403994,1403993,1245634
3126762,5,1404293,1404292,1044067
3126763,12,1404302,1404294,1044067
3126764,14,1404297,1404295,1044067
3126765,16,1404298,1404297,1044067
3126766,22,1404303,1404302,1044067
3126767,9,1404316,1404315,1044069
3126768,15,1404319,1404317,1044069
3126769,18,1404322,1404320,1044069
3126770,17,1404333,1404332,1245661
3126771,33,1404335,1404334,1245661
3126772,37,1404341,1404340,1245661
3126773,41,1404343,1404342,1245661
3126774,42,1404344,1404343,1245661
3126775,47,1404354,1404353,1245661
3126776,53,90766,1404351,1245661
3126777,55,90768,1404352,1245661
3126778,59,1404346,1404345,1245661
3126779,60,1404347,1404346,1245661
3126780,66,1404350,1404348,1245661
3126781,80,90774,1404337,1245661
3126782,10,1404392,1404391,1245662
3126783,22,1404409,1404401,1245662
3126784,24,1404404,1404402,1245662
3126785,26,1404407,1404404,1245662
3126786,32,1404410,1404409,1245662
3126787,35,1404413,1404411,1245662
3126788,46,1404400,1404397,1245662
3126789,15,1404443,1404442,1044079
3126790,19,90805,1404451,1044079
3126791,21,90807,1404452,1044079
3126792,32,1404450,1404447,1044079
3126793,45,1404446,1404444,1044079
3126794,9,1404490,1404489,1245663
3126795,12,1404501,1404500,1245663
3126796,16,1404504,1404503,1245663
3126797,5,90919,1404558,1044119
3126798,209,1404772,1404771,1245676
3126799,6,1405116,1405111,1044278
3126800,12,1405120,1405111,1044278
3126801,18,1405126,1405111,1044278
3126802,24,1405130,1405111,1044278
3126803,30,1405136,1405111,1044278
3126804,36,1405140,1405111,1044278
3126805,42,1405146,1405111,1044278
3126806,48,1405150,1405111,1044278
3126807,54,1405156,1405111,1044278
3126808,60,1405160,1405111,1044278
3126809,9,1405167,91604,1245701
3126810,2,1405190,1405189,1044282
3126811,4,1405193,1405189,1044282
3126812,9,1405195,1405189,1044282
3126813,13,1405197,1405189,1044282
3126814,17,1405199,1405189,1044282
3126815,21,1405201,1405189,1044282
3126816,25,1405203,1405189,1044282
3126817,11,1405213,1405212,1044274
3126818,23,1405232,1405213,1044274
3126819,28,1405237,1405213,1044274
3126820,37,1405244,1405213,1044274
3126821,42,1405249,1405213,1044274
3126822,59,1405218,1405217,1044274
3126823,11,1405385,1405384,1044320
3126824,23,1405394,1405385,1044320
3126825,28,1405399,1405385,1044320
3126826,36,1405405,1405385,1044320
3126827,41,1405410,1405385,1044320
3126828,57,1405390,1405389,1044320
3126829,4,1406321,1406318,1044430
3126830,5,1406320,1406319,1044430
3126831,7,1406323,1406318,1044430
3126832,8,1406322,1406319,1044430
3126833,10,1406325,1406318,1044430
3126834,11,1406324,1406319,1044430
3126835,14,1406329,1406318,1044430
3126836,15,1406328,1406319,1044430
3126837,17,1406331,1406318,1044430
3126838,18,1406330,1406319,1044430
3126839,21,1406335,1406318,1044430
3126840,22,1406334,1406319,1044430
3126841,25,1406339,1406318,1044430
3126842,26,1406338,1406319,1044430
3126843,28,1406341,1406318,1044430
3126844,29,1406340,1406319,1044430
3126845,32,1406345,1406318,1044430
3126846,33,1406344,1406319,1044430
3126847,36,1406349,1406318,1044430
3126848,37,1406348,1406319,1044430
3126849,40,1406353,1406318,1044430
3126850,41,1406352,1406319,1044430
3126851,43,1406355,1406318,1044430
3126852,44,1406354,1406319,1044430
3126853,47,1406359,1406318,1044430
3126854,48,1406358,1406319,1044430
3126855,51,1406363,1406318,1044430
3126856,52,1406362,1406319,1044430
3126857,55,1406367,1406318,1044430
3126858,56,1406366,1406319,1044430
3126859,59,1406371,1406318,1044430
3126860,60,1406370,1406319,1044430
3126861,62,1406373,1406318,1044430
3126862,63,1406372,1406319,1044430
3126863,66,1406377,1406318,1044430
3126864,67,1406376,1406319,1044430
3126865,70,1406381,1406318,1044430
3126866,71,1406380,1406319,1044430
3126867,74,1406385,1406318,1044430
3126868,75,1406384,1406319,1044430
3126869,78,1406389,1406318,1044430
3126870,79,1406388,1406319,1044430
3126871,82,1406393,1406318,1044430
3126872,83,1406392,1406319,1044430
3126873,85,1406395,1406318,1044430
3126874,86,1406394,1406319,1044430
3126875,89,1406399,1406318,1044430
3126876,90,1406398,1406319,1044430
3126877,93,1406403,1406318,1044430
3126878,94,1406402,1406319,1044430
3126879,97,1406407,1406318,1044430
3126880,98,1406406,1406319,1044430
3126881,101,1406411,1406318,1044430
3126882,102,1406410,1406319,1044430
3126883,105,1406415,1406318,1044430
3126884,106,1406414,1406319,1044430
3126885,109,1406419,1406318,1044430
3126886,110,1406418,1406319,1044430
3126887,112,1406421,1406318,1044430
3126888,113,1406420,1406319,1044430
3126889,116,1406425,1406318,1044430
3126890,117,1406424,1406319,1044430
3126891,120,1406429,1406318,1044430
3126892,121,1406428,1406319,1044430
3126893,124,1406433,1406318,1044430
3126894,125,1406432,1406319,1044430
3126895,128,1406437,1406318,1044430
3126896,129,1406436,1406319,1044430
3126897,132,1406441,1406318,1044430
3126898,133,1406440,1406319,1044430
3126899,136,1406445,1406318,1044430
3126900,137,1406444,1406319,1044430
3126901,140,1406449,1406318,1044430
3126902,141,1406448,1406319,1044430
3126903,143,1406451,1406318,1044430
3126904,144,1406450,1406319,1044430
3126905,147,1406455,1406318,1044430
3126906,148,1406454,1406319,1044430
3126907,151,1406459,1406318,1044430
3126908,152,1406458,1406319,1044430
3126909,155,1406463,1406318,1044430
3126910,156,1406462,1406319,1044430
3126911,159,1406467,1406318,1044430
3126912,160,1406466,1406319,1044430
3126913,163,1406472,1406318,1044430
3126914,164,1406471,1406319,1044430
3126915,167,1406476,1406318,1044430
3126916,168,1406475,1406319,1044430
3126917,171,1406480,1406318,1044430
3126918,172,1406479,1406319,1044430
3126919,175,1406484,1406318,1044430
3126920,176,1406483,1406319,1044430
3126921,178,1406486,1406318,1044430
3126922,179,1406485,1406319,1044430
3126923,182,1406490,1406318,1044430
3126924,183,1406489,1406319,1044430
3126925,186,1406494,1406318,1044430
3126926,187,1406493,1406319,1044430
3126927,190,1406498,1406318,1044430
3126928,191,1406497,1406319,1044430
3126929,194,1406502,1406318,1044430
3126930,195,1406501,1406319,1044430
3126931,198,1406506,1406318,1044430
3126932,199,1406505,1406319,1044430
3126933,202,1406510,1406318,1044430
3126934,203,1406509,1406319,1044430
3126935,206,1406514,1406318,1044430
3126936,207,1406513,1406319,1044430
3126937,210,1406518,1406318,1044430
3126938,211,1406517,1406319,1044430
3126939,214,1406522,1406318,1044430
3126940,215,1406521,1406319,1044430
3126941,217,1406524,1406318,1044430
3126942,218,1406523,1406319,1044430
3126943,221,1406528,1406318,1044430
3126944,222,1406527,1406319,1044430
3126945,225,1406532,1406318,1044430
3126946,226,1406531,1406319,1044430
3126947,229,1406536,1406318,1044430
3126948,230,1406535,1406319,1044430
3126949,233,1406540,1406318,1044430
3126950,234,1406539,1406319,1044430
3126951,237,1406544,1406318,1044430
3126952,238,1406543,1406319,1044430
3126953,241,1406548,1406318,1044430
3126954,242,1406547,1406319,1044430
3126955,245,1406552,1406318,1044430
3126956,246,1406551,1406319,1044430
3126957,249,1406556,1406318,1044430
3126958,250,1406555,1406319,1044430
3126959,252,1406558,1406318,1044430
3126960,253,1406557,1406319,1044430
3126961,256,1406562,1406318,1044430
3126962,257,1406561,1406319,1044430
3126963,260,1406566,1406318,1044430
3126964,261,1406565,1406319,1044430
3126965,264,1406570,1406318,1044430
3126966,265,1406569,1406319,1044430
3126967,268,1406574,1406318,1044430
3126968,269,1406573,1406319,1044430
3126969,272,1406578,1406318,1044430
3126970,273,1406577,1406319,1044430
3126971,276,1406582,1406318,1044430
3126972,277,1406581,1406319,1044430
3126973,280,1406586,1406318,1044430
3126974,281,1406585,1406319,1044430
3126975,283,1406588,1406318,1044430
3126976,284,1406587,1406319,1044430
3126977,287,1406592,1406318,1044430
3126978,288,1406591,1406319,1044430
3126979,291,1406596,1406318,1044430
3126980,292,1406595,1406319,1044430
3126981,295,1406600,1406318,1044430
3126982,296,1406599,1406319,1044430
3126983,299,1406604,1406318,1044430
3126984,300,1406603,1406319,1044430
3126985,303,1406608,1406318,1044430
3126986,304,1406607,1406319,1044430
3126987,307,1406612,1406318,1044430
3126988,308,1406611,1406319,1044430
3126989,310,1406614,1406318,1044430
3126990,311,1406613,1406319,1044430
3126991,314,1406618,1406318,1044430
3126992,315,1406617,1406319,1044430
3126993,318,1406622,1406318,1044430
3126994,319,1406621,1406319,1044430
3126995,322,1406626,1406318,1044430
3126996,323,1406625,1406319,1044430
3126997,326,1406630,1406318,1044430
3126998,327,1406629,1406319,1044430
3126999,330,1406634,1406318,1044430
3127000,331,1406633,1406319,1044430
3127001,333,1406636,1406318,1044430
3127002,334,1406635,1406319,1044430
3127003,337,1406640,1406318,1044430
3127004,338,1406639,1406319,1044430
3127005,341,1406644,1406318,1044430
3127006,342,1406643,1406319,1044430
3127007,345,1406648,1406318,1044430
3127008,346,1406647,1406319,1044430
3127009,349,1406652,1406318,1044430
3127010,350,1406651,1406319,1044430
3127011,352,1406654,1406318,1044430
3127012,353,1406653,1406319,1044430
3127013,356,1406658,1406318,1044430
3127014,357,1406657,1406319,1044430
3127015,360,1406662,1406318,1044430
3127016,361,1406661,1406319,1044430
3127017,364,1406666,1406318,1044430
3127018,365,1406665,1406319,1044430
3127019,367,1406668,1406318,1044430
3127020,368,1406667,1406319,1044430
3127021,371,1406672,1406318,1044430
3127022,372,1406671,1406319,1044430
3127023,375,1406676,1406318,1044430
3127024,376,1406675,1406319,1044430
3127025,378,1406678,1406318,1044430
3127026,379,1406677,1406319,1044430
3127027,382,1406682,1406318,1044430
3127028,383,1406681,1406319,1044430
3127029,2,92198,92197,1044436
3127030,3,92199,92197,1044436
3127031,4,92200,92197,1044436
3127032,5,92201,92197,1044436
3127033,6,92202,92197,1044436
3127034,7,92203,92197,1044436
3127035,8,92204,92197,1044436
3127036,9,92205,92197,1044436
3127037,10,92206,92197,1044436
3127038,11,92207,92197,1044436
3127039,3,1406702,1406700,1044441
3127040,4,1406701,1406700,1044441
3127041,6,1406704,1406700,1044441
3127042,7,1406703,1406700,1044441
3127043,10,1406707,1406700,1044441
3127044,11,1406706,1406700,1044441
3127045,14,1406710,1406700,1044441
3127046,15,1406709,1406700,1044441
3127047,18,1406714,1406700,1044441
3127048,19,1406713,1406700,1044441
3127049,21,1406716,1406700,1044441
3127050,22,1406715,1406700,1044441
3127051,26,1406721,1406700,1044441
3127052,27,1406720,1406700,1044441
3127053,29,1406723,1406700,1044441
3127054,30,1406722,1406700,1044441
3127055,34,1406728,1406700,1044441
3127056,35,1406727,1406700,1044441
3127057,38,1406732,1406700,1044441
3127058,39,1406731,1406700,1044441
3127059,41,1406734,1406700,1044441
3127060,42,1406733,1406700,1044441
3127061,45,1406738,1406700,1044441
3127062,46,1406737,1406700,1044441
3127063,50,1406743,1406700,1044441
3127064,51,1406742,1406700,1044441
3127065,53,1406745,1406700,1044441
3127066,54,1406744,1406700,1044441
3127067,57,1406749,1406700,1044441
3127068,58,1406748,1406700,1044441
3127069,62,1406754,1406700,1044441
3127070,63,1406753,1406700,1044441
3127071,66,1406758,1406700,1044441
3127072,67,1406757,1406700,1044441
3127073,69,1406760,1406700,1044441
3127074,70,1406759,1406700,1044441
3127075,73,1406764,1406700,1044441
3127076,74,1406763,1406700,1044441
3127077,77,1406768,1406700,1044441
3127078,78,1406767,1406700,1044441
3127079,82,1406773,1406700,1044441
3127080,83,1406772,1406700,1044441
3127081,85,1406775,1406700,1044441
3127082,86,1406774,1406700,1044441
3127083,89,1406779,1406700,1044441
3127084,90,1406778,1406700,1044441
3127085,93,1406783,1406700,1044441
3127086,94,1406782,1406700,1044441
3127087,98,1406788,1406700,1044441
3127088,99,1406787,1406700,1044441
3127089,102,1406792,1406700,1044441
3127090,103,1406791,1406700,1044441
3127091,105,1406794,1406700,1044441
3127092,106,1406793,1406700,1044441
3127093,109,1406798,1406700,1044441
3127094,110,1406797,1406700,1044441
3127095,113,1406802,1406700,1044441
3127096,114,1406801,1406700,1044441
3127097,117,1406806,1406700,1044441
3127098,118,1406805,1406700,1044441
3127099,122,1406811,1406700,1044441
3127100,123,1406810,1406700,1044441
3127101,125,1406813,1406700,1044441
3127102,126,1406812,1406700,1044441
3127103,129,1406817,1406700,1044441
3127104,130,1406816,1406700,1044441
3127105,133,1406821,1406700,1044441
3127106,134,1406820,1406700,1044441
3127107,138,1406826,1406700,1044441
3127108,139,1406825,1406700,1044441
3127109,142,1406830,1406700,1044441
3127110,143,1406829,1406700,1044441
3127111,145,1406832,1406700,1044441
3127112,146,1406831,1406700,1044441
3127113,149,1406836,1406700,1044441
3127114,150,1406835,1406700,1044441
3127115,153,1406840,1406700,1044441
3127116,154,1406839,1406700,1044441
3127117,158,1406845,1406700,1044441
3127118,159,1406844,1406700,1044441
3127119,161,1406847,1406700,1044441
3127120,162,1406846,1406700,1044441
3127121,165,1406851,1406700,1044441
3127122,166,1406850,1406700,1044441
3127123,170,1406856,1406700,1044441
3127124,171,1406855,1406700,1044441
3127125,174,1406860,1406700,1044441
3127126,175,1406859,1406700,1044441
3127127,177,1406862,1406700,1044441
3127128,178,1406861,1406700,1044441
3127129,181,1406866,1406700,1044441
3127130,182,1406865,1406700,1044441
3127131,186,1406871,1406700,1044441
3127132,187,1406870,1406700,1044441
3127133,189,1406873,1406700,1044441
3127134,190,1406872,1406700,1044441
3127135,194,1406878,1406700,1044441
3127136,195,1406877,1406700,1044441
3127137,198,1406882,1406700,1044441
3127138,199,1406881,1406700,1044441
3127139,201,1406884,1406700,1044441
3127140,202,1406883,1406700,1044441
3127141,206,1406889,1406700,1044441
3127142,207,1406888,1406700,1044441
3127143,210,1406892,1406700,1044441
3127144,211,1406891,1406700,1044441
3127145,214,1406896,1406700,1044441
3127146,215,1406895,1406700,1044441
3127147,218,1406899,1406700,1044441
3127148,219,1406898,1406700,1044441
3127149,15,1407283,1407282,1044572
3127150,21,1407284,1407282,1044572
3127151,34,92932,92911,1044580
3127152,8,92966,92948,1044585
3127153,11,92979,92948,1044585
3127154,15,1407435,1407434,1044601
3127155,7,1408034,1408031,1245744
3127156,30,93769,93790,1245746
3127157,54,93782,93790,1245746
3127158,78,1408084,93790,1245746
3127159,9,1408137,1408136,1044736
3127160,9,1408222,1408214,1044747
3127161,46,1408488,1408487,1044818
3127162,24,94186,1408543,1044826
3127163,23,94200,1408564,1044830
3127164,33,1408566,1408564,1044830
3127165,23,94210,1408605,1044850
3127166,33,1408607,1408605,1044850
3127167,23,94221,1408639,1044858
3127168,33,94223,1408639,1044858
3127169,23,94238,1408670,1044868
3127170,33,94240,1408670,1044868
3127171,23,94249,1408694,1044874
3127172,33,94251,1408694,1044874
3127173,23,94272,1408717,1044880
3127174,33,94277,1408717,1044880
3127175,26,1408783,1408782,1044886
3127176,92,1408763,1408754,1044884
3127177,115,1408770,1408765,1044884
3127178,4,1408891,1408890,1245779
3127179,19,1408894,1408893,1245779
3127180,33,1408902,1408901,1245779
3127181,40,1408906,1408905,1245779
3127182,42,94373,1408907,1245779
3127183,45,1408909,1408908,1245779
3127184,50,1408911,1408910,1245779
3127185,21,1408925,1408924,1044898
3127186,55,1408913,1408912,1245779
3127187,63,1408916,1408915,1245779
3127188,68,1408918,1408917,1245779
3127189,3,1409050,1409049,1245781
3127190,3,1409056,1409055,1245782
3127191,3,1409062,1409061,1245783
3127192,4,1409070,1409068,1044912
3127193,5,1409077,1409076,1044914
3127194,9,1409081,1409079,1044914
3127195,17,1409121,1409119,1044924
3127196,19,94488,1409120,1044924
3127197,6,1409141,1409139,1044930
3127198,13,1409145,1409143,1044930
3127199,5,1409155,1409153,1245788
3127200,4,1409163,1409162,1044937
3127201,9,1409198,1409197,1044939
3127202,7,1409496,734838,1245819
3127203,11,1409528,1409527,1045126
3127204,17,1409531,1409530,1045126
3127205,23,1409534,1409533,1045126
3127206,55,1409540,1409539,1045126
3127207,94,1409620,1409617,1045126
3127208,98,1409631,1409617,1045126
3127209,102,1409633,1409617,1045126
3127210,106,1409635,1409617,1045126
3127211,110,1409637,1409617,1045126
3127212,138,1409659,1409617,1045126
3127213,142,1409622,1409617,1045126
3127214,146,1409624,1409617,1045126
3127215,150,1409626,1409617,1045126
3127216,154,1409628,1409617,1045126
3127217,33,94852,734886,1245826
3127218,191,1409567,1409566,1045126
3127219,197,1409571,1409570,1045126
3127220,203,1409575,1409574,1045126
3127221,209,1409580,1409578,1045126
3127222,215,1409586,1409585,1045126
3127223,221,1409590,1409589,1045126
3127224,227,1409594,1409593,1045126
3127225,233,1409598,1409597,1045126
3127226,239,1409602,1409601,1045126
3127227,245,1409606,1409605,1045126
3127228,251,1409611,1409610,1045126
3127229,257,1409616,1409615,1045126
3127230,289,1409546,1409545,1045126
3127231,295,1409550,1409549,1045126
3127232,301,1409554,1409553,1045126
3127233,307,1409558,1409557,1045126
3127234,313,1409563,1409561,1045126
3127235,26,94961,734922,1045155
3127236,48,94972,734928,1045155
3127237,93,94979,1409875,1045155
3127238,96,94983,1409876,1045155
3127239,47,95137,1409986,1045221
3127240,74,1410694,1410693,1245899
3127241,77,1410697,1410696,1245899
3127242,80,1410700,1410699,1245899
3127243,99,1410703,1410702,1245899
3127244,103,1410721,1410720,1245899
3127245,107,1410724,1410723,1245899
3127246,115,1410727,1410726,1245899
3127247,122,1410732,1410731,1245899
3127248,126,1410712,1410711,1245899
3127249,130,1410715,1410714,1245899
3127250,138,1410718,1410717,1245899
3127251,146,1410736,1410735,1245899
3127252,149,1410739,1410738,1245899
3127253,158,1410706,1410705,1245899
3127254,162,1410709,1410708,1245899
3127255,23,1411073,735481,1045413
3127256,90,95789,735481,1045413
3127257,120,95814,735481,1045413
3127258,14,95878,95875,1045454
3127259,31,95882,95875,1045454
3127260,47,1411192,95875,1045454
3127261,86,1411183,95875,1045454
3127262,105,1411181,95875,1045454
3127263,14,95923,735572,1045467
3127264,42,1411685,1411700,1045571
3127265,46,1411686,1411685,1045571
3127266,11,1411771,1411767,1245940
3127267,14,1411772,1411771,1245940
3127268,41,1411869,1411868,1045593
3127269,52,1411863,1411862,1045593
3127270,63,1411859,1411857,1045593
3127271,38,1411971,1411969,1045604
3127272,16,96380,1412049,1045619
3127273,25,1412122,735781,1045630
3127274,36,1412121,735784,1045630
3127275,15,96492,1412164,1045642
3127276,14,1412247,735822,1045673
3127277,261,1412676,96882,1045757
3127278,383,1412665,1412698,1045757
3127279,385,1412666,1412606,1045757
3127280,401,1412662,96882,1045757
3127281,402,1412660,1412698,1045757
3127282,436,1412653,1412652,1045757
3127283,443,1412655,1412698,1045757
3127284,447,1412659,1412657,1045757
3127285,448,1412658,96882,1045757
3127286,479,1412639,1412638,1045757
3127287,481,1412640,1412606,1045757
3127288,484,1412643,1412642,1045757
3127289,486,1412644,1412606,1045757
3127290,13,1413008,736161,1045834
3127291,20,1413040,1413048,1045838
3127292,27,1413100,1413099,1045854
3127293,22,97118,736274,1045883
3127294,12,1413271,736294,1045894
3127295,54,1413315,1413314,1045903
3127296,59,1413303,1413302,1045903
3127297,72,1413306,1413305,1045903
3127298,75,1413308,1413307,1045903
3127299,88,1413312,1413311,1045903
3127300,106,1413301,1413300,1045903
3127301,117,1413299,1413298,1045903
3127302,9,97235,1413417,1246006
3127303,12,97245,1413417,1246006
3127304,7,1413508,1413505,1045974
3127305,35,97373,736373,1045959
3127306,40,1413686,1413685,1246017
3127307,20,1413736,1413734,1246018
3127308,23,1413901,97696,1046115
3127309,9,97771,1413951,1046121
3127310,10,1414394,98223,1046321
3127311,25,1414395,1414374,1046321
3127312,41,98251,1414376,1046321
3127313,17,1414425,1414422,1246084
3127314,10,1414466,1414456,1046373
3127315,29,1414459,98294,1046373
3127316,9,1414696,1414694,1046511
3127317,5,1414739,1414738,1046518
3127318,23,98591,1414736,1046518
3127319,32,98693,98703,1046562
3127320,48,98903,736962,1046607
3127321,55,98922,736962,1046607
3127322,9,1415487,1415486,1246126
3127323,200,1415166,737039,1046567
3127324,229,1415155,737041,1046567
3127325,231,1415154,737041,1046567
3127326,18,99122,737051,1246133
3127327,30,99141,737069,1246133
3127328,37,99166,737051,1246133
3127329,21,1415613,737105,1046646
3127330,29,1415617,1415614,1046646
3127331,462,1415368,737044,1046567
3127332,49,1415609,1415608,1046646
3127333,498,1415204,737114,1046567
3127334,24,99213,99218,1246134
3127335,668,1415110,1415391,1046567
3127336,671,1415111,1415394,1046567
3127337,678,1415116,1415393,1046567
3127338,684,1415120,1415392,1046567
3127339,700,1415099,1415392,1046567
3127340,704,1415104,1415393,1046567
3127341,708,1415106,1415394,1046567
3127342,712,1415108,1415391,1046567
3127343,763,1415214,1415328,1046567
3127344,771,1415096,1415328,1046567
3127345,773,1415409,1415328,1046567
3127346,939,1415083,99491,1046567
3127347,966,1415067,99491,1046567
3127348,1007,1415041,1415293,1046567
3127349,1008,1415042,99539,1046567
3127350,50,99623,1415836,1046723
3127351,27,1416164,1416020,1046779
3127352,30,1416166,1416020,1046779
3127353,34,1416169,1416020,1046779
3127354,38,1416172,1416020,1046779
3127355,42,1416175,1416020,1046779
3127356,46,1416178,1416020,1046779
3127357,50,1416181,1416020,1046779
3127358,54,1416184,1416020,1046779
3127359,74,1416161,1416020,1046779
3127360,107,1416147,1416020,1046779
3127361,128,1416139,1416020,1046779
3127362,131,1416140,1416020,1046779
3127363,142,1416135,1416020,1046779
3127364,167,1416127,1416020,1046779
3127365,184,1416123,1416020,1046779
3127366,214,1416101,1416020,1046779
3127367,218,1416105,1416020,1046779
3127368,223,1416110,1416020,1046779
3127369,237,1416098,1416090,1046779
3127370,238,1416093,1416020,1046779
3127371,240,1416092,1416091,1046779
3127372,243,1416095,1416094,1046779
3127373,281,1416074,1416020,1046779
3127374,287,1416079,1416020,1046779
3127375,292,1416082,1416020,1046779
3127376,322,1416063,1416020,1046779
3127377,325,1416064,99737,1046779
3127378,329,1416066,99735,1046779
3127379,333,1416068,99737,1046779
3127380,366,1416047,1416020,1046779
3127381,370,1416050,1416020,1046779
3127382,374,1416054,1416020,1046779
3127383,387,1416044,1416036,1046779
3127384,388,1416039,1416020,1046779
3127385,390,1416038,1416037,1046779
3127386,393,1416041,1416040,1046779
3127387,413,99759,1416020,1046779
3127388,418,1416021,1416020,1046779
3127389,420,1416022,1416020,1046779
3127390,423,1416026,1416020,1046779
3127391,7,1416465,1416430,1046886
3127392,27,1416467,1416430,1046886
3127393,44,1416460,1416431,1046886
3127394,69,1416455,1416431,1046886
3127395,126,1416448,1416431,1046886
3127396,189,1416444,1416431,1046886
3127397,215,1416438,1416431,1046886
3127398,44,1416594,100066,1246196
3127399,73,1416607,100066,1246196
3127400,83,1416600,100066,1246196
3127401,7,1416795,1416698,1046904
3127402,9,1416797,1416698,1046904
3127403,90,1416602,100066,1246196
3127404,108,1416610,100066,1246196
3127405,114,1416611,100066,1246196
3127406,125,1416619,100066,1246196
3127407,37,1416799,1416698,1046904
3127408,39,1416800,1416698,1046904
3127409,59,1416787,1416696,1046904
3127410,63,1416789,1416696,1046904
3127411,78,1416784,1416696,1046904
3127412,106,1416773,1416696,1046904
3127413,109,1416774,1416696,1046904
3127414,151,1416869,1416698,1046904
3127415,182,1416874,1416698,1046904
3127416,239,1416746,1416696,1046904
3127417,243,1416748,1416696,1046904
3127418,332,1416734,1416698,1046904
3127419,359,1416739,1416698,1046904
3127420,365,1416742,1416698,1046904
3127421,386,1416729,1416698,1046904
3127422,407,1416723,1416696,1046904
3127423,411,1416725,1416696,1046904
3127424,425,1416720,1416696,1046904
3127425,452,1416711,1416696,1046904
3127426,464,1416706,1416696,1046904
3127427,467,1416707,1416696,1046904
3127428,54,1417314,737646,1047035
3127429,63,1417315,737646,1047035
3127430,66,1417316,737646,1047035
3127431,58,1417282,1417260,1047005
3127432,67,1417283,1417260,1047005
3127433,76,1417284,1417260,1047005
3127434,48,1417450,1417444,1047073
3127435,51,1417452,1417444,1047073
3127436,74,100822,1417444,1047073
3127437,15,1417508,1417507,1047102
3127438,35,100851,100842,1047102
3127439,38,1417539,100886,1047115
3127440,44,1417573,100886,1047115
3127441,58,100896,100886,1047115
3127442,79,1417570,1417569,1047115
3127443,90,100910,1417556,1047115
3127444,115,1417544,100886,1047115
3127445,124,1417554,100886,1047115
3127446,135,1417555,1417550,1047115
3127447,9,1417732,1417729,1047117
3127448,7,1417869,1417868,1047148
3127449,12,1417926,1417925,1047160
3127450,26,1417929,1417928,1047160
3127451,3,1417971,1417970,1246228
3127452,12,1417974,1417973,1246228
3127453,102,1418153,1418152,1047221
3127454,4,1418831,1418830,1047458
3127455,9,1418931,1418930,1047529
3127456,47,1418937,1418936,1047529
3127457,4,1419096,1419061,1047545
3127458,18,1419164,738529,1047557
3127459,85,1419090,1419061,1047545
3127460,12,102259,102254,1047568
3127461,4,1419280,1419278,1047595
3127462,2,1419271,1419270,1047593
3127463,3,1419317,1419315,1047600
3127464,5,102372,1419329,1047609
3127465,8,1419357,738683,1047618
3127466,8,1419378,738695,1047625
3127467,7,102415,738704,1246300
3127468,113,1419584,738771,1047636
3127469,115,1419588,738771,1047636
3127470,117,1419589,738771,1047636
3127471,119,1419590,738771,1047636
3127472,123,1419601,738771,1047636
3127473,127,1419586,738771,1047636
3127474,131,1419587,738771,1047636
3127475,22,1419867,1419857,1047739
3127476,25,1419869,1419857,1047739
3127477,31,1419897,1419857,1047739
3127478,34,1419898,1419857,1047739
3127479,37,102981,1419857,1047739
3127480,42,1419870,1419857,1047739
3127481,49,1419871,1419857,1047739
3127482,56,1419872,1419857,1047739
3127483,63,1419873,1419857,1047739
3127484,70,1419874,1419857,1047739
3127485,77,1419875,1419857,1047739
3127486,85,103027,1419857,1047739
3127487,13,1420096,1420088,1047866
3127488,15,1420097,1420089,1047866
3127489,23,1420104,1420088,1047866
3127490,41,1420093,1420088,1047866
3127491,47,1420092,1420088,1047866
3127492,13,1420147,1420140,1047870
3127493,15,1420148,1420141,1047870
3127494,23,1420162,1420140,1047870
3127495,40,1420145,1420140,1047870
3127496,45,1420144,1420140,1047870
3127497,11,1420189,1420188,1047888
3127498,22,1420281,103193,1047907
3127499,10,1420342,103236,1047929
3127500,74,1420470,1420469,1047957
3127501,88,1420480,1420479,1047957
3127502,93,1420513,1420490,1047957
3127503,103,1420483,103381,1047957
3127504,111,103382,1420484,1047957
3127505,117,1420488,1420487,1047957
3127506,4,1420550,739078,1246358
3127507,14,1420552,739078,1246358
3127508,9,103422,103427,1047992
3127509,29,1420570,1420569,1047992
3127510,45,1420599,1420598,1047992
3127511,50,1420609,1420585,1047992
3127512,63,1420582,1420581,1047992
3127513,68,103450,1420583,1047992
3127514,5,103471,103474,1048021
3127515,22,103482,103474,1048021
3127516,15,1420753,1420741,1048032
3127517,27,1420744,1420741,1048032
3127518,43,1420749,1420741,1048032
3127519,9,1420838,1420832,1048025
3127520,42,1420847,1420846,1048025
3127521,47,1420827,1420826,1048025
3127522,79,1420803,1420800,1048025
3127523,82,1420806,1420800,1048025
3127524,83,1420805,1420800,1048025
3127525,95,1420812,1420801,1048025
3127526,98,1420816,1420801,1048025
3127527,99,1420815,1420801,1048025
3127528,17,1420963,103546,1048053
3127529,128,1420799,1420795,1048025
3127530,31,103614,739157,1048080
3127531,35,1421096,739157,1048080
3127532,33,1421127,103622,1048084
3127533,39,1421184,103622,1048084
3127534,8,1421183,1421179,1048082
3127535,28,1421046,1421045,1048082
3127536,33,1421166,1421163,1048082
3127537,11,1421272,1421271,1048101
3127538,49,1421094,1421168,1048082
3127539,52,1421101,1421168,1048082
3127540,53,1421099,1421168,1048082
3127541,68,1421114,1421171,1048082
3127542,71,1421121,1421171,1048082
3127543,72,1421118,1421171,1048082
3127544,43,1421279,1421278,1048101
3127545,128,1421063,1421168,1048082
3127546,131,1421066,1421168,1048082
3127547,132,1421065,1421168,1048082
3127548,142,1421072,1421171,1048082
3127549,145,1421075,1421171,1048082
3127550,146,1421074,1421171,1048082
3127551,170,1421050,1421168,1048082
3127552,171,1421049,1421168,1048082
3127553,174,1421051,1421168,1048082
3127554,188,1421056,1421171,1048082
3127555,189,1421055,1421171,1048082
3127556,192,1421057,1421171,1048082
3127557,14,103698,739208,1048096
3127558,71,1421327,739233,1048096
3127559,78,103735,739233,1048096
3127560,82,1421328,739233,1048096
3127561,170,103758,739255,1048096
3127562,174,1421319,739255,1048096
3127563,229,1421314,739263,1048096
3127564,19,1421472,1421480,1048123
3127565,43,1421465,1421480,1048123
3127566,46,103816,1421480,1048123
3127567,48,1421467,1421480,1048123
3127568,14,103825,739285,1048115
3127569,57,103838,739291,1048115
3127570,61,1421531,739291,1048115
3127571,112,1421528,739302,1048115
3127572,8,1421611,739321,1246385
3127573,16,1421614,739321,1246385
3127574,10,1421644,1421627,1048136
3127575,26,1421739,1421738,1048132
3127576,30,1421746,1421745,1048132
3127577,35,1421743,1421742,1048132
3127578,68,1421721,1421773,1048132
3127579,67,1421701,739360,1048150
3127580,70,1421702,739360,1048150
3127581,115,1421718,739360,1048150
3127582,120,1421726,739381,1048150
3127583,122,1421725,104031,1048150
3127584,128,1421764,739381,1048150
3127585,130,1421763,104031,1048150
3127586,134,1421732,739381,1048150
3127587,11,104017,1421843,1048173
3127588,153,1421752,739381,1048150
3127589,169,1421759,739360,1048150
3127590,15,1421896,1421895,1048192
3127591,20,104071,1421901,1048192
3127592,8,1421939,1421938,1246399
3127593,17,1421947,1421946,1246397
3127594,186,1421790,739360,1048150
3127595,13,1421970,1421969,1048201
3127596,24,1421966,1421965,1048201
3127597,1,1421996,104106,1048205
3127598,22,104155,1422060,1048211
3127599,47,104202,1422041,1246401
3127600,83,104218,1422036,1246401
3127601,119,104234,1422030,1246401
3127602,155,104250,1422014,1246401
3127603,9,1422142,1422112,1048238
3127604,18,1422136,1422112,1048238
3127605,31,1422116,1422112,1048238
3127606,40,1422121,1422112,1048238
3127607,75,1422134,1422112,1048238
3127608,92,1422133,1422112,1048238
3127609,32,1422154,739509,1048235
3127610,35,1422156,739509,1048235
3127611,9,1422152,104524,1048241
3127612,7,1422239,1422238,1048256
3127613,13,1422243,1422242,1048256
3127614,21,1422268,1422294,1048253
3127615,24,1422270,1422293,1048253
3127616,40,1422259,1422294,1048253
3127617,45,1422261,1422293,1048253
3127618,18,1422245,1422236,1048256
3127619,79,1422257,1422294,1048253
3127620,96,1422256,1422294,1048253
3127621,4,1422321,1422320,1048260
3127622,17,1422327,104300,1048258
3127623,27,1422329,739526,1048258
3127624,29,1422330,739526,1048258
3127625,6,1422393,1422366,1048262
3127626,19,1422385,1422366,1048262
3127627,42,1422370,1422366,1048262
3127628,50,1422376,1422366,1048262
3127629,33,1422331,739526,1048258
3127630,22,1422358,1422357,1048265
3127631,48,1422332,739526,1048258
3127632,50,1422334,739526,1048258
3127633,9,1422435,1422410,1048267
3127634,18,1422412,1422410,1048267
3127635,27,1422417,1422410,1048267
3127636,65,1422325,104300,1048258
3127637,67,1422326,104317,1048258
3127638,60,1422432,1422410,1048267
3127639,78,1422430,1422410,1048267
3127640,16,104356,739560,1048279
3127641,15,1422514,1422506,1048282
3127642,20,1422516,1422508,1048282
3127643,48,1422512,1422506,1048282
3127644,66,1422511,1422506,1048282
3127645,43,104385,1422585,1048294
3127646,51,104393,1422584,1048294
3127647,26,1422656,104446,1048320
3127648,57,1422713,1422723,1048329
3127649,88,1422703,1422723,1048329
3127650,92,1422706,104480,1048329
3127651,18,1422804,1422789,1048341
3127652,21,1422806,1422792,1048341
3127653,57,1422790,1422789,1048341
3127654,60,1422793,1422792,1048341
3127655,64,1422797,1422785,1048341
3127656,7,1422845,104612,1048350
3127657,10,1422846,104612,1048350
3127658,23,104842,739678,1048361
3127659,12,1423021,1423020,1246436
3127660,106,1423082,739773,1048377
3127661,16,1423146,105373,1048418
3127662,43,105376,105373,1048418
3127663,55,1423143,105372,1048418
3127664,57,1423141,105373,1048418
3127665,32,1423262,1423261,1048455
3127666,38,1423266,1423265,1048455
3127667,8,1423306,1423305,1246446
3127668,14,1423348,1423347,1048468
3127669,11,1423413,1423412,1246448
3127670,3,1423421,739911,1048476
3127671,45,1423400,1423399,1246448
3127672,3,1423426,739914,1048478
3127673,12,1423436,1423435,1246449
3127674,13,1423437,1423434,1246449
3127675,19,1423443,1423442,1246449
3127676,10,1423458,1423457,1246450
3127677,11,1423460,1423459,1246450
3127678,3,1423483,1423482,1246453
3127679,76,1423562,1423561,1048499
3127680,5,106013,106015,1048529
3127681,9,1423713,106056,1048535
3127682,13,1423717,106084,1048539
3127683,7,106098,1423727,1048543
3127684,41,106169,1423781,1048554
3127685,9,1424044,106451,1048596
3127686,14,1424054,106451,1048596
3127687,48,1424096,106451,1048596
3127688,5,1424187,1424178,1048654
3127689,11,1424193,1424178,1048654
3127690,16,1424199,1424178,1048654
3127691,22,1424220,1424178,1048654
3127692,27,1424225,1424178,1048654
3127693,33,1424229,1424178,1048654
3127694,38,1424234,1424178,1048654
3127695,44,1424238,1424178,1048654
3127696,2,1424244,1424243,1048662
3127697,4,1424247,1424243,1048662
3127698,8,1424251,1424243,1048662
3127699,13,1424254,1424243,1048662
3127700,17,1424258,1424243,1048662
3127701,22,1424261,1424243,1048662
3127702,26,1424265,1424243,1048662
3127703,31,1424268,1424243,1048662
3127704,35,1424270,1424243,1048662
3127705,38,106627,106621,1048695
3127706,79,1424368,106621,1048695
3127707,34,1424373,106676,1048635
3127708,40,1424394,1424393,1048635
3127709,57,1424296,106699,1048635
3127710,61,1424302,106699,1048635
3127711,81,1424318,1424378,1048635
3127712,84,1424359,1424378,1048635
3127713,88,106718,1424378,1048635
3127714,89,1424363,1424378,1048635
3127715,94,106725,1424378,1048635
3127716,104,106737,1424378,1048635
3127717,131,1424344,106676,1048635
3127718,171,1424406,1424378,1048635
3127719,234,1424336,106676,1048635
3127720,278,1424534,1424378,1048635
3127721,16,1424780,106800,1048735
3127722,30,106819,106822,1048701
3127723,7,1424881,1424879,1048740
3127724,10,1424886,1424884,1048740
3127725,46,1424797,106822,1048701
3127726,11,1424985,1424984,1048744
3127727,14,1424988,1424987,1048744
3127728,19,1425180,1425179,1048787
3127729,23,1425183,1425174,1048787
3127730,8,1425217,1425213,1048799
3127731,33,1425227,1425213,1048799
3127732,36,1425229,1425213,1048799
3127733,16,1425308,106985,1048816
3127734,23,1425310,106985,1048816
3127735,18,1425389,107095,1048834
3127736,54,1425396,107095,1048834
3127737,8,107124,1425431,1246496
3127738,16,1425439,1425437,1048842
3127739,18,1425440,1425437,1048842
3127740,12,1425499,1425487,1048850
3127741,26,1425472,1425471,1048850
3127742,84,1425484,1425483,1048850
3127743,100,1425481,1425479,1048850
3127744,25,1425546,1425544,1048855
3127745,27,1425547,1425544,1048855
3127746,11,1425569,1425572,1048865
3127747,28,1425718,107314,1048903
3127748,30,1425741,107323,1048905
3127749,28,1425770,107332,1048910
3127750,13,107343,1425826,1246512
3127751,19,107345,1425830,1246512
3127752,38,1425832,1425831,1246512
3127753,15,107353,1425883,1246513
3127754,31,1425880,1425879,1246513
3127755,38,107357,1425881,1246513
3127756,15,107392,107388,1048919
3127757,16,107393,107389,1048919
3127758,30,107405,1425963,1048921
3127759,46,107408,1425963,1048921
3127760,56,107411,1425963,1048921
3127761,26,1425952,740413,1048916
3127762,27,1425942,740415,1048916
3127763,4,1426008,1426005,1048783
3127764,5,1426007,1426006,1048783
3127765,7,1426010,1426005,1048783
3127766,8,1426009,1426006,1048783
3127767,10,1426012,1426005,1048783
3127768,11,1426011,1426006,1048783
3127769,14,1426016,1426005,1048783
3127770,15,1426015,1426006,1048783
3127771,17,1426018,1426005,1048783
3127772,18,1426017,1426006,1048783
3127773,21,1426022,1426005,1048783
3127774,22,1426021,1426006,1048783
3127775,25,1426026,1426005,1048783
3127776,26,1426025,1426006,1048783
3127777,28,1426028,1426005,1048783
3127778,29,1426027,1426006,1048783
3127779,32,1426032,1426005,1048783
3127780,33,1426031,1426006,1048783
3127781,36,1426036,1426005,1048783
3127782,37,1426035,1426006,1048783
3127783,40,1426040,1426005,1048783
3127784,41,1426039,1426006,1048783
3127785,43,1426042,1426005,1048783
3127786,44,1426041,1426006,1048783
3127787,47,1426046,1426005,1048783
3127788,48,1426045,1426006,1048783
3127789,51,1426050,1426005,1048783
3127790,52,1426049,1426006,1048783
3127791,55,1426054,1426005,1048783
3127792,56,1426053,1426006,1048783
3127793,59,1426058,1426005,1048783
3127794,60,1426057,1426006,1048783
3127795,62,1426060,1426005,1048783
3127796,63,1426059,1426006,1048783
3127797,66,1426065,1426005,1048783
3127798,67,1426064,1426006,1048783
3127799,70,1426069,1426005,1048783
3127800,71,1426068,1426006,1048783
3127801,74,1426073,1426005,1048783
3127802,75,1426072,1426006,1048783
3127803,78,1426077,1426005,1048783
3127804,79,1426076,1426006,1048783
3127805,82,1426081,1426005,1048783
3127806,83,1426080,1426006,1048783
3127807,85,1426083,1426005,1048783
3127808,86,1426082,1426006,1048783
3127809,89,1426087,1426005,1048783
3127810,90,1426086,1426006,1048783
3127811,93,1426091,1426005,1048783
3127812,94,1426090,1426006,1048783
3127813,97,1426095,1426005,1048783
3127814,98,1426094,1426006,1048783
3127815,101,1426099,1426005,1048783
3127816,102,1426098,1426006,1048783
3127817,105,1426104,1426005,1048783
3127818,106,1426103,1426006,1048783
3127819,109,1426109,1426005,1048783
3127820,110,1426108,1426006,1048783
3127821,112,1426111,1426005,1048783
3127822,113,1426110,1426006,1048783
3127823,116,1426115,1426005,1048783
3127824,117,1426114,1426006,1048783
3127825,120,1426119,1426005,1048783
3127826,121,1426118,1426006,1048783
3127827,124,1426123,1426005,1048783
3127828,125,1426122,1426006,1048783
3127829,128,1426127,1426005,1048783
3127830,129,1426126,1426006,1048783
3127831,132,1426131,1426005,1048783
3127832,133,1426130,1426006,1048783
3127833,136,1426135,1426005,1048783
3127834,137,1426134,1426006,1048783
3127835,140,1426139,1426005,1048783
3127836,141,1426138,1426006,1048783
3127837,143,1426141,1426005,1048783
3127838,144,1426140,1426006,1048783
3127839,147,1426145,1426005,1048783
3127840,148,1426144,1426006,1048783
3127841,151,1426149,1426005,1048783
3127842,152,1426148,1426006,1048783
3127843,155,1426153,1426005,1048783
3127844,156,1426152,1426006,1048783
3127845,159,1426157,1426005,1048783
3127846,160,1426156,1426006,1048783
3127847,163,1426161,1426005,1048783
3127848,164,1426160,1426006,1048783
3127849,167,1426165,1426005,1048783
3127850,168,1426164,1426006,1048783
3127851,171,1426169,1426005,1048783
3127852,172,1426168,1426006,1048783
3127853,175,1426173,1426005,1048783
3127854,176,1426172,1426006,1048783
3127855,178,1426175,1426005,1048783
3127856,179,1426174,1426006,1048783
3127857,182,1426179,1426005,1048783
3127858,183,1426178,1426006,1048783
3127859,186,1426183,1426005,1048783
3127860,187,1426182,1426006,1048783
3127861,190,1426187,1426005,1048783
3127862,191,1426186,1426006,1048783
3127863,194,1426191,1426005,1048783
3127864,195,1426190,1426006,1048783
3127865,198,1426195,1426005,1048783
3127866,199,1426194,1426006,1048783
3127867,202,1426200,1426005,1048783
3127868,203,1426199,1426006,1048783
3127869,206,1426205,1426005,1048783
3127870,207,1426203,1426006,1048783
3127871,210,1426209,1426005,1048783
3127872,211,1426208,1426006,1048783
3127873,214,1426213,1426005,1048783
3127874,215,1426212,1426006,1048783
3127875,217,1426215,1426005,1048783
3127876,218,1426214,1426006,1048783
3127877,221,1426219,1426005,1048783
3127878,222,1426218,1426006,1048783
3127879,225,1426223,1426005,1048783
3127880,226,1426222,1426006,1048783
3127881,229,1426227,1426005,1048783
3127882,230,1426226,1426006,1048783
3127883,233,1426231,1426005,1048783
3127884,234,1426230,1426006,1048783
3127885,237,1426235,1426005,1048783
3127886,238,1426234,1426006,1048783
3127887,241,1426239,1426005,1048783
3127888,242,1426238,1426006,1048783
3127889,245,1426243,1426005,1048783
3127890,246,1426242,1426006,1048783
3127891,249,1426247,1426005,1048783
3127892,250,1426246,1426006,1048783
3127893,253,1426251,1426005,1048783
3127894,254,1426250,1426006,1048783
3127895,257,1426255,1426005,1048783
3127896,258,1426254,1426006,1048783
3127897,260,1426257,1426005,1048783
3127898,261,1426256,1426006,1048783
3127899,264,1426261,1426005,1048783
3127900,265,1426260,1426006,1048783
3127901,268,1426265,1426005,1048783
3127902,269,1426264,1426006,1048783
3127903,272,1426269,1426005,1048783
3127904,273,1426268,1426006,1048783
3127905,276,1426273,1426005,1048783
3127906,277,1426272,1426006,1048783
3127907,280,1426277,1426005,1048783
3127908,281,1426276,1426006,1048783
3127909,284,1426281,1426005,1048783
3127910,285,1426280,1426006,1048783
3127911,288,1426285,1426005,1048783
3127912,289,1426284,1426006,1048783
3127913,292,1426289,1426005,1048783
3127914,293,1426288,1426006,1048783
3127915,296,1426293,1426005,1048783
3127916,297,1426292,1426006,1048783
3127917,300,1426297,1426005,1048783
3127918,301,1426296,1426006,1048783
3127919,304,1426301,1426005,1048783
3127920,305,1426300,1426006,1048783
3127921,307,1426303,1426005,1048783
3127922,308,1426302,1426006,1048783
3127923,311,1426307,1426005,1048783
3127924,312,1426306,1426006,1048783
3127925,315,1426311,1426005,1048783
3127926,316,1426310,1426006,1048783
3127927,319,1426315,1426005,1048783
3127928,320,1426314,1426006,1048783
3127929,323,1426319,1426005,1048783
3127930,324,1426318,1426006,1048783
3127931,327,1426323,1426005,1048783
3127932,328,1426322,1426006,1048783
3127933,331,1426327,1426005,1048783
3127934,332,1426326,1426006,1048783
3127935,335,1426331,1426005,1048783
3127936,336,1426330,1426006,1048783
3127937,339,1426335,1426005,1048783
3127938,340,1426334,1426006,1048783
3127939,343,1426339,1426005,1048783
3127940,344,1426338,1426006,1048783
3127941,347,1426343,1426005,1048783
3127942,348,1426342,1426006,1048783
3127943,351,1426347,1426005,1048783
3127944,352,1426346,1426006,1048783
3127945,355,1426351,1426005,1048783
3127946,356,1426350,1426006,1048783
3127947,358,1426353,1426005,1048783
3127948,359,1426352,1426006,1048783
3127949,362,1426357,1426005,1048783
3127950,363,1426356,1426006,1048783
3127951,366,1426361,1426005,1048783
3127952,367,1426360,1426006,1048783
3127953,370,1426365,1426005,1048783
3127954,371,1426364,1426006,1048783
3127955,374,1426369,1426005,1048783
3127956,375,1426368,1426006,1048783
3127957,378,1426373,1426005,1048783
3127958,379,1426372,1426006,1048783
3127959,382,1426377,1426005,1048783
3127960,383,1426376,1426006,1048783
3127961,386,1426381,1426005,1048783
3127962,387,1426380,1426006,1048783
3127963,390,1426385,1426005,1048783
3127964,391,1426384,1426006,1048783
3127965,394,1426389,1426005,1048783
3127966,17,1426775,1426774,1048934
3127967,395,1426388,1426006,1048783
3127968,398,1426393,1426005,1048783
3127969,399,1426392,1426006,1048783
3127970,402,1426397,1426005,1048783
3127971,403,1426396,1426006,1048783
3127972,406,1426401,1426005,1048783
3127973,407,1426400,1426006,1048783
3127974,410,1426405,1426005,1048783
3127975,411,1426404,1426006,1048783
3127976,413,1426407,1426005,1048783
3127977,414,1426406,1426006,1048783
3127978,417,1426411,1426005,1048783
3127979,418,1426410,1426006,1048783
3127980,421,1426415,1426005,1048783
3127981,422,1426414,1426006,1048783
3127982,425,1426419,1426005,1048783
3127983,426,1426418,1426006,1048783
3127984,429,1426424,1426005,1048783
3127985,430,1426423,1426006,1048783
3127986,433,1426428,1426005,1048783
3127987,434,1426427,1426006,1048783
3127988,437,1426432,1426005,1048783
3127989,438,1426431,1426006,1048783
3127990,441,1426436,1426005,1048783
3127991,442,1426435,1426006,1048783
3127992,445,1426440,1426005,1048783
3127993,446,1426439,1426006,1048783
3127994,449,1426444,1426005,1048783
3127995,450,1426443,1426006,1048783
3127996,453,1426448,1426005,1048783
3127997,454,1426447,1426006,1048783
3127998,457,1426452,1426005,1048783
3127999,458,1426451,1426006,1048783
3128000,461,1426456,1426005,1048783
3128001,462,1426455,1426006,1048783
3128002,464,1426458,1426005,1048783
3128003,465,1426457,1426006,1048783
3128004,468,1426463,1426005,1048783
3128005,469,1426462,1426006,1048783
3128006,472,1426467,1426005,1048783
3128007,473,1426466,1426006,1048783
3128008,476,1426471,1426005,1048783
3128009,477,1426470,1426006,1048783
3128010,480,1426475,1426005,1048783
3128011,481,1426474,1426006,1048783
3128012,484,1426479,1426005,1048783
3128013,485,1426478,1426006,1048783
3128014,488,1426483,1426005,1048783
3128015,489,1426482,1426006,1048783
3128016,492,1426487,1426005,1048783
3128017,493,1426486,1426006,1048783
3128018,496,1426491,1426005,1048783
3128019,497,1426490,1426006,1048783
3128020,500,1426498,1426005,1048783
3128021,501,1426495,1426006,1048783
3128022,504,1426502,1426005,1048783
3128023,505,1426501,1426006,1048783
3128024,508,1426506,1426005,1048783
3128025,509,1426505,1426006,1048783
3128026,511,1426508,1426005,1048783
3128027,512,1426507,1426006,1048783
3128028,515,1426512,1426005,1048783
3128029,516,1426511,1426006,1048783
3128030,519,1426516,1426005,1048783
3128031,520,1426515,1426006,1048783
3128032,523,1426520,1426005,1048783
3128033,524,1426519,1426006,1048783
3128034,527,1426524,1426005,1048783
3128035,528,1426523,1426006,1048783
3128036,531,1426528,1426005,1048783
3128037,532,1426527,1426006,1048783
3128038,535,1426532,1426005,1048783
3128039,536,1426531,1426006,1048783
3128040,539,1426536,1426005,1048783
3128041,540,1426535,1426006,1048783
3128042,543,1426540,1426005,1048783
3128043,544,1426539,1426006,1048783
3128044,547,1426544,1426005,1048783
3128045,548,1426543,1426006,1048783
3128046,551,1426548,1426005,1048783
3128047,552,1426547,1426006,1048783
3128048,554,1426550,1426005,1048783
3128049,555,1426549,1426006,1048783
3128050,558,1426554,1426005,1048783
3128051,559,1426553,1426006,1048783
3128052,562,1426558,1426005,1048783
3128053,563,1426557,1426006,1048783
3128054,566,1426562,1426005,1048783
3128055,567,1426561,1426006,1048783
3128056,570,1426566,1426005,1048783
3128057,571,1426565,1426006,1048783
3128058,574,1426570,1426005,1048783
3128059,575,1426569,1426006,1048783
3128060,578,1426574,1426005,1048783
3128061,579,1426573,1426006,1048783
3128062,582,1426578,1426005,1048783
3128063,583,1426577,1426006,1048783
3128064,586,1426582,1426005,1048783
3128065,587,1426581,1426006,1048783
3128066,590,1426586,1426005,1048783
3128067,591,1426585,1426006,1048783
3128068,593,1426588,1426005,1048783
3128069,594,1426587,1426006,1048783
3128070,597,1426592,1426005,1048783
3128071,598,1426591,1426006,1048783
3128072,601,1426597,1426005,1048783
3128073,602,1426596,1426006,1048783
3128074,605,1426601,1426005,1048783
3128075,606,1426600,1426006,1048783
3128076,609,1426606,1426005,1048783
3128077,610,1426605,1426006,1048783
3128078,613,1426612,1426005,1048783
3128079,614,1426610,1426006,1048783
3128080,617,1426616,1426005,1048783
3128081,618,1426615,1426006,1048783
3128082,621,1426620,1426005,1048783
3128083,622,1426619,1426006,1048783
3128084,625,1426624,1426005,1048783
3128085,626,1426623,1426006,1048783
3128086,628,1426626,1426005,1048783
3128087,629,1426625,1426006,1048783
3128088,632,1426630,1426005,1048783
3128089,633,1426629,1426006,1048783
3128090,636,1426634,1426005,1048783
3128091,637,1426633,1426006,1048783
3128092,640,1426638,1426005,1048783
3128093,641,1426637,1426006,1048783
3128094,644,1426642,1426005,1048783
3128095,645,1426641,1426006,1048783
3128096,648,1426646,1426005,1048783
3128097,649,1426645,1426006,1048783
3128098,652,1426650,1426005,1048783
3128099,653,1426649,1426006,1048783
3128100,656,1426655,1426005,1048783
3128101,657,1426653,1426006,1048783
3128102,659,1426657,1426005,1048783
3128103,660,1426656,1426006,1048783
3128104,663,1426661,1426005,1048783
3128105,664,1426660,1426006,1048783
3128106,45,1426789,1426788,1246517
3128107,667,1426665,1426005,1048783
3128108,668,1426664,1426006,1048783
3128109,671,1426669,1426005,1048783
3128110,672,1426668,1426006,1048783
3128111,675,1426673,1426005,1048783
3128112,676,1426672,1426006,1048783
3128113,679,1426677,1426005,1048783
3128114,680,1426676,1426006,1048783
3128115,683,1426681,1426005,1048783
3128116,684,1426680,1426006,1048783
3128117,686,1426683,1426005,1048783
3128118,687,1426682,1426006,1048783
3128119,690,1426687,1426005,1048783
3128120,691,1426686,1426006,1048783
3128121,694,1426691,1426005,1048783
3128122,695,1426690,1426006,1048783
3128123,698,1426695,1426005,1048783
3128124,699,1426694,1426006,1048783
3128125,702,1426699,1426005,1048783
3128126,703,1426698,1426006,1048783
3128127,706,1426703,1426005,1048783
3128128,707,1426702,1426006,1048783
3128129,709,1426705,1426005,1048783
3128130,710,1426704,1426006,1048783
3128131,713,1426709,1426005,1048783
3128132,714,1426708,1426006,1048783
3128133,717,1426713,1426005,1048783
3128134,718,1426712,1426006,1048783
3128135,721,1426717,1426005,1048783
3128136,722,1426716,1426006,1048783
3128137,725,1426721,1426005,1048783
3128138,726,1426720,1426006,1048783
3128139,728,1426723,1426005,1048783
3128140,729,1426722,1426006,1048783
3128141,732,1426727,1426005,1048783
3128142,733,1426726,1426006,1048783
3128143,736,1426731,1426005,1048783
3128144,737,1426730,1426006,1048783
3128145,740,1426735,1426005,1048783
3128146,741,1426734,1426006,1048783
3128147,743,1426737,1426005,1048783
3128148,744,1426736,1426006,1048783
3128149,747,1426741,1426005,1048783
3128150,748,1426740,1426006,1048783
3128151,751,1426745,1426005,1048783
3128152,752,1426744,1426006,1048783
3128153,754,1426747,1426005,1048783
3128154,755,1426746,1426006,1048783
3128155,758,1426751,1426005,1048783
3128156,759,1426750,1426006,1048783
3128157,2,107529,107528,1048947
3128158,3,107530,107528,1048947
3128159,4,107531,107528,1048947
3128160,5,107532,107528,1048947
3128161,6,107533,107528,1048947
3128162,7,107534,107528,1048947
3128163,8,107535,107528,1048947
3128164,9,107536,107528,1048947
3128165,10,107537,107528,1048947
3128166,11,107538,107528,1048947
3128167,12,107539,107528,1048947
3128168,13,107540,107528,1048947
3128169,14,107541,107528,1048947
3128170,15,107542,107528,1048947
3128171,7,1426875,1426874,1048941
3128172,31,1426850,1426840,1048943
3128173,56,107558,1426830,1048943
3128174,61,1426834,1426833,1048943
3128175,23,107561,1426890,1246518
3128176,73,107569,1426830,1048943
3128177,76,1426839,1426838,1048943
3128178,22,1426927,1426926,1048954
3128179,33,107609,740495,1048954
3128180,36,107612,740495,1048954
3128181,3,1426949,1426947,1048949
3128182,4,1426948,1426947,1048949
3128183,6,1426951,1426947,1048949
3128184,7,1426950,1426947,1048949
3128185,10,1426954,1426947,1048949
3128186,11,1426953,1426947,1048949
3128187,14,1426957,1426947,1048949
3128188,15,1426956,1426947,1048949
3128189,18,1426961,1426947,1048949
3128190,19,1426960,1426947,1048949
3128191,21,1426963,1426947,1048949
3128192,22,1426962,1426947,1048949
3128193,26,1426968,1426947,1048949
3128194,27,1426967,1426947,1048949
3128195,29,1426970,1426947,1048949
3128196,30,1426969,1426947,1048949
3128197,34,1426975,1426947,1048949
3128198,35,1426974,1426947,1048949
3128199,38,1426979,1426947,1048949
3128200,39,1426978,1426947,1048949
3128201,41,1426981,1426947,1048949
3128202,42,1426980,1426947,1048949
3128203,45,1426985,1426947,1048949
3128204,46,1426984,1426947,1048949
3128205,50,1426990,1426947,1048949
3128206,51,1426989,1426947,1048949
3128207,53,1426992,1426947,1048949
3128208,54,1426991,1426947,1048949
3128209,57,1426997,1426947,1048949
3128210,58,1426996,1426947,1048949
3128211,62,1427002,1426947,1048949
3128212,63,1427001,1426947,1048949
3128213,66,1427007,1426947,1048949
3128214,67,1427006,1426947,1048949
3128215,69,1427009,1426947,1048949
3128216,70,1427008,1426947,1048949
3128217,73,1427013,1426947,1048949
3128218,74,1427012,1426947,1048949
3128219,77,1427018,1426947,1048949
3128220,78,1427017,1426947,1048949
3128221,82,1427023,1426947,1048949
3128222,83,1427022,1426947,1048949
3128223,85,1427025,1426947,1048949
3128224,86,1427024,1426947,1048949
3128225,89,1427029,1426947,1048949
3128226,90,1427028,1426947,1048949
3128227,93,1427033,1426947,1048949
3128228,94,1427032,1426947,1048949
3128229,98,1427038,1426947,1048949
3128230,99,1427037,1426947,1048949
3128231,102,1427042,1426947,1048949
3128232,103,1427041,1426947,1048949
3128233,105,1427044,1426947,1048949
3128234,106,1427043,1426947,1048949
3128235,109,1427048,1426947,1048949
3128236,110,1427047,1426947,1048949
3128237,113,1427052,1426947,1048949
3128238,114,1427051,1426947,1048949
3128239,117,1427056,1426947,1048949
3128240,118,1427055,1426947,1048949
3128241,122,1427061,1426947,1048949
3128242,123,1427060,1426947,1048949
3128243,125,1427063,1426947,1048949
3128244,126,1427062,1426947,1048949
3128245,129,1427067,1426947,1048949
3128246,130,1427066,1426947,1048949
3128247,133,1427071,1426947,1048949
3128248,134,1427070,1426947,1048949
3128249,137,1427075,1426947,1048949
3128250,138,1427074,1426947,1048949
3128251,142,1427080,1426947,1048949
3128252,143,1427079,1426947,1048949
3128253,146,1427084,1426947,1048949
3128254,147,1427083,1426947,1048949
3128255,149,1427086,1426947,1048949
3128256,150,1427085,1426947,1048949
3128257,153,1427090,1426947,1048949
3128258,154,1427089,1426947,1048949
3128259,157,1427094,1426947,1048949
3128260,158,1427093,1426947,1048949
3128261,161,1427098,1426947,1048949
3128262,162,1427097,1426947,1048949
3128263,165,1427102,1426947,1048949
3128264,166,1427101,1426947,1048949
3128265,170,1427109,1426947,1048949
3128266,171,1427107,1426947,1048949
3128267,173,1427111,1426947,1048949
3128268,174,1427110,1426947,1048949
3128269,177,1427115,1426947,1048949
3128270,178,1427114,1426947,1048949
3128271,181,1427119,1426947,1048949
3128272,182,1427118,1426947,1048949
3128273,185,1427123,1426947,1048949
3128274,186,1427122,1426947,1048949
3128275,189,1427127,1426947,1048949
3128276,190,1427126,1426947,1048949
3128277,194,1427132,1426947,1048949
3128278,195,1427131,1426947,1048949
3128279,198,1427136,1426947,1048949
3128280,199,1427135,1426947,1048949
3128281,201,1427138,1426947,1048949
3128282,202,1427137,1426947,1048949
3128283,205,1427142,1426947,1048949
3128284,206,1427141,1426947,1048949
3128285,209,1427146,1426947,1048949
3128286,210,1427145,1426947,1048949
3128287,213,1427150,1426947,1048949
3128288,214,1427149,1426947,1048949
3128289,217,1427154,1426947,1048949
3128290,218,1427153,1426947,1048949
3128291,221,1427158,1426947,1048949
3128292,222,1427157,1426947,1048949
3128293,226,1427163,1426947,1048949
3128294,227,1427162,1426947,1048949
3128295,229,1427165,1426947,1048949
3128296,230,1427164,1426947,1048949
3128297,233,1427169,1426947,1048949
3128298,234,1427168,1426947,1048949
3128299,237,1427173,1426947,1048949
3128300,238,1427172,1426947,1048949
3128301,241,1427177,1426947,1048949
3128302,242,1427176,1426947,1048949
3128303,245,1427181,1426947,1048949
3128304,246,1427180,1426947,1048949
3128305,250,1427186,1426947,1048949
3128306,251,1427185,1426947,1048949
3128307,254,1427190,1426947,1048949
3128308,255,1427189,1426947,1048949
3128309,257,1427192,1426947,1048949
3128310,258,1427191,1426947,1048949
3128311,261,1427196,1426947,1048949
3128312,262,1427195,1426947,1048949
3128313,265,1427200,1426947,1048949
3128314,266,1427199,1426947,1048949
3128315,269,1427204,1426947,1048949
3128316,270,1427203,1426947,1048949
3128317,273,1427208,1426947,1048949
3128318,274,1427207,1426947,1048949
3128319,3,107621,1427354,1048963
3128320,278,1427213,1426947,1048949
3128321,279,1427212,1426947,1048949
3128322,281,1427215,1426947,1048949
3128323,282,1427214,1426947,1048949
3128324,285,1427219,1426947,1048949
3128325,286,1427218,1426947,1048949
3128326,6,1427363,107621,1048963
3128327,289,1427223,1426947,1048949
3128328,290,1427222,1426947,1048949
3128329,293,1427227,1426947,1048949
3128330,294,1427226,1426947,1048949
3128331,298,1427232,1426947,1048949
3128332,299,1427231,1426947,1048949
3128333,302,1427236,1426947,1048949
3128334,303,1427235,1426947,1048949
3128335,305,1427238,1426947,1048949
3128336,306,1427237,1426947,1048949
3128337,309,1427242,1426947,1048949
3128338,310,1427241,1426947,1048949
3128339,313,1427246,1426947,1048949
3128340,314,1427245,1426947,1048949
3128341,317,1427250,1426947,1048949
3128342,318,1427249,1426947,1048949
3128343,322,1427255,1426947,1048949
3128344,323,1427254,1426947,1048949
3128345,325,1427257,1426947,1048949
3128346,326,1427256,1426947,1048949
3128347,329,1427261,1426947,1048949
3128348,330,1427260,1426947,1048949
3128349,333,1427265,1426947,1048949
3128350,334,1427264,1426947,1048949
3128351,338,1427270,1426947,1048949
3128352,339,1427269,1426947,1048949
3128353,342,1427274,1426947,1048949
3128354,343,1427273,1426947,1048949
3128355,345,1427276,1426947,1048949
3128356,346,1427275,1426947,1048949
3128357,349,1427280,1426947,1048949
3128358,350,1427279,1426947,1048949
3128359,353,1427284,1426947,1048949
3128360,354,1427283,1426947,1048949
3128361,358,1427289,1426947,1048949
3128362,359,1427288,1426947,1048949
3128363,361,1427291,1426947,1048949
3128364,362,1427290,1426947,1048949
3128365,365,1427295,1426947,1048949
3128366,366,1427294,1426947,1048949
3128367,370,1427301,1426947,1048949
3128368,371,1427300,1426947,1048949
3128369,374,1427305,1426947,1048949
3128370,375,1427304,1426947,1048949
3128371,17,1427362,1427366,1048963
3128372,377,1427307,1426947,1048949
3128373,378,1427306,1426947,1048949
3128374,381,1427311,1426947,1048949
3128375,382,1427310,1426947,1048949
3128376,386,1427316,1426947,1048949
3128377,387,1427315,1426947,1048949
3128378,389,1427318,1426947,1048949
3128379,390,1427317,1426947,1048949
3128380,394,1427323,1426947,1048949
3128381,395,1427322,1426947,1048949
3128382,24,1427358,1427365,1048963
3128383,398,1427327,1426947,1048949
3128384,399,1427326,1426947,1048949
3128385,401,1427329,1426947,1048949
3128386,402,1427328,1426947,1048949
3128387,406,1427334,1426947,1048949
3128388,407,1427333,1426947,1048949
3128389,410,1427337,1426947,1048949
3128390,411,1427336,1426947,1048949
3128391,414,1427341,1426947,1048949
3128392,415,1427340,1426947,1048949
3128393,418,1427344,1426947,1048949
3128394,419,1427343,1426947,1048949
3128395,33,1427360,1427366,1048963
3128396,10,107677,1427448,1246531
3128397,32,1427473,1427469,1246531
3128398,35,1427456,1427455,1246531
3128399,39,1427464,1427463,1246531
3128400,42,1427466,1427465,1246531
3128401,10,107688,1427565,1246532
3128402,32,1427600,1427595,1246532
3128403,34,1427601,1427596,1246532
3128404,37,1427573,1427572,1246532
3128405,40,1427575,1427574,1246532
3128406,43,1427577,1427576,1246532
3128407,49,1427590,1427589,1246532
3128408,52,1427592,1427591,1246532
3128409,6,1427644,107783,1048984
3128410,6,1427655,107791,1048988
3128411,11,1427732,1427693,1048998
3128412,23,1427737,1427693,1048998
3128413,44,1427708,1427693,1048998
3128414,62,1427694,1427693,1048998
3128415,66,1427695,1427693,1048998
3128416,73,1427699,1427693,1048998
3128417,80,1427703,1427693,1048998
3128418,15,1427840,1427778,1049003
3128419,32,1427801,1427778,1049003
3128420,49,1427851,1427778,1049003
3128421,62,1427796,1427778,1049003
3128422,115,1427779,1427778,1049003
3128423,119,1427780,1427778,1049003
3128424,126,1427784,1427778,1049003
3128425,133,1427788,1427778,1049003
3128426,145,1427776,1427794,1049003
3128427,148,1427772,1427794,1049003
3128428,156,1427774,1427794,1049003
3128429,6,1427954,1427931,1049012
3128430,16,1427952,1427931,1049012
3128431,43,1427946,1427931,1049012
3128432,53,1427943,1427951,1049012
3128433,52,107880,1427927,1048990
3128434,15,1428025,1428022,1049021
3128435,12,1428063,1428062,1246544
3128436,58,1428140,108036,1049033
3128437,9,108079,1428224,1246549
3128438,35,1428246,1428229,1246549
3128439,15,1428349,1428348,1049074
3128440,24,1428346,1428344,1049074
3128441,40,1428341,1428362,1049074
3128442,42,1428331,1428329,1049074
3128443,43,1428342,1428341,1049074
3128444,45,1428334,1428333,1049074
3128445,49,1428337,1428336,1049074
3128446,19,1428570,1428569,1049092
3128447,62,1428610,1428647,1049092
3128448,76,1428606,1428605,1049092
3128449,78,1428649,1428610,1049092
3128450,93,1428602,1428601,1049092
3128451,95,1428604,1428610,1049092
3128452,104,1428577,1428576,1049092
3128453,116,1428581,1428580,1049092
3128454,125,1428586,1428585,1049092
3128455,130,1428598,1428594,1049092
3128456,132,1428596,1428595,1049092
3128457,134,1428599,1428598,1049092
3128458,3,1429024,1429023,1049136
3128459,6,1429042,1429041,1049136
3128460,9,1429026,1429025,1049136
3128461,21,1429040,1429039,1049136
3128462,24,1429028,1429027,1049136
3128463,31,1429030,1429029,1049136
3128464,12,1429308,1429307,1246605
3128465,18,108820,1429392,1246611
3128466,33,108822,1429389,1246611
3128467,40,1429581,1429590,1246618
3128468,150,1429620,1429599,1246618
3128469,4,1429750,1429747,1049384
3128470,5,109163,1429750,1049384
3128471,17,1429758,1429756,1049384
3128472,5,1429824,1429821,1049398
3128473,6,109177,1429824,1049398
3128474,15,1429829,1429828,1049398
3128475,16,109188,1429829,1049398
3128476,21,1429832,1429831,1049398
3128477,4,1429874,1429872,1049406
3128478,5,109211,1429874,1049406
3128479,10,1429879,1429878,1049406
3128480,4,1429902,741270,1049408
3128481,17,1429906,741270,1049408
3128482,19,1429907,741270,1049408
3128483,24,109236,741270,1049408
3128484,25,1429910,741270,1049408
3128485,4,109292,741294,1049421
3128486,5,109293,741294,1049421
3128487,6,109294,741294,1049421
3128488,7,109295,741294,1049421
3128489,13,1429954,741314,1049424
3128490,15,1429957,741314,1049424
3128491,17,1429961,741314,1049424
3128492,18,1429960,741314,1049424
3128493,21,1429966,741314,1049424
3128494,22,1429965,741314,1049424
3128495,65,1429981,1429980,1049424
3128496,69,1429984,1429983,1049424
3128497,79,1429988,1429969,1049424
3128498,80,109348,1429988,1049424
3128499,81,1429989,1429969,1049424
3128500,82,109349,1429989,1049424
3128501,91,109358,741329,1049403
3128502,89,1429990,1429969,1049424
3128503,90,1429991,1429990,1049424
3128504,92,1429992,1429969,1049424
3128505,93,1429993,1429992,1049424
3128506,49,1430050,1430047,1246631
3128507,55,1430055,1430053,1246631
3128508,14,1430194,1430189,1049472
3128509,6,109596,1430281,1049504
3128510,5,109611,1430303,1049512
3128511,4,1430323,1430322,1049524
3128512,3,1430340,1430339,1049537
3128513,10,1430421,1430411,1049547
3128514,50,1430354,109694,1246646
3128515,51,1430353,109698,1246646
3128516,13,109845,109832,1049585
3128517,53,109852,109832,1049585
3128518,55,109853,109832,1049585
3128519,57,109854,109832,1049585
3128520,59,109855,109832,1049585
3128521,61,109856,109832,1049585
3128522,63,109857,109832,1049585
3128523,65,109863,109832,1049585
3128524,67,109864,109832,1049585
3128525,69,109865,109832,1049585
3128526,71,109866,109832,1049585
3128527,73,109867,109832,1049585
3128528,75,109868,109832,1049585
3128529,16,109898,1430592,1246654
3128530,5,1430628,1430625,1049656
3128531,9,1430631,1430625,1049656
3128532,12,1430656,1430625,1049656
3128533,14,1430657,1430625,1049656
3128534,22,1430660,1430625,1049656
3128535,24,1430661,1430625,1049656
3128536,8,1430674,1430673,1049668
3128537,8,1430716,1430715,1049674
3128538,10,1430718,1430715,1049674
3128539,11,109965,1430766,1246659
3128540,79,110159,110149,1049764
3128541,81,110160,110149,1049764
3128542,83,110161,110149,1049764
3128543,85,110162,110149,1049764
3128544,8,1431720,1431719,1049948
3128545,13,1431722,1431720,1049948
3128546,8,1431738,1431737,1049953
3128547,18,1431746,1431745,1049953
3128548,26,1431742,1431739,1049953
3128549,8,110595,1431755,1049956
3128550,3,1431765,1431762,1049958
3128551,9,110624,1431768,1049960
3128552,9,1431776,1431774,1049963
3128553,11,1431817,1431810,1246712
3128554,10,1431886,1431859,1049997
3128555,18,1431873,1431859,1049997
3128556,8,1431938,1431925,1050019
3128557,18,1431939,1431925,1050019
3128558,8,110815,1431968,1050030
3128559,11,1431971,1431969,1050030
3128560,7,110884,742109,1246724
3128561,11,1432013,1432012,1050049
3128562,52,110954,742132,1050049
3128563,120,111022,742200,1050049
3128564,158,111029,742230,1050049
3128565,13,1432396,1432395,1050115
3128566,69,111204,1432385,1050115
3128567,72,111206,1432387,1050115
3128568,75,111212,1432388,1050115
3128569,19,1432484,1432483,1246743
3128570,23,1432488,1432486,1246743
3128571,38,1432490,1432489,1246743
3128572,5,1432592,1432591,1050164
3128573,5,1432610,1432608,1050169
3128574,18,111363,1432670,1050188
3128575,26,1433006,1433001,1050252
3128576,28,1433007,1433001,1050252
3128577,39,1433008,1433001,1050252
3128578,84,1433005,1433001,1050252
3128579,110,1433002,1433001,1050252
3128580,113,1433003,1433001,1050252
3128581,116,1433004,1433001,1050252
3128582,12,1433515,1433514,1050511
3128583,10,1433531,1433530,1050517
3128584,8,1433538,1433537,1050521
3128585,20,1433547,1433546,1050521
3128586,8,1433627,1433626,1050546
3128587,21,1433636,1433635,1050546
3128588,3,1433833,1433830,1050593
3128589,18,1433905,1433904,1050664
3128590,6,1433943,1433942,1050682
3128591,9,1433945,1433944,1050682
3128592,11,1433957,1433956,1050684
3128593,12,1433982,1433981,1050690
3128594,5,1434021,1434020,1050709
3128595,15,1434036,1434035,1050711
3128596,5,1434048,1434047,1050713
3128597,4,1434062,1434057,1050718
3128598,6,1434060,1434059,1050718
3128599,8,1434063,1434062,1050718
3128600,12,1434072,1434071,1246844
3128601,18,1434076,1434075,1246844
3128602,26,1434081,1434080,1246844
3128603,5,1434108,1434101,1050724
3128604,7,1434104,1434103,1050724
3128605,63,1434175,1434174,1050741
3128606,67,112531,1434176,1050741
3128607,12,1434204,1434202,1050749
3128608,14,1434349,743108,1050771
3128609,16,1434350,743108,1050771
3128610,18,1434352,743108,1050771
3128611,19,1434351,743108,1050771
3128612,22,1434354,743108,1050771
3128613,24,1434362,743108,1050771
3128614,26,1434363,743108,1050771
3128615,38,1434355,743108,1050771
3128616,41,1434357,743108,1050771
3128617,15,1434391,1434390,1050782
3128618,19,1434414,1434412,1050782
3128619,25,1434394,1434393,1050782
3128620,29,1434409,1434407,1050782
3128621,35,1434397,1434396,1050782
3128622,39,1434400,1434399,1050782
3128623,137,1434646,1434645,1050812
3128624,145,1434651,1434650,1050812
3128625,166,1434659,1434657,1050812
3128626,168,1434663,1434662,1050812
3128627,9,1435257,1435232,1050928
3128628,9,1436199,1436198,1246960
3128629,23,1436279,114608,1051226
3128630,32,1436283,114608,1051226
3128631,21,1436313,114645,1051232
3128632,29,1436318,114645,1051232
3128633,8,114895,1436577,1247001
3128634,9,1436908,115164,1247032
3128635,10,1436973,744064,1051401
3128636,25,115286,1437121,1051431
3128637,6,1437162,115290,1247049
3128638,25,115473,1437387,1051539
3128639,79,1437744,744451,1051625
3128640,49,1437968,116147,1051654
3128641,50,1437965,116147,1051654
3128642,55,1437973,116147,1051654
3128643,56,1437970,116147,1051654
3128644,26,1438110,116318,1051727
3128645,27,1438111,116318,1051727
3128646,28,1438112,116318,1051727
3128647,29,1438113,116318,1051727
3128648,42,1438096,116318,1051727
3128649,46,1438126,116318,1051727
3128650,48,1438098,116318,1051727
3128651,52,1438127,116318,1051727
3128652,60,1438116,116318,1051727
3128653,65,1438130,116318,1051727
3128654,68,1438103,116318,1051727
3128655,73,1438131,116318,1051727
3128656,26,1438327,116588,1051819
3128657,27,1438326,116590,1051819
3128658,30,1438330,116588,1051819
3128659,31,1438329,116590,1051819
3128660,34,1438333,116588,1051819
3128661,35,1438332,116590,1051819
3128662,38,1438336,116588,1051819
3128663,39,1438335,116590,1051819
3128664,22,1438869,117305,1052021
3128665,29,1438878,117305,1052021
3128666,41,1438871,117305,1052021
3128667,52,1438872,117305,1052021
3128668,2,1438920,1438918,1247163
3128669,20,117337,1438937,1247165
3128670,3,1439495,1439494,1052218
3128671,4,117764,1439507,1052225
3128672,3,1439541,1439540,1052228
3128673,104,1439520,117782,1247212
3128674,109,1439521,117782,1247212
3128675,111,1439522,117782,1247212
3128676,116,1439523,117782,1247212
3128677,141,117788,1439527,1247212
3128678,146,117790,117781,1247212
3128679,39,117888,117893,1247250
3128680,23,1439991,745647,1052337
3128681,11,1440020,745655,1247270
3128682,14,1440021,745655,1247270
3128683,13,1440106,1440105,1052359
3128684,10,1440148,1440147,1247285
3128685,15,118095,1440151,1247285
3128686,14,1440186,1440185,1052381
3128687,22,1440191,1440190,1052381
3128688,25,1440194,1440193,1052381
3128689,27,1440249,1440221,1052383
3128690,12,1440288,1440287,1052388
3128691,20,1440294,1440293,1052388
3128692,23,1440297,1440296,1052388
3128693,78,118168,1440227,1052383
3128694,21,1440344,1440326,1247297
3128695,36,1440337,1440336,1247297
3128696,3,1440360,1440359,1052404
3128697,3,1440368,1440367,1052406
3128698,52,1440310,1440312,1052391
3128699,3,1440375,1440374,1052408
3128700,3,1440384,1440383,1052412
3128701,3,1440391,1440390,1052414
3128702,37,1440706,745775,1052396
3128703,73,1440710,745775,1052396
3128704,103,1440748,745775,1052396
3128705,117,1440750,745775,1052396
3128706,42,1441293,745987,1247321
3128707,99,1441281,1441255,1247321
3128708,23,1441514,1441512,1247331
3128709,46,119022,1441531,1052697
3128710,27,1441570,1441569,1247334
3128711,9,119137,119143,1247342
3128712,10,119179,746184,1247350
3128713,3,1441932,1441931,1052846
3128714,6,1441934,1441933,1052846
3128715,25,119957,1442561,1247428
3128716,8,1442836,746821,1247454
3128717,16,1442839,746821,1247454
3128718,7,1442967,1442963,1053103
3128719,10,120217,1442963,1053103
3128720,17,120241,746872,1053110
3128721,28,1443006,1443005,1053112
3128722,32,1443009,1443008,1053112
3128723,41,1443011,1443010,1053112
3128724,25,1443295,1443294,1053195
3128725,30,1443296,1443288,1053195
3128726,22,121085,747353,1053354
3128727,10,121126,747368,1053371
3128728,10,121153,1444054,1053404
3128729,54,1444503,1444502,1053587
3128730,9,1444572,121740,1053605
3128731,5,121752,1444590,1053615
3128732,18,1444598,1444590,1053615
3128733,37,121758,1444590,1053615
3128734,7,1444625,121778,1053630
3128735,11,1444717,1444715,1053647
3128736,9,1444900,1444899,1053673
3128737,53,1444965,747759,1247571
3128738,57,1444969,1444967,1247571
3128739,18,1445056,747785,1247578
3128740,61,122736,748040,1053889
3128741,84,122754,748041,1053889
3128742,85,122755,748041,1053889
3128743,12,1445949,1445948,1247678
3128744,10,1445959,1445958,1247679
3128745,11,1446502,1446498,1054139
3128746,10,123177,748194,1054154
3128747,2,123406,1446884,1054226
3128748,24,1446915,1446914,1054233
3128749,28,1446917,1446916,1054233
3128750,34,1446919,1446918,1054233
3128751,37,1446921,1446920,1054233
3128752,40,1446923,1446922,1054233
3128753,43,1446925,1446924,1054233
3128754,7,1446970,123450,1054238
3128755,8,1446969,123448,1054238
3128756,10,1446986,123448,1054238
3128757,12,1446972,123450,1054238
3128758,13,1446971,123448,1054238
3128759,15,1446984,123448,1054238
3128760,17,1446974,123450,1054238
3128761,18,1446973,123448,1054238
3128762,20,1446981,123448,1054238
3128763,22,1446977,123450,1054238
3128764,23,1446975,123448,1054238
3128765,25,1446979,123448,1054238
3128766,123,1447055,1447054,1054249
3128767,130,1447059,1447058,1054249
3128768,137,1447063,1447062,1054249
3128769,144,1447067,1447066,1054249
3128770,160,1447092,1447091,1054249
3128771,163,1447094,1447093,1054249
3128772,174,1447085,1447084,1054249
3128773,177,1447087,1447086,1054249
3128774,13,1447160,1447157,1054263
3128775,211,1447050,1447049,1054249
3128776,214,1447052,1447051,1054249
3128777,17,1447165,1447163,1054263
3128778,236,1447042,1447041,1054249
3128779,239,1447044,1447043,1054249
3128780,6,1447203,1447200,1054271
3128781,30,1447351,123625,1054306
3128782,9,1447398,1447396,1054310
3128783,8,1447609,1447608,1247773
3128784,53,1447620,1447618,1247773
3128785,18,124388,748925,1054489
3128786,26,1448688,1448656,1054519
3128787,38,1448660,1448654,1054519
3128788,44,1448663,1448661,1054519
3128789,48,1448666,1448665,1054519
3128790,7,1448760,1448759,1054540
3128791,10,124727,1448791,1054542
3128792,13,1448807,1448805,1054547
3128793,15,124741,1448806,1054547
3128794,9,1449158,1449157,1054619
3128795,13,1449161,1449160,1054619
3128796,20,125001,1449171,1054622
3128797,23,125006,1449172,1054622
3128798,14,1449329,1449290,1054654
3128799,18,1449330,1449293,1054654
3128800,37,1449297,1449296,1054654
3128801,39,1449299,1449298,1054654
3128802,10,1449498,1449486,1054664
3128803,14,1449499,1449490,1054664
3128804,25,1449494,1449492,1054664
3128805,27,1449497,1449495,1054664
3128806,9,125769,1450117,1054857
3128807,14,125773,1450119,1054857
3128808,7,1450200,1450198,1054873
3128809,4,1450492,1450491,1054998
3128810,9,1450490,1450489,1054998
3128811,4,1450533,1450532,1055004
3128812,13,1450537,1450528,1055004
3128813,12,126256,1450748,1055054
3128814,16,126338,1450856,1247975
3128815,33,1450924,1450923,1055097
3128816,37,1450928,1450927,1055097
3128817,49,1450938,1450921,1055097
3128818,53,1450937,1450936,1055097
3128819,56,1450942,1450921,1055097
3128820,4,126471,1450966,1055106
3128821,20,1451146,1451145,1055152
3128822,27,1451151,1451150,1055152
3128823,34,1451156,1451155,1055152
3128824,14,1451171,1451170,1055154
3128825,21,1451176,1451175,1055154
3128826,62,1451262,1451261,1247992
3128827,8,1451348,1451346,1055196
3128828,22,1451353,1451346,1055196
3128829,12,126746,750084,1055189
3128830,20,126748,750084,1055189
3128831,28,126753,750084,1055189
3128832,29,126808,750142,1248003
3128833,14,1451728,750237,1055287
3128834,22,1452130,1452125,1055378
3128835,6,128040,1452676,1055515
3128836,4,1452693,1452692,1055537
3128837,6,128070,1452746,1055543
3128838,4,1452762,1452761,1055546
3128839,4,1452781,1452780,1055550
3128840,27,1452815,1452810,1055552
3128841,8,128123,128145,1055575
3128842,13,1452861,1452857,1248155
3128843,20,1452865,1452864,1248155
3128844,16,128137,1452903,1055578
3128845,36,1452916,1452915,1055578
3128846,15,128164,1452962,1055582
3128847,22,1452948,1452939,1055580
3128848,27,128158,1452948,1055580
3128849,42,1452957,1452934,1055580
3128850,50,128166,1452950,1055580
3128851,14,1453009,1453008,1248158
3128852,24,1453014,1453013,1248158
3128853,19,1453088,1453085,1055633
3128854,9,1453123,1453121,1055681
3128855,5,128283,1453157,1055685
3128856,4,1453266,1453265,1055710
3128857,11,1453356,1453355,1055734
3128858,6,128522,1453430,1248199
3128859,49,128635,1453562,1248209
3128860,67,128654,1453519,1248209
3128861,74,1453522,1453521,1248209
3128862,90,1453552,1453551,1248209
3128863,119,128655,1453575,1248209
3128864,6,1453931,1453929,1055929
3128865,12,129046,751522,1055961
3128866,53,129077,1454012,1055970
3128867,8,1454065,1454064,1055986
3128868,7,1454204,1454203,1056008
3128869,82,1454189,751598,1248233
3128870,100,129217,751606,1248233
3128871,108,1454180,1454179,1248233
3128872,128,1454165,1454164,1248233
3128873,136,129229,1454174,1248233
3128874,151,1454187,751626,1248233
3128875,158,1454170,1454169,1248233
3128876,12,1454249,1454248,1056022
3128877,7,1454262,1454261,1056020
3128878,4,129379,1454429,1056068
3128879,8,129372,1454432,1056068
3128880,12,1454437,1454436,1056068
3128881,8,1454474,1454473,1056074
3128882,4,129587,1454516,1056095
3128883,8,129584,1454519,1056095
3128884,12,1454523,1454522,1056095
3128885,3,1454664,1454663,1056145
3128886,5,129877,1454683,1056154
3128887,9,129802,1454691,1056154
3128888,13,1454700,1454699,1056154
3128889,82,129899,129862,1056154
3128890,4,130096,1454847,1056201
3128891,8,130093,1454850,1056201
3128892,12,1454854,1454853,1056201
3128893,14,1454856,1454855,1056201
3128894,65,130058,1454863,1056201
3128895,84,1454879,129951,1056201
3128896,117,1454872,129951,1056201
3128897,55,1455037,130167,1056247
3128898,56,1455036,752007,1056247
3128899,26,1455121,1455120,1056271
3128900,43,130245,1455131,1056271
3128901,3,1455143,1455142,1248281
3128902,21,130266,1455173,1056283
3128903,5,1455224,1455223,1056304
3128904,13,130329,1455253,1056319
3128905,4,130341,1455262,1056328
3128906,24,130472,1455324,1056359
3128907,19,1455368,1455366,1056381
3128908,23,1455390,1455388,1056381
3128909,37,1455385,1455384,1056381
3128910,51,1455373,1455370,1056381
3128911,4,1455424,1455423,1056413
3128912,4,1455448,1455447,1056424
3128913,5,1455560,1455558,1056479
3128914,6,1455563,1455558,1056479
3128915,28,130741,1455558,1056479
3128916,32,130746,1455558,1056479
3128917,2,130816,1455605,1056495
3128918,3,130819,1455605,1056495
3128919,4,130820,1455605,1056495
3128920,5,130821,1455605,1056495
3128921,3,130833,1455609,1056506
3128922,4,130834,1455609,1056506
3128923,5,130835,1455609,1056506
3128924,6,130836,1455609,1056506
3128925,47,130887,1455640,1056516
3128926,52,130889,1455640,1056516
3128927,57,1455647,1455640,1056516
3128928,76,130896,1455640,1056516
3128929,79,130898,1455640,1056516
3128930,124,1455643,1455642,1056516
3128931,126,1455644,1455642,1056516
3128932,128,1455645,1455642,1056516
3128933,130,1455646,1455642,1056516
3128934,50,1455703,130928,1056500
3128935,52,1455704,130928,1056500
3128936,63,1455706,130928,1056500
3128937,110,1455737,1455734,1056519
3128938,114,1455739,1455734,1056519
3128939,118,1455741,1455734,1056519
3128940,129,1455742,1455734,1056519
3128941,133,1455744,1455734,1056519
3128942,32,131011,1455808,1056531
3128943,37,131015,1455808,1056531
3128944,42,1455815,1455808,1056531
3128945,61,131019,1455808,1056531
3128946,64,131021,1455808,1056531
3128947,33,1455866,131037,1056524
3128948,109,1455811,1455810,1056531
3128949,35,1455867,131037,1056524
3128950,111,1455812,1455810,1056531
3128951,113,1455813,1455810,1056531
3128952,115,1455814,1455810,1056531
3128953,46,1455869,131037,1056524
3128954,3,1456024,1456022,1056574
3128955,37,1456117,1456146,1056591
3128956,38,1456118,1456146,1056591
3128957,40,1456105,1456146,1056591
3128958,43,1456121,1456148,1056591
3128959,44,1456122,1456148,1056591
3128960,46,1456108,1456148,1056591
3128961,224,1456155,1456146,1056591
3128962,226,1456156,1456146,1056591
3128963,228,1456158,1456146,1056591
3128964,243,1456163,1456148,1056591
3128965,245,1456164,1456148,1056591
3128966,247,1456166,1456148,1056591
3128967,274,1456090,1456146,1056591
3128968,277,1456091,1456146,1056591
3128969,295,1456087,1456148,1056591
3128970,298,1456088,1456148,1056591
3128971,307,131386,1456146,1056591
3128972,309,1456182,1456146,1056591
3128973,311,131387,1456148,1056591
3128974,313,1456185,1456148,1056591
3128975,421,1456198,1456146,1056591
3128976,423,1456200,1456146,1056591
3128977,435,1456204,1456148,1056591
3128978,437,1456206,1456148,1056591
3128979,2,1456391,131528,1056628
3128980,9,1456394,131528,1056628
3128981,16,1456396,131528,1056628
3128982,23,1456398,131528,1056628
3128983,33,1456445,131528,1056628
3128984,38,1456424,1456423,1056628
3128985,48,1456456,131528,1056628
3128986,69,1456426,1456425,1056628
3128987,73,1456429,1456428,1056628
3128988,78,1456433,1456432,1056628
3128989,83,1456437,1456436,1056628
3128990,112,1456419,1456418,1056628
3128991,2,1456538,1456518,1056659
3128992,3,1456539,1456518,1056659
3128993,7,1456523,1456520,1056659
3128994,8,1456522,1456520,1056659
3128995,11,1456527,1456520,1056659
3128996,13,1456526,1456520,1056659
3128997,16,1456529,1456520,1056659
3128998,29,1456537,1456520,1056659
3128999,32,1456536,1456520,1056659
3129000,43,1456530,1456518,1056659
3129001,46,1456532,1456520,1056659
3129002,62,1456541,1456518,1056659
3129003,15,1456578,1456563,1248310
3129004,17,1456579,1456563,1248310
3129005,19,1456580,1456563,1248310
3129006,21,1456581,1456563,1248310
3129007,44,1456570,1456563,1248310
3129008,46,1456571,1456563,1248310
3129009,48,1456593,1456563,1248310
3129010,55,1456574,1456563,1248310
3129011,58,1456596,1456563,1248310
3129012,63,1456566,1456563,1248310
3129013,67,1456568,1456563,1248310
3129014,28,1456704,1456703,1056677
3129015,34,1456706,1456705,1056677
3129016,38,1456722,1456713,1056677
3129017,44,1456725,1456707,1056677
3129018,54,1456710,1456709,1056677
3129019,60,1456712,1456711,1056677
3129020,38,1456681,1456677,1056675
3129021,40,1456679,1456678,1056675
3129022,28,131595,1456750,1056670
3129023,31,131598,1456750,1056670
3129024,46,131606,1456750,1056670
3129025,38,1456786,1456783,1056693
3129026,40,1456785,1456784,1056693
3129027,9,1456896,1456895,1248320
3129028,2,1456944,1456941,1056728
3129029,7,1456946,1456941,1056728
3129030,12,1456948,1456941,1056728
3129031,17,1456950,1456941,1056728
3129032,3,131657,1456964,1056732
3129033,4,131658,1456964,1056732
3129034,5,131659,1456964,1056732
3129035,6,131660,1456964,1056732
3129036,36,131720,1457011,1248326
3129037,42,131728,1457012,1248326
3129038,48,1457024,1457013,1248326
3129039,60,131736,1457015,1248326
3129040,66,131744,1457016,1248326
3129041,58,1457100,1457096,1056750
3129042,59,1457099,1457097,1056750
3129043,55,1457550,1457549,1056854
3129044,54,132576,132570,1056919
3129045,61,1457969,132570,1056919
3129046,91,1457976,132570,1056919
3129047,25,1458254,753269,1056981
3129048,7,132869,132873,1057001
3129049,45,132953,1458337,1057018
3129050,48,132955,1458337,1057018
3129051,49,1458916,1458915,1057117
3129052,59,1458883,1458882,1057117
3129053,64,1458890,1458887,1057117
3129054,49,1458972,1458971,1057126
3129055,59,1458940,1458939,1057126
3129056,64,1458947,1458944,1057126
3129057,73,1459088,1458981,1057108
3129058,61,1459605,1459637,1057240
3129059,11,1459695,1459694,1057243
3129060,20,1459768,1459737,1057260
3129061,46,1459778,1459737,1057260
3129062,4,1459835,1459834,1057278
3129063,4,1459853,1459852,1057284
3129064,34,134041,753702,1057274
3129065,18,1459877,1459876,1057295
3129066,10,1460024,1460023,1248464
3129067,55,134170,134166,1057306
3129068,62,134176,134166,1057306
3129069,5,1460064,1460063,1248465
3129070,9,1460066,1460065,1248465
3129071,13,1460068,1460067,1248465
3129072,17,1460070,1460069,1248465
3129073,21,1460072,1460071,1248465
3129074,25,1460074,1460073,1248465
3129075,29,1460076,1460075,1248465
3129076,71,134187,134166,1057306
3129077,73,134190,134166,1057306
3129078,52,1460060,1460059,1248465
3129079,77,134194,134166,1057306
3129080,81,134203,134166,1057306
3129081,88,134211,1460083,1248465
3129082,100,134228,1460051,1248465
3129083,42,1460108,134235,1057318
3129084,18,1460131,134245,1057323
3129085,35,1460129,134245,1057323
3129086,65,1460231,1460255,1057333
3129087,13,1460312,1460311,1057341
3129088,55,134337,1460306,1057341
3129089,36,134364,1460356,1057348
3129090,50,134374,1460358,1057348
3129091,32,1460535,753842,1057369
3129092,47,134438,753842,1057369
3129093,21,134504,753884,1057381
3129094,22,134507,753886,1057381
3129095,19,1460749,1460748,1057408
3129096,9,134632,753949,1057412
3129097,20,134655,134645,1248488
3129098,15,1460911,753974,1057440
3129099,13,1460928,1460923,1057432
3129100,45,1460948,1460925,1057432
3129101,37,1461434,754098,1057519
3129102,121,1461412,754098,1057519
3129103,125,1461417,754098,1057519
3129104,129,1461413,754098,1057519
3129105,137,1461414,754098,1057519
3129106,9,1461632,754174,1248551
3129107,29,1461666,754185,1057571
3129108,58,1461656,754185,1057571
3129109,2,1461757,1461756,1057622
3129110,9,1461760,1461756,1057622
3129111,9,1462019,754346,1057701
3129112,12,1462021,754346,1057701
3129113,30,1462183,1462186,1057743
3129114,34,1462184,1462186,1057743
3129115,111,135352,754510,1057756
3129116,3,1462403,1462402,1057808
3129117,135,1462276,754521,1057756
3129118,3,1462421,1462420,1057812
3129119,3,1462439,1462438,1057816
3129120,3,1462447,1462446,1057818
3129121,33,135396,754541,1057790
3129122,3,1462466,1462465,1057823
3129123,3,1462473,1462472,1057827
3129124,3,1462480,1462479,1057832
3129125,3,1462488,1462487,1057834
3129126,21,135438,754558,1057829
3129127,58,1462519,1462518,1057836
3129128,22,1462627,1462625,1057866
3129129,29,1462635,1462634,1057866
3129130,34,1462622,1462621,1057866
3129131,28,1462673,1462664,1057875
3129132,7,1463072,1463071,1057938
3129133,11,1463201,754733,1057971
3129134,8,136044,754746,1057995
3129135,10,1463397,1463401,1058064
3129136,3,136813,754806,1058070
3129137,10,1463487,1463491,1058090
3129138,24,1463973,755054,1058193
3129139,5,1464264,1464259,1058281
3129140,6,138512,138510,1058293
3129141,20,138500,138510,1058293
3129142,18,138538,755239,1248783
3129143,15,1464408,138543,1058338
3129144,24,138576,138574,1058349
3129145,77,1464429,138574,1058349
3129146,7,1464525,1464524,1248793
3129147,5,1464567,1464566,1248794
3129148,5,138660,1464580,1058384
3129149,6,1464768,1464766,1058501
3129150,23,1464775,1464766,1058501
3129151,42,1464769,1464766,1058501
3129152,16,1464987,139116,1058605
3129153,35,1465172,1465171,1058678
3129154,8,1465485,1465484,1058797
3129155,9,1465680,139825,1058852
3129156,14,1466047,1466046,1058959
3129157,21,140050,1466051,1058959
3129158,25,140046,1466053,1058959
3129159,60,140146,140193,1058961
3129160,91,1466074,140193,1058961
3129161,111,1466078,140193,1058961
3129162,137,1466091,140207,1058961
3129163,148,1466087,140207,1058961
3129164,166,1466082,140207,1058961
3129165,12,140364,1466239,1059004
3129166,14,140371,1466239,1059004
3129167,16,1466245,1466241,1059004
3129168,90,1466334,1466333,1059013
3129169,4,1466513,1466512,1059129
3129170,20,1466841,756442,1059226
3129171,10,1466880,756453,1059238
3129172,22,1467158,1467155,1059321
3129173,24,1467157,1467156,1059321
3129174,28,1467163,1467160,1059321
3129175,30,1467162,1467161,1059321
3129176,34,1467168,1467165,1059321
3129177,36,1467167,1467166,1059321
3129178,4,1467209,1467207,1059331
3129179,8,1467212,1467207,1059331
3129180,13,1467215,1467207,1059331
3129181,12,1467297,1467296,1059348
3129182,23,1467908,756992,1059476
3129183,12,1468079,1468077,1059522
3129184,62,1468060,1468059,1059520
3129185,16,1468143,1468141,1248980
3129186,3,1468164,1468163,1059526
3129187,23,1468189,1468188,1059542
3129188,33,1468196,1468192,1059542
3129189,47,1468195,1468194,1059542
3129190,59,1468187,1468186,1059542
3129191,7,142659,142738,1059553
3129192,47,1468340,757258,1059571
3129193,55,1468347,757258,1059571
3129194,57,1468346,757258,1059571
3129195,67,142769,757258,1059571
3129196,80,1468352,757258,1059571
3129197,81,1468351,757258,1059571
3129198,62,1468414,1468413,1059596
3129199,68,1468418,1468417,1059596
3129200,71,1468421,142788,1059596
3129201,97,142809,757258,1059571
3129202,12,1468466,1468465,1059600
3129203,22,1468469,1468468,1059600
3129204,33,1468475,1468474,1059600
3129205,36,1468477,1468476,1059600
3129206,40,1468480,1468479,1059600
3129207,45,1468484,1468483,1059600
3129208,53,1468486,1468485,1059600
3129209,63,1468488,1468487,1059600
3129210,74,1468494,1468493,1059600
3129211,77,1468496,1468495,1059600
3129212,81,1468499,1468498,1059600
3129213,85,1468502,1468501,1059600
3129214,5,1468662,1468661,1059662
3129215,5,1468683,1468682,1059668
3129216,5,1468702,1468700,1059672
3129217,10,1468698,1468694,1059672
3129218,13,1468699,1468698,1059672
3129219,5,1468720,1468718,1059674
3129220,10,1468716,1468713,1059674
3129221,13,1468717,1468716,1059674
3129222,5,1468745,1468744,1059678
3129223,10,1468741,1468737,1059678
3129224,13,1468743,1468741,1059678
3129225,5,1468796,1468795,1059680
3129226,10,1468793,1468790,1059680
3129227,13,1468794,1468793,1059680
3129228,5,1468847,1468846,1059690
3129229,10,1468843,1468839,1059690
3129230,13,1468850,1468843,1059690
3129231,19,1468845,1468844,1059690
3129232,8,1468807,1468805,1059682
3129233,8,1468878,1468877,1059692
3129234,13,1468875,1468872,1059692
3129235,16,1468876,1468875,1059692
3129236,5,1468885,1468884,1059694
3129237,45,143102,757400,1059676
3129238,179,1469131,1469088,1059712
3129239,308,1469077,1469076,1059712
3129240,345,1469057,1469056,1059712
3129241,30,1469661,1469660,1059798
3129242,4,1469695,1469693,1059811
3129243,8,1469702,1469699,1059811
3129244,21,1469688,1469687,1059813
3129245,20,1469719,1469718,1059811
3129246,28,1469726,1469725,1059811
3129247,37,1469707,1469706,1059811
3129248,41,1469711,1469710,1059811
3129249,44,1469754,1469753,1059819
3129250,47,1469756,1469755,1059819
3129251,52,1469748,1469747,1059819
3129252,55,1469750,1469749,1059819
3129253,13,1469792,1469786,1059822
3129254,5,1469841,1469840,1059830
3129255,9,1469875,1469874,1059842
3129256,6,1469895,1469894,1059847
3129257,10,1469897,1469896,1059847
3129258,16,1469939,1469938,1059849
3129259,21,1469943,1469941,1059849
3129260,5,1470482,1470481,1059958
3129261,8,1470504,1470503,1059962
3129262,19,1470566,144879,1059973
3129263,23,1470569,144881,1059973
3129264,27,1470572,144888,1059973
3129265,11,1470747,1470746,1060008
3129266,14,1470749,1470748,1060008
3129267,9,1470765,1470764,1060011
3129268,13,1470767,1470766,1060011
3129269,45,1470904,1470903,1060030
3129270,5,1471108,1471107,1060041
3129271,178,1470974,1470973,1249027
3129272,13,145288,1471200,1060047
3129273,26,145294,1471200,1060047
3129274,42,145299,1471200,1060047
3129275,52,145305,1471200,1060047
3129276,75,1471360,758379,1249046
3129277,85,1471386,758379,1249046
3129278,8,1471436,758405,1060199
3129279,8,1471442,758408,1060203
3129280,231,146182,1471852,1249083
3129281,2,1472069,1472068,1249099
3129282,2,1472075,1472074,1249101
3129283,9,1472083,1472082,1060298
3129284,13,1472085,1472084,1060298
3129285,14,1472100,1472099,1060300
3129286,33,146516,1472309,1060353
3129287,35,146517,1472309,1060353
3129288,37,146515,1472308,1060353
3129289,13,146584,1472411,1060379
3129290,25,146592,1472415,1060379
3129291,40,146600,1472425,1060379
3129292,52,146608,1472431,1060379
3129293,65,1472418,1472417,1060379
3129294,2,1472593,1472591,1249128
3129295,4,146721,1472592,1249128
3129296,6,1472651,1472650,1060399
3129297,16,1472640,1472639,1060399
3129298,24,146743,1472645,1060399
3129299,35,1472659,758883,1060399
3129300,56,1472634,1472633,1060399
3129301,6,1472850,1472849,1060430
3129302,15,146823,1472846,1060430
3129303,28,146832,758919,1060430
3129304,45,1472841,1472840,1060430
3129305,56,1472838,1472835,1060430
3129306,59,146845,1472837,1060430
3129307,70,146872,1472826,1060430
3129308,73,146884,1472828,1060430
3129309,76,146873,1472831,1060430
3129310,80,146874,1472834,1060430
3129311,93,1472825,1472824,1060430
3129312,16,1473175,1473170,1060451
3129313,6,1473232,1473231,1060456
3129314,18,1473229,1473227,1060456
3129315,12,1473376,1473375,1060474
3129316,25,147033,1473392,1060474
3129317,33,1473403,759066,1060474
3129318,44,1473397,759074,1060474
3129319,59,147051,1473378,1060474
3129320,61,147052,1473379,1060474
3129321,64,147053,1473381,1060474
3129322,21,147088,1473495,1060478
3129323,32,147078,1473485,1060478
3129324,40,1473490,759089,1060478
3129325,45,1473493,759089,1060478
3129326,57,1473489,759098,1060478
3129327,82,147108,1473475,1060478
3129328,85,147109,1473477,1060478
3129329,87,147110,1473478,1060478
3129330,15,1473567,759127,1060486
3129331,11,147143,1473672,1249146
3129332,13,147144,1473673,1249146
3129333,16,147145,1473675,1249146
3129334,8,1473705,759158,1060491
3129335,9,147228,1473798,1249153
3129336,31,147323,1473972,1060500
3129337,34,147324,1473975,1060500
3129338,17,147796,1475035,1249186
3129339,18,147789,1475035,1249186
3129340,15,1475071,1475070,1060597
3129341,21,1475072,1475070,1060597
3129342,14,147901,1475154,1060613
3129343,34,147947,147891,1060610
3129344,8,147989,147965,1060626
3129345,11,148005,147965,1060626
3129346,20,1475267,1475266,1249204
3129347,7,1475300,148085,1060692
3129348,15,1475303,1475302,1060687
3129349,14,1475322,148092,1060698
3129350,8,1475532,1475524,1060830
3129351,42,148242,1475534,1060830
3129352,16,1475638,1475623,1060844
3129353,18,1475676,1475668,1249228
3129354,22,1475699,1475698,1249229
3129355,26,1475701,1475700,1249229
3129356,4,1475777,1475774,1060861
3129357,12,1475836,1475833,1060869
3129358,22,1475802,1475801,1060864
3129359,27,1475814,1475811,1060864
3129360,29,1475813,1475812,1060864
3129361,47,1475806,1475805,1060864
3129362,51,1475809,1475808,1060864
3129363,19,1475875,1475860,1060876
3129364,28,1475869,1475862,1060876
3129365,16,1475886,1475891,1060878
3129366,18,1475888,1475891,1060878
3129367,23,1475890,1475891,1060878
3129368,11,1475938,1475937,1060895
3129369,13,1475939,1475937,1060895
3129370,8,148398,1475949,1249238
3129371,11,1475957,1475956,1060897
3129372,13,1475959,1475956,1060897
3129373,18,1475961,1475956,1060897
3129374,7,1475980,1475979,1060901
3129375,5,1476053,1476052,1249245
3129376,4,1476105,1476104,1249246
3129377,14,1476099,1476098,1060913
3129378,18,148450,1476101,1060913
3129379,6,1476174,1476173,1060928
3129380,6,1476183,1476182,1249247
3129381,6,1476221,1476220,1249250
3129382,10,1476224,1476223,1249250
3129383,13,1476228,1476226,1249250
3129384,19,1476232,1476231,1249250
3129385,100,1476092,148467,1060913
3129386,102,1476091,148467,1060913
3129387,21,1476260,1476259,1060938
3129388,34,1476272,1476270,1060938
3129389,41,1476264,1476263,1060938
3129390,45,1476268,1476267,1060938
3129391,41,1476309,1476307,1060942
3129392,48,1476302,1476301,1060942
3129393,31,1476351,1476350,1060961
3129394,38,1476346,1476345,1060961
3129395,15,1476434,1476433,1061004
3129396,15,1476454,1476453,1061013
3129397,8,1476716,1476715,1249257
3129398,12,1476719,1476718,1249257
3129399,13,1476735,1476737,1061066
3129400,11,1476754,1476752,1061085
3129401,16,1476822,1476826,1061089
3129402,35,1476831,1476829,1061089
3129403,19,148819,1476847,1249273
3129404,7,1476910,1476909,1061120
3129405,41,1477679,760249,1249337
3129406,27,1477722,1477726,1061273
3129407,16,1477771,1477770,1061268
3129408,8,1477839,760291,1061283
3129409,73,1477788,1477786,1061268
3129410,87,1477773,1477772,1061268
3129411,88,1477898,149295,1061280
3129412,131,149302,1477900,1061280
3129413,14,1477989,760372,1061313
3129414,8,1478015,1478013,1061324
3129415,8,1478038,1478036,1061326
3129416,8,1478074,1478071,1061330
3129417,19,1478182,1478181,1061378
3129418,17,1478546,760626,1061485
3129419,20,1478547,760626,1061485
3129420,24,1478549,760626,1061485
3129421,29,1478550,760626,1061485
3129422,33,1478551,760626,1061485
3129423,30,150063,150050,1061531
3129424,9,150093,1479846,1061543
3129425,51,150192,1479862,1061549
3129426,133,150327,1480091,1061575
3129427,87,1480302,1480293,1061587
3129428,96,1480306,1480293,1061587
3129429,118,1480294,1480293,1061587
3129430,133,1480298,1480293,1061587
3129431,91,1480408,1480407,1061610
3129432,69,150750,150720,1061640
3129433,28,150883,761101,1061680
3129434,25,1480811,150931,1061682
3129435,12,1480881,761126,1061701
3129436,67,1480815,150931,1061682
3129437,71,1480789,1480788,1061682
3129438,10,1480918,761138,1061716
3129439,100,1480777,150931,1061682
3129440,130,1480776,150931,1061682
3129441,149,151006,1480763,1061682
3129442,150,1480820,150931,1061682
3129443,152,1480844,150976,1061682
3129444,156,150999,150967,1061682
3129445,164,1480767,150967,1061682
3129446,178,1480766,150976,1061682
3129447,189,1480759,150976,1061682
3129448,192,151022,150967,1061682
3129449,215,151033,1480755,1061682
3129450,216,151034,150976,1061682
3129451,223,1480758,150976,1061682
3129452,27,1481016,1481015,1061757
3129453,45,1481021,151102,1061757
3129454,12,1481058,151094,1061766
3129455,16,1481059,151094,1061766
3129456,19,1481060,151094,1061766
3129457,22,1481061,151094,1061766
3129458,25,1481062,151094,1061766
3129459,28,1481063,151094,1061766
3129460,31,1481064,151094,1061766
3129461,34,1481065,151094,1061766
3129462,12,1481130,1481119,1061779
3129463,22,1481122,1481119,1061779
3129464,24,1481124,1481114,1061779
3129465,25,1481125,1481123,1061779
3129466,37,151192,761267,1061795
3129467,6,1481361,1481359,1061856
3129468,8,1481362,1481359,1061856
3129469,11,1481363,1481359,1061856
3129470,11,1481396,1481391,1061865
3129471,16,1481393,1481391,1061865
3129472,24,1481400,1481391,1061865
3129473,32,1481405,1481391,1061865
3129474,41,1481390,1481385,1061865
3129475,48,1481387,1481385,1061865
3129476,55,1481384,1481383,1061865
3129477,9,151647,1481852,1062011
3129478,9,1481881,1481880,1062020
3129479,13,1481876,1481871,1062020
3129480,15,1481873,1481872,1062020
3129481,18,1481877,1481876,1062020
3129482,85,1482112,1482111,1062091
3129483,8,152026,1482293,1062170
3129484,2,1482337,1482336,1062194
3129485,14,152109,761741,1062214
3129486,10,152128,761756,1062225
3129487,10,1482721,761909,1062338
3129488,28,152418,761909,1062338
3129489,14,1482770,1482769,1062356
3129490,9,152490,1482804,1062369
3129491,15,1483028,1483027,1249645
3129492,19,1483030,1483029,1249645
3129493,12,1483049,1483048,1062459
3129494,15,1483051,1483050,1062459
3129495,60,1483105,1483104,1062487
3129496,16,1483132,1483131,1062493
3129497,19,1483138,1483137,1062493
3129498,26,1483141,1483140,1062493
3129499,35,153151,1483133,1062493
3129500,42,1483136,1483135,1062493
3129501,16,153251,1483330,1062579
3129502,13,153265,1483385,1249655
3129503,16,153300,1483399,1062589
3129504,53,1483358,762472,1062576
3129505,55,1483357,762472,1062576
3129506,65,153310,762472,1062576
3129507,78,1483366,762472,1062576
3129508,79,1483365,762472,1062576
3129509,16,153319,1483419,1062597
3129510,95,153327,762472,1062576
3129511,17,1483443,1483441,1062603
3129512,18,153369,1483443,1062603
3129513,22,1483444,1483441,1062603
3129514,23,153375,1483444,1062603
3129515,17,1483478,1483476,1062610
3129516,18,153399,1483478,1062610
3129517,22,1483479,1483476,1062610
3129518,23,153401,1483479,1062610
3129519,17,1483529,1483527,1062631
3129520,18,153429,1483529,1062631
3129521,22,1483530,1483527,1062631
3129522,23,153440,1483530,1062631
3129523,55,153861,153846,1062783
3129524,8,1484295,1484294,1062855
3129525,11,1484297,1484294,1062855
3129526,9,1485070,1485051,1062981
3129527,15,1485265,1485264,1063012
3129528,140,1485295,1485361,1063005
3129529,155,1485285,1485361,1063005
3129530,144,1485461,1485412,1063025
3129531,9,1485589,1485585,1063053
3129532,45,155340,763431,1063055
3129533,8,1485757,1485756,1063107
3129534,8,1486048,1486046,1063130
3129535,42,1486036,1486034,1063130
3129536,44,1486039,1486038,1063130
3129537,9,1486206,1486205,1063155
3129538,34,1486157,155534,1063148
3129539,14,1486209,1486208,1063155
3129540,143,1486142,1486141,1063148
3129541,10,1486235,1486234,1063157
3129542,15,1486238,1486237,1063157
3129543,18,1486258,1486257,1063165
3129544,9,1486271,1486270,1063171
3129545,35,1486273,1486272,1063171
3129546,41,1486275,1486274,1063171
3129547,9,1486313,1486311,1063169
3129548,57,1486286,1486285,1063171
3129549,14,1486317,1486316,1063169
3129550,25,1486333,1486332,1063169
3129551,31,1486337,1486336,1063169
3129552,16,1486355,1486354,1063179
3129553,22,1486359,1486358,1063179
3129554,194,1485931,1485871,1063095
3129555,50,1486452,1486451,1063184
3129556,18,1486500,1486499,1063193
3129557,5,1486519,763616,1063197
3129558,8,1486521,763616,1063197
3129559,11,1486523,763616,1063197
3129560,14,1486525,763616,1063197
3129561,25,1486551,1486548,1063200
3129562,27,1486550,1486549,1063200
3129563,11,155698,1486532,1249772
3129564,14,155699,1486534,1249772
3129565,11,1486566,1486565,1249773
3129566,6,1486576,763617,1063202
3129567,8,1486578,763617,1063202
3129568,14,1486712,1486709,1249776
3129569,17,155723,1486691,1249775
3129570,16,1486711,1486710,1249776
3129571,27,155738,1486693,1249775
3129572,8,1486722,1486721,1063206
3129573,10,1486723,1486721,1063206
3129574,18,1486727,1486721,1063206
3129575,21,1486729,1486721,1063206
3129576,4,1486738,1486737,1063210
3129577,27,1486746,1486737,1063210
3129578,323,1485860,1485859,1063095
3129579,360,1485836,1485835,1063095
3129580,8,1486900,155911,1063239
3129581,11,1486899,155911,1063239
3129582,20,1486905,1486886,1063239
3129583,23,1486904,1486886,1063239
3129584,40,1486884,155911,1063239
3129585,43,1486883,155911,1063239
3129586,52,1486890,1486886,1063239
3129587,55,1486889,1486886,1063239
3129588,105,1486893,1486886,1063239
3129589,108,1486895,1486886,1063239
3129590,48,1487011,1487005,1063266
3129591,92,1487009,1487005,1063266
3129592,6,1487206,1487205,1063319
3129593,10,1487208,1487207,1063319
3129594,87,156193,1487180,1063308
3129595,89,156196,1487180,1063308
3129596,13,1487214,156214,1063315
3129597,15,156189,156214,1063315
3129598,19,1487223,156214,1063315
3129599,27,1487227,156214,1063315
3129600,29,156195,156214,1063315
3129601,44,1487229,156214,1063315
3129602,46,156203,156214,1063315
3129603,51,1487220,156214,1063315
3129604,58,1487230,156214,1063315
3129605,60,156216,156214,1063315
3129606,79,1487232,156214,1063315
3129607,81,156219,156214,1063315
3129608,86,1487217,156214,1063315
3129609,99,1487215,156214,1063315
3129610,115,156247,156232,1063315
3129611,116,156248,156233,1063315
3129612,119,156259,156232,1063315
3129613,120,156260,156233,1063315
3129614,123,156267,156232,1063315
3129615,124,156269,156233,1063315
3129616,127,156278,156242,1063315
3129617,128,156279,156243,1063315
3129618,131,156281,156242,1063315
3129619,132,156282,156243,1063315
3129620,135,156286,156242,1063315
3129621,136,156287,156243,1063315
3129622,2,156325,1487366,1063333
3129623,3,1487367,1487366,1063333
3129624,6,156311,1487366,1063333
3129625,10,1487372,1487366,1063333
3129626,14,1487368,1487366,1063333
3129627,21,1487369,1487366,1063333
3129628,24,156326,1487366,1063333
3129629,14,1487378,1487377,1063338
3129630,20,1487380,1487377,1063338
3129631,21,1487379,1487377,1063338
3129632,19,1487410,1487409,1063344
3129633,21,1487411,1487409,1063344
3129634,43,1487381,1487377,1063338
3129635,45,1487383,1487382,1063338
3129636,8,156380,1487445,1063362
3129637,4,1487621,1487620,1063377
3129638,8,1487623,1487622,1063377
3129639,18,1487625,1487624,1063377
3129640,22,1487627,1487626,1063377
3129641,33,1487630,1487629,1063377
3129642,37,1487632,1487631,1063377
3129643,48,1487634,1487633,1063377
3129644,52,1487636,1487635,1063377
3129645,2,1487667,1487666,1249805
3129646,15,156974,1488135,1063477
3129647,40,1488210,1488207,1063481
3129648,42,1488209,1488208,1063481
3129649,55,1488206,1488203,1063481
3129650,57,1488205,1488204,1063481
3129651,23,156989,1488127,1063477
3129652,35,156991,1488136,1063477
3129653,58,157003,1488127,1063477
3129654,67,157008,1488127,1063477
3129655,76,157013,1488127,1063477
3129656,85,157018,1488127,1063477
3129657,94,157025,1488127,1063477
3129658,103,1488153,1488127,1063477
3129659,110,1488165,1488127,1063477
3129660,20,157064,1488437,1063495
3129661,42,157082,1488428,1063495
3129662,76,157088,1488422,1063495
3129663,11,1488514,1488510,1063507
3129664,16,1488512,1488511,1063507
3129665,20,1488518,1488513,1063507
3129666,11,1488544,1488543,1063513
3129667,23,157158,1488561,1249846
3129668,222,1488302,1488301,1249832
3129669,88,1488583,157438,1063509
3129670,97,1488585,157438,1063509
3129671,110,157465,157438,1063509
3129672,124,157490,157438,1063509
3129673,138,157518,157438,1063509
3129674,152,157553,157438,1063509
3129675,166,157588,157438,1063509
3129676,180,1488598,157438,1063509
3129677,191,157619,157438,1063509
3129678,23,1488846,1488845,1063571
3129679,28,1488849,1488845,1063571
3129680,32,157646,1488851,1063571
3129681,36,1488852,1488845,1063571
3129682,44,1488854,1488845,1063571
3129683,47,1488858,1488845,1063571
3129684,50,157661,1488857,1063571
3129685,58,1488863,1488845,1063571
3129686,61,1488848,1488845,1063571
3129687,22,1489356,1489355,1063687
3129688,49,1489347,1489346,1063687
3129689,25,1489399,1489398,1063691
3129690,12,1489523,1489521,1249906
3129691,24,1489629,1489626,1063735
3129692,37,1489631,1489630,1063735
3129693,7,1489784,1489782,1249914
3129694,7,1489795,1489793,1249917
3129695,39,1489857,1489854,1063756
3129696,62,158795,1489858,1063756
3129697,4,1489923,1489922,1063783
3129698,3,1489929,1489928,1063789
3129699,5,1489991,158825,1063793
3129700,2,1489994,158836,1063796
3129701,6,1490021,1490011,1063804
3129702,7,1490022,1490011,1063804
3129703,8,1490023,1490011,1063804
3129704,6,158906,1490054,1063814
3129705,7,158907,1490054,1063814
3129706,8,158908,1490054,1063814
3129707,10,158912,1490054,1063814
3129708,11,158913,1490054,1063814
3129709,12,158914,1490054,1063814
3129710,33,158923,1490054,1063814
3129711,34,158924,1490054,1063814
3129712,35,158925,1490054,1063814
3129713,20,1490239,1490219,1063893
3129714,30,1490247,1490219,1063893
3129715,35,1490249,1490219,1063893
3129716,44,1490240,1490219,1063893
3129717,52,1490243,1490219,1063893
3129718,55,1490245,1490219,1063893
3129719,20,1490216,1490211,1063895
3129720,22,1490218,1490211,1063895
3129721,78,1490242,1490219,1063893
3129722,9,1490356,1490353,1063923
3129723,9,1490382,1490379,1063928
3129724,14,1490457,1490447,1063957
3129725,15,159307,1490449,1063957
3129726,26,1490455,1490449,1063957
3129727,39,159315,159312,1063957
3129728,3,1490790,1490789,1064135
3129729,3,1490798,1490797,1064144
3129730,15,1490901,1490900,1064164
3129731,21,1490902,1490900,1064164
3129732,34,159827,159800,1064230
3129733,8,159864,159848,1064345
3129734,11,159902,159848,1064345
3129735,15,1491367,1491366,1064486
3129736,15,1491718,1491713,1064663
3129737,9,1492676,1492675,1065294
3129738,13,1492678,1492677,1065294
3129739,9,1492704,1492703,1065296
3129740,13,1492706,1492705,1065296
3129741,58,160648,160642,1064739
3129742,40,1493054,1493053,1065330
3129743,52,1493058,1493057,1065330
3129744,64,1493064,1493063,1065330
3129745,70,1493069,1493067,1065330
3129746,76,1493079,1493078,1065330
3129747,48,160879,1493137,1250030
3129748,50,160875,1493139,1250030
3129749,8,161039,1493368,1250046
3129750,8,1493971,1493970,1065513
3129751,12,1494157,766523,1250099
3129752,8,1494180,766543,1065547
3129753,12,1494195,1494190,1250102
3129754,14,1494193,1494192,1250102
3129755,4,161885,1494205,1065549
3129756,3,1494243,1494242,1250105
3129757,3,1494325,1494299,1065560
3129758,7,1494340,1494339,1065560
3129759,2,1494368,1494367,1065562
3129760,7,1494390,1494389,1065564
3129761,6,1494466,1494462,1065568
3129762,8,1494464,1494463,1065568
3129763,27,162006,1494460,1065568
3129764,48,1494455,1494454,1065568
3129765,52,162013,1494458,1065568
3129766,64,1494477,1494451,1065568
3129767,74,1494478,1494450,1065568
3129768,113,162043,1494479,1065568
3129769,18,162089,1494627,1250117
3129770,24,162102,1494629,1250117
3129771,12,1494652,1494648,1065601
3129772,15,1494651,1494649,1065601
3129773,190,162211,1494411,1250110
3129774,192,162210,1494413,1250110
3129775,8,1494707,162188,1065619
3129776,14,1494712,162188,1065619
3129777,5,1494860,1494738,1250122
3129778,7,1494861,1494739,1250122
3129779,9,1494862,1494740,1250122
3129780,11,1494863,1494741,1250122
3129781,13,1494864,1494742,1250122
3129782,15,1494865,1494743,1250122
3129783,17,1494866,1494744,1250122
3129784,19,1494867,1494745,1250122
3129785,21,1494868,1494746,1250122
3129786,23,1494869,1494747,1250122
3129787,25,1494870,1494748,1250122
3129788,27,1494871,1494749,1250122
3129789,29,1494872,1494750,1250122
3129790,31,1494873,1494751,1250122
3129791,33,1494874,1494752,1250122
3129792,35,1494875,1494753,1250122
3129793,37,1494876,1494754,1250122
3129794,39,1494877,1494755,1250122
3129795,41,1494878,1494756,1250122
3129796,43,1494879,1494757,1250122
3129797,45,1494880,1494758,1250122
3129798,47,1494881,1494759,1250122
3129799,49,1494882,1494760,1250122
3129800,51,1494883,1494761,1250122
3129801,53,1494884,1494762,1250122
3129802,292,1494859,1494858,1250122
3129803,8,1495151,162563,1065696
3129804,11,1495153,162563,1065696
3129805,14,1495156,162563,1065696
3129806,18,162533,162527,1250145
3129807,31,162535,162527,1250145
3129808,41,162627,1495243,1250146
3129809,43,162643,1495244,1250146
3129810,95,1495168,162563,1065696
3129811,8,1495358,162742,1065734
3129812,2,1495431,1495430,1065745
3129813,5,1495937,1495936,1250164
3129814,5,1495969,1495968,1250169
3129815,4,1495979,1495977,1250170
3129816,15,1496003,1495999,1250168
3129817,27,1495994,1495991,1250168
3129818,6,1496129,163187,1250182
3129819,6,1496420,1496418,1250218
3129820,14,1496421,1496420,1250218
3129821,33,1496665,163653,1066015
3129822,43,1496667,163653,1066015
3129823,61,1496660,163653,1066015
3129824,62,1496659,163653,1066015
3129825,85,1496655,163653,1066015
3129826,51,163750,163735,1066084
3129827,11,1496900,1496888,1066091
3129828,64,163802,1496888,1066091
3129829,24,163853,163839,1066096
3129830,11,1497003,1496999,1066122
3129831,4,1497094,1497093,1066171
3129832,13,1497100,1497099,1066173
3129833,13,1497113,1497111,1066177
3129834,4,1497129,1497125,1066179
3129835,3,1497165,1497163,1066197
3129836,16,164260,1497172,1066201
3129837,18,164259,767467,1066201
3129838,8,1497210,1497209,1066219
3129839,20,164425,164402,1066243
3129840,7,1497449,1497447,1066328
3129841,16,1497450,1497447,1066328
3129842,25,1497451,1497447,1066328
3129843,20,164758,164708,1066337
3129844,29,1497475,164712,1066337
3129845,64,1497474,164712,1066337
3129846,16,1497520,164850,1066358
3129847,7,1497584,1497583,1066407
3129848,7,1497640,1497639,1066419
3129849,18,1497947,1497946,1066466
3129850,8,1497957,1497956,1066469
3129851,11,1497991,1497990,1066483
3129852,12,1498000,1497999,1066488
3129853,5,1498016,1498015,1066500
3129854,5,1498055,1498054,1066504
3129855,4,1498065,1498060,1066506
3129856,6,1498063,1498062,1066506
3129857,8,1498066,1498065,1066506
3129858,5,1498092,1498085,1066514
3129859,7,1498088,1498087,1066514
3129860,5,1498105,1498104,1066520
3129861,4,1498116,1498111,1066527
3129862,6,1498114,1498113,1066527
3129863,8,1498117,1498116,1066527
3129864,5,1498144,1498137,1066535
3129865,7,1498140,1498139,1066535
3129866,5,1498152,1498151,1066546
3129867,4,1498164,1498159,1066550
3129868,6,1498162,1498161,1066550
3129869,8,1498165,1498164,1066550
3129870,5,1498194,1498188,1066562
3129871,7,1498191,1498190,1066562
3129872,9,1498233,1498230,1066570
3129873,16,165384,1498249,1066574
3129874,27,1498247,768082,1066574
3129875,32,1498242,768082,1066574
3129876,36,1498244,768082,1066574
3129877,19,165472,165522,1066591
3129878,32,1498581,1498580,1066731
3129879,9,1498776,1498762,1066785
3129880,38,1498772,1498762,1066785
3129881,48,1498774,1498762,1066785
3129882,6,1498824,1498821,1066816
3129883,21,1498841,1498819,1066816
3129884,29,1498831,1498821,1066816
3129885,45,1498826,1498821,1066816
3129886,51,1498829,1498821,1066816
3129887,20,1498876,1498869,1066821
3129888,21,1498875,1498871,1066821
3129889,30,1498885,1498871,1066821
3129890,37,1498887,1498871,1066821
3129891,43,1498890,1498871,1066821
3129892,74,1498883,1498869,1066821
3129893,82,1498877,1498869,1066821
3129894,83,1498878,1498871,1066821
3129895,87,1498880,1498871,1066821
3129896,91,1498882,1498871,1066821
3129897,2,1498942,1498941,1066830
3129898,10,1498949,1498943,1066830
3129899,18,1498952,1498943,1066830
3129900,23,1498947,1498941,1066830
3129901,26,1498948,1498941,1066830
3129902,32,1498946,1498941,1066830
3129903,8,166223,1499033,1066855
3129904,14,166228,1499036,1066855
3129905,15,1499132,1499127,1066885
3129906,22,1499153,1499152,1250400
3129907,19,1499276,1499261,1066893
3129908,22,1499277,1499261,1066893
3129909,35,1499233,1499232,1066887
3129910,39,1499235,1499234,1066887
3129911,68,1499210,1499209,1066887
3129912,77,1499213,1499212,1066887
3129913,82,1499216,1499214,1066887
3129914,84,166357,1499215,1066887
3129915,90,1499248,1499220,1066887
3129916,95,1499223,1499222,1066887
3129917,139,1499201,1499200,1066887
3129918,147,1499208,1499207,1066887
3129919,161,1499204,1499203,1066887
3129920,17,1499405,1499404,1066912
3129921,21,1499407,1499406,1066912
3129922,41,1499400,1499399,1066912
3129923,75,1499398,1499397,1066912
3129924,80,1499396,1499394,1066912
3129925,46,1499503,768658,1250408
3129926,9,1500135,1500134,1067051
3129927,13,1500141,1500139,1067051
3129928,14,1500142,1500141,1067051
3129929,13,1500156,1500155,1067059
3129930,14,1500157,1500156,1067059
3129931,12,1500201,1500199,1067064
3129932,14,1500202,1500201,1067064
3129933,7,1500247,1500246,1250453
3129934,8,167177,1500363,1250465
3129935,145,1500417,769137,1067075
3129936,154,1500414,769143,1067075
3129937,5,1500660,1500659,1067207
3129938,17,1500815,167845,1067278
3129939,18,1500816,167845,1067278
3129940,3,1500872,1500871,1067294
3129941,4,1500887,1500884,1067302
3129942,6,1500886,1500885,1067302
3129943,78,167977,769542,1250500
3129944,79,167978,769542,1250500
3129945,80,167979,769542,1250500
3129946,191,1500949,1500948,1250500
3129947,36,168084,1501040,1067346
3129948,38,168107,168050,1067338
3129949,26,168130,168120,1067355
3129950,37,168134,168120,1067355
3129951,19,168252,1501227,1067226
3129952,49,1501209,1501207,1067226
3129953,50,168267,1501209,1067226
3129954,64,1501213,1501212,1067226
3129955,65,168270,1501213,1067226
3129956,84,1501202,1501201,1067226
3129957,85,168277,1501202,1067226
3129958,207,1501183,168359,1067226
3129959,210,1501185,168359,1067226
3129960,5,168449,1501420,1067466
3129961,11,1501430,1501420,1067466
3129962,19,1501431,1501420,1067466
3129963,27,1501432,1501420,1067466
3129964,362,1501153,168478,1067226
3129965,11,1501730,769850,1067513
3129966,73,168756,168745,1067515
3129967,76,168763,168745,1067515
3129968,12,1501898,1501885,1067523
3129969,79,168767,168745,1067515
3129970,29,1501883,1501882,1067523
3129971,43,1501863,1501862,1067523
3129972,47,1501865,1501864,1067523
3129973,51,1501867,1501866,1067523
3129974,54,1501880,1501879,1067523
3129975,82,168769,168745,1067515
3129976,64,1501871,1501870,1067523
3129977,69,1501909,1501875,1067523
3129978,72,1501877,1501876,1067523
3129979,15,1502022,769932,1067536
3129980,26,1502112,769987,1067564
3129981,45,1502108,168956,1067564
3129982,16,1502165,1502163,1067579
3129983,4,1502752,1502751,1250591
3129984,5,1502759,1502758,1067738
3129985,8,1502920,770376,1067804
3129986,13,169972,770487,1067878
3129987,30,169998,770499,1067887
3129988,10,1503191,1503189,1067914
3129989,13,1503192,1503189,1067914
3129990,18,1503195,1503189,1067914
3129991,53,1503280,1503279,1067935
3129992,31,1503381,1503379,1250642
3129993,147,1503277,1503276,1067935
3129994,180,1503293,1503269,1067935
3129995,88,1503721,1503720,1250676
3129996,94,1503726,1503725,1250676
3129997,100,1503731,1503730,1250676
3129998,9,1503856,1503852,1250686
3129999,12,170730,1503855,1250686
3130000,38,1503820,1503819,1250684
3130001,48,1503825,1503824,1250684
3130002,58,1503830,1503829,1250684
3130003,35,1503892,1503888,1068118
3130004,38,170785,1503890,1068118
3130005,31,1503930,1503928,1068125
3130006,33,170835,1503929,1068125
3130007,35,170892,1503967,1068127
3130008,37,170887,1503968,1068127
3130009,42,170899,1503969,1068127
3130010,14,1504014,1504013,1250697
3130011,24,1504020,1504018,1250697
3130012,4,1504037,1504036,1250701
3130013,7,171024,1504028,1250695
3130014,8,170965,1504052,1068133
3130015,10,170960,1504053,1068133
3130016,12,170978,1504031,1250695
3130017,18,170995,1504038,1250695
3130018,23,171022,1504039,1250695
3130019,25,171023,1504041,1250695
3130020,25,1504340,770885,1068265
3130021,32,1504339,770889,1068265
3130022,5,1504473,1504472,1250728
3130023,8,1504511,1504510,1250729
3130024,14,1504515,1504514,1250729
3130025,25,1504498,1504497,1250729
3130026,33,1504503,1504502,1250729
3130027,8,1504568,1504567,1250730
3130028,14,1504572,1504571,1250730
3130029,24,1504579,1504578,1250730
3130030,33,1504586,1504585,1250730
3130031,43,1504539,1504538,1250730
3130032,51,1504544,1504543,1250730
3130033,60,1504551,1504550,1250730
3130034,69,1504559,1504557,1250730
3130035,25,1504755,771003,1068320
3130036,32,1504751,771007,1068320
3130037,15,171452,1504813,1068351
3130038,12,1504915,1504913,1068372
3130039,8,1504927,1504925,1250749
3130040,3,1504960,1504959,1068382
3130041,3,1504965,1504964,1068384
3130042,3,1504980,1504979,1068390
3130043,4,171568,1505046,1068415
3130044,15,1505091,1505089,1068427
3130045,18,1505109,1505108,1068427
3130046,26,171606,1505095,1068427
3130047,14,171627,1505150,1068432
3130048,34,171650,1505103,1068427
3130049,19,1505192,1505191,1068449
3130050,19,1505288,771180,1068480
3130051,22,1505290,1505268,1068480
3130052,52,1505279,771180,1068480
3130053,53,1505277,1505268,1068480
3130054,8,1505353,1505352,1068484
3130055,20,1505346,1505345,1068484
3130056,25,1505351,1505350,1068484
3130057,29,1505348,1505347,1068484
3130058,27,1505388,771211,1068488
3130059,8,171906,771267,1068545
3130060,9,171905,771267,1068545
3130061,10,171904,771267,1068545
3130062,11,171903,771267,1068545
3130063,8,1505869,1505868,1250772
3130064,23,1505864,1505863,1250772
3130065,87,1505841,1505839,1250772
3130066,7,1505906,1505905,1250773
3130067,19,1505900,1505899,1250773
3130068,9,1505956,1505955,1250778
3130069,15,1505960,1505959,1250778
3130070,21,1505964,1505963,1250778
3130071,27,1505968,1505967,1250778
3130072,10,1506001,1505996,1068566
3130073,5,171934,1506019,1068570
3130074,34,1506080,1506075,1068577
3130075,55,1506078,1506075,1068577
3130076,65,1506077,1506075,1068577
3130077,16,1506131,171976,1068581
3130078,34,1506127,171997,1068581
3130079,9,172021,1506195,1068612
3130080,12,172023,1506195,1068612
3130081,53,1506302,1506277,1068639
3130082,3,1506318,1506269,1250788
3130083,11,1506321,1506270,1250788
3130084,24,1506388,1506355,1068641
3130085,61,1506325,1506324,1250788
3130086,62,1506326,1506323,1250788
3130087,64,1506328,1506327,1250788
3130088,65,1506329,1506326,1250788
3130089,78,1506371,1506316,1250788
3130090,91,1506330,1506271,1250788
3130091,53,172579,172609,1250799
3130092,62,172595,172609,1250799
3130093,66,1506497,172609,1250799
3130094,79,1506498,172609,1250799
3130095,54,1506659,1506636,1068691
3130096,83,1506823,1506764,1250801
3130097,8,1506986,771778,1068731
3130098,9,1506987,771778,1068731
3130099,21,1506991,771778,1068731
3130100,7,173133,1507025,1250806
3130101,9,1507041,1507026,1250806
3130102,10,173210,1507086,1068754
3130103,13,173212,1507086,1068754
3130104,4,1507143,1507142,1068765
3130105,11,1507194,1507192,1250818
3130106,26,1507352,1507240,1068798
3130107,30,1507353,1507356,1068798
3130108,44,173513,1507356,1068798
3130109,70,1507269,1507259,1068798
3130110,76,1507284,1507259,1068798
3130111,82,1507287,1507259,1068798
3130112,86,1507343,1507259,1068798
3130113,93,1507293,1507259,1068798
3130114,105,1507378,1507259,1068798
3130115,111,1507306,1507259,1068798
3130116,117,1507307,1507259,1068798
3130117,121,1507340,1507259,1068798
3130118,129,1507310,1507259,1068798
3130119,131,1507311,1507259,1068798
3130120,1069,1506333,1506331,1250788
3130121,1075,1506335,1506334,1250788
3130122,147,1507380,1507259,1068798
3130123,153,1507314,1507259,1068798
3130124,159,1507315,1507259,1068798
3130125,163,1507337,1507259,1068798
3130126,170,1507317,1507259,1068798
3130127,172,1507318,1507259,1068798
3130128,206,173572,1507240,1068798
3130129,209,173579,173523,1068798
3130130,213,1507320,173581,1068798
3130131,215,1507332,1507259,1068798
3130132,219,1507334,1507259,1068798
3130133,222,173586,173581,1068798
3130134,224,1507383,173581,1068798
3130135,226,1507327,1507259,1068798
3130136,230,1507329,1507259,1068798
3130137,233,173592,173581,1068798
3130138,235,1507384,173581,1068798
3130139,237,1507321,1507259,1068798
3130140,4,1507563,772074,1250831
3130141,241,1507323,1507259,1068798
3130142,244,173596,173581,1068798
3130143,10,1507564,772076,1250831
3130144,6,1507634,1507633,1068908
3130145,8,1507641,1507635,1068908
3130146,15,173680,1507635,1068908
3130147,20,1507642,1507635,1068908
3130148,28,173684,1507635,1068908
3130149,33,1507643,1507635,1068908
3130150,40,173686,1507635,1068908
3130151,55,1507636,1507635,1068908
3130152,62,173713,1507635,1068908
3130153,67,1507637,1507635,1068908
3130154,75,173715,1507635,1068908
3130155,80,1507638,1507635,1068908
3130156,87,173719,1507635,1068908
3130157,5,1507795,1507794,1068944
3130158,88,1507898,1507897,1068959
3130159,49,1508337,1508336,1069070
3130160,10,1508468,1508467,1069082
3130161,8,174416,1508672,1250931
3130162,36,1508788,1508787,1250938
3130163,39,1508790,1508789,1250938
3130164,234,1509267,772734,1069171
3130165,12,174941,1509448,1250973
3130166,14,174942,1509449,1250973
3130167,20,174940,1509451,1250973
3130168,22,174944,1509452,1250973
3130169,24,174945,1509453,1250973
3130170,26,174946,1509454,1250973
3130171,29,1509457,1509456,1250973
3130172,34,1509460,1509459,1250973
3130173,38,1509467,1509466,1250973
3130174,48,1509463,1509462,1250973
3130175,55,174955,1509465,1250973
3130176,9,1509508,1509507,1069211
3130177,20,1509518,1509517,1069211
3130178,16,1509625,1509624,1250978
3130179,125,1509660,1509659,1069238
3130180,128,1509668,1509667,1069238
3130181,156,1509662,1509661,1069238
3130182,163,1509664,1509663,1069238
3130183,11,1509897,1509894,1069366
3130184,40,1509937,175748,1069355
3130185,37,1510019,1510040,1069402
3130186,67,1510020,1510035,1069402
3130187,9,1510052,773026,1069418
3130188,14,175671,773026,1069418
3130189,6,1510091,1510090,1069434
3130190,21,175796,175785,1069439
3130191,43,1510145,773078,1069430
3130192,54,175809,175807,1069430
3130193,69,175814,773087,1069430
3130194,84,1510152,175836,1069430
3130195,150,1509928,773122,1069355
3130196,116,175881,773133,1069430
3130197,129,1510155,175891,1069430
3130198,153,175907,773074,1069430
3130199,166,1510157,175909,1069430
3130200,198,1510129,773148,1069430
3130201,20,1510319,1510317,1069465
3130202,29,1510321,1510316,1069465
3130203,152,1510359,1510358,1251007
3130204,8,1510469,1510466,1069488
3130205,5,1510545,1510544,1069494
3130206,17,1510575,1510566,1069498
3130207,40,1510564,1510563,1069498
3130208,52,1510578,176219,1069498
3130209,53,176228,176221,1069498
3130210,86,1510561,1510560,1069498
3130211,98,1510556,176250,1069498
3130212,99,176257,176252,1069498
3130213,24,1510653,1510642,1069506
3130214,125,1511044,176881,1069642
3130215,179,1511025,176881,1069642
3130216,184,1511029,176881,1069642
3130217,189,1511033,176881,1069642
3130218,194,1511038,176881,1069642
3130219,204,1511011,176881,1069642
3130220,15,1511364,1511363,1069711
3130221,20,1511367,1511366,1069711
3130222,15,1511403,1511402,1069727
3130223,20,1511406,1511405,1069727
3130224,39,1513020,1513010,1069895
3130225,45,1514331,1514330,1070008
3130226,21,1514387,1514386,1251111
3130227,9,1514456,1514455,1070062
3130228,32,1515067,1515066,1070264
3130229,8,1515129,178484,1070270
3130230,17,178618,178617,1070316
3130231,26,178623,178617,1070316
3130232,12,178785,1515356,1070347
3130233,10,1515393,178798,1070357
3130234,3,178809,1515403,1070365
3130235,5,1515407,1515403,1070365
3130236,20,1515460,178832,1070379
3130237,23,1515463,178832,1070379
3130238,26,1515466,178832,1070379
3130239,35,1515458,178832,1070379
3130240,50,1515448,178832,1070379
3130241,52,1515447,1515446,1070379
3130242,55,1515450,178835,1070379
3130243,6,1515526,1515496,1070397
3130244,30,1515540,1515496,1070397
3130245,38,1515516,1515503,1070397
3130246,9,1515618,1515614,1070417
3130247,10,1515616,1515615,1070417
3130248,10,1515633,1515629,1070421
3130249,11,1515632,1515631,1070421
3130250,14,1515637,1515629,1070421
3130251,10,1515649,1515645,1070425
3130252,11,1515648,1515647,1070425
3130253,14,1515653,1515645,1070425
3130254,17,1515655,1515647,1070425
3130255,112,1515588,774333,1070334
3130256,19,1515712,178992,1070447
3130257,22,1515715,178992,1070447
3130258,25,1515718,178992,1070447
3130259,3,179079,1515895,1070499
3130260,6,1516075,774458,1070524
3130261,14,1516074,774458,1070524
3130262,16,1516103,774458,1070524
3130263,79,1516081,179158,1070524
3130264,85,1516070,179160,1070524
3130265,89,1516071,179162,1070524
3130266,160,1516065,1516124,1070524
3130267,166,1516067,1516124,1070524
3130268,181,1516062,1516124,1070524
3130269,209,1516052,1516050,1070524
3130270,210,1516051,1516086,1070524
3130271,214,1516056,1516054,1070524
3130272,215,1516055,1516043,1070524
3130273,219,1516060,1516058,1070524
3130274,220,1516059,1516044,1070524
3130275,40,179292,1516245,1070556
3130276,43,179300,1516245,1070556
3130277,56,1516252,1516245,1070556
3130278,59,1516253,1516245,1070556
3130279,68,1516255,1516245,1070556
3130280,77,1516257,1516245,1070556
3130281,6,1516294,774550,1070571
3130282,11,179368,1516376,1070592
3130283,24,179440,1516589,1251253
3130284,29,179443,1516591,1251253
3130285,34,179446,1516593,1251253
3130286,39,179449,1516595,1251253
3130287,61,1516580,1516579,1251253
3130288,69,1516583,1516582,1251253
3130289,77,1516586,1516585,1251253
3130290,47,1516716,774640,1070598
3130291,13,1516849,774662,1251279
3130292,211,1516573,1516572,1251253
3130293,232,179757,1516568,1251253
3130294,323,179826,1516555,1251253
3130295,65,179973,774756,1070735
3130296,73,1516939,774771,1070735
3130297,453,180033,1516544,1251253
3130298,458,180050,1516545,1251253
3130299,93,1516938,774797,1070735
3130300,463,180067,1516546,1251253
3130301,468,180083,1516547,1251253
3130302,473,180093,1516548,1251253
3130303,106,180099,774806,1070735
3130304,492,180114,1516542,1251253
3130305,581,1516535,1516533,1251253
3130306,660,180294,1516525,1251253
3130307,3,1517101,1517096,1251297
3130308,9,180377,1517137,1251300
3130309,70,1517146,1517145,1251300
3130310,78,1517149,1517148,1251300
3130311,86,1517152,1517151,1251300
3130312,98,1517157,1517156,1251300
3130313,44,181045,775135,1070956
3130314,14,1517949,1517948,1251368
3130315,20,181297,1517977,1071055
3130316,44,181493,1518234,1071093
3130317,32,182072,182044,1071197
3130318,9,1518773,1518772,1071233
3130319,13,1518775,1518774,1071233
3130320,9,1518802,1518801,1071237
3130321,13,1518804,1518803,1071237
3130322,9,1518830,1518829,1071244
3130323,13,1518832,1518831,1071244
3130324,9,1518861,1518860,1071248
3130325,13,1518863,1518862,1071248
3130326,8,1518983,182440,1071281
3130327,23,1519098,775949,1071268
3130328,25,1519099,775951,1071268
3130329,24,1519029,1519028,1071284
3130330,27,1519031,1519030,1071284
3130331,37,1519064,775949,1071268
3130332,65,1519121,775949,1071268
3130333,74,1519093,775949,1071268
3130334,76,1519091,775949,1071268
3130335,80,1519124,775949,1071268
3130336,88,1519074,775949,1071268
3130337,100,1519131,775951,1071268
3130338,103,1519085,775949,1071268
3130339,116,1519077,775949,1071268
3130340,159,1519147,775951,1071268
3130341,161,1519070,775949,1071268
3130342,175,1519150,775949,1071268
3130343,184,1519151,775951,1071268
3130344,22,1519486,182652,1071339
3130345,24,1519554,182673,1071361
3130346,35,1519548,1519544,1071361
3130347,42,1519543,1519541,1071361
3130348,44,1519545,1519544,1071361
3130349,59,1519546,1519544,1071361
3130350,7,1519613,1519610,1251449
3130351,15,1519654,1519653,1071384
3130352,15,1519685,1519684,1071389
3130353,10,1519780,1519779,1251463
3130354,66,1519872,1519870,1071439
3130355,20,182980,1519958,1251476
3130356,45,183079,1519982,1071463
3130357,63,183137,1519982,1071463
3130358,14,1520168,1520166,1071527
3130359,13,1520190,1520188,1071539
3130360,34,183300,183292,1071611
3130361,20,183439,776477,1071688
3130362,53,1520771,1520779,1071688
3130363,9,1520921,776588,1071745
3130364,12,1520927,776588,1071745
3130365,18,1520923,776588,1071745
3130366,21,1520925,776588,1071745
3130367,20,1521062,776693,1071777
3130368,13,1521134,1521130,1071816
3130369,56,1521128,1521127,1071816
3130370,82,1521117,1521116,1071816
3130371,83,183857,1521117,1071816
3130372,86,1521119,1521118,1071816
3130373,87,183862,1521119,1071816
3130374,97,1521124,1521123,1071816
3130375,98,1521136,1521124,1071816
3130376,100,1521126,1521125,1071816
3130377,101,1521137,1521126,1071816
3130378,4,1521194,776753,1251559
3130379,5,1521209,776765,1251562
3130380,6,1521231,1521230,1251567
3130381,10,1521233,1521232,1251567
3130382,17,1521342,184073,1071875
3130383,23,1521345,184073,1071875
3130384,26,1521405,184107,1071841
3130385,8,1521660,1521659,1071898
3130386,6,1521675,1521674,1071903
3130387,263,1521396,1521419,1071841
3130388,266,1521397,1521419,1071841
3130389,321,1521389,1521421,1071841
3130390,322,1521388,1521422,1071841
3130391,325,1521393,1521421,1071841
3130392,327,1521392,1521422,1071841
3130393,454,1521380,1521427,1071841
3130394,457,1521381,1521427,1071841
3130395,504,1521374,1521428,1071841
3130396,505,1521373,1521429,1071841
3130397,508,1521378,1521428,1071841
3130398,510,1521377,1521429,1071841
3130399,8,1521770,1521769,1251588
3130400,12,184470,1521930,1071946
3130401,11,184478,1521960,1071959
3130402,85,1522010,1522013,1071952
3130403,29,1522082,1522068,1071967
3130404,38,1522164,777076,1251608
3130405,41,1522166,777076,1251608
3130406,42,1522184,1522166,1251608
3130407,43,1522168,777076,1251608
3130408,44,1522185,1522168,1251608
3130409,23,184675,777117,1071985
3130410,189,1522254,777137,1071971
3130411,220,1522264,777143,1071971
3130412,251,1522274,777148,1071971
3130413,6,1522323,1522321,1251613
3130414,6,1522332,1522330,1251614
3130415,6,1522340,1522338,1251616
3130416,15,1522499,184834,1072015
3130417,23,184814,184834,1072015
3130418,175,1522449,184820,1071993
3130419,41,1522502,184834,1072015
3130420,290,1522462,184870,1071993
3130421,91,1522517,184834,1072015
3130422,59,1522619,184984,1072037
3130423,10,185286,777490,1072127
3130424,6,1523307,777687,1072250
3130425,7,1523308,777687,1072250
3130426,8,1523309,777687,1072250
3130427,9,1523310,777687,1072250
3130428,10,1523311,777687,1072250
3130429,11,1523312,777687,1072250
3130430,9,1523615,1523614,1072414
3130431,10,1523616,1523615,1072414
3130432,13,1523618,1523617,1072414
3130433,14,1523619,1523618,1072414
3130434,8,1523631,1523630,1251713
3130435,9,1523633,1523631,1251713
3130436,8,1524034,777981,1251743
3130437,16,1524037,777981,1251743
3130438,58,186365,778121,1072529
3130439,75,1524418,778196,1251769
3130440,89,1524417,778196,1251769
3130441,30,1524608,1524599,1072617
3130442,31,186584,186570,1072617
3130443,34,1524609,1524599,1072617
3130444,48,1524606,1524599,1072617
3130445,16,1524766,1524764,1072669
3130446,15,1524821,1524820,1251805
3130447,35,186924,1524852,1072702
3130448,50,186926,1524852,1072702
3130449,4,1524991,1524989,1251826
3130450,8,1524992,1524989,1251826
3130451,12,187003,1524989,1251826
3130452,14,187005,778405,1251826
3130453,15,187006,778405,1251826
3130454,16,187007,778405,1251826
3130455,19,187031,778407,1251826
3130456,20,187032,778407,1251826
3130457,21,1525032,778407,1251826
3130458,68,1525037,1524989,1251826
3130459,74,1524997,1524989,1251826
3130460,77,1525038,1524989,1251826
3130461,86,1525051,1524989,1251826
3130462,114,187059,1524989,1251826
3130463,10,1525139,1525135,1072769
3130464,12,1525141,1525135,1072769
3130465,20,1525140,1525135,1072769
3130466,22,1525142,1525135,1072769
3130467,10,1525211,1525205,1072809
3130468,12,1525213,1525205,1072809
3130469,23,1525212,1525205,1072809
3130470,25,1525214,1525205,1072809
3130471,8,1525245,1525244,1251841
3130472,35,1525233,1525232,1251841
3130473,7,1525274,1525273,1251842
3130474,6,1525333,187288,1072843
3130475,33,1525372,187358,1072860
3130476,9,1525438,1525427,1251848
3130477,29,187371,1525435,1251848
3130478,35,1525440,1525431,1251848
3130479,4,1525490,1525489,1251851
3130480,16,1525529,1525527,1072918
3130481,15,1525555,1525553,1072920
3130482,21,1525545,1525544,1072920
3130483,29,1525551,1525550,1072920
3130484,35,1525548,1525547,1072920
3130485,16,1525569,1525567,1072928
3130486,15,1525595,1525593,1072935
3130487,21,1525586,1525585,1072935
3130488,34,1525589,1525588,1072935
3130489,18,1525623,1525619,1072948
3130490,26,1525649,1525646,1072952
3130491,33,1525638,1525636,1072952
3130492,47,1525642,1525640,1072952
3130493,18,1525686,1525684,1072958
3130494,45,1525764,1525749,1072962
3130495,48,1525741,1525740,1072962
3130496,52,1525745,1525743,1072962
3130497,71,1525732,1525731,1072962
3130498,75,1525735,1525734,1072962
3130499,82,1525727,1525726,1072962
3130500,20,1525829,1525827,1072967
3130501,39,1525842,1525832,1072967
3130502,19,1525873,1525872,1072973
3130503,40,1525879,1525878,1072973
3130504,25,1525941,1525937,1073011
3130505,49,1525967,1525945,1073011
3130506,23,1526006,1526005,1073029
3130507,48,1526014,1526013,1073029
3130508,11,187837,1526045,1251870
3130509,10,1526071,1526068,1073039
3130510,12,1526070,1526069,1073039
3130511,10,187851,1526086,1251873
3130512,20,1526117,1526114,1073048
3130513,22,1526116,1526115,1073048
3130514,19,1526138,1526135,1073050
3130515,21,1526137,1526136,1073050
3130516,17,1526164,1526161,1073056
3130517,19,1526163,1526162,1073056
3130518,10,1526197,1526193,1073063
3130519,12,1526195,1526194,1073063
3130520,11,1526215,1526212,1251877
3130521,19,1526503,1526502,1073132
3130522,8,1526589,1526587,1073142
3130523,26,1526600,1526591,1073142
3130524,14,1526938,1526935,1073249
3130525,15,188604,1527158,1251936
3130526,31,1527227,188706,1073362
3130527,27,189049,779296,1073448
3130528,41,1527783,189057,1073451
3130529,43,1527784,189057,1073451
3130530,45,1527785,189057,1073451
3130531,43,189083,779327,1073431
3130532,2,1528348,1528347,1073602
3130533,5,1528383,1528382,1073610
3130534,6,1528391,1528390,1073612
3130535,9,1529891,1529843,1073645
3130536,20,1529885,1529843,1073645
3130537,36,1529879,1529843,1073645
3130538,53,1529873,1529843,1073645
3130539,65,1529859,1529843,1073645
3130540,70,1529867,1529843,1073645
3130541,81,1529846,1529843,1073645
3130542,89,1529855,1529843,1073645
3130543,43,1530211,1530210,1252042
3130544,66,1530208,1530207,1252042
3130545,16,1530389,1530385,1252047
3130546,9,1530422,1530421,1252048
3130547,18,1530415,1530410,1252048
3130548,17,1530477,1530475,1073776
3130549,6,1530553,1530552,1073780
3130550,8,1530556,1530554,1073780
3130551,13,1530559,1530558,1073780
3130552,17,1530607,1530593,1073787
3130553,19,1530597,1530594,1073787
3130554,25,1530600,1530599,1073787
3130555,20,1530646,1530642,1073791
3130556,22,1530644,1530643,1073791
3130557,35,1530679,1530676,1073793
3130558,37,1530678,1530677,1073793
3130559,20,1530728,1530724,1073815
3130560,22,1530726,1530725,1073815
3130561,27,1530750,1530747,1073817
3130562,29,1530749,1530748,1073817
3130563,10,190197,1530810,1252068
3130564,9,190543,1531184,1073931
3130565,130,1531249,190757,1073904
3130566,136,1531251,190757,1073904
3130567,142,1531253,190757,1073904
3130568,148,1531255,190757,1073904
3130569,11,191500,191492,1074074
3130570,15,191531,780595,1074090
3130571,6,1532033,1532032,1074099
3130572,32,1532035,1532032,1074099
3130573,34,1532036,1532032,1074099
3130574,36,1532037,1532032,1074099
3130575,7,1532260,1532259,1074155
3130576,9,1532261,1532259,1074155
3130577,11,1532262,1532259,1074155
3130578,13,1532263,1532259,1074155
3130579,15,1532377,1532376,1074198
3130580,16,1532396,1532395,1074205
3130581,5,1532495,1532490,1074244
3130582,6,1532494,1532490,1074244
3130583,7,1532493,1532490,1074244
3130584,8,1532492,1532490,1074244
3130585,12,1532505,1532504,1074249
3130586,15,1532507,1532506,1074249
3130587,34,1532514,1532513,1074249
3130588,44,1532517,1532516,1074249
3130589,57,191943,1532519,1074249
3130590,68,1532521,1532520,1074249
3130591,37,1532562,780875,1074251
3130592,67,1532575,780875,1074251
3130593,73,1532574,780875,1074251
3130594,54,1532616,1532615,1074256
3130595,57,1532628,1532627,1074256
3130596,62,1532618,1532617,1074256
3130597,65,1532626,1532625,1074256
3130598,70,1532620,1532619,1074256
3130599,73,1532624,1532623,1074256
3130600,80,1532644,1532622,1074256
3130601,3,1532661,1532660,1074239
3130602,9,1532664,1532662,1074239
3130603,144,1532843,192223,1252162
3130604,159,192256,192223,1252162
3130605,167,1532896,192223,1252162
3130606,174,192259,192223,1252162
3130607,2,1533079,1533078,1074353
3130608,8,192394,1533114,1074384
3130609,64,1533254,192543,1074461
3130610,67,1533256,192543,1074461
3130611,70,1533259,192543,1074461
3130612,41,192627,781265,1074490
3130613,4,1533548,1533547,1074624
3130614,7,1533683,1533682,1252205
3130615,124,1533500,192759,1074631
3130616,127,1533502,192759,1074631
3130617,130,1533505,192759,1074631
3130618,10,1533701,1533700,1252209
3130619,5,1533716,1533715,1252210
3130620,17,1533714,1533713,1252210
3130621,10,1533737,1533736,1252215
3130622,5,1533791,1533789,1252216
3130623,78,192952,781503,1252202
3130624,21,1533783,1533780,1252216
3130625,16,1533843,1533842,1252220
3130626,33,1533838,1533836,1252220
3130627,20,1534082,781591,1252245
3130628,58,1534214,193350,1074886
3130629,59,1534216,193350,1074886
3130630,60,1534215,193350,1074886
3130631,62,1534261,193350,1074886
3130632,63,1534247,193350,1074886
3130633,68,1534218,193350,1074886
3130634,69,1534217,193350,1074886
3130635,71,1534263,193350,1074886
3130636,72,1534246,193350,1074886
3130637,77,1534220,193350,1074886
3130638,78,1534219,193350,1074886
3130639,80,1534265,193350,1074886
3130640,81,1534245,193350,1074886
3130641,86,1534222,193350,1074886
3130642,87,1534221,193350,1074886
3130643,89,1534267,193350,1074886
3130644,90,1534244,193350,1074886
3130645,95,1534224,193350,1074886
3130646,96,1534223,193350,1074886
3130647,98,1534269,193350,1074886
3130648,99,1534243,193350,1074886
3130649,104,1534225,193350,1074886
3130650,106,1534239,193350,1074886
3130651,108,1534241,193350,1074886
3130652,110,1534242,193350,1074886
3130653,114,1534240,193350,1074886
3130654,118,1534226,193350,1074886
3130655,120,1534235,193350,1074886
3130656,122,1534237,193350,1074886
3130657,124,1534238,193350,1074886
3130658,128,1534236,193350,1074886
3130659,131,1534256,193350,1074886
3130660,132,1534257,193350,1074886
3130661,134,1534229,193350,1074886
3130662,135,1534228,193350,1074886
3130663,137,1534231,193350,1074886
3130664,138,1534230,193350,1074886
3130665,140,1534233,193350,1074886
3130666,141,1534232,193350,1074886
3130667,151,1534271,781742,1074886
3130668,152,193429,781742,1074886
3130669,177,1534272,781756,1074886
3130670,178,193460,781756,1074886
3130671,8,1534378,1534376,1074930
3130672,9,1534379,1534376,1074930
3130673,10,1534380,1534376,1074930
3130674,12,1534381,1534376,1074930
3130675,17,1534382,1534376,1074930
3130676,24,1534383,1534376,1074930
3130677,40,1534387,1534376,1074930
3130678,46,1534389,1534376,1074930
3130679,48,1534390,1534376,1074930
3130680,52,1534392,1534376,1074930
3130681,54,1534393,1534376,1074930
3130682,57,1534391,1534376,1074930
3130683,66,1534388,1534376,1074930
3130684,78,1534384,1534376,1074930
3130685,81,1534385,1534376,1074930
3130686,7,1534434,1534433,1074942
3130687,8,1534435,1534433,1074942
3130688,21,1534438,1534433,1074942
3130689,28,1534439,1534433,1074942
3130690,31,1534440,1534433,1074942
3130691,35,1534441,1534433,1074942
3130692,51,1534436,1534433,1074942
3130693,18,1534558,1534503,1074951
3130694,23,1534535,1534503,1074951
3130695,26,1534537,1534503,1074951
3130696,33,1534561,1534503,1074951
3130697,46,1534567,1534503,1074951
3130698,48,1534524,1534503,1074951
3130699,52,1534530,1534503,1074951
3130700,58,1534531,1534503,1074951
3130701,61,1534533,1534503,1074951
3130702,73,1534525,1534503,1074951
3130703,77,1534573,1534503,1074951
3130704,78,1534529,1534503,1074951
3130705,88,1534544,1534503,1074951
3130706,91,1534527,1534503,1074951
3130707,119,1534586,1534503,1074951
3130708,121,1534587,1534503,1074951
3130709,127,1534514,1534503,1074951
3130710,130,1534521,1534503,1074951
3130711,140,1534516,1534503,1074951
3130712,143,1534519,1534503,1074951
3130713,150,1534505,1534503,1074951
3130714,156,1534506,1534503,1074951
3130715,159,1534512,1534503,1074951
3130716,169,1534508,1534503,1074951
3130717,172,1534510,1534503,1074951
3130718,9,1534657,1534655,1252258
3130719,11,1534682,1534681,1074977
3130720,13,1534684,1534681,1074977
3130721,20,1534686,1534681,1074977
3130722,23,1534687,1534681,1074977
3130723,10,193607,193605,1074989
3130724,20,1534720,193605,1074989
3130725,21,193611,193605,1074989
3130726,16,1534744,1534737,1075001
3130727,18,1534743,1534737,1075001
3130728,24,1534748,1534737,1075001
3130729,29,1534740,1534737,1075001
3130730,29,1534823,193719,1075013
3130731,30,1534822,193719,1075013
3130732,37,1534847,193719,1075013
3130733,38,1534846,193719,1075013
3130734,42,1534826,193719,1075013
3130735,43,1534825,193719,1075013
3130736,50,1534844,193719,1075013
3130737,51,1534843,193719,1075013
3130738,64,1534839,193719,1075013
3130739,65,1534838,193719,1075013
3130740,67,1534840,193719,1075013
3130741,68,1534841,193719,1075013
3130742,73,1534873,193719,1075013
3130743,78,1534837,193719,1075013
3130744,110,1534829,193719,1075013
3130745,111,1534828,193719,1075013
3130746,12,1534964,193759,1075036
3130747,14,1534968,193759,1075036
3130748,24,1534963,193755,1075036
3130749,29,1534950,193759,1075036
3130750,30,1534949,193759,1075036
3130751,37,1534953,193759,1075036
3130752,71,1534961,193759,1075036
3130753,74,1534999,193759,1075036
3130754,79,1534960,193759,1075036
3130755,82,1535001,193759,1075036
3130756,87,1534958,193759,1075036
3130757,90,1535003,193759,1075036
3130758,95,1534957,193759,1075036
3130759,98,1535005,193759,1075036
3130760,103,1534956,193759,1075036
3130761,106,1535007,193759,1075036
3130762,31,1535064,1535063,1075070
3130763,53,1535142,193885,1075053
3130764,63,1535113,193888,1075053
3130765,125,1535099,193885,1075053
3130766,126,1535098,193888,1075053
3130767,130,1535165,193885,1075053
3130768,134,1535168,193888,1075053
3130769,156,1535094,193885,1075053
3130770,176,1535091,193888,1075053
3130771,25,1535220,1535219,1075086
3130772,30,1535281,1535280,1075103
3130773,60,1535301,194046,1075101
3130774,61,1535303,194046,1075101
3130775,62,1535302,194046,1075101
3130776,66,1535378,194046,1075101
3130777,67,1535349,194046,1075101
3130778,72,1535306,194046,1075101
3130779,73,1535305,194046,1075101
3130780,77,1535380,194046,1075101
3130781,78,1535348,194046,1075101
3130782,83,1535309,194046,1075101
3130783,84,1535308,194046,1075101
3130784,88,1535382,194046,1075101
3130785,89,1535347,194046,1075101
3130786,94,1535312,194046,1075101
3130787,95,1535311,194046,1075101
3130788,99,1535384,194046,1075101
3130789,100,1535346,194046,1075101
3130790,105,1535315,194046,1075101
3130791,106,1535314,194046,1075101
3130792,110,1535386,194046,1075101
3130793,111,1535345,194046,1075101
3130794,116,1535317,194046,1075101
3130795,120,1535340,194046,1075101
3130796,124,1535343,194046,1075101
3130797,126,1535344,194046,1075101
3130798,130,1535342,194046,1075101
3130799,134,1535319,194046,1075101
3130800,138,1535335,194046,1075101
3130801,142,1535338,194046,1075101
3130802,144,1535339,194046,1075101
3130803,148,1535337,194046,1075101
3130804,151,1535357,194046,1075101
3130805,152,1535358,194046,1075101
3130806,156,1535323,194046,1075101
3130807,157,1535322,194046,1075101
3130808,161,1535326,194046,1075101
3130809,162,1535325,194046,1075101
3130810,166,1535329,194046,1075101
3130811,167,1535328,194046,1075101
3130812,179,1535388,782031,1075101
3130813,180,194093,782031,1075101
3130814,205,1535389,782048,1075101
3130815,206,194124,782048,1075101
3130816,8,1535459,1535458,1075131
3130817,9,1535460,1535458,1075131
3130818,10,1535461,1535458,1075131
3130819,12,1535462,1535458,1075131
3130820,17,1535463,1535458,1075131
3130821,26,1535465,1535458,1075131
3130822,44,1535470,1535458,1075131
3130823,52,1535474,1535458,1075131
3130824,56,1535476,1535458,1075131
3130825,62,1535479,1535458,1075131
3130826,64,1535480,1535458,1075131
3130827,67,1535478,1535458,1075131
3130828,78,1535473,1535458,1075131
3130829,90,1535467,1535458,1075131
3130830,93,1535468,1535458,1075131
3130831,7,1535523,1535522,1075139
3130832,8,1535524,1535522,1075139
3130833,21,1535527,1535522,1075139
3130834,31,1535530,1535522,1075139
3130835,36,1535532,1535522,1075139
3130836,42,1535535,1535522,1075139
3130837,58,1535525,1535522,1075139
3130838,16,1535614,1535572,1075147
3130839,21,1535615,1535572,1075147
3130840,26,1535618,1535572,1075147
3130841,33,1535622,1535572,1075147
3130842,46,1535660,1535572,1075147
3130843,48,1535599,1535572,1075147
3130844,54,1535608,1535572,1075147
3130845,60,1535609,1535572,1075147
3130846,65,1535612,1535572,1075147
3130847,79,1535602,1535572,1075147
3130848,85,1535666,1535572,1075147
3130849,86,1535607,1535572,1075147
3130850,96,1535626,1535572,1075147
3130851,101,1535605,1535572,1075147
3130852,125,1535628,1535572,1075147
3130853,127,1535573,1535572,1075147
3130854,135,1535588,1535572,1075147
3130855,140,1535596,1535572,1075147
3130856,150,1535591,1535572,1075147
3130857,155,1535594,1535572,1075147
3130858,162,1535576,1535572,1075147
3130859,170,1535578,1535572,1075147
3130860,175,1535586,1535572,1075147
3130861,185,1535581,1535572,1075147
3130862,190,1535584,1535572,1075147
3130863,56,1535759,1535758,1075112
3130864,64,1535753,1535752,1075112
3130865,129,1535748,1535747,1075112
3130866,133,1535750,1535749,1075112
3130867,186,1535739,1535738,1075112
3130868,190,1535741,1535740,1075112
3130869,215,1535732,1535731,1075112
3130870,219,1535734,1535733,1075112
3130871,245,1535726,1535725,1075112
3130872,249,1535728,1535727,1075112
3130873,280,1535720,1535719,1075112
3130874,284,1535722,1535721,1075112
3130875,8,194339,1535835,1252299
3130876,337,1535711,1535710,1075112
3130877,341,1535713,1535712,1075112
3130878,366,1535704,1535703,1075112
3130879,370,1535706,1535705,1075112
3130880,396,1535698,1535697,1075112
3130881,400,1535700,1535699,1075112
3130882,441,1535789,1535788,1075112
3130883,445,1535791,1535790,1075112
3130884,498,1535780,1535779,1075112
3130885,502,1535782,1535781,1075112
3130886,527,1535773,1535772,1075112
3130887,531,1535775,1535774,1075112
3130888,557,1535767,1535766,1075112
3130889,561,1535769,1535768,1075112
3130890,11,1535841,1535840,1075160
3130891,13,1535843,1535840,1075160
3130892,22,1535846,1535840,1075160
3130893,27,1535848,1535840,1075160
3130894,10,194530,194528,1075166
3130895,18,1535873,194528,1075166
3130896,19,194536,194528,1075166
3130897,16,1535914,1535907,1075180
3130898,18,1535913,1535907,1075180
3130899,26,1535918,1535907,1075180
3130900,33,1535910,1535907,1075180
3130901,29,1535943,194598,1075186
3130902,30,1535942,194598,1075186
3130903,39,1535973,194598,1075186
3130904,40,1535972,194598,1075186
3130905,46,1535947,194598,1075186
3130906,47,1535946,194598,1075186
3130907,56,1535969,194598,1075186
3130908,57,1535968,194598,1075186
3130909,72,1535963,194598,1075186
3130910,73,1535962,194598,1075186
3130911,77,1535965,194598,1075186
3130912,78,1535966,194598,1075186
3130913,83,1535981,194598,1075186
3130914,88,1535960,194598,1075186
3130915,121,1535951,194598,1075186
3130916,122,1535950,194598,1075186
3130917,12,1536056,194617,1075200
3130918,14,1536058,194617,1075200
3130919,24,1536055,194613,1075200
3130920,29,1536043,194617,1075200
3130921,30,1536042,194617,1075200
3130922,37,1536046,194617,1075200
3130923,71,1536053,194617,1075200
3130924,74,1536079,194617,1075200
3130925,79,1536052,194617,1075200
3130926,82,1536081,194617,1075200
3130927,87,1536051,194617,1075200
3130928,90,1536083,194617,1075200
3130929,95,1536050,194617,1075200
3130930,98,1536085,194617,1075200
3130931,103,1536049,194617,1075200
3130932,106,1536087,194617,1075200
3130933,49,1536130,194682,1075215
3130934,59,1536121,194685,1075215
3130935,119,1536109,194682,1075215
3130936,120,1536108,194685,1075215
3130937,126,1536168,194682,1075215
3130938,130,1536170,194685,1075215
3130939,152,1536106,194682,1075215
3130940,172,1536103,194685,1075215
3130941,11,1536216,1536215,1075250
3130942,13,1536218,1536215,1075250
3130943,22,1536220,1536215,1075250
3130944,27,1536221,1536215,1075250
3130945,10,1536244,1536240,1075256
3130946,14,1536246,1536236,1075256
3130947,32,1536242,1536236,1075256
3130948,59,1536239,1536236,1075256
3130949,63,1536293,1536236,1075256
3130950,38,1536381,194742,1075270
3130951,39,1536383,194742,1075270
3130952,40,1536382,194742,1075270
3130953,44,1536502,194742,1075270
3130954,45,1536431,194742,1075270
3130955,50,1536385,194742,1075270
3130956,51,1536384,194742,1075270
3130957,55,1536504,194742,1075270
3130958,56,1536430,194742,1075270
3130959,61,1536387,194742,1075270
3130960,88,194755,782361,1075225
3130961,62,1536386,194742,1075270
3130962,66,1536506,194742,1075270
3130963,67,1536429,194742,1075270
3130964,72,1536389,194742,1075270
3130965,73,1536388,194742,1075270
3130966,77,1536508,194742,1075270
3130967,78,1536428,194742,1075270
3130968,83,1536391,194742,1075270
3130969,84,1536390,194742,1075270
3130970,88,1536510,194742,1075270
3130971,89,1536427,194742,1075270
3130972,94,1536392,194742,1075270
3130973,98,1536423,194742,1075270
3130974,102,1536425,194742,1075270
3130975,104,1536426,194742,1075270
3130976,108,1536424,194742,1075270
3130977,112,1536393,194742,1075270
3130978,116,1536419,194742,1075270
3130979,120,1536421,194742,1075270
3130980,122,1536422,194742,1075270
3130981,126,1536420,194742,1075270
3130982,131,1536437,194742,1075270
3130983,132,1536438,194742,1075270
3130984,136,1536401,194742,1075270
3130985,137,1536400,194742,1075270
3130986,141,1536403,194742,1075270
3130987,142,1536402,194742,1075270
3130988,146,1536405,194742,1075270
3130989,147,1536404,194742,1075270
3130990,151,1536439,194742,1075270
3130991,152,1536440,194742,1075270
3130992,153,1536406,194742,1075270
3130993,155,1536407,194742,1075270
3130994,160,1536408,194742,1075270
3130995,169,1536409,194742,1075270
3130996,187,1536412,194742,1075270
3130997,195,1536414,194742,1075270
3130998,199,1536415,194742,1075270
3130999,205,1536417,194742,1075270
3131000,207,1536418,194742,1075270
3131001,210,1536416,194742,1075270
3131002,157,1536296,1536287,1075225
3131003,221,1536413,194742,1075270
3131004,163,1536300,1536287,1075225
3131005,166,1536302,1536287,1075225
3131006,233,1536410,194742,1075270
3131007,236,1536411,194742,1075270
3131008,246,1536442,194742,1075270
3131009,247,1536443,194742,1075270
3131010,260,1536445,194742,1075270
3131011,271,1536397,194742,1075270
3131012,276,1536398,194742,1075270
3131013,282,1536399,194742,1075270
3131014,298,1536394,194742,1075270
3131015,11,1536606,1536605,1075309
3131016,13,1536608,1536605,1075309
3131017,22,1536610,1536605,1075309
3131018,27,1536611,1536605,1075309
3131019,10,1536643,1536639,1075322
3131020,12,1536644,1536636,1075322
3131021,27,1536641,1536636,1075322
3131022,50,1536638,1536636,1075322
3131023,53,1536676,1536636,1075322
3131024,38,1536746,194880,1075345
3131025,39,1536748,194880,1075345
3131026,40,1536747,194880,1075345
3131027,44,1536870,194880,1075345
3131028,45,1536798,194880,1075345
3131029,50,1536750,194880,1075345
3131030,51,1536749,194880,1075345
3131031,55,1536872,194880,1075345
3131032,56,1536797,194880,1075345
3131033,61,1536752,194880,1075345
3131034,62,1536751,194880,1075345
3131035,66,1536874,194880,1075345
3131036,67,1536796,194880,1075345
3131037,72,1536755,194880,1075345
3131038,73,1536754,194880,1075345
3131039,77,1536876,194880,1075345
3131040,78,1536795,194880,1075345
3131041,83,1536757,194880,1075345
3131042,84,1536756,194880,1075345
3131043,88,1536878,194880,1075345
3131044,89,1536794,194880,1075345
3131045,94,1536758,194880,1075345
3131046,98,1536790,194880,1075345
3131047,102,1536792,194880,1075345
3131048,104,1536793,194880,1075345
3131049,108,1536791,194880,1075345
3131050,112,1536759,194880,1075345
3131051,116,1536786,194880,1075345
3131052,4,1536923,1536922,1075365
3131053,120,1536788,194880,1075345
3131054,122,1536789,194880,1075345
3131055,126,1536787,194880,1075345
3131056,131,1536804,194880,1075345
3131057,132,1536805,194880,1075345
3131058,136,1536767,194880,1075345
3131059,137,1536766,194880,1075345
3131060,141,1536769,194880,1075345
3131061,142,1536768,194880,1075345
3131062,146,1536771,194880,1075345
3131063,147,1536770,194880,1075345
3131064,151,1536806,194880,1075345
3131065,152,1536807,194880,1075345
3131066,153,1536772,194880,1075345
3131067,155,1536773,194880,1075345
3131068,160,1536774,194880,1075345
3131069,169,1536775,194880,1075345
3131070,187,1536779,194880,1075345
3131071,195,1536781,194880,1075345
3131072,199,1536782,194880,1075345
3131073,205,1536784,194880,1075345
3131074,207,1536785,194880,1075345
3131075,210,1536783,194880,1075345
3131076,221,1536780,194880,1075345
3131077,233,1536776,194880,1075345
3131078,236,1536777,194880,1075345
3131079,246,1536810,194880,1075345
3131080,247,1536811,194880,1075345
3131081,260,1536813,194880,1075345
3131082,271,1536763,194880,1075345
3131083,276,1536764,194880,1075345
3131084,282,1536765,194880,1075345
3131085,298,1536760,194880,1075345
3131086,11,1536955,1536954,1075371
3131087,13,1536957,1536954,1075371
3131088,22,1536960,1536954,1075371
3131089,27,1536961,1536954,1075371
3131090,10,1537023,1537018,1075380
3131091,14,1537025,1537014,1075380
3131092,32,1537021,1537014,1075380
3131093,60,1537017,1537014,1075380
3131094,65,1537063,1537014,1075380
3131095,15,194942,194954,1075407
3131096,28,1537110,194954,1075407
3131097,73,1537106,194954,1075407
3131098,3,1537319,1537318,1252347
3131099,7,1537329,1537328,1075446
3131100,7,1537339,1537338,1075448
3131101,60,1537221,195020,1075430
3131102,61,1537223,195020,1075430
3131103,62,1537222,195020,1075430
3131104,66,1537298,195020,1075430
3131105,67,1537267,195020,1075430
3131106,72,1537226,195020,1075430
3131107,73,1537225,195020,1075430
3131108,77,1537301,195020,1075430
3131109,78,1537266,195020,1075430
3131110,83,1537229,195020,1075430
3131111,84,1537228,195020,1075430
3131112,88,1537305,195020,1075430
3131113,89,1537265,195020,1075430
3131114,94,1537232,195020,1075430
3131115,95,1537231,195020,1075430
3131116,99,1537307,195020,1075430
3131117,100,1537264,195020,1075430
3131118,105,1537235,195020,1075430
3131119,106,1537234,195020,1075430
3131120,110,1537309,195020,1075430
3131121,111,1537263,195020,1075430
3131122,116,1537237,195020,1075430
3131123,120,1537258,195020,1075430
3131124,124,1537261,195020,1075430
3131125,126,1537262,195020,1075430
3131126,130,1537260,195020,1075430
3131127,134,1537239,195020,1075430
3131128,138,1537253,195020,1075430
3131129,142,1537256,195020,1075430
3131130,144,1537257,195020,1075430
3131131,148,1537255,195020,1075430
3131132,151,1537275,195020,1075430
3131133,152,1537276,195020,1075430
3131134,156,1537244,195020,1075430
3131135,157,1537243,195020,1075430
3131136,161,1537247,195020,1075430
3131137,162,1537246,195020,1075430
3131138,166,1537250,195020,1075430
3131139,167,1537249,195020,1075430
3131140,8,1537413,1537412,1075454
3131141,179,1537311,782501,1075430
3131142,180,195068,782501,1075430
3131143,205,1537312,782503,1075430
3131144,206,195089,782503,1075430
3131145,8,1537494,1537493,1075468
3131146,9,1537495,1537493,1075468
3131147,10,1537496,1537493,1075468
3131148,12,1537497,1537493,1075468
3131149,17,1537498,1537493,1075468
3131150,26,1537500,1537493,1075468
3131151,44,1537505,1537493,1075468
3131152,52,1537509,1537493,1075468
3131153,56,1537511,1537493,1075468
3131154,62,1537514,1537493,1075468
3131155,64,1537515,1537493,1075468
3131156,67,1537513,1537493,1075468
3131157,78,1537508,1537493,1075468
3131158,90,1537502,1537493,1075468
3131159,93,1537503,1537493,1075468
3131160,7,1537598,1537597,1075481
3131161,8,1537599,1537597,1075481
3131162,21,1537602,1537597,1075481
3131163,31,1537605,1537597,1075481
3131164,36,1537607,1537597,1075481
3131165,42,1537609,1537597,1075481
3131166,58,1537600,1537597,1075481
3131167,39,1537568,195116,1075476
3131168,16,1537741,1537665,1075487
3131169,21,1537733,1537665,1075487
3131170,26,1537736,1537665,1075487
3131171,33,1537742,1537665,1075487
3131172,46,1537783,1537665,1075487
3131173,48,1537710,1537665,1075487
3131174,54,1537727,1537665,1075487
3131175,60,1537728,1537665,1075487
3131176,65,1537731,1537665,1075487
3131177,79,1537715,1537665,1075487
3131178,85,1537789,1537665,1075487
3131179,86,1537726,1537665,1075487
3131180,96,1537747,1537665,1075487
3131181,101,1537724,1537665,1075487
3131182,127,1537749,1537665,1075487
3131183,129,1537800,1537665,1075487
3131184,137,1537689,1537665,1075487
3131185,142,1537704,1537665,1075487
3131186,152,1537695,1537665,1075487
3131187,157,1537700,1537665,1075487
3131188,164,1537670,1537665,1075487
3131189,172,1537672,1537665,1075487
3131190,177,1537685,1537665,1075487
3131191,187,1537676,1537665,1075487
3131192,192,1537681,1537665,1075487
3131193,11,1537840,1537839,1075505
3131194,13,1537842,1537839,1075505
3131195,22,1537845,1537839,1075505
3131196,27,1537847,1537839,1075505
3131197,10,195238,195236,1075512
3131198,18,1537896,195236,1075512
3131199,19,195242,195236,1075512
3131200,16,1537925,1537918,1075516
3131201,18,1537924,1537918,1075516
3131202,26,1537929,1537918,1075516
3131203,33,1537921,1537918,1075516
3131204,29,1537958,195314,1075522
3131205,30,1537957,195314,1075522
3131206,39,1537990,195314,1075522
3131207,40,1537989,195314,1075522
3131208,46,1537962,195314,1075522
3131209,47,1537961,195314,1075522
3131210,56,1537986,195314,1075522
3131211,57,1537985,195314,1075522
3131212,72,1537980,195314,1075522
3131213,73,1537979,195314,1075522
3131214,77,1537982,195314,1075522
3131215,78,1537983,195314,1075522
3131216,83,1538004,195314,1075522
3131217,88,1537976,195314,1075522
3131218,121,1537967,195314,1075522
3131219,122,1537966,195314,1075522
3131220,12,1538162,195357,1075540
3131221,14,1538164,195357,1075540
3131222,24,1538161,195351,1075540
3131223,29,1538149,195357,1075540
3131224,30,1538148,195357,1075540
3131225,37,1538152,195357,1075540
3131226,6,1538214,1538213,1075565
3131227,71,1538159,195357,1075540
3131228,74,1538195,195357,1075540
3131229,79,1538158,195357,1075540
3131230,82,1538197,195357,1075540
3131231,87,1538157,195357,1075540
3131232,90,1538199,195357,1075540
3131233,95,1538156,195357,1075540
3131234,98,1538201,195357,1075540
3131235,103,1538155,195357,1075540
3131236,106,1538203,195357,1075540
3131237,20,1538246,1538236,1075567
3131238,27,1538240,1538234,1075567
3131239,48,1538229,1538228,1075567
3131240,49,1538285,195402,1075572
3131241,10,1538352,1538351,1075585
3131242,59,1538276,195405,1075572
3131243,8,1538360,1538357,1075587
3131244,14,1538364,1538362,1075587
3131245,18,1538367,1538366,1075587
3131246,119,1538264,195402,1075572
3131247,120,1538263,195405,1075572
3131248,126,1538324,195402,1075572
3131249,130,1538326,195405,1075572
3131250,152,1538261,195402,1075572
3131251,172,1538258,195405,1075572
3131252,8,1538383,1538379,1075591
3131253,14,1538387,1538385,1075591
3131254,18,1538390,1538389,1075591
3131255,15,195428,195448,1075597
3131256,30,1538445,195448,1075597
3131257,75,1538441,195448,1075597
3131258,60,1538598,195568,1075622
3131259,61,1538600,195568,1075622
3131260,62,1538599,195568,1075622
3131261,66,1538689,195568,1075622
3131262,67,1538645,195568,1075622
3131263,72,1538603,195568,1075622
3131264,73,1538602,195568,1075622
3131265,77,1538693,195568,1075622
3131266,78,1538644,195568,1075622
3131267,83,1538606,195568,1075622
3131268,84,1538605,195568,1075622
3131269,88,1538696,195568,1075622
3131270,89,1538643,195568,1075622
3131271,30,195655,782741,1075683
3131272,94,1538609,195568,1075622
3131273,95,1538608,195568,1075622
3131274,99,1538699,195568,1075622
3131275,100,1538642,195568,1075622
3131276,105,1538612,195568,1075622
3131277,106,1538611,195568,1075622
3131278,110,1538701,195568,1075622
3131279,111,1538641,195568,1075622
3131280,116,1538614,195568,1075622
3131281,120,1538636,195568,1075622
3131282,124,1538639,195568,1075622
3131283,126,1538640,195568,1075622
3131284,130,1538638,195568,1075622
3131285,134,1538617,195568,1075622
3131286,138,1538630,195568,1075622
3131287,142,1538634,195568,1075622
3131288,144,1538635,195568,1075622
3131289,148,1538633,195568,1075622
3131290,151,1538653,195568,1075622
3131291,152,1538654,195568,1075622
3131292,156,1538621,195568,1075622
3131293,157,1538620,195568,1075622
3131294,161,1538624,195568,1075622
3131295,162,1538623,195568,1075622
3131296,166,1538627,195568,1075622
3131297,167,1538626,195568,1075622
3131298,41,1538815,782759,1252380
3131299,48,1538818,782759,1252380
3131300,179,1538703,782763,1075622
3131301,180,195681,782763,1075622
3131302,205,1538704,782779,1075622
3131303,206,195705,782779,1075622
3131304,8,1538882,1538881,1075722
3131305,9,1538883,1538881,1075722
3131306,10,1538884,1538881,1075722
3131307,12,1538885,1538881,1075722
3131308,17,1538886,1538881,1075722
3131309,26,1538888,1538881,1075722
3131310,44,1538893,1538881,1075722
3131311,52,1538897,1538881,1075722
3131312,56,1538899,1538881,1075722
3131313,62,1538902,1538881,1075722
3131314,64,1538903,1538881,1075722
3131315,67,1538901,1538881,1075722
3131316,78,1538896,1538881,1075722
3131317,90,1538890,1538881,1075722
3131318,93,1538891,1538881,1075722
3131319,7,1538986,1538985,1075739
3131320,8,1538987,1538985,1075739
3131321,21,1538990,1538985,1075739
3131322,31,1538993,1538985,1075739
3131323,36,1538995,1538985,1075739
3131324,42,1538997,1538985,1075739
3131325,58,1538988,1538985,1075739
3131326,16,1539147,1539105,1075760
3131327,21,1539148,1539105,1075760
3131328,26,1539151,1539105,1075760
3131329,33,1539155,1539105,1075760
3131330,46,1539193,1539105,1075760
3131331,48,1539132,1539105,1075760
3131332,54,1539141,1539105,1075760
3131333,60,1539142,1539105,1075760
3131334,65,1539145,1539105,1075760
3131335,79,1539135,1539105,1075760
3131336,85,1539199,1539105,1075760
3131337,86,1539140,1539105,1075760
3131338,96,1539159,1539105,1075760
3131339,101,1539138,1539105,1075760
3131340,125,1539161,1539105,1075760
3131341,127,1539106,1539105,1075760
3131342,135,1539121,1539105,1075760
3131343,140,1539129,1539105,1075760
3131344,150,1539124,1539105,1075760
3131345,155,1539127,1539105,1075760
3131346,162,1539109,1539105,1075760
3131347,170,1539111,1539105,1075760
3131348,175,1539119,1539105,1075760
3131349,185,1539114,1539105,1075760
3131350,190,1539117,1539105,1075760
3131351,11,1539246,1539245,1075774
3131352,13,1539248,1539245,1075774
3131353,22,1539251,1539245,1075774
3131354,27,1539253,1539245,1075774
3131355,10,195917,195915,1075789
3131356,18,1539298,195915,1075789
3131357,19,195924,195915,1075789
3131358,16,1539320,1539313,1075793
3131359,18,1539319,1539313,1075793
3131360,26,1539324,1539313,1075793
3131361,33,1539316,1539313,1075793
3131362,29,1539346,195978,1075809
3131363,30,1539345,195978,1075809
3131364,39,1539376,195978,1075809
3131365,40,1539375,195978,1075809
3131366,46,1539350,195978,1075809
3131367,47,1539349,195978,1075809
3131368,56,1539372,195978,1075809
3131369,57,1539371,195978,1075809
3131370,72,1539366,195978,1075809
3131371,73,1539365,195978,1075809
3131372,77,1539368,195978,1075809
3131373,78,1539369,195978,1075809
3131374,83,1539384,195978,1075809
3131375,88,1539363,195978,1075809
3131376,121,1539354,195978,1075809
3131377,122,1539353,195978,1075809
3131378,12,1539451,195999,1075824
3131379,14,1539453,195999,1075824
3131380,24,1539450,195995,1075824
3131381,29,1539438,195999,1075824
3131382,30,1539437,195999,1075824
3131383,37,1539441,195999,1075824
3131384,71,1539448,195999,1075824
3131385,74,1539474,195999,1075824
3131386,79,1539447,195999,1075824
3131387,82,1539476,195999,1075824
3131388,87,1539446,195999,1075824
3131389,90,1539478,195999,1075824
3131390,95,1539445,195999,1075824
3131391,98,1539480,195999,1075824
3131392,103,1539444,195999,1075824
3131393,106,1539482,195999,1075824
3131394,49,1539557,196049,1075841
3131395,59,1539548,196052,1075841
3131396,119,1539536,196049,1075841
3131397,120,1539535,196052,1075841
3131398,126,1539595,196049,1075841
3131399,130,1539597,196052,1075841
3131400,152,1539533,196049,1075841
3131401,172,1539530,196052,1075841
3131402,91,1539688,196202,1075853
3131403,17,196210,1539736,1075879
3131404,37,196258,1539744,1075879
3131405,51,1539741,1539736,1075879
3131406,26,1539798,1539786,1075887
3131407,28,1539797,1539786,1075887
3131408,3,1539838,1539837,1075897
3131409,4,1539850,1539849,1075899
3131410,7,1539854,1539853,1075899
3131411,35,1540044,1540043,1075942
3131412,38,1540046,1540045,1075942
3131413,13,1540200,1540167,1076001
3131414,41,1540209,1540193,1076001
3131415,49,1540196,1540192,1076001
3131416,84,1540179,1540178,1076001
3131417,76,1540558,1540557,1076100
3131418,86,1540565,1540561,1076100
3131419,99,1540564,1540563,1076100
3131420,115,1540556,1540555,1076100
3131421,8,196897,1540718,1076124
3131422,6,1540710,1540709,1076132
3131423,62,1540753,1540718,1076124
3131424,2,1540849,1540847,1076164
3131425,4,1540860,1540859,1076169
3131426,10,1540902,196985,1076177
3131427,9,1540933,196989,1076182
3131428,4,1541446,1541445,1076344
3131429,27,1541451,1541448,1076344
3131430,34,1541456,1541453,1076344
3131431,44,1541505,1541503,1076344
3131432,56,1541514,1541512,1076344
3131433,82,1541470,1541467,1076344
3131434,92,1541478,1541474,1076344
3131435,102,1541485,1541482,1076344
3131436,112,1541491,1541488,1076344
3131437,122,1541497,1541494,1076344
3131438,2,1541641,1541638,1252502
3131439,4,1541640,1541639,1252502
3131440,20,1541662,1541660,1252502
3131441,28,1541649,1541646,1252502
3131442,14,1541685,783591,1076386
3131443,23,1541687,783591,1076386
3131444,51,1541771,1541770,1076400
3131445,57,1541775,1541773,1076400
3131446,63,1541779,1541777,1076400
3131447,69,1541783,1541781,1076400
3131448,75,1541787,1541785,1076400
3131449,83,1541805,1541804,1076400
3131450,88,1541808,1541807,1076400
3131451,96,1541792,1541790,1076400
3131452,103,1541796,1541794,1076400
3131453,4,1541960,1541957,1076436
3131454,11,1541965,1541962,1076436
3131455,9,199467,1541990,1252527
3131456,27,1542154,199821,1076526
3131457,53,1542186,199821,1076526
3131458,80,1542158,199821,1076526
3131459,92,1542160,199821,1076526
3131460,94,1542162,199821,1076526
3131461,15,1542455,200077,1076580
3131462,22,1542458,200077,1076580
3131463,63,200040,783827,1252553
3131464,69,1542416,200077,1076580
3131465,86,1542493,200077,1076580
3131466,132,1542498,200077,1076580
3131467,134,1542428,200077,1076580
3131468,178,1542425,200077,1076580
3131469,31,200297,1542748,1076688
3131470,32,1542820,783998,1076725
3131471,16,1542973,1542972,1252599
3131472,19,200443,1542975,1252599
3131473,22,200445,1542976,1252599
3131474,39,200453,1542971,1252599
3131475,89,1542968,1542967,1252599
3131476,92,200484,1542970,1252599
3131477,25,200551,1543042,1076808
3131478,8,1543075,1543074,1076811
3131479,49,200568,1543050,1076808
3131480,65,200591,1543042,1076808
3131481,75,1543055,1543044,1076808
3131482,77,200609,1543054,1076808
3131483,64,200692,784105,1076811
3131484,2,200700,200702,1076822
3131485,13,1543628,1543625,1076934
3131486,12,200960,1543671,1076947
3131487,16,201087,1543735,1252663
3131488,4,201165,1543760,1076994
3131489,3,1544048,1544047,1077096
3131490,3,1544126,1544125,1077109
3131491,3,1544221,1544220,1077118
3131492,7,1544225,1544224,1077118
3131493,3,1544249,1544248,1077120
3131494,3,1544266,1544265,1077122
3131495,3,1544286,1544285,1077124
3131496,3,1544296,1544295,1077129
3131497,3,1544315,1544313,1077131
3131498,3,1544329,1544328,1077133
3131499,2,1545027,1545026,1077356
3131500,2,1545033,1545032,1077358
3131501,2,1545040,1545039,1077360
3131502,2,1545043,1545042,1077362
3131503,2,1545048,1545047,1077364
3131504,2,1545085,1545084,1077366
3131505,2,1545088,1545087,1077368
3131506,2,1545095,1545094,1077372
3131507,2,1545099,1545098,1077374
3131508,3,1545107,1545105,1077376
3131509,4,1545108,1545107,1077376
3131510,2,1545111,1545110,1077381
3131511,2,1545116,1545115,1077383
3131512,2,1545119,1545118,1077385
3131513,2,1545124,1545123,1077387
3131514,11,1547046,1547043,1077530
3131515,17,1547048,1547043,1077530
3131516,23,1547050,1547043,1077530
3131517,29,1547052,1547043,1077530
3131518,12,202674,1547113,1077532
3131519,21,202680,1547113,1077532
3131520,12,1547196,1547194,1077560
3131521,3,1547212,1547211,1077564
3131522,10,1547595,1547591,1077707
3131523,16,1547598,1547591,1077707
3131524,23,1547603,1547591,1077707
3131525,30,1547608,1547591,1077707
3131526,10,1547631,1547628,1077717
3131527,16,1547634,1547628,1077717
3131528,10,203623,785408,1077799
3131529,19,1547988,1547986,1077826
3131530,2,1548038,1548037,1252905
3131531,9,203739,1548046,1077842
3131532,8,1548088,1548085,1077848
3131533,131,203905,203909,1077813
3131534,140,203911,203909,1077813
3131535,2,1548255,203975,1252918
3131536,10,203974,203975,1252918
3131537,13,203993,1548277,1077881
3131538,17,1548282,1548277,1077881
3131539,20,1548283,1548277,1077881
3131540,9,204045,1548330,1077890
3131541,8,204071,1548342,1252928
3131542,9,204129,1548351,1077894
3131543,15,1548429,1548420,1077910
3131544,19,204197,1548420,1077910
3131545,23,1548431,1548420,1077910
3131546,14,1548456,1548446,1077915
3131547,17,1548458,1548446,1077915
3131548,15,204226,1548475,1077920
3131549,18,204227,1548475,1077920
3131550,22,1548485,1548475,1077920
3131551,33,1548453,1548446,1077915
3131552,10,204253,204254,1252935
3131553,18,204262,204254,1252935
3131554,14,204283,1548521,1077940
3131555,3,1548526,785645,1077934
3131556,6,1548527,785645,1077934
3131557,13,1548531,785645,1077934
3131558,19,1548535,785645,1077934
3131559,37,1548541,1548540,1077934
3131560,39,1548542,1548538,1077934
3131561,42,1548543,1548540,1077934
3131562,63,1548546,1548538,1077934
3131563,64,204300,1548540,1077934
3131564,73,1548547,1548544,1077934
3131565,3,1548743,1548739,1077985
3131566,3,1548751,1548747,1077988
3131567,11,204435,1548761,1077993
3131568,34,204440,1548761,1077993
3131569,59,1548766,1548761,1077993
3131570,10,204466,1548799,1077995
3131571,15,1549085,1549084,1252956
3131572,148,1549055,1549054,1252956
3131573,161,1549059,1549058,1252956
3131574,183,1549049,1549048,1252956
3131575,203,1549041,1549040,1252956
3131576,18,1549393,1549392,1252989
3131577,15,205259,1549913,1078348
3131578,17,205263,1549915,1078348
3131579,9,1549932,786031,1078351
3131580,8,205278,1549950,1078361
3131581,11,1549954,1549953,1078361
3131582,9,1549969,786045,1078364
3131583,11,205290,1549970,1078364
3131584,8,205325,1549992,1253057
3131585,33,1550059,1550056,1078384
3131586,22,1550248,1550247,1078441
3131587,27,1550245,1550244,1078441
3131588,41,1550242,1550261,1078441
3131589,43,1550234,1550233,1078441
3131590,44,1550243,1550242,1078441
3131591,46,1550236,1550235,1078441
3131592,50,1550239,1550238,1078441
3131593,15,1550311,1550310,1253088
3131594,19,1550313,1550310,1253088
3131595,21,1550314,1550310,1253088
3131596,9,205982,1550478,1078513
3131597,9,206008,1550497,1078515
3131598,9,206022,1550509,1078517
3131599,9,206041,1550530,1078523
3131600,9,206047,1550536,1078527
3131601,2,1550591,1550588,1078620
3131602,3,1550590,1550589,1078620
3131603,6,1550594,1550588,1078620
3131604,7,1550593,1550589,1078620
3131605,2,1550606,1550604,1078629
3131606,5,1550612,1550604,1078629
3131607,21,1550570,786484,1078561
3131608,18,1550788,206542,1078736
3131609,20,206540,206542,1078736
3131610,40,1550779,206566,1078736
3131611,42,206579,206566,1078736
3131612,59,1550785,206566,1078736
3131613,61,206586,206566,1078736
3131614,66,1550782,206566,1078736
3131615,71,1550784,206566,1078736
3131616,3,1550833,1550831,1078748
3131617,4,1550835,1550831,1078748
3131618,13,1550855,1550850,1078746
3131619,19,206666,206669,1078780
3131620,20,206667,206669,1078780
3131621,40,206686,206673,1078780
3131622,41,206687,206673,1078780
3131623,58,206699,206673,1078780
3131624,59,206700,206673,1078780
3131625,64,1550951,206673,1078780
3131626,69,1550953,206673,1078780
3131627,13,1551110,1551109,1078875
3131628,13,1551146,1551145,1078888
3131629,13,1551183,1551182,1078901
3131630,13,1551272,1551271,1078916
3131631,3,1551296,1551295,1078921
3131632,13,1551378,1551377,1078931
3131633,13,206987,1551443,1078944
3131634,13,207003,1551623,1078964
3131635,13,1552007,1552006,1078977
3131636,16,1551979,786826,1078991
3131637,18,1551980,786826,1078991
3131638,20,1551981,786826,1078991
3131639,22,1551982,786826,1078991
3131640,42,1551984,786826,1078991
3131641,45,207092,786826,1078991
3131642,16,1552026,1552025,1079003
3131643,20,1552054,1552052,1079003
3131644,26,1552029,1552028,1079003
3131645,30,1552049,1552047,1079003
3131646,17,207166,207154,1079008
3131647,36,1552032,1552031,1079003
3131648,40,1552044,1552042,1079003
3131649,46,1552035,1552034,1079003
3131650,50,1552039,1552037,1079003
3131651,18,207545,1552295,1079138
3131652,19,207546,1552296,1079138
3131653,25,207567,1552313,1079143
3131654,28,207568,1552314,1079143
3131655,20,207581,1552350,1079154
3131656,21,207582,1552351,1079154
3131657,27,207609,1552372,1079162
3131658,30,207610,1552373,1079162
3131659,9,1552619,1552614,1079277
3131660,21,207752,1552614,1079277
3131661,12,1552906,1552905,1079385
3131662,16,1552909,1552905,1079385
3131663,13,1552937,1552936,1079396
3131664,16,1552940,1552939,1079396
3131665,11,1552967,1552963,1079413
3131666,7,1552994,787132,1079419
3131667,8,208128,1552994,1079419
3131668,18,1552992,787132,1079419
3131669,19,208134,1552992,1079419
3131670,8,208143,1553004,1079406
3131671,29,1553023,208141,1079406
3131672,37,208151,1553004,1079406
3131673,40,208154,1553004,1079406
3131674,43,1553052,1553004,1079406
3131675,58,1553016,208141,1079406
3131676,62,1553018,208141,1079406
3131677,65,1553019,208153,1079406
3131678,81,1553061,1553004,1079406
3131679,96,1553008,208141,1079406
3131680,100,1553010,208141,1079406
3131681,103,1553011,208153,1079406
3131682,107,1553013,208153,1079406
3131683,123,1553074,1552997,1079406
3131684,18,208179,1553101,1079425
3131685,20,1553103,1553102,1079425
3131686,133,1553007,1552997,1079406
3131687,135,1553080,1552997,1079406
3131688,144,208204,1553004,1079406
3131689,12,208206,1553134,1079432
3131690,12,208248,1553168,1079446
3131691,12,208260,1553182,1079451
3131692,12,208269,1553193,1079453
3131693,14,208296,1553222,1079457
3131694,18,208327,1553278,1079474
3131695,19,208328,1553279,1079474
3131696,17,208420,1553396,1079512
3131697,9,1553420,1553419,1079516
3131698,17,208457,1553434,1079522
3131699,17,1553476,1553462,1079530
3131700,17,208531,1553519,1079553
3131701,17,1553581,1553578,1079569
3131702,17,208579,1553609,1079579
3131703,17,208599,1553626,1079586
3131704,17,208635,1553648,1079605
3131705,17,208665,1553665,1079641
3131706,20,208793,208739,1079665
3131707,32,1553770,1553730,1079673
3131708,33,1553752,1553730,1079673
3131709,35,1553753,1553730,1079673
3131710,37,1553754,1553730,1079673
3131711,64,1553732,208782,1079673
3131712,69,1553740,208782,1079673
3131713,82,1553733,208782,1079673
3131714,94,1553734,208782,1079673
3131715,111,1553760,208782,1079673
3131716,114,1553741,208782,1079673
3131717,31,1553920,1553884,1079743
3131718,32,1553908,1553884,1079743
3131719,34,1553909,1553884,1079743
3131720,36,1553910,1553884,1079743
3131721,56,1553887,208945,1079743
3131722,61,1553898,208945,1079743
3131723,72,1553889,208945,1079743
3131724,84,1553890,208945,1079743
3131725,97,1553911,208945,1079743
3131726,35,1554177,1554109,1079835
3131727,36,1554137,1554109,1079835
3131728,38,1554138,1554109,1079835
3131729,40,1554139,1554109,1079835
3131730,61,1554110,209208,1079835
3131731,66,1554128,209208,1079835
3131732,71,1554111,209208,1079835
3131733,83,1554112,209208,1079835
3131734,94,209199,209208,1079835
3131735,19,209250,209246,1079909
3131736,20,209251,209247,1079909
3131737,16,209272,209268,1079916
3131738,18,209273,209269,1079916
3131739,19,209308,209304,1079923
3131740,20,209309,209305,1079923
3131741,16,209330,209326,1079947
3131742,18,209331,209327,1079947
3131743,21,209357,1554364,1079937
3131744,19,209359,209353,1079961
3131745,20,209360,209354,1079961
3131746,16,209393,209386,1079964
3131747,18,209394,209387,1079964
3131748,19,209419,209413,1079985
3131749,20,209420,209414,1079985
3131750,16,209449,209445,1080003
3131751,18,209450,209446,1080003
3131752,19,209467,209461,1080016
3131753,20,209468,209462,1080016
3131754,16,209504,209497,1080019
3131755,18,209505,209498,1080019
3131756,19,209525,209519,1080033
3131757,20,209526,209520,1080033
3131758,11,209532,1554561,1080038
3131759,14,209534,1554561,1080038
3131760,26,209551,1554561,1080038
3131761,29,209553,1554561,1080038
3131762,16,209582,209574,1080050
3131763,18,209583,209575,1080050
3131764,19,209598,209594,1080067
3131765,20,209599,209595,1080067
3131766,16,209621,209615,1080078
3131767,18,209622,209616,1080078
3131768,19,209639,209634,1080089
3131769,20,209640,209635,1080089
3131770,4,1554652,1554651,1080087
3131771,16,209664,209660,1080100
3131772,18,209665,209661,1080100
3131773,19,209683,209677,1080112
3131774,20,209684,209678,1080112
3131775,16,209707,209703,1080115
3131776,18,209708,209704,1080115
3131777,19,209722,209718,1080126
3131778,20,209723,209719,1080126
3131779,16,209740,209736,1080132
3131780,18,209741,209737,1080132
3131781,19,209753,209749,1080139
3131782,20,209754,209750,1080139
3131783,16,209777,209773,1080142
3131784,18,209778,209774,1080142
3131785,19,209791,209787,1080149
3131786,20,209792,209788,1080149
3131787,16,209809,209805,1080152
3131788,18,209810,209806,1080152
3131789,21,1554758,1554753,1080159
3131790,22,209815,1554754,1080159
3131791,23,1554773,1554769,1080162
3131792,26,209828,1554770,1080162
3131793,23,209835,1554785,1080169
3131794,24,209836,1554786,1080169
3131795,25,209851,1554797,1080173
3131796,28,209852,1554798,1080173
3131797,9,209927,209949,1080074
3131798,28,1554942,1554940,1080214
3131799,12,210134,1555113,1080294
3131800,13,210136,1555114,1080294
3131801,23,210172,1555134,1080297
3131802,26,210173,1555135,1080297
3131803,36,210188,1555110,1080289
3131804,53,210194,1555101,1080289
3131805,14,210200,1555154,1080312
3131806,15,210201,1555155,1080312
3131807,25,210251,1555168,1080319
3131808,28,210252,1555169,1080319
3131809,46,210334,1555217,1080341
3131810,10,210366,1555274,1080370
3131811,8,210394,1555306,1080391
3131812,14,1555343,1555337,1080387
3131813,16,1555339,1555338,1080387
3131814,18,1555341,1555340,1080387
3131815,26,210404,1555343,1080387
3131816,37,210409,1555339,1080387
3131817,42,210412,1555341,1080387
3131818,43,210413,1555341,1080387
3131819,47,210421,1555341,1080387
3131820,48,210422,1555341,1080387
3131821,13,1555449,1555447,1080442
3131822,34,1555463,1555462,1080442
3131823,41,1555469,1555467,1080442
3131824,47,210846,210829,1080480
3131825,101,1555664,210829,1080480
3131826,103,210893,210829,1080480
3131827,108,1555653,210829,1080480
3131828,7,1555813,788223,1080555
3131829,122,1555655,210829,1080480
3131830,125,1555661,210829,1080480
3131831,7,1555841,788234,1080557
3131832,21,1556028,1556023,1080649
3131833,13,1556073,1556072,1253404
3131834,18,1556241,1556237,1080701
3131835,46,1556234,1556233,1080701
3131836,10,1556303,1556302,1080728
3131837,21,1556301,1556300,1080728
3131838,46,1556298,1556297,1080728
3131839,52,1556293,211275,1080728
3131840,17,1556372,1556371,1080743
3131841,42,1556376,1556375,1080743
3131842,55,1556388,1556386,1080743
3131843,78,211447,1556380,1080743
3131844,81,211448,1556382,1080743
3131845,17,211521,1556622,1080824
3131846,24,1556627,1556619,1080824
3131847,13,1556738,1556737,1080877
3131848,26,1556732,1556731,1080877
3131849,4,1556773,788702,1080890
3131850,9,1556775,788702,1080890
3131851,9,211866,1557092,1080940
3131852,20,1557103,1557092,1080940
3131853,34,1557101,1557092,1080940
3131854,38,211873,1557092,1080940
3131855,39,211874,1557092,1080940
3131856,112,1556882,1556885,1080894
3131857,137,1556877,1556880,1080894
3131858,208,1556875,211941,1080894
3131859,222,1556867,1556973,1080894
3131860,223,1556866,1556885,1080894
3131861,225,1556868,1556886,1080894
3131862,259,1556857,211954,1080894
3131863,264,1556860,1556881,1080894
3131864,266,1556862,1556880,1080894
3131865,277,1556855,788812,1080894
3131866,286,1556854,1556964,1080894
3131867,8,211974,788816,1080969
3131868,360,1556842,1556841,1080894
3131869,363,1556844,1556843,1080894
3131870,372,1556840,788826,1080894
3131871,377,1556839,211997,1080894
3131872,13,1557418,1557417,1081014
3131873,12,212228,1557515,1081060
3131874,12,212236,1557554,1081071
3131875,37,1557422,1557421,1081014
3131876,50,212252,1557476,1081014
3131877,52,212253,1557477,1081014
3131878,98,1557464,1557461,1081014
3131879,100,1557463,1557462,1081014
3131880,106,1557455,1557451,1081014
3131881,108,1557454,1557453,1081014
3131882,130,1557448,1557445,1081014
3131883,132,1557447,1557446,1081014
3131884,142,1557441,1557438,1081014
3131885,144,1557440,1557439,1081014
3131886,158,1557434,1557424,1081014
3131887,160,1557435,1557425,1081014
3131888,205,1557430,1557512,1081014
3131889,208,1557432,1557431,1081014
3131890,223,1557537,789044,1081014
3131891,226,1557427,1557426,1081014
3131892,228,1557428,1557520,1081014
3131893,4,1558413,1558412,1253491
3131894,15,212962,789448,1081407
3131895,18,1558991,1558989,1081416
3131896,14,1559033,1559032,1253545
3131897,18,1559036,1559035,1253545
3131898,4,1559117,1559116,1081446
3131899,2,1559175,1559173,1081474
3131900,6,1559268,1559267,1081494
3131901,10,1559271,1559270,1081494
3131902,14,1559275,1559274,1081494
3131903,9,213321,789635,1081508
3131904,9,213359,789652,1081512
3131905,2,1559551,1559550,1081576
3131906,2,1559554,1559553,1081578
3131907,25,1559561,1559560,1081580
3131908,2,1559593,1559592,1081584
3131909,21,213804,1559902,1081727
3131910,2,213854,1559926,1081747
3131911,3,213853,1559926,1081747
3131912,4,213852,1559926,1081747
3131913,5,213851,1559926,1081747
3131914,6,213905,1559979,1253625
3131915,41,214029,213972,1081769
3131916,75,1560063,213972,1081769
3131917,44,214193,214147,1081812
3131918,47,214197,214147,1081812
3131919,3,1560284,1560283,1081873
3131920,16,1560307,1560294,1081875
3131921,8,1560582,1560573,1082083
3131922,10,1560583,1560573,1082083
3131923,25,1560580,1560573,1082083
3131924,11,1560838,1560837,1082142
3131925,8,1561373,1561372,1082245
3131926,51,1561759,791080,1082364
3131927,7,1561846,1561844,1082394
3131928,25,215624,791117,1253741
3131929,7,215697,1562033,1082439
3131930,18,1562041,1562040,1082439
3131931,96,1561975,1561969,1082397
3131932,121,1561977,1561976,1082397
3131933,149,1561981,1561979,1082397
3131934,172,1561983,1561982,1082397
3131935,195,215817,1561984,1082397
3131936,217,215829,1561985,1082397
3131937,239,215844,1561986,1082397
3131938,261,215856,1561987,1082397
3131939,8,1562197,791242,1253752
3131940,16,1562200,791242,1253752
3131941,8,1562236,791244,1253755
3131942,16,1562239,791244,1253755
3131943,13,1562457,1562456,1082538
3131944,16,1562501,1562488,1082550
3131945,42,1562511,1562488,1082550
3131946,8,216351,1562890,1253824
3131947,11,1563623,1563622,1253902
3131948,25,1563734,216782,1082796
3131949,5,1564161,1564159,1082931
3131950,21,1564753,1564745,1083158
3131951,26,1564768,1564745,1083158
3131952,39,1564771,1564745,1083158
3131953,44,1564756,1564745,1083158
3131954,53,1564766,1564765,1083158
3131955,69,1564758,1564745,1083158
3131956,79,1564762,1564761,1083158
3131957,98,1564785,1564784,1083158
3131958,8,217626,1564909,1254019
3131959,17,1564960,1564959,1083180
3131960,18,1564990,1564960,1083180
3131961,51,1564940,1564939,1083180
3131962,52,1564994,1564940,1083180
3131963,88,1564917,1564916,1083180
3131964,89,1564950,1564917,1083180
3131965,6,1565006,1565004,1083197
3131966,7,1565007,1565006,1083197
3131967,12,1565105,217750,1083211
3131968,14,1565808,792322,1083284
3131969,27,1565813,792322,1083284
3131970,18,218386,792480,1083366
3131971,23,1566119,218471,1083377
3131972,27,1566122,1566121,1083377
3131973,51,1566112,218471,1083377
3131974,55,1566116,1566114,1083377
3131975,40,1566246,792573,1083422
3131976,22,1566356,792618,1083458
3131977,25,1566359,792618,1083458
3131978,62,1566370,792625,1083458
3131979,77,218710,792625,1083458
3131980,93,218722,792625,1083458
3131981,34,218779,1566458,1083498
3131982,48,1566590,1566588,1254080
3131983,8,1566612,1566609,1083544
3131984,22,1566651,792739,1083562
3131985,32,1566653,792739,1083562
3131986,9,1566740,1566739,1083602
3131987,20,1566747,1566746,1083602
3131988,4,1566902,1566900,1083633
3131989,11,1567245,1567250,1083666
3131990,13,1567242,1567241,1083666
3131991,16,1567244,1567245,1083666
3131992,6,219911,219922,1083791
3131993,10,219915,219922,1083791
3131994,11,219916,219922,1083791
3131995,11,1567765,1567763,1083842
3131996,13,1567861,1567860,1254131
3131997,50,1567881,1567880,1254131
3131998,88,1567871,1567870,1254131
3131999,11,1568015,1568014,1254134
3132000,20,1568028,1568027,1083883
3132001,15,1568068,1568067,1083886
3132002,20,1568070,1568069,1083886
3132003,67,220353,220360,1083868
3132004,47,1568085,793165,1083888
3132005,50,1568087,793165,1083888
3132006,61,1568092,793165,1083888
3132007,189,220564,220575,1083868
3132008,42,1568194,220571,1083895
3132009,91,1568203,220573,1083895
3132010,115,220625,793252,1083895
3132011,145,221208,793489,1083979
3132012,226,221254,793522,1083979
3132013,16,1568890,1568883,1084011
3132014,20,1568892,1568883,1084011
3132015,24,1568894,1568883,1084011
3132016,19,1568916,1568912,1084015
3132017,22,221287,793555,1254178
3132018,36,1568914,1568912,1084015
3132019,13,221294,793567,1084022
3132020,16,221296,793567,1084022
3132021,12,221339,793585,1254185
3132022,13,221365,793603,1084027
3132023,98,1568948,1568977,1084003
3132024,13,221395,793620,1084031
3132025,16,221414,221412,1084033
3132026,17,221415,221412,1084033
3132027,20,221419,221412,1084033
3132028,21,221420,221412,1084033
3132029,26,1569092,221412,1084033
3132030,31,1569096,221412,1084033
3132031,36,1569105,221412,1084033
3132032,37,1569101,221412,1084033
3132033,38,1569100,221412,1084033
3132034,43,1569111,221412,1084033
3132035,44,1569107,221412,1084033
3132036,45,1569106,221412,1084033
3132037,50,221432,221412,1084033
3132038,51,221433,221412,1084033
3132039,54,221435,221412,1084033
3132040,55,221436,221412,1084033
3132041,56,221437,221412,1084033
3132042,57,221438,221412,1084033
3132043,58,221439,221412,1084033
3132044,59,221440,221412,1084033
3132045,190,221524,793695,1084003
3132046,194,221526,793697,1084003
3132047,47,1569180,1569163,1084042
3132048,48,1569179,1569163,1084042
3132049,61,1569177,1569163,1084042
3132050,72,1569174,1569163,1084042
3132051,74,1569173,1569163,1084042
3132052,95,1569169,1569163,1084042
3132053,206,221547,793708,1084003
3132054,210,221549,793711,1084003
3132055,35,1569294,1569248,1084051
3132056,41,1569298,1569248,1084051
3132057,48,1569303,1569248,1084051
3132058,55,1569308,1569248,1084051
3132059,120,1569290,1569248,1084051
3132060,180,1569288,1569259,1084051
3132061,15,1569691,221957,1254229
3132062,19,1569692,221957,1254229
3132063,115,1569999,1570023,1084180
3132064,217,222330,794037,1084180
3132065,221,222332,794039,1084180
3132066,234,222340,794046,1084180
3132067,238,222342,794048,1084180
3132068,64,222621,794207,1084382
3132069,12,1570345,1570342,1084399
3132070,16,1570379,794247,1084410
3132071,48,1570384,222702,1084410
3132072,53,222692,222702,1084410
3132073,59,1570385,794247,1084410
3132074,60,1570386,1570385,1084410
3132075,7,1570425,794255,1254275
3132076,10,1570440,794263,1084437
3132077,46,1570453,222746,1084427
3132078,52,222738,222746,1084427
3132079,58,1570454,794267,1084427
3132080,59,1570455,1570454,1084427
3132081,16,222807,1570611,1084498
3132082,18,1570819,1570816,1084602
3132083,31,1570821,1570820,1084602
3132084,44,1570823,1570822,1084602
3132085,57,222970,1570824,1084602
3132086,70,1570829,1570827,1084602
3132087,53,1570914,1570910,1254310
3132088,75,1570917,1570915,1254310
3132089,97,1570919,1570918,1254310
3132090,119,223148,1570920,1254310
3132091,144,1570922,1570921,1254310
3132092,3,1571079,1571078,1084688
3132093,3,1571084,1571083,1084690
3132094,3,1571098,1571097,1084692
3132095,8,1571086,1571085,1084666
3132096,3,1571175,1571174,1084698
3132097,71,223321,794493,1084666
3132098,40,223306,1571284,1084679
3132099,7,1571417,794587,1084729
3132100,31,223713,1571772,1084840
3132101,29,223863,1572040,1084936
3132102,2,1572124,1572123,1084975
3132103,4,1572125,1572123,1084975
3132104,6,1572126,1572123,1084975
3132105,8,1572127,1572123,1084975
3132106,10,1572128,1572123,1084975
3132107,12,1572129,1572123,1084975
3132108,14,1572130,1572123,1084975
3132109,16,1572131,1572123,1084975
3132110,18,1572132,1572123,1084975
3132111,20,1572133,1572123,1084975
3132112,22,1572134,1572123,1084975
3132113,25,1572136,1572123,1084975
3132114,29,1572138,1572123,1084975
3132115,32,1572139,1572123,1084975
3132116,35,1572141,1572123,1084975
3132117,39,1572143,1572123,1084975
3132118,44,1572144,1572123,1084975
3132119,47,1572146,1572123,1084975
3132120,51,1572148,1572123,1084975
3132121,2,1572197,1572196,1084986
3132122,4,1572198,1572196,1084986
3132123,6,1572199,1572196,1084986
3132124,8,1572200,1572196,1084986
3132125,10,1572201,1572196,1084986
3132126,12,1572202,1572196,1084986
3132127,14,1572203,1572196,1084986
3132128,16,1572204,1572196,1084986
3132129,18,1572205,1572196,1084986
3132130,20,1572206,1572196,1084986
3132131,22,1572207,1572196,1084986
3132132,24,1572208,1572196,1084986
3132133,27,1572210,1572196,1084986
3132134,31,1572212,1572196,1084986
3132135,34,1572213,1572196,1084986
3132136,37,1572215,1572196,1084986
3132137,41,1572217,1572196,1084986
3132138,44,1572218,1572196,1084986
3132139,47,1572220,1572196,1084986
3132140,51,1572224,1572196,1084986
3132141,54,1572225,1572196,1084986
3132142,57,1572227,1572196,1084986
3132143,61,1572230,1572196,1084986
3132144,66,1572233,1572196,1084986
3132145,69,1572236,1572196,1084986
3132146,73,1572239,1572196,1084986
3132147,34,1572358,1572356,1254356
3132148,71,224563,1572587,1085061
3132149,19,224629,1572760,1254383
3132150,23,224639,1572761,1254383
3132151,17,224977,224992,1085213
3132152,14,1573050,795364,1254405
3132153,18,1573054,795364,1254405
3132154,21,1573056,795364,1254405
3132155,25,1573059,795364,1254405
3132156,35,1573063,1573034,1254405
3132157,40,1573037,795364,1254405
3132158,44,1573040,795364,1254405
3132159,48,1573043,795364,1254405
3132160,52,1573046,795364,1254405
3132161,16,225271,1573286,1085278
3132162,60,225387,225405,1085301
3132163,60,1573403,1573399,1085308
3132164,2,225436,795569,1085374
3132165,3,225458,795569,1085374
3132166,4,225462,795569,1085374
3132167,23,225703,1573692,1085436
3132168,36,225844,1573870,1085454
3132169,16,1573939,1573938,1085477
3132170,21,1574074,1574073,1085511
3132171,6,1574103,1574102,1085549
3132172,14,1574172,1574171,1085569
3132173,23,1574852,796219,1085723
3132174,28,1574848,796219,1085723
3132175,7,1575088,1575087,1085804
3132176,8,226898,796382,1085887
3132177,15,227127,1575474,1254545
3132178,94,1575977,1575974,1086095
3132179,96,1575976,1575975,1086095
3132180,70,1576433,227833,1086275
3132181,75,227830,227833,1086275
3132182,87,227853,227833,1086275
3132183,93,1576436,227833,1086275
3132184,7,1576563,227929,1086306
3132185,65,1576636,228023,1086324
3132186,86,1576644,228023,1086324
3132187,3,1576755,228135,1086366
3132188,7,1576756,228135,1086366
3132189,11,1576757,228135,1086366
3132190,15,1576758,228135,1086366
3132191,19,1576759,228135,1086366
3132192,22,1576760,228135,1086366
3132193,13,228292,1576915,1086412
3132194,22,228371,228361,1254677
3132195,12,1577041,228419,1086442
3132196,24,1577047,228419,1086442
3132197,7,1577181,1577180,1086490
3132198,11,1577289,1577288,1254693
3132199,2,1577299,1577298,1254695
3132200,19,228749,1577631,1086582
3132201,8,1577803,797451,1254712
3132202,10,1577845,797467,1254713
3132203,20,1577980,1577979,1086763
3132204,18,1578045,1578034,1086805
3132205,39,1578048,1578037,1086805
3132206,18,1578101,1578089,1086823
3132207,6,228978,1578110,1086799
3132208,37,1578093,1578092,1086823
3132209,44,1578105,1578094,1086823
3132210,7,229360,1578425,1087012
3132211,17,1578432,1578425,1087012
3132212,35,229379,229380,1087012
3132213,48,1578413,229380,1087012
3132214,55,1578417,229380,1087012
3132215,58,1578420,229380,1087012
3132216,6,229614,1578715,1087129
3132217,6,229623,1578724,1087133
3132218,9,1579194,1579193,1087437
3132219,14,1579196,1579195,1087437
3132220,8,1579206,1579205,1087439
3132221,10,1579229,1579228,1087444
3132222,15,1579231,1579230,1087444
3132223,20,1579233,1579232,1087444
3132224,18,1579624,1579621,1087709
3132225,25,1579784,798175,1087719
3132226,28,1579773,798175,1087719
3132227,10,1579794,1579792,1087742
3132228,12,1579809,1579808,1087748
3132229,10,1579829,1579828,1087751
3132230,9,1579880,798201,1254849
3132231,12,1579891,230951,1087766
3132232,11,1579906,798209,1254850
3132233,15,1579892,230951,1087766
3132234,27,230979,798241,1087780
3132235,9,231044,1580094,1087869
3132236,5,231118,1580254,1254901
3132237,6,1580263,1580262,1254902
3132238,7,1580281,1580280,1087974
3132239,24,231127,1580295,1087974
3132240,13,231139,1580316,1087981
3132241,21,1580323,1580322,1087981
3132242,9,231148,1580348,1254907
3132243,16,231160,1580352,1254907
3132244,10,231167,1580375,1254910
3132245,19,231179,1580379,1254910
3132246,7,1580411,1580407,1088010
3132247,11,1580417,1580413,1088010
3132248,38,231305,231307,1088014
3132249,7,1581528,798452,1088124
3132250,7,1581581,798454,1088126
3132251,10,1581948,798527,1088145
3132252,6,1582039,798539,1088147
3132253,4,1583523,1583522,1088278
3132254,5,1583524,1583523,1088278
3132255,5,1583686,1583684,1088341
3132256,14,231788,231815,1088349
3132257,7,1583898,1583894,1088359
3132258,8,1583978,1583975,1088362
3132259,11,1583981,1583975,1088362
3132260,144,1583722,231796,1254987
3132261,159,231841,231796,1254987
3132262,167,1583773,231796,1254987
3132263,174,231846,231796,1254987
3132264,16,1584280,1584279,1088437
3132265,22,1584283,1584282,1088437
3132266,28,1584285,1584284,1088437
3132267,33,1584287,1584286,1088437
3132268,9,232164,1584431,1088497
3132269,19,232158,1584484,1088497
3132270,30,1584568,1584567,1255022
3132271,70,1584508,798805,1088497
3132272,106,1584513,798807,1088497
3132273,111,1584514,798809,1088497
3132274,160,1584520,798815,1088497
3132275,165,1584521,798817,1088497
3132276,206,1584526,798822,1088497
3132277,210,1584527,798828,1088497
3132278,219,1584530,798830,1088497
3132279,277,1584458,798851,1088497
3132280,278,232265,1584458,1088497
3132281,665,232352,1584437,1088497
3132282,667,232353,1584438,1088497
3132283,25,1584859,1584858,1255054
3132284,29,1584907,1584906,1088606
3132285,35,1584910,1584909,1088606
3132286,41,1584925,1584924,1088606
3132287,46,1584927,1584926,1088606
3132288,80,232501,1584913,1088606
3132289,97,1584917,1584916,1088606
3132290,101,1584919,1584918,1088606
3132291,112,1584961,1584923,1088606
3132292,164,1584905,232514,1088606
3132293,9,232625,799001,1088665
3132294,22,1585127,1585105,1088670
3132295,25,232660,1585105,1088670
3132296,11,232814,799112,1088715
3132297,11,1585322,1585321,1255081
3132298,11,1585337,1585334,1088723
3132299,12,1585353,1585345,1088726
3132300,15,232840,1585345,1088726
3132301,11,232851,799131,1088730
3132302,7,1585442,1585440,1088744
3132303,8,232887,1585442,1088744
3132304,16,232929,799162,1088750
3132305,21,1585463,232929,1088750
3132306,23,232932,232929,1088750
3132307,27,232934,232929,1088750
3132308,48,232945,799162,1088750
3132309,53,1585460,232945,1088750
3132310,55,232948,232945,1088750
3132311,59,232952,232945,1088750
3132312,91,232958,799162,1088750
3132313,96,1585457,232958,1088750
3132314,98,232962,232958,1088750
3132315,102,232970,232958,1088750
3132316,143,1585474,1585518,1088750
3132317,16,233192,799263,1088848
3132318,24,1585905,1585904,1088848
3132319,27,1585906,1585889,1088848
3132320,46,1585900,1585889,1088848
3132321,49,1585902,1585901,1088848
3132322,64,1585899,1585898,1088848
3132323,72,1585897,1585896,1088848
3132324,73,233206,1585897,1088848
3132325,74,233207,1585889,1088848
3132326,17,1585984,1585975,1088868
3132327,7,1586013,1586007,1088872
3132328,7,1586033,1586026,1088876
3132329,34,1586070,1586047,1255126
3132330,43,1586059,1586060,1255126
3132331,21,233276,1586099,1088890
3132332,13,1586116,1586108,1088899
3132333,7,1586149,1586134,1088913
3132334,19,1586251,1586249,1255134
3132335,22,1586255,1586254,1255134
3132336,24,233350,1586300,1088829
3132337,274,233433,1586223,1088829
3132338,23,1586535,1586525,1255142
3132339,12,1586568,1586561,1088979
3132340,12,1586596,1586589,1088985
3132341,9,1586613,1586607,1088987
3132342,9,1586663,1586650,1088992
3132343,11,1586712,1586705,1088999
3132344,9,1586730,1586723,1089003
3132345,9,1586755,1586746,1089006
3132346,9,1586798,1586783,1089021
3132347,9,1586916,1586903,1089112
3132348,10,1586968,1586955,1089117
3132349,12,233812,1587000,1089130
3132350,20,1587154,1587145,1089152
3132351,13,1587360,1587346,1089179
3132352,28,234021,1587346,1089179
3132353,58,1587381,799759,1255170
3132354,30,234060,1587443,1089195
3132355,34,1587451,1587444,1089195
3132356,22,1588326,1588325,1089574
3132357,27,1588330,1588329,1089574
3132358,33,1588318,1588317,1089574
3132359,38,1588322,1588321,1089574
3132360,43,1588409,1588403,1089592
3132361,73,1588424,1588420,1089592
3132362,90,1588402,1588401,1089592
3132363,12,1588522,1588521,1255286
3132364,15,1588524,1588523,1255286
3132365,29,1588518,1588517,1255286
3132366,32,1588520,1588519,1255286
3132367,3,1588569,1588567,1089611
3132368,40,1588631,1588630,1089620
3132369,42,1588634,1588633,1089620
3132370,76,1588737,1588736,1089634
3132371,78,1588740,1588739,1089634
3132372,39,1588814,1588813,1089661
3132373,91,1588821,1588820,1089661
3132374,74,1588953,1588952,1089692
3132375,76,1588956,1588955,1089692
3132376,34,1589064,1589062,1089711
3132377,36,1589065,1589051,1089711
3132378,9,1589163,1589162,1089735
3132379,23,1589167,1589166,1089735
3132380,40,1589154,1589153,1089735
3132381,54,1589158,1589157,1089735
3132382,66,1589202,1589201,1089739
3132383,70,1589204,1589189,1089739
3132384,32,1589282,1589281,1089748
3132385,83,1589287,235102,1089748
3132386,17,1589374,1589358,1089767
3132387,44,1589371,1589358,1089767
3132388,50,1589368,1589358,1089767
3132389,65,1589435,1589434,1089772
3132390,69,1589438,1589436,1089772
3132391,92,1589362,1589403,1089767
3132392,95,1589364,1589358,1089767
3132393,102,1589359,1589358,1089767
3132394,10,1589795,1589798,1089873
3132395,10,1589816,1589819,1089880
3132396,7,1589972,1589969,1089971
3132397,11,1589971,1589969,1089971
3132398,28,1590001,1589992,1089987
3132399,42,1589997,1589992,1089987
3132400,62,1589994,1589992,1089987
3132401,7,1590148,1590144,1090074
3132402,10,1590150,1590144,1090074
3132403,18,236005,236007,1090201
3132404,22,1591029,236049,1090205
3132405,27,1591032,236049,1090205
3132406,32,1591036,236049,1090205
3132407,36,1591042,236049,1090205
3132408,41,1591048,236049,1090205
3132409,46,1591054,236049,1090205
3132410,51,1591060,236049,1090205
3132411,56,1591067,236049,1090205
3132412,4,236198,1591551,1090220
3132413,39,1591269,800651,1090216
3132414,58,1591273,800668,1090216
3132415,86,1592251,800993,1090399
3132416,89,1592252,800993,1090399
3132417,100,1592249,800993,1090399
3132418,103,1592250,800993,1090399
3132419,115,236844,800993,1090399
3132420,49,1592346,1592341,1255433
3132421,13,237378,1592938,1090605
3132422,27,1592980,801342,1090613
3132423,28,1592981,801342,1090613
3132424,29,237413,801342,1090613
3132425,31,1592966,801342,1090613
3132426,13,1593292,237567,1090696
3132427,17,1593294,237567,1090696
3132428,225,1593542,1593528,1255508
3132429,8,1593772,1593770,1090766
3132430,262,1593555,1593549,1255508
3132431,3,1593801,1593800,1090773
3132432,8,1593807,1593805,1090775
3132433,9,1593819,1593817,1090777
3132434,8,1593847,1593845,1090789
3132435,8,1593863,1593861,1090795
3132436,8,1593922,1593921,1090805
3132437,54,238048,1594044,1090829
3132438,49,238135,1594205,1090884
3132439,7,1594239,1594238,1090892
3132440,14,1594243,1594242,1090892
3132441,25,1594252,1594251,1090892
3132442,35,1594258,1594257,1090892
3132443,46,1594266,1594265,1090892
3132444,56,1594272,1594271,1090892
3132445,20,1594309,1594306,1090896
3132446,17,1594398,1594397,1255561
3132447,9,1594410,1594409,1255565
3132448,9,1594420,1594419,1255566
3132449,33,1594430,1594429,1255568
3132450,35,1594638,1594637,1255592
3132451,3,1594668,1594667,1090977
3132452,8,1594686,1594684,1255596
3132453,3,1594694,1594693,1090979
3132454,19,1594676,1594675,1255596
3132455,23,1594679,1594678,1255596
3132456,27,1594682,1594681,1255596
3132457,3,1594752,1594751,1090991
3132458,12,238597,1594996,1091051
3132459,4,1595026,1595025,1091061
3132460,18,1595030,1595025,1091061
3132461,22,238614,1595031,1091061
3132462,27,1595067,1595054,1091065
3132463,2,1595103,1595102,1091080
3132464,20,1595107,1595106,1091080
3132465,23,1595109,1595102,1091080
3132466,15,238645,1595147,1091089
3132467,17,238646,1595148,1091089
3132468,23,1595151,1595150,1091089
3132469,27,1595153,1595152,1091089
3132470,44,1595166,238656,1091091
3132471,10,1595192,1595190,1091097
3132472,13,238686,1595193,1091097
3132473,14,238699,1595199,1091094
3132474,16,238702,1595200,1091094
3132475,18,1595203,1595202,1091094
3132476,4,1595263,1595262,1091114
3132477,14,238767,1595275,1091119
3132478,19,238764,1595277,1091119
3132479,21,1595285,1595283,1091119
3132480,20,1595288,1595284,1091124
3132481,29,238772,238763,1091119
3132482,18,1595342,1595340,1091132
3132483,22,1595343,1595337,1091132
3132484,4,1595365,1595364,1091137
3132485,15,1595401,1595396,1091147
3132486,17,1595398,1595397,1091147
3132487,22,238825,1595399,1091147
3132488,16,238909,1595474,1091159
3132489,21,1595478,1595477,1091159
3132490,25,1595482,1595480,1091159
3132491,26,238870,1595479,1091159
3132492,31,1595493,1595492,1091159
3132493,35,1595495,1595494,1091159
3132494,8,239059,1596296,1255681
3132495,133,1596325,239138,1091246
3132496,8,1596423,802317,1091262
3132497,22,1596421,802317,1091262
3132498,30,1596916,1596915,1091417
3132499,8,1596983,1596981,1091431
3132500,87,1597109,1597128,1091493
3132501,82,1597247,1597262,1091623
3132502,6,240242,1597500,1091768
3132503,25,240260,1597500,1091768
3132504,40,240269,1597500,1091768
3132505,50,1597810,1597822,1255789
3132506,21,1598456,1598448,1092017
3132507,28,1598464,1598448,1092017
3132508,34,1598475,1598448,1092017
3132509,40,1598463,1598448,1092017
3132510,43,1598476,1598448,1092017
3132511,46,1598460,1598448,1092017
3132512,50,1598477,1598448,1092017
3132513,87,1598450,1598448,1092017
3132514,92,1598453,1598448,1092017
3132515,98,1598452,1598448,1092017
3132516,101,1598487,1598448,1092017
3132517,104,1598451,1598448,1092017
3132518,108,1598488,1598448,1092017
3132519,91,1598555,240863,1092052
3132520,9,241162,803479,1255879
3132521,23,1599452,1599436,1092317
3132522,13,1599526,1599523,1092330
3132523,45,1599541,1599525,1092330
3132524,31,1599848,1599847,1092479
3132525,40,1599863,1599859,1092479
3132526,3,1599904,1599903,1092506
3132527,31,1599939,1599938,1092520
3132528,34,1599942,1599941,1092520
3132529,37,1599991,1599990,1092531
3132530,26,1600037,1600036,1092554
3132531,29,1600040,1600029,1092554
3132532,20,1600154,1600147,1092568
3132533,21,242128,803864,1092590
3132534,30,1600230,1600229,1092592
3132535,7,242285,1600468,1255978
3132536,179,1600402,1600387,1092622
3132537,180,1600404,242302,1092622
3132538,181,1600403,1600383,1092622
3132539,185,1600407,1600389,1092622
3132540,187,1600411,803924,1092622
3132541,188,1600409,1600385,1092622
3132542,27,1600643,1600640,1092687
3132543,34,1600728,804033,1092729
3132544,37,1600736,804033,1092729
3132545,42,1600730,804033,1092729
3132546,44,1600731,804033,1092729
3132547,40,242704,1600902,1092804
3132548,8,242717,1600947,1092813
3132549,3,243009,243020,1092893
3132550,34,1601365,1601338,1092907
3132551,39,1601368,1601338,1092907
3132552,62,243105,1601341,1092907
3132553,67,1601347,804269,1092907
3132554,70,1601360,804269,1092907
3132555,75,1601354,804269,1092907
3132556,77,1601355,804269,1092907
3132557,98,1601346,1601341,1092907
3132558,8,243116,243150,1092916
3132559,8,243166,243190,1092928
3132560,21,1601552,804309,1256057
3132561,6,1601853,1601852,1093015
3132562,7,243470,1601853,1093015
3132563,13,1601856,1601855,1093015
3132564,14,243475,1601856,1093015
3132565,20,1601849,1601848,1093015
3132566,21,243478,1601849,1093015
3132567,26,1601851,1601850,1093015
3132568,27,243493,1601851,1093015
3132569,33,1601847,1601846,1093015
3132570,34,243500,1601847,1093015
3132571,51,1601845,1601844,1093015
3132572,52,243509,1601845,1093015
3132573,11,243764,1602349,1093204
3132574,9,1602494,804677,1256116
3132575,8,244047,1602631,1093304
3132576,14,244073,244094,1093312
3132577,24,244079,244094,1093312
3132578,29,244089,244094,1093312
3132579,30,244090,244094,1093312
3132580,71,1602756,1602754,1256148
3132581,74,1602758,1602757,1256148
3132582,78,1602761,1602760,1256148
3132583,82,1602764,1602763,1256148
3132584,86,1602767,1602766,1256148
3132585,25,1603601,1603600,1093560
3132586,64,1603870,1603853,1256220
3132587,73,1603869,1603853,1256220
3132588,80,1603868,1603853,1256220
3132589,87,1603867,1603853,1256220
3132590,13,1604906,1604905,1093686
3132591,86,1605275,1605233,1256281
3132592,87,1605276,1605275,1256281
3132593,115,1605270,1605233,1256281
3132594,116,1605271,1605270,1256281
3132595,119,246676,246662,1256281
3132596,218,247643,805833,1093827
3132597,11,1605842,1605839,1256325
3132598,72,1606043,1606056,1256325
3132599,77,1606047,1606056,1256325
3132600,93,1605857,1605854,1256325
3132601,105,1605864,1605861,1256325
3132602,142,1606036,1606058,1256325
3132603,154,1606032,1606058,1256325
3132604,163,1605875,1605872,1256325
3132605,175,1605882,1605879,1256325
3132606,187,1605889,1605886,1256325
3132607,222,1605900,1605897,1256325
3132608,254,1605912,1605909,1256325
3132609,296,1606017,1606060,1256325
3132610,301,1606020,1606060,1256325
3132611,320,1605922,1605919,1256325
3132612,361,1605933,1605930,1256325
3132613,430,1605996,1606066,1256325
3132614,435,1606000,1606066,1256325
3132615,462,1605949,1605946,1256325
3132616,515,1605963,1605960,1256325
3132617,537,1605973,1605971,1256325
3132618,551,1605982,1605979,1256325
3132619,57,248976,1606511,1093942
3132620,65,248984,1606511,1093942
3132621,78,248989,1606511,1093942
3132622,50,1606680,806384,1093995
3132623,52,1606681,806384,1093995
3132624,27,249499,1606733,1256360
3132625,6,1607200,806702,1094114
3132626,7,1607201,806702,1094114
3132627,8,1607202,806702,1094114
3132628,9,1607203,806702,1094114
3132629,33,1607248,1607244,1094120
3132630,13,1607313,1607312,1094130
3132631,9,1607338,1607337,1094133
3132632,3,1607368,1607367,1094144
3132633,9,1607380,1607378,1094146
3132634,7,1607405,1607404,1094154
3132635,12,1607442,1607441,1094169
3132636,31,1607528,1607527,1094186
3132637,33,1607780,1607778,1094250
3132638,16,1607890,1607889,1094286
3132639,97,250829,1607982,1256436
3132640,20,1608087,250879,1094364
3132641,13,250903,1608120,1094376
3132642,17,1608122,1608121,1094376
3132643,8,1608164,1608162,1094387
3132644,23,1608186,1608184,1094391
3132645,25,250961,1608185,1094391
3132646,121,251016,1608268,1094397
3132647,9,1608357,251069,1256464
3132648,10,1608407,251109,1094435
3132649,12,1608408,251109,1094435
3132650,14,1608409,251109,1094435
3132651,16,1608410,251109,1094435
3132652,18,1608411,251109,1094435
3132653,20,1608412,251109,1094435
3132654,8,1608431,807192,1094446
3132655,9,1608430,807192,1094446
3132656,12,1608436,807192,1094446
3132657,13,1608435,807192,1094446
3132658,18,251165,807192,1094446
3132659,25,251199,807192,1094446
3132660,26,251198,807192,1094446
3132661,27,251197,807192,1094446
3132662,7,1608600,1608599,1094493
3132663,7,1608636,1608635,1094505
3132664,9,1608673,1608672,1094519
3132665,8,1608756,1608755,1094537
3132666,62,1608813,1608788,1256483
3132667,48,1608856,1608855,1094556
3132668,52,1608883,1608858,1094556
3132669,74,251680,1608853,1094556
3132670,3,1608980,1608979,1094578
3132671,9,1609009,1609008,1094583
3132672,20,1609035,1609028,1094586
3132673,21,1609037,1609036,1094586
3132674,8,1609075,807479,1256506
3132675,11,1609077,807479,1256506
3132676,21,1609048,1609045,1256500
3132677,24,1609060,1609051,1256500
3132678,26,1609061,1609052,1256500
3132679,33,1609180,1609179,1094599
3132680,36,1609182,1609181,1094599
3132681,75,1609283,1609282,1094606
3132682,78,1609285,1609284,1094606
3132683,21,1609337,1609336,1094619
3132684,24,1609339,1609338,1094619
3132685,53,1609401,1609400,1094631
3132686,56,1609403,1609402,1094631
3132687,22,1609469,1609466,1094643
3132688,32,1609465,1609462,1094643
3132689,42,251949,1609456,1094643
3132690,28,1609507,1609506,1094657
3132691,32,1609512,1609509,1094657
3132692,34,1609511,1609510,1094657
3132693,37,1609515,1609513,1094657
3132694,70,1609559,1609558,1094669
3132695,76,1609563,1609561,1094669
3132696,78,1609565,1609564,1094669
3132697,81,1609567,1609566,1094669
3132698,22,1609689,1609688,1094689
3132699,27,1609693,1609692,1094689
3132700,30,1609696,1609694,1094689
3132701,48,1609750,1609749,1094706
3132702,54,1609754,1609752,1094706
3132703,56,1609756,1609755,1094706
3132704,59,1609758,1609757,1094706
3132705,188,252110,1609657,1256517
3132706,21,1609879,1609877,1256523
3132707,35,1609876,1609875,1256523
3132708,49,1609874,1609873,1256523
3132709,230,1609601,1609657,1256517
3132710,234,1609602,1609657,1256517
3132711,29,1610004,1610024,1256528
3132712,31,1610007,1610026,1256528
3132713,35,1610014,1610024,1256528
3132714,36,1610013,1610026,1256528
3132715,65,1609996,1610024,1256528
3132716,68,1610000,1610024,1256528
3132717,72,1609987,1610026,1256528
3132718,75,1609992,1610026,1256528
3132719,80,1609980,1610024,1256528
3132720,83,1609982,1610024,1256528
3132721,97,1609974,1610026,1256528
3132722,100,1609976,1610026,1256528
3132723,144,1609970,807671,1256528
3132724,146,1609971,807671,1256528
3132725,171,1609966,807677,1256528
3132726,173,1609967,807677,1256528
3132727,208,252339,1609965,1256528
3132728,30,252464,1610267,1256554
3132729,17,1610372,807763,1256561
3132730,21,1610373,807763,1256561
3132731,23,1610763,1610751,1094928
3132732,33,252993,1610756,1094928
3132733,41,252996,1610759,1094928
3132734,297,1610897,1610935,1094824
3132735,305,1610901,1610935,1094824
3132736,314,1610908,1610935,1094824
3132737,14,1611630,253214,1095035
3132738,17,1611632,253214,1095035
3132739,20,1611634,253214,1095035
3132740,544,1610889,1610943,1094824
3132741,548,1611090,1610890,1094824
3132742,3,1611792,1611791,1095046
3132743,14,1611795,1611794,1095046
3132744,19,1611809,1611808,1095046
3132745,23,253325,1611810,1095046
3132746,27,1611818,1611817,1095046
3132747,33,1611798,1611797,1095046
3132748,37,1611800,1611799,1095046
3132749,43,1611802,1611801,1095046
3132750,48,253338,1611803,1095046
3132751,661,1610880,253363,1094824
3132752,12,1611833,1611831,1095055
3132753,690,1610877,808102,1094824
3132754,13,1611869,1611868,1095058
3132755,17,1611880,1611877,1095058
3132756,25,1611872,1611871,1095058
3132757,29,1611875,1611874,1095058
3132758,835,253439,1610863,1094824
3132759,3,1611898,1611897,1095069
3132760,8,1611902,1611899,1095069
3132761,12,253452,1611900,1095069
3132762,26,1612034,1612033,1095067
3132763,29,1612036,1612035,1095067
3132764,76,1612014,1612013,1095067
3132765,82,1612019,1612018,1095067
3132766,88,1612025,1612024,1095067
3132767,95,1612030,1612029,1095067
3132768,100,1612045,1611982,1095067
3132769,169,1611951,1611950,1095067
3132770,175,1611956,1611955,1095067
3132771,181,1611961,1611960,1095067
3132772,187,1611966,1611965,1095067
3132773,193,1611971,1611970,1095067
3132774,200,1611976,1611975,1095067
3132775,205,1612052,1611919,1095067
3132776,14,1612088,1612087,1095075
3132777,1114,1610836,253556,1094824
3132778,1118,1610837,253556,1094824
3132779,20,1612094,1612093,1095075
3132780,1144,1610828,253569,1094824
3132781,1148,1610829,253569,1094824
3132782,14,1612116,1612115,1095079
3132783,19,1612121,1612120,1095079
3132784,1184,1610821,253591,1094824
3132785,1188,1610822,253591,1094824
3132786,1205,1610815,253609,1094824
3132787,1209,1610816,253609,1094824
3132788,8,1612341,1612334,1095144
3132789,8,1612407,1612406,1095168
3132790,15,1612408,1612412,1095168
3132791,18,253897,1612412,1095168
3132792,25,1612410,1612412,1095168
3132793,9,1612423,1612422,1095170
3132794,18,1612424,1612431,1095170
3132795,21,253923,1612431,1095170
3132796,31,1612426,1612431,1095170
3132797,3,1612602,1612601,1095218
3132798,8,1612616,1612614,1095224
3132799,16,254342,1612779,1256686
3132800,10,1612820,1612819,1256688
3132801,28,254464,1612845,1095280
3132802,50,254500,1612851,1095280
3132803,17,1613006,254538,1095315
3132804,18,1613005,254552,1095315
3132805,8,1613125,808680,1256712
3132806,16,1613128,808680,1256712
3132807,70,1613299,808762,1095399
3132808,75,1613302,808762,1095399
3132809,8,254923,1613458,1095470
3132810,9,254939,1613529,1256732
3132811,14,1613597,1613595,1256736
3132812,15,255271,808969,1095535
3132813,116,1613966,1613965,1095537
3132814,122,1613970,1613969,1095537
3132815,5,1614231,1614229,1095641
3132816,7,256021,256036,1095880
3132817,15,256025,256036,1095880
3132818,32,256031,256036,1095880
3132819,23,1615041,256225,1095980
3132820,17,1615167,256326,1095986
3132821,25,1615163,256326,1095986
3132822,37,1615159,256326,1095986
3132823,45,1615155,256326,1095986
3132824,65,1615150,1615149,1095986
3132825,73,256285,256326,1095986
3132826,88,256296,256326,1095986
3132827,119,1615176,256326,1095986
3132828,124,1615127,256326,1095986
3132829,127,1615130,256326,1095986
3132830,156,1615110,256325,1095986
3132831,166,1615100,256325,1095986
3132832,176,1615102,256326,1095986
3132833,179,1615104,256326,1095986
3132834,23,256398,256402,1096014
3132835,30,1615413,256404,1096014
3132836,32,256417,256404,1096014
3132837,53,1615418,256403,1096014
3132838,55,256446,256403,1096014
3132839,10,256547,256552,1096049
3132840,16,1615527,256554,1096049
3132841,18,256561,256554,1096049
3132842,39,1615539,256553,1096049
3132843,41,256605,256553,1096049
3132844,7,1615626,1615625,1096100
3132845,15,1615631,1615630,1096100
3132846,28,1615647,1615646,1096100
3132847,43,1615642,1615641,1096100
3132848,59,1615638,1615637,1096100
3132849,8,1615927,809645,1256849
3132850,20,1615926,809647,1256849
3132851,14,1615971,1615970,1096168
3132852,18,1615974,1615973,1096168
3132853,9,1616428,1616424,1096331
3132854,13,1616430,1616429,1096331
3132855,9,1616448,1616447,1096343
3132856,13,1616450,1616449,1096343
3132857,51,257361,257346,1096350
3132858,53,1617490,1617501,1096692
3132859,99,258292,1617507,1096692
3132860,10,1617630,1617628,1257027
3132861,25,258521,1617829,1096828
3132862,38,1617833,1617832,1096828
3132863,51,1617835,1617834,1096828
3132864,66,1617837,1617836,1096828
3132865,5,1617990,1617989,1257045
3132866,24,258664,810545,1257041
3132867,10,258709,810579,1257058
3132868,8,1618118,1618116,1096870
3132869,21,1618245,810657,1096879
3132870,12,1618372,810666,1096883
3132871,24,1618464,258977,1096876
3132872,27,1618495,258977,1096876
3132873,30,1618496,258977,1096876
3132874,33,1618497,258977,1096876
3132875,36,1618498,258977,1096876
3132876,39,1618499,258977,1096876
3132877,42,1618500,258977,1096876
3132878,41,259170,1618655,1257077
3132879,233,1618479,258977,1096876
3132880,105,259317,1618660,1257077
3132881,123,259348,810832,1257077
3132882,150,259381,1618666,1257077
3132883,178,259414,1618667,1257077
3132884,4,1618802,1618800,1096946
3132885,4,1618808,1618806,1096952
3132886,4,1618830,1618826,1096959
3132887,9,1618837,810901,1257085
3132888,16,1619014,259596,1097005
3132889,16,1619070,259638,1097017
3132890,14,1619104,259687,1097031
3132891,47,1619108,259687,1097031
3132892,3,1619468,1619467,1097129
3132893,3,1619477,1619476,1257138
3132894,8,1619529,1619527,1097147
3132895,8,1619572,1619571,1097155
3132896,42,1619735,1619734,1097179
3132897,106,1619729,1619730,1097179
3132898,12,260398,1619918,1097259
3132899,30,260427,1619913,1097259
3132900,42,260454,1619909,1097259
3132901,49,260474,1619906,1097259
3132902,10,1619994,1619993,1097307
3132903,4,1620265,1620264,1257165
3132904,5,1620276,1620273,1097483
3132905,25,1620530,811664,1097617
3132906,42,1620524,811664,1097617
3132907,47,1620527,811664,1097617
3132908,21,1620741,1620740,1097677
3132909,27,261141,1620742,1097677
3132910,31,261147,1620743,1097677
3132911,113,1620749,811733,1097677
3132912,122,261174,1620735,1097677
3132913,126,261178,1620737,1097677
3132914,131,1620730,1620729,1097677
3132915,137,261182,1620731,1097677
3132916,141,261186,1620733,1097677
3132917,17,1621001,811853,1097781
3132918,20,261418,811853,1097781
3132919,173,1620888,1620886,1257192
3132920,182,1620893,1620892,1257192
3132921,189,1620900,1620899,1257192
3132922,2,1621630,1621628,1097989
3132923,12,1621635,1621628,1097989
3132924,8,1621499,1621497,1097949
3132925,20,1621702,1621689,1098004
3132926,21,1621698,1621692,1098004
3132927,10,1621772,812200,1098022
3132928,3,1621821,812204,1098032
3132929,9,1621823,812204,1098032
3132930,11,1621839,1621838,1098036
3132931,12,1621869,262084,1098045
3132932,15,1621870,262084,1098045
3132933,18,1621871,262084,1098045
3132934,21,1621872,262084,1098045
3132935,24,1621873,262084,1098045
3132936,27,1621876,262084,1098045
3132937,30,1621875,262084,1098045
3132938,39,1621948,1621918,1098049
3132939,45,1621951,1621918,1098049
3132940,57,1621940,1621918,1098049
3132941,106,1621924,1621918,1098049
3132942,112,1621926,1621918,1098049
3132943,119,1621930,1621918,1098049
3132944,126,1621935,1621918,1098049
3132945,149,1621920,1621918,1098049
3132946,42,262133,1622107,1098065
3132947,15,1622267,1622260,1098125
3132948,16,1622266,1622265,1098125
3132949,23,1622271,1622260,1098125
3132950,38,1622262,1622260,1098125
3132951,25,1622361,1622373,1098128
3132952,73,1622353,262233,1098128
3132953,8,1622412,262335,1098086
3132954,10,1622434,262335,1098086
3132955,12,1622435,262335,1098086
3132956,14,1622436,262335,1098086
3132957,16,1622437,262335,1098086
3132958,19,1622431,1622298,1098086
3132959,27,1622432,262335,1098086
3132960,31,1622433,1622298,1098086
3132961,43,262252,262335,1098086
3132962,46,1622413,262335,1098086
3132963,55,1622416,1622297,1098086
3132964,63,1622421,1622297,1098086
3132965,72,1622427,1622297,1098086
3132966,81,1622414,262335,1098086
3132967,85,1622415,1622298,1098086
3132968,93,262263,262335,1098086
3132969,98,1622409,262335,1098086
3132970,100,1622410,262335,1098086
3132971,104,1622411,1622293,1098086
3132972,116,1622404,262335,1098086
3132973,118,1622405,262335,1098086
3132974,120,1622407,1622298,1098086
3132975,130,1622408,1622293,1098086
3132976,148,1622394,262335,1098086
3132977,150,1622396,262335,1098086
3132978,152,1622397,262335,1098086
3132979,177,1622379,262335,1098086
3132980,179,1622381,262335,1098086
3132981,181,1622384,262335,1098086
3132982,183,1622386,262335,1098086
3132983,202,1622392,1622293,1098086
3132984,221,1622370,262335,1098086
3132985,223,1622372,262335,1098086
3132986,225,1622374,262335,1098086
3132987,234,1622376,1622298,1098086
3132988,246,1622356,262335,1098086
3132989,248,1622357,262335,1098086
3132990,250,1622359,262335,1098086
3132991,252,1622362,262335,1098086
3132992,263,1622364,1622298,1098086
3132993,273,1622367,1622293,1098086
3132994,290,1622354,262335,1098086
3132995,321,1622294,1622293,1098086
3132996,329,1622295,262335,1098086
3132997,338,1622348,262335,1098086
3132998,340,1622345,262335,1098086
3132999,356,1622331,262335,1098086
3133000,358,1622342,1622298,1098086
3133001,368,1622338,1622298,1098086
3133002,370,1622340,1622298,1098086
3133003,397,1622336,1622298,1098086
3133004,424,1622332,1622298,1098086
3133005,510,1622334,1622293,1098086
3133006,562,1622299,1622298,1098086
3133007,572,1622329,262335,1098086
3133008,574,1622616,262335,1098086
3133009,579,1622301,1622298,1098086
3133010,588,1622324,262335,1098086
3133011,590,1622325,262335,1098086
3133012,592,1622326,262335,1098086
3133013,594,1622327,262335,1098086
3133014,596,1622328,262335,1098086
3133015,599,262387,262335,1098086
3133016,603,1622317,262335,1098086
3133017,604,1622316,262335,1098086
3133018,606,1622318,262335,1098086
3133019,608,1622320,262335,1098086
3133020,610,1622321,262335,1098086
3133021,612,1622322,262335,1098086
3133022,614,1622323,262335,1098086
3133023,618,1622319,1622293,1098086
3133024,660,1622315,1622293,1098086
3133025,669,1622310,262335,1098086
3133026,671,1622312,262335,1098086
3133027,672,1622311,262335,1098086
3133028,674,1622314,262335,1098086
3133029,675,1622313,262335,1098086
3133030,689,1622302,262335,1098086
3133031,691,1622304,262335,1098086
3133032,692,1622303,262335,1098086
3133033,694,1622306,262335,1098086
3133034,695,1622305,262335,1098086
3133035,697,1622308,262335,1098086
3133036,698,1622307,262335,1098086
3133037,711,1622309,1622293,1098086
3133038,26,1622805,1622804,1098161
3133039,31,1622808,1622804,1098161
3133040,41,1622811,1622804,1098161
3133041,12,1622852,812330,1098181
3133042,19,1622858,812332,1098181
3133043,29,1622850,812332,1098181
3133044,83,1622781,1622780,1098161
3133045,90,1622788,1622787,1098161
3133046,97,1622795,1622794,1098161
3133047,46,1623000,1622993,1098185
3133048,76,1623013,1623007,1098185
3133049,95,1622951,1622950,1098185
3133050,128,1622991,1622988,1098185
3133051,130,1622990,1622989,1098185
3133052,3,1623271,1623270,1098286
3133053,5,1623288,1623287,1257304
3133054,6,1623294,1623289,1257304
3133055,8,1623291,1623290,1257304
3133056,20,1623293,1623292,1257304
3133057,40,1623318,1623317,1098288
3133058,42,1623321,1623320,1098288
3133059,28,1623405,1623404,1098321
3133060,31,1623407,1623406,1098321
3133061,34,1623409,1623408,1098321
3133062,24,1623500,1623498,1098330
3133063,27,1623505,1623502,1098330
3133064,30,1623508,1623507,1098330
3133065,37,1623452,1623449,1098323
3133066,20,1623600,1623599,1098339
3133067,54,1623472,262671,1098312
3133068,57,1623473,262671,1098312
3133069,107,1623458,262671,1098312
3133070,110,1623459,262671,1098312
3133071,89,1623464,1623462,1098323
3133072,19,1623615,1623614,1098343
3133073,41,1623636,812498,1098350
3133074,61,1623678,262713,1098345
3133075,65,1623679,262713,1098345
3133076,69,1623680,262713,1098345
3133077,73,1623681,262713,1098345
3133078,136,1623666,262713,1098345
3133079,37,1623790,812520,1098361
3133080,140,1623667,262713,1098345
3133081,144,1623668,262713,1098345
3133082,148,1623669,262713,1098345
3133083,42,1623917,1623916,1098353
3133084,65,1624026,262761,1098364
3133085,69,1624028,262761,1098364
3133086,73,1624030,262761,1098364
3133087,77,1624031,262761,1098364
3133088,78,1623910,1623909,1098353
3133089,104,1623914,1623913,1098353
3133090,145,1624002,262761,1098364
3133091,117,1623896,1623895,1098353
3133092,149,1624004,262761,1098364
3133093,120,1623900,1623897,1098353
3133094,122,1623899,1623898,1098353
3133095,153,1624006,262761,1098364
3133096,157,1624008,262761,1098364
3133097,151,1623903,1623902,1098353
3133098,156,1623906,1623905,1098353
3133099,170,1623876,1623875,1098353
3133100,173,1623880,1623877,1098353
3133101,175,1623879,1623878,1098353
3133102,178,1623884,1623881,1098353
3133103,180,1623883,1623882,1098353
3133104,213,1623887,1623886,1098353
3133105,218,1623890,1623889,1098353
3133106,223,1623893,1623892,1098353
3133107,237,1623848,1623847,1098353
3133108,240,1623852,1623849,1098353
3133109,242,1623851,1623850,1098353
3133110,245,1623856,1623853,1098353
3133111,247,1623855,1623854,1098353
3133112,250,1623860,1623857,1098353
3133113,252,1623859,1623858,1098353
3133114,285,1623864,1623863,1098353
3133115,290,1623867,1623866,1098353
3133116,295,1623870,1623869,1098353
3133117,300,1623873,1623872,1098353
3133118,347,1623843,1623842,1098353
3133119,349,1623846,1623845,1098353
3133120,34,1624300,1624298,1098393
3133121,36,1624302,1624274,1098393
3133122,81,1624316,262838,1098385
3133123,86,1624318,262838,1098385
3133124,91,1624321,262838,1098385
3133125,96,1624324,262838,1098385
3133126,101,1624326,262838,1098385
3133127,106,1624328,262838,1098385
3133128,111,1624330,262838,1098385
3133129,116,1624332,262838,1098385
3133130,205,1624259,262838,1098385
3133131,210,1624262,262838,1098385
3133132,215,1624267,262838,1098385
3133133,220,1624272,262838,1098385
3133134,225,1624277,262838,1098385
3133135,230,1624281,262838,1098385
3133136,235,1624284,262838,1098385
3133137,240,1624286,262838,1098385
3133138,36,1624546,1624538,1098425
3133139,38,1624676,1624675,1257312
3133140,39,1624681,262910,1257312
3133141,42,1624678,1624677,1257312
3133142,43,1624680,1624679,1257312
3133143,32,1624774,1624773,1098481
3133144,83,1624779,262919,1098481
3133145,117,1624654,1624653,1257312
3133146,118,1624656,1624655,1257312
3133147,123,1624659,1624658,1257312
3133148,124,1624661,262910,1257312
3133149,136,1624671,1624667,1257312
3133150,181,1624643,1624642,1257312
3133151,187,1624645,1624644,1257312
3133152,34,1624980,1624979,1098506
3133153,70,1624973,1624972,1098506
3133154,96,1624976,262964,1098506
3133155,109,1624960,1624959,1098506
3133156,112,1624964,1624961,1098506
3133157,114,1624963,1624962,1098506
3133158,143,1624966,262964,1098506
3133159,148,1624968,262964,1098506
3133160,162,1624940,1624939,1098506
3133161,165,1624944,1624941,1098506
3133162,167,1624943,1624942,1098506
3133163,170,1624948,1624945,1098506
3133164,172,1624947,1624946,1098506
3133165,205,1624950,262964,1098506
3133166,210,1624952,262964,1098506
3133167,215,1624955,262964,1098506
3133168,229,1624912,1624911,1098506
3133169,232,1624916,1624913,1098506
3133170,234,1624915,1624914,1098506
3133171,237,1624920,1624917,1098506
3133172,239,1624919,1624918,1098506
3133173,242,1624924,1624921,1098506
3133174,244,1624923,1624922,1098506
3133175,277,1624927,262964,1098506
3133176,282,1624929,262964,1098506
3133177,287,1624932,262964,1098506
3133178,292,1624935,262964,1098506
3133179,337,1624906,1624905,1098506
3133180,341,1624908,262964,1098506
3133181,25,1625243,1625242,1098583
3133182,27,1625245,1625244,1098583
3133183,31,1625247,1625246,1098583
3133184,43,1625233,1625232,1098583
3133185,45,1625236,1625235,1098583
3133186,26,1625292,1625291,1098620
3133187,28,1625303,1625293,1098620
3133188,35,1625297,1625296,1098620
3133189,53,1625282,1625281,1098620
3133190,40,1625368,1625355,1098631
3133191,42,1625369,1625356,1098631
3133192,67,1625360,1625359,1098631
3133193,83,1625345,1625344,1098631
3133194,110,1625351,1625350,1098631
3133195,3,1625741,1625740,1098642
3133196,6,263057,1626127,1098654
3133197,33,1626072,1626056,1098644
3133198,60,1626091,1626058,1098644
3133199,68,1626062,1626049,1098644
3133200,70,1626064,1626063,1098644
3133201,89,1626045,1626044,1098644
3133202,116,1626051,1626049,1098644
3133203,62,1626275,1626260,1098668
3133204,73,1626264,1626263,1098668
3133205,77,1626266,1626265,1098668
3133206,92,1626325,1626175,1098668
3133207,119,1626254,1626253,1098668
3133208,136,1626241,1626240,1098668
3133209,165,1626244,1626243,1098668
3133210,173,1626248,1626247,1098668
3133211,190,1626224,1626223,1098668
3133212,193,1626226,1626225,1098668
3133213,226,1626229,1626228,1098668
3133214,234,1626233,1626232,1098668
3133215,242,1626237,1626236,1098668
3133216,259,1626196,1626195,1098668
3133217,262,1626198,1626197,1098668
3133218,265,1626202,1626199,1098668
3133219,298,1626207,1626205,1098668
3133220,306,1626212,1626211,1098668
3133221,314,1626216,1626215,1098668
3133222,322,1626220,1626219,1098668
3133223,372,1626186,1626185,1098668
3133224,374,1626191,1626190,1098668
3133225,9,263168,1626502,1098700
3133226,471,1625665,1625609,1257313
3133227,484,1625785,1625667,1257313
3133228,9,1626528,1626527,1098707
3133229,13,1626523,1626518,1098707
3133230,15,1626520,1626519,1098707
3133231,18,1626524,1626523,1098707
3133232,594,1625588,263128,1257313
3133233,599,1625591,263128,1257313
3133234,604,1625594,263128,1257313
3133235,610,1625597,263192,1257313
3133236,615,1625600,263192,1257313
3133237,620,1625604,263192,1257313
3133238,633,1625544,1625543,1257313
3133239,666,1625569,263151,1257313
3133240,669,1625571,263151,1257313
3133241,672,1625573,263151,1257313
3133242,676,1625575,263192,1257313
3133243,681,1625578,263192,1257313
3133244,686,1625582,263192,1257313
3133245,728,1625547,263151,1257313
3133246,734,1625550,263151,1257313
3133247,740,1625553,263151,1257313
3133248,747,1625556,263192,1257313
3133249,752,1625559,263192,1257313
3133250,757,1625563,263192,1257313
3133251,800,1625529,263165,1257313
3133252,803,1625531,263165,1257313
3133253,806,1625533,263165,1257313
3133254,810,1625535,263192,1257313
3133255,814,1625537,263192,1257313
3133256,818,1625540,263192,1257313
3133257,860,263221,263144,1257313
3133258,862,263222,263144,1257313
3133259,864,263225,263144,1257313
3133260,867,1625522,263192,1257313
3133261,870,1625523,263192,1257313
3133262,873,1625525,263192,1257313
3133263,914,1625503,263146,1257313
3133264,917,1625505,263146,1257313
3133265,920,1625507,263146,1257313
3133266,924,1625509,263192,1257313
3133267,928,1625511,263192,1257313
3133268,932,1625514,263192,1257313
3133269,1020,1625498,263128,1257313
3133270,1036,1625480,1625479,1257313
3133271,1058,1625489,263151,1257313
3133272,1084,1625484,263151,1257313
3133273,73,1626686,1626580,1098692
3133274,75,1626652,1626651,1098692
3133275,1128,1625474,263165,1257313
3133276,78,1626654,1626653,1098692
3133277,97,1626693,1626569,1098692
3133278,1161,1625467,263144,1257313
3133279,124,1626640,1626580,1098692
3133280,1194,1625460,263146,1257313
3133281,139,1626628,1626627,1098692
3133282,168,1626630,1626580,1098692
3133283,174,1626633,1626580,1098692
3133284,189,1626611,1626610,1098692
3133285,192,1626613,1626612,1098692
3133286,225,1626615,1626580,1098692
3133287,231,1626618,1626580,1098692
3133288,237,1626622,1626580,1098692
3133289,252,1626587,1626586,1098692
3133290,255,1626589,1626588,1098692
3133291,258,1626592,1626591,1098692
3133292,291,1626594,1626580,1098692
3133293,297,1626597,1626580,1098692
3133294,303,1626601,1626580,1098692
3133295,309,1626605,1626580,1098692
3133296,355,1626579,1626577,1098692
3133297,359,1626582,1626580,1098692
3133298,1365,1625444,1625442,1257313
3133299,1366,1625443,263340,1257313
3133300,1367,1625445,1625444,1257313
3133301,5,263497,1627014,1257348
3133302,10,264306,813397,1257437
3133303,22,264496,264484,1099068
3133304,15,264537,813509,1099085
3133305,45,1628392,813550,1099134
3133306,63,1628638,1628637,1099231
3133307,64,1628639,1628638,1099231
3133308,14,1628833,1628832,1257469
3133309,22,1628794,1628793,1257469
3133310,26,1628796,1628795,1257469
3133311,30,1628798,1628797,1257469
3133312,34,1628800,1628799,1257469
3133313,38,1628802,1628801,1257469
3133314,42,1628804,1628803,1257469
3133315,46,1628806,1628805,1257469
3133316,50,1628808,1628807,1257469
3133317,54,1628811,1628809,1257469
3133318,58,1628813,1628812,1257469
3133319,66,1628825,1628824,1257469
3133320,70,1628827,1628826,1257469
3133321,74,1628829,1628828,1257469
3133322,78,1628831,1628830,1257469
3133323,94,1628821,1628820,1257469
3133324,98,1628823,1628822,1257469
3133325,106,1628815,1628814,1257469
3133326,110,1628817,1628816,1257469
3133327,114,1628819,1628818,1257469
3133328,20,265357,265366,1099414
3133329,21,265358,265366,1099414
3133330,24,1629177,265366,1099414
3133331,26,1629172,265366,1099414
3133332,45,265382,265367,1099414
3133333,46,265383,265367,1099414
3133334,63,265391,265367,1099414
3133335,64,265392,265367,1099414
3133336,69,1629167,265367,1099414
3133337,74,1629169,265367,1099414
3133338,19,1629223,1629222,1257497
3133339,28,1629327,265532,1099396
3133340,37,1629331,265532,1099396
3133341,81,265623,265532,1099396
3133342,8,265626,265691,1099446
3133343,12,265632,265691,1099446
3133344,13,265633,265691,1099446
3133345,17,265667,265691,1099446
3133346,18,265668,265691,1099446
3133347,19,265669,265691,1099446
3133348,28,265951,1629504,1099462
3133349,50,266064,1629507,1099462
3133350,57,1629629,266227,1099472
3133351,58,1629628,266240,1099472
3133352,24,1630238,1630237,1099660
3133353,41,267118,267161,1099752
3133354,66,1630747,267161,1099752
3133355,68,267140,267161,1099752
3133356,5,1632147,1632146,1257614
3133357,8,1632186,1632185,1257615
3133358,3,1632243,1632242,1257616
3133359,6,1632255,1632254,1257617
3133360,6,1632271,1632270,1257618
3133361,6,1632323,1632322,1099886
3133362,48,1632395,267494,1257622
3133363,53,1632414,1632413,1257622
3133364,73,1632410,1632409,1257622
3133365,87,1632411,267494,1257622
3133366,90,1632412,267494,1257622
3133367,117,1632407,1632406,1257622
3133368,128,1632398,1632397,1257622
3133369,140,1632403,267494,1257622
3133370,143,1632404,267494,1257622
3133371,220,1632387,267494,1257622
3133372,226,1632394,1632393,1257622
3133373,235,1632391,1632389,1257622
3133374,245,1632386,1632384,1257622
3133375,256,1632375,267494,1257622
3133376,262,1632382,1632380,1257622
3133377,264,267548,267494,1257622
3133378,271,1632378,1632377,1257622
3133379,272,267550,267494,1257622
3133380,279,1632374,1632373,1257622
3133381,280,267552,267494,1257622
3133382,8,1632592,1632590,1099924
3133383,9,1632593,1632592,1099924
3133384,8,1632652,1632649,1099926
3133385,9,1632653,1632652,1099926
3133386,13,1632689,1632688,1099930
3133387,14,1632690,1632689,1099930
3133388,18,1632692,1632691,1099930
3133389,19,267634,1632692,1099930
3133390,23,1632694,1632693,1099930
3133391,24,1632695,1632694,1099930
3133392,3,1632754,1632753,1099968
3133393,3,1633017,1633015,1100109
3133394,12,268115,1633172,1100274
3133395,3,1633275,1633274,1100297
3133396,15,268191,814960,1257661
3133397,18,1633283,814960,1257661
3133398,38,1633235,1633234,1100271
3133399,81,1633225,1633224,1100271
3133400,72,268415,1633413,1257664
3133401,76,1633416,1633415,1257664
3133402,86,1633418,1633417,1257664
3133403,89,268421,1633420,1257664
3133404,10,1633528,1633527,1257682
3133405,64,1633922,815175,1257710
3133406,72,1633927,815175,1257710
3133407,17,1634033,815194,1257723
3133408,17,1634070,268773,1100609
3133409,21,268932,815275,1100684
3133410,2,1634384,815312,1100730
3133411,300,1634515,1634512,1100711
3133412,302,1634517,1634512,1100711
3133413,315,1634524,1634512,1100711
3133414,360,1634564,1634514,1100711
3133415,364,1634568,1634513,1100711
3133416,371,1634571,1634513,1100711
3133417,92,1634720,815383,1100748
3133418,13,1634828,815397,1100763
3133419,29,1635026,815491,1257767
3133420,28,1635199,815585,1100886
3133421,32,269584,815585,1100886
3133422,9,1635241,269646,1100903
3133423,23,1635243,269646,1100903
3133424,8,1635612,1635611,1101009
3133425,18,1635616,1635615,1101009
3133426,8,1635655,269952,1257806
3133427,66,1635624,1635623,1101009
3133428,8,1635684,1635683,1101027
3133429,18,1635688,1635687,1101027
3133430,55,1635695,1635694,1101027
3133431,15,1635940,1635932,1101092
3133432,38,1635937,1635932,1101092
3133433,9,1636150,1636149,1257853
3133434,11,1636166,1636165,1257854
3133435,8,1636178,1636177,1257856
3133436,8,270361,1636397,1101172
3133437,8,1636416,1636405,1101179
3133438,18,1636410,1636405,1101179
3133439,10,1636510,1636485,1101183
3133440,18,1636490,1636485,1101183
3133441,8,1636629,1636628,1101209
3133442,8,1636807,816101,1101265
3133443,14,270743,1636814,1101265
3133444,27,270762,1636817,1101265
3133445,35,270779,816101,1101265
3133446,44,270824,1636810,1101265
3133447,53,1636917,1636892,1101232
3133448,83,1636919,1636892,1101232
3133449,87,1636894,1636892,1101232
3133450,97,1636909,1636908,1101232
3133451,100,1636912,1636892,1101232
3133452,105,270887,1636910,1101232
3133453,106,270888,1636892,1101232
3133454,109,270892,1636911,1101232
3133455,110,270890,1636892,1101232
3133456,65,270930,816101,1101265
3133457,13,270954,1637009,1101320
3133458,77,270956,816101,1101265
3133459,145,270972,1636901,1101232
3133460,148,270973,1636903,1101232
3133461,153,270994,1636905,1101232
3133462,224,271061,1636892,1101232
3133463,226,271063,1636892,1101232
3133464,228,271065,1636892,1101232
3133465,239,271077,1636892,1101232
3133466,251,271092,1636892,1101232
3133467,284,271132,1636892,1101232
3133468,48,271249,1637029,1101331
3133469,15,1637132,1637131,1101341
3133470,30,271456,1637285,1101448
3133471,44,1637342,271462,1257916
3133472,48,1637357,1637356,1257916
3133473,67,1637353,1637352,1257916
3133474,80,1637354,271462,1257916
3133475,83,1637355,271462,1257916
3133476,109,1637350,1637349,1257916
3133477,119,1637345,1637344,1257916
3133478,55,271479,1637285,1101448
3133479,131,1637346,271462,1257916
3133480,134,1637347,271462,1257916
3133481,191,1637336,271462,1257916
3133482,195,1637341,1637340,1257916
3133483,202,1637339,1637337,1257916
3133484,210,1637335,1637333,1257916
3133485,220,1637327,271462,1257916
3133486,224,1637332,1637330,1257916
3133487,226,271505,271462,1257916
3133488,231,1637329,1637328,1257916
3133489,232,271509,271462,1257916
3133490,237,1637326,1637325,1257916
3133491,238,271513,271462,1257916
3133492,7,1637475,1637474,1101453
3133493,8,1637476,1637475,1101453
3133494,7,1637482,1637481,1101455
3133495,8,1637483,1637482,1101455
3133496,11,1637491,1637490,1101459
3133497,12,1637492,1637491,1101459
3133498,16,1637494,1637493,1101459
3133499,17,271566,1637494,1101459
3133500,21,1637496,1637495,1101459
3133501,22,1637497,1637496,1101459
3133502,10,271767,1637594,1101480
3133503,15,1639151,816696,1258012
3133504,21,1639155,816696,1258012
3133505,12,272501,816711,1101690
3133506,4,1639198,1639197,1101685
3133507,39,272567,272569,1101706
3133508,50,1639278,272569,1101706
3133509,4,1639320,1639319,1101733
3133510,3,1639441,1639440,1101766
3133511,3,1639472,1639471,1101779
3133512,3,1639494,1639493,1101788
3133513,15,1639571,1639567,1101810
3133514,3,1639549,1639548,1101808
3133515,18,1639573,1639567,1101810
3133516,21,1639574,1639567,1101810
3133517,24,1639575,1639567,1101810
3133518,27,1639576,1639567,1101810
3133519,4,1639604,1639603,1101830
3133520,8,1639617,1639616,1101830
3133521,33,1639614,1639613,1101830
3133522,52,1639611,1639610,1101830
3133523,71,1639608,1639607,1101830
3133524,37,1640010,273014,1101912
3133525,11,273069,816923,1101932
3133526,12,1640175,273127,1101944
3133527,14,1640203,1640191,1258093
3133528,22,1640199,1640191,1258093
3133529,18,273168,273166,1258095
3133530,34,1640240,273166,1258095
3133531,36,1640241,273166,1258095
3133532,38,1640242,273166,1258095
3133533,4,1640263,1640262,1101952
3133534,19,1640313,273210,1101963
3133535,29,273292,273290,1101973
3133536,10,273338,273336,1101998
3133537,45,1640569,1640553,1102016
3133538,47,1640568,1640554,1102016
3133539,29,1640687,817152,1102042
3133540,56,1640695,817168,1102042
3133541,8,273670,1640980,1258147
3133542,186,274155,1641387,1102198
3133543,190,274163,1641387,1102198
3133544,216,1641388,1641387,1102198
3133545,8,274200,1641520,1258210
3133546,20,274261,1641547,1102260
3133547,8,1642006,275022,1102400
3133548,11,1642118,275195,1102463
3133549,81,1642129,275289,1102463
3133550,88,1642133,275289,1102463
3133551,59,1643041,1643032,1102720
3133552,73,1643042,1643032,1102720
3133553,76,1643043,1643032,1102720
3133554,84,1643044,1643032,1102720
3133555,108,1643045,1643032,1102720
3133556,121,1643039,1643032,1102720
3133557,128,1643037,1643032,1102720
3133558,131,1643038,1643032,1102720
3133559,143,1643048,1643032,1102720
3133560,238,1643036,1643032,1102720
3133561,19,276064,1643264,1258276
3133562,22,276066,1643265,1258276
3133563,33,276081,1643278,1258276
3133564,39,1643269,1643268,1258276
3133565,46,1643274,1643272,1258276
3133566,56,276115,1643280,1258276
3133567,11,1643489,1643488,1102853
3133568,25,276212,1643486,1102853
3133569,17,276228,1643548,1102871
3133570,26,1643556,1643551,1102871
3133571,10,1643644,1643643,1258313
3133572,20,1643993,1643992,1258330
3133573,3,1644021,1644020,1103028
3133574,52,277007,1644667,1103161
3133575,81,277006,1644669,1103161
3133576,5,1644691,1644690,1103164
3133577,12,1644711,1644710,1103166
3133578,7,1644738,818751,1103172
3133579,10,1644864,1644862,1103205
3133580,27,1644871,1644870,1103205
3133581,36,1644860,1644859,1103205
3133582,8,1645270,277311,1103277
3133583,9,1645269,277311,1103277
3133584,18,277318,277311,1103277
3133585,24,1645278,277311,1103277
3133586,25,1645277,277311,1103277
3133587,30,277335,277311,1103277
3133588,31,277334,277311,1103277
3133589,90,1645315,277311,1103277
3133590,98,1645317,277311,1103277
3133591,27,1645998,819331,1103475
3133592,15,278191,819462,1258497
3133593,17,278190,278181,1258497
3133594,15,278296,1646396,1103614
3133595,28,278304,1646398,1103614
3133596,15,1646669,1646667,1258556
3133597,9,278488,1646700,1258559
3133598,8,1646992,1646989,1103770
3133599,12,1647005,1646989,1103770
3133600,16,1646994,1646989,1103770
3133601,20,1647003,1646989,1103770
3133602,29,1646998,1646989,1103770
3133603,41,278825,1646989,1103770
3133604,42,278826,1646989,1103770
3133605,43,278827,1646989,1103770
3133606,44,278828,1646989,1103770
3133607,8,1647030,1647027,1103778
3133608,10,1647040,1647027,1103778
3133609,12,1647031,1647027,1103778
3133610,14,1647039,1647027,1103778
3133611,21,1647034,1647027,1103778
3133612,31,278844,1647027,1103778
3133613,32,278845,1647027,1103778
3133614,33,278846,1647027,1103778
3133615,34,278847,1647027,1103778
3133616,9,1647053,278858,1103786
3133617,11,1647055,278858,1103786
3133618,15,1647059,278858,1103786
3133619,19,1647058,278858,1103786
3133620,24,1647056,278858,1103786
3133621,24,278867,819893,1103733
3133622,9,1647070,278873,1103796
3133623,11,1647074,278873,1103796
3133624,15,1647078,278873,1103796
3133625,19,1647077,278873,1103796
3133626,29,1646940,819899,1103733
3133627,24,1647076,278873,1103796
3133628,4,1647101,1647100,1103809
3133629,7,1647104,1647100,1103809
3133630,10,1647107,1647100,1103809
3133631,13,1647109,1647100,1103809
3133632,22,1647115,1647100,1103809
3133633,23,1647113,1647100,1103809
3133634,26,1647116,1647100,1103809
3133635,30,1647123,1647100,1103809
3133636,31,1647121,1647100,1103809
3133637,34,1647124,1647100,1103809
3133638,38,1647129,1647100,1103809
3133639,40,1647130,1647100,1103809
3133640,45,1647136,1647100,1103809
3133641,47,1647137,1647100,1103809
3133642,28,1647229,1647226,1103834
3133643,34,279008,1647226,1103834
3133644,4,1647241,279051,1103826
3133645,7,1647242,279051,1103826
3133646,30,1647310,279051,1103826
3133647,34,1647357,279051,1103826
3133648,40,1647312,279051,1103826
3133649,44,1647361,279051,1103826
3133650,51,1647315,279051,1103826
3133651,56,1647365,279051,1103826
3133652,63,1647318,279051,1103826
3133653,68,1647369,279051,1103826
3133654,133,1647256,279051,1103826
3133655,135,1647257,279051,1103826
3133656,137,1647259,279051,1103826
3133657,138,1647258,279051,1103826
3133658,142,1647263,279051,1103826
3133659,143,1647262,279051,1103826
3133660,147,1647267,279051,1103826
3133661,148,1647266,279051,1103826
3133662,152,1647271,279051,1103826
3133663,153,1647270,279051,1103826
3133664,157,1647275,279051,1103826
3133665,158,1647274,279054,1103826
3133666,163,1647279,279051,1103826
3133667,164,1647278,279054,1103826
3133668,12,1647410,279121,1103853
3133669,13,1647409,279121,1103853
3133670,17,1647467,279121,1103853
3133671,18,1647466,279121,1103853
3133672,22,1647413,279121,1103853
3133673,23,1647412,279121,1103853
3133674,27,1647463,279121,1103853
3133675,28,1647462,279121,1103853
3133676,32,1647417,279121,1103853
3133677,33,1647415,279121,1103853
3133678,36,1647418,279121,1103853
3133679,41,1647458,279121,1103853
3133680,42,1647457,279121,1103853
3133681,121,1647472,279121,1103853
3133682,122,1647473,279121,1103853
3133683,126,1647455,279121,1103853
3133684,127,1647454,279121,1103853
3133685,131,1647423,279121,1103853
3133686,132,1647422,279121,1103853
3133687,136,1647451,279121,1103853
3133688,137,1647450,279121,1103853
3133689,141,1647427,279121,1103853
3133690,142,1647425,279121,1103853
3133691,145,1647428,279121,1103853
3133692,150,1647441,279121,1103853
3133693,151,1647440,279121,1103853
3133694,162,1647445,1647408,1103853
3133695,167,1647449,1647408,1103853
3133696,171,1647447,1647408,1103853
3133697,209,1647439,1647408,1103853
3133698,213,1647432,1647408,1103853
3133699,216,1647434,1647408,1103853
3133700,217,1647433,1647408,1103853
3133701,222,1647436,1647408,1103853
3133702,5,1647565,1647564,1103874
3133703,7,1647566,1647564,1103874
3133704,9,1647572,1647564,1103874
3133705,10,1647569,1647564,1103874
3133706,11,1647568,1647564,1103874
3133707,16,1647578,1647564,1103874
3133708,17,1647575,1647564,1103874
3133709,18,1647574,1647564,1103874
3133710,23,1647584,1647564,1103874
3133711,24,1647581,1647564,1103874
3133712,25,1647580,1647564,1103874
3133713,30,1647591,1647564,1103874
3133714,31,1647587,1647564,1103874
3133715,32,1647586,1647564,1103874
3133716,37,1647597,279160,1103874
3133717,38,1647594,1647564,1103874
3133718,39,1647593,279160,1103874
3133719,45,1647603,279160,1103874
3133720,46,1647600,1647564,1103874
3133721,47,1647599,279160,1103874
3133722,4,1647660,1647659,1103879
3133723,7,1647663,1647659,1103879
3133724,10,1647666,1647659,1103879
3133725,13,1647669,1647659,1103879
3133726,25,1647673,1647659,1103879
3133727,27,1647674,1647659,1103879
3133728,30,1647677,1647659,1103879
3133729,33,1647680,1647659,1103879
3133730,37,1647685,1647659,1103879
3133731,39,1647686,1647659,1103879
3133732,42,1647692,1647659,1103879
3133733,45,1647696,1647659,1103879
3133734,49,1647702,1647659,1103879
3133735,51,1647703,1647659,1103879
3133736,54,1647706,1647659,1103879
3133737,59,1647712,1647659,1103879
3133738,61,1647713,1647659,1103879
3133739,64,1647716,1647659,1103879
3133740,69,1647722,1647659,1103879
3133741,71,1647723,1647659,1103879
3133742,76,1647729,1647659,1103879
3133743,78,1647730,1647659,1103879
3133744,4,1647924,279265,1103892
3133745,7,1647925,279265,1103892
3133746,30,1648018,279265,1103892
3133747,34,1648068,279265,1103892
3133748,40,1648020,279265,1103892
3133749,44,1648072,279265,1103892
3133750,51,1648023,279265,1103892
3133751,56,1648076,279265,1103892
3133752,63,1648026,279265,1103892
3133753,68,1648080,279265,1103892
3133754,134,1647940,279265,1103892
3133755,136,1647941,279265,1103892
3133756,138,1647943,279265,1103892
3133757,139,1647942,279265,1103892
3133758,143,1647947,279265,1103892
3133759,144,1647946,279265,1103892
3133760,148,1647952,279265,1103892
3133761,149,1647951,279265,1103892
3133762,152,1647955,279265,1103892
3133763,153,1647954,279265,1103892
3133764,156,1647957,279268,1103892
3133765,160,1647960,279268,1103892
3133766,164,1647964,279265,1103892
3133767,165,1647963,279265,1103892
3133768,169,1647968,279265,1103892
3133769,170,1647967,279265,1103892
3133770,174,1647971,279265,1103892
3133771,178,1647974,279265,1103892
3133772,182,1647980,279265,1103892
3133773,183,1647978,279268,1103892
3133774,188,1647985,279265,1103892
3133775,189,1647984,279268,1103892
3133776,14,1648102,1648101,1258616
3133777,16,279290,279296,1103910
3133778,7,1648172,279317,1103906
3133779,8,1648171,279317,1103906
3133780,12,1648215,279317,1103906
3133781,13,1648214,279317,1103906
3133782,17,1648218,279317,1103906
3133783,18,1648217,279317,1103906
3133784,22,1648222,279317,1103906
3133785,23,1648223,279317,1103906
3133786,27,1648208,279317,1103906
3133787,28,1648207,279317,1103906
3133788,32,1648212,279317,1103906
3133789,33,1648210,279317,1103906
3133790,37,1648225,279317,1103906
3133791,39,1648227,279317,1103906
3133792,42,1648230,279317,1103906
3133793,45,1648234,279317,1103906
3133794,49,1648237,279317,1103906
3133795,50,1648239,279317,1103906
3133796,53,1648242,279317,1103906
3133797,58,1648246,279317,1103906
3133798,60,1648249,279317,1103906
3133799,71,1648201,279305,1103906
3133800,75,1648203,279305,1103906
3133801,81,1648206,279305,1103906
3133802,94,1648257,279317,1103906
3133803,95,1648259,279317,1103906
3133804,99,1648196,279317,1103906
3133805,100,1648195,279317,1103906
3133806,104,1648199,279317,1103906
3133807,105,1648198,279317,1103906
3133808,109,1648262,279317,1103906
3133809,110,1648263,279317,1103906
3133810,114,1648190,279317,1103906
3133811,115,1648189,279317,1103906
3133812,119,1648193,279317,1103906
3133813,120,1648192,279317,1103906
3133814,124,1648265,279317,1103906
3133815,126,1648267,279317,1103906
3133816,129,1648270,279317,1103906
3133817,132,1648273,279317,1103906
3133818,136,1648276,279317,1103906
3133819,137,1648277,279317,1103906
3133820,140,1648280,279317,1103906
3133821,145,1648284,279317,1103906
3133822,147,1648286,279317,1103906
3133823,158,1648183,279305,1103906
3133824,162,1648185,279305,1103906
3133825,168,1648188,279305,1103906
3133826,184,1648174,279310,1103906
3133827,191,1648177,279310,1103906
3133828,193,1648176,279310,1103906
3133829,199,1648180,279310,1103906
3133830,5,1648416,1648415,1103936
3133831,7,1648417,1648415,1103936
3133832,9,1648423,1648415,1103936
3133833,10,1648420,1648415,1103936
3133834,11,1648419,1648415,1103936
3133835,15,1648429,1648415,1103936
3133836,16,1648426,1648415,1103936
3133837,17,1648425,1648415,1103936
3133838,21,1648435,1648415,1103936
3133839,22,1648432,1648415,1103936
3133840,23,1648431,1648415,1103936
3133841,28,1648443,1648415,1103936
3133842,29,1648438,1648415,1103936
3133843,30,1648437,1648415,1103936
3133844,35,1648448,279398,1103936
3133845,36,1648445,279398,1103936
3133846,41,1648453,279398,1103936
3133847,42,1648450,279398,1103936
3133848,47,1648459,1648415,1103936
3133849,48,1648456,1648415,1103936
3133850,49,1648455,1648415,1103936
3133851,54,1648465,1648415,1103936
3133852,55,1648462,1648415,1103936
3133853,56,1648461,1648415,1103936
3133854,61,1648467,1648415,1103936
3133855,66,1648471,1648415,1103936
3133856,71,1648480,279398,1103936
3133857,72,1648477,1648415,1103936
3133858,73,1648475,279398,1103936
3133859,79,1648486,279398,1103936
3133860,80,1648483,1648415,1103936
3133861,81,1648482,279398,1103936
3133862,18,279415,1648581,1103961
3133863,91,1648593,279425,1103954
3133864,94,1648595,279425,1103954
3133865,97,1648597,279425,1103954
3133866,100,1648599,279425,1103954
3133867,112,1648566,279425,1103954
3133868,115,1648568,279425,1103954
3133869,119,1648589,279425,1103954
3133870,122,1648591,279425,1103954
3133871,152,1648570,279425,1103954
3133872,155,1648573,279425,1103954
3133873,161,1648578,279425,1103954
3133874,164,1648582,279425,1103954
3133875,76,1648826,279680,1103978
3133876,77,1648825,1648732,1103978
3133877,80,1648829,279680,1103978
3133878,81,1648828,1648732,1103978
3133879,84,279628,279680,1103978
3133880,85,279631,279680,1103978
3133881,86,279632,1648732,1103978
3133882,87,279633,1648732,1103978
3133883,90,1648839,279625,1103978
3133884,93,1648841,279625,1103978
3133885,96,1648843,279680,1103978
3133886,100,1648816,279680,1103978
3133887,104,1648818,279680,1103978
3133888,108,1648820,279680,1103978
3133889,123,1648822,279680,1103978
3133890,125,1648823,279680,1103978
3133891,156,1648808,279625,1103978
3133892,159,1648810,279625,1103978
3133893,191,279669,279680,1103978
3133894,192,279670,279680,1103978
3133895,193,279673,279680,1103978
3133896,194,279674,279680,1103978
3133897,199,1648788,279625,1103978
3133898,202,1648790,279625,1103978
3133899,205,1648792,279625,1103978
3133900,208,1648794,279625,1103978
3133901,240,1648800,279680,1103978
3133902,244,1648802,279680,1103978
3133903,248,1648804,279680,1103978
3133904,252,1648806,279680,1103978
3133905,258,279685,279680,1103978
3133906,259,279686,279680,1103978
3133907,260,279687,279680,1103978
3133908,261,279688,279680,1103978
3133909,10,1649047,1649046,1258649
3133910,266,1648754,279625,1103978
3133911,269,1648756,279625,1103978
3133912,272,1648758,279625,1103978
3133913,275,1648760,279625,1103978
3133914,278,1648762,279625,1103978
3133915,281,1648764,279625,1103978
3133916,297,1648786,279680,1103978
3133917,300,1648787,279680,1103978
3133918,315,1648770,279680,1103978
3133919,319,1648772,279680,1103978
3133920,323,1648774,279680,1103978
3133921,327,1648776,279680,1103978
3133922,331,1648778,279680,1103978
3133923,335,1648780,279680,1103978
3133924,339,1648782,279680,1103978
3133925,343,1648784,279680,1103978
3133926,349,279713,279680,1103978
3133927,350,279714,279680,1103978
3133928,351,279715,279680,1103978
3133929,352,279716,279680,1103978
3133930,366,1648747,279680,1103978
3133931,367,1648746,1648732,1103978
3133932,370,1648752,279680,1103978
3133933,371,1648751,1648732,1103978
3133934,374,279720,279680,1103978
3133935,375,279721,279680,1103978
3133936,376,279722,1648732,1103978
3133937,377,279723,1648732,1103978
3133938,379,1648749,1648732,1103978
3133939,381,1648750,1648732,1103978
3133940,59,1649072,1649071,1104032
3133941,604,1648740,279680,1103978
3133942,605,1648739,1648732,1103978
3133943,608,1648743,279680,1103978
3133944,609,1648742,1648732,1103978
3133945,612,279739,279680,1103978
3133946,613,279740,279680,1103978
3133947,614,279741,1648732,1103978
3133948,615,279742,1648732,1103978
3133949,8,1649168,1649167,1258653
3133950,47,1649251,1649215,1104041
3133951,61,1649220,1649215,1104041
3133952,88,1649282,1649215,1104041
3133953,39,1649362,1649355,1104056
3133954,48,279869,1649355,1104056
3133955,51,1649364,1649355,1104056
3133956,54,1649365,1649355,1104056
3133957,63,1649367,1649355,1104056
3133958,73,279879,1649355,1104056
3133959,7,1649423,820463,1104065
3133960,9,1649633,1649632,1104167
3133961,7,1649704,1649703,1104222
3133962,3,280303,1649796,1104259
3133963,5,280304,1649796,1104259
3133964,7,280305,1649796,1104259
3133965,9,280306,1649796,1104259
3133966,5,1649806,1649805,1258714
3133967,5,1649819,1649818,1258716
3133968,12,1649842,1649841,1104271
3133969,19,1649844,1649843,1104271
3133970,17,1650060,820756,1104370
3133971,19,1650790,1650788,1104704
3133972,20,1650789,1650783,1104704
3133973,12,1650809,1650808,1258779
3133974,13,1651020,281566,1258790
3133975,6,1651031,1651030,1104781
3133976,7,1651032,1651031,1104781
3133977,14,1651036,1651035,1104781
3133978,15,281577,1651036,1104781
3133979,19,1651038,1651037,1104781
3133980,20,281582,1651038,1104781
3133981,24,1651040,1651039,1104781
3133982,25,281585,1651040,1104781
3133983,28,1651042,1651041,1104781
3133984,29,281587,1651042,1104781
3133985,15,1651399,1651395,1104858
3133986,11,1651432,1651430,1258809
3133987,10,1651491,1651487,1258810
3133988,22,1651486,1651474,1104869
3133989,12,1651504,1651502,1258811
3133990,14,281937,1651744,1104881
3133991,64,281973,1651528,1104871
3133992,76,1651533,1651532,1104871
3133993,15,282062,282090,1104901
3133994,16,282065,282090,1104901
3133995,20,282063,282088,1104901
3133996,21,282066,282088,1104901
3133997,14,282081,1652510,1104905
3133998,18,1652557,1652555,1104929
3133999,21,1652565,1652555,1104929
3134000,22,1652566,1652565,1104929
3134001,26,1652559,1652555,1104929
3134002,29,1652562,1652555,1104929
3134003,30,1652576,1652562,1104929
3134004,31,1652563,1652555,1104929
3134005,32,1652577,1652563,1104929
3134006,10,1652611,1652610,1258819
3134007,11,1652612,1652611,1258819
3134008,14,1652614,1652613,1258819
3134009,15,1652615,1652614,1258819
3134010,9,1652665,1652664,1104946
3134011,10,1652666,1652665,1104946
3134012,15,1652668,1652667,1104946
3134013,16,1652669,1652668,1104946
3134014,14,282224,1652674,1104948
3134015,9,1652706,1652705,1104962
3134016,10,1652707,1652706,1104962
3134017,13,1652713,1652712,1104962
3134018,14,1652714,1652713,1104962
3134019,17,1652709,1652708,1104962
3134020,18,1652710,1652709,1104962
3134021,14,282272,1652719,1104964
3134022,14,1652738,1652734,1104970
3134023,15,1652741,1652738,1104970
3134024,16,1652739,1652735,1104970
3134025,17,1652740,1652739,1104970
3134026,19,1652742,1652734,1104970
3134027,20,1652745,1652742,1104970
3134028,21,1652743,1652735,1104970
3134029,22,1652744,1652743,1104970
3134030,11,1652758,1652757,1258820
3134031,12,1652762,1652758,1258820
3134032,14,1652760,1652759,1258820
3134033,15,1652761,1652760,1258820
3134034,13,1652780,1652779,1258821
3134035,14,282321,1652780,1258821
3134036,17,1652782,1652781,1258821
3134037,18,1652786,1652782,1258821
3134038,20,1652784,1652783,1258821
3134039,21,1652785,1652784,1258821
3134040,26,1652788,1652787,1258821
3134041,27,282331,1652788,1258821
3134042,9,1652804,1652803,1104983
3134043,12,1652817,1652816,1104983
3134044,13,1652818,1652817,1104983
3134045,21,1652807,1652806,1104983
3134046,25,1652809,1652808,1104983
3134047,26,1652810,1652809,1104983
3134048,7,1653003,282665,1258824
3134049,23,1653053,1653052,1258827
3134050,25,282818,1653054,1258827
3134051,87,1653058,1653057,1258827
3134052,91,282835,1653059,1258827
3134053,75,1653268,1653267,1105131
3134054,13,1653372,1653371,1105141
3134055,19,1653375,1653371,1105141
3134056,6,283206,1653394,1105148
3134057,5,1653403,1653399,1105151
3134058,9,1653411,283233,1105154
3134059,12,1653414,283233,1105154
3134060,15,1653410,1653415,1105154
3134061,18,1653407,1653415,1105154
3134062,8,1653427,283264,1105159
3134063,11,1653428,283264,1105159
3134064,14,1653419,1653429,1105159
3134065,17,1653420,1653429,1105159
3134066,4,1653439,1653437,1105170
3134067,6,1653441,1653437,1105170
3134068,7,1653443,1653441,1105170
3134069,4,1653450,1653448,1105176
3134070,6,1653452,1653448,1105176
3134071,7,1653453,1653452,1105176
3134072,4,1653463,1653461,1105180
3134073,5,1653464,1653463,1105180
3134074,4,1653476,1653474,1105186
3134075,6,1653487,1653474,1105186
3134076,7,1653489,1653487,1105186
3134077,16,1653479,1653474,1105186
3134078,17,1653480,1653479,1105186
3134079,20,1653483,1653474,1105186
3134080,23,1653485,1653474,1105186
3134081,24,1653486,1653485,1105186
3134082,4,1653501,1653499,1105190
3134083,6,1653511,1653499,1105190
3134084,7,1653512,1653511,1105190
3134085,15,1653504,1653499,1105190
3134086,18,1653505,1653499,1105190
3134087,19,1653506,1653505,1105190
3134088,28,1653543,821394,1105196
3134089,12,1653799,1653798,1105218
3134090,28,283715,1653793,1105218
3134091,11,1653835,1653834,1105222
3134092,9,1653845,1653844,1105224
3134093,87,284199,1653989,1105263
3134094,19,284421,284406,1105322
3134095,32,284429,284406,1105322
3134096,40,1654336,1654320,1105327
3134097,67,1654321,1654320,1105327
3134098,86,1654327,1654320,1105327
3134099,20,1654624,821806,1105431
3134100,52,1654630,821806,1105431
3134101,9,1654808,1654807,1258922
3134102,10,1654810,1654808,1258922
3134103,20,1654812,1654811,1258922
3134104,26,1654854,1654853,1258922
3134105,27,285157,1654854,1258922
3134106,129,1654820,1654819,1258922
3134107,130,285207,1654820,1258922
3134108,141,1654831,1654830,1258922
3134109,151,1654835,1654834,1258922
3134110,160,1654840,1654839,1258922
3134111,161,285217,1654840,1258922
3134112,182,1654825,1654824,1258922
3134113,198,1654864,1654863,1258922
3134114,4,1654893,1654892,1105462
3134115,4,1654901,1654900,1105464
3134116,18,1657155,822250,1259018
3134117,8,1657192,822268,1105691
3134118,6,286663,1657239,1105703
3134119,5,286676,1657255,1105707
3134120,4,1657279,1657278,1105718
3134121,3,1657289,1657287,1105720
3134122,8,1657298,822326,1105722
3134123,10,1657446,1657445,1105772
3134124,7,1657457,1657456,1105776
3134125,13,1657478,1657474,1105776
3134126,16,1657477,1657476,1105776
3134127,17,286912,1657477,1105776
3134128,27,1657471,1657467,1105776
3134129,30,1657470,1657469,1105776
3134130,31,286926,1657470,1105776
3134131,41,1657465,1657461,1105776
3134132,44,1657464,1657463,1105776
3134133,45,286930,1657464,1105776
3134134,4,1657506,1657505,1105793
3134135,3,1657541,1657540,1105817
3134136,6,1657544,1657543,1105817
3134137,7,1657546,1657544,1105817
3134138,6,1657606,1657605,1105827
3134139,7,1657607,1657606,1105827
3134140,13,287021,1657603,1105827
3134141,4,287089,1657663,1105844
3134142,7,1657666,1657665,1105844
3134143,42,1657981,1657979,1105975
3134144,46,1657973,1657972,1105975
3134145,68,1657968,1657967,1105975
3134146,26,287511,822680,1106013
3134147,9,1658504,1658503,1259116
3134148,21,287842,1658568,1106115
3134149,22,287843,1658568,1106115
3134150,14,1658632,1658630,1106134
3134151,24,1658637,1658630,1106134
3134152,34,287944,1658630,1106134
3134153,20,288001,822973,1106148
3134154,22,1658926,1658924,1106212
3134155,13,1658956,1658955,1259155
3134156,9,288146,1658973,1106220
3134157,15,1658979,1658978,1106220
3134158,25,1658977,1658976,1106220
3134159,17,1659012,1659011,1106227
3134160,33,1659007,1659006,1106227
3134161,61,1659235,823206,1259167
3134162,64,1659237,823206,1259167
3134163,65,1659252,1659237,1259167
3134164,66,1659238,823206,1259167
3134165,67,1659253,1659238,1259167
3134166,7,1659445,1659441,1106373
3134167,23,288676,1659475,1106377
3134168,9,1659544,1659535,1106394
3134169,25,1659542,288694,1106394
3134170,27,1659541,1659540,1106394
3134171,25,288742,1659569,1106398
3134172,12,1659602,1659599,1106410
3134173,15,1659626,288782,1106415
3134174,13,1659645,1659641,1106419
3134175,16,1659649,1659646,1106419
3134176,16,288802,823366,1106412
3134177,24,1659714,1659692,1106423
3134178,33,1659708,1659694,1106423
3134179,7,1659735,1659730,1106434
3134180,22,1659734,1659733,1106434
3134181,8,1659780,1659772,1106438
3134182,22,1659779,288872,1106438
3134183,24,1659778,1659777,1106438
3134184,6,1659853,1659848,1106453
3134185,12,1659850,1659849,1106453
3134186,18,1659856,1659852,1106453
3134187,6,1659879,1659878,1106458
3134188,13,1659892,1659891,1106458
3134189,18,1659898,1659894,1106458
3134190,18,1659940,1659932,1259193
3134191,20,1659942,288953,1259193
3134192,3,1660284,1660283,1259223
3134193,6,1660286,1660285,1259223
3134194,9,1660288,1660287,1259223
3134195,5,1660301,1660299,1106585
3134196,7,1660302,1660299,1106585
3134197,9,1660303,1660299,1106585
3134198,11,1660308,1660299,1106585
3134199,19,1660304,1660299,1106585
3134200,21,1660305,1660299,1106585
3134201,23,1660306,1660299,1106585
3134202,23,1660381,1660378,1106600
3134203,25,1660380,1660379,1106600
3134204,28,1660385,1660382,1106600
3134205,30,1660384,1660383,1106600
3134206,33,1660390,1660386,1106600
3134207,35,1660389,1660388,1106600
3134208,21,1660426,1660425,1259236
3134209,26,1660431,1660430,1259236
3134210,30,1660435,1660434,1259236
3134211,5,1660474,1660473,1106617
3134212,12,289303,1660485,1259240
3134213,14,289302,1660486,1259240
3134214,16,289301,1660487,1259240
3134215,3,289343,1660598,1106666
3134216,8,289345,1660598,1106666
3134217,5,289379,1660657,1106686
3134218,11,289381,1660657,1106686
3134219,19,289477,1660741,1106728
3134220,23,289479,1660741,1106728
3134221,17,289544,1660800,1106745
3134222,21,289546,1660800,1106745
3134223,46,289550,1660800,1106745
3134224,51,289552,1660800,1106745
3134225,15,289597,1660931,1106781
3134226,34,1660935,1660933,1106781
3134227,44,1661170,289800,1259275
3134228,73,1661183,289800,1259275
3134229,83,1661176,289800,1259275
3134230,90,1661178,289800,1259275
3134231,108,1661186,289800,1259275
3134232,114,1661187,289800,1259275
3134233,125,1661195,289800,1259275
3134234,9,289867,823944,1259281
3134235,47,1661728,1661718,1107067
3134236,22,290506,290534,1107120
3134237,27,290512,290534,1107120
3134238,34,290524,290534,1107120
3134239,47,1661938,290534,1107120
3134240,6,1662081,1662080,1259338
3134241,12,290578,1662084,1259338
3134242,16,290579,1662087,1259338
3134243,2,1662208,1662207,1107168
3134244,9,1662340,824446,1259354
3134245,26,1662332,824446,1259354
3134246,40,291441,1664066,1107310
3134247,41,291442,1664066,1107310
3134248,14,291460,291446,1107317
3134249,38,291467,291452,1107317
3134250,11,1664173,291502,1259406
3134251,7,1664186,1664185,1259407
3134252,11,1664191,1664190,1259407
3134253,9,1664205,1664204,1259409
3134254,12,1664375,824765,1259418
3134255,13,1664368,1664375,1259418
3134256,15,291539,1664375,1259418
3134257,32,1664362,1664366,1259418
3134258,33,1664363,1664362,1259418
3134259,35,291544,1664362,1259418
3134260,9,291775,1665548,1107416
3134261,25,1665579,1665578,1107426
3134262,38,1665577,1665576,1107426
3134263,19,1665673,824963,1107449
3134264,22,1665733,1665731,1107476
3134265,30,1665748,1665735,1107476
3134266,22,1665826,1665820,1107495
3134267,30,1665829,1665827,1107495
3134268,23,1665909,825060,1107521
3134269,12,1665925,1665923,1107529
3134270,17,1665929,1665922,1107529
3134271,21,1665927,1665922,1107529
3134272,2,1665984,1665983,1259467
3134273,2,1666006,1666005,1259468
3134274,39,1666052,825094,1107550
3134275,28,1666069,1666065,1107562
3134276,32,1666067,1666065,1107562
3134277,3,1666079,1666078,1107565
3134278,498,293088,825244,1259471
3134279,504,1667079,825248,1259471
3134280,506,293078,1667078,1259471
3134281,524,1667081,825248,1259471
3134282,528,1667086,825248,1259471
3134283,537,293114,825248,1259471
3134284,589,293145,825248,1259471
3134285,594,293151,1667085,1259471
3134286,605,293162,825248,1259471
3134287,610,293168,1667092,1259471
3134288,6,1667734,1667733,1107743
3134289,17,293944,293946,1107773
3134290,21,1668164,1668163,1259528
3134291,17,294283,1668214,1107810
3134292,21,294285,1668214,1107810
3134293,16,294323,1668246,1107814
3134294,20,294325,1668246,1107814
3134295,87,1668158,1668174,1259528
3134296,38,1668396,825678,1107820
3134297,74,1668393,825687,1107820
3134298,8,294447,1668643,1107826
3134299,7,1668708,825699,1107831
3134300,50,1669052,294525,1107839
3134301,61,1669058,294488,1107839
3134302,80,1669009,294488,1107839
3134303,83,1669010,294525,1107839
3134304,99,1669068,294488,1107839
3134305,110,1668988,294488,1107839
3134306,115,1669005,294488,1107839
3134307,118,1669006,294525,1107839
3134308,139,1669080,294488,1107839
3134309,147,294524,294488,1107839
3134310,149,1669003,294525,1107839
3134311,150,1669001,294525,1107839
3134312,155,294529,294525,1107839
3134313,156,294528,294525,1107839
3134314,190,294563,294525,1107839
3134315,191,294569,294525,1107839
3134316,210,294567,294488,1107839
3134317,255,1668999,294488,1107839
3134318,323,294617,294525,1107839
3134319,329,1668997,294488,1107839
3134320,347,294640,294488,1107839
3134321,19,1669298,294694,1107876
3134322,20,294699,294694,1107876
3134323,38,1669373,1669393,1107879
3134324,39,1669374,1669393,1107879
3134325,40,1669375,1669392,1107879
3134326,41,1669376,1669392,1107879
3134327,194,1669434,1669393,1107879
3134328,196,1669435,1669393,1107879
3134329,213,1669439,1669392,1107879
3134330,215,1669440,1669392,1107879
3134331,229,1669445,1669393,1107879
3134332,233,1669448,1669392,1107879
3134333,16,1669757,826063,1259547
3134334,37,295008,826069,1259547
3134335,46,1669753,826069,1259547
3134336,68,1669746,1669745,1259547
3134337,76,295019,826079,1259547
3134338,90,295021,1669768,1259547
3134339,166,1669738,1669785,1259547
3134340,24,295164,826207,1259548
3134341,40,1670029,1670028,1259548
3134342,48,295166,826209,1259548
3134343,62,295170,1670042,1259548
3134344,22,1670106,295232,1108033
3134345,23,1670105,826246,1108033
3134346,13,295266,1670147,1108050
3134347,8,295291,826267,1108075
3134348,52,295325,826304,1108077
3134349,55,1670229,1670228,1108077
3134350,105,295335,826313,1108077
3134351,26,295358,826329,1108099
3134352,14,295742,295758,1108189
3134353,18,295828,1670710,1259587
3134354,43,295848,1670717,1259587
3134355,10,1670902,1670901,1259594
3134356,8,1670918,1670917,1259596
3134357,14,1671075,826761,1108267
3134358,14,1671090,826790,1108271
3134359,11,1671501,1671496,1108412
3134360,24,1671495,1671494,1108412
3134361,14,1671522,1671521,1108422
3134362,27,296513,1671519,1108422
3134363,14,1671541,1671540,1108428
3134364,12,1671551,1671550,1108430
3134365,40,296619,1671613,1108385
3134366,49,297000,1671870,1108532
3134367,8,1672108,1672107,1108676
3134368,11,1672112,1672111,1108676
3134369,25,1672127,297351,1108678
3134370,51,1672118,827396,1108678
3134371,56,297362,1672121,1108678
3134372,58,1672122,827396,1108678
3134373,62,297366,1672123,1108678
3134374,3,1672168,1672167,1259654
3134375,6,297390,1672174,1108691
3134376,11,297395,1672173,1108691
3134377,8,297532,827516,1108752
3134378,6,297542,827519,1259670
3134379,9,1672408,827554,1108773
3134380,7,1672559,1672557,1108813
3134381,13,1672672,1672670,1108835
3134382,16,1672675,1672673,1108835
3134383,33,1672677,1672670,1108835
3134384,35,1672678,1672673,1108835
3134385,20,297925,297919,1108833
3134386,22,297926,1672723,1108833
3134387,36,1672716,297919,1108833
3134388,39,1672718,297919,1108833
3134389,42,1672720,297919,1108833
3134390,42,1672757,827702,1259682
3134391,58,1672767,827707,1259682
3134392,100,297972,827705,1259680
3134393,70,1672773,827707,1259682
3134394,23,297992,297981,1108853
3134395,24,297997,297981,1108853
3134396,25,297993,297981,1108853
3134397,26,297998,297981,1108853
3134398,68,1672785,297981,1108853
3134399,69,1672786,297981,1108853
3134400,70,1672794,297981,1108853
3134401,71,1672795,297981,1108853
3134402,20,1672908,1672907,1108866
3134403,8,298122,298120,1108891
3134404,9,298123,298120,1108891
3134405,10,1672959,298120,1108891
3134406,11,1672960,298120,1108891
3134407,39,1672985,827773,1108891
3134408,40,1672986,827773,1108891
3134409,41,1672987,827773,1108891
3134410,43,1672964,827773,1108891
3134411,91,1672972,827778,1108891
3134412,7,298200,1673080,1108916
3134413,8,298201,1673080,1108916
3134414,9,298207,1673080,1108916
3134415,10,298208,1673080,1108916
3134416,138,1673123,1673080,1108916
3134417,162,1673127,1673080,1108916
3134418,174,1673112,1673080,1108916
3134419,198,1673116,1673080,1108916
3134420,223,1673100,1673080,1108916
3134421,248,1673104,1673080,1108916
3134422,260,1673090,1673080,1108916
3134423,285,1673095,1673080,1108916
3134424,22,1673498,1673495,1108993
3134425,21,298609,1673693,1109077
3134426,22,298610,1673694,1109077
3134427,18,298619,1673711,1259732
3134428,12,1673835,1673834,1109133
3134429,114,1673897,298763,1109116
3134430,152,1673885,298763,1109116
3134431,5,1674237,1674236,1109335
3134432,9,1674240,1674239,1109335
3134433,10,1674547,1674546,1109466
3134434,11,1674548,1674547,1109466
3134435,18,1674550,1674549,1109466
3134436,19,1674551,1674550,1109466
3134437,12,1674569,1674568,1109468
3134438,13,299595,1674569,1109468
3134439,16,1674572,1674571,1109468
3134440,17,1674573,1674572,1109468
3134441,28,1674575,1674574,1109468
3134442,29,1674576,1674575,1109468
3134443,35,1674580,1674579,1109468
3134444,36,1674581,1674580,1109468
3134445,5,1674608,1674607,1109483
3134446,6,1674609,1674608,1109483
3134447,5,1674616,1674615,1109485
3134448,6,1674617,1674616,1109485
3134449,12,1674626,1674625,1109487
3134450,13,299721,1674626,1109487
3134451,16,1674629,1674628,1109487
3134452,17,1674630,1674629,1109487
3134453,25,1674632,1674631,1109487
3134454,26,1674633,1674632,1109487
3134455,30,1674636,1674635,1109487
3134456,31,1674637,1674636,1109487
3134457,48,1674644,1674643,1109487
3134458,49,1674645,1674644,1109487
3134459,52,1674647,1674646,1109487
3134460,53,299750,1674647,1109487
3134461,55,1674649,1674648,1109487
3134462,56,299752,1674649,1109487
3134463,58,1674651,1674650,1109487
3134464,59,299753,1674651,1109487
3134465,61,1674653,1674652,1109487
3134466,62,299754,1674653,1109487
3134467,7,1674715,1674714,1259805
3134468,12,1674717,1674716,1259805
3134469,16,1674719,1674718,1259805
3134470,20,1674721,1674720,1259805
3134471,11,1674745,1674743,1109527
3134472,12,1674746,1674745,1109527
3134473,16,1674750,1674748,1109527
3134474,23,1674759,1674758,1109527
3134475,24,1674760,1674759,1109527
3134476,10,1674778,1674776,1109542
3134477,7,1674787,1674786,1259808
3134478,12,1674789,1674788,1259808
3134479,16,1674791,1674790,1259808
3134480,20,1674793,1674792,1259808
3134481,24,1674795,1674794,1259808
3134482,28,1674797,1674796,1259808
3134483,32,1674799,1674798,1259808
3134484,7,1674838,1674837,1109545
3134485,8,1674840,1674838,1109545
3134486,12,1674844,1674841,1109545
3134487,20,1674880,1674879,1109545
3134488,21,1674881,1674880,1109545
3134489,26,1674850,1674847,1109545
3134490,31,1674854,1674851,1109545
3134491,36,1674858,1674855,1109545
3134492,41,1674862,1674859,1109545
3134493,48,1674865,1674864,1109545
3134494,49,1674888,1674865,1109545
3134495,63,1674878,1674877,1109545
3134496,64,1674897,1674878,1109545
3134497,69,1674867,1674866,1109545
3134498,70,1674868,1674867,1109545
3134499,74,1674876,1674875,1109545
3134500,78,1674870,1674869,1109545
3134501,79,1674898,1674870,1109545
3134502,83,1674872,1674871,1109545
3134503,92,1674874,1674873,1109545
3134504,3,1674937,1674936,1109561
3134505,43,1674983,300219,1109565
3134506,10,1675006,1675005,1259814
3134507,8,1675023,1675022,1109578
3134508,31,1674957,1674956,1109574
3134509,17,300276,1675045,1109587
3134510,49,1675054,1675053,1109585
3134511,21,1675203,1675202,1109645
3134512,37,1675205,1675204,1109645
3134513,129,1675333,300562,1109651
3134514,138,1675322,300562,1109651
3134515,145,1675326,300562,1109651
3134516,170,1675318,1675317,1109651
3134517,13,300646,1675443,1109696
3134518,5,1675567,300771,1109741
3134519,2,1675599,300798,1109764
3134520,6,1675703,1675651,1109777
3134521,7,1675704,1675651,1109777
3134522,8,1675705,1675651,1109777
3134523,27,1675696,1675711,1109777
3134524,33,1675699,1675711,1109777
3134525,38,1675688,1675711,1109777
3134526,43,1675691,1675711,1109777
3134527,48,1675679,1675711,1109777
3134528,52,1675684,1675711,1109777
3134529,59,1675671,1675711,1109777
3134530,63,1675676,1675711,1109777
3134531,69,1675665,1675711,1109777
3134532,75,1675668,1675711,1109777
3134533,80,1675656,1675711,1109777
3134534,84,1675660,1675711,1109777
3134535,6,300853,1675742,1109802
3134536,7,300854,1675742,1109802
3134537,8,300855,1675742,1109802
3134538,10,300857,1675742,1109802
3134539,11,300858,1675742,1109802
3134540,12,300859,1675742,1109802
3134541,22,300861,1675742,1109802
3134542,23,300862,1675742,1109802
3134543,24,300863,1675742,1109802
3134544,12,1675863,1675862,1109845
3134545,8,1675884,1675881,1109849
3134546,17,1675902,1675901,1109853
3134547,30,1675906,1675905,1109853
3134548,4,1675993,1675991,1109879
3134549,13,1676023,1676022,1109889
3134550,4,1676098,1676097,1259885
3134551,5,1676102,1676101,1109940
3134552,4,1676108,1676107,1109944
3134553,5,301189,1676118,1109950
3134554,19,1676237,301275,1109996
3134555,22,1676243,301275,1109996
3134556,25,1676245,301275,1109996
3134557,28,1676247,301275,1109996
3134558,30,1676254,301275,1109996
3134559,33,1676239,301275,1109996
3134560,36,1676240,301275,1109996
3134561,38,1676241,301275,1109996
3134562,28,1676522,828869,1110122
3134563,37,301550,1676523,1110122
3134564,36,1676562,828880,1259914
3134565,42,1676564,828880,1259914
3134566,51,301595,1676550,1259914
3134567,53,1676552,828880,1259914
3134568,75,301667,828938,1110127
3134569,17,301694,1676737,1259919
3134570,14,1677157,1677151,1110158
3134571,209,301800,1676782,1110091
3134572,213,1676784,1676783,1110091
3134573,246,1676776,828980,1110091
3134574,273,1676767,828980,1110091
3134575,275,1676768,828980,1110091
3134576,277,1676769,828980,1110091
3134577,401,1676763,828980,1110091
3134578,403,1676764,828980,1110091
3134579,405,1676765,828980,1110091
3134580,411,1676762,828980,1110091
3134581,564,302024,828980,1110091
3134582,615,1676743,1676741,1110091
3134583,634,1676747,829073,1110091
3134584,724,1676715,1676714,1110091
3134585,731,1676719,1676718,1110091
3134586,812,1676711,302310,1110091
3134587,815,1676712,302310,1110091
3134588,834,1676707,302310,1110091
3134589,837,1676708,302310,1110091
3134590,841,1676704,302310,1110091
3134591,845,1676705,302310,1110091
3134592,849,1676709,302310,1110091
3134593,852,1676710,302310,1110091
3134594,14,1678068,1678063,1110243
3134595,21,1678069,1678063,1110243
3134596,14,1678081,303455,1110253
3134597,17,1678785,304022,1110325
3134598,21,1678788,304022,1110325
3134599,25,1678791,304022,1110325
3134600,41,1678776,304022,1110325
3134601,59,1678832,1678831,1110325
3134602,64,1678837,1678835,1110325
3134603,69,1678842,1678840,1110325
3134604,85,1678798,304022,1110325
3134605,18,1679261,1679260,1110334
3134606,94,1678604,829405,1110214
3134607,108,1678598,829405,1110214
3134608,202,1678807,304022,1110325
3134609,206,1678812,304022,1110325
3134610,210,1678817,304022,1110325
3134611,223,1678759,304022,1110325
3134612,11,1679285,1679284,1110344
3134613,12,1679292,1679291,1110347
3134614,5,1679302,1679301,1110351
3134615,5,1679315,1679314,1110353
3134616,268,1678584,829451,1110214
3134617,269,1678634,829457,1110214
3134618,4,1679327,1679322,1110355
3134619,6,1679325,1679324,1110355
3134620,8,1679328,1679327,1110355
3134621,299,1678585,1678634,1110214
3134622,5,1679352,1679345,1110361
3134623,7,1679348,1679347,1110361
3134624,430,1678567,304211,1110214
3134625,460,304219,304203,1110214
3134626,462,304220,304203,1110214
3134627,464,304221,304203,1110214
3134628,467,1678559,304222,1110214
3134629,470,1678560,304222,1110214
3134630,473,1678562,304222,1110214
3134631,491,1678542,304206,1110214
3134632,494,1678544,304206,1110214
3134633,497,1678546,304206,1110214
3134634,501,1678548,304222,1110214
3134635,505,1678550,304222,1110214
3134636,509,1678553,304222,1110214
3134637,528,1678527,304211,1110214
3134638,531,1678529,304211,1110214
3134639,534,1678531,304211,1110214
3134640,538,1678533,304222,1110214
3134641,542,1678535,304222,1110214
3134642,546,1678538,304222,1110214
3134643,591,1678520,304211,1110214
3134644,592,1678872,1678521,1110214
3134645,626,1678515,304211,1110214
3134646,683,1678504,304211,1110214
3134647,684,1678506,1678505,1110214
3134648,697,1678501,304211,1110214
3134649,723,1678497,1678494,1110214
3134650,725,1678496,304211,1110214
3134651,726,1678498,1678497,1110214
3134652,751,1678490,304211,1110214
3134653,789,1679005,304211,1110214
3134654,792,1678480,1678479,1110214
3134655,793,1678481,1678480,1110214
3134656,797,1678483,1678482,1110214
3134657,798,1678484,1678483,1110214
3134658,829,1679021,304211,1110214
3134659,832,1678472,1678471,1110214
3134660,833,1678473,1678472,1110214
3134661,837,1678475,1678474,1110214
3134662,838,1678476,1678475,1110214
3134663,873,1679037,304211,1110214
3134664,912,1679053,304211,1110214
3134665,961,304305,304203,1110214
3134666,1016,304314,304203,1110214
3134667,1060,1678415,1678414,1110214
3134668,1066,1678420,1678657,1110214
3134669,1099,1678392,304211,1110214
3134670,1102,1678394,1678658,1110214
3134671,1104,1678396,1678657,1110214
3134672,1158,1678369,304211,1110214
3134673,1161,1678371,1678658,1110214
3134674,1163,1678373,1678657,1110214
3134675,1231,1679151,304211,1110214
3134676,1281,1679169,304211,1110214
3134677,1341,304360,304206,1110214
3134678,1423,304375,304206,1110214
3134679,17,1679434,1679426,1110395
3134680,18,1679432,1679427,1110395
3134681,29,1679514,304495,1110398
3134682,64,1679501,304495,1110398
3134683,77,1679511,1679506,1110398
3134684,88,1679500,1679499,1110398
3134685,114,1679475,304495,1110398
3134686,134,1679491,1679488,1110398
3134687,139,1679495,1679492,1110398
3134688,9,1679741,1679739,1110462
3134689,13,305128,1680070,1110506
3134690,16,305159,1680088,1110514
3134691,51,1680117,1680115,1110502
3134692,64,305202,1680115,1110502
3134693,92,1680124,1680115,1110502
3134694,107,305219,1680115,1110502
3134695,14,305301,1680160,1259986
3134696,23,305334,305328,1110524
3134697,31,1680188,305328,1110524
3134698,37,1680203,305328,1110524
3134699,58,1680199,305329,1110524
3134700,64,305364,305328,1110524
3134701,13,305537,1680321,1259991
3134702,30,1680327,1680326,1259991
3134703,20,1680377,305728,1110556
3134704,5,1680413,1680412,1110568
3134705,5,1680443,1680442,1110571
3134706,5,1680571,1680570,1110574
3134707,93,1680647,306034,1110577
3134708,4,1680715,1680714,1110587
3134709,143,1680645,306050,1110577
3134710,192,1680643,306072,1110577
3134711,4,1680744,1680743,1110592
3134712,11,1681088,829997,1260006
3134713,11,1681097,830004,1260007
3134714,8,1681319,1681317,1259945
3134715,129,1681297,1681295,1259945
3134716,311,1681494,1681128,1259945
3134717,313,1681130,1681129,1259945
3134718,315,1681132,1681131,1259945
3134719,317,1681134,1681133,1259945
3134720,319,1681136,1681135,1259945
3134721,321,1681138,1681137,1259945
3134722,421,1681239,306410,1259945
3134723,427,1681242,306410,1259945
3134724,434,1681249,306410,1259945
3134725,440,1681255,306410,1259945
3134726,450,1681185,306410,1259945
3134727,456,1681188,306410,1259945
3134728,463,1681194,306410,1259945
3134729,469,1681198,306410,1259945
3134730,478,1681276,306410,1259945
3134731,484,1681279,306410,1259945
3134732,491,1681286,306410,1259945
3134733,505,1681218,306410,1259945
3134734,511,1681221,306410,1259945
3134735,518,1681226,306410,1259945
3134736,542,1681233,306410,1259945
3134737,546,1681235,1681234,1259945
3134738,568,1681262,306410,1259945
3134739,580,1681269,306410,1259945
3134740,589,1681205,306410,1259945
3134741,601,1681211,306410,1259945
3134742,619,1681179,306410,1259945
3134743,631,1681168,306410,1259945
3134744,644,1681159,306410,1259945
3134745,658,1681153,306410,1259945
3134746,662,1681150,306410,1259945
3134747,26,306505,1681683,1110667
3134748,13,1681820,1681747,1110702
3134749,15,1681817,1681747,1110702
3134750,27,1681811,1681747,1110702
3134751,28,1681806,1681744,1110702
3134752,40,1681796,1681747,1110702
3134753,41,1681791,1681744,1110702
3134754,55,1681788,1681747,1110702
3134755,56,1681780,1681744,1110702
3134756,60,1681783,1681747,1110702
3134757,77,1681776,1681747,1110702
3134758,79,1681773,1681747,1110702
3134759,94,1681769,1681747,1110702
3134760,95,1681768,1681744,1110702
3134761,115,1681754,1681747,1110702
3134762,118,1681756,1681744,1110702
3134763,122,1681759,1681744,1110702
3134764,161,1681841,1681747,1110702
3134765,184,1681750,1681747,1110702
3134766,186,1681749,1681747,1110702
3134767,85,1682029,830118,1110589
3134768,86,1682027,306803,1110589
3134769,87,1682028,830122,1110589
3134770,110,1682021,830118,1110589
3134771,111,1682020,830122,1110589
3134772,3,1682210,1682209,1110737
3134773,10,1682214,1682213,1110737
3134774,18,1682220,1682219,1110737
3134775,26,1682226,1682225,1110737
3134776,3,1682243,1682242,1110739
3134777,10,1682247,1682246,1110739
3134778,3,1682263,1682262,1110741
3134779,377,1681887,1681886,1110589
3134780,476,306816,1681930,1110589
3134781,19,306874,1682291,1110746
3134782,17,1682369,1682367,1110763
3134783,21,1682375,1682372,1110763
3134784,7,1682583,1682582,1110797
3134785,75,1682642,1682638,1110843
3134786,78,1682643,1682639,1110843
3134787,81,1682644,1682640,1110843
3134788,31,1682687,1682686,1260042
3134789,39,307114,1682709,1260042
3134790,251,1682762,1682752,1110856
3134791,37,1682874,1682868,1110880
3134792,48,1682876,1682868,1110880
3134793,68,1682870,1682868,1110880
3134794,10,1682906,1682905,1110885
3134795,27,1682973,1682972,1110888
3134796,6,1683047,1683046,1260056
3134797,13,1683051,1683050,1260056
3134798,11,307333,1683067,1260058
3134799,15,1683089,1683078,1110915
3134800,23,307365,1683139,1110922
3134801,46,1683114,1683113,1110922
3134802,51,1683157,1683126,1110922
3134803,64,1683163,1683135,1110922
3134804,85,307385,1683117,1110922
3134805,37,1683199,1683198,1110929
3134806,43,1683204,1683203,1110929
3134807,76,1683227,1683220,1110929
3134808,79,1683229,1683219,1110929
3134809,28,1683306,1683305,1260065
3134810,28,307511,1683338,1110955
3134811,14,1683356,830577,1110961
3134812,13,1683365,1683364,1110963
3134813,24,1683373,1683369,1110963
3134814,27,1683376,1683375,1110963
3134815,4,1683402,307554,1110969
3134816,77,1683416,1683450,1110971
3134817,80,1683418,1683430,1110971
3134818,100,1683412,1683450,1110971
3134819,77,1683513,1683539,1110975
3134820,95,1683504,1683523,1110975
3134821,98,1683506,1683539,1110975
3134822,7,1683565,1683564,1110988
3134823,25,1683583,1683582,1110991
3134824,29,1683585,1683584,1110991
3134825,20,1683617,1683616,1110998
3134826,45,1683648,1683647,1111009
3134827,52,1683675,1683674,1111009
3134828,71,1683667,1683666,1111009
3134829,94,1683656,1683655,1111009
3134830,8,307736,1683770,1111026
3134831,17,307740,1683769,1111026
3134832,43,1683790,1683789,1111028
3134833,55,1683796,1683795,1111028
3134834,82,1683781,1683780,1111028
3134835,6,1683849,1683848,1111034
3134836,25,1683865,1683864,1111034
3134837,22,1683915,1683927,1111041
3134838,25,1683917,1683926,1111041
3134839,54,1683909,1683932,1111041
3134840,77,1683898,1683908,1111041
3134841,80,1683900,1683932,1111041
3134842,10,1683974,1683973,1111048
3134843,13,1684007,1684006,1111052
3134844,16,1684040,1684031,1111057
3134845,40,1684029,1684022,1111057
3134846,43,1684032,1684031,1111057
3134847,10,1684065,1684064,1111063
3134848,3,1684080,1684079,1111065
3134849,12,307834,1684078,1111065
3134850,19,307842,1684109,1260086
3134851,11,1684183,1684182,1260094
3134852,106,1684240,1684233,1260102
3134853,115,1684245,1684234,1260102
3134854,146,1684224,1684257,1260102
3134855,149,1684226,1684257,1260102
3134856,152,1684228,1684257,1260102
3134857,155,1684230,1684257,1260102
3134858,22,307954,830873,1260114
3134859,42,307972,830881,1260114
3134860,9,1684560,1684558,1111111
3134861,13,1684566,1684564,1111111
3134862,9,1684666,1684665,1111113
3134863,13,1684668,1684667,1111113
3134864,7,1684677,1684676,1111115
3134865,20,308061,830961,1260121
3134866,40,308091,830984,1260121
3134867,7,1684717,1684716,1111126
3134868,25,308468,308480,1111356
3134869,44,308469,308480,1111356
3134870,66,1685364,308480,1111356
3134871,69,1685366,308480,1111356
3134872,16,308502,308510,1111365
3134873,17,308503,308510,1111365
3134874,23,308507,308510,1111365
3134875,25,308508,308510,1111365
3134876,35,308519,308510,1111365
3134877,37,308520,308510,1111365
3134878,10,1685423,1685422,1111374
3134879,13,1685425,1685422,1111374
3134880,10,1685499,1685491,1260185
3134881,12,1685496,1685492,1260185
3134882,15,1685495,1685494,1260185
3134883,21,1685483,1685476,1260185
3134884,23,1685481,1685477,1260185
3134885,26,1685480,1685479,1260185
3134886,31,1685489,1685485,1260185
3134887,34,1685488,1685487,1260185
3134888,41,1685474,1685470,1260185
3134889,44,1685473,1685472,1260185
3134890,10,1685530,1685526,1260187
3134891,13,1685529,1685528,1260187
3134892,30,308575,1685585,1111391
3134893,32,308576,1685586,1111391
3134894,35,308584,1685587,1111391
3134895,38,308585,1685589,1111391
3134896,65,1685566,1685565,1111391
3134897,71,1685571,1685570,1111391
3134898,77,308573,1685556,1111391
3134899,96,308582,1685560,1111391
3134900,13,308596,831414,1111395
3134901,18,308614,1685620,1111400
3134902,31,308618,1685620,1111400
3134903,57,308624,1685620,1111400
3134904,102,308626,1685620,1111400
3134905,18,308647,1685697,1111419
3134906,31,308649,1685697,1111419
3134907,57,308654,1685697,1111419
3134908,102,308661,1685697,1111419
3134909,22,1685841,308727,1111428
3134910,32,1685861,308729,1111428
3134911,81,308770,308727,1111428
3134912,82,308771,308729,1111428
3134913,89,1685860,308727,1111428
3134914,101,1685844,308729,1111428
3134915,151,308796,308727,1111428
3134916,171,1685849,308727,1111428
3134917,177,308830,308729,1111428
3134918,197,1685852,308729,1111428
3134919,302,1685856,308729,1111428
3134920,30,1686060,308914,1111476
3134921,45,1686083,308916,1111476
3134922,3,1686213,1686212,1111501
3134923,94,308932,308916,1111476
3134924,95,308933,308914,1111476
3134925,104,1686082,308914,1111476
3134926,118,1686064,308916,1111476
3134927,14,308940,1686212,1111501
3134928,168,308945,308916,1111476
3134929,193,1686069,308916,1111476
3134930,199,308965,308914,1111476
3134931,224,1686072,308914,1111476
3134932,332,1686077,308916,1111476
3134933,14,309096,1686301,1111524
3134934,36,309109,1686301,1111524
3134935,18,1686378,831654,1260212
3134936,72,1686397,1686396,1111539
3134937,7,309198,1686450,1111553
3134938,51,1686514,1686513,1111556
3134939,17,309251,831692,1260217
3134940,29,309253,831696,1260217
3134941,46,1686650,831697,1260217
3134942,53,309262,831699,1260217
3134943,7,1686714,1686712,1111593
3134944,14,1686722,831715,1111596
3134945,12,309310,1686729,1111598
3134946,23,1686757,831755,1111630
3134947,16,309386,831763,1111640
3134948,31,1686805,1686799,1111664
3134949,32,1686804,1686800,1111664
3134950,9,309424,1686822,1111669
3134951,9,309432,1686831,1111671
3134952,9,309443,1686846,1111675
3134953,23,309569,831843,1260238
3134954,44,1687045,1687044,1111581
3134955,72,309606,831861,1111581
3134956,73,309622,831861,1111581
3134957,74,1687055,831861,1111581
3134958,82,309601,831861,1111581
3134959,96,309614,831861,1111581
3134960,134,309642,831880,1111581
3134961,135,1687075,831880,1111581
3134962,141,309640,831880,1111581
3134963,20,1687620,1687617,1111781
3134964,24,1687629,1687626,1111781
3134965,28,1687639,1687636,1111781
3134966,32,1687646,1687645,1111781
3134967,36,1687649,1687648,1111781
3134968,40,1687652,1687651,1111781
3134969,44,1687655,1687654,1111781
3134970,48,1687658,1687657,1111781
3134971,52,1687661,1687660,1111781
3134972,56,1687664,1687663,1111781
3134973,278,1687436,310389,1111781
3134974,11,1687929,832135,1111875
3134975,299,1687400,1687399,1111781
3134976,303,1687403,1687402,1111781
3134977,307,1687407,1687405,1111781
3134978,311,1687411,1687410,1111781
3134979,315,1687414,1687413,1111781
3134980,319,1687417,1687416,1111781
3134981,323,1687420,1687419,1111781
3134982,327,1687423,1687422,1111781
3134983,331,1687426,1687425,1111781
3134984,335,1687429,1687428,1111781
3134985,3,1688278,832275,1111977
3134986,11,310715,832295,1111986
3134987,8,310748,1688450,1260299
3134988,129,1688331,832341,1111945
3134989,15,311032,832394,1260307
3134990,13,311100,1688594,1112023
3134991,18,1688603,1688594,1112023
3134992,12,311837,1689555,1260361
3134993,12,311842,1689595,1260362
3134994,36,1689526,311863,1112269
3134995,36,1689715,1689714,1260363
3134996,39,1689717,1689716,1260363
3134997,6,1689752,1689751,1112304
3134998,5,1689759,1689757,1112310
3134999,7,1689782,1689781,1112312
3135000,6,1689803,1689799,1112314
3135001,6,1689812,1689811,1112316
3135002,12,1689816,1689815,1112316
3135003,19,311935,1689818,1112316
3135004,23,311936,1689821,1112316
3135005,5,1689829,1689828,1112318
3135006,11,1689833,1689832,1112318
3135007,18,311957,1689835,1112318
3135008,22,311958,1689838,1112318
3135009,79,1690053,1690052,1112344
3135010,93,312253,832999,1112344
3135011,94,1690061,832999,1112344
3135012,102,312251,832999,1112344
3135013,116,312264,832999,1112344
3135014,40,1690331,1690330,1112425
3135015,43,1690333,1690332,1112425
3135016,52,1690201,1690200,1112383
3135017,41,1690424,1690423,1112435
3135018,44,1690426,1690425,1112435
3135019,83,1690193,1690192,1112383
3135020,87,1690197,1690196,1112383
3135021,25,312681,833277,1260426
3135022,26,312682,833277,1260426
3135023,33,1690635,1690634,1260419
3135024,36,312686,833279,1260426
3135025,37,312687,833279,1260426
3135026,9,1690702,1690701,1112490
3135027,17,1691400,1691399,1260475
3135028,28,1691397,1691396,1260475
3135029,30,1691426,1691425,1112758
3135030,51,1691605,1691604,1112786
3135031,68,1691633,1691602,1112786
3135032,23,1691717,1691716,1112800
3135033,16,1691759,1691758,1260488
3135034,6,1691800,313680,1260493
3135035,8,1691839,313714,1112824
3135036,8,1691871,313735,1112828
3135037,9,1691887,313751,1112830
3135038,9,1691897,313764,1112834
3135039,7,1691917,313786,1260505
3135040,6,314306,834089,1112934
3135041,5,1692392,834103,1112943
3135042,7,314365,834112,1112958
3135043,6,314404,834129,1112972
3135044,7,1692640,834164,1112988
3135045,12,1692641,834164,1112988
3135046,5,1692686,834211,1112995
3135047,5,314507,834242,1113005
3135048,29,1693098,1693097,1113147
3135049,5,1693259,1693258,1113203
3135050,6,1693260,1693259,1113203
3135051,7,1693272,834423,1113219
3135052,15,1693262,1693261,1113203
3135053,3,1693289,1693287,1113228
3135054,4,1693290,1693289,1113228
3135055,13,1693428,1693426,1113257
3135056,21,1693431,1693430,1113257
3135057,8,1693529,1693527,1113281
3135058,8,315164,1693581,1113288
3135059,135,1693391,315248,1113254
3135060,14,315260,834625,1260628
3135061,18,315314,834644,1113300
3135062,32,315368,1693688,1113297
3135063,126,1693697,315621,1113297
3135064,88,1693915,1693914,1113368
3135065,133,1693945,1693911,1113368
3135066,7,1694044,1694043,1113412
3135067,78,1694217,834919,1113531
3135068,105,1694218,834935,1113531
3135069,5,1694397,1694395,1113577
3135070,8,1694459,1694456,1113604
3135071,14,1694463,1694461,1113604
3135072,18,1694466,1694465,1113604
3135073,8,1694482,1694479,1113606
3135074,14,1694486,1694484,1113606
3135075,18,1694489,1694488,1113606
3135076,14,316343,1695023,1113706
3135077,10,1695209,1695207,1260699
3135078,9,316430,1695233,1113796
3135079,12,1695271,1695268,1260701
3135080,8,1695409,835170,1113871
3135081,6,1695418,835175,1113873
3135082,11,316689,1695547,1113913
3135083,5,1696207,1696205,1114025
3135084,14,1696266,1696264,1260776
3135085,19,1696333,1696306,1114063
3135086,75,1696326,1696325,1114063
3135087,37,1696464,1696463,1114100
3135088,22,317241,1696558,1260777
3135089,71,1696630,1696640,1114116
3135090,130,317242,1696497,1260777
3135091,16,317352,1696839,1114163
3135092,79,1696820,1696833,1114147
3135093,107,1696914,1696833,1114147
3135094,174,1696950,1696833,1114147
3135095,198,1696960,1696833,1114147
3135096,241,1696983,1696833,1114147
3135097,253,1696990,1696833,1114147
3135098,86,317353,1696867,1114163
3135099,265,1696998,1696833,1114147
3135100,277,1697005,1696833,1114147
3135101,335,1696741,1696833,1114147
3135102,146,317408,1697032,1114163
3135103,34,1697117,1697106,1114190
3135104,42,1697112,1697090,1114190
3135105,185,317409,1696911,1114163
3135106,15,317525,1697366,1260782
3135107,67,1697286,317503,1114213
3135108,72,1697272,317501,1114213
3135109,165,1697288,317503,1114213
3135110,170,1697267,317501,1114213
3135111,85,317526,1697384,1260782
3135112,225,1697419,317501,1114213
3135113,229,1697423,317501,1114213
3135114,232,1697255,317503,1114213
3135115,296,1697480,317501,1114213
3135116,308,1697294,317501,1114213
3135117,157,317580,1697596,1260782
3135118,375,1697295,317501,1114213
3135119,379,1697572,317501,1114213
3135120,382,1697235,317503,1114213
3135121,265,317581,1697422,1260782
3135122,17,317707,1698069,1114269
3135123,80,1698041,1697882,1114263
3135124,89,1697981,1697894,1114263
3135125,120,1697947,1697894,1114263
3135126,125,1697949,1697894,1114263
3135127,131,1697952,1697894,1114263
3135128,137,1697955,1697894,1114263
3135129,143,1697958,1697894,1114263
3135130,149,1697961,1697894,1114263
3135131,155,1697964,1697894,1114263
3135132,161,1697967,1697894,1114263
3135133,189,1697924,1697894,1114263
3135134,194,1697926,1697894,1114263
3135135,200,1697929,1697894,1114263
3135136,206,1697932,1697894,1114263
3135137,214,1697935,1697894,1114263
3135138,219,1697937,1697894,1114263
3135139,225,1697940,1697894,1114263
3135140,231,1697943,1697894,1114263
3135141,258,1697903,1697894,1114263
3135142,263,1697905,1697894,1114263
3135143,271,1697908,1697894,1114263
3135144,276,1697910,1697894,1114263
3135145,284,1697913,1697894,1114263
3135146,289,1697915,1697894,1114263
3135147,297,1697918,1697894,1114263
3135148,302,1697920,1697894,1114263
3135149,358,1698254,1697882,1114263
3135150,367,1697897,1697894,1114263
3135151,95,317708,1698093,1114269
3135152,171,317767,1698168,1114269
3135153,236,317768,1698120,1114269
3135154,79,1698605,1698612,1114295
3135155,106,1698673,1698612,1114295
3135156,166,1698692,1698612,1114295
3135157,187,1698698,1698612,1114295
3135158,227,1698713,1698612,1114295
3135159,238,1698717,1698612,1114295
3135160,249,1698721,1698612,1114295
3135161,314,1698111,1698110,1114269
3135162,260,1698725,1698612,1114295
3135163,320,1698115,1698114,1114269
3135164,317,1698551,1698612,1114295
3135165,77,1698939,1698786,1114301
3135166,86,1698906,1698804,1114301
3135167,116,1698872,1698804,1114301
3135168,120,1698874,1698804,1114301
3135169,125,1698877,1698804,1114301
3135170,130,1698880,1698804,1114301
3135171,135,1698883,1698804,1114301
3135172,140,1698886,1698804,1114301
3135173,145,1698889,1698804,1114301
3135174,150,1698892,1698804,1114301
3135175,177,1698849,1698804,1114301
3135176,181,1698851,1698804,1114301
3135177,186,1698854,1698804,1114301
3135178,191,1698857,1698804,1114301
3135179,198,1698860,1698804,1114301
3135180,202,1698862,1698804,1114301
3135181,207,1698865,1698804,1114301
3135182,212,1698868,1698804,1114301
3135183,238,1698820,1698804,1114301
3135184,242,1698824,1698804,1114301
3135185,249,1698829,1698804,1114301
3135186,253,1698832,1698804,1114301
3135187,260,1698838,1698804,1114301
3135188,264,1698840,1698804,1114301
3135189,271,1698843,1698804,1114301
3135190,275,1698845,1698804,1114301
3135191,330,1699035,1698786,1114301
3135192,27,1699091,1699090,1114309
3135193,339,1698810,1698804,1114301
3135194,63,1699112,1699084,1114309
3135195,89,1699114,1699072,1114309
3135196,131,1699108,1699067,1114309
3135197,29,1699214,1699213,1114327
3135198,65,1699242,1699207,1114327
3135199,95,1699245,1699196,1114327
3135200,149,1699233,1699188,1114327
3135201,152,1699503,1699373,1114336
3135202,181,1699507,1699405,1114336
3135203,10,1699572,1699571,1114353
3135204,11,1699575,1699572,1114353
3135205,22,1699593,1699592,1114355
3135206,23,1699594,1699593,1114355
3135207,24,1699595,1699594,1114355
3135208,38,1699589,1699588,1114355
3135209,39,1699590,1699589,1114355
3135210,40,1699591,1699590,1114355
3135211,18,1699661,1699628,1114359
3135212,18,1699765,1699699,1260800
3135213,89,1699752,1699751,1260800
3135214,136,1699742,1699741,1260800
3135215,228,1699714,1699713,1260800
3135216,24,1699857,1699856,1114379
3135217,1309,1700263,835884,1260798
3135218,1316,1700266,835884,1260798
3135219,25,1701064,1701061,1114546
3135220,24,319121,836392,1114712
3135221,22,319626,319622,1114927
3135222,25,1702018,1702017,1260939
3135223,14,319740,1702140,1114999
3135224,9,1702332,1702328,1115045
3135225,12,1702331,1702330,1115045
3135226,35,1702327,1702324,1115045
3135227,37,1702326,1702325,1115045
3135228,45,1702317,1702316,1115045
3135229,49,1702319,836796,1115045
3135230,170,1702705,1702663,1115068
3135231,9,320234,1702759,1115149
3135232,10,320247,1702771,1115159
3135233,27,1702884,1702861,1261013
3135234,65,1702840,1702842,1261013
3135235,67,1702839,1702838,1261013
3135236,21,1702999,1702998,1115204
3135237,9,320825,1703717,1115268
3135238,15,1703784,1703774,1115281
3135239,20,320845,1703778,1115281
3135240,25,1703786,1703779,1115281
3135241,11,1703937,1703936,1115284
3135242,21,320874,1703933,1115284
3135243,10,320921,1703998,1115290
3135244,17,320929,1704001,1115290
3135245,24,1704004,1704003,1115290
3135246,3,1704029,1704028,1115292
3135247,4,1704103,1704102,1261068
3135248,25,1704157,1704156,1115296
3135249,48,1704125,837402,1115294
3135250,59,321019,1704130,1115294
3135251,6,321036,1704255,1115312
3135252,4,321065,1704265,1261072
3135253,4,321093,1704280,1261074
3135254,138,1704226,1704225,1115298
3135255,18,1704289,1704288,1261074
3135256,52,1704295,1704294,1261074
3135257,9,321158,1704350,1115336
3135258,17,1704382,1704379,1115336
3135259,36,1704370,1704368,1115336
3135260,51,1704419,1704404,1261076
3135261,48,1704363,1704362,1115336
3135262,103,1704389,1704388,1115336
3135263,9,321198,1704499,1261083
3135264,19,321267,1704523,1115393
3135265,12,1704719,1704718,1115465
3135266,198,1704815,1704785,1115444
3135267,346,321645,837629,1115444
3135268,424,321670,837634,1115444
3135269,4,1705070,1705069,1115526
3135270,12,1705147,321850,1115538
3135271,19,1705149,1705148,1115538
3135272,10,1705185,1705180,1261113
3135273,20,1705177,1705176,1261113
3135274,89,1705252,1705238,1115575
3135275,95,1705249,1705248,1115575
3135276,18,1705382,1705381,1261123
3135277,50,1705378,1705377,1261123
3135278,73,1705372,1705371,1261123
3135279,114,1705365,1705364,1261123
3135280,122,1705530,1705506,1115599
3135281,218,1705495,1705494,1115599
3135282,10,1705587,1705586,1115627
3135283,17,1705708,837817,1115641
3135284,19,1705707,1705706,1115641
3135285,23,1705711,837817,1115641
3135286,25,1705710,1705709,1115641
3135287,40,1705712,837817,1115641
3135288,43,1705715,837817,1115641
3135289,45,1705716,837817,1115641
3135290,53,1705713,837817,1115641
3135291,58,1705714,837817,1115641
3135292,5,1705920,1705919,1115725
3135293,156,1706038,1706006,1115735
3135294,6,1706288,1706286,1115835
3135295,37,1706328,1706325,1261170
3135296,12,1706507,1706504,1115873
3135297,14,1706509,1706508,1115873
3135298,146,1706408,1706407,1115858
3135299,61,1706470,322591,1115864
3135300,65,1706474,322591,1115864
3135301,69,1706477,322591,1115864
3135302,73,1706480,322591,1115864
3135303,22,1706701,322631,1115893
3135304,23,1706700,322631,1115893
3135305,29,1706705,322631,1115893
3135306,30,1706704,322631,1115893
3135307,76,1706719,322667,1115886
3135308,79,1706721,322667,1115886
3135309,109,1706725,838086,1115886
3135310,10,322732,1706790,1115914
3135311,11,322735,1706790,1115914
3135312,12,322760,1706790,1115914
3135313,13,322761,1706790,1115914
3135314,18,322964,322935,1115961
3135315,44,1706992,322970,1115961
3135316,47,1706993,322970,1115961
3135317,63,1707010,322970,1115961
3135318,80,1707012,322970,1115961
3135319,55,323329,838279,1261205
3135320,27,1707431,323411,1116117
3135321,28,1707427,323411,1116117
3135322,33,1707436,323411,1116117
3135323,34,1707433,323411,1116117
3135324,68,1707416,323421,1116117
3135325,71,1707421,323421,1116117
3135326,74,1707423,323421,1116117
3135327,77,1707425,323421,1116117
3135328,11,1707531,1707528,1116158
3135329,10,324069,324064,1116434
3135330,6,324193,324205,1116547
3135331,10,324202,324205,1116547
3135332,11,324203,324205,1116547
3135333,25,1708258,838784,1116567
3135334,9,1708326,1708322,1116591
3135335,9,1708390,1708388,1116612
3135336,59,1708413,838860,1116616
3135337,62,1708418,838860,1116616
3135338,66,1708415,838860,1116616
3135339,69,1708417,838860,1116616
3135340,6,1708578,1708577,1261323
3135341,8,324418,1708592,1261324
3135342,9,324428,1708615,1116680
3135343,23,324436,1708660,1116686
3135344,31,1708666,1708665,1116686
3135345,11,324460,1708708,1261332
3135346,21,324466,1708713,1261332
3135347,84,324522,1708766,1116676
3135348,86,1708768,1708766,1116676
3135349,105,1708744,838956,1116676
3135350,111,1708749,838956,1116676
3135351,120,324532,838956,1116676
3135352,125,1708773,838956,1116676
3135353,15,324563,1708838,1116726
3135354,21,324561,324600,1116716
3135355,24,324566,324600,1116716
3135356,21,324568,1708840,1116726
3135357,27,324571,324600,1116716
3135358,30,324574,324600,1116716
3135359,33,324579,324600,1116716
3135360,36,324582,324600,1116716
3135361,39,324585,324600,1116716
3135362,42,324588,324600,1116716
3135363,9,1708857,838980,1116731
3135364,20,1708856,838980,1116731
3135365,48,1708887,839016,1116724
3135366,4,1709141,324792,1116769
3135367,8,1709144,324792,1116769
3135368,14,1709147,324792,1116769
3135369,46,324784,324792,1116769
3135370,48,324785,324792,1116769
3135371,70,1709020,1709019,1116759
3135372,76,1709050,1709049,1116759
3135373,91,1709046,1709045,1116759
3135374,94,324810,324792,1116769
3135375,97,324814,324792,1116769
3135376,106,1709040,1709039,1116759
3135377,110,1709042,1709041,1116759
3135378,13,1709210,1709209,1116777
3135379,20,1709212,1709211,1116777
3135380,27,1709215,1709214,1116777
3135381,157,1709030,1709028,1116759
3135382,161,1709032,1709031,1116759
3135383,173,1709067,1709066,1116759
3135384,177,1709072,1709071,1116759
3135385,182,1709078,1709076,1116759
3135386,10,1709618,839228,1116842
3135387,17,1709619,839228,1116842
3135388,24,1709608,839228,1116842
3135389,27,1709611,839228,1116842
3135390,55,1709613,839228,1116842
3135391,58,1709614,839228,1116842
3135392,61,1709615,839228,1116842
3135393,66,1709616,839228,1116842
3135394,70,1709617,839228,1116842
3135395,3,1710377,1710376,1117108
3135396,9,1710413,1710412,1117122
3135397,13,1710416,1710415,1117122
3135398,9,1710442,1710441,1117130
3135399,13,1710445,1710444,1117130
3135400,8,1710455,1710454,1117132
3135401,12,1710458,1710457,1117132
3135402,8,1710511,1710510,1117153
3135403,12,1710514,1710513,1117153
3135404,8,1710527,1710526,1117157
3135405,9,1710542,1710541,1117159
3135406,11,1710556,1710555,1117163
3135407,10,1710594,1710593,1117169
3135408,9,1710605,1710604,1117171
3135409,11,1710627,1710626,1117178
3135410,17,1710632,1710631,1117178
3135411,12,1710652,1710651,1117184
3135412,18,1710657,1710656,1117184
3135413,34,1710648,1710647,1117184
3135414,11,1710698,1710697,1117200
3135415,12,325717,1710701,1261418
3135416,8,1710733,1710732,1117204
3135417,7,1710756,1710755,1117207
3135418,8,1710769,1710768,1117211
3135419,7,1710795,1710793,1117217
3135420,14,1710816,1710815,1117243
3135421,11,1710825,1710824,1117245
3135422,12,1710866,1710865,1117251
3135423,13,1710888,1710887,1117259
3135424,11,1710895,1710894,1117255
3135425,14,1710906,1710905,1117262
3135426,13,1710965,1710962,1117281
3135427,12,1711020,1711019,1117290
3135428,6,1711715,1711714,1261470
3135429,10,1711784,1711783,1261474
3135430,21,1711787,1711786,1261474
3135431,29,1711870,326741,1117575
3135432,31,1711871,326741,1117575
3135433,33,1711872,326741,1117575
3135434,35,1711873,326741,1117575
3135435,40,1711867,326741,1117575
3135436,43,1711868,326741,1117575
3135437,47,1711898,326741,1117575
3135438,48,1711899,326741,1117575
3135439,50,1711900,326741,1117575
3135440,51,1711901,326741,1117575
3135441,53,1711902,326741,1117575
3135442,54,1711903,326741,1117575
3135443,85,1711881,326743,1117575
3135444,90,1711861,326743,1117575
3135445,95,1711863,326743,1117575
3135446,100,1711865,326743,1117575
3135447,106,326746,326741,1117575
3135448,107,326747,326741,1117575
3135449,110,326764,326741,1117575
3135450,111,326765,326741,1117575
3135451,115,326771,326741,1117575
3135452,116,326772,326741,1117575
3135453,117,326773,326741,1117575
3135454,120,326778,326741,1117575
3135455,121,326779,326741,1117575
3135456,122,326780,326741,1117575
3135457,146,326784,1711891,1117575
3135458,147,326785,1711891,1117575
3135459,148,1711858,1711891,1117575
3135460,149,1711857,1711891,1117575
3135461,151,1711860,1711891,1117575
3135462,152,1711859,1711891,1117575
3135463,29,326831,1711997,1117600
3135464,53,327118,840413,1117679
3135465,31,1712487,1712486,1117703
3135466,37,1712490,1712489,1117703
3135467,53,1712351,1712349,1117693
3135468,56,1712478,1712477,1117703
3135469,62,1712481,1712480,1117703
3135470,69,1712470,1712469,1117703
3135471,76,1712473,1712472,1117703
3135472,145,327180,1712382,1117693
3135473,148,327185,1712382,1117693
3135474,152,327187,1712380,1117693
3135475,155,327193,1712380,1117693
3135476,12,1712645,1712644,1117715
3135477,3,1712810,1712809,1117728
3135478,32,327511,1713284,1117812
3135479,14,327549,840651,1261538
3135480,109,327578,840695,1261538
3135481,162,327605,840730,1261538
3135482,12,1713394,840757,1261539
3135483,13,1713418,840763,1117826
3135484,17,1713422,840763,1117826
3135485,7,1713514,1713513,1117843
3135486,25,1713447,1713445,1117828
3135487,7,1713584,840844,1117855
3135488,35,1713450,1713445,1117828
3135489,7,1713602,1713601,1117857
3135490,7,1713614,840857,1117859
3135491,18,328085,1713963,1118019
3135492,202,1714058,841219,1261570
3135493,25,329052,329044,1118338
3135494,27,1715195,1715194,1118357
3135495,34,1715199,1715198,1118357
3135496,41,1715203,1715202,1118357
3135497,48,1715207,1715206,1118357
3135498,59,1715214,1715213,1118357
3135499,69,1715220,1715219,1118357
3135500,80,1715227,1715226,1118357
3135501,90,1715233,1715232,1118357
3135502,99,1715240,1715238,1118357
3135503,15,329719,1715833,1118540
3135504,28,330291,1716359,1261754
3135505,11,1716569,1716568,1118733
3135506,47,1716553,1716552,1118733
3135507,109,1716585,1716584,1118733
3135508,388,1716718,1716717,1118755
3135509,395,1716721,1716720,1118755
3135510,11,330994,1716971,1118808
3135511,14,1717156,842553,1118877
3135512,11,331194,1717165,1261797
3135513,20,331209,1717166,1261797
3135514,20,331358,1717270,1261811
3135515,5,1717357,1717355,1118918
3135516,8,1717805,842875,1261841
3135517,16,1717808,842875,1261841
3135518,29,1717955,331924,1261843
3135519,30,1717954,331926,1261843
3135520,36,331939,331924,1261843
3135521,42,331941,331926,1261843
3135522,61,331943,331924,1261843
3135523,70,331945,331926,1261843
3135524,13,1718070,1718067,1119165
3135525,14,1718239,1718238,1261873
3135526,14,1718256,1718255,1119338
3135527,14,332291,1718288,1261876
3135528,10,1718312,843082,1261878
3135529,14,1718329,1718328,1119375
3135530,18,1718331,1718330,1119375
3135531,5,1718361,1718356,1119384
3135532,14,1718357,1718368,1119384
3135533,20,1718358,1718368,1119384
3135534,7,1718389,1718387,1119411
3135535,83,332943,332883,1119640
3135536,125,1719096,333008,1119640
3135537,133,1719098,333008,1119640
3135538,164,1719124,1719082,1119640
3135539,240,1719132,1719128,1119640
3135540,245,1719062,1719061,1119640
3135541,263,1719031,333008,1119640
3135542,266,1719033,333008,1119640
3135543,270,1719036,333008,1119640
3135544,338,1719041,333008,1119640
3135545,341,1719043,333008,1119640
3135546,347,1719045,333008,1119640
3135547,392,1719591,1719589,1120024
3135548,490,1719609,1719608,1120024
3135549,11,1719970,1719968,1120371
3135550,17,1719973,1719971,1120371
3135551,23,1719976,1719974,1120371
3135552,29,1719979,1719977,1120371
3135553,35,1719982,1719980,1120371
3135554,41,1719985,1719983,1120371
3135555,47,1719988,1719986,1120371
3135556,53,1719991,1719989,1120371
3135557,59,1719994,1719992,1120371
3135558,65,1719997,1719995,1120371
3135559,71,1720000,1719998,1120371
3135560,77,1720003,1720001,1120371
3135561,84,1719933,1719931,1120371
3135562,90,1719936,1719934,1120371
3135563,96,1719939,1719937,1120371
3135564,102,1719942,1719940,1120371
3135565,108,1719945,1719943,1120371
3135566,114,1719948,1719946,1120371
3135567,120,1719951,1719949,1120371
3135568,126,1719954,1719952,1120371
3135569,132,1719958,1719955,1120371
3135570,138,1719961,1719959,1120371
3135571,144,1719964,1719962,1120371
3135572,150,1719967,1719965,1120371
3135573,166,1719927,1719921,1120371
3135574,168,1719924,1719923,1120371
3135575,171,1719928,1719927,1120371
3135576,25,334133,1720242,1262002
3135577,13,1720287,1720282,1120422
3135578,22,1720292,1720282,1120422
3135579,25,1720297,1720282,1120422
3135580,106,334178,1720340,1120414
3135581,14,334187,1720357,1120430
3135582,9,1720427,843601,1262017
3135583,29,1720455,843616,1262022
3135584,109,1720499,1720531,1120459
3135585,136,334307,1720531,1120459
3135586,6,1720658,334350,1262030
3135587,7,1720799,843716,1120529
3135588,104,334625,1721178,1262047
3135589,272,1720981,1720980,1262016
3135590,276,1720984,1720983,1262016
3135591,11,335160,1721531,1120645
3135592,631,335231,1720988,1262016
3135593,634,335234,1720988,1262016
3135594,637,335237,1720988,1262016
3135595,640,335240,1720988,1262016
3135596,643,335243,1720988,1262016
3135597,651,335255,1720988,1262016
3135598,654,335261,1720988,1262016
3135599,657,335269,1720988,1262016
3135600,660,335280,1720988,1262016
3135601,663,335285,1720988,1262016
3135602,666,335293,1720988,1262016
3135603,669,335303,1720988,1262016
3135604,677,335313,1720988,1262016
3135605,680,335316,1720988,1262016
3135606,683,335321,1720988,1262016
3135607,686,335324,1720988,1262016
3135608,689,335327,1720988,1262016
3135609,697,335345,1720988,1262016
3135610,700,335352,1720988,1262016
3135611,703,335357,1720988,1262016
3135612,706,335362,1720988,1262016
3135613,709,335367,1720988,1262016
3135614,712,335377,1720988,1262016
3135615,715,335383,1720988,1262016
3135616,718,335386,1720988,1262016
3135617,721,335397,1720988,1262016
3135618,724,335410,1720988,1262016
3135619,732,335419,1720988,1262016
3135620,735,335424,1720988,1262016
3135621,738,335437,1720988,1262016
3135622,741,335444,1720988,1262016
3135623,744,335453,1720988,1262016
3135624,747,335456,1720988,1262016
3135625,750,335471,1720988,1262016
3135626,753,335476,1720988,1262016
3135627,756,335479,1720988,1262016
3135628,759,335493,1720988,1262016
3135629,22,1721776,335528,1120707
3135630,767,335520,1720988,1262016
3135631,770,335535,1720988,1262016
3135632,773,335542,1720988,1262016
3135633,776,335550,1720988,1262016
3135634,784,335565,1720988,1262016
3135635,787,335573,1720988,1262016
3135636,790,335576,1720988,1262016
3135637,793,335583,1720988,1262016
3135638,796,335586,1720988,1262016
3135639,799,335591,1720988,1262016
3135640,807,335603,1720988,1262016
3135641,810,335606,1720988,1262016
3135642,813,335615,1720988,1262016
3135643,816,335620,1720988,1262016
3135644,824,335636,1720988,1262016
3135645,827,335639,1720988,1262016
3135646,835,335675,1720988,1262016
3135647,843,335690,1720988,1262016
3135648,846,335697,1720988,1262016
3135649,854,335741,1720988,1262016
3135650,857,335752,1720988,1262016
3135651,865,335775,1720988,1262016
3135652,868,335793,1720988,1262016
3135653,876,335820,1720988,1262016
3135654,879,335823,1720988,1262016
3135655,882,335832,1720988,1262016
3135656,890,335845,1720988,1262016
3135657,893,335851,1720988,1262016
3135658,901,335896,1720988,1262016
3135659,904,335904,1720988,1262016
3135660,912,335918,1720988,1262016
3135661,915,335927,1720988,1262016
3135662,923,335944,1720988,1262016
3135663,926,335951,1720988,1262016
3135664,929,335969,1720988,1262016
3135665,932,335976,1720988,1262016
3135666,940,335997,1720988,1262016
3135667,943,336005,1720988,1262016
3135668,946,336010,1720988,1262016
3135669,954,336044,1720988,1262016
3135670,957,336049,1720988,1262016
3135671,960,336054,1720988,1262016
3135672,971,336076,1720988,1262016
3135673,974,336081,1720988,1262016
3135674,977,336093,1720988,1262016
3135675,980,336096,1720988,1262016
3135676,983,336101,1720988,1262016
3135677,991,336113,1720988,1262016
3135678,994,336116,1720988,1262016
3135679,1005,336162,1720988,1262016
3135680,1008,336165,1720988,1262016
3135681,1011,336168,1720988,1262016
3135682,1019,336176,1720988,1262016
3135683,1022,336179,1720988,1262016
3135684,1030,336189,1720988,1262016
3135685,1033,336192,1720988,1262016
3135686,1041,336208,1720988,1262016
3135687,1052,336226,1720988,1262016
3135688,1063,336247,1720988,1262016
3135689,1066,336252,1720988,1262016
3135690,1077,336270,1720988,1262016
3135691,1080,336276,1720988,1262016
3135692,1083,336279,1720988,1262016
3135693,1091,336296,1720988,1262016
3135694,1094,336301,1720988,1262016
3135695,1102,336315,1720988,1262016
3135696,1105,336320,1720988,1262016
3135697,1113,336336,1720988,1262016
3135698,1116,336344,1720988,1262016
3135699,1124,336362,1720988,1262016
3135700,1127,336370,1720988,1262016
3135701,1130,336378,1720988,1262016
3135702,1133,336387,1720988,1262016
3135703,1136,336397,1720988,1262016
3135704,1139,336401,1720988,1262016
3135705,1142,336410,1720988,1262016
3135706,1145,336417,1720988,1262016
3135707,1153,336442,1720988,1262016
3135708,1156,336450,1720988,1262016
3135709,1167,336466,1720988,1262016
3135710,1170,336469,1720988,1262016
3135711,1173,336474,1720988,1262016
3135712,1181,336494,1720988,1262016
3135713,1184,336500,1720988,1262016
3135714,1187,336505,1720988,1262016
3135715,1204,336576,1720988,1262016
3135716,1207,336589,1720988,1262016
3135717,1210,336594,1720988,1262016
3135718,1218,336623,1720988,1262016
3135719,1221,336628,1720988,1262016
3135720,1229,336656,1720988,1262016
3135721,1232,336665,1720988,1262016
3135722,1240,336679,1720988,1262016
3135723,1243,336684,1720988,1262016
3135724,1246,336691,1720988,1262016
3135725,1254,336713,1720988,1262016
3135726,1257,336725,1720988,1262016
3135727,1260,336733,1720988,1262016
3135728,40,1722246,336788,1262125
3135729,43,1722261,336796,1262125
3135730,68,1722242,336794,1262125
3135731,71,1722244,336796,1262125
3135732,85,1722272,336788,1262125
3135733,86,1722273,336796,1262125
3135734,3,1722370,1722367,1120904
3135735,4,1722373,1722367,1120904
3135736,4,336894,1722413,1120916
3135737,5,336895,1722415,1120916
3135738,4,336902,1722427,1120923
3135739,5,336903,1722429,1120923
3135740,13,1722653,1722652,1121049
3135741,3,1723044,1723043,1121158
3135742,5,1723046,1723045,1121158
3135743,10,1723070,1723069,1121166
3135744,22,337528,1723067,1121166
3135745,23,1723096,1723095,1121177
3135746,35,337567,1723094,1121177
3135747,3,1723350,1723349,1121262
3135748,2,1723353,1723351,1121264
3135749,3,1723588,1723584,1121345
3135750,3,1723602,1723598,1121351
3135751,52,1723630,337982,1121360
3135752,5,1724130,1724129,1121489
3135753,23,338432,1724127,1121489
3135754,46,1724184,338561,1262234
3135755,47,1724170,338561,1262234
3135756,50,1724171,1724176,1262234
3135757,53,1724172,338561,1262234
3135758,59,1724174,338561,1262234
3135759,72,1724185,1724176,1262234
3135760,123,1724189,338561,1262234
3135761,124,1724161,1724176,1262234
3135762,45,1724336,845169,1121505
3135763,178,1724356,1724355,1121505
3135764,184,1724361,1724360,1121505
3135765,48,339035,845231,1121526
3135766,55,339046,845231,1121526
3135767,3,1724862,1724861,1121665
3135768,14,1724872,1724876,1121665
3135769,16,1724866,1724865,1121665
3135770,17,339387,1724872,1121665
3135771,20,1724869,1724867,1121665
3135772,9,1724951,1724950,1121698
3135773,13,1724953,1724952,1121698
3135774,9,1724970,1724969,1121705
3135775,13,1724972,1724971,1121705
3135776,4,1724989,1724987,1121707
3135777,8,1724993,1724991,1121707
3135778,2,1725004,1725003,1262281
3135779,7,1725012,1725009,1262281
3135780,6,339470,1725051,1262286
3135781,11,339479,1725052,1262286
3135782,7,1725095,1725094,1121742
3135783,8,339588,1725156,1121761
3135784,10,339589,1725157,1121761
3135785,12,339601,1725158,1121761
3135786,9,1725288,1725287,1121827
3135787,25,1725321,1725320,1121841
3135788,5,1725387,1725385,1121866
3135789,13,1725421,1725419,1121869
3135790,5,1725441,1725438,1121877
3135791,7,1725442,1725441,1121877
3135792,5,1725458,1725456,1121883
3135793,7,1725459,1725458,1121883
3135794,11,339770,1725517,1262324
3135795,24,1725565,1725564,1121922
3135796,28,339808,1725567,1121922
3135797,48,1725738,1725737,1121987
3135798,57,1725730,1725729,1121987
3135799,9,1725773,845623,1121997
3135800,12,1725777,845623,1121997
3135801,38,1725792,1725791,1121994
3135802,47,1725783,1725781,1121994
3135803,99,1725631,1725629,1262328
3135804,134,1725651,339848,1121918
3135805,136,1725615,339848,1121918
3135806,138,1725617,339848,1121918
3135807,140,1725618,339848,1121918
3135808,148,1725620,339848,1121918
3135809,151,1725625,339848,1121918
3135810,155,1725632,339848,1121918
3135811,160,339970,339848,1121918
3135812,16,1725827,1725826,1122002
3135813,21,1725831,1725830,1122002
3135814,9,1725847,340002,1122006
3135815,9,1725874,340030,1122019
3135816,11,1725883,1725882,1122024
3135817,9,1725888,340054,1122026
3135818,17,1725914,1725913,1122031
3135819,17,1725933,1725932,1122041
3135820,5,340079,1725949,1122047
3135821,11,1726022,1726021,1262343
3135822,23,340106,1726032,1262343
3135823,39,1726011,1726010,1262343
3135824,5,1726152,1726060,1122060
3135825,38,1726141,1726060,1122060
3135826,44,1726135,1726062,1122060
3135827,49,1726118,1726062,1122060
3135828,53,1726124,1726062,1122060
3135829,51,340130,1726014,1262343
3135830,59,1726108,1726062,1122060
3135831,63,1726110,1726062,1122060
3135832,67,1726112,1726062,1122060
3135833,73,1726096,1726062,1122060
3135834,77,1726098,1726062,1122060
3135835,82,1726102,1726062,1122060
3135836,86,1726104,1726062,1122060
3135837,92,1726082,1726062,1122060
3135838,96,1726084,1726062,1122060
3135839,100,1726086,1726062,1122060
3135840,105,1726090,1726062,1122060
3135841,109,1726092,1726062,1122060
3135842,115,1726064,1726062,1122060
3135843,119,1726066,1726062,1122060
3135844,124,1726070,1726062,1122060
3135845,128,1726072,1726062,1122060
3135846,68,1726005,1726003,1262343
3135847,133,1726076,1726062,1122060
3135848,137,1726078,1726062,1122060
3135849,79,340163,1726008,1262343
3135850,11,340182,1726259,1262347
3135851,113,1725997,1725995,1262343
3135852,15,1726368,1726365,1262349
3135853,17,1726367,1726366,1262349
3135854,31,1726373,1726372,1262349
3135855,7,1726429,1726426,1122097
3135856,12,1726577,1726575,1122111
3135857,33,1726565,1726564,1262354
3135858,4,340409,1726589,1122113
3135859,8,1726605,1726604,1122113
3135860,17,1726602,1726601,1122113
3135861,26,1726597,1726596,1122113
3135862,29,1726599,1726598,1122113
3135863,25,1726639,1726638,1262355
3135864,28,1726641,1726640,1262355
3135865,57,1726630,1726629,1262355
3135866,20,1726789,1726776,1122123
3135867,24,1726786,1726785,1122123
3135868,10,1726802,1726801,1122135
3135869,17,1726839,1726834,1262358
3135870,66,1726829,1726828,1262358
3135871,21,1726949,1726948,1122141
3135872,28,1727014,1727001,1122153
3135873,11,340719,1727062,1122187
3135874,100,1727167,340765,1122196
3135875,59,1727520,340883,1122282
3135876,4,341193,1727930,1122366
3135877,58,1728647,1728646,1262414
3135878,64,341459,1728648,1262414
3135879,68,341461,1728649,1262414
3135880,90,1728637,846133,1262414
3135881,99,341476,1728643,1262414
3135882,103,341481,1728645,1262414
3135883,108,1728639,1728638,1262414
3135884,114,341488,1728640,1262414
3135885,118,341493,1728641,1262414
3135886,252,1728290,1728289,1122339
3135887,263,1728286,1728285,1122339
3135888,50,1728815,1728814,1262419
3135889,55,1728819,1728818,1262419
3135890,104,1728802,1728800,1262419
3135891,113,1728806,1728805,1262419
3135892,120,1728810,1728809,1262419
3135893,32,1729042,1729041,1122463
3135894,47,1729065,1729062,1122467
3135895,3,1729121,1729120,1122478
3135896,8,342532,1729151,1122480
3135897,13,1729154,1729153,1122480
3135898,6,1729240,1729237,1122482
3135899,4,342558,1729244,1122484
3135900,10,1729247,1729246,1122484
3135901,18,1729271,1729270,1122486
3135902,73,1729265,1729264,1122486
3135903,31,1729535,1729534,1122502
3135904,95,1729540,1729539,1122502
3135905,24,343342,1729778,1122571
3135906,364,1729531,1729529,1122502
3135907,24,1730209,1730208,1122685
3135908,46,1730202,1730199,1122685
3135909,48,1730201,1730200,1122685
3135910,11,1730325,846911,1122703
3135911,180,343787,1730195,1122685
3135912,184,343792,1730196,1122685
3135913,205,1730153,1730152,1122685
3135914,11,1730371,846956,1122719
3135915,268,1730188,1730187,1122685
3135916,10,1730391,846977,1262472
3135917,296,1730179,1730178,1122685
3135918,363,1730164,1730163,1122685
3135919,366,343953,1730165,1122685
3135920,33,1730483,343959,1122729
3135921,37,1730485,1730481,1122729
3135922,33,1730512,847044,1122727
3135923,9,1730521,1730518,1122735
3135924,157,1730640,1730639,1262486
3135925,159,1730642,1730641,1262486
3135926,177,1730607,1730606,1262486
3135927,199,344239,1730610,1262486
3135928,7,1730768,1730766,1122953
3135929,21,1730853,344286,1122964
3135930,26,1730833,1730832,1122964
3135931,50,1730839,1730838,1122964
3135932,75,1730842,1730830,1122964
3135933,12,1730994,1730993,1123050
3135934,7,1731037,1731036,1123066
3135935,6,1731079,1731077,1123087
3135936,9,1731080,1731076,1123087
3135937,15,1731117,1731112,1123108
3135938,18,1731118,1731111,1123108
3135939,9,1731134,1731133,1262509
3135940,11,1731136,1731135,1262509
3135941,3,1731166,1731165,1123127
3135942,18,1731176,1731175,1123127
3135943,9,1731222,1731221,1123140
3135944,9,1731237,1731236,1123145
3135945,15,1731289,1731286,1123159
3135946,6,1731307,1731306,1123162
3135947,13,1731312,1731311,1123162
3135948,40,1731362,1731359,1262515
3135949,42,1731361,1731360,1262515
3135950,57,1731353,1731352,1262515
3135951,70,1731357,1731356,1262515
3135952,11,1731448,1731444,1123194
3135953,13,1731447,1731445,1123194
3135954,5,1731467,1731464,1123205
3135955,3,1731485,1731484,1123208
3135956,17,1731620,1731619,1262524
3135957,158,1731589,847409,1262522
3135958,205,1731594,1731566,1262522
3135959,207,1731568,1731567,1262522
3135960,65,1731651,1731650,1262523
3135961,71,1731655,1731654,1262523
3135962,77,1731659,1731658,1262523
3135963,107,344978,1731633,1262523
3135964,51,1731974,1731973,1262555
3135965,61,1731979,1731978,1262555
3135966,71,1731984,1731983,1262555
3135967,28,1732274,345500,1123353
3135968,30,1732345,345573,1123382
3135969,39,345625,1732424,1262589
3135970,64,345627,1732434,1262589
3135971,35,1732461,345682,1123413
3135972,14,1732591,1732590,1262596
3135973,35,346210,1733082,1123562
3135974,37,1733097,1733082,1123562
3135975,43,346216,1733082,1123562
3135976,48,346220,1733082,1123562
3135977,77,346243,1733082,1123562
3135978,79,1733096,1733082,1123562
3135979,85,346249,1733082,1123562
3135980,90,346252,1733082,1123562
3135981,21,1733323,1733322,1123633
3135982,61,1733413,1733420,1123639
3135983,101,1733456,1733420,1123639
3135984,106,1733457,1733420,1123639
3135985,295,346643,346628,1123639
3135986,158,1733689,1733708,1123679
3135987,19,1733794,848279,1262694
3135988,18,1733892,1733847,1123730
3135989,59,1733866,1733847,1123730
3135990,73,1733869,1733847,1123730
3135991,76,1733871,1733847,1123730
3135992,77,1733872,1733871,1123730
3135993,32,1734019,848345,1123756
3135994,39,1734022,848345,1123756
3135995,42,1734024,848345,1123756
3135996,43,1734026,1734024,1123756
3135997,44,1734025,1734042,1123756
3135998,93,1734016,1734059,1123756
3135999,8,1734088,848361,1123770
3136000,23,347325,1734287,1123830
3136001,23,347371,1734313,1123840
3136002,16,347402,1734394,1123864
3136003,64,1734691,1734705,1123922
3136004,66,1734692,1734705,1123922
3136005,68,1734693,1734705,1123922
3136006,70,1734694,1734705,1123922
3136007,72,1734695,1734705,1123922
3136008,74,1734696,1734705,1123922
3136009,76,1734697,1734705,1123922
3136010,7,1734892,1734889,1123981
3136011,11,1734893,1734889,1123981
3136012,238,1734735,848729,1123929
3136013,249,1734729,848723,1123929
3136014,252,1734731,848723,1123929
3136015,255,1734733,848723,1123929
3136016,264,1734734,848723,1123929
3136017,22,1734979,1734972,1123996
3136018,27,1734982,1734972,1123996
3136019,38,1734973,1734972,1123996
3136020,36,348176,1735221,1124068
3136021,37,1735198,348160,1124062
3136022,40,1735200,348173,1124062
3136023,42,348188,348161,1124062
3136024,43,348190,348174,1124062
3136025,9,1735985,1735983,1124295
3136026,7,349252,1736119,1124326
3136027,16,1736227,349352,1124336
3136028,56,1736218,349352,1124336
3136029,75,349370,349352,1124336
3136030,90,1736216,349352,1124336
3136031,82,1736185,1736184,1124331
3136032,84,1736191,1736184,1124331
3136033,34,1736372,1736340,1262845
3136034,71,1736378,1736321,1262845
3136035,86,1736323,1736338,1262845
3136036,121,1736331,1736330,1262845
3136037,146,1736334,1736333,1262845
3136038,7,1736486,1736485,1262851
3136039,3,1736504,1736503,1124389
3136040,51,1736430,349637,1124377
3136041,54,1736436,349637,1124377
3136042,57,1736437,349637,1124377
3136043,87,1736434,349637,1124377
3136044,90,1736435,849569,1124377
3136045,9,349656,1736590,1124400
3136046,12,1736594,1736593,1124400
3136047,11,349784,1736681,1124404
3136048,14,349791,1736684,1124404
3136049,17,1736691,1736690,1124404
3136050,11,349858,1736763,1124424
3136051,13,349868,1736764,1124424
3136052,15,1736766,1736765,1124424
3136053,23,1736966,1736956,1124470
3136054,31,350218,1736956,1124470
3136055,37,1736957,1736956,1124470
3136056,67,350254,1736956,1124470
3136057,24,350613,1737207,1124540
3136058,34,1737215,350614,1124540
3136059,19,1737286,350698,1124549
3136060,27,1737281,1737280,1124549
3136061,33,1737282,1737278,1124549
3136062,36,350784,1737342,1124566
3136063,46,1737359,350785,1124566
3136064,24,1737458,350920,1124609
3136065,32,350953,350920,1124609
3136066,38,1737454,350920,1124609
3136067,3,1737482,1737481,1124626
3136068,23,1737503,1737502,1262926
3136069,19,1737539,1737534,1124638
3136070,55,1737544,1737528,1124638
3136071,8,351257,1737675,1124685
3136072,24,351261,1737672,1124685
3136073,9,1737798,1737797,1124714
3136074,27,1737796,1737795,1124714
3136075,27,1737831,1737830,1124722
3136076,8,1737904,1737903,1124727
3136077,9,1737905,1737904,1124727
3136078,3,1737936,1737935,1124737
3136079,8,1737938,1737937,1124737
3136080,3,1737950,1737949,1124742
3136081,8,1737952,1737951,1124742
3136082,3,1737976,1737975,1124746
3136083,8,1737978,1737977,1124746
3136084,3,1737984,1737983,1124748
3136085,8,1737986,1737985,1124748
3136086,8,1738055,1738038,1124750
3136087,29,351940,1738212,1262973
3136088,35,1738208,1738207,1262973
3136089,39,1738211,1738210,1262973
3136090,5,1738239,1738238,1262984
3136091,20,1738940,850643,1124937
3136092,28,1738941,850643,1124937
3136093,46,352705,1739022,1124950
3136094,34,1739066,850710,1124968
3136095,38,352877,850710,1124968
3136096,40,1739067,850710,1124968
3136097,42,1739068,850710,1124968
3136098,48,1739069,850710,1124968
3136099,50,1739070,850710,1124968
3136100,51,1739071,850710,1124968
3136101,26,352909,352913,1263049
3136102,35,1739255,1739235,1125043
3136103,146,1739262,1739267,1125043
3136104,24,1739569,850882,1263067
3136105,33,1739572,850882,1263067
3136106,16,1739792,850983,1263076
3136107,6,1739869,1739862,1125108
3136108,12,1739873,1739862,1125108
3136109,18,1739880,1739862,1125108
3136110,24,1739885,1739862,1125108
3136111,10,1739979,1739972,1125112
3136112,30,1739892,1739862,1125108
3136113,36,1739896,1739862,1125108
3136114,42,1739902,1739862,1125108
3136115,48,1739906,1739862,1125108
3136116,54,1739912,1739862,1125108
3136117,60,1739916,1739862,1125108
3136118,66,1739922,1739862,1125108
3136119,72,1739927,1739862,1125108
3136120,78,1739933,1739862,1125108
3136121,84,1739938,1739862,1125108
3136122,90,1739944,1739862,1125108
3136123,96,1739948,1739862,1125108
3136124,102,1739954,1739862,1125108
3136125,108,1739958,1739862,1125108
3136126,114,1739964,1739862,1125108
3136127,120,1739968,1739862,1125108
3136128,2,1739993,1739992,1125116
3136129,4,1739996,1739992,1125116
3136130,9,1739998,1739992,1125116
3136131,13,1740000,1739992,1125116
3136132,17,1740002,1739992,1125116
3136133,21,1740005,1739992,1125116
3136134,25,1740007,1739992,1125116
3136135,29,1740009,1739992,1125116
3136136,33,1740011,1739992,1125116
3136137,37,1740013,1739992,1125116
3136138,41,1740016,1739992,1125116
3136139,45,1740018,1739992,1125116
3136140,28,1740463,1740462,1125260
3136141,35,1740467,1740466,1125260
3136142,9,354220,1740582,1125305
3136143,10,354307,1740702,1125359
3136144,20,1741488,354540,1125476
3136145,12,1741724,1741723,1263187
3136146,34,1743469,355437,1125896
3136147,67,1743442,355437,1125896
3136148,87,1743531,355437,1125896
3136149,121,1743534,355437,1125896
3136150,123,1743446,355437,1125896
3136151,17,355467,1743714,1125935
3136152,13,355537,1743829,1125961
3136153,34,355582,851616,1125968
3136154,37,1743875,851616,1125968
3136155,27,355612,1743918,1125982
3136156,5,1743968,1743967,1125998
3136157,12,1743981,1743980,1126000
3136158,5,1743993,1743992,1126007
3136159,5,1744007,1744006,1126011
3136160,14,1744031,1744030,1263294
3136161,19,1744034,1744033,1263294
3136162,15,1744061,851726,1263298
3136163,8,1744374,1744372,1126122
3136164,14,1744446,1744410,1126139
3136165,20,1744508,356156,1126150
3136166,24,1744511,356156,1126150
3136167,28,1744514,356156,1126150
3136168,38,1744579,1744542,1126157
3136169,50,1744566,1744540,1126157
3136170,71,1744589,1744542,1126157
3136171,82,1744552,1744540,1126157
3136172,86,1744554,1744540,1126157
3136173,15,356196,1744658,1126175
3136174,38,1744659,1744616,1126166
3136175,54,1744642,1744614,1126166
3136176,75,1744674,1744616,1126166
3136177,90,1744627,1744614,1126166
3136178,94,1744629,1744614,1126166
3136179,24,1744701,1744700,1126187
3136180,2,1744813,1744812,1263359
3136181,2,1744817,1744816,1263360
3136182,6,356311,1744864,1263367
3136183,11,356321,1744865,1263367
3136184,24,356337,1744868,1263367
3136185,30,356351,1744870,1263367
3136186,36,1745831,1745819,1126239
3136187,54,1745807,1745795,1126239
3136188,74,1745778,1745763,1126239
3136189,108,1745751,1745750,1126239
3136190,4,1744916,1744913,1125947
3136191,140,1745312,1745308,1126234
3136192,5,1744915,1744914,1125947
3136193,142,356518,1745310,1126234
3136194,7,1744918,1744913,1125947
3136195,8,1744917,1744914,1125947
3136196,10,1744920,1744913,1125947
3136197,11,1744919,1744914,1125947
3136198,14,1744924,1744913,1125947
3136199,15,1744923,1744914,1125947
3136200,17,1744926,1744913,1125947
3136201,18,1744925,1744914,1125947
3136202,21,1744930,1744913,1125947
3136203,22,1744929,1744914,1125947
3136204,25,1744934,1744913,1125947
3136205,26,1744933,1744914,1125947
3136206,28,1744936,1744913,1125947
3136207,29,1744935,1744914,1125947
3136208,155,1745503,1745282,1126234
3136209,158,1745286,1745284,1126234
3136210,32,1744940,1744913,1125947
3136211,33,1744939,1744914,1125947
3136212,36,1744945,1744913,1125947
3136213,37,1744944,1744914,1125947
3136214,164,1745504,1745293,1126234
3136215,40,1744949,1744913,1125947
3136216,41,1744948,1744914,1125947
3136217,169,1745298,1745297,1126234
3136218,43,1744951,1744913,1125947
3136219,44,1744950,1744914,1125947
3136220,47,1744955,1744913,1125947
3136221,48,1744954,1744914,1125947
3136222,51,1744959,1744913,1125947
3136223,52,1744958,1744914,1125947
3136224,55,1744963,1744913,1125947
3136225,56,1744962,1744914,1125947
3136226,59,1744967,1744913,1125947
3136227,60,1744966,1744914,1125947
3136228,62,1744969,1744913,1125947
3136229,63,1744968,1744914,1125947
3136230,66,1744973,1744913,1125947
3136231,67,1744972,1744914,1125947
3136232,70,1744977,1744913,1125947
3136233,71,1744976,1744914,1125947
3136234,74,1744981,1744913,1125947
3136235,75,1744980,1744914,1125947
3136236,78,1744985,1744913,1125947
3136237,79,1744984,1744914,1125947
3136238,82,1744989,1744913,1125947
3136239,83,1744988,1744914,1125947
3136240,85,1744991,1744913,1125947
3136241,86,1744990,1744914,1125947
3136242,89,1744995,1744913,1125947
3136243,90,1744994,1744914,1125947
3136244,93,1744999,1744913,1125947
3136245,94,1744998,1744914,1125947
3136246,97,1745003,1744913,1125947
3136247,98,1745002,1744914,1125947
3136248,101,1745007,1744913,1125947
3136249,102,1745006,1744914,1125947
3136250,105,1745011,1744913,1125947
3136251,106,1745010,1744914,1125947
3136252,109,1745015,1744913,1125947
3136253,110,1745014,1744914,1125947
3136254,112,1745017,1744913,1125947
3136255,113,1745016,1744914,1125947
3136256,116,1745021,1744913,1125947
3136257,117,1745020,1744914,1125947
3136258,120,1745025,1744913,1125947
3136259,121,1745024,1744914,1125947
3136260,124,1745029,1744913,1125947
3136261,125,1745028,1744914,1125947
3136262,128,1745033,1744913,1125947
3136263,129,1745032,1744914,1125947
3136264,132,1745037,1744913,1125947
3136265,133,1745036,1744914,1125947
3136266,136,1745041,1744913,1125947
3136267,137,1745040,1744914,1125947
3136268,140,1745045,1744913,1125947
3136269,141,1745044,1744914,1125947
3136270,143,1745047,1744913,1125947
3136271,144,1745046,1744914,1125947
3136272,147,1745051,1744913,1125947
3136273,148,1745050,1744914,1125947
3136274,151,1745055,1744913,1125947
3136275,152,1745054,1744914,1125947
3136276,155,1745059,1744913,1125947
3136277,156,1745058,1744914,1125947
3136278,159,1745063,1744913,1125947
3136279,160,1745062,1744914,1125947
3136280,163,1745067,1744913,1125947
3136281,164,1745066,1744914,1125947
3136282,167,1745071,1744913,1125947
3136283,168,1745070,1744914,1125947
3136284,171,1745075,1744913,1125947
3136285,172,1745074,1744914,1125947
3136286,175,1745079,1744913,1125947
3136287,176,1745078,1744914,1125947
3136288,178,1745081,1744913,1125947
3136289,179,1745080,1744914,1125947
3136290,182,1745085,1744913,1125947
3136291,183,1745084,1744914,1125947
3136292,186,1745089,1744913,1125947
3136293,187,1745088,1744914,1125947
3136294,190,1745093,1744913,1125947
3136295,191,1745092,1744914,1125947
3136296,194,1745097,1744913,1125947
3136297,195,1745096,1744914,1125947
3136298,198,1745101,1744913,1125947
3136299,199,1745100,1744914,1125947
3136300,202,1745105,1744913,1125947
3136301,203,1745104,1744914,1125947
3136302,206,1745109,1744913,1125947
3136303,207,1745108,1744914,1125947
3136304,210,1745113,1744913,1125947
3136305,211,1745112,1744914,1125947
3136306,214,1745117,1744913,1125947
3136307,215,1745116,1744914,1125947
3136308,217,1745119,1744913,1125947
3136309,218,1745118,1744914,1125947
3136310,221,1745123,1744913,1125947
3136311,222,1745122,1744914,1125947
3136312,225,1745127,1744913,1125947
3136313,226,1745126,1744914,1125947
3136314,229,1745131,1744913,1125947
3136315,230,1745130,1744914,1125947
3136316,233,1745135,1744913,1125947
3136317,234,1745134,1744914,1125947
3136318,237,1745139,1744913,1125947
3136319,238,1745138,1744914,1125947
3136320,241,1745143,1744913,1125947
3136321,242,1745142,1744914,1125947
3136322,245,1745148,1744913,1125947
3136323,246,1745146,1744914,1125947
3136324,249,1745152,1744913,1125947
3136325,250,1745151,1744914,1125947
3136326,253,1745157,1744913,1125947
3136327,254,1745155,1744914,1125947
3136328,257,1745161,1744913,1125947
3136329,258,1745160,1744914,1125947
3136330,260,1745163,1744913,1125947
3136331,261,1745162,1744914,1125947
3136332,264,1745167,1744913,1125947
3136333,265,1745166,1744914,1125947
3136334,268,1745171,1744913,1125947
3136335,269,1745170,1744914,1125947
3136336,272,1745175,1744913,1125947
3136337,273,1745174,1744914,1125947
3136338,276,1745179,1744913,1125947
3136339,277,1745178,1744914,1125947
3136340,280,1745183,1744913,1125947
3136341,281,1745182,1744914,1125947
3136342,284,1745187,1744913,1125947
3136343,285,1745186,1744914,1125947
3136344,288,1745192,1744913,1125947
3136345,289,1745191,1744914,1125947
3136346,292,1745196,1744913,1125947
3136347,293,1745195,1744914,1125947
3136348,296,1745200,1744913,1125947
3136349,297,1745199,1744914,1125947
3136350,300,1745204,1744913,1125947
3136351,301,1745203,1744914,1125947
3136352,304,1745208,1744913,1125947
3136353,305,1745207,1744914,1125947
3136354,307,1745210,1744913,1125947
3136355,308,1745209,1744914,1125947
3136356,311,1745214,1744913,1125947
3136357,312,1745213,1744914,1125947
3136358,315,1745218,1744913,1125947
3136359,316,1745217,1744914,1125947
3136360,319,1745226,1744913,1125947
3136361,320,1745225,1744914,1125947
3136362,323,1745231,1744913,1125947
3136363,324,1745230,1744914,1125947
3136364,327,1745235,1744913,1125947
3136365,328,1745234,1744914,1125947
3136366,331,1745239,1744913,1125947
3136367,332,1745238,1744914,1125947
3136368,335,1745243,1744913,1125947
3136369,336,1745242,1744914,1125947
3136370,339,1745247,1744913,1125947
3136371,340,1745246,1744914,1125947
3136372,343,1745251,1744913,1125947
3136373,344,1745250,1744914,1125947
3136374,347,1745255,1744913,1125947
3136375,348,1745254,1744914,1125947
3136376,351,1745259,1744913,1125947
3136377,352,1745258,1744914,1125947
3136378,355,1745263,1744913,1125947
3136379,356,1745262,1744914,1125947
3136380,358,1745266,1744913,1125947
3136381,359,1745265,1744914,1125947
3136382,362,1745270,1744913,1125947
3136383,363,1745269,1744914,1125947
3136384,366,1745274,1744913,1125947
3136385,367,1745273,1744914,1125947
3136386,370,1745279,1744913,1125947
3136387,371,1745278,1744914,1125947
3136388,374,1745287,1744913,1125947
3136389,375,1745285,1744914,1125947
3136390,378,1745296,1744913,1125947
3136391,379,1745295,1744914,1125947
3136392,382,1745305,1744913,1125947
3136393,383,1745304,1744914,1125947
3136394,386,1745313,1744913,1125947
3136395,387,1745311,1744914,1125947
3136396,390,1745318,1744913,1125947
3136397,391,1745317,1744914,1125947
3136398,394,1745322,1744913,1125947
3136399,395,1745321,1744914,1125947
3136400,398,1745326,1744913,1125947
3136401,399,1745325,1744914,1125947
3136402,402,1745330,1744913,1125947
3136403,403,1745329,1744914,1125947
3136404,406,1745334,1744913,1125947
3136405,407,1745333,1744914,1125947
3136406,410,1745339,1744913,1125947
3136407,411,1745338,1744914,1125947
3136408,413,1745341,1744913,1125947
3136409,414,1745340,1744914,1125947
3136410,417,1745345,1744913,1125947
3136411,418,1745344,1744914,1125947
3136412,421,1745349,1744913,1125947
3136413,422,1745348,1744914,1125947
3136414,425,1745353,1744913,1125947
3136415,426,1745352,1744914,1125947
3136416,429,1745358,1744913,1125947
3136417,430,1745357,1744914,1125947
3136418,433,1745362,1744913,1125947
3136419,434,1745361,1744914,1125947
3136420,437,1745366,1744913,1125947
3136421,438,1745365,1744914,1125947
3136422,441,1745370,1744913,1125947
3136423,442,1745369,1744914,1125947
3136424,445,1745374,1744913,1125947
3136425,446,1745373,1744914,1125947
3136426,449,1745378,1744913,1125947
3136427,450,1745377,1744914,1125947
3136428,453,1745382,1744913,1125947
3136429,454,1745381,1744914,1125947
3136430,457,1745386,1744913,1125947
3136431,458,1745385,1744914,1125947
3136432,461,1745390,1744913,1125947
3136433,462,1745389,1744914,1125947
3136434,465,1745394,1744913,1125947
3136435,466,1745393,1744914,1125947
3136436,469,1745398,1744913,1125947
3136437,470,1745397,1744914,1125947
3136438,472,1745401,1744913,1125947
3136439,473,1745399,1744914,1125947
3136440,476,1745407,1744913,1125947
3136441,477,1745405,1744914,1125947
3136442,480,1745415,1744913,1125947
3136443,481,1745413,1744914,1125947
3136444,484,1745423,1744913,1125947
3136445,485,1745422,1744914,1125947
3136446,488,1745427,1744913,1125947
3136447,489,1745426,1744914,1125947
3136448,492,1745432,1744913,1125947
3136449,493,1745430,1744914,1125947
3136450,496,1745443,1744913,1125947
3136451,497,1745440,1744914,1125947
3136452,500,1745452,1744913,1125947
3136453,501,1745449,1744914,1125947
3136454,504,1745459,1744913,1125947
3136455,505,1745457,1744914,1125947
3136456,508,1745465,1744913,1125947
3136457,509,1745463,1744914,1125947
3136458,512,1745471,1744913,1125947
3136459,513,1745470,1744914,1125947
3136460,516,1745476,1744913,1125947
3136461,517,1745474,1744914,1125947
3136462,520,1745481,1744913,1125947
3136463,521,1745480,1744914,1125947
3136464,524,1745487,1744913,1125947
3136465,525,1745486,1744914,1125947
3136466,528,1745497,1744913,1125947
3136467,529,1745494,1744914,1125947
3136468,532,1745507,1744913,1125947
3136469,533,1745506,1744914,1125947
3136470,535,1745510,1744913,1125947
3136471,536,1745509,1744914,1125947
3136472,539,1745514,1744913,1125947
3136473,540,1745513,1744914,1125947
3136474,543,1745519,1744913,1125947
3136475,544,1745518,1744914,1125947
3136476,547,1745523,1744913,1125947
3136477,548,1745522,1744914,1125947
3136478,551,1745528,1744913,1125947
3136479,552,1745527,1744914,1125947
3136480,555,1745533,1744913,1125947
3136481,556,1745532,1744914,1125947
3136482,559,1745537,1744913,1125947
3136483,560,1745536,1744914,1125947
3136484,563,1745541,1744913,1125947
3136485,564,1745540,1744914,1125947
3136486,567,1745546,1744913,1125947
3136487,568,1745545,1744914,1125947
3136488,571,1745550,1744913,1125947
3136489,572,1745549,1744914,1125947
3136490,575,1745554,1744913,1125947
3136491,576,1745553,1744914,1125947
3136492,579,1745558,1744913,1125947
3136493,580,1745557,1744914,1125947
3136494,583,1745562,1744913,1125947
3136495,584,1745561,1744914,1125947
3136496,587,1745567,1744913,1125947
3136497,588,1745566,1744914,1125947
3136498,591,1745571,1744913,1125947
3136499,592,1745570,1744914,1125947
3136500,595,1745575,1744913,1125947
3136501,596,1745574,1744914,1125947
3136502,599,1745579,1744913,1125947
3136503,600,1745578,1744914,1125947
3136504,602,1745581,1744913,1125947
3136505,603,1745580,1744914,1125947
3136506,606,1745585,1744913,1125947
3136507,607,1745584,1744914,1125947
3136508,610,1745589,1744913,1125947
3136509,611,1745588,1744914,1125947
3136510,614,1745593,1744913,1125947
3136511,615,1745592,1744914,1125947
3136512,618,1745597,1744913,1125947
3136513,619,1745596,1744914,1125947
3136514,622,1745601,1744913,1125947
3136515,623,1745600,1744914,1125947
3136516,626,1745605,1744913,1125947
3136517,627,1745604,1744914,1125947
3136518,630,1745609,1744913,1125947
3136519,631,1745608,1744914,1125947
3136520,634,1745613,1744913,1125947
3136521,635,1745612,1744914,1125947
3136522,638,1745617,1744913,1125947
3136523,639,1745616,1744914,1125947
3136524,642,1745621,1744913,1125947
3136525,643,1745620,1744914,1125947
3136526,646,1745625,1744913,1125947
3136527,647,1745624,1744914,1125947
3136528,650,1745629,1744913,1125947
3136529,651,1745628,1744914,1125947
3136530,654,1745633,1744913,1125947
3136531,655,1745632,1744914,1125947
3136532,658,1745637,1744913,1125947
3136533,659,1745636,1744914,1125947
3136534,662,1745641,1744913,1125947
3136535,663,1745640,1744914,1125947
3136536,666,1745645,1744913,1125947
3136537,667,1745644,1744914,1125947
3136538,670,1745649,1744913,1125947
3136539,671,1745648,1744914,1125947
3136540,673,1745651,1744913,1125947
3136541,674,1745650,1744914,1125947
3136542,677,1745655,1744913,1125947
3136543,678,1745654,1744914,1125947
3136544,681,1745659,1744913,1125947
3136545,682,1745658,1744914,1125947
3136546,685,1745663,1744913,1125947
3136547,686,1745662,1744914,1125947
3136548,689,1745667,1744913,1125947
3136549,690,1745666,1744914,1125947
3136550,693,1745671,1744913,1125947
3136551,694,1745670,1744914,1125947
3136552,697,1745675,1744913,1125947
3136553,698,1745674,1744914,1125947
3136554,701,1745679,1744913,1125947
3136555,702,1745678,1744914,1125947
3136556,705,1745683,1744913,1125947
3136557,706,1745682,1744914,1125947
3136558,709,1745687,1744913,1125947
3136559,710,1745686,1744914,1125947
3136560,713,1745691,1744913,1125947
3136561,714,1745690,1744914,1125947
3136562,717,1745695,1744913,1125947
3136563,718,1745694,1744914,1125947
3136564,721,1745699,1744913,1125947
3136565,722,1745698,1744914,1125947
3136566,725,1745703,1744913,1125947
3136567,726,1745702,1744914,1125947
3136568,729,1745707,1744913,1125947
3136569,730,1745706,1744914,1125947
3136570,733,1745711,1744913,1125947
3136571,734,1745710,1744914,1125947
3136572,737,1745715,1744913,1125947
3136573,738,1745714,1744914,1125947
3136574,741,1745719,1744913,1125947
3136575,742,1745718,1744914,1125947
3136576,745,1745723,1744913,1125947
3136577,746,1745722,1744914,1125947
3136578,748,1745725,1744913,1125947
3136579,749,1745724,1744914,1125947
3136580,752,1745729,1744913,1125947
3136581,753,1745728,1744914,1125947
3136582,756,1745733,1744913,1125947
3136583,757,1745732,1744914,1125947
3136584,760,1745737,1744913,1125947
3136585,761,1745736,1744914,1125947
3136586,764,1745762,1744913,1125947
3136587,765,1745760,1744914,1125947
3136588,768,1745770,1744913,1125947
3136589,769,1745768,1744914,1125947
3136590,772,1745779,1744913,1125947
3136591,773,1745777,1744914,1125947
3136592,776,1745791,1744913,1125947
3136593,777,1745788,1744914,1125947
3136594,780,1745799,1744913,1125947
3136595,781,1745796,1744914,1125947
3136596,784,1745808,1744913,1125947
3136597,785,1745806,1744914,1125947
3136598,788,1745816,1744913,1125947
3136599,789,1745814,1744914,1125947
3136600,792,1745825,1744913,1125947
3136601,793,1745822,1744914,1125947
3136602,796,1745834,1744913,1125947
3136603,797,1745832,1744914,1125947
3136604,800,1745841,1744913,1125947
3136605,801,1745840,1744914,1125947
3136606,804,1745845,1744913,1125947
3136607,805,1745844,1744914,1125947
3136608,808,1745850,1744913,1125947
3136609,809,1745849,1744914,1125947
3136610,812,1745854,1744913,1125947
3136611,813,1745853,1744914,1125947
3136612,816,1745859,1744913,1125947
3136613,817,1745858,1744914,1125947
3136614,819,1745862,1744913,1125947
3136615,820,1745860,1744914,1125947
3136616,823,1745870,1744913,1125947
3136617,824,1745868,1744914,1125947
3136618,827,1745877,1744913,1125947
3136619,828,1745875,1744914,1125947
3136620,831,1745885,1744913,1125947
3136621,832,1745883,1744914,1125947
3136622,835,1745892,1744913,1125947
3136623,836,1745890,1744914,1125947
3136624,839,1745900,1744913,1125947
3136625,840,1745898,1744914,1125947
3136626,843,1745904,1744913,1125947
3136627,844,1745903,1744914,1125947
3136628,847,1745908,1744913,1125947
3136629,848,1745907,1744914,1125947
3136630,851,1745912,1744913,1125947
3136631,852,1745911,1744914,1125947
3136632,855,1745916,1744913,1125947
3136633,856,1745915,1744914,1125947
3136634,859,1745920,1744913,1125947
3136635,860,1745919,1744914,1125947
3136636,863,1745924,1744913,1125947
3136637,864,1745923,1744914,1125947
3136638,867,1745928,1744913,1125947
3136639,868,1745927,1744914,1125947
3136640,871,1745932,1744913,1125947
3136641,872,1745931,1744914,1125947
3136642,875,1745936,1744913,1125947
3136643,876,1745935,1744914,1125947
3136644,879,1745940,1744913,1125947
3136645,880,1745939,1744914,1125947
3136646,883,1745944,1744913,1125947
3136647,884,1745943,1744914,1125947
3136648,886,1745946,1744913,1125947
3136649,887,1745945,1744914,1125947
3136650,890,1745950,1744913,1125947
3136651,891,1745949,1744914,1125947
3136652,894,1745954,1744913,1125947
3136653,895,1745953,1744914,1125947
3136654,898,1745959,1744913,1125947
3136655,899,1745957,1744914,1125947
3136656,902,1745963,1744913,1125947
3136657,903,1745962,1744914,1125947
3136658,906,1745968,1744913,1125947
3136659,907,1745967,1744914,1125947
3136660,910,1745972,1744913,1125947
3136661,911,1745971,1744914,1125947
3136662,914,1745976,1744913,1125947
3136663,915,1745975,1744914,1125947
3136664,918,1745981,1744913,1125947
3136665,919,1745980,1744914,1125947
3136666,922,1745985,1744913,1125947
3136667,923,1745984,1744914,1125947
3136668,926,1745989,1744913,1125947
3136669,927,1745988,1744914,1125947
3136670,930,1745994,1744913,1125947
3136671,931,1745993,1744914,1125947
3136672,934,1745998,1744913,1125947
3136673,935,1745997,1744914,1125947
3136674,938,1746003,1744913,1125947
3136675,939,1746002,1744914,1125947
3136676,942,1746007,1744913,1125947
3136677,943,1746006,1744914,1125947
3136678,946,1746011,1744913,1125947
3136679,947,1746010,1744914,1125947
3136680,949,1746013,1744913,1125947
3136681,950,1746012,1744914,1125947
3136682,953,1746017,1744913,1125947
3136683,954,1746016,1744914,1125947
3136684,957,1746021,1744913,1125947
3136685,958,1746020,1744914,1125947
3136686,961,1746026,1744913,1125947
3136687,962,1746024,1744914,1125947
3136688,965,1746030,1744913,1125947
3136689,966,1746029,1744914,1125947
3136690,969,1746035,1744913,1125947
3136691,970,1746034,1744914,1125947
3136692,973,1746039,1744913,1125947
3136693,974,1746038,1744914,1125947
3136694,977,1746043,1744913,1125947
3136695,978,1746042,1744914,1125947
3136696,981,1746047,1744913,1125947
3136697,982,1746046,1744914,1125947
3136698,985,1746051,1744913,1125947
3136699,986,1746050,1744914,1125947
3136700,989,1746055,1744913,1125947
3136701,990,1746054,1744914,1125947
3136702,993,1746059,1744913,1125947
3136703,994,1746058,1744914,1125947
3136704,997,1746063,1744913,1125947
3136705,998,1746062,1744914,1125947
3136706,1001,1746068,1744913,1125947
3136707,1002,1746066,1744914,1125947
3136708,1005,1746074,1744913,1125947
3136709,1006,1746073,1744914,1125947
3136710,1008,1746076,1744913,1125947
3136711,1009,1746075,1744914,1125947
3136712,1012,1746081,1744913,1125947
3136713,1013,1746080,1744914,1125947
3136714,1016,1746085,1744913,1125947
3136715,1017,1746084,1744914,1125947
3136716,1020,1746089,1744913,1125947
3136717,1021,1746088,1744914,1125947
3136718,1024,1746093,1744913,1125947
3136719,1025,1746092,1744914,1125947
3136720,1028,1746097,1744913,1125947
3136721,1029,1746096,1744914,1125947
3136722,1032,1746101,1744913,1125947
3136723,1033,1746100,1744914,1125947
3136724,1036,1746105,1744913,1125947
3136725,1037,1746104,1744914,1125947
3136726,1040,1746109,1744913,1125947
3136727,1041,1746108,1744914,1125947
3136728,1044,1746113,1744913,1125947
3136729,1045,1746112,1744914,1125947
3136730,1048,1746117,1744913,1125947
3136731,1049,1746116,1744914,1125947
3136732,1052,1746121,1744913,1125947
3136733,1053,1746120,1744914,1125947
3136734,1056,1746125,1744913,1125947
3136735,1057,1746124,1744914,1125947
3136736,1060,1746129,1744913,1125947
3136737,1061,1746128,1744914,1125947
3136738,1063,1746131,1744913,1125947
3136739,1064,1746130,1744914,1125947
3136740,1067,1746136,1744913,1125947
3136741,1068,1746135,1744914,1125947
3136742,1071,1746141,1744913,1125947
3136743,1072,1746140,1744914,1125947
3136744,1075,1746145,1744913,1125947
3136745,1076,1746144,1744914,1125947
3136746,1079,1746150,1744913,1125947
3136747,1080,1746149,1744914,1125947
3136748,1083,1746154,1744913,1125947
3136749,1084,1746153,1744914,1125947
3136750,1087,1746158,1744913,1125947
3136751,1088,1746157,1744914,1125947
3136752,1091,1746162,1744913,1125947
3136753,1092,1746161,1744914,1125947
3136754,1095,1746166,1744913,1125947
3136755,1096,1746165,1744914,1125947
3136756,1099,1746170,1744913,1125947
3136757,1100,1746169,1744914,1125947
3136758,1103,1746174,1744913,1125947
3136759,1104,1746173,1744914,1125947
3136760,1107,1746178,1744913,1125947
3136761,1108,1746177,1744914,1125947
3136762,1111,1746182,1744913,1125947
3136763,1112,1746181,1744914,1125947
3136764,1114,1746184,1744913,1125947
3136765,1115,1746183,1744914,1125947
3136766,1118,1746188,1744913,1125947
3136767,1119,1746187,1744914,1125947
3136768,1122,1746192,1744913,1125947
3136769,1123,1746191,1744914,1125947
3136770,1126,1746196,1744913,1125947
3136771,1127,1746195,1744914,1125947
3136772,1130,1746200,1744913,1125947
3136773,1131,1746199,1744914,1125947
3136774,1134,1746204,1744913,1125947
3136775,1135,1746203,1744914,1125947
3136776,1138,1746208,1744913,1125947
3136777,1139,1746207,1744914,1125947
3136778,1142,1746212,1744913,1125947
3136779,1143,1746211,1744914,1125947
3136780,1146,1746216,1744913,1125947
3136781,1147,1746215,1744914,1125947
3136782,1150,1746220,1744913,1125947
3136783,1151,1746219,1744914,1125947
3136784,1154,1746224,1744913,1125947
3136785,1155,1746223,1744914,1125947
3136786,1158,1746228,1744913,1125947
3136787,1159,1746227,1744914,1125947
3136788,1161,1746230,1744913,1125947
3136789,1162,1746229,1744914,1125947
3136790,1165,1746234,1744913,1125947
3136791,1166,1746233,1744914,1125947
3136792,1169,1746238,1744913,1125947
3136793,1170,1746237,1744914,1125947
3136794,1173,1746242,1744913,1125947
3136795,1174,1746241,1744914,1125947
3136796,1177,1746246,1744913,1125947
3136797,1178,1746245,1744914,1125947
3136798,1181,1746250,1744913,1125947
3136799,1182,1746249,1744914,1125947
3136800,1185,1746254,1744913,1125947
3136801,1186,1746253,1744914,1125947
3136802,1189,1746258,1744913,1125947
3136803,1190,1746257,1744914,1125947
3136804,1193,1746263,1744913,1125947
3136805,1194,1746262,1744914,1125947
3136806,1197,1746267,1744913,1125947
3136807,1198,1746266,1744914,1125947
3136808,1201,1746271,1744913,1125947
3136809,1202,1746270,1744914,1125947
3136810,1204,1746273,1744913,1125947
3136811,1205,1746272,1744914,1125947
3136812,1208,1746277,1744913,1125947
3136813,1209,1746276,1744914,1125947
3136814,13,1746659,851984,1126264
3136815,1212,1746281,1744913,1125947
3136816,1213,1746280,1744914,1125947
3136817,1216,1746285,1744913,1125947
3136818,1217,1746284,1744914,1125947
3136819,1220,1746289,1744913,1125947
3136820,1221,1746288,1744914,1125947
3136821,1224,1746293,1744913,1125947
3136822,1225,1746292,1744914,1125947
3136823,1228,1746297,1744913,1125947
3136824,1229,1746296,1744914,1125947
3136825,1232,1746301,1744913,1125947
3136826,1233,1746300,1744914,1125947
3136827,1236,1746305,1744913,1125947
3136828,1237,1746304,1744914,1125947
3136829,1240,1746309,1744913,1125947
3136830,1241,1746308,1744914,1125947
3136831,1243,1746311,1744913,1125947
3136832,1244,1746310,1744914,1125947
3136833,1247,1746315,1744913,1125947
3136834,1248,1746314,1744914,1125947
3136835,1251,1746319,1744913,1125947
3136836,1252,1746318,1744914,1125947
3136837,1255,1746323,1744913,1125947
3136838,1256,1746322,1744914,1125947
3136839,1259,1746327,1744913,1125947
3136840,1260,1746326,1744914,1125947
3136841,23,1746663,851990,1126264
3136842,1263,1746331,1744913,1125947
3136843,1264,1746330,1744914,1125947
3136844,1267,1746335,1744913,1125947
3136845,1268,1746334,1744914,1125947
3136846,1271,1746339,1744913,1125947
3136847,1272,1746338,1744914,1125947
3136848,1275,1746343,1744913,1125947
3136849,1276,1746342,1744914,1125947
3136850,1278,1746345,1744913,1125947
3136851,1279,1746344,1744914,1125947
3136852,1282,1746349,1744913,1125947
3136853,1283,1746348,1744914,1125947
3136854,1286,1746353,1744913,1125947
3136855,1287,1746352,1744914,1125947
3136856,1290,1746357,1744913,1125947
3136857,1291,1746356,1744914,1125947
3136858,1294,1746361,1744913,1125947
3136859,1295,1746360,1744914,1125947
3136860,1298,1746365,1744913,1125947
3136861,1299,1746364,1744914,1125947
3136862,1302,1746369,1744913,1125947
3136863,1303,1746368,1744914,1125947
3136864,1306,1746373,1744913,1125947
3136865,1307,1746372,1744914,1125947
3136866,1309,1746375,1744913,1125947
3136867,1310,1746374,1744914,1125947
3136868,1313,1746379,1744913,1125947
3136869,1314,1746378,1744914,1125947
3136870,1317,1746383,1744913,1125947
3136871,1318,1746382,1744914,1125947
3136872,1321,1746387,1744913,1125947
3136873,1322,1746386,1744914,1125947
3136874,1325,1746391,1744913,1125947
3136875,1326,1746390,1744914,1125947
3136876,1329,1746395,1744913,1125947
3136877,1330,1746394,1744914,1125947
3136878,1333,1746399,1744913,1125947
3136879,1334,1746398,1744914,1125947
3136880,1336,1746401,1744913,1125947
3136881,1337,1746400,1744914,1125947
3136882,1340,1746405,1744913,1125947
3136883,1341,1746404,1744914,1125947
3136884,1344,1746409,1744913,1125947
3136885,1345,1746408,1744914,1125947
3136886,1348,1746413,1744913,1125947
3136887,1349,1746412,1744914,1125947
3136888,1352,1746417,1744913,1125947
3136889,1353,1746416,1744914,1125947
3136890,1356,1746421,1744913,1125947
3136891,1357,1746420,1744914,1125947
3136892,1359,1746423,1744913,1125947
3136893,1360,1746422,1744914,1125947
3136894,1363,1746428,1744913,1125947
3136895,1364,1746427,1744914,1125947
3136896,1367,1746432,1744913,1125947
3136897,1368,1746431,1744914,1125947
3136898,1371,1746442,1744913,1125947
3136899,1372,1746440,1744914,1125947
3136900,1375,1746454,1744913,1125947
3136901,1376,1746452,1744914,1125947
3136902,1378,1746458,1744913,1125947
3136903,1379,1746456,1744914,1125947
3136904,1382,1746470,1744913,1125947
3136905,1383,1746468,1744914,1125947
3136906,1386,1746477,1744913,1125947
3136907,1387,1746475,1744914,1125947
3136908,1390,1746484,1744913,1125947
3136909,1391,1746483,1744914,1125947
3136910,1393,1746487,1744913,1125947
3136911,1394,1746485,1744914,1125947
3136912,1397,1746493,1744913,1125947
3136913,1398,1746491,1744914,1125947
3136914,45,1746622,1746621,1126253
3136915,1401,1746502,1744913,1125947
3136916,1402,1746501,1744914,1125947
3136917,1404,1746504,1744913,1125947
3136918,1405,1746503,1744914,1125947
3136919,1408,1746508,1744913,1125947
3136920,1409,1746507,1744914,1125947
3136921,2,356645,356644,1126280
3136922,3,356646,356644,1126280
3136923,4,356647,356644,1126280
3136924,5,356648,356644,1126280
3136925,6,356649,356644,1126280
3136926,7,356650,356644,1126280
3136927,8,356651,356644,1126280
3136928,9,356654,356644,1126280
3136929,10,356655,356644,1126280
3136930,11,356656,356644,1126280
3136931,12,356657,356644,1126280
3136932,13,356658,356644,1126280
3136933,14,356659,356644,1126280
3136934,15,356660,356644,1126280
3136935,16,356661,356644,1126280
3136936,17,356662,356644,1126280
3136937,18,356663,356644,1126280
3136938,19,356664,356644,1126280
3136939,20,356665,356644,1126280
3136940,13,1746715,852018,1126287
3136941,39,1746710,852018,1126287
3136942,4,1746956,1746955,1263393
3136943,3,1746976,1746972,1126289
3136944,4,1746974,1746972,1126289
3136945,6,1746981,1746972,1126289
3136946,7,1746979,1746972,1126289
3136947,10,1746986,1746972,1126289
3136948,11,1746984,1746972,1126289
3136949,14,1746991,1746972,1126289
3136950,15,1746989,1746972,1126289
3136951,18,1747010,1746972,1126289
3136952,19,1747009,1746972,1126289
3136953,21,1747012,1746972,1126289
3136954,22,1747011,1746972,1126289
3136955,26,1747017,1746972,1126289
3136956,27,1747016,1746972,1126289
3136957,29,1747019,1746972,1126289
3136958,30,1747018,1746972,1126289
3136959,34,1747024,1746972,1126289
3136960,35,1747023,1746972,1126289
3136961,38,1747028,1746972,1126289
3136962,39,1747027,1746972,1126289
3136963,41,1747030,1746972,1126289
3136964,42,1747029,1746972,1126289
3136965,45,1747034,1746972,1126289
3136966,46,1747033,1746972,1126289
3136967,50,1747039,1746972,1126289
3136968,51,1747038,1746972,1126289
3136969,53,1747041,1746972,1126289
3136970,54,1747040,1746972,1126289
3136971,57,1747045,1746972,1126289
3136972,58,1747044,1746972,1126289
3136973,62,1747050,1746972,1126289
3136974,63,1747049,1746972,1126289
3136975,66,1747054,1746972,1126289
3136976,67,1747053,1746972,1126289
3136977,69,1747056,1746972,1126289
3136978,70,1747055,1746972,1126289
3136979,73,1747060,1746972,1126289
3136980,74,1747059,1746972,1126289
3136981,77,1747064,1746972,1126289
3136982,78,1747063,1746972,1126289
3136983,82,1747069,1746972,1126289
3136984,83,1747068,1746972,1126289
3136985,85,1747071,1746972,1126289
3136986,86,1747070,1746972,1126289
3136987,89,1747075,1746972,1126289
3136988,90,1747074,1746972,1126289
3136989,93,1747079,1746972,1126289
3136990,94,1747078,1746972,1126289
3136991,98,1747084,1746972,1126289
3136992,99,1747083,1746972,1126289
3136993,102,1747088,1746972,1126289
3136994,103,1747087,1746972,1126289
3136995,105,1747090,1746972,1126289
3136996,106,1747089,1746972,1126289
3136997,109,1747094,1746972,1126289
3136998,110,1747093,1746972,1126289
3136999,113,1747098,1746972,1126289
3137000,114,1747097,1746972,1126289
3137001,117,1747102,1746972,1126289
3137002,118,1747101,1746972,1126289
3137003,122,1747107,1746972,1126289
3137004,123,1747106,1746972,1126289
3137005,125,1747109,1746972,1126289
3137006,126,1747108,1746972,1126289
3137007,129,1747113,1746972,1126289
3137008,130,1747112,1746972,1126289
3137009,133,1747117,1746972,1126289
3137010,134,1747116,1746972,1126289
3137011,137,1747121,1746972,1126289
3137012,138,1747120,1746972,1126289
3137013,142,1747126,1746972,1126289
3137014,143,1747125,1746972,1126289
3137015,146,1747130,1746972,1126289
3137016,147,1747129,1746972,1126289
3137017,149,1747132,1746972,1126289
3137018,150,1747131,1746972,1126289
3137019,153,1747136,1746972,1126289
3137020,154,1747135,1746972,1126289
3137021,157,1747140,1746972,1126289
3137022,158,1747139,1746972,1126289
3137023,161,1747144,1746972,1126289
3137024,162,1747143,1746972,1126289
3137025,165,1747148,1746972,1126289
3137026,166,1747147,1746972,1126289
3137027,170,1747153,1746972,1126289
3137028,171,1747152,1746972,1126289
3137029,173,1747156,1746972,1126289
3137030,174,1747155,1746972,1126289
3137031,177,1747160,1746972,1126289
3137032,178,1747159,1746972,1126289
3137033,181,1747164,1746972,1126289
3137034,182,1747163,1746972,1126289
3137035,185,1747168,1746972,1126289
3137036,186,1747167,1746972,1126289
3137037,189,1747172,1746972,1126289
3137038,190,1747171,1746972,1126289
3137039,194,1747177,1746972,1126289
3137040,195,1747176,1746972,1126289
3137041,198,1747183,1746972,1126289
3137042,199,1747182,1746972,1126289
3137043,201,1747185,1746972,1126289
3137044,202,1747184,1746972,1126289
3137045,205,1747189,1746972,1126289
3137046,206,1747188,1746972,1126289
3137047,209,1747193,1746972,1126289
3137048,210,1747192,1746972,1126289
3137049,213,1747197,1746972,1126289
3137050,214,1747196,1746972,1126289
3137051,217,1747201,1746972,1126289
3137052,218,1747200,1746972,1126289
3137053,221,1747205,1746972,1126289
3137054,222,1747204,1746972,1126289
3137055,226,1747210,1746972,1126289
3137056,227,1747209,1746972,1126289
3137057,229,1747212,1746972,1126289
3137058,230,1747211,1746972,1126289
3137059,233,1747216,1746972,1126289
3137060,234,1747215,1746972,1126289
3137061,237,1747220,1746972,1126289
3137062,238,1747219,1746972,1126289
3137063,241,1747224,1746972,1126289
3137064,242,1747223,1746972,1126289
3137065,245,1747228,1746972,1126289
3137066,246,1747227,1746972,1126289
3137067,249,1747233,1746972,1126289
3137068,250,1747231,1746972,1126289
3137069,254,1747240,1746972,1126289
3137070,255,1747239,1746972,1126289
3137071,258,1747244,1746972,1126289
3137072,259,1747243,1746972,1126289
3137073,261,1747246,1746972,1126289
3137074,262,1747245,1746972,1126289
3137075,265,1747250,1746972,1126289
3137076,266,1747249,1746972,1126289
3137077,269,1747254,1746972,1126289
3137078,270,1747253,1746972,1126289
3137079,273,1747258,1746972,1126289
3137080,274,1747257,1746972,1126289
3137081,277,1747262,1746972,1126289
3137082,278,1747261,1746972,1126289
3137083,281,1747266,1746972,1126289
3137084,282,1747265,1746972,1126289
3137085,285,1747270,1746972,1126289
3137086,286,1747269,1746972,1126289
3137087,290,1747275,1746972,1126289
3137088,291,1747274,1746972,1126289
3137089,293,1747277,1746972,1126289
3137090,294,1747276,1746972,1126289
3137091,297,1747281,1746972,1126289
3137092,298,1747280,1746972,1126289
3137093,301,1747285,1746972,1126289
3137094,302,1747284,1746972,1126289
3137095,305,1747289,1746972,1126289
3137096,306,1747288,1746972,1126289
3137097,309,1747293,1746972,1126289
3137098,310,1747292,1746972,1126289
3137099,313,1747297,1746972,1126289
3137100,314,1747296,1746972,1126289
3137101,317,1747301,1746972,1126289
3137102,318,1747300,1746972,1126289
3137103,322,1747306,1746972,1126289
3137104,323,1747305,1746972,1126289
3137105,326,1747310,1746972,1126289
3137106,327,1747309,1746972,1126289
3137107,329,1747312,1746972,1126289
3137108,330,1747311,1746972,1126289
3137109,333,1747316,1746972,1126289
3137110,334,1747315,1746972,1126289
3137111,337,1747320,1746972,1126289
3137112,338,1747319,1746972,1126289
3137113,341,1747324,1746972,1126289
3137114,342,1747323,1746972,1126289
3137115,345,1747328,1746972,1126289
3137116,346,1747327,1746972,1126289
3137117,349,1747332,1746972,1126289
3137118,350,1747331,1746972,1126289
3137119,353,1747336,1746972,1126289
3137120,354,1747335,1746972,1126289
3137121,357,1747340,1746972,1126289
3137122,358,1747339,1746972,1126289
3137123,362,1747345,1746972,1126289
3137124,363,1747344,1746972,1126289
3137125,365,1747347,1746972,1126289
3137126,366,1747346,1746972,1126289
3137127,369,1747351,1746972,1126289
3137128,370,1747350,1746972,1126289
3137129,373,1747355,1746972,1126289
3137130,374,1747354,1746972,1126289
3137131,377,1747359,1746972,1126289
3137132,378,1747358,1746972,1126289
3137133,381,1747363,1746972,1126289
3137134,382,1747362,1746972,1126289
3137135,385,1747367,1746972,1126289
3137136,386,1747366,1746972,1126289
3137137,389,1747371,1746972,1126289
3137138,390,1747370,1746972,1126289
3137139,393,1747375,1746972,1126289
3137140,394,1747374,1746972,1126289
3137141,398,1747380,1746972,1126289
3137142,399,1747379,1746972,1126289
3137143,402,1747384,1746972,1126289
3137144,403,1747383,1746972,1126289
3137145,405,1747386,1746972,1126289
3137146,406,1747385,1746972,1126289
3137147,409,1747390,1746972,1126289
3137148,410,1747389,1746972,1126289
3137149,413,1747394,1746972,1126289
3137150,414,1747393,1746972,1126289
3137151,417,1747398,1746972,1126289
3137152,418,1747397,1746972,1126289
3137153,421,1747402,1746972,1126289
3137154,422,1747401,1746972,1126289
3137155,425,1747406,1746972,1126289
3137156,426,1747405,1746972,1126289
3137157,429,1747410,1746972,1126289
3137158,430,1747409,1746972,1126289
3137159,433,1747414,1746972,1126289
3137160,434,1747413,1746972,1126289
3137161,438,1747419,1746972,1126289
3137162,439,1747418,1746972,1126289
3137163,441,1747421,1746972,1126289
3137164,442,1747420,1746972,1126289
3137165,445,1747425,1746972,1126289
3137166,446,1747424,1746972,1126289
3137167,449,1747429,1746972,1126289
3137168,450,1747428,1746972,1126289
3137169,453,1747433,1746972,1126289
3137170,454,1747432,1746972,1126289
3137171,457,1747437,1746972,1126289
3137172,458,1747436,1746972,1126289
3137173,461,1747441,1746972,1126289
3137174,462,1747440,1746972,1126289
3137175,465,1747445,1746972,1126289
3137176,466,1747444,1746972,1126289
3137177,470,1747450,1746972,1126289
3137178,471,1747449,1746972,1126289
3137179,474,1747454,1746972,1126289
3137180,475,1747453,1746972,1126289
3137181,477,1747456,1746972,1126289
3137182,478,1747455,1746972,1126289
3137183,481,1747460,1746972,1126289
3137184,482,1747459,1746972,1126289
3137185,485,1747464,1746972,1126289
3137186,486,1747463,1746972,1126289
3137187,489,1747468,1746972,1126289
3137188,490,1747467,1746972,1126289
3137189,493,1747472,1746972,1126289
3137190,494,1747471,1746972,1126289
3137191,497,1747477,1746972,1126289
3137192,498,1747475,1746972,1126289
3137193,501,1747481,1746972,1126289
3137194,502,1747480,1746972,1126289
3137195,506,1747486,1746972,1126289
3137196,507,1747485,1746972,1126289
3137197,509,1747488,1746972,1126289
3137198,510,1747487,1746972,1126289
3137199,513,1747492,1746972,1126289
3137200,514,1747491,1746972,1126289
3137201,517,1747496,1746972,1126289
3137202,518,1747495,1746972,1126289
3137203,521,1747500,1746972,1126289
3137204,522,1747499,1746972,1126289
3137205,525,1747504,1746972,1126289
3137206,526,1747503,1746972,1126289
3137207,529,1747508,1746972,1126289
3137208,530,1747507,1746972,1126289
3137209,534,1747513,1746972,1126289
3137210,535,1747512,1746972,1126289
3137211,538,1747517,1746972,1126289
3137212,539,1747516,1746972,1126289
3137213,541,1747520,1746972,1126289
3137214,542,1747519,1746972,1126289
3137215,545,1747525,1746972,1126289
3137216,546,1747524,1746972,1126289
3137217,549,1747529,1746972,1126289
3137218,550,1747528,1746972,1126289
3137219,553,1747533,1746972,1126289
3137220,554,1747532,1746972,1126289
3137221,557,1747537,1746972,1126289
3137222,558,1747536,1746972,1126289
3137223,561,1747541,1746972,1126289
3137224,562,1747540,1746972,1126289
3137225,566,1747546,1746972,1126289
3137226,567,1747545,1746972,1126289
3137227,569,1747548,1746972,1126289
3137228,570,1747547,1746972,1126289
3137229,573,1747552,1746972,1126289
3137230,574,1747551,1746972,1126289
3137231,577,1747556,1746972,1126289
3137232,578,1747555,1746972,1126289
3137233,581,1747560,1746972,1126289
3137234,582,1747559,1746972,1126289
3137235,585,1747564,1746972,1126289
3137236,586,1747563,1746972,1126289
3137237,590,1747569,1746972,1126289
3137238,591,1747568,1746972,1126289
3137239,594,1747573,1746972,1126289
3137240,595,1747572,1746972,1126289
3137241,597,1747575,1746972,1126289
3137242,598,1747574,1746972,1126289
3137243,601,1747579,1746972,1126289
3137244,602,1747578,1746972,1126289
3137245,605,1747583,1746972,1126289
3137246,606,1747582,1746972,1126289
3137247,609,1747587,1746972,1126289
3137248,610,1747586,1746972,1126289
3137249,613,1747591,1746972,1126289
3137250,614,1747590,1746972,1126289
3137251,618,1747608,1746972,1126289
3137252,619,1747604,1746972,1126289
3137253,621,1747610,1746972,1126289
3137254,622,1747609,1746972,1126289
3137255,625,1747615,1746972,1126289
3137256,626,1747613,1746972,1126289
3137257,629,1747619,1746972,1126289
3137258,630,1747618,1746972,1126289
3137259,633,1747623,1746972,1126289
3137260,634,1747622,1746972,1126289
3137261,638,1747629,1746972,1126289
3137262,639,1747628,1746972,1126289
3137263,642,1747633,1746972,1126289
3137264,643,1747632,1746972,1126289
3137265,645,1747635,1746972,1126289
3137266,646,1747634,1746972,1126289
3137267,649,1747639,1746972,1126289
3137268,650,1747638,1746972,1126289
3137269,653,1747643,1746972,1126289
3137270,654,1747642,1746972,1126289
3137271,657,1747647,1746972,1126289
3137272,658,1747646,1746972,1126289
3137273,662,1747652,1746972,1126289
3137274,663,1747651,1746972,1126289
3137275,665,1747654,1746972,1126289
3137276,666,1747653,1746972,1126289
3137277,669,1747658,1746972,1126289
3137278,670,1747657,1746972,1126289
3137279,673,1747662,1746972,1126289
3137280,674,1747661,1746972,1126289
3137281,678,1747667,1746972,1126289
3137282,679,1747666,1746972,1126289
3137283,682,1747673,1746972,1126289
3137284,683,1747671,1746972,1126289
3137285,685,1747676,1746972,1126289
3137286,686,1747675,1746972,1126289
3137287,689,1747683,1746972,1126289
3137288,690,1747681,1746972,1126289
3137289,693,1747692,1746972,1126289
3137290,694,1747690,1746972,1126289
3137291,698,1747701,1746972,1126289
3137292,699,1747700,1746972,1126289
3137293,701,1747704,1746972,1126289
3137294,702,1747703,1746972,1126289
3137295,705,1747710,1746972,1126289
3137296,706,1747708,1746972,1126289
3137297,710,1747717,1746972,1126289
3137298,711,1747715,1746972,1126289
3137299,714,1747722,1746972,1126289
3137300,715,1747721,1746972,1126289
3137301,717,1747725,1746972,1126289
3137302,718,1747723,1746972,1126289
3137303,721,1747730,1746972,1126289
3137304,722,1747729,1746972,1126289
3137305,726,1747737,1746972,1126289
3137306,727,1747736,1746972,1126289
3137307,729,1747739,1746972,1126289
3137308,730,1747738,1746972,1126289
3137309,734,1747746,1746972,1126289
3137310,735,1747745,1746972,1126289
3137311,738,1747752,1746972,1126289
3137312,739,1747751,1746972,1126289
3137313,741,1747754,1746972,1126289
3137314,742,1747753,1746972,1126289
3137315,746,1747761,1746972,1126289
3137316,747,1747759,1746972,1126289
3137317,750,1747764,1746972,1126289
3137318,751,1747763,1746972,1126289
3137319,754,1747770,1746972,1126289
3137320,755,1747769,1746972,1126289
3137321,758,1747774,1746972,1126289
3137322,759,1747773,1746972,1126289
3137323,27,357332,357320,1126558
3137324,29,357333,357320,1126558
3137325,50,357553,1748881,1126611
3137326,55,357559,1748884,1126611
3137327,60,357561,1748887,1126611
3137328,64,357565,1748890,1126611
3137329,21,358164,1749723,1126956
3137330,13,358228,1749743,1126973
3137331,21,358979,1750162,1127333
3137332,11,1750798,1750796,1263462
3137333,40,359834,359846,1127667
3137334,61,1750871,1750867,1127667
3137335,12,1750972,1750971,1127729
3137336,16,1750976,1750975,1127729
3137337,5,1751764,1751758,1128157
3137338,11,1751768,1751758,1128157
3137339,16,1751774,1751758,1128157
3137340,22,1751779,1751758,1128157
3137341,27,1751785,1751758,1128157
3137342,33,1751789,1751758,1128157
3137343,38,1751794,1751758,1128157
3137344,44,1751798,1751758,1128157
3137345,2,1751815,1751814,1128168
3137346,4,1751818,1751814,1128168
3137347,8,1751822,1751814,1128168
3137348,13,1751825,1751814,1128168
3137349,17,1751829,1751814,1128168
3137350,22,1751832,1751814,1128168
3137351,26,1751836,1751814,1128168
3137352,31,1751839,1751814,1128168
3137353,35,1751841,1751814,1128168
3137354,4,1752415,1752412,1128384
3137355,5,1752414,1752413,1128384
3137356,7,1752417,1752412,1128384
3137357,8,1752416,1752413,1128384
3137358,10,1752419,1752412,1128384
3137359,11,1752418,1752413,1128384
3137360,14,1752423,1752412,1128384
3137361,15,1752422,1752413,1128384
3137362,17,1752425,1752412,1128384
3137363,18,1752424,1752413,1128384
3137364,21,1752429,1752412,1128384
3137365,22,1752428,1752413,1128384
3137366,25,1752433,1752412,1128384
3137367,26,1752432,1752413,1128384
3137368,28,1752435,1752412,1128384
3137369,29,1752434,1752413,1128384
3137370,32,1752439,1752412,1128384
3137371,33,1752438,1752413,1128384
3137372,36,1752443,1752412,1128384
3137373,37,1752442,1752413,1128384
3137374,40,1752447,1752412,1128384
3137375,41,1752446,1752413,1128384
3137376,43,1752449,1752412,1128384
3137377,44,1752448,1752413,1128384
3137378,47,1752453,1752412,1128384
3137379,48,1752452,1752413,1128384
3137380,51,1752457,1752412,1128384
3137381,52,1752456,1752413,1128384
3137382,55,1752461,1752412,1128384
3137383,56,1752460,1752413,1128384
3137384,59,1752465,1752412,1128384
3137385,60,1752464,1752413,1128384
3137386,62,1752467,1752412,1128384
3137387,63,1752466,1752413,1128384
3137388,66,1752471,1752412,1128384
3137389,67,1752470,1752413,1128384
3137390,9,1752808,853702,1263531
3137391,10,1752809,1752808,1263531
3137392,12,1752810,853702,1263531
3137393,13,361333,1752810,1263531
3137394,70,1752475,1752412,1128384
3137395,71,1752474,1752413,1128384
3137396,74,1752479,1752412,1128384
3137397,75,1752478,1752413,1128384
3137398,78,1752483,1752412,1128384
3137399,79,1752482,1752413,1128384
3137400,82,1752487,1752412,1128384
3137401,83,1752486,1752413,1128384
3137402,85,1752489,1752412,1128384
3137403,86,1752488,1752413,1128384
3137404,89,1752493,1752412,1128384
3137405,90,1752492,1752413,1128384
3137406,93,1752497,1752412,1128384
3137407,94,1752496,1752413,1128384
3137408,97,1752501,1752412,1128384
3137409,98,1752500,1752413,1128384
3137410,101,1752505,1752412,1128384
3137411,102,1752504,1752413,1128384
3137412,105,1752509,1752412,1128384
3137413,106,1752508,1752413,1128384
3137414,109,1752513,1752412,1128384
3137415,110,1752512,1752413,1128384
3137416,112,1752515,1752412,1128384
3137417,113,1752514,1752413,1128384
3137418,116,1752520,1752412,1128384
3137419,117,1752518,1752413,1128384
3137420,120,1752527,1752412,1128384
3137421,121,1752525,1752413,1128384
3137422,124,1752533,1752412,1128384
3137423,125,1752531,1752413,1128384
3137424,128,1752541,1752412,1128384
3137425,129,1752538,1752413,1128384
3137426,132,1752549,1752412,1128384
3137427,133,1752547,1752413,1128384
3137428,136,1752554,1752412,1128384
3137429,137,1752553,1752413,1128384
3137430,140,1752564,1752412,1128384
3137431,141,1752558,1752413,1128384
3137432,143,1752568,1752412,1128384
3137433,144,1752567,1752413,1128384
3137434,147,1752572,1752412,1128384
3137435,148,1752571,1752413,1128384
3137436,151,1752576,1752412,1128384
3137437,152,1752575,1752413,1128384
3137438,155,1752580,1752412,1128384
3137439,156,1752579,1752413,1128384
3137440,159,1752584,1752412,1128384
3137441,160,1752583,1752413,1128384
3137442,163,1752588,1752412,1128384
3137443,164,1752587,1752413,1128384
3137444,167,1752592,1752412,1128384
3137445,168,1752591,1752413,1128384
3137446,171,1752596,1752412,1128384
3137447,172,1752595,1752413,1128384
3137448,175,1752600,1752412,1128384
3137449,176,1752599,1752413,1128384
3137450,178,1752602,1752412,1128384
3137451,179,1752601,1752413,1128384
3137452,182,1752606,1752412,1128384
3137453,183,1752605,1752413,1128384
3137454,186,1752610,1752412,1128384
3137455,187,1752609,1752413,1128384
3137456,190,1752614,1752412,1128384
3137457,191,1752613,1752413,1128384
3137458,194,1752618,1752412,1128384
3137459,195,1752617,1752413,1128384
3137460,198,1752622,1752412,1128384
3137461,199,1752621,1752413,1128384
3137462,202,1752626,1752412,1128384
3137463,203,1752625,1752413,1128384
3137464,206,1752630,1752412,1128384
3137465,207,1752629,1752413,1128384
3137466,210,1752634,1752412,1128384
3137467,211,1752633,1752413,1128384
3137468,214,1752638,1752412,1128384
3137469,215,1752637,1752413,1128384
3137470,217,1752640,1752412,1128384
3137471,218,1752639,1752413,1128384
3137472,221,1752644,1752412,1128384
3137473,222,1752643,1752413,1128384
3137474,225,1752648,1752412,1128384
3137475,226,1752647,1752413,1128384
3137476,229,1752652,1752412,1128384
3137477,230,1752651,1752413,1128384
3137478,233,1752656,1752412,1128384
3137479,234,1752655,1752413,1128384
3137480,237,1752660,1752412,1128384
3137481,238,1752659,1752413,1128384
3137482,241,1752664,1752412,1128384
3137483,242,1752663,1752413,1128384
3137484,245,1752668,1752412,1128384
3137485,246,1752667,1752413,1128384
3137486,249,1752673,1752412,1128384
3137487,250,1752672,1752413,1128384
3137488,252,1752676,1752412,1128384
3137489,253,1752674,1752413,1128384
3137490,256,1752680,1752412,1128384
3137491,257,1752679,1752413,1128384
3137492,260,1752684,1752412,1128384
3137493,261,1752683,1752413,1128384
3137494,264,1752688,1752412,1128384
3137495,265,1752687,1752413,1128384
3137496,268,1752692,1752412,1128384
3137497,269,1752691,1752413,1128384
3137498,272,1752696,1752412,1128384
3137499,273,1752695,1752413,1128384
3137500,276,1752702,1752412,1128384
3137501,277,1752701,1752413,1128384
3137502,280,1752706,1752412,1128384
3137503,281,1752705,1752413,1128384
3137504,283,1752708,1752412,1128384
3137505,284,1752707,1752413,1128384
3137506,287,1752712,1752412,1128384
3137507,288,1752711,1752413,1128384
3137508,291,1752716,1752412,1128384
3137509,292,1752715,1752413,1128384
3137510,295,1752720,1752412,1128384
3137511,296,1752719,1752413,1128384
3137512,299,1752724,1752412,1128384
3137513,300,1752723,1752413,1128384
3137514,303,1752728,1752412,1128384
3137515,304,1752727,1752413,1128384
3137516,307,1752732,1752412,1128384
3137517,308,1752731,1752413,1128384
3137518,310,1752734,1752412,1128384
3137519,311,1752733,1752413,1128384
3137520,314,1752738,1752412,1128384
3137521,315,1752737,1752413,1128384
3137522,318,1752742,1752412,1128384
3137523,319,1752741,1752413,1128384
3137524,322,1752746,1752412,1128384
3137525,323,1752745,1752413,1128384
3137526,326,1752750,1752412,1128384
3137527,327,1752749,1752413,1128384
3137528,330,1752754,1752412,1128384
3137529,331,1752753,1752413,1128384
3137530,333,1752756,1752412,1128384
3137531,334,1752755,1752413,1128384
3137532,337,1752761,1752412,1128384
3137533,338,1752760,1752413,1128384
3137534,341,1752765,1752412,1128384
3137535,342,1752764,1752413,1128384
3137536,345,1752769,1752412,1128384
3137537,346,1752768,1752413,1128384
3137538,349,1752773,1752412,1128384
3137539,350,1752772,1752413,1128384
3137540,352,1752775,1752412,1128384
3137541,353,1752774,1752413,1128384
3137542,356,1752779,1752412,1128384
3137543,357,1752778,1752413,1128384
3137544,360,1752783,1752412,1128384
3137545,361,1752782,1752413,1128384
3137546,364,1752787,1752412,1128384
3137547,365,1752786,1752413,1128384
3137548,367,1752789,1752412,1128384
3137549,368,1752788,1752413,1128384
3137550,371,1752793,1752412,1128384
3137551,372,1752792,1752413,1128384
3137552,375,1752797,1752412,1128384
3137553,376,1752796,1752413,1128384
3137554,378,1752799,1752412,1128384
3137555,379,1752798,1752413,1128384
3137556,382,1752803,1752412,1128384
3137557,383,1752802,1752413,1128384
3137558,2,361382,361381,1128413
3137559,3,361383,361381,1128413
3137560,4,361384,361381,1128413
3137561,5,361385,361381,1128413
3137562,6,361386,361381,1128413
3137563,7,361387,361381,1128413
3137564,8,361388,361381,1128413
3137565,9,361389,361381,1128413
3137566,10,361390,361381,1128413
3137567,11,361391,361381,1128413
3137568,3,1752835,1752833,1128415
3137569,4,1752834,1752833,1128415
3137570,6,1752837,1752833,1128415
3137571,7,1752836,1752833,1128415
3137572,10,1752840,1752833,1128415
3137573,11,1752839,1752833,1128415
3137574,14,1752843,1752833,1128415
3137575,15,1752842,1752833,1128415
3137576,18,1752847,1752833,1128415
3137577,19,1752846,1752833,1128415
3137578,21,1752849,1752833,1128415
3137579,22,1752848,1752833,1128415
3137580,26,1752854,1752833,1128415
3137581,27,1752853,1752833,1128415
3137582,29,1752856,1752833,1128415
3137583,30,1752855,1752833,1128415
3137584,34,1752861,1752833,1128415
3137585,35,1752860,1752833,1128415
3137586,38,1752865,1752833,1128415
3137587,39,1752864,1752833,1128415
3137588,41,1752867,1752833,1128415
3137589,42,1752866,1752833,1128415
3137590,45,1752872,1752833,1128415
3137591,46,1752870,1752833,1128415
3137592,50,1752879,1752833,1128415
3137593,51,1752878,1752833,1128415
3137594,53,1752883,1752833,1128415
3137595,54,1752882,1752833,1128415
3137596,57,1752890,1752833,1128415
3137597,58,1752889,1752833,1128415
3137598,62,1752896,1752833,1128415
3137599,63,1752895,1752833,1128415
3137600,66,1752903,1752833,1128415
3137601,67,1752902,1752833,1128415
3137602,69,1752905,1752833,1128415
3137603,70,1752904,1752833,1128415
3137604,73,1752909,1752833,1128415
3137605,74,1752908,1752833,1128415
3137606,77,1752916,1752833,1128415
3137607,78,1752915,1752833,1128415
3137608,82,1752924,1752833,1128415
3137609,83,1752923,1752833,1128415
3137610,85,1752926,1752833,1128415
3137611,86,1752925,1752833,1128415
3137612,89,1752930,1752833,1128415
3137613,90,1752929,1752833,1128415
3137614,93,1752934,1752833,1128415
3137615,94,1752933,1752833,1128415
3137616,98,1752939,1752833,1128415
3137617,99,1752938,1752833,1128415
3137618,102,1752943,1752833,1128415
3137619,103,1752942,1752833,1128415
3137620,105,1752945,1752833,1128415
3137621,106,1752944,1752833,1128415
3137622,109,1752949,1752833,1128415
3137623,110,1752948,1752833,1128415
3137624,113,1752953,1752833,1128415
3137625,114,1752952,1752833,1128415
3137626,117,1752957,1752833,1128415
3137627,118,1752956,1752833,1128415
3137628,122,1752962,1752833,1128415
3137629,123,1752961,1752833,1128415
3137630,125,1752964,1752833,1128415
3137631,126,1752963,1752833,1128415
3137632,129,1752968,1752833,1128415
3137633,130,1752967,1752833,1128415
3137634,133,1752972,1752833,1128415
3137635,134,1752971,1752833,1128415
3137636,138,1752977,1752833,1128415
3137637,139,1752976,1752833,1128415
3137638,142,1752981,1752833,1128415
3137639,143,1752980,1752833,1128415
3137640,145,1752983,1752833,1128415
3137641,146,1752982,1752833,1128415
3137642,149,1752987,1752833,1128415
3137643,150,1752986,1752833,1128415
3137644,153,1752991,1752833,1128415
3137645,154,1752990,1752833,1128415
3137646,158,1752996,1752833,1128415
3137647,159,1752995,1752833,1128415
3137648,161,1752998,1752833,1128415
3137649,162,1752997,1752833,1128415
3137650,165,1753002,1752833,1128415
3137651,166,1753001,1752833,1128415
3137652,170,1753007,1752833,1128415
3137653,171,1753006,1752833,1128415
3137654,174,1753011,1752833,1128415
3137655,175,1753010,1752833,1128415
3137656,177,1753013,1752833,1128415
3137657,178,1753012,1752833,1128415
3137658,181,1753017,1752833,1128415
3137659,182,1753016,1752833,1128415
3137660,186,1753022,1752833,1128415
3137661,187,1753021,1752833,1128415
3137662,189,1753024,1752833,1128415
3137663,190,1753023,1752833,1128415
3137664,194,1753029,1752833,1128415
3137665,195,1753028,1752833,1128415
3137666,198,1753033,1752833,1128415
3137667,199,1753032,1752833,1128415
3137668,201,1753035,1752833,1128415
3137669,202,1753034,1752833,1128415
3137670,206,1753040,1752833,1128415
3137671,207,1753039,1752833,1128415
3137672,210,1753043,1752833,1128415
3137673,211,1753042,1752833,1128415
3137674,214,1753047,1752833,1128415
3137675,215,1753046,1752833,1128415
3137676,218,1753050,1752833,1128415
3137677,219,1753049,1752833,1128415
3137678,15,361730,853939,1128524
3137679,30,1753444,1753472,1128532
3137680,35,1753446,1753472,1128532
3137681,7,1753545,361916,1128548
3137682,18,1753821,854053,1128550
3137683,23,1753823,854053,1128550
3137684,29,1753827,854053,1128550
3137685,35,1753838,854053,1128550
3137686,10,1754135,1754132,1128552
3137687,19,1754603,1754599,1128600
3137688,18,1754772,1754775,1128652
3137689,36,1754768,1754778,1128652
3137690,9,1754855,1754854,1128656
3137691,9,1754953,854183,1263571
3137692,11,1754954,854184,1263571
3137693,13,1754955,854186,1263571
3137694,17,1754957,854183,1263571
3137695,19,1754958,854184,1263571
3137696,21,1754959,854186,1263571
3137697,25,1754961,854183,1263571
3137698,27,1754962,854184,1263571
3137699,29,1754963,854186,1263571
3137700,4,1755402,1755399,1128818
3137701,20,1755406,1755399,1128818
3137702,24,1755505,854551,1128830
3137703,31,1755507,854552,1128830
3137704,33,1755508,854552,1128830
3137705,13,363314,1755655,1128870
3137706,30,1755700,1755698,1128881
3137707,8,1755909,1755907,1128888
3137708,26,1755956,1755941,1128892
3137709,9,1756268,855022,1128961
3137710,12,1756270,855022,1128961
3137711,25,364294,1756500,1129022
3137712,35,1756512,1756500,1129022
3137713,8,1756549,1756548,1129033
3137714,70,364321,1756500,1129022
3137715,80,1756507,1756500,1129022
3137716,26,1756663,1756656,1129058
3137717,38,1756660,1756659,1129058
3137718,41,1756662,1756661,1129058
3137719,10,1757618,1757609,1129262
3137720,19,1757613,1757612,1129262
3137721,10,1757948,1757945,1129387
3137722,15,365888,1758000,1263737
3137723,18,1758021,365895,1129407
3137724,26,1758037,365895,1129407
3137725,8,366250,1758457,1129564
3137726,8,1758553,1758551,1129595
3137727,12,1758569,1758568,1129600
3137728,19,1758596,1758595,1129604
3137729,6,366379,1758629,1129610
3137730,23,366528,856618,1263784
3137731,124,1758972,1758970,1129703
3137732,129,1758974,1758973,1129703
3137733,137,1758991,1758990,1129703
3137734,142,1758994,1758993,1129703
3137735,18,366740,1759180,1129737
3137736,16,366748,1759202,1129739
3137737,19,1759304,1759303,1129772
3137738,139,1759416,1759414,1263823
3137739,146,1759419,1759418,1263823
3137740,153,1759422,1759421,1263823
3137741,177,1759429,1759428,1263823
3137742,36,367402,1759756,1263855
3137743,43,367434,1759757,1263855
3137744,50,367449,1759758,1263855
3137745,57,1759760,1759759,1263855
3137746,62,367466,1759762,1263855
3137747,14,1759976,1759843,1129967
3137748,20,1759978,1759843,1129967
3137749,36,1759975,367506,1129967
3137750,41,367515,367506,1129967
3137751,57,1759968,367506,1129967
3137752,59,1759966,367527,1129967
3137753,65,367520,367506,1129967
3137754,71,1759970,367527,1129967
3137755,82,1759961,367527,1129967
3137756,111,1759942,367527,1129967
3137757,115,1759945,367527,1129967
3137758,119,1759948,367527,1129967
3137759,123,1759952,367527,1129967
3137760,127,1759955,367527,1129967
3137761,131,1759958,367527,1129967
3137762,139,1759940,367527,1129967
3137763,173,1759910,367527,1129967
3137764,177,1759913,367527,1129967
3137765,181,1759916,367527,1129967
3137766,197,1759930,367527,1129967
3137767,236,1759869,1759843,1129967
3137768,239,1759904,367568,1129967
3137769,244,1759871,1759843,1129967
3137770,247,1759873,1759843,1129967
3137771,250,1759875,1759843,1129967
3137772,276,1759901,367567,1129967
3137773,2,1760161,1760160,1130013
3137774,2,1760170,1760169,1130024
3137775,11,1760321,1760320,1130094
3137776,4,367833,1760379,1130132
3137777,7,367834,1760381,1130132
3137778,29,1760448,1760418,1130137
3137779,40,1760449,1760418,1130137
3137780,42,1760453,1760418,1130137
3137781,44,1760450,1760418,1130137
3137782,46,1760452,1760418,1130137
3137783,66,1760419,1760418,1130137
3137784,68,1760434,1760418,1130137
3137785,70,1760439,1760418,1130137
3137786,72,1760435,1760418,1130137
3137787,74,1760436,1760418,1130137
3137788,80,1760465,1760418,1130137
3137789,88,1760421,1760418,1130137
3137790,90,1760433,1760418,1130137
3137791,92,1760422,1760418,1130137
3137792,94,1760423,1760418,1130137
3137793,8,1760542,1760541,1130155
3137794,21,1760584,1760583,1130169
3137795,32,1760585,1760583,1130169
3137796,34,1760590,1760583,1130169
3137797,36,1760586,1760583,1130169
3137798,38,1760589,1760583,1130169
3137799,8,1760774,1760773,1130196
3137800,11,1760775,1760773,1130196
3137801,36,1760779,1760778,1130196
3137802,46,1760783,1760773,1130196
3137803,50,1760785,1760773,1130196
3137804,55,367941,1760773,1130196
3137805,57,367942,1760773,1130196
3137806,64,367949,1760773,1130196
3137807,66,367950,1760773,1130196
3137808,68,367951,1760773,1130196
3137809,70,367952,1760773,1130196
3137810,78,367959,1760773,1130196
3137811,80,367961,1760773,1130196
3137812,82,367964,1760773,1130196
3137813,84,367966,1760773,1130196
3137814,86,367968,1760773,1130196
3137815,88,367969,1760773,1130196
3137816,10,1760897,1760896,1130219
3137817,13,1760898,1760896,1130219
3137818,39,1760903,1760902,1130219
3137819,50,1760916,1760896,1130219
3137820,54,1760917,1760896,1130219
3137821,59,368036,1760896,1130219
3137822,61,368037,1760896,1130219
3137823,67,368041,1760896,1130219
3137824,69,368042,1760896,1130219
3137825,71,368043,1760896,1130219
3137826,73,368044,1760896,1130219
3137827,80,368054,1760896,1130219
3137828,82,368055,1760896,1130219
3137829,84,368056,1760896,1130219
3137830,86,368057,1760896,1130219
3137831,88,368058,1760896,1130219
3137832,90,368059,1760896,1130219
3137833,15,368091,368089,1130268
3137834,16,368092,368089,1130268
3137835,22,1761051,1761050,1130268
3137836,28,1761056,1761054,1130268
3137837,29,1761055,368089,1130268
3137838,35,1761062,1761060,1130268
3137839,36,1761061,368089,1130268
3137840,40,368096,368089,1130268
3137841,41,368097,368089,1130268
3137842,44,368099,368089,1130268
3137843,45,368100,368089,1130268
3137844,48,368102,368089,1130268
3137845,49,368105,368089,1130268
3137846,50,368106,368089,1130268
3137847,51,368107,368089,1130268
3137848,54,368109,368089,1130268
3137849,55,368110,368089,1130268
3137850,56,368111,368089,1130268
3137851,57,368112,368089,1130268
3137852,58,368113,368089,1130268
3137853,59,368114,368089,1130268
3137854,90,368202,368127,1130273
3137855,7,1761355,1761354,1130569
3137856,12,1761360,1761358,1130569
3137857,20,1761369,1761367,1130569
3137858,28,1761380,1761379,1130569
3137859,8,1761453,1761448,1130629
3137860,10,1761452,1761451,1130629
3137861,8,1761572,1761570,1130673
3137862,22,1761623,1761622,1130682
3137863,33,1761631,1761630,1130682
3137864,8,368842,857567,1263971
3137865,52,1761724,368876,1130695
3137866,59,1761729,368876,1130695
3137867,73,1761716,368876,1130695
3137868,7,1761767,1761766,1130699
3137869,81,1761722,368876,1130695
3137870,84,1761723,368876,1130695
3137871,94,1761719,368876,1130695
3137872,99,1761721,368876,1130695
3137873,7,1761772,1761771,1130701
3137874,3,1761816,1761814,1130705
3137875,6,1761833,1761814,1130705
3137876,10,1761818,1761814,1130705
3137877,14,1761832,1761814,1130705
3137878,18,1761820,1761814,1130705
3137879,25,1761799,1761798,1263974
3137880,29,1761801,1761800,1263974
3137881,22,1761830,1761814,1130705
3137882,26,1761822,1761814,1130705
3137883,30,1761828,1761814,1130705
3137884,34,1761824,1761814,1130705
3137885,38,1761826,1761814,1130705
3137886,35,1761909,1761908,1263979
3137887,41,1761912,1761911,1263979
3137888,29,1761983,1761981,1130758
3137889,35,369079,1761972,1130754
3137890,25,1762035,1762034,1130769
3137891,10,1762077,1762072,1130776
3137892,6,1762096,1762095,1130785
3137893,12,1762158,857782,1130800
3137894,16,1762163,857782,1130800
3137895,20,1762160,857782,1130800
3137896,22,1762161,857782,1130800
3137897,75,1762191,1762200,1130805
3137898,16,1762306,1762305,1130861
3137899,19,1762308,1762307,1130861
3137900,26,1762313,1762311,1130861
3137901,30,1762343,1762334,1130868
3137902,31,1762342,1762335,1130868
3137903,52,1762315,1762314,1130861
3137904,27,1762502,1762501,1130925
3137905,31,1762504,1762503,1130925
3137906,15,1762855,1762843,1130942
3137907,37,1762862,1762838,1130942
3137908,41,1762840,1762839,1130942
3137909,66,1762836,1762835,1130942
3137910,19,1762942,1762941,1130953
3137911,20,1762945,1762944,1130953
3137912,42,1762936,1762935,1130953
3137913,49,1762940,1762939,1130953
3137914,76,1762925,1762924,1130953
3137915,92,1762927,1762926,1130953
3137916,93,369486,1762928,1130953
3137917,129,1762918,1762917,1130953
3137918,132,1762920,1762919,1130953
3137919,138,1762923,1762922,1130953
3137920,10,1763103,857977,1264045
3137921,8,1763127,857986,1130996
3137922,9,369586,858009,1264052
3137923,10,1763187,369593,1131000
3137924,82,1763624,1763623,1131012
3137925,120,1763587,1763585,1131012
3137926,125,1763589,1763588,1131012
3137927,130,1763628,1763545,1131012
3137928,178,1763564,1763563,1131012
3137929,185,1763559,1763556,1131012
3137930,187,1763558,1763557,1131012
3137931,191,1763561,1763560,1131012
3137932,245,1763632,1763631,1131012
3137933,8,1763765,1763764,1131183
3137934,4,1763779,1763778,1131187
3137935,4,1763792,1763791,1131195
3137936,4,1763800,1763798,1131201
3137937,5,1763875,1763874,1131209
3137938,5,1763885,1763884,1131215
3137939,10,1763883,1763882,1131215
3137940,3,1763893,1763892,1131218
3137941,4,1763900,1763898,1131220
3137942,3,1763906,1763905,1131223
3137943,8,1763919,1763918,1131225
3137944,6,1763939,1763938,1131234
3137945,8,1763959,1763958,1131245
3137946,12,1763962,1763961,1131245
3137947,16,1763968,1763964,1131245
3137948,18,1763966,1763965,1131245
3137949,23,1763970,1763969,1131245
3137950,8,1763977,1763976,1131247
3137951,12,1763986,1763982,1131247
3137952,14,1763984,1763983,1131247
3137953,19,1763980,1763979,1131247
3137954,8,1763998,1763997,1131249
3137955,8,1764018,1764017,1131259
3137956,9,1764038,1764037,1131261
3137957,8,1764078,1764077,1131269
3137958,12,1764102,1764101,1131275
3137959,8,1764113,1764112,1131277
3137960,8,1764136,1764135,1131283
3137961,8,1764173,1764172,1131291
3137962,47,1764204,1764190,1131296
3137963,11,1764241,1764239,1264087
3137964,16,1764242,1764239,1264087
3137965,19,1764274,1764271,1264089
3137966,25,1764277,1764273,1264089
3137967,33,1764296,1764272,1264089
3137968,59,1764278,1764272,1264089
3137969,9,1764328,1764327,1131330
3137970,48,1764359,1764378,1131325
3137971,62,1764363,1764378,1131325
3137972,13,1764411,1764410,1131347
3137973,12,1764429,1764427,1131357
3137974,78,370706,1764494,1131355
3137975,8,1764533,1764532,1131368
3137976,13,1764537,1764535,1131368
3137977,25,1764539,1764538,1131368
3137978,8,1764570,1764569,1131378
3137979,8,1764586,1764585,1131383
3137980,41,370800,858256,1131374
3137981,7,1764611,1764610,1131391
3137982,21,1764646,1764643,1264108
3137983,6,1764633,1764632,1131396
3137984,8,1764656,1764655,1131403
3137985,4,1764678,1764676,1131405
3137986,4,1764684,1764683,1131410
3137987,8,1764724,1764723,1131417
3137988,15,1764729,1764727,1131417
3137989,27,1764731,1764730,1131417
3137990,13,371062,858290,1264122
3137991,2,1764974,1764973,1264140
3137992,106,371544,1764990,1131487
3137993,40,371552,1765069,1131496
3137994,51,371565,1765072,1131496
3137995,7,1765142,1765141,1264143
3137996,7,1765168,1765167,1264148
3137997,10,1765192,1765190,1131517
3137998,53,1765302,858450,1131505
3137999,69,1765273,858450,1131505
3138000,73,1765301,858450,1131505
3138001,77,1765276,858450,1131505
3138002,81,1765299,858450,1131505
3138003,85,1765281,858450,1131505
3138004,89,1765297,858450,1131505
3138005,93,1765283,858450,1131505
3138006,97,1765295,858450,1131505
3138007,101,1765285,858450,1131505
3138008,105,1765293,858450,1131505
3138009,109,1765287,858450,1131505
3138010,113,1765291,858450,1131505
3138011,116,1765288,858450,1131505
3138012,119,1765289,858450,1131505
3138013,131,1765246,858450,1131505
3138014,135,1765271,858450,1131505
3138015,139,1765248,858450,1131505
3138016,143,1765269,858450,1131505
3138017,147,1765250,858450,1131505
3138018,151,1765267,858450,1131505
3138019,155,1765252,858450,1131505
3138020,159,1765264,858450,1131505
3138021,163,1765254,858450,1131505
3138022,167,1765262,858450,1131505
3138023,171,1765256,858450,1131505
3138024,175,1765260,858450,1131505
3138025,178,1765257,858450,1131505
3138026,181,1765258,858450,1131505
3138027,193,1765224,858450,1131505
3138028,197,1765244,858450,1131505
3138029,201,1765226,858450,1131505
3138030,205,1765242,858450,1131505
3138031,209,1765228,858450,1131505
3138032,213,1765240,858450,1131505
3138033,217,1765230,858450,1131505
3138034,221,1765238,858450,1131505
3138035,225,1765232,858450,1131505
3138036,229,1765236,858450,1131505
3138037,232,1765233,858450,1131505
3138038,235,1765234,858450,1131505
3138039,247,1765199,858450,1131505
3138040,251,1765222,858450,1131505
3138041,255,1765201,858450,1131505
3138042,259,1765220,858450,1131505
3138043,263,1765204,858450,1131505
3138044,267,1765218,858450,1131505
3138045,271,1765206,858450,1131505
3138046,275,1765216,858450,1131505
3138047,279,1765208,858450,1131505
3138048,283,1765214,858450,1131505
3138049,286,1765209,858450,1131505
3138050,289,1765212,858450,1131505
3138051,337,1765211,858450,1131505
3138052,1945,371832,858478,1264033
3138053,26,1765515,1765514,1264161
3138054,42,371850,1765517,1264161
3138055,14,1765576,1765575,1264165
3138056,22,1765574,1765573,1264165
3138057,42,371901,1765588,1131536
3138058,7,1765712,372106,1131583
3138059,14,1765716,372106,1131583
3138060,21,1765721,372106,1131583
3138061,28,1765723,372106,1131583
3138062,46,372114,858662,1131583
3138063,10,1765800,372225,1131608
3138064,17,1765802,372225,1131608
3138065,47,372233,858704,1131608
3138066,36,1765907,858744,1264189
3138067,7,1766123,1766112,1131685
3138068,9,1766122,1766121,1131685
3138069,12,1766145,1766142,1131685
3138070,14,1766144,1766143,1131685
3138071,21,372426,1766125,1131685
3138072,23,372427,1766126,1131685
3138073,25,372428,1766128,1131685
3138074,27,372429,1766130,1131685
3138075,57,1766105,1766100,1131685
3138076,59,372435,1766101,1131685
3138077,72,1766099,1766097,1131685
3138078,74,372437,1766098,1131685
3138079,131,1766093,1766091,1131685
3138080,133,372448,1766092,1131685
3138081,21,1766451,1766448,1131737
3138082,23,1766450,1766449,1131737
3138083,26,1766455,1766452,1131737
3138084,28,1766454,1766453,1131737
3138085,330,372582,1766190,1264191
3138086,23,373160,373144,1131906
3138087,24,373170,373144,1131906
3138088,6,1767884,1767881,1132026
3138089,22,1768628,1768627,1264300
3138090,3,1768656,1768651,1264301
3138091,7,1768655,1768654,1264301
3138092,4,1768673,1768670,1132226
3138093,10,1768682,1768681,1132226
3138094,16,374124,1768685,1132226
3138095,24,1768676,1768675,1132226
3138096,3,1768721,1768716,1264302
3138097,7,1768720,1768719,1264302
3138098,16,374147,1768728,1264302
3138099,22,1768744,1768733,1264302
3138100,27,1768740,1768738,1264302
3138101,14,374441,1769016,1132563
3138102,65,1769072,1769068,1132610
3138103,7,1769758,1769757,1132892
3138104,9,1769865,1769864,1132912
3138105,8,1769910,1769909,1132922
3138106,14,1770102,1770101,1133017
3138107,5,1770237,1770236,1264441
3138108,15,1770450,860277,1133165
3138109,24,1770470,860276,1133168
3138110,29,1770524,1770521,1133177
3138111,41,1770564,1770529,1133177
3138112,57,1770536,1770531,1133177
3138113,59,1770534,1770533,1133177
3138114,73,1770545,1770540,1133177
3138115,75,1770544,1770543,1133177
3138116,9,1770630,1770629,1133197
3138117,15,375944,1770632,1133197
3138118,20,375950,1770633,1133197
3138119,3,1770693,1770677,1133209
3138120,5,1770694,1770678,1133209
3138121,10,1770691,1770690,1133209
3138122,16,1770687,1770681,1133209
3138123,18,1770688,1770682,1133209
3138124,23,1770685,1770684,1133209
3138125,16,1770858,1770857,1264481
3138126,42,1770847,1770846,1264481
3138127,92,1770928,1770902,1133272
3138128,96,1770931,1770930,1133272
3138129,102,1770935,1770902,1133272
3138130,106,1770938,1770937,1133272
3138131,112,1770942,1770902,1133272
3138132,116,1770946,1770945,1133272
3138133,122,1770950,1770902,1133272
3138134,126,1770953,1770952,1133272
3138135,11,376188,860493,1133344
3138136,19,376192,860495,1133344
3138137,29,1771460,860506,1133337
3138138,11,376211,860512,1133350
3138139,14,376219,860514,1133346
3138140,19,376222,860520,1133350
3138141,7,1771540,860529,1133359
3138142,9,376240,860529,1133359
3138143,47,376277,860514,1133346
3138144,53,376285,860514,1133346
3138145,46,376313,860557,1133363
3138146,101,376321,860565,1133363
3138147,18,376375,376360,1133369
3138148,28,376390,376380,1133369
3138149,29,376392,376380,1133369
3138150,30,1771663,376360,1133369
3138151,32,1771666,376360,1133369
3138152,23,376462,376448,1133379
3138153,24,376465,376448,1133379
3138154,20,1771746,860641,1133427
3138155,27,1771744,860641,1133427
3138156,22,376594,860657,1133435
3138157,64,376683,376666,1133450
3138158,65,376686,376666,1133450
3138159,25,376801,860803,1133493
3138160,29,1772096,376811,1133514
3138161,38,1772101,376811,1133514
3138162,54,376837,376811,1133514
3138163,32,376893,1772190,1133528
3138164,14,1772272,860862,1133561
3138165,23,1772274,860862,1133561
3138166,38,1772260,1772238,1133543
3138167,116,1772253,1772238,1133543
3138168,119,1772254,1772238,1133543
3138169,121,1772256,1772238,1133543
3138170,122,1772255,1772238,1133543
3138171,126,377034,1772238,1133543
3138172,128,1772258,1772238,1133543
3138173,18,377073,860968,1264546
3138174,20,377153,860992,1133611
3138175,9,1772776,861094,1133715
3138176,13,377407,861094,1133715
3138177,9,377446,861115,1133735
3138178,18,377529,861147,1133767
3138179,46,1772911,377545,1133756
3138180,66,1772918,377550,1133756
3138181,136,1772926,377545,1133756
3138182,151,1772933,377550,1133756
3138183,179,1772904,377555,1133756
3138184,183,1772907,1772906,1133756
3138185,9,1773059,1773056,1133788
3138186,6,1773587,1773584,1133944
3138187,11,1773594,1773591,1133944
3138188,15,1773700,1773699,1133951
3138189,53,1773709,1773685,1133951
3138190,56,1773687,1773686,1133951
3138191,14,378127,1774064,1264675
3138192,15,1774483,1774469,1134140
3138193,38,1774480,378463,1134140
3138194,42,1774482,1774474,1134140
3138195,8,1774555,1774554,1134165
3138196,9,1774568,1774566,1134167
3138197,33,1774607,861587,1134167
3138198,8,1774716,1774715,1264738
3138199,13,378653,1774718,1264738
3138200,20,379007,861789,1134346
3138201,2,1775356,379211,1264819
3138202,5,1775358,379211,1264819
3138203,8,1775360,379211,1264819
3138204,11,1775362,379211,1264819
3138205,14,1775364,379211,1264819
3138206,17,1775366,379211,1264819
3138207,20,1775369,379211,1264819
3138208,23,1775372,379211,1264819
3138209,26,1775374,379211,1264819
3138210,29,1775376,379211,1264819
3138211,32,1775378,379211,1264819
3138212,34,1775379,379211,1264819
3138213,37,1775381,379211,1264819
3138214,22,1775473,1775472,1134462
3138215,25,379255,1775474,1134462
3138216,51,1775464,1775463,1134462
3138217,54,379263,1775465,1134462
3138218,15,1775642,379366,1134523
3138219,18,1775644,379366,1134523
3138220,30,1775647,379366,1134523
3138221,15,1775693,379395,1134550
3138222,19,1775697,379395,1134550
3138223,3,379393,1775715,1264849
3138224,31,379387,379395,1134550
3138225,6,1776048,1775972,1134694
3138226,8,1776049,1775973,1134694
3138227,10,1776051,1775974,1134694
3138228,47,1776058,1776017,1134694
3138229,50,1776059,1776019,1134694
3138230,53,1776022,1776021,1134694
3138231,164,1776129,1775979,1134694
3138232,167,1776130,1775981,1134694
3138233,173,1776015,1775983,1134694
3138234,176,1776016,1775986,1134694
3138235,197,1776013,1776009,1134694
3138236,200,1776012,1776011,1134694
3138237,214,1776006,1776002,1134694
3138238,217,1776005,1776004,1134694
3138239,51,379713,379692,1134759
3138240,6,1776316,1776315,1134804
3138241,9,1776319,1776318,1134804
3138242,15,1776329,1776328,1134804
3138243,19,1776334,1776332,1134804
3138244,23,1776341,1776337,1134804
3138245,26,1776340,1776339,1134804
3138246,53,1776356,1776354,1134804
3138247,2,1776400,1776399,1264917
3138248,5,1776407,1776406,1264918
3138249,5,1776419,1776416,1264920
3138250,7,1776418,1776417,1264920
3138251,7,1776431,1776430,1134827
3138252,28,1776443,1776442,1134827
3138253,12,1776472,1776471,1134832
3138254,6,1776490,1776485,1134839
3138255,9,1776488,1776487,1134839
3138256,13,1776499,1776493,1134839
3138257,16,1776497,1776496,1134839
3138258,20,1776511,1776505,1134839
3138259,23,1776509,1776508,1134839
3138260,29,1776519,1776518,1134839
3138261,33,1776525,1776522,1134839
3138262,40,1776533,1776530,1134839
3138263,20,1776630,1776629,1264925
3138264,27,1776636,1776635,1264925
3138265,34,1776642,1776641,1264925
3138266,81,1776809,380031,1134879
3138267,88,380044,380031,1134879
3138268,91,380046,380031,1134879
3138269,11,1776864,380057,1264951
3138270,13,1776868,380057,1264951
3138271,15,1776865,380057,1264951
3138272,17,1776867,380057,1264951
3138273,19,1776866,380058,1264951
3138274,208,380468,1777140,1264971
3138275,229,380515,1777145,1264971
3138276,6,1777441,1777438,1135044
3138277,8,1777440,1777439,1135044
3138278,4,1777459,1777458,1135049
3138279,8,1777471,1777470,1135049
3138280,20,1777463,1777460,1135049
3138281,24,1777466,1777465,1135049
3138282,7,1777492,1777491,1135056
3138283,16,1777530,1777529,1135080
3138284,17,1777651,862804,1135136
3138285,2,1777687,1777684,1135145
3138286,4,1777686,1777685,1135145
3138287,8,1777690,1777684,1135145
3138288,10,1777689,1777688,1135145
3138289,14,1777693,1777684,1135145
3138290,16,1777692,1777691,1135145
3138291,34,381104,381091,1135181
3138292,3,1777840,1777838,1135208
3138293,4,1777842,1777838,1135208
3138294,9,1777915,1777905,1135222
3138295,11,1777916,1777906,1135222
3138296,23,381165,1777913,1135222
3138297,26,381168,1777914,1135222
3138298,39,1777974,1777963,1135231
3138299,43,1777977,1777963,1135231
3138300,4,1778006,1777995,1135245
3138301,14,1778004,1778003,1135245
3138302,17,1778013,1778005,1135245
3138303,29,1778001,1778000,1135245
3138304,10,1778048,1778043,1135260
3138305,11,1778050,1778049,1135260
3138306,164,1778431,1778456,1135324
3138307,10,381803,1778900,1135538
3138308,16,1778982,863330,1135573
3138309,15,1779023,1779021,1135577
3138310,19,1779024,1779021,1135577
3138311,42,381977,1779021,1135577
3138312,45,1779037,1779021,1135577
3138313,68,382005,1779021,1135577
3138314,71,1779031,1779021,1135577
3138315,95,382049,1779021,1135577
3138316,6,382389,1779301,1265120
3138317,6,1779397,1779392,1135740
3138318,12,1779402,1779392,1135740
3138319,2,1779414,1779413,1135747
3138320,4,1779417,1779413,1135747
3138321,9,1779420,1779413,1135747
3138322,4,1779863,1779860,1135814
3138323,5,1779862,1779861,1135814
3138324,7,1779865,1779860,1135814
3138325,8,1779864,1779861,1135814
3138326,10,1779867,1779860,1135814
3138327,11,1779866,1779861,1135814
3138328,14,1779871,1779860,1135814
3138329,15,1779870,1779861,1135814
3138330,17,1779873,1779860,1135814
3138331,18,1779872,1779861,1135814
3138332,21,1779877,1779860,1135814
3138333,22,1779876,1779861,1135814
3138334,25,1779881,1779860,1135814
3138335,26,1779880,1779861,1135814
3138336,28,1779883,1779860,1135814
3138337,29,1779882,1779861,1135814
3138338,32,1779887,1779860,1135814
3138339,33,1779886,1779861,1135814
3138340,36,1779891,1779860,1135814
3138341,37,1779890,1779861,1135814
3138342,40,1779895,1779860,1135814
3138343,41,1779894,1779861,1135814
3138344,43,1779897,1779860,1135814
3138345,44,1779896,1779861,1135814
3138346,47,1779901,1779860,1135814
3138347,48,1779900,1779861,1135814
3138348,51,1779905,1779860,1135814
3138349,52,1779904,1779861,1135814
3138350,55,1779909,1779860,1135814
3138351,56,1779908,1779861,1135814
3138352,59,1779913,1779860,1135814
3138353,60,1779912,1779861,1135814
3138354,62,1779915,1779860,1135814
3138355,63,1779914,1779861,1135814
3138356,66,1779919,1779860,1135814
3138357,67,1779918,1779861,1135814
3138358,70,1779923,1779860,1135814
3138359,71,1779922,1779861,1135814
3138360,74,1779927,1779860,1135814
3138361,75,1779926,1779861,1135814
3138362,78,1779931,1779860,1135814
3138363,79,1779930,1779861,1135814
3138364,82,1779935,1779860,1135814
3138365,83,1779934,1779861,1135814
3138366,85,1779937,1779860,1135814
3138367,86,1779936,1779861,1135814
3138368,89,1779941,1779860,1135814
3138369,90,1779940,1779861,1135814
3138370,93,1779945,1779860,1135814
3138371,94,1779944,1779861,1135814
3138372,97,1779949,1779860,1135814
3138373,98,1779948,1779861,1135814
3138374,101,1779953,1779860,1135814
3138375,102,1779952,1779861,1135814
3138376,105,1779958,1779860,1135814
3138377,106,1779957,1779861,1135814
3138378,109,1779962,1779860,1135814
3138379,110,1779961,1779861,1135814
3138380,112,1779964,1779860,1135814
3138381,113,1779963,1779861,1135814
3138382,116,1779968,1779860,1135814
3138383,117,1779967,1779861,1135814
3138384,120,1779972,1779860,1135814
3138385,121,1779971,1779861,1135814
3138386,124,1779976,1779860,1135814
3138387,125,1779975,1779861,1135814
3138388,128,1779980,1779860,1135814
3138389,129,1779979,1779861,1135814
3138390,132,1779984,1779860,1135814
3138391,133,1779983,1779861,1135814
3138392,136,1779988,1779860,1135814
3138393,137,1779987,1779861,1135814
3138394,140,1779992,1779860,1135814
3138395,141,1779991,1779861,1135814
3138396,143,1779994,1779860,1135814
3138397,144,1779993,1779861,1135814
3138398,147,1779998,1779860,1135814
3138399,148,1779997,1779861,1135814
3138400,151,1780002,1779860,1135814
3138401,152,1780001,1779861,1135814
3138402,155,1780006,1779860,1135814
3138403,156,1780005,1779861,1135814
3138404,159,1780010,1779860,1135814
3138405,160,1780009,1779861,1135814
3138406,163,1780014,1779860,1135814
3138407,164,1780013,1779861,1135814
3138408,167,1780018,1779860,1135814
3138409,168,1780017,1779861,1135814
3138410,171,1780022,1779860,1135814
3138411,172,1780021,1779861,1135814
3138412,175,1780026,1779860,1135814
3138413,176,1780025,1779861,1135814
3138414,178,1780028,1779860,1135814
3138415,179,1780027,1779861,1135814
3138416,182,1780032,1779860,1135814
3138417,183,1780031,1779861,1135814
3138418,186,1780036,1779860,1135814
3138419,187,1780035,1779861,1135814
3138420,190,1780040,1779860,1135814
3138421,191,1780039,1779861,1135814
3138422,194,1780045,1779860,1135814
3138423,195,1780044,1779861,1135814
3138424,198,1780049,1779860,1135814
3138425,199,1780048,1779861,1135814
3138426,202,1780053,1779860,1135814
3138427,203,1780052,1779861,1135814
3138428,206,1780057,1779860,1135814
3138429,207,1780056,1779861,1135814
3138430,210,1780061,1779860,1135814
3138431,211,1780060,1779861,1135814
3138432,214,1780065,1779860,1135814
3138433,215,1780064,1779861,1135814
3138434,217,1780067,1779860,1135814
3138435,218,1780066,1779861,1135814
3138436,221,1780071,1779860,1135814
3138437,222,1780070,1779861,1135814
3138438,225,1780075,1779860,1135814
3138439,226,1780074,1779861,1135814
3138440,229,1780079,1779860,1135814
3138441,230,1780078,1779861,1135814
3138442,233,1780083,1779860,1135814
3138443,234,1780082,1779861,1135814
3138444,237,1780087,1779860,1135814
3138445,238,1780086,1779861,1135814
3138446,241,1780091,1779860,1135814
3138447,242,1780090,1779861,1135814
3138448,245,1780095,1779860,1135814
3138449,246,1780094,1779861,1135814
3138450,249,1780099,1779860,1135814
3138451,250,1780098,1779861,1135814
3138452,252,1780101,1779860,1135814
3138453,253,1780100,1779861,1135814
3138454,256,1780105,1779860,1135814
3138455,257,1780104,1779861,1135814
3138456,260,1780109,1779860,1135814
3138457,261,1780108,1779861,1135814
3138458,264,1780113,1779860,1135814
3138459,265,1780112,1779861,1135814
3138460,268,1780117,1779860,1135814
3138461,269,1780116,1779861,1135814
3138462,272,1780121,1779860,1135814
3138463,273,1780120,1779861,1135814
3138464,276,1780125,1779860,1135814
3138465,277,1780124,1779861,1135814
3138466,280,1780129,1779860,1135814
3138467,281,1780128,1779861,1135814
3138468,283,1780131,1779860,1135814
3138469,284,1780130,1779861,1135814
3138470,287,1780135,1779860,1135814
3138471,288,1780134,1779861,1135814
3138472,291,1780139,1779860,1135814
3138473,292,1780138,1779861,1135814
3138474,295,1780143,1779860,1135814
3138475,296,1780142,1779861,1135814
3138476,299,1780147,1779860,1135814
3138477,300,1780146,1779861,1135814
3138478,303,1780151,1779860,1135814
3138479,304,1780150,1779861,1135814
3138480,307,1780155,1779860,1135814
3138481,308,1780154,1779861,1135814
3138482,310,1780157,1779860,1135814
3138483,311,1780156,1779861,1135814
3138484,314,1780161,1779860,1135814
3138485,315,1780160,1779861,1135814
3138486,318,1780165,1779860,1135814
3138487,319,1780164,1779861,1135814
3138488,322,1780170,1779860,1135814
3138489,323,1780169,1779861,1135814
3138490,326,1780174,1779860,1135814
3138491,327,1780173,1779861,1135814
3138492,330,1780178,1779860,1135814
3138493,331,1780177,1779861,1135814
3138494,333,1780180,1779860,1135814
3138495,334,1780179,1779861,1135814
3138496,337,1780184,1779860,1135814
3138497,338,1780183,1779861,1135814
3138498,341,1780188,1779860,1135814
3138499,342,1780187,1779861,1135814
3138500,345,1780192,1779860,1135814
3138501,346,1780191,1779861,1135814
3138502,349,1780196,1779860,1135814
3138503,350,1780195,1779861,1135814
3138504,352,1780198,1779860,1135814
3138505,353,1780197,1779861,1135814
3138506,356,1780202,1779860,1135814
3138507,357,1780201,1779861,1135814
3138508,360,1780206,1779860,1135814
3138509,361,1780205,1779861,1135814
3138510,364,1780210,1779860,1135814
3138511,365,1780209,1779861,1135814
3138512,367,1780212,1779860,1135814
3138513,368,1780211,1779861,1135814
3138514,371,1780216,1779860,1135814
3138515,372,1780215,1779861,1135814
3138516,375,1780220,1779860,1135814
3138517,376,1780219,1779861,1135814
3138518,378,1780222,1779860,1135814
3138519,379,1780221,1779861,1135814
3138520,382,1780226,1779860,1135814
3138521,383,1780225,1779861,1135814
3138522,2,382724,382723,1135866
3138523,3,382725,382723,1135866
3138524,4,382726,382723,1135866
3138525,5,382727,382723,1135866
3138526,6,382728,382723,1135866
3138527,7,382729,382723,1135866
3138528,8,382731,382723,1135866
3138529,9,382732,382723,1135866
3138530,10,382733,382723,1135866
3138531,11,382734,382723,1135866
3138532,3,1780339,1780336,1135868
3138533,4,1780338,1780336,1135868
3138534,6,1780342,1780336,1135868
3138535,7,1780341,1780336,1135868
3138536,10,1780349,1780336,1135868
3138537,11,1780348,1780336,1135868
3138538,14,1780353,1780336,1135868
3138539,15,1780352,1780336,1135868
3138540,18,1780358,1780336,1135868
3138541,19,1780357,1780336,1135868
3138542,21,1780360,1780336,1135868
3138543,22,1780359,1780336,1135868
3138544,26,1780368,1780336,1135868
3138545,27,1780367,1780336,1135868
3138546,29,1780370,1780336,1135868
3138547,30,1780369,1780336,1135868
3138548,34,1780376,1780336,1135868
3138549,35,1780375,1780336,1135868
3138550,38,1780381,1780336,1135868
3138551,39,1780380,1780336,1135868
3138552,41,1780383,1780336,1135868
3138553,42,1780382,1780336,1135868
3138554,45,1780388,1780336,1135868
3138555,46,1780387,1780336,1135868
3138556,50,1780395,1780336,1135868
3138557,51,1780394,1780336,1135868
3138558,53,1780398,1780336,1135868
3138559,54,1780396,1780336,1135868
3138560,57,1780403,1780336,1135868
3138561,58,1780401,1780336,1135868
3138562,62,1780409,1780336,1135868
3138563,63,1780408,1780336,1135868
3138564,66,1780414,1780336,1135868
3138565,67,1780413,1780336,1135868
3138566,69,1780416,1780336,1135868
3138567,70,1780415,1780336,1135868
3138568,73,1780422,1780336,1135868
3138569,74,1780420,1780336,1135868
3138570,77,1780427,1780336,1135868
3138571,78,1780426,1780336,1135868
3138572,82,1780432,1780336,1135868
3138573,83,1780431,1780336,1135868
3138574,85,1780434,1780336,1135868
3138575,86,1780433,1780336,1135868
3138576,89,1780439,1780336,1135868
3138577,90,1780438,1780336,1135868
3138578,93,1780444,1780336,1135868
3138579,94,1780443,1780336,1135868
3138580,98,1780451,1780336,1135868
3138581,99,1780449,1780336,1135868
3138582,102,1780456,1780336,1135868
3138583,103,1780455,1780336,1135868
3138584,105,1780459,1780336,1135868
3138585,106,1780458,1780336,1135868
3138586,109,1780464,1780336,1135868
3138587,110,1780462,1780336,1135868
3138588,113,1780469,1780336,1135868
3138589,114,1780468,1780336,1135868
3138590,117,1780475,1780336,1135868
3138591,118,1780473,1780336,1135868
3138592,122,1780481,1780336,1135868
3138593,123,1780480,1780336,1135868
3138594,125,1780484,1780336,1135868
3138595,126,1780483,1780336,1135868
3138596,129,1780489,1780336,1135868
3138597,130,1780488,1780336,1135868
3138598,133,1780494,1780336,1135868
3138599,134,1780493,1780336,1135868
3138600,138,1780500,1780336,1135868
3138601,139,1780499,1780336,1135868
3138602,142,1780507,1780336,1135868
3138603,143,1780506,1780336,1135868
3138604,145,1780510,1780336,1135868
3138605,146,1780508,1780336,1135868
3138606,149,1780515,1780336,1135868
3138607,150,1780514,1780336,1135868
3138608,153,1780520,1780336,1135868
3138609,154,1780519,1780336,1135868
3138610,158,1780527,1780336,1135868
3138611,159,1780525,1780336,1135868
3138612,161,1780529,1780336,1135868
3138613,162,1780528,1780336,1135868
3138614,165,1780534,1780336,1135868
3138615,166,1780533,1780336,1135868
3138616,170,1780540,1780336,1135868
3138617,171,1780539,1780336,1135868
3138618,174,1780546,1780336,1135868
3138619,175,1780545,1780336,1135868
3138620,177,1780549,1780336,1135868
3138621,178,1780547,1780336,1135868
3138622,181,1780554,1780336,1135868
3138623,182,1780552,1780336,1135868
3138624,186,1780559,1780336,1135868
3138625,187,1780558,1780336,1135868
3138626,189,1780562,1780336,1135868
3138627,190,1780560,1780336,1135868
3138628,194,1780568,1780336,1135868
3138629,195,1780567,1780336,1135868
3138630,198,1780573,1780336,1135868
3138631,199,1780572,1780336,1135868
3138632,201,1780576,1780336,1135868
3138633,202,1780574,1780336,1135868
3138634,206,1780582,1780336,1135868
3138635,207,1780581,1780336,1135868
3138636,210,1780586,1780336,1135868
3138637,211,1780585,1780336,1135868
3138638,214,1780592,1780336,1135868
3138639,215,1780591,1780336,1135868
3138640,218,1780597,1780336,1135868
3138641,219,1780596,1780336,1135868
3138642,4,1780868,1780863,1135887
3138643,4,1780917,1780915,1265151
3138644,3,1780964,1780963,1135902
3138645,3,1780969,1780968,1135904
3138646,3,1780974,1780973,1135906
3138647,3,1780979,1780978,1135908
3138648,24,1781170,1781169,1135922
3138649,28,1781180,1781171,1135922
3138650,11,1781297,1781276,1135927
3138651,20,1781258,1781257,1135927
3138652,33,1781283,1781282,1135927
3138653,44,1781261,1781260,1135927
3138654,54,1781268,1781267,1135927
3138655,61,1781284,1781272,1135927
3138656,64,1781274,1781273,1135927
3138657,20,1781569,1781566,1135965
3138658,31,383144,863851,1135949
3138659,36,1781530,1781529,1135965
3138660,46,1781574,1781531,1135965
3138661,41,383145,863851,1135949
3138662,64,1781534,1781533,1135965
3138663,79,1781547,1781539,1135965
3138664,73,1781470,863851,1135949
3138665,80,1781472,863851,1135949
3138666,85,1781471,863851,1135949
3138667,6,1781744,1781743,1135989
3138668,9,1781734,1781733,1135989
3138669,4,1781776,1781774,1135993
3138670,3,1781817,1781806,1135997
3138671,144,383220,863851,1135949
3138672,3,1781850,1781849,1136001
3138673,154,383221,863851,1135949
3138674,7,1781877,1781876,1136009
3138675,186,1781454,863851,1135949
3138676,193,1781459,863851,1135949
3138677,198,1781455,863851,1135949
3138678,25,383283,863908,1136018
3138679,37,383289,1781957,1136018
3138680,42,383291,1781958,1136018
3138681,47,1781961,1781959,1136018
3138682,28,1782179,863930,1136041
3138683,33,383356,863930,1136041
3138684,40,383357,863930,1136041
3138685,58,1782190,863930,1136041
3138686,87,1782167,863930,1136041
3138687,92,383401,863930,1136041
3138688,99,383402,863930,1136041
3138689,117,1782193,863930,1136041
3138690,28,383488,864011,1136115
3138691,38,383489,864011,1136115
3138692,56,1782362,864011,1136115
3138693,71,1782354,864011,1136115
3138694,114,383559,864011,1136115
3138695,124,383560,864011,1136115
3138696,142,1782365,864011,1136115
3138697,157,1782349,864011,1136115
3138698,15,384391,864264,1136447
3138699,7,1783166,1783165,1136468
3138700,17,384482,864279,1136474
3138701,22,1783253,1783238,1136474
3138702,28,1783255,1783238,1136474
3138703,68,1783273,1783238,1136474
3138704,73,1783263,1783238,1136474
3138705,88,384525,1783234,1136474
3138706,89,384519,1783234,1136474
3138707,62,1783302,1783301,1265198
3138708,11,1783578,1783567,1136572
3138709,57,384725,1783567,1136572
3138710,58,384720,1783567,1136572
3138711,23,384729,1783622,1136589
3138712,25,384730,1783622,1136589
3138713,8,1783878,1783876,1136633
3138714,15,1784418,864582,1136771
3138715,4,385368,1784568,1136806
3138716,12,1784713,1784712,1265256
3138717,2,1784838,1784837,1265271
3138718,7,1784842,1784841,1265271
3138719,13,1784845,1784844,1265271
3138720,2,1784872,1784871,1265272
3138721,7,1784874,1784873,1265272
3138722,3,1784884,1784881,1136948
3138723,4,1784883,1784882,1136948
3138724,9,1784886,1784885,1136948
3138725,16,1784889,1784887,1136948
3138726,17,1784888,1784882,1136948
3138727,41,1784854,385614,1136937
3138728,14,1784924,1784922,1136956
3138729,15,1784923,1784920,1136956
3138730,144,1785029,385709,1265276
3138731,159,385783,385709,1265276
3138732,167,1785080,385709,1265276
3138733,174,385797,385709,1265276
3138734,6,1785210,1785201,1137087
3138735,8,1785211,1785203,1137087
3138736,10,1785212,1785201,1137087
3138737,12,1785213,1785203,1137087
3138738,21,1785202,1785201,1137087
3138739,23,1785204,1785203,1137087
3138740,30,1785206,1785201,1137087
3138741,32,1785207,1785203,1137087
3138742,81,1785331,386056,1137156
3138743,68,1785520,386398,1137210
3138744,74,1785521,1785585,1137210
3138745,162,1785615,386398,1137210
3138746,164,1785534,1785603,1137210
3138747,178,1785618,1785534,1137210
3138748,198,1785624,386398,1137210
3138749,208,1785626,1785607,1137210
3138750,240,1785516,386398,1137210
3138751,241,1785515,386397,1137210
3138752,264,1785513,386374,1137210
3138753,265,1785512,386376,1137210
3138754,391,1785500,386399,1137210
3138755,395,1785505,386399,1137210
3138756,23,1785760,1785751,1137374
3138757,24,1785759,1785753,1137374
3138758,26,1785762,865065,1137374
3138759,27,1785761,1785756,1137374
3138760,26,1785789,1785788,1137399
3138761,65,1785990,865209,1137503
3138762,30,1786125,1786124,1137558
3138763,34,386815,1786128,1137558
3138764,75,1786118,1786117,1137558
3138765,78,1786120,1786119,1137558
3138766,92,1786171,386881,1137571
3138767,93,1786172,386854,1137571
3138768,15,387307,387311,1137829
3138769,24,1786626,1786625,1137838
3138770,106,387774,1787317,1138127
3138771,106,1787419,1787447,1138221
3138772,131,387911,1787447,1138221
3138773,22,1788123,866370,1265432
3138774,16,1788344,1788340,1138693
3138775,18,388923,866503,1138710
3138776,12,388953,388956,1138741
3138777,32,1788438,388956,1138741
3138778,36,1788440,388956,1138741
3138779,17,389103,389110,1138796
3138780,48,1788526,389110,1138796
3138781,12,389236,389233,1138898
3138782,47,1788785,389233,1138898
3138783,58,389251,389233,1138898
3138784,30,389408,389389,1139009
3138785,21,389732,389755,1139127
3138786,57,1790075,390013,1139207
3138787,68,1790087,390013,1139207
3138788,84,1790074,390013,1139207
3138789,98,1790021,1790020,1139211
3138790,102,1790023,1790022,1139211
3138791,116,1790030,1790029,1139211
3138792,120,1790032,1790031,1139211
3138793,61,1790224,390167,1139232
3138794,62,1790225,390168,1139232
3138795,63,1790226,390169,1139232
3138796,32,1790257,867045,1139252
3138797,40,1790259,867045,1139252
3138798,53,1790262,867045,1139252
3138799,61,1790264,867045,1139252
3138800,115,1790381,1790378,1139257
3138801,147,1790384,1790383,1139257
3138802,157,1790327,1790326,1139257
3138803,188,1790388,1790387,1139257
3138804,193,1790349,1790388,1139257
3138805,197,1790351,1790388,1139257
3138806,206,1790353,1790388,1139257
3138807,210,1790355,1790388,1139257
3138808,270,1790393,1790392,1139257
3138809,169,1790719,1790715,1139313
3138810,10,1790939,1790937,1139378
3138811,6,390624,1791011,1139394
3138812,62,1790978,1790975,1265509
3138813,3,1791090,1791089,1265517
3138814,28,390745,1791076,1139414
3138815,19,1791126,1791130,1265523
3138816,38,1791122,1791133,1265523
3138817,6,1791236,1791235,1139434
3138818,13,1791216,1791215,1139434
3138819,198,390787,1790982,1265509
3138820,18,1791229,1791228,1139434
3138821,24,1791213,1791212,1139434
3138822,29,1791210,1791209,1139434
3138823,33,1791225,1791224,1139434
3138824,38,1791200,1791199,1139434
3138825,43,1791196,1791195,1139434
3138826,47,1791202,867282,1139434
3138827,49,1791203,867282,1139434
3138828,55,1791217,867283,1139434
3138829,57,1791218,867283,1139434
3138830,64,390797,1791232,1139434
3138831,6,1791305,1791304,1139442
3138832,13,1791284,1791283,1139442
3138833,18,1791297,1791296,1139442
3138834,24,1791280,1791279,1139442
3138835,29,1791276,1791275,1139442
3138836,34,1791294,1791293,1139442
3138837,38,1791266,1791265,1139442
3138838,43,1791262,1791261,1139442
3138839,47,1791268,867304,1139442
3138840,49,1791269,867304,1139442
3138841,55,1791286,867307,1139442
3138842,57,1791287,867307,1139442
3138843,64,390822,1791301,1139442
3138844,6,1791366,1791365,1139447
3138845,13,1791344,1791343,1139447
3138846,18,1791358,1791357,1139447
3138847,24,1791340,1791339,1139447
3138848,29,1791336,1791335,1139447
3138849,34,1791354,1791353,1139447
3138850,39,1791327,1791326,1139447
3138851,43,1791323,1791322,1139447
3138852,47,1791328,867320,1139447
3138853,49,1791329,867320,1139447
3138854,55,1791346,867321,1139447
3138855,57,1791347,867321,1139447
3138856,64,390837,1791362,1139447
3138857,6,1791431,1791430,1139464
3138858,13,1791411,1791410,1139464
3138859,18,1791424,1791423,1139464
3138860,24,1791407,1791406,1139464
3138861,29,1791401,1791400,1139464
3138862,34,1791420,1791419,1139464
3138863,39,1791386,1791385,1139464
3138864,44,1791383,1791382,1139464
3138865,47,1791389,867338,1139464
3138866,49,1791391,867338,1139464
3138867,54,1791413,867341,1139464
3138868,56,1791414,867341,1139464
3138869,62,390855,1791428,1139464
3138870,4,1791468,1791467,1139474
3138871,4,1791485,1791484,1139487
3138872,4,1791497,1791496,1139489
3138873,6,1791561,1791560,1139493
3138874,10,1791564,1791563,1139493
3138875,18,1791544,1791542,1139493
3138876,24,1791557,1791556,1139493
3138877,31,1791540,1791539,1139493
3138878,37,390915,1791537,1139493
3138879,42,390917,1791554,1139493
3138880,47,390921,1791518,1139493
3138881,52,390923,1791514,1139493
3138882,56,1791521,867413,1139493
3138883,58,1791527,867413,1139493
3138884,59,1791525,867413,1139493
3138885,62,1791532,867413,1139493
3138886,63,1791530,867413,1139493
3138887,68,390942,867413,1139493
3138888,69,390941,867413,1139493
3138889,76,1791545,867421,1139493
3138890,79,1791548,867421,1139493
3138891,80,1791547,867421,1139493
3138892,84,1791552,867421,1139493
3138893,85,1791551,867421,1139493
3138894,90,390969,867421,1139493
3138895,91,390968,867421,1139493
3138896,2,1791752,1791751,1139573
3138897,2,1791755,1791754,1139578
3138898,3,1791989,1791988,1139623
3138899,7,1792054,1792053,1139638
3138900,32,1792066,867636,1139638
3138901,9,1792129,867672,1139651
3138902,10,392034,392038,1139956
3138903,37,392040,392038,1139956
3138904,109,1793555,1793536,1265688
3138905,112,1793556,1793536,1265688
3138906,115,1793557,1793536,1265688
3138907,118,1793558,1793536,1265688
3138908,121,1793559,1793536,1265688
3138909,124,1793560,1793536,1265688
3138910,127,1793561,1793536,1265688
3138911,136,1793573,1793536,1265688
3138912,145,1793543,1793536,1265688
3138913,150,1793554,1793536,1265688
3138914,160,1793547,1793536,1265688
3138915,163,1793548,1793536,1265688
3138916,175,1793576,1793536,1265688
3138917,249,1793544,1793536,1265688
3138918,8,1793797,392578,1140104
3138919,11,1793806,392582,1140106
3138920,39,1794086,1794085,1140115
3138921,146,1794097,868552,1140115
3138922,147,1794098,868552,1140115
3138923,233,392758,868582,1140115
3138924,283,392786,868552,1140115
3138925,286,1794127,868552,1140115
3138926,291,1794129,868552,1140115
3138927,312,1794106,868611,1140115
3138928,14,1794356,1794355,1140160
3138929,34,392882,392877,1140160
3138930,3,1794758,1794757,1265722
3138931,12,1794761,1794760,1265722
3138932,42,393124,1794876,1140240
3138933,21,393189,1794966,1265726
3138934,27,393194,1794967,1265726
3138935,5,393207,1794977,1265728
3138936,10,1794995,1794984,1140251
3138937,51,393352,868916,1140251
3138938,67,1795115,393463,1140272
3138939,11,393571,869023,1140334
3138940,107,393610,1795137,1140272
3138941,108,393613,393463,1140272
3138942,18,393634,1795305,1140377
3138943,16,393655,1795341,1140383
3138944,36,393852,869077,1140379
3138945,55,1795393,869083,1140379
3138946,98,393807,869118,1140379
3138947,18,1795768,1795764,1140517
3138948,20,1795767,1795758,1140517
3138949,18,1795800,1795799,1140534
3138950,13,1796037,1796032,1140577
3138951,12,1796130,869253,1140615
3138952,18,1796132,869248,1140615
3138953,74,394240,394229,1140634
3138954,79,394241,1796217,1140634
3138955,18,1796275,869311,1265803
3138956,52,1796280,869344,1265803
3138957,56,1796282,1796281,1265803
3138958,23,394310,1796386,1140661
3138959,35,394316,1796386,1140661
3138960,11,1796433,1796431,1140675
3138961,3,1796454,1796453,1140679
3138962,3,1796470,1796469,1140685
3138963,5,1796658,1796657,1140732
3138964,13,1796709,1796708,1140747
3138965,20,1796774,869485,1140751
3138966,23,1796778,869485,1140751
3138967,28,1796779,869485,1140751
3138968,10,1796803,394549,1265845
3138969,15,1796809,394549,1265845
3138970,19,1796811,394549,1265845
3138971,24,1796806,394549,1265845
3138972,13,394574,1796854,1140763
3138973,16,1796856,1796855,1140763
3138974,17,394581,1796856,1140763
3138975,19,1796858,1796857,1140763
3138976,20,394580,1796858,1140763
3138977,56,1797008,394848,1265854
3138978,77,394799,869651,1265854
3138979,14,1797170,869684,1140895
3138980,23,1797172,869684,1140895
3138981,9,395050,1797290,1140941
3138982,11,395168,1797438,1141011
3138983,30,395176,869821,1265891
3138984,37,1797462,869826,1265891
3138985,7,395196,1797530,1141025
3138986,6,1797548,869855,1265901
3138987,17,395214,869855,1265901
3138988,21,1797612,1797615,1265902
3138989,12,1797692,1797688,1141088
3138990,14,1797693,1797688,1141088
3138991,19,395404,869997,1265911
3138992,11,1797882,870042,1141134
3138993,3,1798009,1798007,1141148
3138994,52,1798079,870135,1141164
3138995,34,1798171,870169,1141183
3138996,47,1798236,870204,1141198
3138997,51,1798245,870204,1141198
3138998,10,1798348,870240,1265940
3138999,16,1798375,870252,1141238
3139000,28,1798393,1798410,1141234
3139001,5,1798468,395868,1141256
3139002,11,1798471,395868,1141256
3139003,10,1798496,395876,1141266
3139004,8,1798512,870308,1265944
3139005,9,395940,870318,1265947
3139006,14,1798784,1798783,1141375
3139007,18,1798818,1798817,1141377
3139008,3,1798843,1798842,1141382
3139009,3,1798853,1798851,1141384
3139010,3,1798887,1798886,1141389
3139011,17,396128,1798876,1265967
3139012,27,1798875,1798874,1265967
3139013,7,1798899,1798898,1141391
3139014,11,1798938,1798937,1265974
3139015,7,1798962,1798967,1141405
3139016,44,1799107,870566,1141429
3139017,52,1799117,870566,1141429
3139018,94,396349,396328,1141423
3139019,163,396384,396402,1141423
3139020,205,396420,1799297,1141423
3139021,22,1799404,1799398,1141567
3139022,34,1799406,396475,1141567
3139023,5,1799459,1799456,1141594
3139024,6,1799460,1799457,1141594
3139025,15,396500,1799456,1141594
3139026,16,396501,1799457,1141594
3139027,18,1799464,1799456,1141594
3139028,19,1799465,1799457,1141594
3139029,15,1799484,1799470,1141591
3139030,7,396513,396507,1141598
3139031,9,396514,396508,1141598
3139032,10,396515,396507,1141598
3139033,11,396516,396508,1141598
3139034,43,1799392,870666,1141569
3139035,44,396525,870668,1141569
3139036,5,1799536,1799529,1141602
3139037,6,1799537,1799530,1141602
3139038,7,1799538,1799529,1141602
3139039,8,1799539,1799530,1141602
3139040,21,1799533,1799529,1141602
3139041,23,1799548,1799529,1141602
3139042,25,1799534,1799529,1141602
3139043,27,1799549,1799529,1141602
3139044,34,1799542,1799530,1141602
3139045,36,1799552,1799530,1141602
3139046,38,1799535,1799530,1141602
3139047,40,1799553,1799530,1141602
3139048,67,396569,396530,1141563
3139049,36,396582,1799470,1141591
3139050,62,1799477,1799472,1141591
3139051,83,396648,1799472,1141591
3139052,4,1799614,396660,1141643
3139053,3,1799620,396674,1141651
3139054,6,1799629,1799627,1141659
3139055,7,1799628,1799627,1141659
3139056,10,1799631,1799627,1141659
3139057,12,1799633,1799627,1141659
3139058,15,1799637,1799627,1141659
3139059,16,1799636,1799627,1141659
3139060,19,1799639,1799627,1141659
3139061,21,1799641,1799627,1141659
3139062,24,1799645,1799627,1141659
3139063,25,1799644,1799627,1141659
3139064,28,1799647,1799627,1141659
3139065,30,1799649,1799627,1141659
3139066,6,396703,1799659,1141664
3139067,7,396704,1799659,1141664
3139068,8,396705,1799659,1141664
3139069,13,1799662,1799659,1141664
3139070,17,1799665,1799659,1141664
3139071,21,1799668,1799659,1141664
3139072,9,1800308,1800307,1142077
3139073,13,1800310,1800309,1142077
3139074,9,1800329,1800328,1142083
3139075,13,1800333,1800332,1142083
3139076,22,1800379,871026,1142102
3139077,16,1800756,1800755,1142213
3139078,88,1800604,1800603,1142186
3139079,99,1800616,1800627,1142186
3139080,138,1800614,1800627,1142186
3139081,209,398092,1800627,1142186
3139082,292,1800599,1800714,1142186
3139083,303,1800601,1800714,1142186
3139084,309,398162,1800714,1142186
3139085,321,398180,1800714,1142186
3139086,21,1800893,1800892,1142269
3139087,3,1800937,1800936,1142285
3139088,59,1800964,398393,1142292
3139089,60,398389,398394,1142292
3139090,63,1800966,398393,1142292
3139091,21,1801039,398452,1142324
3139092,22,398442,398453,1142324
3139093,25,1801041,398452,1142324
3139094,16,1801085,1801082,1142337
3139095,22,1801086,1801082,1142337
3139096,23,398472,1801083,1142337
3139097,29,1801087,1801083,1142337
3139098,32,1801088,1801083,1142337
3139099,4,1801129,1801124,1266080
3139100,4,1801256,1801255,1266084
3139101,8,398748,1801470,1266105
3139102,38,1801508,871479,1142375
3139103,153,398922,871509,1142375
3139104,29,399025,1801703,1142407
3139105,10,1801820,871591,1142425
3139106,39,1801885,1801915,1142411
3139107,41,399105,1801915,1142411
3139108,63,399129,1801915,1142411
3139109,7,1802105,399252,1142483
3139110,30,1802056,399266,1142467
3139111,7,1802116,399271,1142485
3139112,44,399276,399266,1142467
3139113,52,399280,399266,1142467
3139114,18,1802237,1802224,1266146
3139115,35,1802242,1802230,1266146
3139116,27,1802316,1802315,1142550
3139117,49,399379,1802313,1142550
3139118,13,1802416,1802415,1142571
3139119,61,399571,399535,1142576
3139120,120,1802476,1802464,1142580
3139121,137,1802523,1802470,1142580
3139122,156,1802507,1802505,1142580
3139123,19,1802673,1802664,1142637
3139124,22,1802674,1802664,1142637
3139125,19,1802719,1802718,1142656
3139126,20,399793,1802769,1142675
3139127,67,1802736,1802733,1142656
3139128,112,399852,1802699,1142656
3139129,116,1802704,1802703,1142656
3139130,120,1802709,1802708,1142656
3139131,6,1803117,1803112,1142773
3139132,6,1803205,1803204,1142814
3139133,14,400134,400144,1142839
3139134,8,1803338,1803337,1142877
3139135,7,1803658,1803657,1142977
3139136,37,1803877,1803876,1143023
3139137,100,400772,872323,1143009
3139138,7,1804032,1804031,1143057
3139139,11,1805068,872633,1143188
3139140,15,1805071,872633,1143188
3139141,13,1805210,872723,1143202
3139142,39,1805197,872723,1143202
3139143,41,1805198,872723,1143202
3139144,136,1805195,1805229,1143202
3139145,138,1805196,1805229,1143202
3139146,147,1805193,1805229,1143202
3139147,149,1805194,1805229,1143202
3139148,47,1805668,1805658,1143285
3139149,68,401680,1805677,1143285
3139150,104,1805665,1805686,1143285
3139151,107,401698,1805686,1143285
3139152,2,1805971,1805969,1143364
3139153,5,1805973,1805969,1143364
3139154,30,1806067,1806066,1266338
3139155,10,1806086,1806085,1266340
3139156,57,1806094,1806093,1266340
3139157,10,1806138,1806137,1266341
3139158,48,1806142,1806141,1266341
3139159,8,1806388,1806387,1143405
3139160,9,1806389,1806388,1143405
3139161,8,1806412,1806411,1143409
3139162,9,1806413,1806412,1143409
3139163,9,1806569,1806568,1143440
3139164,22,402108,1806566,1143440
3139165,8,1806590,1806589,1143448
3139166,10,1806616,1806615,1143450
3139167,6,1806628,1806627,1143453
3139168,67,1806642,1806650,1143457
3139169,21,402212,1806722,1143475
3139170,43,1806727,1806722,1143475
3139171,47,402371,1806907,1143510
3139172,172,1806770,1806798,1143477
3139173,13,1807104,1807103,1143664
3139174,20,1807101,1807100,1143664
3139175,45,402630,1807095,1143664
3139176,48,402635,1807097,1143664
3139177,76,1807084,1807083,1143664
3139178,81,1807088,1807087,1143664
3139179,86,1807092,1807091,1143664
3139180,14,1807158,1807156,1143690
3139181,17,1807152,1807150,1143702
3139182,18,1807153,1807152,1143702
3139183,26,1807163,1807160,1143690
3139184,33,1807168,1807167,1143690
3139185,36,1807171,1807169,1143690
3139186,39,1807173,1807172,1143690
3139187,45,1807178,1807177,1143690
3139188,48,1807180,1807179,1143690
3139189,52,1807166,1807164,1143690
3139190,4,1807281,1807280,1143779
3139191,6,1807283,1807282,1143779
3139192,11,1807319,1807316,1143790
3139193,24,1807327,1807317,1143790
3139194,41,1807320,1807315,1143790
3139195,7,1807382,1807381,1143821
3139196,19,402809,1807384,1143821
3139197,64,1807336,1807313,1143790
3139198,7,1807408,1807407,1143831
3139199,13,1807433,1807432,1143831
3139200,20,402862,1807443,1143831
3139201,23,402865,1807445,1143831
3139202,26,402866,1807447,1143831
3139203,33,1807436,1807435,1143831
3139204,42,1807411,1807410,1143831
3139205,48,1807415,1807414,1143831
3139206,55,402871,1807424,1143831
3139207,58,402872,1807426,1143831
3139208,61,402873,1807428,1143831
3139209,68,1807418,1807417,1143831
3139210,11,402897,1807507,1143869
3139211,23,402904,1807503,1143869
3139212,35,402908,1807499,1143869
3139213,6,1807537,1807536,1143884
3139214,13,402925,1807544,1143884
3139215,16,402926,1807546,1143884
3139216,19,402927,1807548,1143884
3139217,26,1807552,1807540,1143884
3139218,16,1807579,1807571,1266392
3139219,7,1807626,873443,1143916
3139220,7,1807682,873457,1143937
3139221,10,1807698,1807697,1143948
3139222,11,1807699,1807698,1143948
3139223,18,1807701,1807700,1143948
3139224,19,1807702,1807701,1143948
3139225,12,1807721,1807720,1143950
3139226,13,403035,1807721,1143950
3139227,8,1807730,873469,1143953
3139228,16,1807731,1807728,1143950
3139229,17,1807733,1807731,1143950
3139230,28,1807735,1807734,1143950
3139231,29,1807737,1807735,1143950
3139232,35,1807741,1807740,1143950
3139233,36,1807742,1807741,1143950
3139234,25,403056,873469,1143953
3139235,10,1807784,1807782,1143972
3139236,11,1807786,1807784,1143972
3139237,5,1807797,1807796,1143974
3139238,6,1807798,1807797,1143974
3139239,5,1807806,1807805,1143978
3139240,6,1807807,1807806,1143978
3139241,12,1807817,1807816,1143985
3139242,13,403106,1807817,1143985
3139243,10,1807868,1807855,1143988
3139244,16,1807820,1807819,1143985
3139245,17,1807821,1807820,1143985
3139246,25,1807823,1807822,1143985
3139247,26,1807824,1807823,1143985
3139248,30,1807827,1807826,1143985
3139249,31,1807828,1807827,1143985
3139250,48,1807836,1807835,1143985
3139251,31,1807861,1807859,1143988
3139252,49,1807837,1807836,1143985
3139253,52,1807839,1807838,1143985
3139254,53,403133,1807839,1143985
3139255,55,1807841,1807840,1143985
3139256,56,403135,1807841,1143985
3139257,58,1807843,1807842,1143985
3139258,59,403136,1807843,1143985
3139259,61,1807845,1807844,1143985
3139260,62,403137,1807845,1143985
3139261,64,1807847,1807846,1143985
3139262,65,403138,1807847,1143985
3139263,7,1807931,873535,1144014
3139264,11,1807947,1807946,1144021
3139265,12,403198,1807947,1144021
3139266,14,1807949,1807948,1144021
3139267,15,403199,1807949,1144021
3139268,17,1807951,1807950,1144021
3139269,18,403200,1807951,1144021
3139270,20,1807954,1807953,1144021
3139271,21,403201,1807954,1144021
3139272,23,1807958,1807956,1144021
3139273,24,403202,1807958,1144021
3139274,26,1807961,1807960,1144021
3139275,27,403203,1807961,1144021
3139276,29,1807963,1807962,1144021
3139277,30,1807964,1807963,1144021
3139278,38,1807966,1807965,1144021
3139279,39,1807967,1807966,1144021
3139280,14,1807987,873540,1144031
3139281,11,1808033,1808032,1144054
3139282,12,403241,1808033,1144054
3139283,14,1808035,1808034,1144054
3139284,15,403242,1808035,1144054
3139285,17,1808037,1808036,1144054
3139286,18,403243,1808037,1144054
3139287,20,1808039,1808038,1144054
3139288,21,403244,1808039,1144054
3139289,15,1808057,873559,1144064
3139290,11,1808089,1808088,1144082
3139291,12,1808090,1808089,1144082
3139292,11,1808110,873562,1266407
3139293,15,1808095,1808092,1144082
3139294,16,1808097,1808095,1144082
3139295,19,1808099,1808098,1144082
3139296,20,1808100,1808099,1144082
3139297,10,1808153,1808152,1144115
3139298,11,1808154,1808153,1144115
3139299,12,1808178,873567,1144126
3139300,10,1808189,1808188,1144117
3139301,11,403307,1808189,1144117
3139302,12,1808248,873576,1144137
3139303,38,403330,1808206,1144117
3139304,70,403387,1808200,1144117
3139305,122,403471,1808194,1144117
3139306,17,1808454,1808453,1144289
3139307,25,403704,1808455,1144289
3139308,32,403707,1808463,1144289
3139309,5,1808497,1808496,1144309
3139310,6,1808505,1808497,1144309
3139311,10,1808499,1808498,1144309
3139312,11,1808500,1808499,1144309
3139313,17,1808502,1808501,1144309
3139314,18,403729,1808502,1144309
3139315,48,1808504,1808503,1144309
3139316,7,1808544,1808543,1266442
3139317,12,1808546,1808545,1266442
3139318,16,1808548,1808547,1266442
3139319,20,1808550,1808549,1266442
3139320,24,1808552,1808551,1266442
3139321,14,403789,403800,1144343
3139322,10,1808568,1808567,1144353
3139323,11,1808570,1808568,1144353
3139324,15,1808573,1808571,1144353
3139325,19,1808576,1808574,1144353
3139326,26,1808582,1808581,1144353
3139327,27,1808583,1808582,1144353
3139328,10,1808606,1808604,1144370
3139329,10,1808617,1808615,1144383
3139330,7,1808624,1808623,1266443
3139331,12,1808626,1808625,1266443
3139332,16,1808628,1808627,1266443
3139333,20,1808630,1808629,1266443
3139334,24,1808632,1808631,1266443
3139335,28,1808634,1808633,1266443
3139336,32,1808636,1808635,1266443
3139337,36,1808638,1808637,1266443
3139338,15,403870,403882,1144391
3139339,7,1808663,1808662,1144396
3139340,8,1808665,1808663,1144396
3139341,12,1808669,1808666,1144396
3139342,20,1808710,1808709,1144396
3139343,21,1808711,1808710,1144396
3139344,26,1808675,1808672,1144396
3139345,31,1808679,1808676,1144396
3139346,36,1808683,1808680,1144396
3139347,41,1808687,1808684,1144396
3139348,46,1808691,1808688,1144396
3139349,53,1808694,1808693,1144396
3139350,54,1808718,1808694,1144396
3139351,68,1808708,1808707,1144396
3139352,69,1808728,1808708,1144396
3139353,74,1808697,1808695,1144396
3139354,75,1808698,1808697,1144396
3139355,79,1808706,1808705,1144396
3139356,83,1808700,1808699,1144396
3139357,84,1808729,1808700,1144396
3139358,88,1808702,1808701,1144396
3139359,97,1808704,1808703,1144396
3139360,12,403925,403945,1144419
3139361,7,1808754,1808753,1266444
3139362,11,1808756,1808755,1266444
3139363,15,1808758,1808757,1266444
3139364,6,1808774,1808771,1144430
3139365,10,1808777,1808775,1144430
3139366,14,1808780,1808778,1144430
3139367,7,1808790,1808789,1266445
3139368,11,1808792,1808791,1266445
3139369,6,1808825,1808822,1144451
3139370,10,1808828,1808826,1144451
3139371,14,1808831,1808829,1144451
3139372,18,1808834,1808832,1144451
3139373,22,1808837,1808835,1144451
3139374,26,1808841,1808838,1144451
3139375,30,1808844,1808842,1144451
3139376,40,1808847,1808845,1144451
3139377,15,1808869,873705,1144476
3139378,24,1808871,873705,1144476
3139379,6,1808894,1808891,1144488
3139380,10,1808897,1808895,1144488
3139381,14,1808900,1808898,1144488
3139382,15,1808911,873710,1144499
3139383,24,1808913,873710,1144499
3139384,18,1808904,1808901,1144488
3139385,15,1808930,873714,1144512
3139386,24,1808932,873714,1144512
3139387,15,1808955,873720,1144527
3139388,24,1808957,873720,1144527
3139389,13,1808979,873726,1144546
3139390,22,1808981,873726,1144546
3139391,38,404332,1809071,1144574
3139392,50,404356,1809064,1144574
3139393,63,404380,1809074,1144574
3139394,75,404405,1809062,1144574
3139395,90,404426,1809076,1144574
3139396,9,404436,873767,1266453
3139397,100,404449,1809060,1144574
3139398,114,404516,1809052,1144574
3139399,117,404482,1809055,1144574
3139400,56,404723,1809230,1144720
3139401,60,404726,1809232,1144720
3139402,103,404781,1809261,1144720
3139403,16,1809403,873869,1144789
3139404,69,404961,1809381,1144776
3139405,72,404970,1809383,1144776
3139406,66,1809541,1809537,1144846
3139407,77,405173,1809530,1144846
3139408,49,1809626,1809625,1144900
3139409,61,1809693,1809692,1144935
3139410,55,1809774,1809773,1144977
3139411,31,1809902,1809901,1145002
3139412,25,1809945,1809944,1145086
3139413,8,1810046,1810045,1145205
3139414,9,1810047,1810046,1145205
3139415,314,1810243,1810242,1145203
3139416,319,1810248,1810247,1145203
3139417,343,1810261,1810260,1145203
3139418,348,1810265,1810264,1145203
3139419,417,1810163,1810162,1145203
3139420,422,1810167,1810166,1145203
3139421,461,1810193,1810192,1145203
3139422,466,1810199,1810198,1145203
3139423,20,1810701,1810700,1266515
3139424,66,1810825,1810824,1145361
3139425,72,1810864,1810863,1145361
3139426,77,1810870,1810868,1145361
3139427,116,1810840,1810839,1145361
3139428,121,1810844,1810843,1145361
3139429,177,1810822,1810809,1145361
3139430,180,1810814,1810812,1145361
3139431,185,1810818,1810817,1145361
3139432,8,406250,1811321,1145383
3139433,8,1811871,1811870,1145397
3139434,6,1812157,1812156,1145410
3139435,8,406472,1812206,1145427
3139436,7,1812227,1812225,1266568
3139437,16,406715,1812534,1145571
3139438,57,1812650,1812649,1145620
3139439,65,1812655,1812654,1145620
3139440,71,406838,1812681,1145620
3139441,77,1812697,406859,1145606
3139442,79,1812698,406859,1145606
3139443,81,1812699,406859,1145606
3139444,83,1812700,406859,1145606
3139445,85,1812701,406859,1145606
3139446,87,1812702,406859,1145606
3139447,41,1812839,1812838,1145649
3139448,44,406912,1812841,1145649
3139449,7,1812918,1812917,1266593
3139450,14,1812937,1812919,1266593
3139451,8,1812963,1812960,1145673
3139452,40,1812923,1812922,1266593
3139453,11,1812965,1812960,1145673
3139454,14,1812969,1812960,1145673
3139455,18,1812968,1812960,1145673
3139456,165,1812718,406859,1145606
3139457,71,407000,1812931,1266593
3139458,167,1812719,406859,1145606
3139459,169,1812720,406859,1145606
3139460,171,1812721,406859,1145606
3139461,173,1812722,406859,1145606
3139462,175,1812723,406859,1145606
3139463,8,1812983,1812980,1145678
3139464,11,407018,1813002,1145683
3139465,17,407087,874636,1145694
3139466,12,1813207,1813203,1145718
3139467,20,1813235,1813203,1145718
3139468,30,407248,1813203,1145718
3139469,36,1813208,1813203,1145718
3139470,44,1813224,1813203,1145718
3139471,58,1813230,1813203,1145718
3139472,61,407261,1813203,1145718
3139473,64,1813210,1813203,1145718
3139474,73,1813220,1813203,1145718
3139475,76,1813211,1813203,1145718
3139476,57,1813418,874901,1145774
3139477,60,1813419,874901,1145774
3139478,64,407493,874901,1145774
3139479,78,407508,874901,1145774
3139480,98,407525,874901,1145774
3139481,14,407545,1813464,1145817
3139482,3,1813914,1813913,1145935
3139483,3,1814022,1814021,1145970
3139484,42,1814031,875216,1145974
3139485,14,1814102,875260,1145996
3139486,18,408229,875260,1145996
3139487,3,1814205,1814204,1146034
3139488,11,1814215,1814214,1266680
3139489,42,1814235,1814234,1146036
3139490,6,1814336,1814335,1266684
3139491,21,408342,1814337,1266684
3139492,23,1814377,1814338,1266684
3139493,25,1814378,1814339,1266684
3139494,28,408341,1814340,1266684
3139495,32,408344,1814341,1266684
3139496,36,1814379,1814342,1266684
3139497,38,408346,1814343,1266684
3139498,60,408354,1814374,1266684
3139499,62,408351,1814375,1266684
3139500,65,408358,1814376,1266684
3139501,89,1814373,1814370,1266684
3139502,91,1814372,1814371,1266684
3139503,95,1814369,1814366,1266684
3139504,97,1814368,1814367,1266684
3139505,118,1814363,1814360,1266684
3139506,120,1814362,1814361,1266684
3139507,137,1814347,1814346,1266684
3139508,182,1814389,1814388,1266684
3139509,184,408367,1814390,1266684
3139510,186,408368,1814391,1266684
3139511,197,408370,1814358,1266684
3139512,199,408371,1814359,1266684
3139513,209,1814357,1814356,1266684
3139514,217,1814394,1814393,1266684
3139515,223,1814349,1814348,1266684
3139516,229,1814351,1814350,1266684
3139517,235,1814353,1814352,1266684
3139518,242,1814355,1814354,1266684
3139519,15,1814719,875428,1146107
3139520,15,1814861,1814860,1266715
3139521,19,1814864,1814863,1266715
3139522,23,1814867,1814866,1266715
3139523,2,1814893,1814892,1146154
3139524,22,1814937,1814926,1146161
3139525,46,408873,1814902,1266719
3139526,49,1814905,1814903,1266719
3139527,15,1814979,1814983,1146184
3139528,17,1814980,1814983,1146184
3139529,24,1815030,1815025,1266729
3139530,47,1815028,1815027,1266729
3139531,2,1815073,1815071,1266730
3139532,5,1815094,1815093,1266730
3139533,17,1815077,1815075,1266730
3139534,22,1815091,1815090,1266730
3139535,30,1815097,1815096,1266730
3139536,35,1815088,1815087,1266730
3139537,20,1815065,875582,1146190
3139538,26,1815074,875582,1146190
3139539,29,1815180,1815179,1146234
3139540,22,1815529,409297,1146355
3139541,8,409340,875788,1146402
3139542,3,409345,409354,1146410
3139543,5,409386,409371,1146425
3139544,8,1815697,409371,1146425
3139545,40,1815694,875823,1146425
3139546,48,1815695,875823,1146425
3139547,143,1815691,409371,1146425
3139548,5,409502,409500,1146489
3139549,8,1815824,409500,1146489
3139550,9,1815838,409507,1146492
3139551,13,1815839,409507,1146492
3139552,22,1815836,409507,1146492
3139553,26,1815837,409507,1146492
3139554,8,409553,409610,1146497
3139555,37,409536,1815847,1146495
3139556,19,1816516,1816512,1146693
3139557,3,1816639,1816637,1146737
3139558,4,1816641,1816637,1146737
3139559,5,1817047,1817046,1266872
3139560,14,1817059,1817058,1146842
3139561,18,1817074,1817073,1146842
3139562,8,1817099,1817098,1146848
3139563,13,1817103,1817101,1146848
3139564,8,1817115,1817114,1146850
3139565,13,410617,1817117,1146850
3139566,19,1817120,1817119,1146850
3139567,4,1817135,1817134,1266874
3139568,5,1817147,1817144,1146859
3139569,8,1817150,1817149,1146859
3139570,26,1817190,1817178,1266875
3139571,32,1817182,1817181,1266875
3139572,9,1817260,1817258,1146881
3139573,9,1817276,1817275,1146890
3139574,14,1817281,1817280,1146890
3139575,19,1817286,1817285,1146890
3139576,9,1817295,1817294,1146896
3139577,14,1817300,1817299,1146896
3139578,19,1817305,1817304,1146896
3139579,24,1817308,1817307,1146896
3139580,15,1817323,1817322,1266881
3139581,22,1817327,1817326,1266881
3139582,21,1817403,1817372,1146903
3139583,187,1817446,1817367,1146903
3139584,7,1817496,876737,1146942
3139585,7,1817508,876751,1146944
3139586,15,1817760,1817759,1266901
3139587,40,1817749,1817748,1266901
3139588,56,1817754,1817752,1266901
3139589,12,1817888,1817885,1147115
3139590,8,1817911,1817909,1147138
3139591,10,1817952,1817951,1266915
3139592,3,1817976,1817975,1147159
3139593,17,411284,876996,1147167
3139594,28,411327,877019,1266923
3139595,14,411364,877040,1266925
3139596,33,411541,877120,1147210
3139597,34,411547,877120,1147210
3139598,27,411648,877218,1266934
3139599,7,1818473,1818472,1147250
3139600,7,1818479,1818478,1147252
3139601,75,411825,877293,1147237
3139602,14,1818799,412081,1147420
3139603,33,1818819,412081,1147420
3139604,60,1818815,877420,1147420
3139605,69,1818859,877420,1147420
3139606,112,1818805,1818864,1147420
3139607,141,1818812,1818864,1147420
3139608,8,412129,877454,1147462
3139609,6,412139,877458,1266958
3139610,38,1819014,1819013,1266968
3139611,39,1819204,1819203,1147502
3139612,44,1819208,1819207,1147502
3139613,7,1819316,1819315,1266995
3139614,24,1819335,1819331,1147520
3139615,32,1819368,1819366,1147528
3139616,50,1819379,877619,1147528
3139617,10,1819432,877622,1147536
3139618,32,1819448,1819447,1147540
3139619,17,1819527,412516,1147553
3139620,19,1819528,412522,1147553
3139621,21,1819529,412528,1147553
3139622,35,1819524,412516,1147553
3139623,38,1819525,412522,1147553
3139624,41,1819526,412528,1147553
3139625,49,1819536,877658,1147553
3139626,18,1819652,877701,1147570
3139627,17,1819723,1819721,1267016
3139628,93,412672,877745,1147574
3139629,119,1819680,1819679,1147574
3139630,126,1819686,1819684,1147574
3139631,169,1819677,1819676,1147574
3139632,40,412702,1819873,1147577
3139633,184,1819674,1819673,1147574
3139634,46,412706,1819874,1147577
3139635,53,412713,1819876,1147577
3139636,60,412716,1819878,1147577
3139637,100,412724,1819832,1147577
3139638,106,412729,1819833,1147577
3139639,218,412741,1819884,1147577
3139640,223,412744,1819886,1147577
3139641,228,412747,1819887,1147577
3139642,233,412750,1819889,1147577
3139643,238,412755,1819890,1147577
3139644,243,412768,1819892,1147577
3139645,248,412773,1819893,1147577
3139646,253,412776,1819895,1147577
3139647,262,412781,1819858,1147577
3139648,267,412784,1819859,1147577
3139649,274,1819861,1819860,1147577
3139650,278,1819872,1819871,1147577
3139651,307,1819863,1819862,1147577
3139652,311,1819865,1819864,1147577
3139653,315,1819867,1819866,1147577
3139654,319,412824,1819868,1147577
3139655,7,1820215,877850,1147649
3139656,10,1820216,877852,1147649
3139657,431,1819835,1819834,1147577
3139658,449,412954,1819848,1147577
3139659,454,412959,1819849,1147577
3139660,459,412971,1819850,1147577
3139661,463,412979,1819851,1147577
3139662,503,413081,1819837,1147577
3139663,508,413084,1819838,1147577
3139664,513,413087,1819840,1147577
3139665,517,413092,1819841,1147577
3139666,89,1820274,877913,1147656
3139667,92,1820289,877916,1147656
3139668,84,1820429,1820408,1147694
3139669,61,1820577,413300,1147729
3139670,24,1820765,878073,1147775
3139671,58,1820819,1820818,1147788
3139672,80,1820821,1820820,1147788
3139673,87,1820823,1820822,1147788
3139674,91,1820825,1820824,1147788
3139675,3,1821214,878163,1267060
3139676,15,1821238,878168,1147827
3139677,11,413654,878177,1147872
3139678,43,413782,878216,1147928
3139679,16,414281,878516,1267163
3139680,2,1822708,878649,1267198
3139681,3,1822712,878662,1267199
3139682,37,1822726,1822735,1148343
3139683,54,1822722,1822734,1148343
3139684,38,1822768,414592,1148351
3139685,58,414601,414592,1148351
3139686,73,414605,414592,1148351
3139687,31,414669,1822890,1148369
3139688,17,414684,878730,1148385
3139689,45,414693,878730,1148385
3139690,22,1822988,1822991,1148409
3139691,27,1823021,1823020,1148423
3139692,15,1823044,1823040,1148429
3139693,19,1823050,1823040,1148429
3139694,12,1823068,1823067,1148431
3139695,15,1823104,1823100,1148439
3139696,19,1823133,414805,1148450
3139697,24,1823145,414805,1148450
3139698,15,414837,1823218,1267213
3139699,17,414838,1823218,1267213
3139700,14,1823235,1823226,1148461
3139701,31,1823234,1823226,1148461
3139702,33,414849,1823226,1148461
3139703,36,414851,1823226,1148461
3139704,25,1823252,1823256,1148463
3139705,12,414883,1823303,1267216
3139706,14,414884,1823303,1267216
3139707,48,1823362,1823358,1148485
3139708,55,1823363,1823358,1148485
3139709,61,415015,1823358,1148485
3139710,34,1823603,1823602,1148567
3139711,38,1823605,1823604,1148567
3139712,47,1823609,1823608,1148567
3139713,118,415247,1823594,1148567
3139714,160,1823580,1823579,1148567
3139715,163,1823582,1823581,1148567
3139716,191,415314,1823584,1148567
3139717,22,1823735,1823734,1148614
3139718,32,1823758,1823762,1148616
3139719,58,1823754,1823762,1148616
3139720,99,1823828,1823825,1267237
3139721,62,415437,1823761,1148616
3139722,100,1823827,415407,1267237
3139723,91,1823771,1823762,1148616
3139724,94,415506,1823760,1148616
3139725,38,1823876,879221,1148624
3139726,48,1823894,1823887,1148631
3139727,54,1823896,415480,1148631
3139728,187,1823775,1823762,1148616
3139729,193,415542,1823760,1148616
3139730,194,1823776,1823761,1148616
3139731,19,1824108,1824106,1148687
3139732,31,1824112,1824109,1148687
3139733,53,415637,1824109,1148687
3139734,6,1824155,879352,1148695
3139735,7,1824156,879352,1148695
3139736,8,1824157,879352,1148695
3139737,9,1824158,879352,1148695
3139738,22,1824174,1824173,1148700
3139739,37,415677,1824178,1148700
3139740,14,1824218,1824216,1267247
3139741,29,1824492,1824491,1267272
3139742,36,1824490,1824489,1267272
3139743,15,1824527,1824526,1267273
3139744,21,415945,1824525,1267273
3139745,27,1824855,1824859,1267288
3139746,45,1824905,1824903,1148927
3139747,53,416264,1824906,1148927
3139748,11,416357,1825068,1148962
3139749,14,1825084,1825083,1267310
3139750,3,1825960,1825959,1149208
3139751,9,1826519,1826518,1149385
3139752,5,1826662,1826661,1149405
3139753,4,1826837,417714,1267463
3139754,9,1826834,1826833,1149433
3139755,8,1827015,1827014,1149480
3139756,26,1827300,880642,1149552
3139757,49,418116,880642,1149552
3139758,9,1827384,1827383,1149569
3139759,106,418142,880670,1149552
3139760,23,1827534,880732,1149590
3139761,31,418230,880732,1149590
3139762,26,419035,419008,1149873
3139763,29,419036,419008,1149873
3139764,34,419038,419008,1149873
3139765,35,419039,419008,1149873
3139766,40,1828562,419008,1149873
3139767,41,1828563,419008,1149873
3139768,46,1828566,419008,1149873
3139769,47,1828567,419008,1149873
3139770,8,1828676,419115,1149905
3139771,8,1828691,419138,1149914
3139772,8,1828697,419153,1149921
3139773,8,1828718,419162,1149928
3139774,8,419171,419176,1149933
3139775,13,419241,1828826,1149958
3139776,12,419291,1828876,1149994
3139777,12,1828900,1828899,1150002
3139778,12,1828923,1828922,1150013
3139779,12,1828942,1828941,1150023
3139780,12,1828979,1828978,1150032
3139781,5,1829013,419324,1150047
3139782,6,1829012,419326,1150047
3139783,25,1829011,419324,1150047
3139784,26,1829010,419326,1150047
3139785,7,1829043,419336,1150058
3139786,8,1829042,419338,1150058
3139787,30,1829041,419336,1150058
3139788,32,1829040,419338,1150058
3139789,5,1829101,419356,1150076
3139790,6,1829100,419358,1150076
3139791,27,1829099,419356,1150076
3139792,28,1829098,419358,1150076
3139793,7,1829133,419377,1150086
3139794,8,1829132,419379,1150086
3139795,32,1829131,419377,1150086
3139796,34,1829130,419379,1150086
3139797,5,1829169,419397,1150097
3139798,6,1829168,419399,1150097
3139799,27,1829167,419397,1150097
3139800,28,1829166,419399,1150097
3139801,7,1829206,419416,1150107
3139802,8,1829205,419418,1150107
3139803,36,1829204,419416,1150107
3139804,38,1829203,419418,1150107
3139805,14,1829192,1829191,1267571
3139806,12,1829232,881245,1150113
3139807,15,1829234,881245,1150113
3139808,5,1829260,419460,1150121
3139809,6,1829259,419464,1150121
3139810,27,1829258,419460,1150121
3139811,28,1829257,419464,1150121
3139812,12,1829278,881256,1150125
3139813,15,1829281,881256,1150125
3139814,7,1829305,419477,1150127
3139815,8,1829304,419479,1150127
3139816,36,1829303,419477,1150127
3139817,38,1829302,419479,1150127
3139818,5,1829346,419492,1150135
3139819,6,1829345,419494,1150135
3139820,12,1829333,881276,1150133
3139821,15,1829335,881276,1150133
3139822,25,1829344,419492,1150135
3139823,26,1829343,419494,1150135
3139824,7,1829365,419506,1150139
3139825,8,1829364,419508,1150139
3139826,34,1829363,419506,1150139
3139827,36,1829362,419508,1150139
3139828,7,419521,419525,1150151
3139829,9,419523,419527,1150151
3139830,12,1829388,881305,1150145
3139831,15,1829390,881305,1150145
3139832,28,419533,419525,1150151
3139833,32,419535,419527,1150151
3139834,47,419547,419525,1150151
3139835,50,419551,419527,1150151
3139836,6,1829442,419560,1150159
3139837,7,1829441,419562,1150159
3139838,12,1829454,881318,1150163
3139839,15,1829457,881318,1150163
3139840,8,1829476,419578,1150167
3139841,9,1829475,419580,1150167
3139842,9,419599,419605,1150183
3139843,11,419601,419607,1150183
3139844,31,419615,419605,1150183
3139845,35,419617,419607,1150183
3139846,44,419619,419605,1150183
3139847,47,419621,419607,1150183
3139848,10,419665,881353,1150208
3139849,11,1829579,1829575,1150213
3139850,12,1829580,1829575,1150213
3139851,11,419690,881364,1150218
3139852,11,419764,881387,1150250
3139853,37,1829666,881406,1150244
3139854,62,1829653,1829652,1150244
3139855,71,1829662,1829658,1150244
3139856,3,1829747,1829746,1150271
3139857,40,1829809,1829808,1150277
3139858,42,1829812,1829811,1150277
3139859,59,1829773,881452,1150269
3139860,77,1829873,1829872,1150286
3139861,79,1829876,1829875,1150286
3139862,34,1829946,1829945,1150298
3139863,36,1829947,1829934,1150298
3139864,15,419917,881486,1150311
3139865,31,1830013,1830008,1150317
3139866,66,1830133,1830132,1150341
3139867,70,1830135,1830120,1150341
3139868,53,1830174,1830183,1150352
3139869,15,1830294,1830293,1267610
3139870,19,420174,1830344,1267610
3139871,123,1830335,1830333,1267610
3139872,128,420286,1830339,1267610
3139873,135,1830337,1830336,1267610
3139874,8,420335,1830470,1267616
3139875,8,1830559,1830555,1150473
3139876,11,1830558,1830557,1150473
3139877,14,1830565,1830561,1150473
3139878,17,1830564,1830563,1150473
3139879,23,1830573,1830569,1150473
3139880,26,1830572,1830571,1150473
3139881,12,1830670,1830669,1150486
3139882,19,1830682,1830677,1150486
3139883,34,1830697,1830692,1150486
3139884,51,1830709,1830708,1150486
3139885,58,1830720,1830715,1150486
3139886,73,1830735,1830730,1150486
3139887,10,1831011,1831010,1267664
3139888,7,420662,1831025,1150531
3139889,22,420693,1831072,1150537
3139890,28,420698,1831075,1150537
3139891,18,420765,420757,1267672
3139892,9,1831172,1831171,1150569
3139893,31,420775,420757,1267672
3139894,22,1831168,1831167,1150569
3139895,45,1831203,1831202,1150578
3139896,19,1831323,1831314,1267687
3139897,29,1831318,1831317,1267687
3139898,56,1831326,1831306,1267687
3139899,72,1831312,1831311,1267687
3139900,8,1831393,1831389,1150612
3139901,9,420882,1831391,1150612
3139902,10,1831407,1831402,1267694
3139903,17,1831405,1831402,1267694
3139904,20,1831406,1831402,1267694
3139905,5,1831441,1831440,1267698
3139906,12,1831465,1831464,1267701
3139907,18,420932,1831466,1267701
3139908,11,420950,1831487,1150629
3139909,9,1831497,1831496,1267703
3139910,9,420978,1831506,1150634
3139911,21,1831509,1831508,1150634
3139912,16,421002,1831524,1150637
3139913,27,1831530,1831529,1150637
3139914,25,421016,1831543,1150643
3139915,35,421024,1831545,1150643
3139916,29,421037,1831575,1150652
3139917,38,1831579,1831578,1150652
3139918,15,1831595,421032,1150658
3139919,27,1831606,421032,1150658
3139920,14,1831613,1831612,1150663
3139921,5,1831651,1831650,1267706
3139922,18,1831632,1831631,1150663
3139923,32,1831636,1831635,1150663
3139924,36,1831629,1831628,1150663
3139925,7,1831658,421064,1150671
3139926,12,1831662,421076,1150671
3139927,56,1831625,1831623,1150663
3139928,6,1831689,421097,1150690
3139929,26,1831699,1831698,1150678
3139930,31,1831722,1831721,1150678
3139931,45,1831731,1831730,1150678
3139932,49,1831718,1831716,1150678
3139933,73,1831713,1831710,1150678
3139934,14,1831820,1831803,1150728
3139935,17,1831815,1831820,1150728
3139936,48,1831813,421136,1150728
3139937,85,421148,1831803,1150728
3139938,90,1831807,421138,1150728
3139939,19,421176,1831901,1150747
3139940,24,1832177,1832137,1267736
3139941,35,1832144,1832143,1267736
3139942,42,1832147,1832146,1267736
3139943,53,1832150,1832149,1267736
3139944,99,1832128,1832118,1267736
3139945,102,1832129,1832119,1267736
3139946,107,1832202,1832130,1267736
3139947,109,1832132,1832131,1267736
3139948,114,1832135,1832134,1267736
3139949,134,1832136,1832118,1267736
3139950,221,1832125,1832118,1267736
3139951,223,1832126,1832119,1267736
3139952,245,1832120,1832118,1267736
3139953,249,421307,1832121,1267736
3139954,250,421310,1832119,1267736
3139955,252,1832123,1832119,1267736
3139956,53,1832254,1832253,1151293
3139957,6,1832374,1832372,1151430
3139958,13,1832367,1832366,1151430
3139959,44,421356,1832345,1151425
3139960,47,421359,1832346,1151425
3139961,62,1832344,1832341,1151425
3139962,64,1832343,1832342,1151425
3139963,76,1832340,1832339,1151425
3139964,56,421383,1832407,1151446
3139965,58,421386,1832408,1151446
3139966,9,1832431,421393,1151457
3139967,13,1832433,1832428,1151457
3139968,33,1832678,882362,1151507
3139969,41,1832674,882368,1151507
3139970,45,1832675,882370,1151507
3139971,12,1832947,882474,1267795
3139972,13,1832948,1832947,1267795
3139973,15,421709,1832947,1267795
3139974,20,1833202,882534,1267805
3139975,4,1833344,1833343,1151734
3139976,23,1833287,421924,1151724
3139977,5,1833349,1833348,1151736
3139978,25,421930,882620,1267820
3139979,26,421931,882620,1267820
3139980,36,421933,882624,1267820
3139981,37,421934,882624,1267820
3139982,3,1833412,1833410,1151758
3139983,4,1833414,1833410,1151758
3139984,45,1833514,1833513,1151790
3139985,60,1833508,1833507,1151790
3139986,4,422262,1833852,1151888
3139987,6,422263,1833852,1151888
3139988,8,422264,1833852,1151888
3139989,10,422265,1833852,1151888
3139990,12,422266,1833852,1151888
3139991,14,422267,1833852,1151888
3139992,4,1833882,1833879,1151895
3139993,7,1833884,1833879,1151895
3139994,10,1833886,1833879,1151895
3139995,13,1833888,1833879,1151895
3139996,16,1833890,1833879,1151895
3139997,19,1833892,1833879,1151895
3139998,3,422351,1833901,1151916
3139999,5,422352,1833901,1151916
3140000,7,422353,1833901,1151916
3140001,9,422354,1833901,1151916
3140002,11,422355,1833901,1151916
3140003,13,422356,1833901,1151916
3140004,3,422367,1833909,1151919
3140005,5,422368,1833909,1151919
3140006,7,422369,1833909,1151919
3140007,9,422370,1833909,1151919
3140008,11,422371,1833909,1151919
3140009,13,422372,1833909,1151919
3140010,7,1834008,1833969,1151938
3140011,9,1834009,1833969,1151938
3140012,11,1834010,1833969,1151938
3140013,13,1834011,1833969,1151938
3140014,15,1834012,1833969,1151938
3140015,17,1834013,1833969,1151938
3140016,2,1834044,1834043,1151957
3140017,3,1834045,1834043,1151957
3140018,4,1834046,1834043,1151957
3140019,15,1834178,1834177,1151980
3140020,33,1834201,1834183,1151980
3140021,34,1834198,1834183,1151980
3140022,119,422545,422533,1152002
3140023,122,422548,422533,1152002
3140024,149,422568,422533,1152002
3140025,152,422573,422533,1152002
3140026,228,422609,422533,1152002
3140027,13,1834549,1834548,1152027
3140028,16,1834551,1834548,1152027
3140029,19,1834553,1834548,1152027
3140030,22,1834556,1834548,1152027
3140031,43,422866,1834678,1152058
3140032,11,422883,1834701,1152075
3140033,42,422963,1834784,1152077
3140034,25,1834958,1834957,1152143
3140035,29,423128,1834962,1152143
3140036,35,423152,1834959,1152143
3140037,32,423336,1835131,1152207
3140038,78,423509,1835280,1152232
3140039,117,423542,1835250,1152232
3140040,121,423549,1835309,1152232
3140041,9,424194,883978,1152430
3140042,13,1836329,1836328,1268036
3140043,20,1836386,884005,1152436
3140044,12,424292,884043,1268042
3140045,51,1836519,1836525,1152454
3140046,8,424367,884078,1268047
3140047,21,1836667,884136,1152507
3140048,40,424470,884136,1152507
3140049,14,1836867,884275,1152554
3140050,11,424899,1837137,1152632
3140051,20,1837206,1837203,1152673
3140052,29,424972,1837203,1152673
3140053,31,425096,1837417,1152754
3140054,8,425204,1837597,1152804
3140055,4,1837679,1837678,1268100
3140056,15,425214,1837677,1268100
3140057,18,425346,1837897,1268103
3140058,33,425350,1837894,1268103
3140059,15,1838606,884845,1153139
3140060,24,1838608,884845,1153139
3140061,9,1838680,884866,1153161
3140062,8,1838829,884916,1268190
3140063,16,1838832,884916,1268190
3140064,31,1838854,1838852,1268191
3140065,9,1838891,1838890,1153194
3140066,91,426330,426282,1153273
3140067,115,426337,426282,1153273
3140068,131,1839308,426282,1153273
3140069,8,1839478,1839476,1153317
3140070,52,1839885,1839884,1153440
3140071,20,1839990,1839988,1153464
3140072,2,427105,1840245,1153495
3140073,4,427117,1840245,1153495
3140074,8,427119,1840245,1153495
3140075,12,427124,1840245,1153495
3140076,4,427136,1840279,1153503
3140077,8,1840358,1840357,1153532
3140078,25,1840387,1840385,1153537
3140079,13,1840596,1840594,1153605
3140080,53,1840791,1840766,1153683
3140081,24,1840826,1840811,1153688
3140082,14,1841027,1841026,1153746
3140083,21,427824,885835,1153790
3140084,93,427883,885866,1153790
3140085,225,428037,885897,1153790
3140086,349,428103,885935,1153790
3140087,419,428129,1841156,1153790
3140088,433,428142,1841186,1153790
3140089,438,428150,885959,1153790
3140090,26,428219,885962,1153832
3140091,68,1841579,885962,1153832
3140092,69,428248,885962,1153832
3140093,23,1841711,1841716,1153880
3140094,33,1841714,1841716,1153880
3140095,11,1841894,886161,1153918
3140096,15,1841905,1841900,1268404
3140097,21,1841909,1841900,1268404
3140098,10,428714,1841928,1153921
3140099,32,1841911,1841900,1268404
3140100,23,428760,1841928,1153921
3140101,17,428968,1842141,1153967
3140102,9,1842278,886359,1153999
3140103,12,1842280,886359,1153999
3140104,9,1842307,886361,1154010
3140105,12,1842311,886361,1154010
3140106,9,1842372,886364,1154018
3140107,12,1842374,886364,1154018
3140108,9,1842387,886382,1154024
3140109,12,1842389,886382,1154024
3140110,8,1842403,886390,1268427
3140111,16,1842406,886390,1268427
3140112,13,1842399,429195,1154026
3140113,14,1842581,1842580,1154094
3140114,10,1842632,429347,1154106
3140115,15,1842635,1842634,1154106
3140116,10,1842667,1842666,1154114
3140117,15,1842670,1842669,1154114
3140118,6,1842696,1842694,1154126
3140119,13,1842691,1842690,1154120
3140120,9,1842710,1842709,1154134
3140121,22,1842727,1842716,1154132
3140122,11,1842745,1842744,1154149
3140123,16,1842764,886535,1154154
3140124,34,1842760,886535,1154154
3140125,14,1842796,886539,1154158
3140126,24,1842793,886539,1154158
3140127,36,1842866,429565,1154197
3140128,38,1843127,429758,1154226
3140129,51,1843128,429758,1154226
3140130,146,1843130,429747,1154226
3140131,40,1843278,429867,1154321
3140132,53,1843270,429867,1154321
3140133,9,1843491,1843490,1268508
3140134,7,1843673,1843670,1154437
3140135,9,1843676,1843675,1268512
3140136,19,1843671,1843669,1268512
3140137,3,1843723,1843722,1154453
3140138,19,1843754,1843753,1154462
3140139,20,430358,1843748,1154462
3140140,10,1843770,430360,1154468
3140141,11,1843784,1843783,1268521
3140142,9,1843812,1843811,1154480
3140143,9,1843843,1843842,1154492
3140144,7,1843869,1843868,1154497
3140145,3,1843892,886871,1154513
3140146,75,1844154,430461,1154515
3140147,93,1844211,430461,1154515
3140148,133,1843962,1843961,1154464
3140149,138,1843967,1843960,1154464
3140150,131,1844217,430461,1154515
3140151,133,1844219,430461,1154515
3140152,175,1844136,430461,1154515
3140153,264,1844085,1843933,1154464
3140154,275,1843911,1843908,1154464
3140155,283,1843915,1843914,1154464
3140156,204,1844228,430461,1154515
3140157,206,1844230,430461,1154515
3140158,208,1844164,430461,1154515
3140159,248,1844124,430461,1154515
3140160,274,1844122,430461,1154515
3140161,3,1844326,1844325,1154549
3140162,4,1844327,1844325,1154549
3140163,3,1844344,1844343,1154554
3140164,7,1844346,1844343,1154554
3140165,28,1844348,1844343,1154554
3140166,39,1844407,1844401,1154559
3140167,4,1844427,1844425,1154576
3140168,14,1844460,1844456,1154599
3140169,34,1844495,1844494,1154587
3140170,39,1844499,1844493,1154587
3140171,47,1844503,1844487,1154587
3140172,59,1844473,1844465,1154587
3140173,67,1844483,1844482,1154587
3140174,23,1844525,430782,1154602
3140175,8,1844838,1844837,1154678
3140176,8,1844848,1844847,1154684
3140177,11,1844934,887128,1268557
3140178,14,1844940,887128,1268557
3140179,11,1844952,887136,1268558
3140180,14,1844954,887136,1268558
3140181,10,1844985,887146,1268559
3140182,7,1845044,1845043,1154776
3140183,9,1845045,1845043,1154776
3140184,19,1845046,1845043,1154776
3140185,35,1845055,431194,1154773
3140186,7,1845081,1845080,1154780
3140187,9,1845082,1845080,1154780
3140188,19,1845084,1845080,1154780
3140189,8,1845185,431259,1154817
3140190,76,1845253,431330,1154821
3140191,83,431342,431330,1154821
3140192,86,431346,431330,1154821
3140193,45,1845286,431337,1154842
3140194,48,1845576,1845575,1154909
3140195,53,1845579,1845578,1154909
3140196,78,1845565,1845564,1154909
3140197,102,1845536,1845535,1154909
3140198,151,1845548,1845547,1154909
3140199,10,1845742,1845741,1268592
3140200,15,1845827,1845826,1268594
3140201,19,1845829,1845826,1268594
3140202,21,1845830,1845826,1268594
3140203,10,431813,1846009,1155034
3140204,34,1846054,1846044,1155039
3140205,62,1846056,1846044,1155039
3140206,77,1846075,1846044,1155039
3140207,2,1846587,1846583,1155117
3140208,3,1846586,1846585,1155117
3140209,6,1846591,1846583,1155117
3140210,7,1846590,1846585,1155117
3140211,2,1846627,1846625,1155120
3140212,5,1846631,1846625,1155120
3140213,11,1846845,1846843,1155104
3140214,37,1846987,1846931,1155104
3140215,60,1846985,1846938,1155104
3140216,63,1846984,1846837,1155104
3140217,94,1847075,1846841,1155104
3140218,112,1846981,1846841,1155104
3140219,48,1847677,432163,1268654
3140220,53,1847679,432163,1268654
3140221,92,1847704,432163,1268654
3140222,111,1847653,432163,1268654
3140223,129,1846965,1846834,1155104
3140224,134,1846970,1846834,1155104
3140225,140,1846974,1846834,1155104
3140226,146,1846961,1846834,1155104
3140227,180,1847115,1846834,1155104
3140228,202,1846954,1846834,1155104
3140229,207,1846950,1846834,1155104
3140230,249,1846947,1846834,1155104
3140231,259,1846928,1846834,1155104
3140232,274,1846934,1846931,1155104
3140233,284,1846944,1846938,1155104
3140234,287,1846943,1846837,1155104
3140235,311,1846926,1846834,1155104
3140236,357,1846913,1846834,1155104
3140237,383,1846910,1846906,1155104
3140238,385,1846909,1846841,1155104
3140239,403,1846902,1846839,1155104
3140240,423,1846901,1846839,1155104
3140241,435,1846898,1846839,1155104
3140242,443,1846899,1846839,1155104
3140243,462,1846889,1846839,1155104
3140244,463,1846887,1846839,1155104
3140245,465,1846894,1846839,1155104
3140246,467,1846891,1846839,1155104
3140247,483,1846878,1846839,1155104
3140248,484,1846876,1846839,1155104
3140249,486,1846882,1846839,1155104
3140250,488,1846880,1846839,1155104
3140251,504,1846874,1846839,1155104
3140252,510,1846871,1846839,1155104
3140253,512,1846873,1846839,1155104
3140254,516,1846866,1846839,1155104
3140255,519,1846868,1846839,1155104
3140256,31,432265,1848547,1155175
3140257,114,432347,432341,1268664
3140258,5242,432446,1846308,1268614
3140259,5245,432447,1846310,1268614
3140260,5250,432449,1846313,1268614
3140261,5253,432450,1846315,1268614
3140262,5266,432454,1846300,1268614
3140263,5280,432460,1846304,1268614
3140264,5283,432461,1846306,1268614
3140265,5295,432463,1846296,1268614
3140266,5298,432464,1846298,1268614
3140267,13,1849862,1849860,1155319
3140268,12,1849894,1849893,1268693
3140269,12,432675,1849940,1268694
3140270,14,1849972,1849971,1155341
3140271,28,1849979,1849978,1155341
3140272,42,1849985,1849984,1155341
3140273,56,1849991,1849990,1155341
3140274,17,1850154,1850153,1155393
3140275,12,1850231,1850230,1268701
3140276,8,1850286,1850285,1268703
3140277,31,1850324,1850313,1155418
3140278,33,1850315,1850314,1155418
3140279,17,1850686,1850685,1155493
3140280,22,1850720,1850719,1268740
3140281,11,1850759,1850758,1155516
3140282,11,1850793,1850792,1155530
3140283,40,433353,1850822,1155532
3140284,11,1850853,1850851,1155541
3140285,14,1850875,1850874,1268749
3140286,4,1851096,1851095,1268756
3140287,5,1851123,1851122,1268757
3140288,5,1851179,1851178,1268761
3140289,19,1851177,1851176,1268761
3140290,6,1851199,1851197,1155610
3140291,19,1851196,1851195,1155610
3140292,13,1851228,1851220,1155615
3140293,32,1851295,1851292,1155621
3140294,34,433813,1851294,1155621
3140295,10,1851437,1851413,1155659
3140296,18,1851418,1851413,1155659
3140297,8,434092,1851447,1155665
3140298,10,1851481,1851457,1155677
3140299,18,1851462,1851457,1155677
3140300,70,434620,1851683,1155772
3140301,88,434647,1851682,1155772
3140302,106,434669,1851681,1155772
3140303,124,434687,1851680,1155772
3140304,142,434706,1851679,1155772
3140305,160,434726,1851678,1155772
3140306,178,434742,1851677,1155772
3140307,196,434758,1851676,1155772
3140308,214,434777,1851675,1155772
3140309,230,1851878,1851874,1155786
3140310,235,1851881,1851874,1155786
3140311,258,1851879,435087,1155786
3140312,17,435502,1852394,1155915
3140313,10,435567,1852432,1155926
3140314,14,1852716,1852713,1268828
3140315,3,1853052,1853051,1156057
3140316,8,1853065,1853060,1156062
3140317,18,1853231,889138,1156113
3140318,22,436155,889138,1156113
3140319,27,436162,889138,1156113
3140320,20,436214,889170,1156117
3140321,21,436228,889170,1156117
3140322,16,1853447,1853436,1156152
3140323,54,1853438,1853436,1156152
3140324,13,436328,889254,1156168
3140325,33,1853769,1853751,1156273
3140326,42,436685,1853753,1156273
3140327,73,1853788,1853753,1156273
3140328,82,436691,1853751,1156273
3140329,46,437008,1854107,1156333
3140330,13,437285,1854312,1156409
3140331,14,437286,1854312,1156409
3140332,15,437287,1854313,1156409
3140333,18,437297,1854312,1156409
3140334,19,437298,1854313,1156409
3140335,140,437588,889885,1268946
3140336,7,437623,1854532,1156475
3140337,9,437624,1854532,1156475
3140338,39,437655,889946,1268952
3140339,9,1854731,1854730,1156514
3140340,54,1854747,1854746,1156518
3140341,58,1854749,1854748,1156518
3140342,16,437750,1854795,1268963
3140343,18,437748,1854796,1268963
3140344,31,437767,1854792,1268963
3140345,33,437761,1854793,1268963
3140346,5,1855047,1855046,1156585
3140347,8,1855049,1855048,1156585
3140348,5,1855070,1855069,1156587
3140349,8,1855072,1855071,1156587
3140350,169,1854929,437919,1156542
3140351,172,437928,437919,1156542
3140352,9,438015,1855219,1268998
3140353,11,438261,1855413,1156693
3140354,70,1855458,1855469,1156695
3140355,79,438386,1855469,1156695
3140356,104,1855456,1855469,1156695
3140357,3,1856008,1856006,1156827
3140358,5,1856023,1856022,1156832
3140359,162,1856123,1856122,1156870
3140360,8,1856348,890615,1156925
3140361,12,1856350,890615,1156925
3140362,20,1856412,890657,1156942
3140363,22,1856424,890657,1156942
3140364,61,1856411,1856419,1156942
3140365,64,1856420,1856419,1156942
3140366,70,1856414,1856419,1156942
3140367,85,1856408,1856407,1156942
3140368,15,1856474,890676,1269093
3140369,18,1856476,890676,1269093
3140370,27,439214,890678,1269093
3140371,13,1856649,890742,1269114
3140372,23,1856648,890744,1269114
3140373,13,1856682,1856665,1157051
3140374,21,1856671,1856670,1157051
3140375,27,1856677,1856676,1157051
3140376,23,1856717,890753,1157053
3140377,28,1856718,1856701,1157053
3140378,41,1856721,890753,1157053
3140379,46,1856722,1856700,1157053
3140380,15,439427,1856861,1157065
3140381,19,439429,1856861,1157065
3140382,73,1857033,1857025,1157079
3140383,75,439512,1857025,1157079
3140384,77,439517,1857034,1157079
3140385,122,1857026,1857025,1157079
3140386,126,1857028,1857025,1157079
3140387,33,439607,890954,1157113
3140388,48,439618,890954,1157113
3140389,84,439660,890970,1157113
3140390,94,439670,890970,1157113
3140391,18,439899,891077,1157223
3140392,19,1857598,1857596,1269167
3140393,49,1857563,891095,1157223
3140394,60,439931,439976,1157223
3140395,28,1857733,1857732,1157265
3140396,32,1857737,1857735,1157265
3140397,42,1857726,1857725,1157265
3140398,12,1857814,891184,1269172
3140399,15,1857816,891184,1269172
3140400,18,440135,891184,1269172
3140401,29,440148,891192,1269172
3140402,32,440153,891192,1269172
3140403,51,440168,1857812,1269172
3140404,56,440172,1857812,1269172
3140405,61,440178,1857813,1269172
3140406,85,1857890,1857894,1157300
3140407,59,1857942,891263,1157303
3140408,62,1857944,891263,1157303
3140409,14,440295,440288,1157328
3140410,15,440296,440288,1157328
3140411,18,440301,440288,1157328
3140412,19,440302,440288,1157328
3140413,24,440305,440288,1157328
3140414,25,440306,440288,1157328
3140415,29,440309,440288,1157328
3140416,30,440310,440288,1157328
3140417,11,1858099,891301,1157349
3140418,14,1858101,891301,1157349
3140419,13,1858167,1858166,1157363
3140420,18,1858169,1858168,1157363
3140421,34,1858173,1858158,1157363
3140422,32,440472,1858333,1157393
3140423,15,440554,1858373,1157416
3140424,107,440710,1858383,1157411
3140425,144,440812,1858385,1157411
3140426,16,440791,1858625,1269241
3140427,20,440793,1858626,1269241
3140428,182,440931,1858388,1157411
3140429,30,1858787,1858785,1157520
3140430,46,1858793,1858792,1157520
3140431,20,1858854,1858850,1269258
3140432,23,1858853,1858852,1269258
3140433,26,1858875,1858871,1269258
3140434,29,1858874,1858873,1269258
3140435,33,1858884,1858878,1269258
3140436,36,1858882,1858881,1269258
3140437,40,1858886,1858856,1269258
3140438,44,1858858,1858857,1269258
3140439,50,1858887,1858863,1269258
3140440,55,1858866,1858865,1269258
3140441,25,1859035,1859034,1269261
3140442,31,1859038,1859037,1269261
3140443,39,1859051,1858970,1269261
3140444,53,1858972,1858971,1269261
3140445,58,1858975,1858974,1269261
3140446,63,441193,1859024,1269261
3140447,66,441192,1859026,1269261
3140448,68,441191,1859027,1269261
3140449,71,441190,1859029,1269261
3140450,73,441189,1859030,1269261
3140451,76,441188,1859032,1269261
3140452,84,1859019,1859018,1269261
3140453,88,1859054,1859023,1269261
3140454,93,1858979,1858978,1269261
3140455,98,441220,1859007,1269261
3140456,101,441219,1859009,1269261
3140457,103,441218,1859010,1269261
3140458,106,441215,1859012,1269261
3140459,108,441214,1859013,1269261
3140460,111,441213,1859015,1269261
3140461,119,1858982,1858981,1269261
3140462,124,441241,1858997,1269261
3140463,127,441240,1858999,1269261
3140464,129,441239,1859000,1269261
3140465,132,441238,1859002,1269261
3140466,134,441237,1859003,1269261
3140467,137,441236,1859005,1269261
3140468,145,1858992,1858991,1269261
3140469,149,1859057,1858996,1269261
3140470,154,441255,1858984,1269261
3140471,157,441254,1858986,1269261
3140472,159,441253,1858987,1269261
3140473,162,441252,1858989,1269261
3140474,218,1859132,441278,1269263
3140475,225,1859196,441280,1269263
3140476,281,1859130,441278,1269263
3140477,308,1859214,441280,1269263
3140478,406,1859121,441278,1269263
3140479,411,1859120,441280,1269263
3140480,77,1859283,1859282,1157556
3140481,82,1859285,1859284,1157556
3140482,91,1859279,1859278,1157556
3140483,96,1859281,1859280,1157556
3140484,100,1859259,1859256,1157556
3140485,102,1859258,1859257,1157556
3140486,105,1859267,1859264,1157556
3140487,107,1859266,1859265,1157556
3140488,111,1859277,1859273,1157556
3140489,114,1859276,1859275,1157556
3140490,119,1859261,1859260,1157556
3140491,124,1859263,1859262,1157556
3140492,130,1859269,1859268,1157556
3140493,135,1859271,1859270,1157556
3140494,44,1859375,1859374,1157567
3140495,47,1859378,1859377,1157567
3140496,49,1859380,1859379,1157567
3140497,52,1859383,1859382,1157567
3140498,57,1859398,1859397,1157567
3140499,62,1859400,1859399,1157567
3140500,100,441406,1859385,1157567
3140501,103,441405,1859387,1157567
3140502,105,441404,1859388,1157567
3140503,108,441403,1859390,1157567
3140504,163,1859369,1859368,1157567
3140505,168,1859371,1859370,1157567
3140506,62,1859442,1859460,1157572
3140507,38,1859488,1859487,1157575
3140508,41,1859491,1859490,1157575
3140509,43,1859493,1859492,1157575
3140510,46,1859496,1859495,1157575
3140511,91,441493,1859498,1157575
3140512,94,441492,1859500,1157575
3140513,96,441491,1859501,1157575
3140514,99,441490,1859503,1157575
3140515,20,1859585,1859584,1157590
3140516,30,1859610,1859589,1157590
3140517,78,1859545,1859567,1157583
3140518,41,1859592,1859591,1157590
3140519,49,1859607,1859606,1157590
3140520,68,1859597,1859596,1157590
3140521,75,1859602,1859601,1157590
3140522,22,1859682,1859662,1269269
3140523,27,1859666,1859665,1269269
3140524,59,1859693,1859655,1269269
3140525,64,1859659,1859658,1269269
3140526,45,1859733,1859707,1157604
3140527,23,1859777,1859762,1157612
3140528,18,441634,1859789,1269277
3140529,21,441633,1859791,1269277
3140530,15,441665,1859861,1157624
3140531,10,1859852,1859849,1157620
3140532,29,1859844,1859843,1157620
3140533,33,1859847,1859846,1157620
3140534,43,1859839,1859835,1157620
3140535,62,1859830,1859829,1157620
3140536,66,1859833,1859832,1157620
3140537,39,441674,1859864,1157624
3140538,21,1859923,1859922,1269283
3140539,24,1859926,1859925,1269283
3140540,32,1859930,1859917,1269283
3140541,36,1859994,1859993,1157632
3140542,39,1859997,1859995,1157632
3140543,42,441699,1859990,1157632
3140544,47,441711,1859987,1157632
3140545,54,441744,1859989,1157632
3140546,91,1859999,1859998,1157632
3140547,94,1860002,1860000,1157632
3140548,97,441782,1859978,1157632
3140549,102,441790,1859975,1157632
3140550,109,441802,1859977,1157632
3140551,21,1860211,1860210,1157674
3140552,10,1860428,1860425,1157730
3140553,8,1860437,892082,1157738
3140554,13,1860439,892082,1157738
3140555,8,1860452,892089,1157745
3140556,13,1860454,892089,1157745
3140557,8,1860466,892095,1157747
3140558,13,1860468,892095,1157747
3140559,18,1860469,892095,1157747
3140560,21,1860470,892095,1157747
3140561,28,1860474,892095,1157747
3140562,32,1860530,1860532,1157759
3140563,51,1860521,1860532,1157759
3140564,56,1860525,1860532,1157759
3140565,58,1860524,1860532,1157759
3140566,61,1860527,1860533,1157759
3140567,70,1860518,1860532,1157759
3140568,72,1860519,1860533,1157759
3140569,42,1860587,1860592,1157768
3140570,44,1860586,1860592,1157768
3140571,47,1860589,1860593,1157768
3140572,59,1860584,1860592,1157768
3140573,62,1860583,1860593,1157768
3140574,76,1860607,1860593,1157768
3140575,7,442734,1860812,1157809
3140576,11,442725,1860819,1157805
3140577,12,442726,1860819,1157805
3140578,39,442983,892362,1269349
3140579,55,1861078,892363,1269349
3140580,59,1861079,892363,1269349
3140581,5,1862183,1862180,1158209
3140582,5,1862227,1862224,1158219
3140583,7,1862201,1862200,1158211
3140584,5,1862245,1862243,1158224
3140585,5,1862257,1862255,1158233
3140586,14,1862744,893217,1158420
3140587,45,1862737,893234,1158420
3140588,54,1862738,893234,1158420
3140589,57,1862751,893234,1158420
3140590,59,445198,893234,1158420
3140591,48,1863121,445565,1158558
3140592,51,1863123,445565,1158558
3140593,54,1863125,445565,1158558
3140594,57,1863127,445565,1158558
3140595,60,1863129,445565,1158558
3140596,63,1863131,445565,1158558
3140597,16,1863268,1863227,1158575
3140598,22,445586,1863272,1158575
3140599,26,445587,1863276,1158575
3140600,29,445588,1863279,1158575
3140601,59,1863262,1863259,1158575
3140602,61,1863261,1863260,1158575
3140603,84,1863254,1863252,1158575
3140604,89,1863307,1863256,1158575
3140605,108,1863247,1863245,1158575
3140606,17,1863435,1863433,1158579
3140607,25,1863440,1863410,1158579
3140608,28,1863442,1863410,1158579
3140609,31,445630,1863443,1158579
3140610,53,445673,1863427,1158579
3140611,56,1863429,1863428,1158579
3140612,61,1863431,1863430,1158579
3140613,72,1863414,1863410,1158579
3140614,86,445723,1863424,1158579
3140615,13,1863524,1863523,1158587
3140616,16,1863526,1863523,1158587
3140617,19,445792,1863527,1158587
3140618,44,1863515,1863514,1158587
3140619,48,1863520,1863517,1158587
3140620,50,1863519,1863518,1158587
3140621,51,445794,1863519,1158587
3140622,10,1863675,1863662,1158609
3140623,12,1863678,1863663,1158609
3140624,14,1863680,1863664,1158609
3140625,53,1863725,1863724,1158617
3140626,63,1863704,1863703,1158617
3140627,68,1863707,1863706,1158617
3140628,71,1863711,1863710,1158617
3140629,76,1863716,1863715,1158617
3140630,77,1863718,1863716,1158617
3140631,85,1863700,1863699,1158617
3140632,86,1863701,1863700,1158617
3140633,16,445889,1863769,1158622
3140634,8,1864146,893650,1158733
3140635,6,1864163,446105,1269543
3140636,23,1864322,1864321,1158746
3140637,58,446202,893728,1158746
3140638,11,1864497,1864495,1158752
3140639,29,1864520,1864518,1158752
3140640,37,1864501,1864499,1158752
3140641,43,1864505,1864503,1158752
3140642,49,1864508,1864507,1158752
3140643,53,1864510,1864509,1158752
3140644,9,1864614,893788,1158764
3140645,7,1864621,1864619,1158767
3140646,9,1864622,1864619,1158767
3140647,7,1864672,1864670,1158793
3140648,9,1864673,1864670,1158793
3140649,17,1864759,1864757,1158805
3140650,29,1864764,1864755,1158805
3140651,5,1864853,1864850,1158811
3140652,165,446955,1865120,1269590
3140653,167,446947,446955,1269590
3140654,14,446995,446987,1158937
3140655,38,447007,446991,1158937
3140656,3,1865687,1865680,1159076
3140657,15,1865961,1865960,1269670
3140658,18,1865963,1865962,1269670
3140659,24,1865966,1865965,1269670
3140660,40,1866042,1866038,1159181
3140661,42,1866041,1866039,1159181
3140662,11,1866073,1866071,1269680
3140663,30,1866406,1866405,1159256
3140664,110,1866430,1866429,1159256
3140665,113,1866434,1866432,1159256
3140666,129,1866443,1866442,1159256
3140667,41,447849,1866358,1159264
3140668,84,447906,1866359,1159264
3140669,23,1866971,1866970,1159375
3140670,6,1867053,1867052,1269728
3140671,13,1867045,1867044,1269728
3140672,18,1867049,1867048,1269728
3140673,40,1867191,1867138,1269731
3140674,90,1867233,1867138,1269731
3140675,214,1867270,1867138,1269731
3140676,422,1867145,1867138,1269731
3140677,23,1867511,1867510,1269744
3140678,2,1868501,1868500,1159611
3140679,13,1868502,1868500,1159611
3140680,23,1868503,1868500,1159611
3140681,33,1868504,1868500,1159611
3140682,43,1868505,1868500,1159611
3140683,53,1868506,1868500,1159611
3140684,63,1868507,1868500,1159611
3140685,73,1868508,1868500,1159611
3140686,83,1868509,1868500,1159611
3140687,7,1868573,1868572,1159621
3140688,37,1868565,1868563,1159621
3140689,2,449718,1868995,1159676
3140690,5,449720,1868995,1159676
3140691,15,1869044,1869043,1159691
3140692,19,1869048,895682,1159691
3140693,14,1869146,1869142,1159733
3140694,42,1869138,1869137,1159733
3140695,45,449845,1869140,1159733
3140696,67,1869131,1869130,1159733
3140697,73,449901,1869135,1159733
3140698,6,1869719,1869718,1159902
3140699,70,1869694,1869678,1159885
3140700,8,1869734,1869733,1269916
3140701,8,1869744,1869743,1269917
3140702,7,1869760,1869759,1269919
3140703,35,1869799,450497,1159887
3140704,11,1869846,1869845,1159919
3140705,11,1869910,896056,1159951
3140706,57,450766,450737,1160020
3140707,58,450767,450737,1160020
3140708,59,450768,450737,1160020
3140709,60,450769,450737,1160020
3140710,84,450785,450737,1160020
3140711,85,450786,450737,1160020
3140712,86,450787,450737,1160020
3140713,87,450788,450737,1160020
3140714,91,450792,450737,1160020
3140715,92,450793,450737,1160020
3140716,93,450794,450737,1160020
3140717,94,450795,450737,1160020
3140718,125,1870440,896286,1160179
3140719,39,451122,1870545,1160229
3140720,77,451126,1870553,1160229
3140721,82,451128,1870553,1160229
3140722,86,1870533,1870553,1160229
3140723,90,1870532,1870553,1160229
3140724,93,451132,1870553,1160229
3140725,22,451214,896380,1160250
3140726,60,1870580,1870595,1160250
3140727,63,451230,1870595,1160250
3140728,69,1870582,1870595,1160250
3140729,79,1870586,1870595,1160250
3140730,80,451234,451211,1160250
3140731,83,1870588,1870595,1160250
3140732,84,451236,451211,1160250
3140733,97,1870585,1870595,1160250
3140734,21,1870688,1870711,1160287
3140735,41,1870683,1870675,1160287
3140736,51,1870684,1870672,1160287
3140737,65,1870677,1870675,1160287
3140738,70,1870681,1870675,1160287
3140739,28,1870751,1870750,1160301
3140740,32,1870753,1870744,1160301
3140741,34,1870754,1870750,1160301
3140742,38,1870756,1870744,1160301
3140743,40,1870757,1870750,1160301
3140744,44,1870759,1870744,1160301
3140745,46,1870760,1870750,1160301
3140746,50,1870762,1870744,1160301
3140747,53,1870867,451362,1160321
3140748,57,1870868,1870853,1160321
3140749,65,1870879,451362,1160321
3140750,88,1870877,451362,1160321
3140751,170,1870856,451362,1160321
3140752,174,1870858,1870853,1160321
3140753,13,1871037,1871036,1270021
3140754,34,1871034,1871033,1270021
3140755,15,1871088,1871093,1270024
3140756,37,1871879,1871876,1160602
3140757,52,1871886,451995,1160602
3140758,55,1871914,451995,1160602
3140759,56,1871883,451995,1160602
3140760,61,1871888,451995,1160602
3140761,65,1871892,451995,1160602
3140762,3,1872096,1872095,1160658
3140763,39,1872134,1872133,1160662
3140764,24,1872214,1872213,1160674
3140765,59,1872266,1872265,1160680
3140766,20,1872341,1872339,1270128
3140767,10,1872462,1872461,1160721
3140768,12,1872481,1872480,1160725
3140769,10,1872497,1872496,1160733
3140770,6,452441,1872513,1160745
3140771,9,452442,1872516,1160745
3140772,34,1872668,1872667,1270141
3140773,18,452691,1872805,1270146
3140774,33,452693,1872802,1270146
3140775,30,1872872,1872876,1160813
3140776,41,452729,1872837,1160813
3140777,57,1872854,1872852,1160813
3140778,65,1872861,1872859,1160813
3140779,30,1872967,1872971,1160832
3140780,27,452859,1873034,1160844
3140781,23,1873214,1873211,1160878
3140782,25,1873213,1873212,1160878
3140783,72,1873208,1873205,1160878
3140784,74,1873207,1873206,1160878
3140785,23,1873364,1873363,1160919
3140786,11,453070,1873508,1160959
3140787,18,1873539,1873538,1270184
3140788,22,1873545,1873544,1270184
3140789,27,453126,1873547,1270184
3140790,36,1873675,1873674,1160985
3140791,39,1873707,1873676,1160985
3140792,45,1873666,1873665,1160985
3140793,50,1873670,1873669,1160985
3140794,54,1873673,1873672,1160985
3140795,2,1873755,1873752,1161007
3140796,6,1873757,1873752,1161007
3140797,10,1873761,1873752,1161007
3140798,14,1873764,1873752,1161007
3140799,8,1874007,1874004,1161088
3140800,11,1874009,1874004,1161088
3140801,14,1874008,1874004,1161088
3140802,18,453311,1874004,1161088
3140803,13,1874201,1874200,1161129
3140804,31,1874198,1874187,1161129
3140805,22,1874222,1874220,1161131
3140806,6,453417,1874240,1161136
3140807,9,453418,1874242,1161136
3140808,13,453419,1874245,1161136
3140809,10,1874287,1874260,1161142
3140810,31,453427,1874266,1161142
3140811,19,1874307,1874306,1161148
3140812,23,1874311,1874310,1161148
3140813,54,1874284,1874273,1161142
3140814,27,453445,1874312,1161148
3140815,10,1874402,1874357,1161168
3140816,31,453458,1874365,1161168
3140817,54,1874399,1874379,1161168
3140818,51,1874344,1874342,1161160
3140819,56,1874347,1874346,1161160
3140820,10,1874459,1874434,1161180
3140821,30,453488,1874440,1161180
3140822,63,453501,1874350,1161160
3140823,53,1874455,1874447,1161180
3140824,10,1874593,1874534,1161199
3140825,42,453537,1874551,1161199
3140826,45,453539,1874554,1161199
3140827,51,453551,1874582,1161199
3140828,54,453553,1874586,1161199
3140829,80,1874580,1874567,1161199
3140830,55,453591,1874623,1270226
3140831,36,453596,1874690,1161221
3140832,6,453628,1874754,1161252
3140833,28,453664,1874798,1161266
3140834,44,453669,1874794,1161266
3140835,13,1874831,1874827,1161276
3140836,16,1874832,1874831,1161276
3140837,14,453685,1874866,1161286
3140838,37,453693,1874857,1161286
3140839,53,453700,1874854,1161286
3140840,31,453760,1874947,1161290
3140841,35,453748,1874904,1161271
3140842,61,453766,1874900,1161271
3140843,67,453770,1874902,1161271
3140844,94,453790,1874896,1161271
3140845,49,453814,1874944,1161290
3140846,30,453821,453829,1161323
3140847,48,453823,453829,1161323
3140848,70,453833,453829,1161323
3140849,15,1875197,453963,1161375
3140850,18,1875199,453963,1161375
3140851,21,1875201,453963,1161375
3140852,19,1875335,1875334,1270259
3140853,26,1875337,1875336,1270259
3140854,110,1875221,453963,1161375
3140855,6,1875416,897678,1161426
3140856,7,1875417,897678,1161426
3140857,8,1875418,897678,1161426
3140858,9,1875419,897678,1161426
3140859,10,1875420,897678,1161426
3140860,11,1875421,897678,1161426
3140861,31,454217,1875542,1161449
3140862,39,1875548,1875547,1161449
3140863,51,1875553,1875552,1161449
3140864,61,1875557,1875556,1161449
3140865,30,1875645,1875644,1161455
3140866,43,1875653,1875652,1161455
3140867,30,1875779,1875777,1161465
3140868,43,1875787,1875785,1161465
3140869,8,1875579,454380,1161431
3140870,11,1875583,454380,1161431
3140871,14,1875586,454380,1161431
3140872,17,1875589,454380,1161431
3140873,20,1875592,454380,1161431
3140874,23,1875595,454380,1161431
3140875,26,1875601,454380,1161431
3140876,29,1875604,454380,1161431
3140877,32,1875613,454380,1161431
3140878,35,1875615,454380,1161431
3140879,26,1875878,454255,1161477
3140880,30,1875880,1875879,1161477
3140881,43,1875885,1875884,1161477
3140882,26,454277,1875918,1161486
3140883,49,1875923,1875922,1161486
3140884,26,454318,1875970,1161490
3140885,49,1875976,1875975,1161490
3140886,22,454335,1876022,1161499
3140887,26,454337,1876023,1161499
3140888,49,1876028,1876027,1161499
3140889,10,1876184,1876182,1270279
3140890,12,454425,1876224,1270282
3140891,77,1876148,1876119,1161515
3140892,142,1876170,1876117,1161515
3140893,11,1876308,897901,1161559
3140894,14,1876310,897901,1161559
3140895,11,1876327,897909,1161563
3140896,14,1876329,897909,1161563
3140897,11,1876367,897917,1161572
3140898,14,1876369,897917,1161572
3140899,22,1876386,897933,1161574
3140900,25,1876388,897933,1161574
3140901,97,1876477,1876450,1161578
3140902,168,1876498,1876447,1161578
3140903,48,1876616,1876615,1161618
3140904,25,1876645,1876644,1161638
3140905,7,1876884,1876882,1161733
3140906,26,455229,1877040,1161760
3140907,47,1877104,898198,1161785
3140908,78,1877101,898198,1161785
3140909,79,1877100,898198,1161785
3140910,101,1877099,898198,1161785
3140911,141,1877094,898198,1161785
3140912,144,1877093,898198,1161785
3140913,152,1877088,898198,1161785
3140914,155,1877087,898198,1161785
3140915,161,1877089,898198,1161785
3140916,169,1877073,898198,1161785
3140917,184,1877084,898198,1161785
3140918,185,1877083,898198,1161785
3140919,195,1877082,898198,1161785
3140920,206,1877076,898198,1161785
3140921,7,1877274,1877272,1270341
3140922,27,1877291,1877293,1270342
3140923,51,455594,455574,1161898
3140924,5,1877870,1877869,1162125
3140925,46,1878008,1877892,1162148
3140926,48,1878009,1877892,1162148
3140927,50,1877964,1877892,1162148
3140928,96,1877941,1877940,1162148
3140929,104,1877945,1877944,1162148
3140930,112,1877949,1877948,1162148
3140931,118,1877952,1877951,1162148
3140932,123,1878027,1877892,1162148
3140933,141,1877923,1877922,1162148
3140934,147,1877926,1877925,1162148
3140935,156,1878034,1877892,1162148
3140936,158,1878035,1877892,1162148
3140937,191,1877908,1877907,1162148
3140938,199,1877912,1877911,1162148
3140939,205,1877915,1877914,1162148
3140940,42,456105,456097,1162177
3140941,46,456107,456097,1162177
3140942,50,456109,456097,1162177
3140943,54,456111,456097,1162177
3140944,69,1878181,1878111,1162177
3140945,72,1878182,1878112,1162177
3140946,75,1878183,1878113,1162177
3140947,78,1878184,1878114,1162177
3140948,107,456120,456097,1162177
3140949,111,456122,456097,1162177
3140950,120,1878193,1878073,1162177
3140951,123,1878194,1878074,1162177
3140952,125,456124,456097,1162177
3140953,126,456129,456097,1162177
3140954,40,1878249,898545,1162162
3140955,47,1878253,898545,1162162
3140956,160,1878200,1878075,1162177
3140957,194,1878196,1878096,1162177
3140958,197,1878197,1878097,1162177
3140959,12,456194,1878322,1162195
3140960,17,1878325,1878322,1162195
3140961,13,456232,1878451,1162206
3140962,162,1878659,456325,1162223
3140963,199,456437,456325,1162223
3140964,206,1878636,456325,1162223
3140965,132,1879449,1879294,1162300
3140966,138,1879371,1879370,1162300
3140967,143,1879375,1879374,1162300
3140968,202,1879328,1879327,1162300
3140969,207,1879333,1879332,1162300
3140970,314,456811,1879258,1162300
3140971,326,1879288,1879263,1162300
3140972,343,1879467,1879284,1162300
3140973,375,1879474,1879272,1162300
3140974,431,1879256,1879245,1162300
3140975,434,1879248,1879247,1162300
3140976,439,1879252,1879251,1162300
3140977,11,1879761,1879760,1162342
3140978,23,1879772,1879771,1162342
3140979,39,1879871,1879870,1162349
3140980,43,1879874,1879873,1162349
3140981,54,1879814,1879813,1162349
3140982,58,1879817,1879816,1162349
3140983,79,1879868,1879867,1162349
3140984,84,1879837,1879835,1162349
3140985,93,1879865,1879853,1162349
3140986,97,1879857,1879856,1162349
3140987,102,1879861,1879860,1162349
3140988,109,1879851,1879839,1162349
3140989,113,1879843,1879842,1162349
3140990,118,1879847,1879846,1162349
3140991,284,1879577,1879576,1162316
3140992,290,1879579,1879578,1162316
3140993,7,1879973,1879972,1162362
3140994,15,1879980,1879979,1162362
3140995,33,1880062,1879993,1162362
3140996,38,1880004,1880003,1162362
3140997,43,1880008,1880007,1162362
3140998,65,1880016,1880015,1162362
3140999,83,1880057,1880027,1162362
3141000,88,1880036,1880035,1162362
3141001,93,1880041,1880040,1162362
3141002,6,1880099,1880098,1162404
3141003,25,1880406,899177,1162497
3141004,26,1880407,899177,1162497
3141005,27,1880408,899177,1162497
3141006,28,1880409,899177,1162497
3141007,14,1880517,899256,1162517
3141008,24,1880519,899256,1162517
3141009,14,1880547,899266,1162521
3141010,20,1880572,1880571,1162528
3141011,26,1880577,1880576,1162528
3141012,24,1880549,899266,1162521
3141013,14,1880643,899281,1162543
3141014,24,1880645,899281,1162543
3141015,12,1880705,1880703,1162557
3141016,21,1880714,1880712,1162557
3141017,41,1880730,1880729,1162557
3141018,55,1880739,1880738,1162557
3141019,115,1880758,457433,1162557
3141020,18,457462,1880901,1162611
3141021,16,457473,1880926,1162613
3141022,36,1881293,457692,1162665
3141023,38,1881325,457692,1162665
3141024,69,1881270,457692,1162665
3141025,91,1881296,457692,1162665
3141026,121,1881344,457692,1162665
3141027,7,1881440,899427,1162694
3141028,7,1881461,899430,1162698
3141029,42,1881636,1881598,1162706
3141030,79,1881585,1881588,1162706
3141031,101,1881605,1881588,1162706
3141032,131,1881655,1881588,1162706
3141033,4,458105,1881946,1162819
3141034,11,458336,458346,1162883
3141035,10,458678,899763,1270593
3141036,8,1882683,899794,1270606
3141037,16,1882686,899794,1270606
3141038,7,1883310,1883308,1163172
3141039,16,1883311,1883308,1163172
3141040,25,1883312,1883308,1163172
3141041,7,459130,900069,1270645
3141042,8,459170,900103,1163183
3141043,7,459566,1883884,1163402
3141044,31,1884006,900387,1163440
3141045,15,1884355,1884352,1163531
3141046,17,1884356,1884352,1163531
3141047,19,1884362,1884352,1163531
3141048,104,1884264,1884316,1163518
3141049,107,1884285,1884316,1163518
3141050,111,459978,1884316,1163518
3141051,120,459986,1884316,1163518
3141052,165,1884271,1884316,1163518
3141053,168,1884274,1884316,1163518
3141054,172,460035,1884316,1163518
3141055,4,1884858,1884855,1163660
3141056,15,460257,900646,1270726
3141057,12,1884912,1884911,1163674
3141058,15,460303,1884915,1163674
3141059,7,460327,900670,1270731
3141060,18,1884999,900705,1270736
3141061,23,460624,1885292,1163794
3141062,22,460633,1885307,1163799
3141063,65,460810,900879,1163796
3141064,28,461005,1885559,1163866
3141065,50,461048,1885565,1163866
3141066,19,1885792,461124,1163894
3141067,21,1885791,1885790,1163894
3141068,13,1885849,1885854,1270811
3141069,15,1885847,1885846,1270811
3141070,16,1885848,1885847,1270811
3141071,18,1885853,1885854,1270811
3141072,20,1885851,1885850,1270811
3141073,21,1885852,1885851,1270811
3141074,19,1885919,1885905,1163952
3141075,21,1885920,1885905,1163952
3141076,24,1885922,1885905,1163952
3141077,25,1885923,1885922,1163952
3141078,27,1885924,1885905,1163952
3141079,28,1885927,1885924,1163952
3141080,29,1885925,1885905,1163952
3141081,30,1885926,1885925,1163952
3141082,37,1885928,1885905,1163952
3141083,38,1885940,1885928,1163952
3141084,40,1885929,1885905,1163952
3141085,41,1885941,1885929,1163952
3141086,63,1885915,1885935,1163952
3141087,64,1885913,1885905,1163952
3141088,65,1885914,1885913,1163952
3141089,67,1885918,1885935,1163952
3141090,68,1885916,1885905,1163952
3141091,69,1885917,1885916,1163952
3141092,41,1886043,1886042,1163980
3141093,42,1886047,1886043,1163980
3141094,44,1886045,1886044,1163980
3141095,45,1886046,1886045,1163980
3141096,48,1886049,1886048,1163980
3141097,49,1886053,1886049,1163980
3141098,51,1886051,1886050,1163980
3141099,52,1886052,1886051,1163980
3141100,3,1886107,1886106,1163988
3141101,28,1886159,1886158,1270828
3141102,29,1886163,1886159,1270828
3141103,31,1886161,1886160,1270828
3141104,32,1886162,1886161,1270828
3141105,4,1886189,1886188,1163992
3141106,3,1886231,1886230,1164003
3141107,22,1886218,901091,1270829
3141108,23,461358,1886218,1270829
3141109,24,1886219,901091,1270829
3141110,25,461357,1886219,1270829
3141111,4,1886262,1886261,1164015
3141112,24,461397,901125,1164042
3141113,8,461538,901186,1164095
3141114,10,461540,1886432,1164097
3141115,25,1886472,1886471,1164104
3141116,18,1886542,1886541,1164120
3141117,11,1886613,1886612,1270854
3141118,9,461849,1887021,1164175
3141119,24,461977,901483,1164366
3141120,28,1887383,1887374,1164468
3141121,15,1887434,901509,1270905
3141122,27,1887422,1887413,1164488
3141123,34,1887495,1887486,1164508
3141124,33,1887585,1887571,1164552
3141125,10,1887650,1887649,1270914
3141126,21,1887700,1887698,1270921
3141127,31,1887711,1887709,1270921
3141128,36,1887712,1887705,1270921
3141129,23,1887831,1887829,1270928
3141130,32,1887821,1887819,1270928
3141131,49,1887810,1887808,1270928
3141132,42,1887909,1887908,1164671
3141133,14,1888180,462297,1164712
3141134,58,1888176,462296,1164712
3141135,6,1888418,901799,1270980
3141136,6,1888568,901805,1270981
3141137,13,1888400,1888405,1164805
3141138,4,1888616,901816,1270982
3141139,29,1888409,1888408,1164805
3141140,23,1888548,901835,1270962
3141141,26,1888549,901835,1270962
3141142,4,1888665,901868,1270987
3141143,12,462604,901880,1270990
3141144,11,1888829,1888826,1164956
3141145,53,462738,901922,1164956
3141146,123,1888846,901958,1164956
3141147,126,1888906,901962,1164956
3141148,129,1888907,901964,1164956
3141149,18,1889039,901990,1164993
3141150,20,1889088,1889070,1165001
3141151,68,1889084,462856,1165001
3141152,70,1889083,462856,1165001
3141153,8,1889183,902048,1271018
3141154,11,1889185,902048,1271018
3141155,26,1889188,902048,1271018
3141156,8,1889266,902063,1271028
3141157,11,1889268,902063,1271028
3141158,26,1889271,902063,1271028
3141159,8,1889313,902080,1271036
3141160,11,1889315,902080,1271036
3141161,26,1889318,902080,1271036
3141162,3,1889504,1889503,1165113
3141163,8,1890011,1890010,1165335
3141164,15,1890041,1890039,1165349
3141165,8,1890308,1890306,1165407
3141166,3,1890361,1890360,1165417
3141167,8,1890374,1890372,1165419
3141168,9,1890472,1890470,1165421
3141169,8,1890495,1890493,1165424
3141170,8,1890524,1890522,1165426
3141171,10,1892740,1892738,1165575
3141172,12,1893320,1893295,1165617
3141173,23,1893324,1893295,1165617
3141174,11,1893407,1893405,1165644
3141175,20,464128,1893405,1165644
3141176,10,1893929,902775,1165750
3141177,10,464542,902819,1271245
3141178,22,464600,902845,1271252
3141179,23,1894366,1894362,1165882
3141180,35,1894371,1894370,1165882
3141181,39,1894383,1894382,1165882
3141182,46,1894379,1894378,1165882
3141183,59,1894374,1894373,1165882
3141184,70,1894369,1894368,1165882
3141185,71,1894403,1894369,1165882
3141186,82,1894357,1894356,1165882
3141187,7,1894531,1894530,1165908
3141188,11,1894532,1894530,1165908
3141189,7,1894615,1894613,1165922
3141190,11,464875,1894613,1165922
3141191,67,1894499,1894498,1165904
3141192,75,1894512,1894511,1165904
3141193,51,464933,464909,1165920
3141194,57,1894604,464901,1165920
3141195,86,1894504,1894503,1165904
3141196,91,1894506,1894505,1165904
3141197,120,1894492,1894491,1165904
3141198,123,1894522,1894493,1165904
3141199,178,1894578,1894576,1165904
3141200,180,1894477,1894476,1165904
3141201,218,1894598,1894519,1165904
3141202,228,464964,1894488,1165904
3141203,232,1894603,1894519,1165904
3141204,8,1894749,1894748,1165949
3141205,9,465025,1894749,1165949
3141206,13,1894752,1894750,1165949
3141207,14,1894753,1894752,1165949
3141208,33,1894769,1894768,1165947
3141209,55,1894761,1894760,1165947
3141210,216,1894846,1894838,1165936
3141211,12,465369,903211,1166028
3141212,10,1895246,1895245,1166045
3141213,13,1895248,1895247,1166045
3141214,7,1895949,903551,1271388
3141215,10,1895959,903551,1271388
3141216,17,1895955,903551,1271388
3141217,20,1895957,903551,1271388
3141218,7,1896023,903572,1271399
3141219,16,1896028,903572,1271399
3141220,50,1896096,903598,1166258
3141221,52,1896097,903598,1166258
3141222,27,1896143,1896142,1166274
3141223,27,466125,1896181,1271411
3141224,6,1896542,903827,1166421
3141225,19,1896543,903827,1166421
3141226,21,1896544,903827,1166421
3141227,13,466548,903897,1271459
3141228,16,466549,903897,1271459
3141229,19,466550,903897,1271459
3141230,38,1896878,466639,1166463
3141231,41,1896880,466639,1166463
3141232,36,1897404,904010,1166502
3141233,22,1898039,1898038,1166589
3141234,43,1897995,1897994,1166566
3141235,15,467003,1898076,1166596
3141236,7,1898123,1898121,1166607
3141237,21,467024,1898090,1271503
3141238,10,1898143,1898141,1166609
3141239,17,1898138,1898135,1166609
3141240,16,1898369,1898367,1271511
3141241,20,467063,1898380,1271511
3141242,26,1898387,1898385,1271511
3141243,29,467069,1898390,1271511
3141244,21,467293,904235,1166661
3141245,3,467288,1898702,1166666
3141246,5,1898705,1898704,1166666
3141247,7,1898716,904241,1271529
3141248,7,1898726,904245,1271530
3141249,24,1898710,1898709,1166666
3141250,4,1898818,467343,1166687
3141251,5,1898827,1898826,1271536
3141252,4,1898845,1898844,1271538
3141253,6,1898856,1898855,1166693
3141254,7,467397,1898894,1166699
3141255,22,467424,904319,1271540
3141256,3,1898906,1898904,1166710
3141257,4,1898908,1898904,1166710
3141258,38,1899367,468056,1166845
3141259,59,1899374,468056,1166845
3141260,70,1899368,468056,1166845
3141261,103,1899370,468056,1166845
3141262,121,1899371,468056,1166845
3141263,38,468664,468649,1167097
3141264,39,1900154,905092,1167126
3141265,40,1900155,905092,1167126
3141266,17,1900201,905146,1167144
3141267,7,468868,1900248,1167152
3141268,22,1900469,1900468,1167194
3141269,14,1900622,1900614,1167255
3141270,12,1900748,1900737,1167257
3141271,17,1900749,1900737,1167257
3141272,30,1900791,1900737,1167257
3141273,33,1900750,1900737,1167257
3141274,40,1900751,1900737,1167257
3141275,46,1900752,1900737,1167257
3141276,53,1900753,1900737,1167257
3141277,67,469431,1900737,1167257
3141278,81,469437,1900737,1167257
3141279,96,469447,1900737,1167257
3141280,109,1900754,1900737,1167257
3141281,122,469463,1900737,1167257
3141282,126,1900755,1900737,1167257
3141283,133,1900756,1900737,1167257
3141284,146,469473,1900737,1167257
3141285,150,1900757,1900737,1167257
3141286,163,469483,1900737,1167257
3141287,168,1900758,1900737,1167257
3141288,181,469493,1900737,1167257
3141289,185,1900759,1900737,1167257
3141290,192,1900760,1900737,1167257
3141291,199,1900761,1900737,1167257
3141292,206,1900762,1900737,1167257
3141293,213,1900763,1900737,1167257
3141294,220,1900764,1900737,1167257
3141295,225,469517,1900737,1167257
3141296,228,1900765,1900737,1167257
3141297,241,1900769,1900737,1167257
3141298,249,469529,1900737,1167257
3141299,315,469539,1900737,1167257
3141300,354,469559,1900737,1167257
3141301,380,469569,1900737,1167257
3141302,7,1900905,1900904,1271668
3141303,8,469945,1901290,1167420
3141304,9,469948,905664,1167422
3141305,21,469969,905664,1167422
3141306,9,1901432,905702,1167509
3141307,9,470066,1901485,1167519
3141308,22,1901612,905738,1167523
3141309,25,1901613,905738,1167523
3141310,49,1901622,905738,1167523
3141311,10,1901671,905802,1167546
3141312,15,470241,905810,1167546
3141313,54,1901712,1901706,1271727
3141314,64,1901714,1901706,1271727
3141315,9,1901932,1901931,1167614
3141316,52,1901939,905946,1167614
3141317,54,1901938,1901937,1167614
3141318,4,1902238,1902237,1167724
3141319,5,1902245,1902241,1167731
3141320,5,1902252,1902250,1167733
3141321,5,1902257,1902255,1167735
3141322,16,470703,1902258,1167721
3141323,18,1902286,906059,1167754
3141324,51,1902493,1902488,1271780
3141325,54,1902497,1902488,1271780
3141326,55,470974,1902497,1271780
3141327,11,1902540,1902539,1167874
3141328,9,471093,1902669,1271797
3141329,46,1902915,1902914,1167925
3141330,58,471298,1902911,1167925
3141331,77,471297,1902913,1167925
3141332,10,1902942,1902941,1167930
3141333,121,1903757,1903756,1168243
3141334,131,472163,1903762,1168243
3141335,2,1903852,1903851,1168257
3141336,5,1903854,1903853,1168257
3141337,109,1903970,1903968,1168266
3141338,112,1903973,1903972,1168266
3141339,119,1903916,1903915,1168266
3141340,53,472419,472400,1168307
3141341,20,473132,473114,1168528
3141342,21,473120,473114,1168528
3141343,27,473141,473114,1168528
3141344,35,473154,473114,1168528
3141345,44,473184,473114,1168528
3141346,52,473195,473114,1168528
3141347,62,473237,473114,1168528
3141348,65,473244,473114,1168528
3141349,8,473461,1904969,1271942
3141350,12,473786,1905284,1168684
3141351,51,1905380,1905379,1168713
3141352,54,1905383,1905382,1168713
3141353,31,474077,907745,1168798
3141354,64,1905606,907777,1272004
3141355,74,1905609,907777,1272004
3141356,17,474281,1905912,1272032
3141357,25,474290,1905912,1272032
3141358,17,474302,1905948,1272033
3141359,25,474318,1905948,1272033
3141360,24,1905996,1905995,1168894
3141361,42,1905991,1905990,1168894
3141362,67,1905986,1905985,1168894
3141363,2,1906203,1906202,1168976
3141364,8,1906205,1906204,1168976
3141365,23,474440,907988,1168971
3141366,10,1906210,1906209,1168973
3141367,14,1906212,1906211,1168973
3141368,19,1906214,1906213,1168973
3141369,24,1906216,1906215,1168973
3141370,31,1906218,1906217,1168973
3141371,4,1906261,1906260,1168985
3141372,13,1906265,1906264,1168985
3141373,20,1906307,1906306,1169001
3141374,4,1906346,1906345,1169009
3141375,5,1906359,1906358,1169014
3141376,9,1906361,1906360,1169014
3141377,5,1906375,1906374,1169020
3141378,9,1906377,1906376,1169020
3141379,3,1906427,1906426,1169034
3141380,9,1906639,1906634,1169117
3141381,32,1906789,1906764,1169152
3141382,81,1906804,1906763,1169152
3141383,14,1906896,474890,1169162
3141384,55,474917,474890,1169162
3141385,60,1906903,474890,1169162
3141386,84,1906912,474890,1169162
3141387,11,1906952,474983,1169171
3141388,31,1907797,1907796,1169411
3141389,11,1907904,1907903,1272156
3141390,13,1907932,1907931,1272159
3141391,3,1908264,1908263,1169515
3141392,29,1908662,1908661,1169574
3141393,45,1908749,1908688,1169574
3141394,24,1908765,476098,1169584
3141395,70,1908667,1908666,1169574
3141396,74,1908751,1908670,1169574
3141397,7,1909053,1909052,1169655
3141398,8,1909067,1909066,1169657
3141399,8,1909076,1909075,1169659
3141400,8,1909088,1909087,1169661
3141401,8,1909098,1909097,1169668
3141402,10,1909107,1909106,1169670
3141403,15,1909110,1909109,1169670
3141404,10,1909137,1909136,1169683
3141405,10,1909148,1909147,1169685
3141406,15,1909151,1909150,1169685
3141407,20,1909154,1909153,1169685
3141408,10,1909196,1909195,1169688
3141409,15,1909199,1909198,1169688
3141410,10,1909209,1909208,1169690
3141411,15,1909212,1909211,1169690
3141412,20,1909215,1909214,1169690
3141413,10,1909226,1909225,1169693
3141414,15,1909229,1909228,1169693
3141415,7,1909440,909060,1169755
3141416,7,1909456,909062,1169757
3141417,13,1909467,909085,1168982
3141418,20,1909470,909085,1168982
3141419,26,1909472,909085,1168982
3141420,33,1909475,909085,1168982
3141421,98,476427,909084,1168982
3141422,144,476432,476489,1168982
3141423,162,476437,476496,1168982
3141424,428,476510,909084,1168982
3141425,474,476515,476489,1168982
3141426,501,476522,476496,1168982
3141427,621,476529,1909871,1168982
3141428,625,476534,1909870,1168982
3141429,637,476537,1909870,1168982
3141430,642,476540,1909871,1168982
3141431,651,1909653,1909869,1168982
3141432,660,1909646,1909869,1168982
3141433,675,476543,1909871,1168982
3141434,678,476546,1909870,1168982
3141435,690,476549,1909870,1168982
3141436,693,476552,1909871,1168982
3141437,898,476585,909084,1168982
3141438,916,1909618,1909617,1168982
3141439,931,1909616,1909615,1168982
3141440,951,1910010,1909610,1168982
3141441,955,1909613,1909612,1168982
3141442,964,1909608,1909607,1168982
3141443,993,1909604,1909602,1168982
3141444,1006,1909601,1909600,1168982
3141445,1026,1910038,1909592,1168982
3141446,1032,1909598,1909597,1168982
3141447,1041,1909590,1909589,1168982
3141448,1108,1909582,1909581,1168982
3141449,1123,1909580,1909579,1168982
3141450,1143,1910072,1909574,1168982
3141451,1147,1909577,1909576,1168982
3141452,1156,1909572,1909571,1168982
3141453,1179,1909568,1909871,1168982
3141454,1181,1909567,1909870,1168982
3141455,1188,1909564,1909871,1168982
3141456,1197,1909560,1909870,1168982
3141457,1207,1909550,1909870,1168982
3141458,1211,1909532,1909871,1168982
3141459,1247,1909513,1909512,1168982
3141460,1260,1909511,1909510,1168982
3141461,1280,1910108,1909501,1168982
3141462,1286,1909507,1909505,1168982
3141463,1295,1909499,1909498,1168982
3141464,21,1910747,909271,1169831
3141465,16,476999,1910779,1169850
3141466,17,1911038,1911037,1169852
3141467,75,1910834,1910832,1169843
3141468,46,1911029,1911027,1169852
3141469,52,1911073,1910915,1169852
3141470,125,1910829,1910847,1169843
3141471,175,1910825,1910851,1169843
3141472,156,1910925,1910922,1169852
3141473,225,1910821,1910855,1169843
3141474,275,1910817,1910859,1169843
3141475,17,1911150,1911149,1169878
3141476,23,1911134,1911133,1169878
3141477,17,1911205,1911204,1169897
3141478,24,1911194,1911193,1169897
3141479,62,1911232,1911230,1169888
3141480,100,1911229,1911238,1169888
3141481,138,1911227,1911241,1169888
3141482,15,1911376,1911375,1169913
3141483,33,1911374,1911373,1169913
3141484,176,1911225,1911244,1169888
3141485,214,1911223,1911247,1169888
3141486,65,1911614,1911613,1169922
3141487,81,1911590,1911589,1169922
3141488,86,1911600,1911598,1169922
3141489,93,1911607,1911606,1169922
3141490,97,1911609,1911608,1169922
3141491,135,1911580,1911579,1169922
3141492,151,1911563,1911562,1169922
3141493,156,1911568,1911567,1169922
3141494,163,1911573,1911572,1169922
3141495,167,1911575,1911574,1169922
3141496,207,477367,909431,1169922
3141497,223,1911554,1911553,1169922
3141498,241,1911548,1911547,1169922
3141499,257,1911543,1911542,1169922
3141500,273,1911539,1911538,1169922
3141501,289,1911535,1911534,1169922
3141502,10,477471,1911982,1170031
3141503,10,477482,1912017,1170040
3141504,10,477499,1912026,1170045
3141505,58,477536,1912047,1170052
3141506,58,477560,1912103,1170067
3141507,58,477586,1912140,1170078
3141508,48,477627,1912226,1170111
3141509,48,477660,1912272,1170121
3141510,23,477663,1912290,1170133
3141511,48,477694,1912327,1170137
3141512,46,1912406,1912399,1272331
3141513,27,1912558,909693,1170217
3141514,29,1912559,909694,1170217
3141515,45,1912556,909693,1170217
3141516,47,1912557,909694,1170217
3141517,77,1912554,477908,1170217
3141518,96,1912550,477908,1170217
3141519,27,1912617,909705,1170230
3141520,37,1912619,909705,1170230
3141521,26,477926,477944,1170222
3141522,32,1912647,477944,1170222
3141523,36,1912649,477944,1170222
3141524,49,1912644,477944,1170222
3141525,20,477969,1912726,1170237
3141526,43,1912696,909749,1170234
3141527,46,1912698,909749,1170234
3141528,49,1912700,909749,1170234
3141529,66,1912687,909752,1170234
3141530,69,1912689,909752,1170234
3141531,72,1912691,909752,1170234
3141532,22,1912797,909777,1170249
3141533,31,1912788,909779,1170249
3141534,83,478108,909794,1170249
3141535,94,478110,909798,1170249
3141536,18,1912884,1912882,1170271
3141537,8,1913052,909857,1170324
3141538,108,1913764,1913763,1170632
3141539,167,478827,1913702,1170625
3141540,112,1913766,1913765,1170632
3141541,24,1913888,1913886,1170652
3141542,39,478918,1913892,1170652
3141543,53,1913899,1913895,1170652
3141544,56,1913898,1913897,1170652
3141545,62,1914085,1914084,1170709
3141546,66,1914087,1914084,1170709
3141547,70,1914089,1914084,1170709
3141548,89,1914093,1914084,1170709
3141549,34,1914292,1914280,1170756
3141550,55,1914345,1914333,1170767
3141551,17,479304,1914482,1170783
3141552,40,479312,1914482,1170783
3141553,37,1914426,1914425,1170775
3141554,40,1914429,1914428,1170775
3141555,43,1914432,1914431,1170775
3141556,60,1914435,1914434,1170775
3141557,27,1914559,1914549,1170789
3141558,68,479332,1914540,1170789
3141559,79,1914577,479332,1170789
3141560,36,1914648,1914639,1170796
3141561,24,479394,1914735,1170811
3141562,39,1914740,1914739,1170811
3141563,45,1914754,1914740,1170811
3141564,26,1914836,1914827,1170823
3141565,8,1914874,1914873,1170830
3141566,5,1914891,1914890,1170832
3141567,10,1914888,1914885,1170832
3141568,13,1914889,1914888,1170832
3141569,8,1914924,1914923,1170834
3141570,8,1914937,1914935,1170836
3141571,8,1914951,1914950,1170840
3141572,3,1914967,1914966,1272439
3141573,6,1915017,1915016,1170858
3141574,24,1915000,1914985,1170842
3141575,31,1914987,1915000,1170842
3141576,48,1915010,1914979,1170842
3141577,53,1914981,1915010,1170842
3141578,21,1915047,1915046,1170851
3141579,44,1915044,1915029,1170851
3141580,5,1915109,1915108,1170866
3141581,5,1915145,1915144,1170868
3141582,16,1915120,1915118,1170864
3141583,22,1915122,1915120,1170864
3141584,10,1915155,1915154,1272441
3141585,5,1915163,1915162,1170870
3141586,5,1915177,1915176,1170872
3141587,5,1915186,1915185,1170874
3141588,22,1915212,1915211,1170879
3141589,26,1915215,1915214,1170879
3141590,17,1915314,1915313,1170876
3141591,23,1915317,1915316,1170876
3141592,56,1915309,1915308,1170876
3141593,60,1915311,1915310,1170876
3141594,99,1915357,1915323,1170876
3141595,129,1915370,1915323,1170876
3141596,207,1915402,1915290,1170876
3141597,7,1915618,1915617,1170938
3141598,12,1915616,1915615,1170938
3141599,18,1915625,1915612,1170938
3141600,4,1915651,1915648,1170950
3141601,7,1915653,1915648,1170950
3141602,11,1915657,1915648,1170950
3141603,16,1915668,1915648,1170950
3141604,28,1915666,1915665,1170950
3141605,33,1915677,1915664,1170950
3141606,36,1915678,1915663,1170950
3141607,5,1915743,1915740,1170970
3141608,8,1915745,1915740,1170970
3141609,12,1915749,1915740,1170970
3141610,17,1915754,1915740,1170970
3141611,68,1915863,479750,1171004
3141612,71,1915866,1915865,1171004
3141613,71,1916095,1916092,1171073
3141614,73,1916094,1916093,1171073
3141615,91,1916090,1916087,1171073
3141616,93,1916089,1916088,1171073
3141617,43,1916144,910516,1272505
3141618,58,1916138,910516,1272505
3141619,63,1916141,910516,1272505
3141620,69,479922,910516,1272505
3141621,74,1916153,910516,1272505
3141622,76,1916155,910516,1272505
3141623,12,1916307,910547,1171092
3141624,12,1916320,910550,1171099
3141625,10,1916340,910554,1171101
3141626,15,1916343,910554,1171101
3141627,15,480082,910561,1171107
3141628,17,480083,910561,1171107
3141629,19,480084,910561,1171107
3141630,21,480085,910561,1171107
3141631,59,1916353,480095,1171079
3141632,61,1916352,1916351,1171079
3141633,31,1916500,910632,1171146
3141634,19,1916540,910637,1171154
3141635,13,1916558,910642,1171157
3141636,31,1916562,910647,1171157
3141637,13,1916601,1916596,1171161
3141638,24,1916602,1916596,1171161
3141639,52,480313,1916736,1272528
3141640,55,480312,1916736,1272528
3141641,56,480311,910669,1272528
3141642,64,1916697,910669,1272528
3141643,94,1916745,910669,1272528
3141644,175,1916769,910669,1272528
3141645,178,1916773,1916736,1272528
3141646,180,1916634,1916736,1272528
3141647,183,1916775,1916736,1272528
3141648,185,1916776,1916736,1272528
3141649,187,1916638,1916736,1272528
3141650,190,1916640,1916736,1272528
3141651,218,1916674,1916736,1272528
3141652,221,1916689,910669,1272528
3141653,230,480337,1916736,1272528
3141654,231,480335,910669,1272528
3141655,236,1916688,1916736,1272528
3141656,240,480343,1916736,1272528
3141657,249,1916685,1916736,1272528
3141658,253,480349,1916736,1272528
3141659,255,480352,1916736,1272528
3141660,261,1916683,1916736,1272528
3141661,272,480361,910669,1272528
3141662,274,480366,910669,1272528
3141663,311,1916793,910669,1272528
3141664,57,1916933,1916927,1171211
3141665,422,1916630,910701,1272528
3141666,426,480469,1916609,1272528
3141667,428,480468,1916609,1272528
3141668,430,480467,1916609,1272528
3141669,432,480466,1916609,1272528
3141670,434,480465,1916609,1272528
3141671,436,480464,1916609,1272528
3141672,438,480463,1916609,1272528
3141673,440,480462,1916609,1272528
3141674,29,480485,1917055,1272557
3141675,81,1917136,910741,1171254
3141676,88,480548,910746,1171254
3141677,28,480572,910784,1171267
3141678,32,1917238,480579,1171267
3141679,37,1917246,1917217,1171267
3141680,41,1917245,1917217,1171267
3141681,45,1917250,1917207,1171267
3141682,50,1917254,1917207,1171267
3141683,55,1917258,1917207,1171267
3141684,62,1917221,1917217,1171267
3141685,65,1917223,480579,1171267
3141686,70,1917227,1917207,1171267
3141687,75,1917231,1917207,1171267
3141688,81,1917236,1917217,1171267
3141689,88,1917213,480579,1171267
3141690,9,1917445,480756,1171336
3141691,12,1917446,480756,1171336
3141692,15,1917447,480756,1171336
3141693,18,1917448,480756,1171336
3141694,3,1917514,910890,1272588
3141695,3,1917536,910894,1272589
3141696,7,1917758,1917757,1171400
3141697,16,1917762,1917761,1171400
3141698,24,1917767,1917766,1171400
3141699,33,1917771,1917770,1171400
3141700,41,1917776,1917775,1171400
3141701,50,1917780,1917779,1171400
3141702,57,1917785,1917784,1171400
3141703,2,1917839,1917837,1171411
3141704,8,1917842,1917837,1171411
3141705,15,1917847,1917837,1171411
3141706,22,1917852,1917837,1171411
3141707,2,1917866,1917864,1171414
3141708,8,1917869,1917864,1171414
3141709,3,1918356,1918355,1171565
3141710,12,1918367,1918365,1171560
3141711,3,1918376,1918375,1171567
3141712,8,1918379,1918378,1171567
3141713,3,1918412,1918411,1171569
3141714,3,1918490,1918483,1171574
3141715,6,1918486,1918485,1171574
3141716,3,1918517,1918516,1171576
3141717,8,1918520,1918519,1171576
3141718,13,1918524,1918523,1171576
3141719,18,1918528,1918527,1171576
3141720,4,1918556,1918555,1171578
3141721,9,1918561,1918560,1171578
3141722,17,1918568,1918567,1171578
3141723,25,1918575,1918574,1171578
3141724,33,1918582,1918581,1171578
3141725,41,1918589,1918588,1171578
3141726,50,1918597,1918596,1171578
3141727,59,1918604,1918603,1171578
3141728,6,1918809,1918808,1171613
3141729,18,1919028,1919026,1171649
3141730,21,482015,1919027,1171649
3141731,38,1919119,911626,1171655
3141732,3,1919193,1919192,1171673
3141733,11,1919202,1919201,1171677
3141734,11,1919223,1919222,1171685
3141735,10,1919279,1919278,1272670
3141736,8,1919294,1919292,1272671
3141737,19,1919377,1919371,1171711
3141738,29,1919378,1919370,1171711
3141739,39,1919379,1919369,1171711
3141740,6,482250,1919400,1171723
3141741,8,482298,482293,1171740
3141742,17,1919432,1919431,1171740
3141743,13,482355,1919507,1171746
3141744,65,482409,482400,1171746
3141745,81,1919496,1919495,1171746
3141746,44,1919609,1919608,1171762
3141747,42,482549,482542,1171772
3141748,46,1919681,1919680,1171772
3141749,4,1919803,1919801,1272713
3141750,3,1919838,1919836,1171823
3141751,5,1919850,1919849,1272714
3141752,47,1919826,1919814,1171802
3141753,63,1919827,1919812,1171802
3141754,25,482635,1919870,1272716
3141755,79,1919828,1919810,1171802
3141756,10,1920032,1920028,1171883
3141757,20,482747,1920028,1171883
3141758,10,1920057,1920053,1171891
3141759,21,482765,1920053,1171891
3141760,3,1920195,1920194,1171907
3141761,2,1920202,1920200,1171909
3141762,5,1920309,482972,1171942
3141763,8,1920317,482984,1272737
3141764,9,1920330,482995,1272738
3141765,17,483060,1920357,1171956
3141766,31,483084,1920380,1171962
3141767,32,483085,1920379,1171962
3141768,19,1920417,1920413,1171971
3141769,9,1920442,483138,1171976
3141770,17,483123,483138,1171976
3141771,13,483341,483345,1172052
3141772,26,483343,483345,1172052
3141773,12,483375,1920774,1172073
3141774,3,1920896,1920892,1172096
3141775,3,1920902,1920898,1172099
3141776,77,483481,912235,1272773
3141777,53,1920920,483468,1172104
3141778,7,1920953,912255,1172124
3141779,7,1920993,912267,1172132
3141780,9,483549,1921012,1172134
3141781,7,1921385,484052,1172259
3141782,9,1921386,484052,1172259
3141783,11,1921387,484052,1172259
3141784,13,1921388,484052,1172259
3141785,41,1921464,484079,1172274
3141786,42,1921465,484079,1172274
3141787,59,1921470,484079,1172274
3141788,60,1921471,484079,1172274
3141789,26,1921566,1921565,1272815
3141790,2,1921634,1921633,1272816
3141791,5,1921636,1921635,1272816
3141792,8,1921638,1921637,1272816
3141793,11,1921640,1921639,1272816
3141794,14,1921642,1921641,1272816
3141795,17,1921644,1921643,1272816
3141796,20,1921646,1921645,1272816
3141797,23,1921648,1921647,1272816
3141798,26,1921650,1921649,1272816
3141799,29,1921652,1921651,1272816
3141800,32,1921654,1921653,1272816
3141801,35,1921656,1921655,1272816
3141802,2,1921663,1921662,1272817
3141803,9,1921673,1921672,1272818
3141804,9,1921690,1921689,1272820
3141805,16,1921688,1921687,1272820
3141806,2,1921706,1921705,1272822
3141807,8,1921709,1921708,1272822
3141808,2,1921721,1921720,1272823
3141809,8,1921724,1921723,1272823
3141810,2,1921736,1921735,1272824
3141811,8,1921739,1921738,1272824
3141812,2,1921750,1921749,1272825
3141813,8,1921753,1921752,1272825
3141814,2,1921764,1921763,1272827
3141815,8,1921767,1921766,1272827
3141816,2,1921797,1921796,1272828
3141817,8,1921800,1921799,1272828
3141818,2,1921822,1921821,1272829
3141819,8,1921825,1921824,1272829
3141820,8,1922309,1922308,1272840
3141821,38,1922300,1922319,1272840
3141822,41,1922303,1922319,1272840
3141823,45,1922302,1922319,1272840
3141824,14,1922659,1922656,1172365
3141825,11,1922722,1922721,1272854
3141826,3,1922728,1922727,1272855
3141827,6,1923347,913165,1172524
3141828,7,1923348,913165,1172524
3141829,8,1923349,913165,1172524
3141830,9,1923350,913165,1172524
3141831,10,1923351,913165,1172524
3141832,11,1923352,913165,1172524
3141833,12,1923353,913165,1172524
3141834,13,1923354,913165,1172524
3141835,20,484918,484914,1172534
3141836,39,484943,484916,1172534
3141837,11,1923539,913229,1272903
3141838,14,484990,1923625,1172612
3141839,18,1923635,1923625,1172612
3141840,30,1923630,1923625,1172612
3141841,35,1923633,1923625,1172612
3141842,81,1923848,1923855,1172675
3141843,97,1923845,1923857,1172675
3141844,38,485099,1924039,1172711
3141845,176,1923837,913373,1172675
3141846,177,1923836,1923855,1172675
3141847,179,1923838,1923797,1172675
3141848,188,1923834,913373,1172675
3141849,213,1923827,485116,1172675
3141850,217,1923829,1923799,1172675
3141851,219,1923831,1923857,1172675
3141852,225,1923825,1923903,1172675
3141853,295,1923816,913384,1172675
3141854,296,1923815,1923855,1172675
3141855,298,1923817,1923797,1172675
3141856,307,1923813,913384,1172675
3141857,332,1923806,485147,1172675
3141858,337,1923808,1923799,1172675
3141859,339,1923810,1923857,1172675
3141860,345,1923804,1923933,1172675
3141861,38,1924174,1924171,1172741
3141862,39,1924173,1924172,1172741
3141863,43,1924177,1924172,1172741
3141864,65,1924161,1924157,1172741
3141865,66,1924160,1924159,1172741
3141866,70,1924165,1924159,1172741
3141867,144,1924138,1924181,1172741
3141868,146,1924139,1924179,1172741
3141869,182,1924129,485230,1172741
3141870,187,1924131,1924180,1172741
3141871,189,1924133,1924182,1172741
3141872,186,1924366,1924387,1172812
3141873,222,1924359,485317,1172812
3141874,226,1924361,1924337,1172812
3141875,297,1924349,1924387,1172812
3141876,333,1924342,485340,1172812
3141877,338,1924344,1924337,1172812
3141878,8,485453,1924763,1272980
3141879,172,485601,1924693,1272973
3141880,8,485822,1925150,1273024
3141881,3,1925291,1925290,1173108
3141882,5,1925326,1925325,1173118
3141883,8,1925493,1925492,1173162
3141884,13,1925495,1925494,1173162
3141885,6,1925539,1925537,1173181
3141886,6,1925798,913947,1173305
3141887,11,1925800,913947,1173305
3141888,12,1925799,913949,1173305
3141889,14,1925802,913947,1173305
3141890,15,1925801,913949,1173305
3141891,3,1925973,1925972,1173364
3141892,5,486825,1925972,1173364
3141893,13,1925988,1925972,1173364
3141894,17,486843,1925972,1173364
3141895,19,486831,1925972,1173364
3141896,23,1925986,1925972,1173364
3141897,26,1925991,1925972,1173364
3141898,28,486833,1925972,1173364
3141899,32,1925984,1925972,1173364
3141900,36,1925974,1925972,1173364
3141901,38,486837,1925972,1173364
3141902,42,1925979,1925972,1173364
3141903,45,1925981,1925972,1173364
3141904,47,486839,1925972,1173364
3141905,51,1925982,1925972,1173364
3141906,55,1925992,1925972,1173364
3141907,57,486844,1925972,1173364
3141908,60,1925975,1925972,1173364
3141909,62,486848,1925972,1173364
3141910,66,1925976,1925972,1173364
3141911,7,1926026,1926022,1173386
3141912,33,486895,914131,1173382
3141913,15,486923,1926061,1173394
3141914,23,1926104,1926100,1173401
3141915,28,1926105,1926100,1173401
3141916,36,1926130,1926100,1173401
3141917,38,1926106,1926100,1173401
3141918,13,1926093,1926099,1173403
3141919,51,486950,1926100,1173401
3141920,21,1926091,1926099,1173403
3141921,24,1926087,1926099,1173403
3141922,96,486964,1926100,1173401
3141923,100,486970,1926100,1173401
3141924,13,487114,914238,1173454
3141925,42,1926423,1926378,1173516
3141926,50,1926427,1926379,1173516
3141927,71,1926416,1926378,1173516
3141928,73,1926415,1926378,1173516
3141929,76,1926420,1926379,1173516
3141930,78,1926419,1926379,1173516
3141931,100,1926412,1926386,1173516
3141932,111,1926438,1926386,1173516
3141933,119,1926405,1926386,1173516
3141934,122,1926439,1926386,1173516
3141935,30,1926911,1926910,1273111
3141936,33,487528,1926913,1273111
3141937,45,1926902,1926900,1273111
3141938,48,487531,1926906,1273111
3141939,8,1926968,487751,1173597
3141940,352,487745,1926920,1273111
3141941,371,487749,1926916,1273111
3141942,18,1927007,1927006,1173606
3141943,11,1927039,1927038,1173624
3141944,12,1927056,1927055,1173629
3141945,5,1927066,1927065,1173633
3141946,5,1927079,1927078,1173635
3141947,4,1927089,1927084,1173640
3141948,6,1927087,1927086,1173640
3141949,8,1927090,1927089,1173640
3141950,5,1927118,1927111,1173650
3141951,7,1927114,1927113,1173650
3141952,5,1927126,1927125,1173654
3141953,4,1927135,1927130,1173659
3141954,6,1927133,1927132,1173659
3141955,8,1927136,1927135,1173659
3141956,5,1927154,1927148,1173665
3141957,7,1927151,1927150,1173665
3141958,5,1927168,1927167,1173679
3141959,4,1927184,1927178,1173681
3141960,6,1927182,1927181,1173681
3141961,8,1927185,1927184,1173681
3141962,5,1927212,1927204,1173692
3141963,7,1927208,1927207,1173692
3141964,6,1927206,487916,1173687
3141965,7,1927713,488416,1173728
3141966,238,1927719,488495,1173728
3141967,241,1927723,488495,1173728
3141968,259,1927756,1927838,1173728
3141969,278,1927754,1927838,1173728
3141970,12,1928039,1928037,1173896
3141971,18,1928066,1928067,1173898
3141972,15,1928108,1928107,1273205
3141973,23,1928112,1928111,1273205
3141974,3,1928200,1928199,1173919
3141975,5,1928273,1928271,1173938
3141976,8,1928487,915064,1174018
3141977,9,1928488,915064,1174018
3141978,10,1928489,915064,1174018
3141979,11,1928490,915064,1174018
3141980,25,1928494,915064,1174018
3141981,7,488977,1928523,1273226
3141982,9,1928547,1928524,1273226
3141983,12,1928732,1928731,1273232
3141984,14,1928835,1928834,1174164
3141985,77,1928945,489622,1273237
3141986,79,1928948,489622,1273237
3141987,29,489519,1929156,1174276
3141988,4,1929189,1929188,1174281
3141989,9,1929186,1929182,1174281
3141990,30,1929171,1929170,1174281
3141991,42,489543,1929173,1174281
3141992,45,489544,1929175,1174281
3141993,50,489550,1929176,1174281
3141994,52,489551,1929177,1174281
3141995,24,1929242,1929241,1174283
3141996,32,1929239,1929236,1174283
3141997,61,1929251,1929248,1174283
3141998,68,489637,1929228,1174283
3141999,71,489638,1929230,1174283
3142000,79,489649,1929233,1174283
3142001,81,489650,1929234,1174283
3142002,115,1929227,1929226,1174283
3142003,123,1929224,1929221,1174283
3142004,152,1929259,1929256,1174283
3142005,159,489674,1929214,1174283
3142006,162,489675,1929216,1174283
3142007,170,489690,1929218,1174283
3142008,172,489691,1929219,1174283
3142009,20,1929357,1929355,1174301
3142010,17,1929390,1929388,1174297
3142011,25,1929385,1929382,1174297
3142012,13,1929398,915366,1174305
3142013,20,489794,915366,1174305
3142014,22,1929392,915366,1174305
3142015,53,1929400,1929396,1174297
3142016,60,489838,1929364,1174297
3142017,63,489839,1929368,1174297
3142018,71,489848,1929378,1174297
3142019,73,489849,1929379,1174297
3142020,101,1929362,1929360,1174297
3142021,109,1929356,1929351,1174297
3142022,5,1929552,915404,1174335
3142023,8,1929553,915404,1174335
3142024,137,1929413,1929410,1174297
3142025,144,489866,1929342,1174297
3142026,147,489867,1929344,1174297
3142027,155,489875,1929345,1174297
3142028,157,489876,1929346,1174297
3142029,18,489880,915404,1174335
3142030,18,1929626,1929610,1174354
3142031,30,1929624,1929610,1174354
3142032,39,1929621,1929610,1174354
3142033,63,1929616,1929610,1174354
3142034,77,1929611,1929610,1174354
3142035,11,1929706,1929690,1273261
3142036,18,1929772,1929761,1273261
3142037,69,1929786,1929751,1273261
3142038,75,1929788,1929756,1273261
3142039,111,1929747,1929744,1273261
3142040,136,1929737,1929732,1273261
3142041,161,1929820,1929714,1273261
3142042,167,1929822,1929721,1273261
3142043,5,1929913,1929912,1174384
3142044,11,1929916,1929915,1174384
3142045,23,1929919,1929918,1174384
3142046,78,1930066,1930063,1174418
3142047,79,490135,1930071,1174418
3142048,7,1930103,915570,1174422
3142049,9,1930104,915570,1174422
3142050,15,1930120,915598,1174433
3142051,17,1930121,915598,1174433
3142052,13,1930142,915604,1174450
3142053,15,1930143,915604,1174450
3142054,7,490467,1930347,1174507
3142055,38,490559,915731,1174527
3142056,38,490602,915750,1174535
3142057,20,1930911,1930906,1174710
3142058,3,1931446,1931445,1174922
3142059,4,1931455,1931454,1174926
3142060,34,1931531,1931530,1174949
3142061,43,1931524,1931523,1174949
3142062,48,1931526,1931525,1174949
3142063,53,1931529,1931528,1174949
3142064,12,1931584,1931582,1174963
3142065,20,1931607,1931606,1174971
3142066,21,491408,1931593,1174971
3142067,26,1931609,1931608,1174971
3142068,28,491410,1931593,1174971
3142069,32,1931623,1931611,1174971
3142070,33,1931624,1931593,1174971
3142071,8,1931662,1931660,1174976
3142072,69,491417,1931593,1174971
3142073,9,1931684,1931682,1174980
3142074,80,1931601,1931600,1174971
3142075,85,1931603,1931602,1174971
3142076,90,1931640,1931605,1174971
3142077,10,491451,1931729,1273416
3142078,3,1931751,1931750,1174989
3142079,47,1931711,1931708,1174969
3142080,49,1931712,1931708,1174969
3142081,10,1931772,916180,1175003
3142082,10,1931788,916185,1175009
3142083,48,1931914,1931807,1174991
3142084,53,1931819,916198,1174991
3142085,62,491535,1931807,1174991
3142086,70,1931873,1931872,1174991
3142087,98,1931866,491559,1174991
3142088,103,1931869,491559,1174991
3142089,110,1931860,491559,1174991
3142090,116,1931863,491559,1174991
3142091,127,1931889,1931807,1174991
3142092,239,1931833,916254,1174991
3142093,244,1931830,916254,1174991
3142094,247,1931831,916254,1174991
3142095,252,1931827,916254,1174991
3142096,255,1931828,916254,1174991
3142097,258,1931829,916254,1174991
3142098,263,1931823,916254,1174991
3142099,266,1931824,916254,1174991
3142100,269,1931825,916254,1174991
3142101,272,1931826,916254,1174991
3142102,38,1932028,916278,1175033
3142103,27,1932159,916306,1273423
3142104,57,1932150,916324,1273423
3142105,170,1932050,491805,1175035
3142106,177,1932049,491805,1175035
3142107,183,491799,491805,1175035
3142108,26,491810,1932208,1175041
3142109,29,491814,1932208,1175041
3142110,192,1932135,491805,1175035
3142111,199,491825,491805,1175035
3142112,206,491840,491805,1175035
3142113,209,1932047,491805,1175035
3142114,216,491854,491860,1175035
3142115,10,491870,1932255,1175048
3142116,11,1932272,1932271,1273431
3142117,16,1932275,1932274,1273431
3142118,11,1932298,1932297,1175057
3142119,11,491934,1932410,1175093
3142120,20,1932397,916420,1175087
3142121,23,1932398,916422,1175087
3142122,14,1932443,1932442,1273443
3142123,18,1932445,1932444,1273443
3142124,23,1932448,1932447,1273443
3142125,53,491994,492033,1175070
3142126,59,492014,492033,1175070
3142127,60,492015,492033,1175070
3142128,65,1932346,492033,1175070
3142129,67,1932347,492033,1175070
3142130,74,1932348,492033,1175070
3142131,83,492022,492028,1175070
3142132,20,1932609,916469,1175197
3142133,49,1932680,492188,1175220
3142134,55,492149,492188,1175220
3142135,61,492154,492188,1175220
3142136,68,492159,492188,1175220
3142137,69,492160,492188,1175220
3142138,76,492170,492188,1175220
3142139,77,492171,492188,1175220
3142140,81,1932684,492188,1175220
3142141,83,1932685,492188,1175220
3142142,89,1932690,492188,1175220
3142143,33,1932841,492182,1175263
3142144,59,1932842,492182,1175263
3142145,86,1932820,492182,1175263
3142146,98,1932874,492182,1175263
3142147,100,1932875,492182,1175263
3142148,142,1932806,492182,1175263
3142149,154,1932803,492182,1175263
3142150,165,1932879,492182,1175263
3142151,167,1932880,492182,1175263
3142152,169,1932846,492182,1175263
3142153,33,1932952,1932941,1175268
3142154,73,1932976,1932936,1175268
3142155,106,492350,1932926,1175268
3142156,151,1932985,1932920,1175268
3142157,63,1933098,492481,1175301
3142158,73,492478,492481,1175301
3142159,85,1933097,492481,1175301
3142160,3,1933208,1933205,1175335
3142161,13,1933785,1933784,1175551
3142162,11,1933840,1933839,1175554
3142163,3,1933873,1933872,1175559
3142164,4,1933896,1933894,1175561
3142165,5,1933897,1933896,1175561
3142166,5,1933908,1933905,1175567
3142167,4,1934096,1934094,1175624
3142168,5,1934116,1934115,1175626
3142169,10,1934114,1934113,1175626
3142170,15,1934112,1934111,1175626
3142171,4,1934150,1934149,1175640
3142172,4,1934188,1934187,1175654
3142173,4,1934234,1934233,1175664
3142174,36,1934269,1934268,1175650
3142175,41,1934271,1934270,1175650
3142176,42,493468,1934271,1175650
3142177,45,1934273,1934272,1175650
3142178,46,493470,1934273,1175650
3142179,49,1934275,1934274,1175650
3142180,50,493472,1934275,1175650
3142181,53,1934277,1934276,1175650
3142182,54,1934278,1934277,1175650
3142183,62,1934305,1934303,1175650
3142184,63,493482,1934305,1175650
3142185,69,1934280,1934279,1175650
3142186,70,1934281,1934280,1175650
3142187,84,1934321,1934320,1175650
3142188,85,1934322,1934321,1175650
3142189,88,1934302,1934301,1175650
3142190,89,493495,1934302,1175650
3142191,94,1934283,1934282,1175650
3142192,95,1934284,1934283,1175650
3142193,98,1934299,1934298,1175650
3142194,99,493499,1934299,1175650
3142195,108,1934286,1934285,1175650
3142196,109,1934287,1934286,1175650
3142197,112,1934297,1934296,1175650
3142198,113,493505,1934297,1175650
3142199,118,1934290,1934289,1175650
3142200,119,1934291,1934290,1175650
3142201,122,1934295,1934294,1175650
3142202,123,493509,1934295,1175650
3142203,213,1934266,493557,1175650
3142204,27,1934393,1934388,1175684
3142205,13,1934409,1934406,1273575
3142206,20,1934413,1934412,1273575
3142207,36,1934453,1934452,1175705
3142208,22,493585,1934487,1175713
3142209,38,1934501,1934482,1175713
3142210,13,493636,1934590,1273581
3142211,23,1934596,1934595,1273581
3142212,15,493742,917219,1175723
3142213,29,493746,917230,1175723
3142214,43,493752,917236,1175723
3142215,63,493772,917242,1175723
3142216,11,1934772,1934771,1175743
3142217,87,493788,917254,1175723
3142218,15,1934817,1934816,1273595
3142219,21,1934810,1934809,1273595
3142220,10,1934832,1934831,1273596
3142221,3,1935085,1935083,1175821
3142222,5,1935086,1935083,1175821
3142223,7,1935088,1935083,1175821
3142224,8,1935087,1935083,1175821
3142225,11,1935091,1935083,1175821
3142226,12,1935090,1935083,1175821
3142227,13,1935277,1935276,1175892
3142228,8,1935376,1935375,1175912
3142229,12,1935410,1935407,1175919
3142230,14,1935409,1935408,1175919
3142231,8,1935443,1935442,1175925
3142232,13,1935473,1935472,1273651
3142233,33,1935501,1935499,1175943
3142234,19,1935547,1935544,1175950
3142235,21,1935546,1935545,1175950
3142236,38,1935541,1935540,1175950
3142237,56,1935535,1935534,1175950
3142238,5,1935576,1935573,1175960
3142239,8,1935579,1935573,1175960
3142240,33,1935590,1935573,1175960
3142241,35,1935588,1935573,1175960
3142242,47,494324,1935573,1175960
3142243,48,494325,1935573,1175960
3142244,9,1935646,1935645,1175981
3142245,8,1935659,1935658,1273652
3142246,9,1935680,1935679,1273654
3142247,10,1935718,1935717,1175998
3142248,20,1935768,1935765,1176017
3142249,22,1935767,1935766,1176017
3142250,8,1935787,1935786,1176024
3142251,16,1935815,1935813,1176031
3142252,14,1935853,1935849,1176035
3142253,16,1935851,1935850,1176035
3142254,32,1935922,917662,1273668
3142255,44,1935929,917666,1273668
3142256,93,1935937,917679,1273668
3142257,99,1935940,917682,1273668
3142258,105,1935943,917690,1273668
3142259,112,1935946,917696,1273668
3142260,22,1936154,1936147,1273704
3142261,38,1936151,1936150,1273704
3142262,25,494758,1936227,1273713
3142263,86,1936199,494814,1176110
3142264,28,1936271,917798,1176123
3142265,30,1936269,917798,1176123
3142266,94,1936200,494814,1176110
3142267,96,1936202,494814,1176110
3142268,51,494840,917798,1176123
3142269,10,1936318,1936317,1176131
3142270,6,1936335,917820,1176133
3142271,7,1936336,917820,1176133
3142272,64,494877,917798,1176123
3142273,73,494894,917798,1176123
3142274,5,1936380,1936379,1176145
3142275,11,1936378,1936377,1176145
3142276,18,1936390,1936376,1176145
3142277,23,1936408,1936404,1176152
3142278,5,1936464,1936463,1176156
3142279,11,1936462,1936461,1176156
3142280,18,1936475,1936460,1176156
3142281,7,1936434,1936431,1176147
3142282,19,1936439,1936431,1176147
3142283,5,1936522,1936521,1176173
3142284,11,1936520,1936519,1176173
3142285,18,1936533,1936518,1176173
3142286,5,1936574,1936573,1176191
3142287,11,1936572,1936571,1176191
3142288,18,1936585,1936570,1176191
3142289,17,1936630,1936621,1176183
3142290,30,1936634,1936633,1176183
3142291,31,1936636,1936634,1176183
3142292,44,1936623,1936621,1176183
3142293,57,1936627,1936626,1176183
3142294,58,1936628,1936627,1176183
3142295,17,1936732,1936723,1176237
3142296,31,1936737,1936736,1176237
3142297,32,1936738,1936737,1176237
3142298,44,1936725,1936723,1176237
3142299,42,1936813,1936760,1176240
3142300,50,1936801,1936760,1176240
3142301,52,1936797,1936796,1176240
3142302,67,1936787,1936786,1176240
3142303,83,1936775,1936760,1176240
3142304,85,1936771,1936770,1176240
3142305,58,1936729,1936728,1176237
3142306,59,1936730,1936729,1176237
3142307,42,1936874,1936854,1176261
3142308,46,1936877,1936876,1176261
3142309,60,1936888,1936854,1176261
3142310,63,1936890,1936889,1176261
3142311,96,1936862,1936854,1176261
3142312,99,1936864,1936863,1176261
3142313,17,1936946,1936945,1273761
3142314,7,1937142,917928,1176365
3142315,9,1937143,917928,1176365
3142316,11,1937144,917928,1176365
3142317,9,1937163,1937162,1176370
3142318,67,495277,917959,1176344
3142319,7,1937188,1937187,1176376
3142320,12,1937290,1937289,1176378
3142321,39,1937355,918038,1176381
3142322,35,1937379,918061,1176383
3142323,42,1937418,918083,1176389
3142324,25,1937704,1937703,1176469
3142325,30,1937708,1937707,1176469
3142326,31,1937709,1937708,1176469
3142327,64,1937695,1937694,1176469
3142328,65,1937696,1937695,1176469
3142329,84,1937701,1937699,1176469
3142330,5,1937836,918261,1176534
3142331,8,1937837,918261,1176534
3142332,15,1937838,918261,1176534
3142333,25,1937839,918261,1176534
3142334,28,1937840,918261,1176534
3142335,6,496236,1937871,1176538
3142336,41,496279,918282,1176538
3142337,49,496300,918282,1176538
3142338,55,496311,918282,1176538
3142339,63,496332,918282,1176538
3142340,7,496442,1937961,1176575
3142341,3,1938097,1938096,1176618
3142342,2,1938100,1938098,1176620
3142343,3,1938192,1938190,1273819
3142344,102,496619,918413,1176577
3142345,39,1938245,1938240,1176625
3142346,9,496760,1938343,1176651
3142347,14,496768,1938345,1176651
3142348,26,496932,1938708,1176690
3142349,26,496945,1938742,1176692
3142350,24,497142,1939005,1176729
3142351,18,1939317,918727,1273873
3142352,3,1939403,1939399,1176776
3142353,3,1939419,1939415,1176779
3142354,72,1939469,497350,1176785
3142355,94,1939467,497350,1176785
3142356,30,1939722,1939721,1273883
3142357,36,1939719,1939718,1273883
3142358,43,1939715,1939714,1273883
3142359,11,497484,918863,1176835
3142360,25,497547,1939997,1176854
3142361,21,497555,918893,1176862
3142362,13,497692,918963,1176907
3142363,19,497719,918985,1176917
3142364,10,1940662,918990,1273919
3142365,12,1941210,1941208,1177041
3142366,24,1941267,1941266,1177045
3142367,28,1941273,1941272,1177045
3142368,54,1941271,1941270,1177045
3142369,12,1941366,1941365,1273936
3142370,3,1941411,1941410,1177072
3142371,25,1941526,1941525,1177094
3142372,3,1941742,1941740,1177157
3142373,44,1941878,919466,1177191
3142374,45,498680,1941878,1177191
3142375,48,1941881,919466,1177191
3142376,49,498678,1941881,1177191
3142377,63,1941891,919470,1177191
3142378,64,1941890,919470,1177191
3142379,109,498837,919579,1177204
3142380,159,1941962,919588,1273961
3142381,160,498847,1941962,1273961
3142382,163,1941965,919588,1273961
3142383,164,498849,1941965,1273961
3142384,26,1942664,919764,1177276
3142385,31,499309,919764,1177276
3142386,33,1942684,919764,1177276
3142387,5,1942863,919872,1273992
3142388,7,1942867,919872,1273992
3142389,10,1942864,919872,1273992
3142390,13,1942937,1942935,1177390
3142391,16,1942939,1942938,1177390
3142392,19,1942941,1942940,1177390
3142393,12,1942954,1942952,1177392
3142394,15,1942956,1942955,1177392
3142395,18,499533,1942969,1177392
3142396,22,1942977,1942970,1177392
3142397,26,1942958,1942957,1177392
3142398,31,1942960,1942959,1177392
3142399,37,1942963,1942962,1177392
3142400,12,1942993,1942991,1177394
3142401,15,1942995,1942994,1177394
3142402,18,1943000,1942996,1177394
3142403,73,499719,1943024,1274009
3142404,83,499751,1943021,1274009
3142405,93,499766,1943018,1274009
3142406,103,499770,1943015,1274009
3142407,39,1943537,1943521,1177492
3142408,41,1943538,1943522,1177492
3142409,63,1943397,1943391,1274013
3142410,71,1943526,1943523,1177492
3142411,75,1943525,1943524,1177492
3142412,60,1943625,1943623,1177501
3142413,61,1943624,499980,1177501
3142414,92,1943639,1943638,1177501
3142415,108,1943621,1943620,1177501
3142416,179,1943611,1943610,1177501
3142417,182,1943613,1943612,1177501
3142418,3,1943780,1943779,1177528
3142419,12,500062,1943785,1177528
3142420,15,500063,1943788,1177528
3142421,18,500064,1943794,1177528
3142422,21,500065,1943799,1177528
3142423,24,500066,1943805,1177528
3142424,27,500067,1943814,1177528
3142425,4,1943916,1943893,1177530
3142426,13,1943966,1943965,1177532
3142427,14,1943967,920173,1177532
3142428,17,500080,1943969,1177532
3142429,27,1944097,1944095,1177542
3142430,35,1944105,1944104,1177542
3142431,46,500114,1944112,1177542
3142432,7,500132,920190,1274026
3142433,6,500138,1944173,1177552
3142434,3,1944309,1944291,1177561
3142435,13,500172,1944296,1177561
3142436,16,500173,1944298,1177561
3142437,19,500174,1944300,1177561
3142438,22,500175,1944302,1177561
3142439,25,500176,1944304,1177561
3142440,28,500177,1944306,1177561
3142441,4,1945024,1945023,1177797
3142442,11,1945135,1945134,1177817
3142443,14,1945152,1945150,1274084
3142444,20,1945211,1945173,1177823
3142445,67,1945200,1945199,1177823
3142446,20,1945291,1945288,1274091
3142447,25,1945296,1945286,1274091
3142448,17,1945334,1945333,1177857
3142449,35,1945347,1945346,1177857
3142450,62,1945358,1945355,1177857
3142451,67,1945383,1945342,1177857
3142452,11,1945427,1945424,1177879
3142453,9,501158,1945464,1177886
3142454,12,1945465,1945464,1177886
3142455,3,501178,1945478,1177891
3142456,9,1945481,1945478,1177891
3142457,29,501286,1945598,1177915
3142458,18,1945568,1945567,1177888
3142459,36,1945613,1945612,1177888
3142460,74,1945625,1945622,1177888
3142461,79,1945642,1945608,1177888
3142462,158,1945590,1945589,1177888
3142463,27,1946321,1946320,1178062
3142464,55,1946324,1946311,1178062
3142465,93,1946325,1946304,1178062
3142466,29,1946417,1946416,1178073
3142467,59,1946421,1946403,1178073
3142468,25,1946503,1946502,1178071
3142469,30,1946505,1946504,1178071
3142470,17,501874,501860,1178079
3142471,53,1946540,1946539,1178071
3142472,121,1946433,1946395,1178073
3142473,109,1946524,1946523,1178071
3142474,112,1946526,1946525,1178071
3142475,116,501910,1946527,1178071
3142476,118,501911,1946528,1178071
3142477,121,1946530,1946529,1178071
3142478,16,1946754,1946753,1178132
3142479,19,1946756,1946755,1178132
3142480,16,1946816,1946815,1178175
3142481,19,1946818,1946817,1178175
3142482,7,1947028,1947025,1178196
3142483,150,1946994,1946858,1178111
3142484,179,1946998,1946908,1178111
3142485,39,1947149,1947155,1274171
3142486,19,1947202,1947187,1178234
3142487,18,1947308,1947250,1274176
3142488,82,1947289,1947288,1274176
3142489,132,1947272,1947271,1274176
3142490,24,1947390,1947387,1274180
3142491,5,1947403,1947402,1274179
3142492,21,1947432,1947431,1274179
3142493,37,1947436,1947435,1274179
3142494,46,1947411,921111,1274179
3142495,48,1947410,1947409,1274179
3142496,50,1947414,921111,1274179
3142497,52,1947413,1947412,1274179
3142498,54,1947417,921111,1274179
3142499,58,1947418,921111,1274179
3142500,61,1947420,921111,1274179
3142501,71,1947443,1947442,1274179
3142502,79,1947406,1947404,1274179
3142503,4,1947526,1947525,1178278
3142504,7,1947545,1947544,1178278
3142505,17,1947548,1947547,1178278
3142506,20,1947543,1947542,1178278
3142507,30,1947551,1947550,1178278
3142508,33,1947541,1947540,1178278
3142509,44,1947539,1947538,1178278
3142510,23,1947569,1947568,1178281
3142511,7,1947626,1947625,1274190
3142512,10,1947628,1947627,1274190
3142513,14,502399,1947630,1274190
3142514,18,1947665,1947663,1178287
3142515,19,1947664,1947647,1178287
3142516,8,1947599,502419,1178283
3142517,11,1947602,502419,1178283
3142518,14,1947606,502419,1178283
3142519,7,1947682,1947681,1274192
3142520,10,1947684,1947683,1274192
3142521,14,502417,1947685,1274192
3142522,23,1947679,1947678,1274192
3142523,26,502421,1947680,1274192
3142524,10,1947743,921143,1178293
3142525,13,1947744,921143,1178293
3142526,28,1947741,921145,1178293
3142527,31,1947742,921145,1178293
3142528,4,1947782,1947781,1178297
3142529,7,1947882,1947881,1178297
3142530,17,1947886,1947885,1178297
3142531,20,1947880,1947879,1178297
3142532,36,1947876,1947875,1178297
3142533,43,1947878,1947877,1178297
3142534,51,1947874,1947873,1178297
3142535,80,1947798,1947797,1178297
3142536,84,1947801,1947800,1178297
3142537,88,502481,1947803,1178297
3142538,91,502485,1947804,1178297
3142539,94,1947806,1947805,1178297
3142540,103,1947809,1947808,1178297
3142541,118,1947858,1947857,1178297
3142542,121,1947870,1947867,1178297
3142543,123,1947869,1947868,1178297
3142544,131,1947860,1947859,1178297
3142545,134,1947864,1947861,1178297
3142546,136,1947863,1947862,1178297
3142547,145,1947840,1947836,1178297
3142548,147,1947838,1947837,1178297
3142549,152,1947850,1947849,1178297
3142550,155,1947854,1947851,1178297
3142551,157,1947853,1947852,1178297
3142552,165,1947846,1947842,1178297
3142553,167,1947844,1947843,1178297
3142554,176,1947819,1947815,1178297
3142555,178,1947817,1947816,1178297
3142556,183,1947829,1947828,1178297
3142557,186,1947833,1947830,1178297
3142558,188,1947832,1947831,1178297
3142559,196,1947825,1947821,1178297
3142560,198,1947823,1947822,1178297
3142561,205,1947892,1947891,1178297
3142562,211,1947812,1947811,1178297
3142563,220,1947789,1947788,1178297
3142564,229,1947786,1947784,1178297
3142565,10,1948098,1948096,1178313
3142566,13,1948103,1948096,1178313
3142567,45,1948107,1948096,1178313
3142568,40,1948194,1948193,1274211
3142569,41,1948195,1948194,1274211
3142570,67,1948110,1948096,1178313
3142571,9,502605,921210,1178316
3142572,16,1948621,1948620,1178320
3142573,17,502632,1948622,1178320
3142574,14,1948746,1948696,1274214
3142575,68,1948733,1948732,1274214
3142576,34,1948831,502689,1178333
3142577,42,1948808,502689,1178333
3142578,103,1948717,1948716,1274214
3142579,51,1948820,502689,1178333
3142580,59,1948825,502689,1178333
3142581,6,1949004,1948988,1274219
3142582,8,502711,1949004,1274219
3142583,9,502712,1949004,1274219
3142584,12,1948977,1948935,1178335
3142585,35,1948984,1948980,1178335
3142586,86,1949011,1948959,1178335
3142587,80,1949164,1949154,1178347
3142588,110,502806,1949154,1178347
3142589,113,502807,1949154,1178347
3142590,5,1949707,1949706,1178411
3142591,8,1949709,1949708,1178411
3142592,5,1949722,1949721,1178413
3142593,8,1949724,1949723,1178413
3142594,14,1949878,502946,1178389
3142595,18,1949882,502945,1178389
3142596,30,1949753,502946,1178389
3142597,48,502940,1949754,1178389
3142598,51,502941,1949758,1178389
3142599,59,1949872,1949754,1178389
3142600,69,1949870,502946,1178389
3142601,73,502960,1949758,1178389
3142602,103,503005,1949754,1178389
3142603,121,502987,502945,1178389
3142604,150,502988,1949758,1178389
3142605,152,502989,502946,1178389
3142606,187,503012,1949758,1178389
3142607,215,1950000,502945,1178389
3142608,219,503025,1949758,1178389
3142609,274,1949906,1949763,1178389
3142610,302,1949907,1949763,1178389
3142611,305,1949908,1949763,1178389
3142612,343,1949819,1949818,1178389
3142613,349,1949829,1949828,1178389
3142614,357,1949919,1949917,1178389
3142615,378,1949821,1949820,1178389
3142616,384,1949826,1949825,1178389
3142617,392,1949929,1949926,1178389
3142618,401,1949823,1950035,1178389
3142619,403,1949824,1950035,1178389
3142620,435,503065,1949754,1178389
3142621,438,1950047,1949758,1178389
3142622,441,503067,1949754,1178389
3142623,444,1949780,1949758,1178389
3142624,450,503069,1949758,1178389
3142625,453,503071,1949758,1178389
3142626,455,503079,1949754,1178389
3142627,464,1949786,1949758,1178389
3142628,465,1949784,1949758,1178389
3142629,473,503100,1949758,1178389
3142630,476,503102,1949758,1178389
3142631,478,503104,1949754,1178389
3142632,7,1950189,921470,1178491
3142633,485,1949797,1949758,1178389
3142634,486,1949796,1949758,1178389
3142635,22,503152,1950243,1178493
3142636,690,1950101,1950084,1178389
3142637,43,503162,1950249,1178493
3142638,51,1950229,503162,1178493
3142639,54,1950232,503162,1178493
3142640,10,1950265,1950264,1178509
3142641,11,1950266,1950265,1178509
3142642,12,1950268,1950266,1178509
3142643,14,1950269,1950266,1178509
3142644,16,1950284,1950279,1178512
3142645,30,1950281,1950279,1178512
3142646,8,1950307,1950304,1178519
3142647,12,503184,1950307,1178519
3142648,14,503186,503184,1178519
3142649,19,1950310,503184,1178519
3142650,8,1950353,1950348,1178527
3142651,15,1950351,1950350,1178527
3142652,8,1950446,1950444,1178540
3142653,11,503343,1950692,1274261
3142654,10,503589,1951029,1274315
3142655,10,1951061,1951060,1274317
3142656,11,1951209,1951208,1178754
3142657,17,1951213,1951211,1178754
3142658,9,504574,922063,1178944
3142659,67,1952126,504835,1179130
3142660,74,504841,504835,1179130
3142661,77,504843,504835,1179130
3142662,35,1952428,1952424,1179198
3142663,77,1952413,922258,1179198
3142664,82,1952409,922258,1179198
3142665,84,1952410,922258,1179198
3142666,86,1952411,922258,1179198
3142667,88,1952412,922258,1179198
3142668,287,1952185,1952183,1274397
3142669,18,1952917,1952916,1179360
3142670,25,1952943,1952916,1179360
3142671,27,1952942,1952916,1179360
3142672,59,1952937,1952916,1179360
3142673,61,1952936,1952916,1179360
3142674,66,1952932,1952916,1179360
3142675,68,1952931,1952916,1179360
3142676,76,1952934,1952916,1179360
3142677,89,1952922,1952919,1179360
3142678,98,1952927,1952916,1179360
3142679,107,1952921,1952916,1179360
3142680,15,1953134,1953109,1179381
3142681,28,505574,1953177,1179391
3142682,11,505768,1953520,1179499
3142683,24,505769,1953520,1179499
3142684,36,505780,1953520,1179499
3142685,11,1953546,922424,1274439
3142686,40,1953763,1953732,1179550
3142687,47,1953741,1953732,1179550
3142688,78,1953779,1953732,1179550
3142689,84,1953736,1953732,1179550
3142690,9,1953869,1953867,1274471
3142691,5,1953902,1953901,1274473
3142692,18,1954195,1954194,1179666
3142693,23,1954220,506137,1179672
3142694,35,1954222,506137,1179672
3142695,44,506167,506137,1179672
3142696,50,1954224,506137,1179672
3142697,85,506213,506137,1179672
3142698,20,1954578,506582,1179785
3142699,3,1954682,1954681,1179861
3142700,21,506662,1954680,1179849
3142701,47,506674,1954683,1179849
3142702,10,506731,1954784,1179878
3142703,30,506794,506803,1179943
3142704,58,506840,506803,1179943
3142705,17,506876,506850,1179959
3142706,16,1955059,1955058,1179979
3142707,28,1955093,1955073,1179985
3142708,47,506927,1955073,1179985
3142709,57,506933,1955073,1179985
3142710,23,1955130,923087,1180001
3142711,27,1955153,923087,1180001
3142712,78,506974,923087,1180001
3142713,157,1955146,923094,1180001
3142714,211,1955133,506996,1180001
3142715,5,1955327,1955325,1180079
3142716,7,1955328,1955325,1180079
3142717,9,1955329,1955325,1180079
3142718,11,1955330,1955325,1180079
3142719,13,1955331,1955325,1180079
3142720,15,1955332,1955325,1180079
3142721,17,1955333,1955325,1180079
3142722,19,1955334,1955325,1180079
3142723,21,1955335,1955325,1180079
3142724,23,1955336,1955325,1180079
3142725,25,1955337,1955325,1180079
3142726,29,1955338,1955325,1180079
3142727,14,1955344,923114,1274591
3142728,20,507066,923123,1274596
3142729,22,1955377,923123,1274596
3142730,12,1955532,507173,1180144
3142731,35,1955501,923193,1180118
3142732,40,1955504,923193,1180118
3142733,51,507609,1955819,1180327
3142734,61,1956146,923601,1180537
3142735,108,508040,508034,1180537
3142736,8,1956180,923619,1274626
3142737,4,1956404,1956403,1274657
3142738,5,1956411,1956410,1180719
3142739,156,1956572,923795,1180695
3142740,157,1956573,1956572,1180695
3142741,159,1956574,923795,1180695
3142742,160,1956575,1956574,1180695
3142743,292,1956631,1956568,1180695
3142744,358,1956558,923854,1180695
3142745,363,1956554,923854,1180695
3142746,365,1956555,923854,1180695
3142747,367,1956556,923854,1180695
3142748,369,1956557,923854,1180695
3142749,9,1957487,924322,1274740
3142750,10,1957488,1957487,1274740
3142751,11,1957501,924329,1274742
3142752,12,1957502,1957501,1274742
3142753,7,1957632,1957631,1274754
3142754,8,1957634,1957632,1274754
3142755,11,1957651,1957649,1274754
3142756,17,1957638,1957636,1274754
3142757,18,1957640,1957638,1274754
3142758,24,1957645,1957643,1274754
3142759,25,1957647,1957645,1274754
3142760,7,1957739,1957738,1274755
3142761,8,1957740,1957739,1274755
3142762,11,1957751,1957749,1274755
3142763,17,1957742,1957741,1274755
3142764,18,1957743,1957742,1274755
3142765,24,1957747,1957746,1274755
3142766,25,1957748,1957747,1274755
3142767,7,1957798,1957797,1274756
3142768,8,1957799,1957798,1274756
3142769,11,1957810,1957808,1274756
3142770,17,1957801,1957800,1274756
3142771,18,1957802,1957801,1274756
3142772,24,1957806,1957805,1274756
3142773,25,1957807,1957806,1274756
3142774,7,1957819,1957818,1274757
3142775,8,1957820,1957819,1274757
3142776,11,1957831,1957829,1274757
3142777,17,1957822,1957821,1274757
3142778,18,1957823,1957822,1274757
3142779,24,1957827,1957826,1274757
3142780,25,1957828,1957827,1274757
3142781,7,1957857,1957855,1274758
3142782,8,1957859,1957857,1274758
3142783,11,1957881,1957877,1274758
3142784,17,1957864,1957862,1274758
3142785,18,1957865,1957864,1274758
3142786,24,1957873,1957871,1274758
3142787,25,1957875,1957873,1274758
3142788,7,1957893,1957892,1274759
3142789,8,1957894,1957893,1274759
3142790,11,1957905,1957903,1274759
3142791,17,1957896,1957895,1274759
3142792,18,1957897,1957896,1274759
3142793,24,1957901,1957900,1274759
3142794,25,1957902,1957901,1274759
3142795,7,1957912,1957911,1274760
3142796,8,1957913,1957912,1274760
3142797,11,1957924,1957922,1274760
3142798,17,1957915,1957914,1274760
3142799,18,1957916,1957915,1274760
3142800,24,1957920,1957919,1274760
3142801,25,1957921,1957920,1274760
3142802,13,1957932,1957931,1180996
3142803,120,1957673,1957672,1180959
3142804,13,1957959,1957958,1181015
3142805,13,1957973,1957972,1181019
3142806,13,1957995,1957994,1181035
3142807,13,1958022,1958021,1181046
3142808,13,1958066,1958065,1181056
3142809,13,1958109,1958107,1181061
3142810,12,1958329,924731,1181129
3142811,24,1958381,1958379,1181141
3142812,8,509874,1958505,1181171
3142813,17,509893,924860,1181174
3142814,30,509897,924867,1181174
3142815,7,509933,1958668,1181193
3142816,35,509967,924945,1181195
3142817,36,509968,1958726,1181195
3142818,49,509993,924978,1181195
3142819,2,1958957,1958956,1181291
3142820,36,1959024,925213,1181316
3142821,44,510292,925213,1181316
3142822,9,1959111,1959110,1181347
3142823,4,1959134,1959133,1181372
3142824,4,1959146,1959145,1181389
3142825,19,1959404,1959403,1181449
3142826,46,1959605,1959542,1181453
3142827,147,510830,1959542,1181453
3142828,149,510833,1959542,1181453
3142829,15,510944,1959836,1181511
3142830,18,510945,1959838,1181511
3142831,21,510946,1959840,1181511
3142832,24,510947,1959842,1181511
3142833,28,510951,1959844,1181511
3142834,31,510952,1959846,1181511
3142835,34,510953,1959848,1181511
3142836,37,510954,1959850,1181511
3142837,42,510969,1959852,1181511
3142838,45,510970,1959854,1181511
3142839,48,510971,1959856,1181511
3142840,51,510972,1959858,1181511
3142841,59,510981,1959760,1181511
3142842,62,510982,1959763,1181511
3142843,65,510983,1959765,1181511
3142844,68,510984,1959767,1181511
3142845,72,510988,1959769,1181511
3142846,75,510989,1959771,1181511
3142847,78,510990,1959773,1181511
3142848,81,510991,1959775,1181511
3142849,86,510995,1959778,1181511
3142850,89,510996,1959780,1181511
3142851,92,510997,1959782,1181511
3142852,95,510998,1959784,1181511
3142853,107,511019,1959811,1181511
3142854,110,511020,1959813,1181511
3142855,113,511021,1959815,1181511
3142856,116,511022,1959817,1181511
3142857,121,511027,1959819,1181511
3142858,124,511028,1959821,1181511
3142859,127,511029,1959823,1181511
3142860,130,511030,1959825,1181511
3142861,134,511034,1959827,1181511
3142862,137,511035,1959829,1181511
3142863,140,511036,1959831,1181511
3142864,143,511037,1959833,1181511
3142865,151,511057,1959786,1181511
3142866,154,511058,1959788,1181511
3142867,157,511059,1959790,1181511
3142868,160,511060,1959792,1181511
3142869,165,511065,1959794,1181511
3142870,168,511066,1959796,1181511
3142871,171,511067,1959798,1181511
3142872,174,511068,1959800,1181511
3142873,178,511070,1959802,1181511
3142874,181,511071,1959804,1181511
3142875,184,511072,1959806,1181511
3142876,187,511073,1959808,1181511
3142877,6,511095,925608,1181527
3142878,13,511644,1960498,1181648
3142879,34,511723,1960519,1274923
3142880,36,511724,1960520,1274923
3142881,34,1960575,1960574,1181658
3142882,37,1960577,1960576,1181658
3142883,97,1960858,1960857,1181695
3142884,100,1960860,1960859,1181695
3142885,17,512020,1961013,1181723
3142886,36,1961008,1961007,1181723
3142887,39,1961010,1961009,1181723
3142888,5,1961030,1961027,1181731
3142889,10,1961033,1961027,1181731
3142890,9,1961202,1961201,1181770
3142891,15,1961384,1961382,1181798
3142892,21,1961513,512382,1274939
3142893,24,1961514,512382,1274939
3142894,57,1962218,1962217,1181875
3142895,27,1962321,1962313,1181894
3142896,845,1961591,1961590,1274939
3142897,849,1961594,1961593,1274939
3142898,853,1961598,1961596,1274939
3142899,32,512635,1962315,1181897
3142900,888,1961612,1961611,1274939
3142901,892,1961615,1961614,1274939
3142902,896,1961618,1961617,1274939
3142903,57,1962347,1962346,1181904
3142904,62,1962345,1962344,1181904
3142905,43,1962431,1962411,1181910
3142906,83,1962424,1962411,1181910
3142907,86,1962425,1962411,1181910
3142908,88,1962427,1962411,1181910
3142909,89,1962426,1962411,1181910
3142910,93,512752,1962411,1181910
3142911,95,1962428,1962411,1181910
3142912,38,1962758,1962737,1181950
3142913,48,512839,1962740,1181950
3142914,7,1962998,1962997,1182023
3142915,24,1963041,513131,1182031
3142916,40,1963040,513134,1182031
3142917,26,513151,513146,1182045
3142918,11,1963121,1963120,1275019
3142919,46,513164,513146,1182045
3142920,19,1963312,1963311,1275027
3142921,181,1963175,1963216,1182041
3142922,182,1963177,513230,1182041
3142923,183,1963176,1963214,1182041
3142924,187,1963180,1963217,1182041
3142925,189,1963184,513174,1182041
3142926,190,1963182,1963215,1182041
3142927,36,1963310,1963309,1275027
3142928,183,1963442,1963489,1182072
3142929,184,1963444,513293,1182072
3142930,185,1963443,1963486,1182072
3142931,189,1963448,1963490,1182072
3142932,191,1963452,513271,1182072
3142933,192,1963450,1963487,1182072
3142934,150,1964002,513400,1182078
3142935,13,1964169,926825,1275032
3142936,14,1964170,1964169,1275032
3142937,167,1964217,1964216,1182085
3142938,170,1964219,1964218,1182085
3142939,172,1964221,513496,1182085
3142940,155,1964382,513574,1182100
3142941,40,1964399,1964395,1182107
3142942,44,1964594,1964591,1182116
3142943,148,1964668,513683,1182114
3142944,19,1965089,1965087,1182135
3142945,27,1965134,1965107,1182140
3142946,17,1965151,1965148,1182144
3142947,79,1965128,1965107,1182140
3142948,124,1964521,513762,1182066
3142949,127,1964523,513762,1182066
3142950,47,1965244,1965243,1182164
3142951,52,1965252,1965243,1182164
3142952,111,1965255,1965243,1182164
3142953,115,1965256,1965243,1182164
3142954,158,1965279,1965243,1182164
3142955,173,1965282,1965243,1182164
3142956,290,1965249,1965243,1182164
3142957,36,1965676,1965592,1182212
3142958,40,1965677,1965592,1182212
3142959,50,1965672,1965640,1182212
3142960,53,1965670,1965592,1182212
3142961,114,1965644,1965640,1182212
3142962,115,1965641,1965592,1182212
3142963,49,1965804,1965803,1182224
3142964,54,1965817,1965803,1182224
3142965,113,1965820,1965803,1182224
3142966,117,1965821,1965803,1182224
3142967,160,1965844,1965803,1182224
3142968,177,1965854,1965803,1182224
3142969,185,1965851,1965803,1182224
3142970,312,1965807,1965803,1182224
3142971,318,1965810,1965803,1182224
3142972,334,1965815,1965806,1182224
3142973,50,514359,927142,1275050
3142974,4,1966025,1966024,1182235
3142975,2,1966035,1966034,1182239
3142976,15,1966116,1966115,1182261
3142977,24,1966113,1966112,1182261
3142978,31,1966110,1966109,1182261
3142979,25,514768,1966170,1182268
3142980,11,514808,514820,1182270
3142981,1057,1964503,513762,1182066
3142982,1060,1964505,513762,1182066
3142983,1074,1964499,513762,1182066
3142984,1077,1964501,513762,1182066
3142985,1169,1964498,927291,1182066
3142986,27,1966469,1966468,1182380
3142987,8,515302,1966559,1275096
3142988,2638,1964491,513762,1182066
3142989,2641,1964493,513762,1182066
3142990,38,1966626,927398,1275099
3142991,43,1966628,927398,1275099
3142992,27,515587,1966786,1275121
3142993,48,515599,1966783,1275121
3142994,8,515659,1966993,1182504
3142995,33,1966962,1966958,1182494
3142996,35,1966960,1966959,1182494
3142997,38,1966964,1966963,1182494
3142998,54,1966950,927500,1182494
3142999,13,515668,1967002,1182506
3143000,14,515675,1967002,1182506
3143001,15,515685,1967002,1182506
3143002,17,1967013,1967010,1182506
3143003,27,1967012,1967010,1182506
3143004,36,1967011,1967010,1182506
3143005,44,515692,1967002,1182506
3143006,57,1967014,1967004,1182506
3143007,60,1967005,1967004,1182506
3143008,32,1967036,1967035,1182510
3143009,49,1967025,927524,1182510
3143010,56,1967029,1967028,1182510
3143011,59,1967032,1967031,1182510
3143012,13,1967076,1967074,1182519
3143013,24,1967075,1967074,1182519
3143014,6,1967090,1967089,1182538
3143015,13,1967092,1967091,1182538
3143016,33,1967107,1967104,1182525
3143017,35,1967106,1967105,1182525
3143018,38,1967109,1967108,1182525
3143019,54,1967099,927547,1182525
3143020,32,1967167,1967166,1182547
3143021,49,1967155,927561,1182547
3143022,56,1967159,1967158,1182547
3143023,59,1967162,1967161,1182547
3143024,4,1967201,1967200,1182568
3143025,4,1967208,1967206,1182574
3143026,18,1967210,1967209,1182563
3143027,19,1967211,1967209,1182563
3143028,20,515873,1967209,1182563
3143029,21,515856,1967209,1182563
3143030,16,515861,1967277,1182582
3143031,18,1967303,1967300,1275138
3143032,20,1967302,1967301,1275138
3143033,25,1967307,1967306,1275138
3143034,9,1967326,1967324,1182594
3143035,14,1967368,1967366,1182602
3143036,14,1967352,515905,1182586
3143037,15,1967353,515905,1182586
3143038,16,1967354,515905,1182586
3143039,17,1967355,515905,1182586
3143040,7,515932,1967397,1182609
3143041,23,1967451,927628,1275142
3143042,25,1967452,927628,1275142
3143043,27,1967453,927628,1275142
3143044,33,1967450,927630,1275142
3143045,8,516014,1967478,1275145
3143046,20,1967481,927633,1275145
3143047,40,516030,1967473,1275145
3143048,51,1967475,927636,1275145
3143049,82,516103,516088,1182618
3143050,20,1967624,927673,1182672
3143051,14,1967668,1967667,1182712
3143052,12,1967724,1967723,1275163
3143053,12,516241,1967767,1182737
3143054,34,516253,1967766,1182737
3143055,42,516262,516259,1182727
3143056,51,516264,516259,1182727
3143057,13,1967832,1967831,1275167
3143058,62,516268,516259,1182727
3143059,71,516274,516259,1182727
3143060,15,1967860,1967859,1275169
3143061,13,1967894,1967893,1182752
3143062,35,1967907,1967910,1182758
3143063,36,1967908,1967910,1182758
3143064,39,516367,1967910,1182758
3143065,22,1967924,1967923,1275171
3143066,34,1967926,1967925,1275171
3143067,57,1967922,1967921,1275171
3143068,58,1967904,927776,1182758
3143069,10,1967954,1967953,1182770
3143070,14,1967966,1967965,1182773
3143071,23,1967988,1967985,1182780
3143072,25,516444,1967986,1182780
3143073,77,1968026,927822,1182782
3143074,88,1968032,927827,1182782
3143075,98,1968016,927830,1182782
3143076,105,1968021,927835,1182782
3143077,8,1968489,1968488,1182895
3143078,8,1968536,1968535,1182902
3143079,36,516796,1968494,1182899
3143080,4,1968589,1968588,1182913
3143081,5,1968651,1968649,1182918
3143082,7,1968726,1968725,1182928
3143083,8,1968741,1968740,1182930
3143084,174,1968630,517053,1182897
3143085,179,1968600,517053,1182897
3143086,112,517347,517398,1183001
3143087,116,1968951,517398,1183001
3143088,18,1969181,928154,1183039
3143089,22,517439,928154,1183039
3143090,38,1969173,928160,1183039
3143091,42,517443,928160,1183039
3143092,44,1969175,928160,1183039
3143093,48,517447,928160,1183039
3143094,29,1969216,1969215,1183073
3143095,45,1969218,1969217,1183073
3143096,61,1969272,1969271,1183073
3143097,70,1969250,1969249,1183073
3143098,74,1969267,1969266,1183073
3143099,80,1969253,1969252,1183073
3143100,87,1969256,1969255,1183073
3143101,90,1969264,1969263,1183073
3143102,96,1969258,1969257,1183073
3143103,99,1969261,1969260,1183073
3143104,19,517609,928235,1183082
3143105,23,517706,1969379,1183112
3143106,7,1969403,1969402,1183115
3143107,14,1969407,1969404,1183115
3143108,17,517796,1969474,1183143
3143109,84,517811,928379,1183125
3143110,18,517868,1969526,1183161
3143111,23,1969509,1969508,1183161
3143112,11,517894,1969547,1183178
3143113,28,1969812,518225,1183240
3143114,83,1969804,518244,1183240
3143115,95,1969798,928603,1183240
3143116,96,1969797,518244,1183240
3143117,119,1969790,518244,1183240
3143118,18,518382,1969952,1183267
3143119,106,1969979,928753,1183276
3143120,10,519212,1970321,1183391
3143121,23,1970391,1970390,1183409
3143122,40,1970393,1970392,1183409
3143123,56,1970411,1970410,1183409
3143124,65,1970406,1970405,1183409
3143125,94,1970403,1970402,1183409
3143126,7,1970509,1970508,1183424
3143127,30,1970573,929160,1275263
3143128,34,1970577,1970576,1275263
3143129,19,1970620,1970619,1183430
3143130,28,519531,929166,1183399
3143131,54,519548,929172,1183399
3143132,22,519787,929295,1183478
3143133,232,1970949,520060,1183467
3143134,236,1970952,1970951,1183467
3143135,266,1970941,520060,1183467
3143136,355,1970928,520060,1183467
3143137,110,520359,520331,1183513
3143138,160,520384,520331,1183513
3143139,18,1971336,929545,1275275
3143140,6,520976,929776,1183641
3143141,13,521025,929803,1183653
3143142,18,521582,1972246,1183709
3143143,19,521583,1972245,1183709
3143144,18,1972267,1972266,1183715
3143145,22,521611,1972247,1183709
3143146,23,521612,1972245,1183709
3143147,42,1972270,1972269,1183715
3143148,31,521673,1972248,1183709
3143149,32,521674,1972245,1183709
3143150,35,521686,1972249,1183709
3143151,36,521687,1972245,1183709
3143152,45,521758,1972250,1183709
3143153,46,521759,1972245,1183709
3143154,49,521763,1972251,1183709
3143155,50,521764,1972245,1183709
3143156,59,521819,1972252,1183709
3143157,60,521820,1972245,1183709
3143158,4,1972444,1972442,1275349
3143159,63,521846,1972254,1183709
3143160,64,521847,1972245,1183709
3143161,9,1972509,1972508,1183739
3143162,12,1972722,1972721,1275360
3143163,25,522166,930310,1183775
3143164,13,522180,1972864,1183781
3143165,6,1973288,1973286,1183876
3143166,26,1973307,1973306,1275414
3143167,23,1973605,522883,1275442
3143168,117,1973571,1973570,1275441
3143169,76,1973654,1973653,1275444
3143170,21,1973756,1973755,1275448
3143171,35,1973750,1973749,1275448
3143172,53,1973742,1973741,1275448
3143173,67,1973736,1973735,1275448
3143174,85,1973726,1973725,1275448
3143175,98,1973721,1973720,1275448
3143176,26,1973843,1973831,1275451
3143177,160,1973716,1973786,1275448
3143178,163,1973718,1973784,1275448
3143179,195,1973709,1973786,1275448
3143180,198,1973712,1973784,1275448
3143181,199,1973711,1973786,1275448
3143182,5,1973850,1973848,1184041
3143183,15,1973870,1973869,1184041
3143184,48,1973927,930637,1184051
3143185,51,1973866,1973865,1184041
3143186,22,1974046,1974045,1184066
3143187,91,1973862,1973860,1184041
3143188,131,1973854,1973853,1184041
3143189,40,1974320,1974319,1184070
3143190,51,1974350,1974348,1184070
3143191,53,1974296,1974348,1184070
3143192,63,1974289,1974348,1184070
3143193,76,1974352,1974351,1184070
3143194,79,1974257,1974351,1184070
3143195,87,1974251,1974351,1184070
3143196,98,1974242,1974354,1184070
3143197,101,1974244,1974354,1184070
3143198,109,1974237,1974354,1184070
3143199,115,1974310,1974356,1184070
3143200,121,1974312,1974356,1184070
3143201,126,1974306,1974358,1184070
3143202,131,1974309,1974358,1184070
3143203,136,1974393,1974359,1184070
3143204,139,1974394,1974359,1184070
3143205,176,1974277,1974276,1184070
3143206,190,1974263,1974262,1184070
3143207,2,1974451,1974450,1275477
3143208,6,1974444,1974443,1184100
3143209,3,1974456,1974455,1184108
3143210,4,1974474,1974472,1275478
3143211,16,1974476,1974475,1184105
3143212,27,1974471,1974470,1184105
3143213,13,1974498,1974497,1184113
3143214,37,1974464,930764,1184105
3143215,3,1974510,1974508,1184115
3143216,7,1974543,1974542,1184123
3143217,10,1974547,1974544,1184123
3143218,17,1974553,1974552,1184123
3143219,20,1974555,1974554,1184123
3143220,14,1974576,1974575,1184132
3143221,18,1974579,1974578,1184132
3143222,28,1974587,1974586,1184132
3143223,31,1974590,1974589,1184132
3143224,38,1974570,1974569,1184132
3143225,41,1974572,1974571,1184132
3143226,8,1974661,1974660,1184138
3143227,14,1974688,1974687,1184138
3143228,22,1974672,1974671,1184138
3143229,28,1974667,1974666,1184138
3143230,34,1974696,1974695,1184138
3143231,39,1974694,1974693,1184138
3143232,44,1974708,1974675,1184138
3143233,35,1974624,1974620,1184125
3143234,57,1974699,1974698,1184138
3143235,62,1974677,1974676,1184138
3143236,38,1974739,930866,1184144
3143237,44,1974745,930866,1184144
3143238,50,1974751,930866,1184144
3143239,115,523338,930894,1184154
3143240,74,1974864,1974863,1275491
3143241,82,1974893,1974861,1275491
3143242,10,1974933,1974923,1275494
3143243,20,1974928,1974927,1275494
3143244,5,1975024,1975023,1184200
3143245,20,1975029,1975028,1184200
3143246,25,1975026,1975025,1184200
3143247,16,1975409,523637,1184306
3143248,61,1975421,523637,1184306
3143249,31,523665,1975762,1184322
3143250,46,523668,1975762,1184322
3143251,31,523691,1976081,1184334
3143252,46,523694,1976081,1184334
3143253,31,523718,1976355,1184344
3143254,30,1975880,1975879,1184164
3143255,46,523723,1976355,1184344
3143256,35,1975882,1975881,1184164
3143257,40,1975884,1975883,1184164
3143258,96,1975955,1975954,1184164
3143259,101,1975957,1975956,1184164
3143260,31,523750,1976489,1184355
3143261,106,1975959,1975958,1184164
3143262,46,523762,1976489,1184355
3143263,150,1975926,1975925,1184164
3143264,155,1975928,1975927,1184164
3143265,160,1975930,1975929,1184164
3143266,175,1975943,1975942,1184164
3143267,227,1975915,931018,1184164
3143268,229,1975914,1975913,1184164
3143269,232,1975917,1975916,1184164
3143270,235,1975921,931018,1184164
3143271,241,1975923,931018,1184164
3143272,279,1975897,931018,1184164
3143273,338,1975747,1975746,1184164
3143274,343,1975749,1975748,1184164
3143275,348,1975751,1975750,1184164
3143276,31,523790,1976525,1184364
3143277,46,523796,1976525,1184364
3143278,372,1975745,1976248,1184164
3143279,393,1975841,1975840,1184164
3143280,398,1975843,1975842,1184164
3143281,403,1975845,1975844,1184164
3143282,426,1975863,1976248,1184164
3143283,427,1975862,1976248,1184164
3143284,434,1975807,1975806,1184164
3143285,439,1975809,1975808,1184164
3143286,444,1975811,1975810,1184164
3143287,459,1975824,1975823,1184164
3143288,475,1975838,1976248,1184164
3143289,476,1975837,1976248,1184164
3143290,31,523828,1976574,1184382
3143291,46,523833,1976574,1184382
3143292,512,1975799,931032,1184164
3143293,531,1975780,931032,1184164
3143294,598,1975650,1975649,1184164
3143295,603,1975652,1975651,1184164
3143296,608,1975654,1975653,1184164
3143297,632,1975648,1976293,1184164
3143298,653,1975709,1975707,1184164
3143299,658,1975712,1975711,1184164
3143300,663,1975714,1975713,1184164
3143301,686,1975733,1976293,1184164
3143302,687,1975732,1976293,1184164
3143303,694,1975678,1975677,1184164
3143304,699,1975680,1975679,1184164
3143305,704,1975682,1975681,1184164
3143306,719,1975694,1975693,1184164
3143307,735,1975704,1976293,1184164
3143308,736,1975703,1976293,1184164
3143309,772,1975675,931046,1184164
3143310,791,1975666,931046,1184164
3143311,869,1975507,1975506,1184164
3143312,873,1975509,1975508,1184164
3143313,877,1975511,1975510,1184164
3143314,887,1975501,1975500,1184164
3143315,892,1975503,1975502,1184164
3143316,897,1975505,1975504,1184164
3143317,938,1975483,1975482,1184164
3143318,945,1975487,1975486,1184164
3143319,978,1976040,1976039,1184164
3143320,985,1975377,1975374,1184164
3143321,994,1975412,1975408,1184164
3143322,1001,1975426,1975424,1184164
3143323,1010,1975444,1975441,1184164
3143324,1017,1975449,1975448,1184164
3143325,1029,1975608,1975607,1184164
3143326,1034,1975610,1975609,1184164
3143327,1039,1975612,1975611,1184164
3143328,1057,1975624,1975623,1184164
3143329,1064,1975627,1975626,1184164
3143330,1084,1976043,1976042,1184164
3143331,1096,1975569,1975568,1184164
3143332,1101,1975571,1975570,1184164
3143333,1106,1975574,1975572,1184164
3143334,1121,1975586,1975585,1184164
3143335,1132,1975593,1975592,1184164
3143336,1139,1975596,1975595,1184164
3143337,1159,1976051,1976050,1184164
3143338,1187,1975558,931067,1184164
3143339,1189,1975557,1975556,1184164
3143340,1192,1975560,1975559,1184164
3143341,1195,1975564,931067,1184164
3143342,1201,1975566,931067,1184164
3143343,1217,1975536,1975535,1184164
3143344,1227,1975540,1975539,1184164
3143345,1244,1975552,931067,1184164
3143346,1263,1975529,931067,1184164
3143347,1265,1975525,1975524,1184164
3143348,1337,1975476,1976337,1184164
3143349,1356,1975472,1976337,1184164
3143350,1371,1975464,1976337,1184164
3143351,1373,1975461,1975460,1184164
3143352,1378,1975467,1975466,1184164
3143353,6,1976819,931085,1184433
3143354,7,1976820,931085,1184433
3143355,8,1976821,931085,1184433
3143356,9,1976822,931085,1184433
3143357,28,1976872,1976871,1184440
3143358,19,1976930,1976928,1275569
3143359,16,1977012,1977009,1184468
3143360,51,1977057,524180,1184476
3143361,71,1977051,524180,1184476
3143362,25,1977209,1977211,1184511
3143363,31,1977206,1977212,1184511
3143364,37,1977205,1977213,1184511
3143365,12,1977244,1977243,1275585
3143366,10,1977260,1977259,1275589
3143367,29,1977538,1977352,1184518
3143368,31,1977537,1977536,1184518
3143369,34,1977540,1977539,1184518
3143370,37,1977543,1977551,1184518
3143371,43,1977545,1977551,1184518
3143372,57,1977534,1977352,1184518
3143373,82,1977555,1977587,1184518
3143374,91,1977511,1977587,1184518
3143375,94,1977513,1977512,1184518
3143376,109,1977501,1977500,1184518
3143377,127,1977491,1977587,1184518
3143378,129,1977487,1977486,1184518
3143379,158,1977559,1977587,1184518
3143380,167,1977473,1977587,1184518
3143381,170,1977475,1977474,1184518
3143382,185,1977464,1977463,1184518
3143383,203,1977454,1977587,1184518
3143384,205,1977450,1977449,1184518
3143385,234,1977562,1977587,1184518
3143386,243,1977399,1977587,1184518
3143387,246,1977401,1977400,1184518
3143388,260,1977391,1977390,1184518
3143389,277,1977382,1977587,1184518
3143390,279,1977378,1977377,1184518
3143391,307,1977565,1977587,1184518
3143392,316,1977428,1977587,1184518
3143393,341,1977411,1977587,1184518
3143394,367,1977568,1977352,1184518
3143395,376,1977373,1977352,1184518
3143396,393,1977368,1977352,1184518
3143397,415,1977360,1977352,1184518
3143398,425,1977363,1977352,1184518
3143399,443,1977356,1977352,1184518
3143400,26,524539,931244,1184574
3143401,13,1977825,1977823,1184586
3143402,21,1977839,1977853,1184570
3143403,26,1977842,1977841,1184570
3143404,45,1977822,1977857,1184570
3143405,51,1977829,1977827,1184570
3143406,70,1977804,1977859,1184570
3143407,73,1977806,1977805,1184570
3143408,92,1977814,1977861,1184570
3143409,109,1977802,1977863,1184570
3143410,124,1977799,1977865,1184570
3143411,186,1977868,1977877,1184570
3143412,196,1977797,1977877,1184570
3143413,214,1977788,1977781,1184570
3143414,216,1977786,1977783,1184570
3143415,218,1977785,1977877,1184570
3143416,9,1977967,1977965,1184602
3143417,14,1977972,1977971,1184602
3143418,5,1978000,1977999,1275625
3143419,18,1977998,1977997,1275625
3143420,6,1978039,1978038,1184628
3143421,19,1978037,1978036,1184628
3143422,8,1978092,1978091,1184645
3143423,12,1978090,1978089,1184645
3143424,37,1978085,1978084,1184645
3143425,15,524713,931324,1184664
3143426,5,1978581,1978580,1275648
3143427,14,1978720,1978718,1184696
3143428,18,1978746,1978745,1184696
3143429,20,1978298,1978297,1184615
3143430,60,1978305,524774,1184615
3143431,71,1978310,524774,1184615
3143432,8,1978786,1978784,1184709
3143433,12,1978789,1978788,1184709
3143434,104,1978280,1978279,1184615
3143435,8,1978804,1978802,1184713
3143436,12,524781,1978806,1184713
3143437,17,1978810,1978809,1184713
3143438,144,1978284,524790,1184615
3143439,156,1978290,524790,1184615
3143440,4,1978824,1978823,1275653
3143441,5,1978836,1978833,1184721
3143442,8,1978839,1978838,1184721
3143443,190,1978256,1978255,1184615
3143444,230,1978260,524804,1184615
3143445,239,1978264,524804,1184615
3143446,26,1978880,1978864,1275654
3143447,32,1978870,1978869,1275654
3143448,303,1978269,524827,1184615
3143449,312,1978273,524827,1184615
3143450,377,1978527,524846,1184615
3143451,384,1978253,524846,1184615
3143452,26,1978944,1978932,1275655
3143453,32,1978936,1978935,1275655
3143454,441,1978335,524868,1184615
3143455,448,1978249,524868,1184615
3143456,9,524877,1978967,1184751
3143457,10,1978976,1978974,1184753
3143458,14,524879,1978978,1184753
3143459,19,524881,1978980,1184753
3143460,7,1978994,1978993,1184760
3143461,483,1978228,1978227,1184615
3143462,8,1979005,1979003,1184763
3143463,9,524903,1979012,1184765
3143464,523,1978233,524907,1184615
3143465,535,1978237,524907,1184615
3143466,4,1979029,1979024,1184768
3143467,10,1979028,1979026,1184768
3143468,560,1978212,1978211,1184615
3143469,7,524913,1979036,1184770
3143470,600,1978216,524927,1184615
3143471,613,1978220,524927,1184615
3143472,6,524937,1979048,1184772
3143473,639,1978183,1978181,1184615
3143474,679,1978191,524941,1184615
3143475,689,1978197,524941,1184615
3143476,9,524945,1979059,1184779
3143477,745,1978202,524960,1184615
3143478,755,1978205,524960,1184615
3143479,11,524964,1979083,1184781
3143480,808,1978689,524974,1184615
3143481,816,1978179,524974,1184615
3143482,859,1978341,524984,1184615
3143483,867,1978176,524984,1184615
3143484,31,1979123,1979122,1184788
3143485,34,1979126,1979125,1184788
3143486,28,1979192,1979191,1184795
3143487,31,525082,1979193,1184795
3143488,33,525077,1979194,1184795
3143489,25,525104,1979230,1184801
3143490,27,1979232,1979231,1184801
3143491,11,1979256,1979255,1275677
3143492,3,1979281,1979280,1184807
3143493,6,1979283,1979282,1184807
3143494,18,1979292,1979291,1184803
3143495,13,1979350,1979349,1184833
3143496,16,525179,1979351,1184833
3143497,19,525183,1979352,1184833
3143498,9,1979543,1979541,1184879
3143499,2,1979555,1979553,1184881
3143500,15,525391,1979632,1184902
3143501,4,1982774,1982773,1185166
3143502,4,1982793,1982786,1185169
3143503,7,1982791,1982790,1185169
3143504,6,1982811,1982805,1185174
3143505,9,1982809,1982808,1185174
3143506,17,1982816,1982815,1185174
3143507,23,1982823,1982822,1185174
3143508,17,1982867,1982850,1185179
3143509,33,1982873,1982841,1185179
3143510,17,1982935,1982918,1185191
3143511,35,1982939,1982907,1185191
3143512,36,1983166,932062,1185233
3143513,7,1983558,1983557,1185282
3143514,9,1983803,1983802,1185300
3143515,8,1983939,1983937,1185326
3143516,12,1984168,1984167,1185411
3143517,9,526891,932293,1275820
3143518,8,1984229,1984227,1185424
3143519,78,527054,1984337,1185456
3143520,41,527132,932410,1185467
3143521,21,1984436,527138,1185480
3143522,38,1984432,527138,1185480
3143523,48,1984431,527138,1185480
3143524,62,1984434,527138,1185480
3143525,67,1984435,527138,1185480
3143526,15,1984486,1984478,1185494
3143527,37,1984482,1984478,1185494
3143528,59,1984479,1984478,1185494
3143529,5,1984528,1984527,1185505
3143530,5,1984549,1984548,1185515
3143531,5,1984562,1984560,1185517
3143532,5,1984586,1984585,1185522
3143533,5,1984595,1984594,1185524
3143534,5,1984604,1984603,1185526
3143535,5,1984616,1984615,1185528
3143536,5,1984629,1984628,1185530
3143537,7,1984886,1984885,1275841
3143538,18,1984876,1984874,1275841
3143539,24,1984882,1984881,1275841
3143540,35,1984862,1984861,1275841
3143541,41,1984869,1984868,1275841
3143542,48,1984690,1984689,1275841
3143543,53,1984694,1984693,1275841
3143544,58,1984698,1984697,1275841
3143545,63,1984702,1984701,1275841
3143546,68,1984706,1984705,1275841
3143547,73,1984710,1984709,1275841
3143548,78,1984714,1984713,1275841
3143549,83,1984718,1984717,1275841
3143550,88,1984722,1984721,1275841
3143551,93,1984726,1984725,1275841
3143552,98,1984730,1984729,1275841
3143553,103,1984735,1984733,1275841
3143554,108,1984739,1984738,1275841
3143555,113,1984743,1984742,1275841
3143556,118,1984747,1984746,1275841
3143557,123,1984751,1984750,1275841
3143558,128,1984755,1984754,1275841
3143559,133,1984759,1984758,1275841
3143560,138,1984764,1984763,1275841
3143561,143,1984771,1984769,1275841
3143562,148,1984777,1984776,1275841
3143563,153,1984781,1984780,1275841
3143564,158,1984785,1984784,1275841
3143565,163,1984789,1984788,1275841
3143566,168,1984793,1984792,1275841
3143567,173,1984797,1984796,1275841
3143568,178,1984801,1984800,1275841
3143569,183,1984805,1984804,1275841
3143570,188,1984809,1984808,1275841
3143571,193,1984813,1984812,1275841
3143572,198,1984817,1984816,1275841
3143573,203,1984821,1984820,1275841
3143574,209,1984825,1984824,1275841
3143575,215,1984829,1984828,1275841
3143576,221,1984834,1984833,1275841
3143577,227,1984838,1984837,1275841
3143578,233,1984842,1984841,1275841
3143579,239,1984846,1984845,1275841
3143580,245,1984851,1984850,1275841
3143581,251,1984856,1984855,1275841
3143582,33,1985214,932608,1275867
3143583,36,1985216,932608,1275867
3143584,13,1985291,932675,1185650
3143585,16,1985294,932675,1185650
3143586,23,1985407,527756,1185667
3143587,25,1985404,527756,1185667
3143588,29,1985406,527756,1185667
3143589,32,1985413,527756,1185667
3143590,39,1985401,527756,1185667
3143591,8,1985448,932743,1275882
3143592,62,527786,527756,1185667
3143593,64,527787,527756,1185667
3143594,66,527788,527756,1185667
3143595,68,527789,527756,1185667
3143596,70,527790,527756,1185667
3143597,72,527791,527756,1185667
3143598,74,527792,527756,1185667
3143599,76,527793,527756,1185667
3143600,35,1985531,527837,1185707
3143601,5,1985576,1985573,1185715
3143602,9,1985579,1985573,1185715
3143603,12,1985624,1985573,1185715
3143604,14,1985625,1985573,1185715
3143605,22,1985628,1985573,1185715
3143606,24,1985629,1985573,1185715
3143607,26,1985630,1985573,1185715
3143608,28,1985632,1985573,1185715
3143609,19,1986309,528235,1185847
3143610,23,1986311,528235,1185847
3143611,27,1986319,528235,1185847
3143612,19,528254,528248,1185855
3143613,84,528304,528288,1185860
3143614,86,528305,528288,1185860
3143615,88,528306,528288,1185860
3143616,90,528307,528288,1185860
3143617,92,528308,528288,1185860
3143618,94,528309,528288,1185860
3143619,36,1986690,1986688,1185954
3143620,39,1986703,1986694,1185954
3143621,37,1986743,1986742,1185973
3143622,40,1986770,1986748,1185973
3143623,9,1986855,933070,1186001
3143624,12,1986857,933070,1186001
3143625,9,1986877,933076,1186011
3143626,12,1986879,933076,1186011
3143627,9,1986900,933088,1186013
3143628,12,1986902,933088,1186013
3143629,9,1986924,933095,1186015
3143630,12,1986926,933095,1186015
3143631,9,1986942,933106,1186017
3143632,12,1986944,933106,1186017
3143633,9,1986956,933110,1186021
3143634,12,1986958,933110,1186021
3143635,9,1987007,933115,1186023
3143636,12,1987011,933115,1186023
3143637,9,1987433,1987432,1186099
3143638,5,1987799,933380,1186233
3143639,24,1988012,1988011,1186329
3143640,56,1988009,1988008,1186329
3143641,16,1988069,1988066,1186333
3143642,18,1988068,1988067,1186333
3143643,38,530100,1988064,1186333
3143644,3,1988181,1988180,1276052
3143645,79,1988143,1988195,1186343
3143646,82,530221,1988195,1186343
3143647,40,530254,1988247,1186350
3143648,64,1988303,1988336,1186360
3143649,65,1988302,1988337,1186360
3143650,67,1988305,1988336,1186360
3143651,72,1988308,1988336,1186360
3143652,108,1988289,1988287,1186360
3143653,112,1988297,1988295,1186360
3143654,119,1988292,1988290,1186360
3143655,15,1988429,1988426,1186389
3143656,17,1988428,1988427,1186389
3143657,37,530333,1988425,1186389
3143658,15,530350,1988477,1186393
3143659,20,1988481,1988477,1186393
3143660,13,530372,1988497,1186403
3143661,18,1988504,1988497,1186403
3143662,8,530386,1988517,1186414
3143663,16,1988534,1988531,1186419
3143664,18,1988595,1988594,1276064
3143665,21,530434,1988596,1276064
3143666,33,1988589,1988588,1276064
3143667,36,530453,1988593,1276064
3143668,49,1988591,1988590,1276064
3143669,52,530482,1988592,1276064
3143670,52,1988880,1988879,1186494
3143671,6,1988907,1988906,1186496
3143672,9,1988931,1988929,1276096
3143673,28,1988950,530718,1186508
3143674,6,1988958,1988957,1186515
3143675,6,1988967,1988966,1276098
3143676,6,1989007,1989006,1186522
3143677,8,1989181,1989180,1276109
3143678,93,530928,530894,1276103
3143679,10,530950,530948,1186598
3143680,17,1989232,530952,1186598
3143681,111,531011,530981,1186604
3143682,11,531091,1989428,1186665
3143683,11,531102,1989453,1186670
3143684,7,1989555,933984,1186702
3143685,45,1989735,1989711,1186759
3143686,8,1989763,1989762,1186773
3143687,23,1989788,1989767,1186778
3143688,39,1989883,531439,1186799
3143689,41,1989895,531439,1186799
3143690,46,1989884,531439,1186799
3143691,48,1989894,531439,1186799
3143692,69,1989902,1989911,1186799
3143693,74,1989915,1989911,1186799
3143694,79,1989917,1989911,1186799
3143695,12,1990006,1990005,1186839
3143696,8,531570,1990076,1186862
3143697,5,1990111,1990110,1186868
3143698,16,1990117,1990116,1186868
3143699,26,1990119,1990118,1186868
3143700,37,1990101,934220,1186868
3143701,46,1990105,1990104,1186868
3143702,55,1990108,1990107,1186868
3143703,52,1990202,934272,1186880
3143704,53,531692,1990202,1186880
3143705,74,531714,1990202,1186880
3143706,11,1990321,1990320,1186922
3143707,15,1990353,1990352,1276187
3143708,25,1990377,1990374,1276188
3143709,11,1990395,1990394,1276191
3143710,15,1990401,1990398,1276191
3143711,23,1990406,1990405,1276191
3143712,110,1990208,934272,1186880
3143713,111,531754,1990208,1186880
3143714,131,531770,1990208,1186880
3143715,18,1990465,934338,1186961
3143716,20,1990466,934338,1186961
3143717,23,531816,934338,1186961
3143718,10,531909,1990572,1276214
3143719,10,1990602,1990601,1187054
3143720,13,1990604,1990603,1187054
3143721,23,531935,1990597,1187054
3143722,27,1990599,1990598,1187054
3143723,11,531946,1990628,1187062
3143724,10,1990637,1990635,1187065
3143725,14,531948,1990638,1187065
3143726,8,1990657,1990656,1187074
3143727,8,1990674,1990672,1187076
3143728,5,1990681,1990680,1187078
3143729,20,1990696,1990695,1187082
3143730,24,1990706,1990704,1187082
3143731,27,1990701,1990697,1187082
3143732,50,531981,1990688,1187082
3143733,55,1990694,1990693,1187082
3143734,58,1990692,1990689,1187082
3143735,9,532012,1990768,1187099
3143736,13,1990770,1990769,1187099
3143737,16,1990772,1990771,1187099
3143738,20,1990774,1990773,1187099
3143739,43,532035,1990757,1187099
3143740,48,532037,1990764,1187099
3143741,53,532039,1990766,1187099
3143742,60,1990759,1990758,1187099
3143743,64,1990762,1990761,1187099
3143744,23,1990875,1990869,1187136
3143745,25,1990877,1990869,1187136
3143746,27,532084,1990876,1187136
3143747,42,532088,1990871,1187136
3143748,50,532090,1990873,1187136
3143749,55,532099,1990872,1187136
3143750,8,1990988,1990987,1187164
3143751,11,532202,1990987,1187164
3143752,13,1990995,1990994,1187164
3143753,19,532211,1990994,1187164
3143754,25,532223,1990987,1187164
3143755,11,1991060,1991059,1187190
3143756,16,1991064,1991063,1187190
3143757,13,1991148,1991147,1187211
3143758,26,1991157,1991155,1187211
3143759,31,1991161,1991160,1187211
3143760,52,532323,1991131,1187211
3143761,66,1991139,1991138,1187211
3143762,71,1991144,1991143,1187211
3143763,10,532331,1991217,1187219
3143764,36,1991339,532434,1187256
3143765,37,1991338,532434,1187256
3143766,39,1991341,532434,1187256
3143767,40,1991340,532434,1187256
3143768,42,1991342,532434,1187256
3143769,44,1991343,532434,1187256
3143770,50,532445,532434,1187256
3143771,51,532446,532434,1187256
3143772,166,1991399,532469,1187280
3143773,179,1991397,532469,1187280
3143774,188,1991396,532469,1187280
3143775,28,532587,1991503,1276272
3143776,33,532597,1991504,1276272
3143777,74,532874,1991680,1187397
3143778,35,532941,1991771,1187447
3143779,45,1991862,1991861,1187473
3143780,55,1991884,1991863,1187473
3143781,5,1991955,1991954,1187483
3143782,2,533220,1991979,1276295
3143783,4,533214,1991981,1276295
3143784,36,1992000,1991999,1276295
3143785,54,1992031,1992023,1187503
3143786,66,533234,1991997,1276295
3143787,7,1992089,934939,1187520
3143788,7,1992109,934944,1187524
3143789,37,1992218,1992215,1276310
3143790,39,533465,1992215,1276310
3143791,74,1992220,1992215,1276310
3143792,76,533500,1992215,1276310
3143793,78,1992221,1992215,1276310
3143794,80,533503,1992215,1276310
3143795,6,1992279,1992278,1187571
3143796,153,1992226,1992215,1276310
3143797,161,1992229,1992215,1276310
3143798,9,1992487,1992486,1187583
3143799,572,1992293,1992292,1187559
3143800,30,1992698,1992696,1187637
3143801,32,533785,1992696,1187637
3143802,35,1992699,1992696,1187637
3143803,37,533795,1992696,1187637
3143804,40,1992700,1992696,1187637
3143805,42,533807,1992696,1187637
3143806,45,1992701,1992696,1187637
3143807,47,533816,1992696,1187637
3143808,49,1992702,1992696,1187637
3143809,51,533827,1992696,1187637
3143810,593,533830,1992304,1187559
3143811,54,1992703,1992696,1187637
3143812,56,1992704,1992696,1187637
3143813,58,1992705,1992696,1187637
3143814,60,533837,1992696,1187637
3143815,602,1992306,1992305,1187559
3143816,238,533907,1992507,1187581
3143817,276,533931,1992504,1187581
3143818,37,1992742,1992741,1187645
3143819,39,1992745,1992743,1187645
3143820,53,1992751,1992750,1187645
3143821,56,1992755,1992753,1187645
3143822,12,1993052,1993050,1276317
3143823,9,1993144,1993143,1187701
3143824,24,1993140,1993139,1187701
3143825,6,534422,1993183,1187708
3143826,111,1992933,1992884,1187679
3143827,118,1992928,1992885,1187679
3143828,49,534684,1993347,1187724
3143829,68,534709,1993343,1187724
3143830,4,1993414,1993413,1187731
3143831,167,1992941,1992940,1187679
3143832,236,1992951,1992916,1187679
3143833,237,1992917,534770,1187679
3143834,239,1992919,534771,1187679
3143835,246,1992918,534771,1187679
3143836,5,1993501,1993497,1187757
3143837,6,1993627,1993621,1187762
3143838,19,1993622,1993621,1187762
3143839,24,1993624,1993621,1187762
3143840,278,1992892,1992891,1187679
3143841,281,1992913,1992912,1187679
3143842,298,1992895,1992894,1187679
3143843,301,1992911,1992910,1187679
3143844,313,1992898,1992897,1187679
3143845,316,1992909,1992908,1187679
3143846,335,1992956,1992904,1187679
3143847,337,1992906,534770,1187679
3143848,339,1992905,534771,1187679
3143849,345,1992907,534771,1187679
3143850,42,1993669,1993668,1187769
3143851,68,1993663,1993662,1187769
3143852,90,1993659,1993658,1187769
3143853,102,1993657,1993656,1187769
3143854,4,1993980,1993979,1276338
3143855,17,1993986,1993985,1187848
3143856,9,1993998,1993995,1187852
3143857,16,1994048,1994047,1187865
3143858,8,1994062,1994061,1187869
3143859,12,1994064,1994063,1187869
3143860,8,1994078,1994077,1187873
3143861,13,1994081,1994080,1187873
3143862,136,1993898,1993850,1187814
3143863,4,1994157,1994154,1276348
3143864,4,1994180,1994176,1276349
3143865,143,1993893,1993853,1187814
3143866,185,1993906,1993905,1187814
3143867,73,1994438,1994437,1276352
3143868,35,1994227,1994093,1187808
3143869,254,1993916,1993882,1187814
3143870,255,1993883,535509,1187814
3143871,257,1993885,535510,1187814
3143872,264,1993884,535510,1187814
3143873,62,1994230,1994093,1187808
3143874,296,1993862,1993861,1187814
3143875,299,1993878,1993877,1187814
3143876,194,535614,1994226,1187808
3143877,316,1993865,1993864,1187814
3143878,319,1993876,1993875,1187814
3143879,331,1993868,1993867,1187814
3143880,334,1993874,1993873,1187814
3143881,353,1993921,1993869,1187814
3143882,355,1993871,535509,1187814
3143883,357,1993870,535510,1187814
3143884,363,1993872,535510,1187814
3143885,311,1994222,535530,1187808
3143886,547,1994202,1994093,1187808
3143887,555,1994205,1994093,1187808
3143888,645,1994266,535530,1187808
3143889,713,1994269,1994093,1187808
3143890,744,535858,535530,1187808
3143891,754,535869,535530,1187808
3143892,771,535874,535530,1187808
3143893,800,535895,535530,1187808
3143894,807,1994142,1994093,1187808
3143895,831,535936,535530,1187808
3143896,849,1994171,535530,1187808
3143897,13,1994845,1994857,1187961
3143898,16,1994846,1994857,1187961
3143899,19,535929,1994857,1187961
3143900,20,535930,1994857,1187961
3143901,34,1994836,1994859,1187961
3143902,37,1994839,1994859,1187961
3143903,40,1994840,1994859,1187961
3143904,43,1994842,1994859,1187961
3143905,46,1994843,1994859,1187961
3143906,49,1994844,1994859,1187961
3143907,861,535968,535530,1187808
3143908,58,535943,1994859,1187961
3143909,59,535944,1994859,1187961
3143910,73,1994830,1994862,1187961
3143911,76,1994831,1994862,1187961
3143912,79,1994832,1994862,1187961
3143913,82,1994833,1994862,1187961
3143914,84,535950,1994862,1187961
3143915,86,535955,1994862,1187961
3143916,87,535956,1994862,1187961
3143917,878,1994162,535530,1187808
3143918,101,1994827,1994864,1187961
3143919,104,1994828,1994864,1187961
3143920,107,1994829,1994864,1187961
3143921,113,535960,1994864,1187961
3143922,117,535963,1994864,1187961
3143923,886,1994184,1994093,1187808
3143924,895,1994190,1994093,1187808
3143925,909,1994187,1994093,1187808
3143926,926,536020,1994151,1187808
3143927,930,536027,1994152,1187808
3143928,941,1994156,1994093,1187808
3143929,962,536058,1994146,1187808
3143930,966,536051,1994148,1187808
3143931,972,536060,1994149,1187808
3143932,1003,1994174,1994093,1187808
3143933,1007,1994178,1994093,1187808
3143934,1016,1994139,1994093,1187808
3143935,1446,536217,535780,1187808
3143936,1484,536243,535786,1187808
3143937,1502,1994111,535530,1187808
3143938,1504,536275,535530,1187808
3143939,1582,1994116,1994571,1187808
3143940,1585,1994118,1994571,1187808
3143941,1588,536326,1994571,1187808
3143942,1599,536344,535530,1187808
3143943,1601,536345,535530,1187808
3143944,1644,536357,1994597,1187808
3143945,55,1995206,536380,1188051
3143946,67,536371,536380,1188051
3143947,1689,536404,1994613,1187808
3143948,35,1995285,1995282,1188078
3143949,37,1995284,1995283,1188078
3143950,18,1995356,1995355,1188091
3143951,220,1995400,1995399,1188099
3143952,3,1995551,1995548,1188111
3143953,8,1995552,1995548,1188111
3143954,3,1995589,536545,1188117
3143955,6,536694,1995658,1188140
3143956,11,1995670,1995658,1188140
3143957,7,1995750,1995749,1188156
3143958,7,1995904,1995903,1188196
3143959,28,1995870,1995869,1188196
3143960,35,537070,1995902,1188196
3143961,44,537078,1995901,1188196
3143962,58,537090,1995898,1188196
3143963,67,537097,1995895,1188196
3143964,108,1995874,1995872,1188196
3143965,123,537159,1995891,1188196
3143966,145,537168,1995876,1188196
3143967,169,537174,1995878,1188196
3143968,188,537180,1995887,1188196
3143969,207,537186,1995882,1188196
3143970,225,537192,1995880,1188196
3143971,243,537198,1995884,1188196
3143972,262,537208,1995886,1188196
3143973,18,1996354,1996353,1188281
3143974,11,1996474,1996473,1188318
3143975,8,1996572,1996571,1188346
3143976,13,1996702,1996700,1188369
3143977,3,1996729,1996727,1188380
3143978,3,1996809,1996807,1188382
3143979,3,1996886,1996880,1188387
3143980,9,1996892,1996880,1188387
3143981,3,1996960,1996958,1188391
3143982,9,1996966,1996958,1188391
3143983,3,1997003,1997000,1188393
3143984,9,1997006,1997000,1188393
3143985,16,1997011,1997000,1188393
3143986,23,1997016,1997000,1188393
3143987,4,1997059,1997058,1188400
3143988,8,537615,1997060,1188400
3143989,15,1997079,1997076,1188405
3143990,36,1997096,1997076,1188405
3143991,49,1997084,1997076,1188405
3143992,55,1997088,1997076,1188405
3143993,5,537690,1997135,1188409
3143994,4,1997185,1997184,1188423
3143995,8,537757,1997186,1188423
3143996,12,537749,1997187,1188423
3143997,18,537768,1997188,1188423
3143998,4,537825,1997210,1188430
3143999,7,1997213,1997212,1188430
3144000,36,537920,1997214,1188430
3144001,40,537925,1997215,1188430
3144002,47,1997218,1997217,1188430
3144003,9,1998578,1998577,1276597
3144004,4,1998788,1998787,1188765
3144005,17,1999393,1999390,1188872
3144006,32,1999398,1999397,1188872
3144007,8,540395,1999444,1188905
3144008,22,1999498,1999484,1188911
3144009,8,1999631,1999609,1188921
3144010,25,1999635,1999609,1188921
3144011,7,1999718,1999708,1188931
3144012,20,1999724,1999708,1188931
3144013,12,1999739,1999738,1188933
3144014,27,1999740,1999738,1188933
3144015,32,1999743,1999738,1188933
3144016,52,1999741,1999738,1188933
3144017,4,1999804,1999803,1188941
3144018,17,1999807,1999803,1188941
3144019,38,1999811,1999803,1188941
3144020,14,1999839,1999838,1188943
3144021,15,1999947,1999942,1276663
3144022,28,1999951,1999945,1276663
3144023,7,1999978,1999976,1276666
3144024,15,540561,1999989,1188948
3144025,17,540563,1999991,1188948
3144026,8,540565,2000049,1188955
3144027,11,2000054,2000053,1188955
3144028,7,2000475,540679,1189036
3144029,7,2000483,937476,1189029
3144030,9,2000484,937476,1189029
3144031,9,2000510,540695,1189041
3144032,15,2000527,937498,1189045
3144033,17,2000528,937498,1189045
3144034,13,2000543,937512,1189052
3144035,15,2000544,937512,1189052
3144036,38,541228,937678,1189180
3144037,14,2002833,2002810,1189486
3144038,47,541923,2002810,1189486
3144039,23,2002987,2002986,1276863
3144040,42,542139,938289,1276877
3144041,8,2003373,2003372,1189681
3144042,34,2003432,542180,1276886
3144043,14,2003653,2003639,1189816
3144044,50,2003648,2003639,1189816
3144045,64,2003646,2003639,1189816
3144046,75,2003644,2003641,1189816
3144047,76,2003645,2003641,1189816
3144048,11,2003695,2003691,1189826
3144049,27,2003719,542593,1189835
3144050,28,2003737,2003718,1189835
3144051,38,2003722,542593,1189835
3144052,39,2003723,2003718,1189835
3144053,42,2003724,542593,1189835
3144054,43,2003743,2003718,1189835
3144055,50,2003747,542593,1189835
3144056,51,2003721,542593,1189835
3144057,62,2003716,542593,1189835
3144058,74,2003714,542593,1189835
3144059,13,2003769,2003766,1189851
3144060,15,2003768,2003766,1189851
3144061,19,2003795,2003766,1189851
3144062,36,2003778,2003766,1189851
3144063,41,2003779,2003766,1189851
3144064,97,2003788,542650,1189851
3144065,99,2003822,542650,1189851
3144066,113,2003774,542650,1189851
3144067,13,2003856,2003842,1189870
3144068,49,2003851,2003842,1189870
3144069,63,2003849,2003842,1189870
3144070,74,2003847,2003846,1189870
3144071,75,2003848,2003846,1189870
3144072,52,2003920,938462,1189891
3144073,58,2003922,938462,1189891
3144074,27,542844,2003961,1276913
3144075,8,2004276,938557,1189998
3144076,6,2004286,2004282,1190000
3144077,7,2004283,2004282,1190000
3144078,11,2004292,2004282,1190000
3144079,13,2004293,2004282,1190000
3144080,19,2004287,2004282,1190000
3144081,22,2004288,2004282,1190000
3144082,40,543351,2004282,1190000
3144083,23,2004354,2004353,1276936
3144084,80,2004363,2004362,1276936
3144085,20,2004461,2004460,1276939
3144086,58,2004471,2004470,1276939
3144087,55,2004801,2004766,1190023
3144088,58,2004784,2004776,1190023
3144089,17,2004945,543547,1190036
3144090,22,2004947,543547,1190036
3144091,17,2005043,543559,1190042
3144092,4,2005382,2005378,1190056
3144093,18,2004445,2004444,1189631
3144094,17,2005385,2005378,1190056
3144095,23,2005388,2005378,1190056
3144096,313,2005081,2005079,1189631
3144097,406,2005053,2005044,1189631
3144098,465,2005032,2005030,1189631
3144099,548,2005004,2005002,1189631
3144100,607,2004996,2004994,1189631
3144101,693,2004971,2004969,1189631
3144102,846,2004896,2004895,1189631
3144103,876,2004888,2004887,1189631
3144104,906,2004880,2004879,1189631
3144105,930,2004872,2004871,1189631
3144106,13,2005599,544058,1276968
3144107,8,2005639,544124,1190118
3144108,13,2005644,544124,1190118
3144109,19,2005642,544124,1190118
3144110,35,2005628,544124,1190118
3144111,39,2005631,544124,1190118
3144112,44,2005635,544124,1190118
3144113,51,2005691,2005690,1276970
3144114,54,2005693,2005692,1276970
3144115,28,2005676,544152,1190122
3144116,72,2005621,544124,1190118
3144117,75,544187,544124,1190118
3144118,76,2005623,544124,1190118
3144119,93,2005652,544124,1190118
3144120,100,2005626,544124,1190118
3144121,105,2005624,544124,1190118
3144122,18,2005727,544203,1190129
3144123,21,2005730,544203,1190129
3144124,9,2005792,544230,1190138
3144125,12,2005794,544230,1190138
3144126,23,2005786,544230,1190138
3144127,26,2005788,544230,1190138
3144128,29,2005790,544230,1190138
3144129,51,2005799,544230,1190138
3144130,55,2005774,544230,1190138
3144131,59,2005777,544230,1190138
3144132,3,2005868,2005866,1190146
3144133,4,2005870,2005866,1190146
3144134,76,2005779,544230,1190138
3144135,80,2005782,544230,1190138
3144136,115,2005770,544230,1190138
3144137,118,544289,544230,1190138
3144138,11,2005957,544326,1276990
3144139,16,2005965,544326,1276990
3144140,15,2006300,2006299,1190239
3144141,95,2006289,2006288,1190239
3144142,108,2006325,2006323,1190239
3144143,117,2006292,2006291,1190239
3144144,216,2006285,2006284,1190239
3144145,240,2006280,2006279,1190239
3144146,264,2006275,2006274,1190239
3144147,290,2006270,2006269,1190239
3144148,314,2006265,2006264,1190239
3144149,339,2006260,2006259,1190239
3144150,14,2006691,2006690,1190298
3144151,18,544667,2006692,1190298
3144152,42,2006685,544678,1190298
3144153,46,2006688,2006687,1190298
3144154,9,2006749,2006748,1190307
3144155,30,2006745,2006751,1190307
3144156,5,2006772,2006771,1190313
3144157,7,2006797,2006771,1190313
3144158,40,544723,2006796,1190313
3144159,47,544727,2006794,1190313
3144160,50,544730,2006795,1190313
3144161,51,544731,544727,1190313
3144162,56,544733,2006793,1190313
3144163,57,544734,544733,1190313
3144164,97,2006787,2006783,1190313
3144165,100,2006786,2006785,1190313
3144166,11,2006847,2006845,1277042
3144167,20,2006878,2006871,1190330
3144168,7,2006926,2006925,1277043
3144169,25,2006951,2006950,1277043
3144170,42,2006941,2006940,1277043
3144171,105,2007153,2007152,1190320
3144172,123,2007144,2007143,1190320
3144173,188,2007120,2007137,1190320
3144174,230,2007109,2007108,1190320
3144175,236,2007111,2007110,1190320
3144176,240,2007114,2007113,1190320
3144177,245,2007117,2007116,1190320
3144178,248,2007176,2007175,1190320
3144179,268,2007107,2007101,1190320
3144180,18,2007310,2007309,1190401
3144181,9,2007373,2007372,1190442
3144182,18,2007395,2007390,1190445
3144183,32,2007394,2007393,1190445
3144184,19,2007471,2007466,1190469
3144185,27,2007472,545232,1190469
3144186,29,2007473,2007466,1190469
3144187,44,2007470,2007469,1190469
3144188,12,2007513,2007512,1190480
3144189,5,2007565,2007564,1190491
3144190,5,2007588,2007587,1190499
3144191,4,2007601,2007596,1190501
3144192,6,2007599,2007598,1190501
3144193,8,2007602,2007601,1190501
3144194,5,2007641,2007633,1190514
3144195,7,2007636,2007635,1190514
3144196,4,2007658,2007657,1190530
3144197,12,545367,939386,1190565
3144198,44,2007834,2007833,1190558
3144199,14,2007917,2007916,1277086
3144200,14,545426,939416,1277085
3144201,15,2007999,2007998,1277094
3144202,23,2008119,2008118,1277103
3144203,34,2008121,2008120,1277103
3144204,61,2008133,2008132,1277103
3144205,79,2008129,2008128,1277103
3144206,96,2008124,2008123,1277103
3144207,22,2008208,2008206,1277104
3144208,46,2008232,2008227,1277105
3144209,56,2008229,2008227,1277105
3144210,59,2008230,2008227,1277105
3144211,74,2008352,2008350,1277110
3144212,3,2008650,2008649,1190700
3144213,3,2008660,2008658,1190702
3144214,3,2008687,2008686,1190710
3144215,7,2008690,2008689,1190710
3144216,3,2008701,2008700,1190716
3144217,3,2008713,2008712,1190718
3144218,3,2008730,2008729,1190725
3144219,3,2008737,2008736,1190727
3144220,3,2008745,2008743,1190729
3144221,3,2008752,2008751,1190733
3144222,24,546138,2009189,1277140
3144223,8,2009522,2009517,1190843
3144224,10,2009521,2009520,1190843
3144225,13,2009849,2009848,1190916
3144226,15,2009979,2009974,1190943
3144227,12,2010035,2010032,1190953
3144228,14,546585,2010103,1190961
3144229,22,2010134,2010128,1190967
3144230,28,2010166,2010161,1277194
3144231,36,2010570,546863,1191103
3144232,37,2010571,546863,1191103
3144233,38,2010572,546863,1191103
3144234,39,2010573,546863,1191103
3144235,144,546921,546914,1191103
3144236,145,546922,546914,1191103
3144237,5,2011611,2011610,1277272
3144238,10,2011613,2011612,1277272
3144239,15,2011615,2011614,1277272
3144240,20,2011617,2011616,1277272
3144241,25,2011619,2011618,1277272
3144242,30,2011621,2011620,1277272
3144243,35,2011623,2011622,1277272
3144244,5,2011656,2011655,1277274
3144245,10,2011658,2011657,1277274
3144246,15,2011661,2011659,1277274
3144247,20,2011663,2011662,1277274
3144248,2,2011763,2011760,1191401
3144249,2,2011840,2011838,1191466
3144250,2,2011844,2011842,1191472
3144251,2,2011851,2011849,1191481
3144252,2,2011858,2011856,1191490
3144253,2,2011870,2011868,1191500
3144254,2,2011876,2011874,1191510
3144255,2,2011882,2011880,1191520
3144256,2,2011891,2011888,1191529
3144257,2,2011898,2011895,1191541
3144258,24,2012643,2012634,1191899
3144259,25,2012646,2012644,1191899
3144260,28,2012647,2012634,1191899
3144261,29,2012650,2012648,1191899
3144262,7,2012695,2012694,1277338
3144263,18,2012699,2012698,1277338
3144264,26,2012705,2012682,1277338
3144265,36,548300,2012693,1277338
3144266,33,548356,2012804,1191918
3144267,35,2012806,2012805,1191918
3144268,55,548359,2012800,1191918
3144269,57,2012802,2012801,1191918
3144270,77,548366,2012796,1191918
3144271,79,2012798,2012797,1191918
3144272,98,548369,2012793,1191918
3144273,100,2012795,2012794,1191918
3144274,119,548378,2012789,1191918
3144275,121,2012791,2012790,1191918
3144276,32,548404,2012900,1191953
3144277,34,2012903,2012902,1191953
3144278,58,2012961,2012960,1191970
3144279,62,548434,2012963,1191970
3144280,9,2013014,940756,1191983
3144281,17,548451,2013026,1191985
3144282,22,2013030,2013029,1191985
3144283,17,548463,2013045,1191990
3144284,22,2013049,2013048,1191990
3144285,17,548474,2013072,1191999
3144286,22,2013076,2013075,1191999
3144287,7,2013086,940772,1277355
3144288,32,2013111,2013110,1192004
3144289,36,548503,2013113,1192004
3144290,28,548524,2013170,1192016
3144291,30,2013172,2013171,1192016
3144292,32,2013173,2013169,1192016
3144293,46,548531,2013165,1192016
3144294,48,2013167,2013166,1192016
3144295,50,2013168,2013176,1192016
3144296,64,548537,2013162,1192016
3144297,66,2013164,2013163,1192016
3144298,68,548539,2013178,1192016
3144299,79,548541,2013159,1192016
3144300,81,2013161,2013160,1192016
3144301,83,548543,2013180,1192016
3144302,94,548545,2013156,1192016
3144303,96,2013158,2013157,1192016
3144304,98,548547,2013182,1192016
3144305,25,548566,2013232,1192027
3144306,27,2013234,2013233,1192027
3144307,29,548568,2013235,1192027
3144308,49,2013262,2013261,1192036
3144309,53,548584,2013264,1192036
3144310,77,548586,2013267,1192036
3144311,18,548598,2013310,1192047
3144312,23,2013314,2013313,1192047
3144313,18,548608,2013337,1192061
3144314,23,2013342,2013341,1192061
3144315,18,548618,2013385,1192067
3144316,23,2013389,2013388,1192067
3144317,15,548627,2013393,1192075
3144318,17,548628,2013393,1192075
3144319,25,2013422,2013421,1192077
3144320,29,548649,2013424,1192077
3144321,55,548651,2013427,1192077
3144322,42,2013763,2013762,1192142
3144323,69,2013780,2013779,1192142
3144324,78,2013787,2013786,1192142
3144325,61,549309,549252,1192189
3144326,22,2014342,941156,1192237
3144327,24,2014343,2014369,1192237
3144328,28,2014344,2014369,1192237
3144329,32,2014345,2014369,1192237
3144330,36,2014346,2014369,1192237
3144331,42,2014347,2014369,1192237
3144332,46,2014348,2014369,1192237
3144333,50,2014349,2014369,1192237
3144334,56,2014350,2014369,1192237
3144335,60,2014351,2014369,1192237
3144336,62,2014352,2014369,1192237
3144337,68,2014353,2014369,1192237
3144338,70,2014354,2014369,1192237
3144339,74,2014364,2014369,1192237
3144340,79,2014367,2014369,1192237
3144341,87,2014362,2014369,1192237
3144342,92,2014363,2014369,1192237
3144343,98,2014357,941156,1192237
3144344,101,2014360,941156,1192237
3144345,27,2014493,941237,1192271
3144346,29,2014498,941237,1192271
3144347,32,2014499,941237,1192271
3144348,8,2014775,941345,1277435
3144349,16,2014778,941345,1277435
3144350,9,2014806,941357,1192355
3144351,12,2014808,941357,1192355
3144352,9,2014937,941364,1192363
3144353,12,2014941,941364,1192363
3144354,11,2014966,549980,1192365
3144355,71,2014905,2014902,1192309
3144356,158,550084,2014913,1192309
3144357,28,2015112,941433,1192401
3144358,185,2014876,550375,1192309
3144359,187,2014877,550375,1192309
3144360,265,550184,550374,1192309
3144361,289,550242,2014856,1192309
3144362,17,2015361,941520,1277460
3144363,19,550366,2015362,1277460
3144364,33,2015509,2015508,1277473
3144365,38,2015512,2015511,1277473
3144366,43,2015515,2015514,1277473
3144367,14,2015718,941575,1192468
3144368,37,550763,2015762,1277479
3144369,41,550767,2015764,1277479
3144370,45,550769,2015766,1277479
3144371,49,550773,2015768,1277479
3144372,53,550775,2015770,1277479
3144373,64,550777,2015752,1277479
3144374,68,550779,2015754,1277479
3144375,72,550781,2015756,1277479
3144376,76,550783,2015758,1277479
3144377,80,550785,2015760,1277479
3144378,141,2016307,551144,1192585
3144379,142,2016308,2016309,1192585
3144380,164,2016298,551144,1192585
3144381,165,2016357,2016299,1192585
3144382,210,2016281,551144,1192585
3144383,211,2016283,2016282,1192585
3144384,218,2016286,551144,1192585
3144385,221,2016289,2016288,1192585
3144386,247,2016276,2016273,1192585
3144387,249,2016275,551144,1192585
3144388,250,2016277,2016276,1192585
3144389,275,2016261,2016258,1192585
3144390,277,2016260,551144,1192585
3144391,278,2016262,2016261,1192585
3144392,283,2016267,2016264,1192585
3144393,285,2016266,551144,1192585
3144394,286,2016268,2016267,1192585
3144395,332,551261,2016362,1192585
3144396,15,551314,2016597,1192679
3144397,17,551315,2016598,1192679
3144398,19,551316,2016599,1192679
3144399,21,551317,2016600,1192679
3144400,17,2016635,2016628,1192692
3144401,18,2016634,2016629,1192692
3144402,29,2016698,551374,1192695
3144403,42,2016708,2016703,1192695
3144404,53,2016697,2016696,1192695
3144405,77,2016674,551374,1192695
3144406,97,2016688,2016685,1192695
3144407,102,2016692,2016689,1192695
3144408,15,2017121,551668,1192795
3144409,7,552151,2017711,1277628
3144410,9,552250,2017842,1193032
3144411,15,2017928,552354,1193069
3144412,6,2018086,2018085,1193092
3144413,13,2018095,552439,1193095
3144414,20,2018143,2018140,1193111
3144415,14,2018222,2018226,1193138
3144416,41,2018352,2018351,1193166
3144417,5,2018405,2018404,1277673
3144418,24,2018443,2018442,1193182
3144419,22,2018550,942780,1193253
3144420,42,552954,942795,1193253
3144421,3,2018675,2018674,1193361
3144422,8,2018700,2018698,1277717
3144423,12,2018734,2018732,1277722
3144424,20,2018750,2018749,1277724
3144425,25,553166,553175,1193388
3144426,26,553167,553176,1193388
3144427,30,553236,2018888,1193395
3144428,31,553237,2018889,1193395
3144429,8,553280,2018924,1193407
3144430,9,553281,2018926,1193407
3144431,3,2019131,2019130,1193459
3144432,3,2019217,2019216,1277756
3144433,16,2019361,2019345,1193533
3144434,18,2019347,2019361,1193533
3144435,25,2019353,2019361,1193533
3144436,43,2019362,2019302,1193533
3144437,45,2019304,2019362,1193533
3144438,52,2019310,2019362,1193533
3144439,59,2019316,2019362,1193533
3144440,66,2019323,2019362,1193533
3144441,73,2019329,2019362,1193533
3144442,80,2019337,2019362,1193533
3144443,4,2019377,2019376,1193549
3144444,16,2019440,2019426,1193551
3144445,18,2019428,2019440,1193551
3144446,24,2019433,2019440,1193551
3144447,41,2019441,2019392,1193551
3144448,43,2019394,2019441,1193551
3144449,49,2019399,2019441,1193551
3144450,55,2019404,2019441,1193551
3144451,61,2019409,2019441,1193551
3144452,67,2019414,2019441,1193551
3144453,73,2019419,2019441,1193551
3144454,47,2019532,2019531,1193561
3144455,14,2019858,2019854,1193621
3144456,18,2019861,2019854,1193621
3144457,26,2019865,2019854,1193621
3144458,30,2019864,2019854,1193621
3144459,13,553893,2019908,1193631
3144460,16,2019910,2019909,1193631
3144461,17,553895,2019910,1193631
3144462,20,2019912,2019911,1193631
3144463,21,553897,2019912,1193631
3144464,15,2020137,943461,1193693
3144465,11,554080,2020189,1193721
3144466,6,2020224,943475,1193725
3144467,16,554098,943477,1193725
3144468,11,554118,2020272,1193739
3144469,17,2020257,943493,1277815
3144470,21,2020261,943493,1277815
3144471,23,2020263,2020262,1277815
3144472,21,2020330,2020322,1193756
3144473,25,2020334,2020322,1193756
3144474,28,2020336,2020322,1193756
3144475,33,2020325,2020322,1193756
3144476,17,554176,2020377,1277822
3144477,27,554175,2020378,1277822
3144478,31,554190,2020380,1277822
3144479,48,2020388,943573,1277822
3144480,51,2020390,943573,1277822
3144481,16,554328,943675,1193798
3144482,7,2020632,943718,1193806
3144483,20,2020637,943725,1193806
3144484,82,554468,943767,1193815
3144485,59,2020794,2020791,1277837
3144486,61,2020793,2020792,1277837
3144487,23,2020859,2020858,1277834
3144488,28,554592,2020860,1277834
3144489,43,2020866,2020845,1277834
3144490,63,2020850,2020849,1277834
3144491,67,2020852,2020851,1277834
3144492,73,2020855,2020854,1277834
3144493,11,554732,2021032,1193905
3144494,21,2021190,943988,1193957
3144495,24,2021193,943988,1193957
3144496,34,2021195,943988,1193957
3144497,21,2021243,944004,1193962
3144498,24,2021246,944004,1193962
3144499,34,2021248,944004,1193962
3144500,12,2021345,944019,1193966
3144501,21,2021347,944019,1193966
3144502,12,2021408,944055,1193970
3144503,21,2021410,944055,1193970
3144504,140,554959,2021263,1277856
3144505,143,2021269,2021291,1277856
3144506,144,2021268,2021263,1277856
3144507,146,2021271,2021291,1277856
3144508,147,2021270,2021264,1277856
3144509,149,2021272,2021291,1277856
3144510,164,2021274,2021291,1277856
3144511,173,2021279,2021291,1277856
3144512,9,2021545,944087,1193991
3144513,12,2021547,944087,1193991
3144514,182,2021282,2021291,1277856
3144515,184,2021284,2021283,1277856
3144516,198,2021286,2021291,1277856
3144517,200,2021288,2021287,1277856
3144518,204,2021278,2021291,1277856
3144519,205,2021275,2021291,1277856
3144520,207,2021277,2021276,1277856
3144521,91,2021661,2021606,1193986
3144522,103,2021665,2021614,1193986
3144523,224,2021686,2021581,1193986
3144524,235,2021688,2021595,1193986
3144525,249,2021691,2021601,1193986
3144526,287,2021701,2021588,1193986
3144527,9,555224,555227,1194061
3144528,21,2021912,555374,1194073
3144529,23,2021914,555374,1194073
3144530,25,555463,555374,1194073
3144531,57,555402,555374,1194073
3144532,59,555418,555374,1194073
3144533,61,555436,555374,1194073
3144534,63,555446,555374,1194073
3144535,120,2021969,555411,1277886
3144536,121,2021970,555411,1277886
3144537,125,2021972,2021971,1277886
3144538,20,2022142,2022139,1194087
3144539,25,555535,2022164,1194097
3144540,122,2022234,555589,1277897
3144541,123,2022306,555589,1277897
3144542,127,2022236,2022235,1277897
3144543,12,2022563,2022556,1194148
3144544,56,2022550,2022546,1194148
3144545,31,2022624,2022600,1277904
3144546,43,2022627,2022607,1277904
3144547,6,2022636,555811,1194155
3144548,8,555821,555811,1194155
3144549,9,2022638,555811,1194155
3144550,10,2022637,555811,1194155
3144551,12,2022639,555811,1194155
3144552,43,2022681,2022651,1277905
3144553,54,2022684,2022657,1277905
3144554,68,2022687,2022660,1277905
3144555,95,2022694,2022654,1277905
3144556,20,2022725,2022728,1194183
3144557,22,555916,2022728,1194183
3144558,25,555918,2022728,1194183
3144559,25,2022785,2022777,1194189
3144560,35,2022784,2022777,1194189
3144561,16,555943,944505,1194200
3144562,9,2022909,2022901,1194202
3144563,18,2022930,2022908,1194202
3144564,23,2022932,2022904,1194202
3144565,26,2022933,2022906,1194202
3144566,32,2022861,2022860,1194202
3144567,36,2022934,2022863,1194202
3144568,46,2022898,2022897,1194202
3144569,50,2022937,2022900,1194202
3144570,56,2022867,2022866,1194202
3144571,60,2022939,2022869,1194202
3144572,64,2022872,2022871,1194202
3144573,68,2022940,2022874,1194202
3144574,109,2022879,2022878,1194202
3144575,115,2022883,2022882,1194202
3144576,123,2022889,2022888,1194202
3144577,9,2023025,2023022,1194214
3144578,15,2023040,2023024,1194214
3144579,21,2022993,2022992,1194214
3144580,25,2023041,2022995,1194214
3144581,32,2022998,2022997,1194214
3144582,36,2023043,2023000,1194214
3144583,57,2023014,2023013,1194214
3144584,73,2023003,2023002,1194214
3144585,79,2023007,2023006,1194214
3144586,16,2023188,2023191,1194281
3144587,12,2023937,2023936,1194357
3144588,48,2023946,2023944,1194357
3144589,14,2024071,2024069,1194364
3144590,20,2024074,2024072,1194364
3144591,26,2024077,2024076,1194364
3144592,17,2024254,2024253,1194374
3144593,23,2024257,2024255,1194374
3144594,52,2024266,2024265,1194374
3144595,58,2024304,2024264,1194374
3144596,9,556319,2024397,1194385
3144597,11,2024399,2024398,1194385
3144598,17,556311,2024402,1194385
3144599,12,2025375,2025373,1194495
3144600,18,556625,944805,1194518
3144601,35,2025807,2025788,1194526
3144602,20,2025803,944805,1194518
3144603,55,2025836,2025835,1194526
3144604,56,556638,2025788,1194526
3144605,78,2025869,2025811,1194526
3144606,88,2025822,2025818,1194526
3144607,103,2025816,2025815,1194526
3144608,69,2025781,944844,1194518
3144609,74,556691,944844,1194518
3144610,76,2025789,944844,1194518
3144611,137,556735,944844,1194518
3144612,139,2025860,944844,1194518
3144613,49,556788,2025958,1194563
3144614,3,2026035,2026031,1194593
3144615,17,2026082,2026057,1194599
3144616,36,2026072,2026071,1194599
3144617,37,2026073,2026072,1194599
3144618,8,2026408,2026405,1278007
3144619,6,2026880,2026876,1194888
3144620,15,557724,2026876,1194888
3144621,28,2026882,2026877,1194888
3144622,32,2026967,2026966,1194892
3144623,90,2026933,2026971,1194892
3144624,108,2026938,2026971,1194892
3144625,10,2027041,2027040,1194913
3144626,3,2027074,2027073,1194932
3144627,6,2027076,2027075,1194932
3144628,10,2027082,2027081,1194932
3144629,15,2027086,2027085,1194932
3144630,20,2027078,2027077,1194932
3144631,64,2027147,2027135,1194950
3144632,66,2027150,2027136,1194950
3144633,79,2027144,2027135,1194950
3144634,12,2027215,945411,1194969
3144635,81,2027146,2027136,1194950
3144636,94,2027194,2027135,1194950
3144637,95,2027143,2027135,1194950
3144638,124,2027204,2027135,1194950
3144639,125,2027142,2027135,1194950
3144640,17,2027217,945411,1194969
3144641,11,2027247,2027243,1194992
3144642,14,2027251,2027243,1194992
3144643,12,2027234,945413,1194987
3144644,17,2027236,945413,1194987
3144645,12,2027274,945415,1195001
3144646,17,2027276,945415,1195001
3144647,23,2027334,2027336,1194995
3144648,28,2027367,2027336,1194995
3144649,37,557954,2027336,1194995
3144650,59,557962,2027336,1194995
3144651,76,2027332,2027336,1194995
3144652,110,2027327,2027333,1194995
3144653,111,2027322,2027333,1194995
3144654,113,2027325,2027336,1194995
3144655,115,2027328,2027333,1194995
3144656,131,2027321,2027333,1194995
3144657,183,2027348,2027311,1194995
3144658,187,2027314,2027313,1194995
3144659,208,2027349,2027303,1194995
3144660,214,2027305,2027304,1194995
3144661,23,2027466,2027460,1195039
3144662,7,2027509,558007,1195048
3144663,8,2027510,558008,1195048
3144664,37,2027505,558006,1195048
3144665,52,2027503,558006,1195048
3144666,63,2027500,945438,1195048
3144667,64,2027501,945438,1195048
3144668,27,2027658,2027674,1195058
3144669,29,2027660,2027674,1195058
3144670,31,2027661,2027674,1195058
3144671,85,2027654,2027744,1195058
3144672,117,2027638,2027744,1195058
3144673,133,2027653,2027744,1195058
3144674,140,2027641,2027744,1195058
3144675,151,2027649,558138,1195058
3144676,200,2027613,2027785,1195058
3144677,203,2027616,2027785,1195058
3144678,210,2027632,2027785,1195058
3144679,220,2027636,558138,1195058
3144680,224,2027620,2027785,1195058
3144681,226,2027621,2027785,1195058
3144682,245,2027631,2027625,1195058
3144683,25,2027959,945541,1195124
3144684,9,558424,2028164,1195188
3144685,151,558483,2028183,1195161
3144686,28,2028198,945665,1195193
3144687,34,2028203,945665,1195193
3144688,45,2028251,945701,1195205
3144689,49,2028254,945701,1195205
3144690,57,2028258,945701,1195205
3144691,9,2028421,945760,1195219
3144692,55,2028547,945820,1195230
3144693,61,2028549,945820,1195230
3144694,68,559008,558984,1195230
3144695,70,2028541,945820,1195230
3144696,43,2029211,2029210,1195374
3144697,49,2029296,946211,1195390
3144698,51,2029297,946211,1195390
3144699,29,559986,2029494,1195429
3144700,4,2029567,2029566,1278184
3144701,5,2029575,2029574,1195440
3144702,15,560124,2029604,1278181
3144703,30,560130,2029607,1278181
3144704,8,560347,2029768,1278197
3144705,14,2030035,2030033,1278225
3144706,4,2030105,2030104,1278235
3144707,11,2030113,2030112,1278235
3144708,17,2030119,2030118,1278235
3144709,28,2030110,2030109,1278235
3144710,32,2030108,2030107,1278235
3144711,11,2030155,2030154,1195538
3144712,15,2030158,2030157,1195538
3144713,18,2030160,2030159,1195538
3144714,21,2030162,2030161,1195538
3144715,14,2030230,2030228,1195557
3144716,16,560829,2030229,1195557
3144717,28,2030227,2030225,1195557
3144718,30,560840,2030226,1195557
3144719,39,2030215,2030214,1195557
3144720,42,2030217,2030216,1195557
3144721,7,2030270,2030269,1278245
3144722,7,2030297,2030296,1278249
3144723,7,2030329,2030328,1278252
3144724,10,2030331,2030330,1278252
3144725,8,560906,2030352,1278256
3144726,8,2031291,2031290,1278344
3144727,36,2031347,561844,1195954
3144728,22,2031484,2031479,1195966
3144729,7,2031573,2031568,1195986
3144730,4,2031588,2031587,1195990
3144731,20,2031621,2031620,1196000
3144732,23,2031623,2031622,1196000
3144733,30,2031835,2031813,1196046
3144734,34,2031836,2031813,1196046
3144735,38,2031838,2031813,1196046
3144736,43,562195,2031821,1196046
3144737,51,562197,2031821,1196046
3144738,59,562199,2031821,1196046
3144739,63,562201,2031821,1196046
3144740,69,2031822,2031813,1196046
3144741,74,562203,2031821,1196046
3144742,80,562205,2031821,1196046
3144743,85,2031824,2031813,1196046
3144744,94,562225,2031821,1196046
3144745,99,562227,2031821,1196046
3144746,3,2032048,2032047,1196088
3144747,1,562332,2032111,1196098
3144748,3,562334,2032111,1196098
3144749,42,2032875,2032874,1196202
3144750,10,2032923,2032922,1196231
3144751,14,2032925,2032924,1196231
3144752,10,2032976,2032975,1196237
3144753,14,2032978,2032977,1196237
3144754,10,2033003,2033002,1196243
3144755,11,562984,2033289,1196308
3144756,34,563108,2033450,1278438
3144757,67,563139,2033463,1278438
3144758,48,563170,947695,1196359
3144759,19,2034893,2034887,1278518
3144760,21,2034891,2034890,1278518
3144761,24,2034898,2034887,1278518
3144762,26,2034896,2034895,1278518
3144763,30,2035268,2035262,1196756
3144764,31,564053,2035263,1196756
3144765,6,2035495,948262,1196810
3144766,13,564261,948262,1196810
3144767,21,564266,948262,1196810
3144768,29,564272,948262,1196810
3144769,5,2035504,948275,1196815
3144770,12,564279,948275,1196815
3144771,20,564284,948275,1196815
3144772,28,2035506,948275,1196815
3144773,9,2035643,2035641,1196847
3144774,8,2036093,948411,1196954
3144775,7,2036166,948418,1196957
3144776,8,2036280,948420,1196964
3144777,7,2036395,948434,1196969
3144778,14,564516,2036593,1196978
3144779,14,564523,2036668,1196980
3144780,17,564961,2037155,1197070
3144781,7,2037300,2037299,1278667
3144782,12,2037312,2037311,1278669
3144783,10,2037330,2037329,1278670
3144784,16,2037374,2037373,1197089
3144785,21,2037362,2037360,1197093
3144786,12,2037432,2037431,1197095
3144787,23,2037487,2037486,1197102
3144788,10,2038279,2038278,1197236
3144789,28,2038281,2038280,1197236
3144790,53,2038288,2038287,1197236
3144791,10,2038690,2038689,1197250
3144792,6,2038771,2038770,1197276
3144793,30,2038993,949301,1197369
3144794,43,2039108,2039106,1197412
3144795,10,2039293,2039291,1197452
3144796,8,568605,2039330,1278808
3144797,12,569346,949616,1278814
3144798,191,2039544,570057,1197464
3144799,206,2039546,570057,1197464
3144800,303,2039530,570179,1197464
3144801,539,2039459,570321,1197464
3144802,559,2039462,570321,1197464
3144803,570,2039516,570321,1197464
3144804,578,2039510,570321,1197464
3144805,586,2039496,570321,1197464
3144806,592,2039500,570321,1197464
3144807,598,2039492,570321,1197464
3144808,604,2039488,570321,1197464
3144809,610,2039484,570321,1197464
3144810,617,2039467,570321,1197464
3144811,624,2039505,570321,1197464
3144812,631,2039520,570321,1197464
3144813,3017,571048,949908,1278704
3144814,3,2040155,2040154,1197693
3144815,8,2040171,2040170,1197700
3144816,8,2040199,2040198,1197709
3144817,10,2040221,2040220,1278855
3144818,15,2040224,2040223,1278855
3144819,20,2040286,2040285,1197715
3144820,22,2040288,2040287,1197715
3144821,55,2040283,2040282,1197715
3144822,69,2040278,2040277,1197715
3144823,5,2040358,2040353,1197739
3144824,16,2040365,2040353,1197739
3144825,22,2040360,2040353,1197739
3144826,26,2040361,2040353,1197739
3144827,27,2040362,2040353,1197739
3144828,5,2040390,2040389,1278865
3144829,4,2040397,2040396,1278866
3144830,8,571354,2040381,1278862
3144831,11,571375,2040453,1197759
3144832,20,571379,2040451,1197759
3144833,7,2040953,2040948,1197875
3144834,24,571883,2040948,1197875
3144835,7,2041393,2041392,1197980
3144836,19,2042114,572589,1278985
3144837,9,2042275,950780,1279002
3144838,26,2042270,950780,1279002
3144839,9,572671,950836,1279012
3144840,35,572680,950857,1279012
3144841,45,2042565,2042564,1198292
3144842,30,2042649,2042623,1198307
3144843,75,2042621,2042620,1198307
3144844,83,2042666,2042614,1198307
3144845,21,2042906,572922,1198384
3144846,12,2043003,2043002,1198406
3144847,12,2044130,2044129,1198675
3144848,8,2044306,2044301,1198699
3144849,10,2044305,2044304,1198699
3144850,2,2044716,2044715,1279153
3144851,2,2044734,2044733,1279154
3144852,2,2044738,2044737,1279155
3144853,4,2044743,2044742,1279156
3144854,4,2044759,2044758,1198794
3144855,7,2044761,2044760,1198794
3144856,12,2044773,2044772,1198794
3144857,15,2044775,2044774,1198794
3144858,22,2044779,2044778,1198794
3144859,27,2044783,2044782,1198794
3144860,37,2044765,2044764,1198794
3144861,42,2044768,2044767,1198794
3144862,13,2044728,2044719,1198787
3144863,4,2044803,2044802,1198797
3144864,7,2044805,2044804,1198797
3144865,16,2044849,2044848,1198797
3144866,19,2044851,2044850,1198797
3144867,26,2044855,2044854,1198797
3144868,31,2044859,2044858,1198797
3144869,41,2044810,2044808,1198797
3144870,48,2044838,2044837,1198797
3144871,56,2044833,2044832,1198797
3144872,69,2044868,2044867,1198797
3144873,13,2044905,951648,1198811
3144874,13,2045004,951656,1198813
3144875,38,2044674,2044672,1279150
3144876,13,2045012,951661,1198815
3144877,7,2045023,2045022,1198817
3144878,10,2045025,2045024,1198817
3144879,13,2045028,2045027,1198817
3144880,18,2045031,2045030,1198817
3144881,21,2045057,951680,1198821
3144882,27,2045063,951680,1198821
3144883,33,2045069,951680,1198821
3144884,5,2045102,2045101,1198829
3144885,10,2045100,2045099,1198829
3144886,16,2045109,2045098,1198829
3144887,4,2045125,2045124,1279163
3144888,5,2045153,2045152,1198840
3144889,10,2045151,2045149,1198840
3144890,16,2045162,2045148,1198840
3144891,5,2045221,2045220,1198862
3144892,10,2045219,2045218,1198862
3144893,16,2045228,2045217,1198862
3144894,5,2045260,2045259,1198881
3144895,10,2045258,2045257,1198881
3144896,16,2045267,2045256,1198881
3144897,5,2045310,2045309,1198893
3144898,10,2045307,2045305,1198893
3144899,16,2045322,2045304,1198893
3144900,33,2045513,2045512,1198907
3144901,37,2045516,2045514,1198907
3144902,41,2045518,2045517,1198907
3144903,4,2045784,951755,1279177
3144904,51,2045506,2045505,1198907
3144905,56,2045508,2045507,1198907
3144906,61,2045511,2045509,1198907
3144907,4,2045817,2045816,1198929
3144908,119,2045482,2045480,1198907
3144909,124,2045485,2045484,1198907
3144910,132,2045494,2045493,1198907
3144911,137,2045499,2045497,1198907
3144912,144,2045570,2045569,1198907
3144913,158,2045574,2045572,1198907
3144914,163,2045469,2045468,1198907
3144915,173,2045409,2045408,1198907
3144916,178,2045459,2045458,1198907
3144917,188,2045412,2045411,1198907
3144918,193,2045448,2045447,1198907
3144919,227,2045552,951769,1198907
3144920,237,2045532,2045531,1198907
3144921,242,2045535,2045534,1198907
3144922,250,2045544,2045543,1198907
3144923,57,2045851,2045826,1198931
3144924,255,2045549,2045548,1198907
3144925,262,2045578,2045577,1198907
3144926,271,2045580,951769,1198907
3144927,273,2045583,2045581,1198907
3144928,280,2045589,951769,1198907
3144929,282,2045592,2045590,1198907
3144930,289,2045598,951769,1198907
3144931,291,2045601,2045599,1198907
3144932,321,2045422,2045421,1198907
3144933,326,2045444,2045442,1198907
3144934,332,2045427,2045426,1198907
3144935,337,2045440,2045439,1198907
3144936,343,2045432,2045430,1198907
3144937,348,2045437,2045435,1198907
3144938,360,2045609,2045645,1198907
3144939,362,2045611,2045610,1198907
3144940,365,2045614,2045613,1198907
3144941,369,2045619,2045618,1198907
3144942,382,2045418,2045645,1198907
3144943,393,2045414,2045645,1198907
3144944,17,2045921,2045920,1198951
3144945,20,2045923,2045922,1198951
3144946,7,2045960,2045959,1198958
3144947,12,2045958,2045957,1198958
3144948,18,2045968,2045956,1198958
3144949,39,2045951,951856,1198955
3144950,13,2046009,2046005,1198965
3144951,45,2046024,2046007,1198965
3144952,12,2046041,2046036,1198969
3144953,14,2046040,2046039,1198969
3144954,17,2046043,2046042,1198969
3144955,26,2046078,2046057,1198972
3144956,13,2046124,2046119,1198980
3144957,15,2046123,2046122,1198980
3144958,43,2046081,2046059,1198972
3144959,18,2046126,2046125,1198980
3144960,63,2046085,2046058,1198972
3144961,8,575061,2046184,1279201
3144962,16,575063,2046188,1279201
3144963,11,2046199,2046198,1279202
3144964,8,575068,2046208,1279203
3144965,17,575070,2046213,1279203
3144966,12,2046257,2046256,1198992
3144967,58,2046309,575162,1198992
3144968,67,2046313,575162,1198992
3144969,128,2046299,575196,1198992
3144970,137,2046303,575196,1198992
3144971,198,2046290,575208,1198992
3144972,207,2046294,575208,1198992
3144973,6,575229,2046538,1199029
3144974,277,2046279,575251,1198992
3144975,287,2046282,575251,1198992
3144976,341,2046271,575262,1198992
3144977,351,2046274,575262,1198992
3144978,405,2046263,575272,1198992
3144979,415,2046266,575272,1198992
3144980,506,575302,2046329,1198992
3144981,508,575303,2046330,1198992
3144982,510,575304,2046331,1198992
3144983,512,575305,2046332,1198992
3144984,20,2046595,952064,1199057
3144985,22,2046594,2046593,1199057
3144986,2,2046624,2046623,1279218
3144987,5,2046626,2046625,1279218
3144988,8,2046628,2046627,1279218
3144989,11,2046630,2046629,1279218
3144990,14,2046632,2046631,1279218
3144991,17,2046634,2046633,1279218
3144992,20,2046636,2046635,1279218
3144993,23,2046662,2046661,1279218
3144994,28,2046639,2046638,1279218
3144995,31,2046658,2046657,1279218
3144996,36,2046641,2046640,1279218
3144997,39,2046654,2046653,1279218
3144998,46,2046644,2046643,1279218
3144999,49,2046646,2046645,1279218
3145000,52,2046648,2046647,1279218
3145001,55,2046650,2046649,1279218
3145002,6,2046670,575363,1199079
3145003,4,2046751,2046750,1199141
3145004,30,2046789,2046788,1199150
3145005,37,2046792,2046791,1199150
3145006,52,2046796,2046795,1199150
3145007,11,575470,575463,1199155
3145008,2,2046850,2046849,1279235
3145009,6,2046862,2046861,1279237
3145010,9,2046863,2046858,1279237
3145011,5,2046878,2046877,1199167
3145012,2,575489,2046900,1199175
3145013,13,2046909,2046900,1199175
3145014,22,2046920,2046905,1199171
3145015,68,2046934,2046901,1199171
3145016,29,2046951,2046947,1199178
3145017,14,575523,2046983,1279242
3145018,8,2047041,2047040,1199206
3145019,37,575660,952206,1199206
3145020,8,2047155,2047152,1199228
3145021,14,2047159,2047157,1199228
3145022,18,2047162,2047161,1199228
3145023,8,2047175,2047172,1199230
3145024,14,2047179,2047177,1199230
3145025,18,2047182,2047181,1199230
3145026,40,576087,2047394,1279263
3145027,89,576107,2047381,1279263
3145028,91,576108,2047382,1279263
3145029,126,576157,2047406,1279263
3145030,41,2047526,952371,1279272
3145031,48,2047529,952371,1279272
3145032,40,576369,2047583,1279277
3145033,42,576370,2047584,1279277
3145034,72,576562,2047642,1279280
3145035,74,576563,2047643,1279280
3145036,78,576568,2047644,1279280
3145037,34,576905,2047910,1199467
3145038,147,2047924,576916,1199467
3145039,234,576994,2047910,1199467
3145040,10,2048132,2048131,1199514
3145041,12,2048135,2048133,1199514
3145042,13,577084,2048134,1199514
3145043,77,2048182,2048204,1199526
3145044,80,2048183,2048204,1199526
3145045,83,2048184,2048204,1199526
3145046,2,2048255,2048254,1279329
3145047,9,2048258,2048257,1279329
3145048,18,2048264,2048263,1279329
3145049,27,2048270,2048269,1279329
3145050,71,2048307,2048306,1199534
3145051,27,2048363,2048362,1279331
3145052,30,577353,2048412,1199544
3145053,23,2048467,2048466,1199548
3145054,55,2048450,2048449,1199548
3145055,74,2048462,2048461,1199548
3145056,23,2048503,577427,1279335
3145057,26,2048504,577427,1279335
3145058,29,2048505,577427,1279335
3145059,20,577571,577565,1199557
3145060,33,577692,577683,1199583
3145061,13,2048766,2048765,1199596
3145062,21,2048769,2048768,1199596
3145063,29,2048776,2048775,1199596
3145064,3,578083,578067,1199593
3145065,18,2048799,578067,1199593
3145066,46,2048796,578067,1199593
3145067,48,2048797,578067,1199593
3145068,68,2048805,578048,1199593
3145069,69,577974,578048,1199593
3145070,131,578054,578067,1199593
3145071,10,578131,2049036,1199614
3145072,13,578135,2049038,1199614
3145073,44,2049058,952775,1199614
3145074,46,2049059,952775,1199614
3145075,25,578183,2049083,1199622
3145076,67,578215,2049083,1199622
3145077,14,578219,578242,1199649
3145078,16,578220,578242,1199649
3145079,18,578221,578242,1199649
3145080,20,578222,578242,1199649
3145081,76,578232,2049083,1199622
3145082,6,578301,2049352,1199664
3145083,9,578316,2049352,1199664
3145084,11,578317,2049352,1199664
3145085,14,578324,2049352,1199664
3145086,16,578325,2049352,1199664
3145087,18,578326,2049352,1199664
3145088,21,578338,2049352,1199664
3145089,23,578339,2049352,1199664
3145090,25,578340,2049352,1199664
3145091,27,578341,2049352,1199664
3145092,229,2049247,578321,1199628
3145093,231,2049248,578321,1199628
3145094,233,2049249,578322,1199628
3145095,274,578361,578322,1199628
3145096,281,2049246,578320,1199628
3145097,283,2049310,578319,1199628
3145098,26,2049442,578410,1279380
3145099,31,2049446,578414,1279380
3145100,36,2049450,578416,1279380
3145101,3,2049496,2049493,1199694
3145102,8,2049514,2049513,1199699
3145103,12,2049516,2049515,1199699
3145104,3,2049530,2049527,1199704
3145105,7,2049646,2049645,1199719
3145106,8,2049652,2049646,1199719
3145107,11,2049650,2049649,1199719
3145108,5,578620,2049701,1199728
3145109,6,578621,2049688,1199728
3145110,10,578628,2049701,1199728
3145111,11,578629,2049688,1199728
3145112,13,578630,2049701,1199728
3145113,15,578631,2049688,1199728
3145114,21,2049708,2049688,1199728
3145115,24,2049710,2049688,1199728
3145116,27,2049712,2049688,1199728
3145117,31,578662,2049701,1199728
3145118,32,578663,2049688,1199728
3145119,34,578664,2049701,1199728
3145120,36,578665,2049688,1199728
3145121,42,578689,2049701,1199728
3145122,44,578690,2049688,1199728
3145123,4,2049739,2049738,1199748
3145124,52,2049691,2049688,1199728
3145125,55,2049695,2049688,1199728
3145126,58,2049698,2049688,1199728
3145127,61,2049700,2049688,1199728
3145128,3,2049757,2049755,1199757
3145129,65,578726,2049701,1199728
3145130,66,578727,2049688,1199728
3145131,68,578728,2049701,1199728
3145132,70,578729,2049688,1199728
3145133,3,2049766,2049763,1199761
3145134,76,578774,2049701,1199728
3145135,78,578775,2049688,1199728
3145136,80,578776,2049701,1199728
3145137,82,578777,2049688,1199728
3145138,16,2049810,578824,1199778
3145139,23,2049815,578824,1199778
3145140,3,2049833,2049830,1199781
3145141,5,2049886,2049885,1199793
3145142,6,2049889,2049886,1199793
3145143,10,2049908,2049900,1199809
3145144,11,2049907,2049902,1199809
3145145,12,2049888,2049887,1199793
3145146,11,2049941,2049930,1199837
3145147,13,2049946,579033,1199840
3145148,14,2049945,579049,1199840
3145149,8,2049977,579041,1199848
3145150,16,2049968,579041,1199848
3145151,22,2049973,579041,1199848
3145152,7,2050014,953096,1199860
3145153,11,2050020,953092,1199860
3145154,9,2050038,2050037,1199874
3145155,5,2050070,2050069,1199899
3145156,15,2050076,2050075,1199899
3145157,23,2050081,2050075,1199899
3145158,41,2050080,2050075,1199899
3145159,42,2050079,2050069,1199899
3145160,8,2050124,2050123,1199909
3145161,22,2050136,2050129,1199909
3145162,45,2050131,2050129,1199909
3145163,51,2050133,2050123,1199909
3145164,13,2050167,2050164,1199915
3145165,12,2050185,579222,1199919
3145166,27,2050183,579222,1199919
3145167,36,2050188,579222,1199919
3145168,63,2050179,579222,1199919
3145169,72,2050233,579301,1199923
3145170,82,2050239,579287,1199923
3145171,94,2050236,2050235,1199923
3145172,109,2050232,579287,1199923
3145173,13,579336,2050295,1199937
3145174,16,579337,2050297,1199937
3145175,17,2050318,2050316,1199945
3145176,14,2050352,579400,1199954
3145177,41,2050348,579400,1199954
3145178,16,2050408,2050396,1199967
3145179,38,2050399,2050396,1199967
3145180,84,2050403,2050430,1199967
3145181,5,2050481,2050477,1199991
3145182,15,2050514,579518,1199995
3145183,57,2050510,579518,1199995
3145184,16,2050662,2050647,1200028
3145185,38,2050650,2050647,1200028
3145186,90,2050654,2050693,1200028
3145187,8,579695,2050745,1279444
3145188,6,2050759,579702,1200068
3145189,18,2050757,579702,1200068
3145190,2,2050853,2050851,1200122
3145191,12,579833,2050860,1200125
3145192,17,2050911,2050909,1200153
3145193,3,2051277,2051276,1200309
3145194,10,2051397,2051395,1200341
3145195,7,2051415,953472,1200343
3145196,14,2051416,953472,1200343
3145197,8,2051922,2051921,1200496
3145198,2,2052633,2052632,1200758
3145199,4,2052635,2052632,1200758
3145200,1,2052642,2052640,1200761
3145201,2,2052641,2052640,1200761
3145202,6,581296,2052640,1200761
3145203,51,2052674,581360,1200765
3145204,68,2052681,581360,1200765
3145205,136,2052690,581360,1200765
3145206,148,2052697,581360,1200765
3145207,215,2052657,581354,1200765
3145208,219,2052660,2052659,1200765
3145209,9,2052788,2052785,1200774
3145210,285,2052417,2052406,1200703
3145211,4,2052837,2052836,1200816
3145212,24,2052835,2052834,1200816
3145213,4,2052855,2052854,1200821
3145214,15,2052852,2052851,1200821
3145215,7,2054216,2054211,1201212
3145216,21,2054213,2054211,1201212
3145217,25,2054214,2054211,1201212
3145218,30,582993,2054211,1201212
3145219,34,583007,2054211,1201212
3145220,2,2054690,2054688,1201351
3145221,2,2054706,2054704,1201354
3145222,6,2054708,2054704,1201354
3145223,9,583367,2054745,1201360
3145224,37,583429,583436,1201363
3145225,38,583430,583436,1201363
3145226,55,2054804,583496,1279660
3145227,58,2054805,583496,1279660
3145228,81,2054819,583496,1279660
3145229,85,2054821,583496,1279660
3145230,129,2054807,583506,1279660
3145231,10,2054935,583592,1279661
3145232,13,2054961,583592,1279661
3145233,16,2054962,583592,1279661
3145234,63,2054939,583592,1279661
3145235,76,2055050,583727,1201430
3145236,83,2055040,2055039,1201430
3145237,106,2055032,583727,1201430
3145238,45,2055167,583782,1201446
3145239,56,2055132,583782,1201446
3145240,60,2055153,583782,1201446
3145241,67,2055157,583782,1201446
3145242,19,2055401,2055399,1201547
3145243,1,2055553,2055552,1201601
3145244,3,584153,2055565,1201608
3145245,4,584158,2055567,1201608
3145246,4,584184,2055597,1201620
3145247,1,2055656,2055655,1201651
3145248,3,584238,2055660,1201660
3145249,4,584239,2055662,1201660
3145250,3,584254,2055670,1201666
3145251,1,2055681,584259,1201670
3145252,7,2055683,584259,1201670
3145253,2,584271,2055694,1201676
3145254,4,2055696,2055694,1201676
3145255,7,2055698,584270,1201676
3145256,8,2055697,2055694,1201676
3145257,11,2055701,584270,1201676
3145258,12,2055700,2055694,1201676
3145259,5,2055707,584283,1201679
3145260,8,2055709,584283,1201679
3145261,1,2055755,2055754,1201692
3145262,6,2055758,2055754,1201692
3145263,8,2055759,2055754,1201692
3145264,31,2055739,584301,1201687
3145265,2,2055776,2055773,1201702
3145266,3,2055775,2055774,1201702
3145267,6,2055779,2055773,1201702
3145268,7,2055778,2055774,1201702
3145269,3,2055788,2055786,1201707
3145270,7,2055790,2055786,1201707
3145271,1,2055819,2055818,1201725
3145272,6,2055821,2055818,1201725
3145273,8,2055822,2055818,1201725
3145274,2,2055841,2055838,1201733
3145275,3,2055840,2055839,1201733
3145276,6,2055844,2055838,1201733
3145277,7,2055843,2055839,1201733
3145278,3,2055850,2055848,1201741
3145279,8,2055853,2055848,1201741
3145280,2,2055910,2055906,1201764
3145281,2,584371,2055911,1201767
3145282,2,2055918,2055916,1201770
3145283,4,2055913,584370,1201767
3145284,5,2055912,2055911,1201767
3145285,8,2055915,2055911,1201767
3145286,5,2055928,584391,1201775
3145287,1,584408,2055941,1201783
3145288,2,2055959,2055956,1201789
3145289,3,2055958,2055957,1201789
3145290,3,2055979,2055975,1201794
3145291,1,584447,2056009,1201813
3145292,2,2056074,2056071,1201841
3145293,3,2056073,2056072,1201841
3145294,3,2056087,2056084,1201853
3145295,20,584490,2056147,1201843
3145296,23,584515,2056217,1201916
3145297,9,2056275,2056274,1201937
3145298,4,2056287,2056286,1201944
3145299,4,2056293,2056292,1201946
3145300,23,584616,2056342,1201957
3145301,27,2056344,2056343,1201957
3145302,13,2056373,2056371,1279742
3145303,28,2056369,2056368,1279742
3145304,18,2056374,584642,1201964
3145305,42,2056361,584642,1201964
3145306,19,2056458,2056457,1201989
3145307,23,584745,2056477,1279749
3145308,25,584746,2056476,1279749
3145309,5,2056495,2056494,1201998
3145310,26,2056515,2056514,1202001
3145311,8,2056544,2056543,1202003
3145312,3,2056702,2056698,1202026
3145313,3,2056710,2056706,1202029
3145314,6,2056717,955436,1202032
3145315,7,2056718,955436,1202032
3145316,8,2056719,955436,1202032
3145317,9,2056720,955436,1202032
3145318,70,2056749,584941,1202034
3145319,92,2056747,584941,1202034
3145320,20,585007,2056878,1202059
3145321,22,585199,2057111,1202098
3145322,8,585275,2057212,1279794
3145323,30,2057500,585594,1202197
3145324,32,2057501,585594,1202197
3145325,34,2057558,585668,1202220
3145326,36,2057559,585668,1202220
3145327,15,585696,2057572,1202227
3145328,27,585714,955749,1202227
3145329,34,585734,2057572,1202227
3145330,32,585720,2057639,1202249
3145331,28,2057625,585731,1202242
3145332,30,2057626,585731,1202242
3145333,7,2057669,2057668,1202260
3145334,26,2057674,2057673,1202260
3145335,33,2057678,2057677,1202260
3145336,38,2057681,2057680,1202260
3145337,46,2057686,2057685,1202260
3145338,20,2057717,955782,1279851
3145339,17,2057739,2057738,1279852
3145340,32,2057766,2057765,1279854
3145341,41,2057953,2057952,1279864
3145342,18,2058098,2058097,1279888
3145343,8,586114,955945,1202403
3145344,50,2058206,2058204,1202400
3145345,52,586116,2058205,1202400
3145346,98,2058196,2058194,1202400
3145347,100,586123,2058195,1202400
3145348,8,2058334,955954,1202435
3145349,7,2058359,955965,1202438
3145350,7,2058369,955977,1202440
3145351,8,2058413,2058411,1202458
3145352,23,586401,2058447,1279906
3145353,46,586432,2058441,1279906
3145354,59,2058465,956065,1202463
3145355,21,2058481,2058480,1202465
3145356,22,586674,2058594,1202469
3145357,29,2058600,2058594,1202469
3145358,32,2058602,2058594,1202469
3145359,37,586676,2058594,1202469
3145360,22,2060336,2060250,1202695
3145361,40,2060307,2060250,1202695
3145362,51,588106,2060311,1202695
3145363,59,588107,2060318,1202695
3145364,67,588108,2060327,1202695
3145365,71,588109,2060330,1202695
3145366,124,2060269,2060250,1202695
3145367,130,2060271,2060250,1202695
3145368,137,2060275,2060250,1202695
3145369,147,2060282,2060281,1202695
3145370,155,2060288,2060287,1202695
3145371,163,2060294,2060293,1202695
3145372,170,2060300,2060298,1202695
3145373,187,2060258,2060250,1202695
3145374,196,2060254,2060250,1202695
3145375,201,2060256,2060250,1202695
3145376,12,2060471,2060470,1279983
3145377,20,2060477,2060476,1279983
3145378,39,2060449,2060448,1279983
3145379,50,2060458,2060457,1279983
3145380,58,2060464,2060463,1279983
3145381,10,2061125,588744,1280013
3145382,4,588882,2061283,1202868
3145383,10,589164,956973,1202958
3145384,9,2061511,956979,1202966
3145385,12,2061513,956979,1202966
3145386,16,589358,957109,1202999
3145387,4,2061797,589519,1203059
3145388,56,589609,589598,1203061
3145389,18,2062364,2062362,1203229
3145390,21,2062403,2062398,1280129
3145391,25,2062551,2062550,1203251
3145392,46,2062537,2062535,1203251
3145393,22,2062594,2062592,1203255
3145394,25,2062596,2062595,1203255
3145395,29,2062599,2062598,1203255
3145396,11,2062660,2062659,1203269
3145397,15,2062688,2062687,1280139
3145398,18,2062690,2062689,1280139
3145399,11,2062735,2062732,1203288
3145400,30,2063011,2063015,1280161
3145401,4,2063044,2063043,1203377
3145402,8,2063159,2063155,1203482
3145403,32,2063257,2063256,1203521
3145404,35,2063262,2063260,1203521
3145405,52,2063267,2063263,1203521
3145406,55,2063266,2063265,1203521
3145407,77,590712,2063254,1203521
3145408,18,2063424,957856,1203546
3145409,51,2063678,591008,1203599
3145410,12,591035,2063730,1203625
3145411,13,591100,2063847,1280226
3145412,4,591151,2063865,1203650
3145413,6,2063892,2063891,1280233
3145414,4,2063910,2063908,1203667
3145415,8,2063913,2063908,1203667
3145416,13,2063918,2063908,1203667
3145417,18,2063923,2063908,1203667
3145418,23,2063928,2063908,1203667
3145419,28,2063933,2063908,1203667
3145420,33,2063938,2063908,1203667
3145421,38,2063943,2063908,1203667
3145422,1,591306,2063975,1203680
3145423,2,591308,2063975,1203680
3145424,3,591301,2063975,1203680
3145425,6,2064239,2064238,1203808
3145426,7,2064258,2064257,1203816
3145427,6,2064273,2064272,1203850
3145428,12,2064277,2064276,1203850
3145429,20,2064281,2064279,1203850
3145430,26,2064286,2064284,1203850
3145431,41,591693,591682,1203875
3145432,22,592088,2064962,1204121
3145433,27,2064968,2064966,1204121
3145434,27,2064943,2064946,1204119
3145435,18,2065026,2064983,1204132
3145436,23,2065035,2065006,1204132
3145437,26,2065019,2065018,1204132
3145438,29,2065021,2064983,1204132
3145439,35,2065015,2065014,1204132
3145440,38,2065016,2064983,1204132
3145441,44,2065012,2064983,1204132
3145442,50,2065008,2065007,1204132
3145443,52,2065009,2064983,1204132
3145444,82,2065029,2064983,1204132
3145445,96,2065051,2064988,1204132
3145446,100,2065001,2065000,1204132
3145447,106,2064997,2064996,1204132
3145448,109,2064998,2064983,1204132
3145449,115,2064994,2064983,1204132
3145450,121,2064990,2064989,1204132
3145451,123,2064991,2064983,1204132
3145452,40,2065091,2065090,1280313
3145453,45,2065104,2065103,1280313
3145454,50,2065112,2065108,1280313
3145455,52,2065110,2065109,1280313
3145456,62,2065114,2065113,1280313
3145457,74,2065093,2065092,1280313
3145458,81,592162,2065097,1280313
3145459,86,2065100,2065099,1280313
3145460,91,2065095,2065094,1280313
3145461,121,2065080,2065079,1280313
3145462,125,2065082,2065081,1280313
3145463,24,592276,592225,1204168
3145464,28,592321,2065364,1204154
3145465,14,2065441,2065440,1204177
3145466,17,2065443,2065442,1204177
3145467,19,2065444,2065394,1204177
3145468,34,2065429,2065428,1204177
3145469,38,2065436,2065435,1204177
3145470,42,2065439,2065394,1204177
3145471,46,2065431,2065430,1204177
3145472,52,2065434,2065394,1204177
3145473,69,2065422,2065421,1204177
3145474,72,2065424,2065423,1204177
3145475,93,2065408,2065394,1204177
3145476,99,2065412,2065399,1204177
3145477,104,2065417,2065394,1204177
3145478,119,2065406,2065394,1204177
3145479,126,2065402,2065394,1204177
3145480,50,592360,2065368,1204154
3145481,19,2065568,592475,1204199
3145482,21,2065567,2065566,1204199
3145483,9,2065746,958660,1204322
3145484,17,2065771,958671,1204331
3145485,15,2066086,2066085,1204473
3145486,39,2066094,2066081,1204473
3145487,20,2066144,2066143,1204483
3145488,26,592998,2066146,1204483
3145489,16,2066200,2066198,1204491
3145490,40,2066196,2066195,1204491
3145491,108,2066186,2066185,1204491
3145492,116,2066190,2066189,1204491
3145493,12,2066621,2066613,1280372
3145494,12,2066649,2066636,1280374
3145495,31,2066726,2066704,1280380
3145496,14,2067096,2067095,1280396
3145497,10,593404,2067105,1280398
3145498,43,593724,959216,1204766
3145499,44,2067937,2067936,1204868
3145500,22,2068004,2068002,1204888
3145501,23,2068003,959347,1204888
3145502,29,2068014,2068013,1204888
3145503,37,2068008,2068007,1204888
3145504,15,2068047,2068046,1204918
3145505,16,2068065,959362,1280468
3145506,18,2068091,959374,1204930
3145507,14,2068747,959549,1205071
3145508,17,594331,959549,1205071
3145509,8,595018,959836,1205319
3145510,8,595029,959856,1205333
3145511,21,2069601,959911,1205382
3145512,21,2069637,959922,1205397
3145513,11,2069653,595137,1205402
3145514,13,2069654,595137,1205402
3145515,11,2069668,595145,1205406
3145516,14,2069670,595145,1205406
3145517,4,2069699,959950,1205421
3145518,5,2069698,959950,1205421
3145519,28,595208,959974,1205427
3145520,8,2069800,2069796,1205440
3145521,8,2069810,2069806,1205448
3145522,17,595317,595297,1205450
3145523,18,595318,595297,1205450
3145524,19,595319,595297,1205450
3145525,47,2069769,2069768,1205434
3145526,19,595323,960011,1205442
3145527,19,595369,960032,1205458
3145528,20,595370,960032,1205458
3145529,26,595415,960043,1205455
3145530,10,2069929,2069928,1205467
3145531,29,2070434,2070433,1280659
3145532,32,2070438,2070437,1280659
3145533,39,2070436,2070435,1280659
3145534,31,2070463,595781,1205661
3145535,7,2070524,2070523,1205672
3145536,7,2070535,2070534,1205675
3145537,19,2070576,960470,1205682
3145538,37,2070566,960470,1205682
3145539,10,595855,2070706,1280666
3145540,25,595860,2070705,1280666
3145541,32,2070692,960551,1205718
3145542,40,595862,2070704,1280666
3145543,6,2071061,960762,1280695
3145544,4,2071070,2071068,1205816
3145545,13,2071077,2071068,1205816
3145546,18,2071081,2071068,1205816
3145547,8,596210,2071094,1280697
3145548,11,2071303,596408,1205875
3145549,67,596492,596465,1205889
3145550,7,2071865,2071862,1206002
3145551,13,2071896,2071861,1206002
3145552,16,2071897,2071861,1206002
3145553,12,2071995,2071951,1206016
3145554,15,2071996,2071951,1206016
3145555,25,597277,961301,1280770
3145556,16,2072440,2072437,1206070
3145557,13,2072467,2072465,1206077
3145558,36,2072653,2072652,1280800
3145559,13,2073501,2073500,1206340
3145560,13,2073538,961820,1280874
3145561,42,2073543,2073542,1280874
3145562,18,2073915,2073906,1206505
3145563,13,2073982,2073981,1206540
3145564,34,2073985,598726,1206540
3145565,94,2074032,962161,1206524
3145566,95,2074024,962158,1206524
3145567,107,2074023,962158,1206524
3145568,112,598762,962158,1206524
3145569,117,2074022,962158,1206524
3145570,122,2074015,962158,1206524
3145571,127,598774,962164,1206524
3145572,128,598775,962164,1206524
3145573,132,2074016,962158,1206524
3145574,136,598781,962158,1206524
3145575,145,598785,962166,1206524
3145576,154,598787,962164,1206524
3145577,155,598788,962164,1206524
3145578,161,2074017,962158,1206524
3145579,167,598797,962158,1206524
3145580,169,2074018,962158,1206524
3145581,197,598809,962164,1206524
3145582,198,598810,962164,1206524
3145583,203,2074020,962158,1206524
3145584,230,2074027,962158,1206524
3145585,13,598933,2074093,1206557
3145586,21,2074110,2074108,1280905
3145587,10,2074250,599022,1280908
3145588,26,2074259,599022,1280908
3145589,22,599088,2074345,1206636
3145590,14,2074412,599085,1206650
3145591,17,2074414,599085,1206650
3145592,11,2074484,2074481,1206670
3145593,5,599155,2074530,1280920
3145594,6,2074542,2074541,1280921
3145595,17,2074599,2074595,1206695
3145596,20,2074598,2074597,1206695
3145597,24,2074567,2074566,1206690
3145598,28,2074570,2074569,1206690
3145599,9,2074675,2074671,1206718
3145600,12,2074678,2074671,1206718
3145601,13,599284,599282,1206735
3145602,14,599285,599282,1206735
3145603,17,599287,599282,1206735
3145604,18,599288,599282,1206735
3145605,15,2074749,2074745,1280929
3145606,21,599325,2074745,1280929
3145607,12,2075639,962745,1207032
3145608,11,599928,962761,1207052
3145609,23,2075709,2075672,1207040
3145610,48,2075701,2075672,1207040
3145611,52,2075707,2075672,1207040
3145612,75,599948,2075672,1207040
3145613,82,2075688,2075672,1207040
3145614,86,2075692,2075672,1207040
3145615,61,2075853,2075851,1207092
3145616,63,600006,2075852,1207092
3145617,95,2075848,2075846,1207092
3145618,97,600010,2075847,1207092
3145619,4,2076578,600427,1207273
3145620,18,600592,600597,1207303
3145621,18,2076882,2076878,1207377
3145622,16,2076907,2076906,1207382
3145623,3,2077028,2077027,1207448
3145624,24,601050,963214,1207437
3145625,4,601406,2077334,1207581
3145626,6,601407,2077334,1207581
3145627,8,601408,2077334,1207581
3145628,10,601409,2077334,1207581
3145629,12,601410,2077334,1207581
3145630,14,601411,2077334,1207581
3145631,16,601412,2077334,1207581
3145632,18,601413,2077334,1207581
3145633,4,2077366,2077363,1207602
3145634,7,2077368,2077363,1207602
3145635,10,2077370,2077363,1207602
3145636,13,2077372,2077363,1207602
3145637,16,2077374,2077363,1207602
3145638,19,2077376,2077363,1207602
3145639,22,2077378,2077363,1207602
3145640,25,2077380,2077363,1207602
3145641,3,601534,2077405,1207645
3145642,5,601535,2077405,1207645
3145643,7,601536,2077405,1207645
3145644,9,601537,2077405,1207645
3145645,11,601538,2077405,1207645
3145646,13,601539,2077405,1207645
3145647,15,601540,2077405,1207645
3145648,17,601541,2077405,1207645
3145649,3,601554,2077418,1207650
3145650,5,601555,2077418,1207650
3145651,7,601556,2077418,1207650
3145652,9,601557,2077418,1207650
3145653,11,601558,2077418,1207650
3145654,13,601559,2077418,1207650
3145655,15,601560,2077418,1207650
3145656,17,601561,2077418,1207650
3145657,7,2077535,2077481,1207678
3145658,9,2077536,2077481,1207678
3145659,11,2077537,2077481,1207678
3145660,13,2077538,2077481,1207678
3145661,15,2077539,2077481,1207678
3145662,17,2077540,2077481,1207678
3145663,19,2077541,2077481,1207678
3145664,21,2077542,2077481,1207678
3145665,2,2077568,601717,1207694
3145666,7,2077570,601717,1207694
3145667,9,2077572,601717,1207694
3145668,11,2077574,601717,1207694
3145669,66,2077616,601718,1207694
3145670,132,2077603,601718,1207694
3145671,133,2077602,601718,1207694
3145672,136,2077606,601718,1207694
3145673,137,2077605,601718,1207694
3145674,146,2077599,601718,1207694
3145675,147,2077597,601718,1207694
3145676,152,2077601,601718,1207694
3145677,4,2077709,601786,1207716
3145678,6,2077710,601786,1207716
3145679,9,2077712,601786,1207716
3145680,14,2077721,601784,1207716
3145681,15,2077720,601784,1207716
3145682,24,2077717,601784,1207716
3145683,25,2077716,601784,1207716
3145684,29,2077723,601784,1207716
3145685,30,2077719,601784,1207716
3145686,42,601793,601784,1207716
3145687,43,601794,601788,1207716
3145688,46,601798,601784,1207716
3145689,47,601799,601784,1207716
3145690,48,601800,601788,1207716
3145691,51,601807,601784,1207716
3145692,52,601809,601788,1207716
3145693,58,601829,601786,1207716
3145694,60,601812,601784,1207716
3145695,15,601822,2077765,1207726
3145696,65,601826,601788,1207716
3145697,71,601831,601788,1207716
3145698,78,601834,601788,1207716
3145699,90,2077736,601788,1207716
3145700,91,601850,601788,1207716
3145701,92,2077737,601784,1207716
3145702,93,2077738,601784,1207716
3145703,8,2077858,601887,1207749
3145704,10,2077859,601887,1207749
3145705,13,2077861,601887,1207749
3145706,9,2077886,2077883,1207766
3145707,15,601995,601986,1207785
3145708,17,2077985,601986,1207785
3145709,3,2078044,2078039,1207818
3145710,12,2078041,2078039,1207818
3145711,1,602041,2078050,1207830
3145712,2,602025,2078050,1207830
3145713,3,602027,2078050,1207830
3145714,4,602032,2078050,1207830
3145715,15,2078182,2078178,1207905
3145716,22,2078189,2078178,1207905
3145717,34,2078186,2078178,1207905
3145718,9,2078234,2078233,1207909
3145719,16,2078255,2078254,1207911
3145720,3,2078284,2078283,1207932
3145721,4,2078302,2078301,1207945
3145722,6,2078341,2078338,1207961
3145723,20,2078421,2078420,1207975
3145724,37,2078425,2078424,1207975
3145725,10,2078454,2078453,1208002
3145726,51,602400,602371,1208005
3145727,8,2078631,2078628,1208041
3145728,14,2078635,2078633,1208041
3145729,18,2078638,2078637,1208041
3145730,13,602460,2078619,1208039
3145731,8,2078651,2078648,1208043
3145732,14,2078655,2078653,1208043
3145733,18,2078658,2078657,1208043
3145734,17,2078621,2078620,1208039
3145735,23,2078702,2078700,1208049
3145736,25,602482,2078701,1208049
3145737,41,2078992,963959,1281266
3145738,48,2078995,963959,1281266
3145739,6,2079050,2079045,1208129
3145740,12,2079054,2079045,1208129
3145741,18,2079060,2079045,1208129
3145742,24,2079064,2079045,1208129
3145743,30,2079070,2079045,1208129
3145744,36,2079074,2079045,1208129
3145745,42,2079080,2079045,1208129
3145746,48,2079084,2079045,1208129
3145747,54,2079090,2079045,1208129
3145748,60,2079095,2079045,1208129
3145749,66,2079101,2079045,1208129
3145750,72,2079105,2079045,1208129
3145751,78,2079111,2079045,1208129
3145752,84,2079115,2079045,1208129
3145753,2,2079193,2079191,1208139
3145754,4,2079197,2079191,1208139
3145755,9,2079200,2079191,1208139
3145756,13,2079202,2079191,1208139
3145757,17,2079204,2079191,1208139
3145758,21,2079206,2079191,1208139
3145759,25,2079209,2079191,1208139
3145760,29,2079212,2079191,1208139
3145761,33,2079214,2079191,1208139
3145762,48,602670,2079136,1208135
3145763,13,2080249,2080247,1281303
3145764,11,2080260,2080259,1281304
3145765,7,2080496,2080495,1281306
3145766,55,603314,2080575,1281306
3145767,69,2080562,2080561,1281306
3145768,74,603346,2080570,1281306
3145769,82,603356,2080564,1281306
3145770,4,2080678,2080675,1208367
3145771,5,2080677,2080676,1208367
3145772,7,2080682,2080675,1208367
3145773,8,2080680,2080676,1208367
3145774,10,2080684,2080675,1208367
3145775,11,2080683,2080676,1208367
3145776,14,2080688,2080675,1208367
3145777,15,2080687,2080676,1208367
3145778,17,2080690,2080675,1208367
3145779,18,2080689,2080676,1208367
3145780,21,2080694,2080675,1208367
3145781,22,2080693,2080676,1208367
3145782,25,2080698,2080675,1208367
3145783,26,2080697,2080676,1208367
3145784,28,2080700,2080675,1208367
3145785,29,2080699,2080676,1208367
3145786,32,2080704,2080675,1208367
3145787,33,2080703,2080676,1208367
3145788,36,2080708,2080675,1208367
3145789,37,2080707,2080676,1208367
3145790,40,2080713,2080675,1208367
3145791,41,2080711,2080676,1208367
3145792,43,2080715,2080675,1208367
3145793,44,2080714,2080676,1208367
3145794,47,2080722,2080675,1208367
3145795,48,2080720,2080676,1208367
3145796,51,2080727,2080675,1208367
3145797,52,2080726,2080676,1208367
3145798,55,2080731,2080675,1208367
3145799,56,2080730,2080676,1208367
3145800,59,2080735,2080675,1208367
3145801,60,2080734,2080676,1208367
3145802,62,2080737,2080675,1208367
3145803,63,2080736,2080676,1208367
3145804,66,2080741,2080675,1208367
3145805,67,2080740,2080676,1208367
3145806,70,2080745,2080675,1208367
3145807,71,2080744,2080676,1208367
3145808,74,2080749,2080675,1208367
3145809,75,2080748,2080676,1208367
3145810,78,2080753,2080675,1208367
3145811,79,2080752,2080676,1208367
3145812,82,2080757,2080675,1208367
3145813,83,2080756,2080676,1208367
3145814,85,2080759,2080675,1208367
3145815,86,2080758,2080676,1208367
3145816,89,2080763,2080675,1208367
3145817,90,2080762,2080676,1208367
3145818,93,2080767,2080675,1208367
3145819,94,2080766,2080676,1208367
3145820,97,2080771,2080675,1208367
3145821,98,2080770,2080676,1208367
3145822,101,2080775,2080675,1208367
3145823,102,2080774,2080676,1208367
3145824,105,2080779,2080675,1208367
3145825,106,2080778,2080676,1208367
3145826,109,2080783,2080675,1208367
3145827,110,2080782,2080676,1208367
3145828,112,2080785,2080675,1208367
3145829,113,2080784,2080676,1208367
3145830,116,2080789,2080675,1208367
3145831,117,2080788,2080676,1208367
3145832,120,2080793,2080675,1208367
3145833,121,2080792,2080676,1208367
3145834,124,2080797,2080675,1208367
3145835,125,2080796,2080676,1208367
3145836,128,2080801,2080675,1208367
3145837,129,2080800,2080676,1208367
3145838,132,2080806,2080675,1208367
3145839,133,2080805,2080676,1208367
3145840,136,2080813,2080675,1208367
3145841,137,2080812,2080676,1208367
3145842,140,2080821,2080675,1208367
3145843,141,2080820,2080676,1208367
3145844,143,2080823,2080675,1208367
3145845,144,2080822,2080676,1208367
3145846,147,2080828,2080675,1208367
3145847,148,2080826,2080676,1208367
3145848,151,2080832,2080675,1208367
3145849,152,2080831,2080676,1208367
3145850,155,2080836,2080675,1208367
3145851,156,2080835,2080676,1208367
3145852,159,2080843,2080675,1208367
3145853,160,2080841,2080676,1208367
3145854,163,2080847,2080675,1208367
3145855,164,2080846,2080676,1208367
3145856,167,2080854,2080675,1208367
3145857,168,2080852,2080676,1208367
3145858,171,2080859,2080675,1208367
3145859,172,2080858,2080676,1208367
3145860,175,2080863,2080675,1208367
3145861,176,2080862,2080676,1208367
3145862,178,2080865,2080675,1208367
3145863,179,2080864,2080676,1208367
3145864,182,2080869,2080675,1208367
3145865,183,2080868,2080676,1208367
3145866,186,2080873,2080675,1208367
3145867,187,2080872,2080676,1208367
3145868,190,2080877,2080675,1208367
3145869,191,2080876,2080676,1208367
3145870,194,2080882,2080675,1208367
3145871,195,2080881,2080676,1208367
3145872,198,2080886,2080675,1208367
3145873,199,2080885,2080676,1208367
3145874,202,2080890,2080675,1208367
3145875,203,2080889,2080676,1208367
3145876,206,2080894,2080675,1208367
3145877,207,2080893,2080676,1208367
3145878,210,2080898,2080675,1208367
3145879,211,2080897,2080676,1208367
3145880,214,2080902,2080675,1208367
3145881,215,2080901,2080676,1208367
3145882,217,2080904,2080675,1208367
3145883,218,2080903,2080676,1208367
3145884,221,2080908,2080675,1208367
3145885,222,2080907,2080676,1208367
3145886,225,2080912,2080675,1208367
3145887,226,2080911,2080676,1208367
3145888,229,2080916,2080675,1208367
3145889,230,2080915,2080676,1208367
3145890,233,2080920,2080675,1208367
3145891,234,2080919,2080676,1208367
3145892,237,2080924,2080675,1208367
3145893,238,2080923,2080676,1208367
3145894,241,2080928,2080675,1208367
3145895,242,2080927,2080676,1208367
3145896,245,2080932,2080675,1208367
3145897,246,2080931,2080676,1208367
3145898,249,2080936,2080675,1208367
3145899,250,2080935,2080676,1208367
3145900,252,2080938,2080675,1208367
3145901,253,2080937,2080676,1208367
3145902,256,2080942,2080675,1208367
3145903,257,2080941,2080676,1208367
3145904,260,2080946,2080675,1208367
3145905,261,2080945,2080676,1208367
3145906,264,2080950,2080675,1208367
3145907,265,2080949,2080676,1208367
3145908,268,2080954,2080675,1208367
3145909,269,2080953,2080676,1208367
3145910,272,2080959,2080675,1208367
3145911,273,2080958,2080676,1208367
3145912,276,2080963,2080675,1208367
3145913,277,2080962,2080676,1208367
3145914,280,2080967,2080675,1208367
3145915,281,2080966,2080676,1208367
3145916,283,2080969,2080675,1208367
3145917,284,2080968,2080676,1208367
3145918,287,2080973,2080675,1208367
3145919,288,2080972,2080676,1208367
3145920,291,2080977,2080675,1208367
3145921,292,2080976,2080676,1208367
3145922,295,2080981,2080675,1208367
3145923,296,2080980,2080676,1208367
3145924,299,2080985,2080675,1208367
3145925,300,2080984,2080676,1208367
3145926,303,2080989,2080675,1208367
3145927,304,2080988,2080676,1208367
3145928,307,2080994,2080675,1208367
3145929,308,2080993,2080676,1208367
3145930,310,2080996,2080675,1208367
3145931,311,2080995,2080676,1208367
3145932,314,2081000,2080675,1208367
3145933,315,2080999,2080676,1208367
3145934,318,2081004,2080675,1208367
3145935,319,2081003,2080676,1208367
3145936,322,2081008,2080675,1208367
3145937,323,2081007,2080676,1208367
3145938,326,2081013,2080675,1208367
3145939,327,2081011,2080676,1208367
3145940,330,2081017,2080675,1208367
3145941,331,2081016,2080676,1208367
3145942,333,2081019,2080675,1208367
3145943,334,2081018,2080676,1208367
3145944,337,2081023,2080675,1208367
3145945,338,2081022,2080676,1208367
3145946,341,2081027,2080675,1208367
3145947,342,2081026,2080676,1208367
3145948,345,2081031,2080675,1208367
3145949,346,2081030,2080676,1208367
3145950,349,2081036,2080675,1208367
3145951,350,2081035,2080676,1208367
3145952,352,2081038,2080675,1208367
3145953,353,2081037,2080676,1208367
3145954,356,2081042,2080675,1208367
3145955,357,2081041,2080676,1208367
3145956,360,2081046,2080675,1208367
3145957,361,2081045,2080676,1208367
3145958,364,2081050,2080675,1208367
3145959,365,2081049,2080676,1208367
3145960,367,2081052,2080675,1208367
3145961,368,2081051,2080676,1208367
3145962,371,2081056,2080675,1208367
3145963,372,2081055,2080676,1208367
3145964,375,2081060,2080675,1208367
3145965,376,2081059,2080676,1208367
3145966,378,2081062,2080675,1208367
3145967,379,2081061,2080676,1208367
3145968,382,2081066,2080675,1208367
3145969,383,2081065,2080676,1208367
3145970,184,2080530,2080529,1281306
3145971,189,603482,2080534,1281306
3145972,2,603491,603490,1208390
3145973,3,603492,603490,1208390
3145974,4,603493,603490,1208390
3145975,5,603494,603490,1208390
3145976,6,603495,603490,1208390
3145977,7,603496,603490,1208390
3145978,8,603497,603490,1208390
3145979,9,603498,603490,1208390
3145980,10,603499,603490,1208390
3145981,11,603500,603490,1208390
3145982,197,603515,2080531,1281306
3145983,10,603530,2081087,1208392
3145984,264,603576,2080512,1281306
3145985,3,2081107,2081105,1208394
3145986,4,2081106,2081105,1208394
3145987,6,2081109,2081105,1208394
3145988,7,2081108,2081105,1208394
3145989,10,2081112,2081105,1208394
3145990,11,2081111,2081105,1208394
3145991,14,2081115,2081105,1208394
3145992,15,2081114,2081105,1208394
3145993,18,2081119,2081105,1208394
3145994,19,2081118,2081105,1208394
3145995,21,2081121,2081105,1208394
3145996,22,2081120,2081105,1208394
3145997,26,2081126,2081105,1208394
3145998,27,2081125,2081105,1208394
3145999,29,2081128,2081105,1208394
3146000,30,2081127,2081105,1208394
3146001,34,2081133,2081105,1208394
3146002,35,2081132,2081105,1208394
3146003,38,2081137,2081105,1208394
3146004,39,2081136,2081105,1208394
3146005,41,2081139,2081105,1208394
3146006,42,2081138,2081105,1208394
3146007,45,2081143,2081105,1208394
3146008,46,2081142,2081105,1208394
3146009,50,2081148,2081105,1208394
3146010,51,2081147,2081105,1208394
3146011,53,2081150,2081105,1208394
3146012,54,2081149,2081105,1208394
3146013,57,2081154,2081105,1208394
3146014,58,2081153,2081105,1208394
3146015,62,2081159,2081105,1208394
3146016,63,2081158,2081105,1208394
3146017,66,2081163,2081105,1208394
3146018,67,2081162,2081105,1208394
3146019,69,2081165,2081105,1208394
3146020,70,2081164,2081105,1208394
3146021,73,2081169,2081105,1208394
3146022,74,2081168,2081105,1208394
3146023,77,2081173,2081105,1208394
3146024,78,2081172,2081105,1208394
3146025,82,2081178,2081105,1208394
3146026,83,2081177,2081105,1208394
3146027,85,2081180,2081105,1208394
3146028,86,2081179,2081105,1208394
3146029,89,2081184,2081105,1208394
3146030,90,2081183,2081105,1208394
3146031,93,2081188,2081105,1208394
3146032,94,2081187,2081105,1208394
3146033,98,2081193,2081105,1208394
3146034,99,2081192,2081105,1208394
3146035,102,2081197,2081105,1208394
3146036,103,2081196,2081105,1208394
3146037,105,2081199,2081105,1208394
3146038,106,2081198,2081105,1208394
3146039,109,2081203,2081105,1208394
3146040,110,2081202,2081105,1208394
3146041,113,2081207,2081105,1208394
3146042,114,2081206,2081105,1208394
3146043,117,2081211,2081105,1208394
3146044,118,2081210,2081105,1208394
3146045,122,2081216,2081105,1208394
3146046,123,2081215,2081105,1208394
3146047,125,2081218,2081105,1208394
3146048,126,2081217,2081105,1208394
3146049,129,2081222,2081105,1208394
3146050,130,2081221,2081105,1208394
3146051,133,2081226,2081105,1208394
3146052,134,2081225,2081105,1208394
3146053,138,2081231,2081105,1208394
3146054,139,2081230,2081105,1208394
3146055,142,2081235,2081105,1208394
3146056,143,2081234,2081105,1208394
3146057,145,2081237,2081105,1208394
3146058,146,2081236,2081105,1208394
3146059,149,2081241,2081105,1208394
3146060,150,2081240,2081105,1208394
3146061,153,2081245,2081105,1208394
3146062,154,2081244,2081105,1208394
3146063,158,2081250,2081105,1208394
3146064,159,2081249,2081105,1208394
3146065,161,2081252,2081105,1208394
3146066,162,2081251,2081105,1208394
3146067,165,2081256,2081105,1208394
3146068,166,2081255,2081105,1208394
3146069,170,2081261,2081105,1208394
3146070,171,2081260,2081105,1208394
3146071,174,2081265,2081105,1208394
3146072,175,2081264,2081105,1208394
3146073,177,2081267,2081105,1208394
3146074,178,2081266,2081105,1208394
3146075,181,2081271,2081105,1208394
3146076,182,2081270,2081105,1208394
3146077,186,2081276,2081105,1208394
3146078,187,2081275,2081105,1208394
3146079,189,2081278,2081105,1208394
3146080,190,2081277,2081105,1208394
3146081,194,2081283,2081105,1208394
3146082,195,2081282,2081105,1208394
3146083,279,603604,2080506,1281306
3146084,198,2081287,2081105,1208394
3146085,199,2081286,2081105,1208394
3146086,201,2081289,2081105,1208394
3146087,202,2081288,2081105,1208394
3146088,206,2081294,2081105,1208394
3146089,207,2081293,2081105,1208394
3146090,210,2081297,2081105,1208394
3146091,211,2081296,2081105,1208394
3146092,214,2081301,2081105,1208394
3146093,215,2081300,2081105,1208394
3146094,218,2081304,2081105,1208394
3146095,219,2081303,2081105,1208394
3146096,287,603637,2080508,1281306
3146097,301,2080499,2080498,1281306
3146098,306,603654,2080503,1281306
3146099,314,603670,2080500,1281306
3146100,21,2081606,2081573,1208491
3146101,59,2081595,2081614,1208491
3146102,89,2081584,603806,1208491
3146103,143,603815,2081576,1208491
3146104,146,603820,2081578,1208491
3146105,5,2081698,2081691,1208532
3146106,149,2081580,2081579,1208491
3146107,15,2081695,2081694,1208532
3146108,10,2081728,2081727,1281347
3146109,10,2081865,2081864,1281353
3146110,12,2081934,2081933,1281359
3146111,15,2081936,2081925,1281359
3146112,32,2081930,2081925,1281359
3146113,34,2081931,2081925,1281359
3146114,3,2081971,2081970,1208573
3146115,4,2081995,2081994,1208575
3146116,9,2082028,2082024,1208578
3146117,20,603920,2082024,1208578
3146118,8,2082067,2082065,1208580
3146119,16,2082080,2082072,1208580
3146120,26,2082107,2082106,1208580
3146121,31,2082113,2082112,1208580
3146122,36,2082110,2082109,1208580
3146123,41,2082104,2082103,1208580
3146124,46,2082100,2082099,1208580
3146125,51,2082089,2082088,1208580
3146126,56,2082097,2082094,1208580
3146127,9,2081974,603952,1208523
3146128,12,2081976,603952,1208523
3146129,15,2081979,603952,1208523
3146130,18,2081982,603952,1208523
3146131,21,2081985,603952,1208523
3146132,9,603962,2082144,1208584
3146133,85,2082118,2082117,1208580
3146134,9,603977,2082151,1208586
3146135,9,2082172,2082171,1208593
3146136,20,604002,2082201,1208593
3146137,31,2082199,2082198,1208593
3146138,45,2082176,2082175,1208593
3146139,47,2082177,2082176,1208593
3146140,53,2082192,2082191,1208593
3146141,57,2082196,2082195,1208593
3146142,61,2082194,2082193,1208593
3146143,65,2082190,2082189,1208593
3146144,69,2082188,2082187,1208593
3146145,73,2082179,2082178,1208593
3146146,77,2082185,2082184,1208593
3146147,92,2082181,2082180,1208593
3146148,99,2082183,2082182,1208593
3146149,108,2082208,2082207,1208593
3146150,110,2082209,2082208,1208593
3146151,14,2082571,2082570,1281392
3146152,34,2082565,2082564,1281392
3146153,22,604234,964580,1208733
3146154,28,604239,964580,1208733
3146155,35,604241,964580,1208733
3146156,8,2082466,604263,1208654
3146157,11,2082469,604263,1208654
3146158,14,2082472,604263,1208654
3146159,17,2082475,604263,1208654
3146160,20,2082478,604263,1208654
3146161,41,604248,964580,1208733
3146162,48,604250,964580,1208733
3146163,54,604269,964580,1208733
3146164,8,2082683,2082682,1208741
3146165,59,2082600,964580,1208733
3146166,6,2082690,2082689,1208743
3146167,81,2082609,964580,1208733
3146168,88,2082590,964580,1208733
3146169,108,2082585,964580,1208733
3146170,113,2082586,964580,1208733
3146171,121,2082628,964580,1208733
3146172,125,2082588,964580,1208733
3146173,151,2082633,964580,1208733
3146174,159,604436,964580,1208733
3146175,8,2082989,2082988,1281422
3146176,12,2082992,2082991,1281422
3146177,16,2082995,2082994,1281422
3146178,19,2082997,2082996,1281422
3146179,10,2083043,2083042,1281426
3146180,8,2083067,2083066,1281424
3146181,19,2083071,2083070,1281424
3146182,25,2083075,2083074,1281424
3146183,18,604620,2083116,1208820
3146184,20,2083118,2083117,1208820
3146185,23,2083120,2083119,1208820
3146186,27,2083126,2083125,1208820
3146187,30,2083123,2083122,1208820
3146188,35,2083128,2083127,1208820
3146189,42,2083131,2083130,1208820
3146190,45,2083223,2083222,1208820
3146191,49,2083212,2083211,1208820
3146192,50,2083213,2083220,1208820
3146193,56,2083217,2083216,1208820
3146194,61,2083134,2083132,1208820
3146195,69,2083136,2083135,1208820
3146196,71,2083139,2083137,1208820
3146197,75,2083203,2083202,1208820
3146198,76,2083204,2083220,1208820
3146199,82,2083208,2083207,1208820
3146200,87,2083141,2083140,1208820
3146201,96,2083145,2083143,1208820
3146202,100,2083200,2083199,1208820
3146203,105,2083147,2083146,1208820
3146204,108,2083198,2083197,1208820
3146205,111,2083149,2083148,1208820
3146206,112,2083150,2083220,1208820
3146207,117,2083186,2083185,1208820
3146208,118,2083226,2083220,1208820
3146209,123,2083192,2083190,1208820
3146210,129,2083194,2083193,1208820
3146211,134,2083188,2083187,1208820
3146212,141,2083229,2083228,1208820
3146213,156,2083155,2083153,1208820
3146214,160,2083157,2083156,1208820
3146215,161,2083158,2083220,1208820
3146216,169,2083169,2083168,1208820
3146217,170,2083170,2083220,1208820
3146218,182,2083172,2083171,1208820
3146219,186,2083176,2083174,1208820
3146220,197,2083180,2083179,1208820
3146221,3,2083380,2083379,1208857
3146222,233,2083234,2083233,1208820
3146223,6,2083382,2083379,1208857
3146224,9,2083384,2083379,1208857
3146225,12,2083388,2083379,1208857
3146226,237,2083163,2083162,1208820
3146227,17,2083391,2083379,1208857
3146228,20,2083393,2083379,1208857
3146229,243,2083165,2083164,1208820
3146230,3,2083422,2083421,1208866
3146231,5,2083423,2083421,1208866
3146232,7,2083424,2083421,1208866
3146233,9,2083425,2083421,1208866
3146234,13,2083427,2083421,1208866
3146235,15,2083428,2083421,1208866
3146236,17,2083457,2083456,1208882
3146237,21,2083460,2083459,1208882
3146238,24,2083472,2083471,1208882
3146239,33,2083469,2083468,1208882
3146240,40,2083462,2083461,1208882
3146241,44,2083464,2083463,1208882
3146242,24,2083535,2083534,1281433
3146243,32,2083542,2083541,1281433
3146244,36,2083543,2083536,1281433
3146245,47,2083540,2083538,1281433
3146246,13,2084241,2084234,1281456
3146247,13,2084281,2084274,1281458
3146248,13,2085193,2085192,1209036
3146249,16,2085195,2085192,1209036
3146250,20,2085441,2085439,1209085
3146251,25,2085497,2085442,1209085
3146252,7,2085750,965168,1209127
3146253,46,2085562,605388,1209108
3146254,49,2085563,605388,1209108
3146255,89,2085575,605388,1209108
3146256,92,2085576,605388,1209108
3146257,7,2085758,965176,1209129
3146258,128,2085585,605388,1209108
3146259,132,2085586,605388,1209108
3146260,163,2085594,605388,1209108
3146261,167,2085595,605388,1209108
3146262,197,2085601,605388,1209108
3146263,205,2085606,605388,1209108
3146264,230,2085611,605388,1209108
3146265,237,2085615,605388,1209108
3146266,261,2085619,605388,1209108
3146267,268,2085623,605388,1209108
3146268,7,2085771,965184,1209134
3146269,7,2085792,965201,1209150
3146270,7,2085805,965204,1209156
3146271,46,2085876,605461,1209140
3146272,48,2085878,605461,1209140
3146273,85,2085894,605461,1209140
3146274,87,2085896,605461,1209140
3146275,16,605474,2085970,1209162
3146276,120,2085913,605461,1209140
3146277,123,2085827,605461,1209140
3146278,151,2085928,605461,1209140
3146279,154,2085832,605461,1209140
3146280,181,2085835,605461,1209140
3146281,187,2085838,605461,1209140
3146282,210,2085841,605461,1209140
3146283,215,2085843,605461,1209140
3146284,237,2085845,605461,1209140
3146285,242,2085847,605461,1209140
3146286,16,605514,2085999,1209189
3146287,34,2086039,2086038,1209179
3146288,37,2086040,2086038,1209179
3146289,75,2086050,2086038,1209179
3146290,78,2086051,2086038,1209179
3146291,112,2086058,2086038,1209179
3146292,8,605547,2086230,1209209
3146293,116,2086059,2086038,1209179
3146294,145,2086065,2086038,1209179
3146295,149,2086066,2086038,1209179
3146296,177,2086070,2086038,1209179
3146297,184,2086075,2086038,1209179
3146298,208,2086080,2086038,1209179
3146299,214,2086083,2086038,1209179
3146300,237,2086087,2086038,1209179
3146301,243,2086090,2086038,1209179
3146302,10,605556,2086243,1209212
3146303,264,2086093,2086038,1209179
3146304,269,2086095,2086038,1209179
3146305,34,2086364,2086279,1209225
3146306,36,2086366,2086279,1209225
3146307,75,2086382,2086279,1209225
3146308,77,2086384,2086279,1209225
3146309,10,605589,2086473,1209243
3146310,112,2086399,2086279,1209225
3146311,115,2086302,2086279,1209225
3146312,145,2086413,2086279,1209225
3146313,148,2086309,2086279,1209225
3146314,177,2086314,2086279,1209225
3146315,184,2086318,2086279,1209225
3146316,208,2086322,2086279,1209225
3146317,214,2086325,2086279,1209225
3146318,237,2086328,2086279,1209225
3146319,243,2086331,2086279,1209225
3146320,264,2086334,2086279,1209225
3146321,269,2086336,2086279,1209225
3146322,10,2086497,2086495,1209245
3146323,59,2086741,605729,1209271
3146324,62,2086742,605729,1209271
3146325,113,2086849,605729,1209271
3146326,115,2086851,605729,1209271
3146327,8,605797,2086998,1281514
3146328,159,2086765,605729,1209271
3146329,163,2086766,605729,1209271
3146330,199,2086884,605729,1209271
3146331,202,2086772,605729,1209271
3146332,238,2086777,605729,1209271
3146333,244,2086781,605729,1209271
3146334,276,2086788,605729,1209271
3146335,281,2086790,605729,1209271
3146336,303,2086792,605729,1209271
3146337,308,2086794,605729,1209271
3146338,42,2087079,605922,1209312
3146339,44,2087043,605922,1209312
3146340,75,2087093,605922,1209312
3146341,78,2087050,605922,1209312
3146342,103,2087053,605922,1209312
3146343,108,2087055,605922,1209312
3146344,13,2087492,2087491,1209400
3146345,13,2087512,2087511,1209404
3146346,52,2088032,606717,1209604
3146347,48,2088074,606758,1209613
3146348,50,2088076,606758,1209613
3146349,58,2088075,606758,1209613
3146350,15,2088123,965715,1209631
3146351,217,2088408,607154,1209646
3146352,229,2088409,607154,1209646
3146353,238,607161,607154,1209646
3146354,312,2088413,607199,1209646
3146355,315,2088414,607199,1209646
3146356,342,2088415,607215,1209646
3146357,14,607341,965946,1209780
3146358,3,2088990,2088989,1209893
3146359,3,2089002,2089001,1209895
3146360,25,2089290,608002,1209984
3146361,29,608064,2089408,1209999
3146362,31,608065,2089409,1209999
3146363,34,608071,2089411,1209999
3146364,36,608072,2089412,1209999
3146365,39,608078,2089413,1209999
3146366,41,608079,2089414,1209999
3146367,44,608083,2089417,1209999
3146368,46,608084,2089418,1209999
3146369,78,608112,2089373,1209999
3146370,80,608109,2089374,1209999
3146371,82,608106,2089376,1209999
3146372,84,608107,2089377,1209999
3146373,89,608123,2089379,1209999
3146374,91,608120,2089380,1209999
3146375,93,608115,2089381,1209999
3146376,95,608116,2089382,1209999
3146377,100,608140,2089383,1209999
3146378,102,608137,2089384,1209999
3146379,104,608130,2089385,1209999
3146380,106,608133,2089386,1209999
3146381,111,608151,2089387,1209999
3146382,113,608148,2089388,1209999
3146383,115,608145,2089389,1209999
3146384,117,608146,2089390,1209999
3146385,28,2089550,2089538,1281712
3146386,26,2089576,2089568,1281714
3146387,65,2089686,608328,1281710
3146388,71,2089701,608328,1281710
3146389,75,2089702,608328,1281710
3146390,81,2089704,608328,1281710
3146391,88,2089708,608328,1281710
3146392,129,608341,2089696,1281710
3146393,3,2089831,2089830,1210086
3146394,4,2089837,2089836,1210088
3146395,4,2089844,2089843,1210090
3146396,4,2089867,2089866,1210094
3146397,11,2089872,2089871,1210094
3146398,12,2089901,2089886,1210096
3146399,26,2089889,2089888,1210096
3146400,33,2089894,2089893,1210096
3146401,45,2089900,608385,1210096
3146402,49,2089899,2089898,1210096
3146403,18,2090076,2090075,1210138
3146404,23,2090080,2090079,1210138
3146405,25,2090082,2090081,1210138
3146406,31,2090086,2090085,1210138
3146407,57,608638,966409,1281732
3146408,12,2090614,609151,1210300
3146409,13,2090613,609151,1210300
3146410,16,2090617,609151,1210300
3146411,17,2090616,609151,1210300
3146412,20,2090620,609151,1210300
3146413,21,2090619,609151,1210300
3146414,25,2090623,609151,1210300
3146415,26,2090622,609151,1210300
3146416,36,2090627,609151,1210300
3146417,37,2090626,609151,1210300
3146418,41,2090660,609151,1210300
3146419,42,2090659,609151,1210300
3146420,47,2090630,609151,1210300
3146421,48,2090629,609151,1210300
3146422,52,2090666,609151,1210300
3146423,53,2090658,609151,1210300
3146424,59,2090632,609151,1210300
3146425,62,2090634,609151,1210300
3146426,65,2090636,609151,1210300
3146427,68,2090639,609151,1210300
3146428,72,609156,609161,1210300
3146429,73,609157,609161,1210300
3146430,74,2090642,609161,1210300
3146431,75,2090641,609161,1210300
3146432,77,2090644,609161,1210300
3146433,78,2090643,609161,1210300
3146434,83,2090646,609161,1210300
3146435,84,2090645,609161,1210300
3146436,86,2090648,609161,1210300
3146437,87,2090647,609161,1210300
3146438,93,609171,609161,1210300
3146439,94,609172,609161,1210300
3146440,95,2090655,609161,1210300
3146441,96,2090654,609161,1210300
3146442,98,2090657,609161,1210300
3146443,99,2090656,609161,1210300
3146444,106,609178,609161,1210300
3146445,107,609179,609161,1210300
3146446,108,2090651,609161,1210300
3146447,109,2090650,609161,1210300
3146448,111,2090653,609161,1210300
3146449,112,2090652,609161,1210300
3146450,4,2090687,2090686,1281781
3146451,9,609192,609186,1210324
3146452,10,609193,609186,1210324
3146453,11,2090716,609186,1210324
3146454,12,2090715,609186,1210324
3146455,14,2090720,609186,1210324
3146456,15,2090718,609186,1210324
3146457,19,2090726,609186,1210324
3146458,20,2090725,609186,1210324
3146459,22,2090729,609186,1210324
3146460,23,2090728,609186,1210324
3146461,29,609200,609186,1210324
3146462,30,609201,609186,1210324
3146463,31,609202,609186,1210324
3146464,32,609203,609186,1210324
3146465,13,609286,609274,1210334
3146466,14,609287,609274,1210334
3146467,15,2090753,609274,1210334
3146468,17,2090754,609274,1210334
3146469,13,2090918,2090916,1210402
3146470,14,2090955,2090953,1210410
3146471,13,609483,2090977,1210413
3146472,14,609482,2090977,1210413
3146473,10,2090998,2090997,1281815
3146474,13,2091000,2090999,1281815
3146475,10,2091057,2091056,1281821
3146476,13,2091059,2091058,1281821
3146477,8,2091071,2091070,1210426
3146478,11,2091073,2091072,1210426
3146479,12,2091085,2091084,1210428
3146480,15,2091087,2091086,1210428
3146481,8,2091103,2091101,1281822
3146482,41,609767,609776,1281835
3146483,53,609768,609776,1281835
3146484,71,609770,609776,1281835
3146485,83,609771,609776,1281835
3146486,8,609773,966854,1281838
3146487,130,609792,609776,1281835
3146488,131,609793,609776,1281835
3146489,9,2091360,2091356,1210499
3146490,7,2091570,966977,1210535
3146491,3,610295,2091939,1281908
3146492,10,2092255,2092254,1210655
3146493,10,2092270,2092269,1210657
3146494,10,2092802,967445,1210762
3146495,39,611015,967502,1210775
3146496,130,611253,967625,1210800
3146497,34,2093274,2093231,1210872
3146498,41,2093240,2093227,1210872
3146499,50,2093242,2093227,1210872
3146500,80,2093287,2093233,1210872
3146501,82,2093252,2093233,1210872
3146502,85,2093235,2093227,1210872
3146503,94,2093237,2093227,1210872
3146504,85,2093316,2093315,1210817
3146505,4,2093463,2093462,1281973
3146506,5,2093481,2093480,1210921
3146507,104,611833,967924,1210909
3146508,106,2093699,2093697,1210915
3146509,113,2093471,2093482,1210909
3146510,114,2093470,2093482,1210909
3146511,135,2093468,2093482,1210909
3146512,137,2093469,2093482,1210909
3146513,153,612034,967924,1210909
3146514,194,612160,968088,1210909
3146515,207,612173,968088,1210909
3146516,8,2094170,2094169,1211021
3146517,11,2094172,2094169,1211021
3146518,8,2094181,2094180,1211027
3146519,8,2094189,2094186,1211029
3146520,11,2094191,2094186,1211029
3146521,9,2094200,2094199,1211031
3146522,12,2094203,2094199,1211031
3146523,11,2094222,2094217,1211034
3146524,15,2094219,2094217,1211034
3146525,25,612358,2094230,1211037
3146526,28,2094234,2094230,1211037
3146527,37,2094236,2094232,1211037
3146528,8,2094260,2094259,1211044
3146529,17,2094266,2094259,1211044
3146530,9,2094282,2094281,1211046
3146531,12,2094286,2094281,1211046
3146532,9,612432,2094317,1211049
3146533,20,2094320,2094317,1211049
3146534,19,612444,2094346,1211051
3146535,22,612445,2094346,1211051
3146536,10,612478,2094422,1282015
3146537,62,2094397,968299,1282013
3146538,66,2094398,968299,1282013
3146539,70,2094399,968299,1282013
3146540,80,612480,968299,1282013
3146541,15,612490,2094422,1282015
3146542,11,612560,2094587,1211069
3146543,28,612558,968355,1282019
3146544,16,612572,2094587,1211069
3146545,49,2094564,2094553,1211060
3146546,81,2094541,2094534,1211060
3146547,102,2094545,2094544,1211060
3146548,3,2094621,2094620,1211075
3146549,40,2094651,2094650,1211077
3146550,42,2094654,2094653,1211077
3146551,9,2094662,2094660,1211081
3146552,10,612622,2094749,1211092
3146553,14,612632,2094749,1211092
3146554,76,2094712,2094711,1211086
3146555,78,2094715,2094714,1211086
3146556,10,612644,2094778,1211101
3146557,15,612660,2094778,1211101
3146558,38,2094808,2094807,1211094
3146559,90,2094814,2094813,1211094
3146560,11,612699,968442,1211117
3146561,10,2094877,2094876,1211113
3146562,13,2094880,2094876,1211113
3146563,75,2094924,2094923,1211119
3146564,77,2094927,2094926,1211119
3146565,11,612731,968457,1211131
3146566,34,2095004,2095003,1211133
3146567,36,2095005,2094990,1211133
3146568,14,612746,2095033,1211140
3146569,23,2095068,2095063,1211151
3146570,36,2095151,2095150,1211163
3146571,89,2095145,2095144,1211163
3146572,93,2095147,612837,1211163
3146573,32,2095246,2095245,1211178
3146574,83,2095252,612867,1211178
3146575,34,2095347,2095346,1211189
3146576,84,2095351,612892,1211189
3146577,128,2095341,2095340,1211189
3146578,132,2095343,612892,1211189
3146579,10,2095425,968556,1211204
3146580,14,613008,2095550,1211238
3146581,32,613010,2095596,1211240
3146582,21,2095692,2095691,1282067
3146583,25,613061,2095693,1282067
3146584,124,2095569,2095567,1282057
3146585,131,2095682,2095680,1282067
3146586,136,613424,2095686,1282067
3146587,143,2095684,2095683,1282067
3146588,5,613468,2095927,1282084
3146589,15,2095950,2095949,1211274
3146590,21,613479,2095951,1211274
3146591,25,613481,2095952,1211274
3146592,45,2095940,968669,1211274
3146593,54,613490,2095946,1211274
3146594,58,613492,2095948,1211274
3146595,63,2095942,2095941,1211274
3146596,69,613496,2095943,1211274
3146597,73,613498,2095944,1211274
3146598,61,2096002,2096001,1282087
3146599,66,2096006,2096005,1282087
3146600,107,2095989,2095988,1282087
3146601,116,2095993,2095992,1282087
3146602,123,2095997,2095996,1282087
3146603,6,2096096,2096094,1211286
3146604,4,2096119,613585,1211288
3146605,27,2096137,2096136,1211288
3146606,28,2096173,2096137,1211288
3146607,33,2096158,2096138,1211288
3146608,36,2096149,2096148,1211288
3146609,41,2096151,2096150,1211288
3146610,13,613560,2096207,1211304
3146611,44,2096153,2096152,1211288
3146612,50,2096140,2096139,1211288
3146613,56,2096174,2096142,1211288
3146614,58,2096144,2096143,1211288
3146615,61,2096146,2096145,1211288
3146616,83,2096135,613585,1211288
3146617,92,2096160,2096123,1211288
3146618,95,2096131,613585,1211288
3146619,105,2096127,613585,1211288
3146620,108,2096130,613585,1211288
3146621,115,2096179,2096128,1211288
3146622,127,2096182,2096124,1211288
3146623,25,613631,2096273,1211329
3146624,9,2096296,2096295,1211347
3146625,12,2096306,2096305,1211347
3146626,19,2096299,2096297,1211347
3146627,25,2096303,2096301,1211347
3146628,5,2096413,2096412,1211368
3146629,21,2096419,2096418,1211368
3146630,22,2096441,2096419,1211368
3146631,27,2096431,2096420,1211368
3146632,30,2096426,2096425,1211368
3146633,37,2096422,2096421,1211368
3146634,43,2096442,2096424,1211368
3146635,57,2096417,2096412,1211368
3146636,65,2096433,2096415,1211368
3146637,7,2096505,2096504,1282110
3146638,2,2096537,2096536,1211400
3146639,4,2096540,2096539,1211400
3146640,9,2096543,2096542,1211400
3146641,11,2096545,2096536,1211400
3146642,8,2096606,2096605,1282114
3146643,77,2096688,2096687,1211402
3146644,84,2096715,2096714,1211402
3146645,92,2096722,2096691,1211402
3146646,115,2096726,2096725,1211402
3146647,129,2096706,2096729,1211402
3146648,133,2096709,2096729,1211402
3146649,173,2096731,2096680,1211402
3146650,182,2096684,2096683,1211402
3146651,236,2096788,2096786,1211402
3146652,238,2096736,2096668,1211402
3146653,275,2096801,2096730,1211402
3146654,285,613925,2096679,1211402
3146655,289,2096804,2096730,1211402
3146656,366,2096743,2096663,1211402
3146657,372,2096665,2096743,1211402
3146658,375,2096666,2096760,1211402
3146659,33,2097117,2097116,1211466
3146660,55,2097108,2097107,1211466
3146661,13,2097218,2097214,1211554
3146662,24,2097219,2097214,1211554
3146663,8,2097294,2097293,1211562
3146664,38,614209,969136,1211562
3146665,21,2097527,2097525,1211626
3146666,44,2097533,2097532,1211626
3146667,45,2097534,2097533,1211626
3146668,49,2097538,2097536,1211626
3146669,50,2097539,2097538,1211626
3146670,53,2097540,2097505,1211626
3146671,54,2097541,2097540,1211626
3146672,57,614427,2097542,1211626
3146673,59,614428,2097543,1211626
3146674,65,2097547,2097546,1211626
3146675,68,2097549,2097548,1211626
3146676,69,2097550,2097549,1211626
3146677,24,2097647,2097646,1211646
3146678,30,2097649,2097646,1211646
3146679,77,2097552,2097551,1211626
3146680,78,2097553,2097552,1211626
3146681,90,2097557,2097505,1211626
3146682,37,2097653,2097646,1211646
3146683,45,2097660,2097642,1211646
3146684,51,2097664,2097642,1211646
3146685,102,2097566,2097505,1211626
3146686,106,2097544,2097505,1211626
3146687,57,2097668,2097642,1211646
3146688,62,2097671,2097642,1211646
3146689,139,2097517,2097505,1211626
3146690,140,2097518,2097517,1211626
3146691,145,2097520,2097519,1211626
3146692,149,2097523,2097521,1211626
3146693,166,2097510,2097509,1211626
3146694,169,2097513,2097511,1211626
3146695,59,2097769,2097766,1211657
3146696,74,2097731,614458,1211657
3146697,80,2097733,2097722,1211657
3146698,88,2097760,2097722,1211657
3146699,100,2097735,614458,1211657
3146700,110,2097750,2097722,1211657
3146701,117,2097754,2097722,1211657
3146702,2,2097844,2097831,1211666
3146703,4,2097859,2097831,1211666
3146704,10,2097845,2097842,1211666
3146705,16,2097843,2097831,1211666
3146706,25,2097836,2097835,1211666
3146707,26,2097837,2097836,1211666
3146708,41,614498,2097855,1211666
3146709,18,2097946,2097938,1211675
3146710,10,2097980,2097979,1282177
3146711,15,2097982,2097981,1282177
3146712,17,2097984,2097983,1282177
3146713,28,614506,2097986,1282177
3146714,47,614548,2097985,1282177
3146715,4,2098095,2098087,1211685
3146716,6,2098096,2098087,1211685
3146717,10,2098094,2098088,1211685
3146718,17,2098092,2098087,1211685
3146719,3,2098132,2098131,1211696
3146720,147,2098235,969394,1211707
3146721,289,2098217,614750,1211707
3146722,116,614834,2098388,1211759
3146723,10,614882,2098505,1211786
3146724,6,2098675,2098674,1211838
3146725,40,2098977,2098976,1211844
3146726,104,2098997,2098972,1211844
3146727,117,2098998,2098970,1211844
3146728,130,2098945,2098944,1211844
3146729,134,2098949,2098948,1211844
3146730,137,2098951,2098950,1211844
3146731,273,2098910,2098909,1211844
3146732,277,2098913,2098912,1211844
3146733,280,2098915,2098914,1211844
3146734,658,2098902,2098901,1211844
3146735,6,2099325,2099313,1282248
3146736,23,2099334,2099323,1282248
3146737,6,2099399,2099398,1211875
3146738,124,2099424,2099423,1211877
3146739,29,615453,615449,1282267
3146740,40,2099712,615449,1282267
3146741,46,615462,615449,1282267
3146742,6,2099760,2099758,1211904
3146743,10,615489,969728,1282276
3146744,8,615804,2100125,1282310
3146745,20,615980,2100360,1211985
3146746,39,616113,2100628,1282332
3146747,16,2100949,970176,1212148
3146748,19,2100951,970179,1212148
3146749,22,2101369,616582,1212305
3146750,169,2101334,2101325,1212305
3146751,10,2101591,970405,1212389
3146752,8,2101625,970424,1212401
3146753,32,617104,2102149,1212562
3146754,12,2102233,2102232,1212606
3146755,11,2102897,2102896,1282482
3146756,11,2102958,2102956,1282484
3146757,10,2104279,2104276,1212702
3146758,4,2104471,2104469,1212712
3146759,6,2104737,2104734,1212723
3146760,5,2104960,2104958,1212743
3146761,6,2105041,2105040,1212748
3146762,4,2105049,2105048,1212752
3146763,4,2105069,2105066,1212754
3146764,8,2105108,2105107,1212760
3146765,9,2105117,2105115,1212764
3146766,8,2105128,2105127,1212769
3146767,8,2105146,2105144,1212776
3146768,8,2105160,2105159,1212778
3146769,8,2105171,2105170,1212780
3146770,7,2105186,2105185,1212786
3146771,8,2105216,2105213,1212797
3146772,9,2105242,2105240,1212806
3146773,15,2105268,2105267,1212814
3146774,7,2105290,2105289,1212817
3146775,8,2105319,2105318,1212825
3146776,11,2105322,2105320,1212825
3146777,8,2105346,2105345,1212829
3146778,8,2105375,2105374,1212836
3146779,13,2105391,2105390,1212838
3146780,4,2105405,2105404,1212847
3146781,13,2105410,2105409,1212822
3146782,10,2105446,2105445,1282542
3146783,9,2105460,2105459,1212849
3146784,8,2105476,2105474,1212851
3146785,8,2105492,2105491,1212855
3146786,11,2105502,2105498,1212857
3146787,14,2105501,2105500,1212857
3146788,4,2105512,2105511,1212859
3146789,4,2105523,2105522,1212861
3146790,8,2105625,971062,1212876
3146791,31,617975,2105649,1212898
3146792,45,617984,2105645,1212898
3146793,15,2105741,2105740,1282561
3146794,16,2105753,2105742,1282561
3146795,29,2105756,2105744,1282561
3146796,35,2105748,2105747,1282561
3146797,6,2105790,2105788,1212923
3146798,6,2105817,2105816,1212925
3146799,7,618044,2105819,1212925
3146800,6,2105829,2105828,1212927
3146801,7,618059,2105830,1212927
3146802,5,618082,2105839,1212934
3146803,9,2105842,2105841,1212934
3146804,10,618083,2105840,1212934
3146805,5,618101,2105873,1212937
3146806,9,2105876,2105875,1212937
3146807,10,618102,2105874,1212937
3146808,18,2105890,2105889,1212940
3146809,22,618116,2105892,1212940
3146810,27,2105895,2105894,1212940
3146811,18,2105912,2105911,1212944
3146812,22,2105915,2105914,1212944
3146813,3,2105928,2105927,1282569
3146814,7,2105931,2105930,1282569
3146815,5,2105951,2105950,1282571
3146816,7,2106071,971180,1212972
3146817,7,2106082,971184,1212974
3146818,36,2106451,971257,1282594
3146819,34,2106559,971266,1282595
3146820,46,2106775,618922,1213144
3146821,47,2106774,618922,1213144
3146822,49,2106777,618922,1213144
3146823,50,2106776,618922,1213144
3146824,52,2106778,618922,1213144
3146825,55,2106780,618922,1213144
3146826,61,618939,618922,1213144
3146827,62,618940,618922,1213144
3146828,63,2106785,618922,1213144
3146829,64,2106784,618922,1213144
3146830,66,2106787,618922,1213144
3146831,67,2106786,618922,1213144
3146832,8,619048,971346,1213185
3146833,8,619055,971351,1213192
3146834,8,619063,971365,1213198
3146835,29,619091,2107042,1282624
3146836,72,2107124,2107115,1213222
3146837,9,2107358,2107357,1282638
3146838,9,619270,2107364,1282639
3146839,76,2107307,2107301,1213261
3146840,31,619423,2107567,1213344
3146841,33,619424,2107568,1213344
3146842,16,619790,971661,1213410
3146843,8,619833,2107977,1282691
3146844,15,2108028,971746,1213426
3146845,52,2108030,971746,1213426
3146846,39,2108504,971901,1213580
3146847,47,2108507,971903,1213580
3146848,6,2108790,2108789,1213652
3146849,7,2108791,2108790,1213652
3146850,8,2108802,2108793,1213635
3146851,6,2108842,2108841,1213656
3146852,7,2108843,2108842,1213656
3146853,6,2108859,2108858,1213662
3146854,7,2108860,2108859,1213662
3146855,51,2108799,2108793,1213635
3146856,91,2108797,2108793,1213635
3146857,19,2109416,2109403,1282816
3146858,78,620813,620808,1213790
3146859,7,2109723,2109722,1282841
3146860,11,2109726,2109725,1282841
3146861,36,2109717,2109716,1282841
3146862,51,2109703,2109702,1282841
3146863,57,2109708,2109707,1282841
3146864,61,2109711,2109710,1282841
3146865,145,620930,620920,1213828
3146866,26,2109964,2109948,1213893
3146867,29,2109966,2109954,1213893
3146868,107,2109946,621075,1213798
3146869,16,2110099,2110087,1213959
3146870,17,2110100,2110092,1213959
3146871,18,2110101,621166,1213959
3146872,60,621149,621166,1213959
3146873,61,621152,621166,1213959
3146874,69,2110109,621166,1213959
3146875,215,2109955,621163,1213798
3146876,16,2110168,2110155,1213988
3146877,17,2110169,2110161,1213988
3146878,18,2110170,621230,1213988
3146879,60,621223,621230,1213988
3146880,61,621225,621230,1213988
3146881,69,2110181,621230,1213988
3146882,10,2110276,2110269,1214013
3146883,13,2110277,2110271,1214013
3146884,14,621278,2110324,1214035
3146885,31,621349,2110372,1214040
3146886,8,621521,972538,1214094
3146887,87,2110488,2110490,1214068
3146888,147,2110546,621601,1214068
3146889,149,2110508,621601,1214068
3146890,152,2110511,2110510,1214068
3146891,155,2110514,2110513,1214068
3146892,160,2110516,2110491,1214068
3146893,166,2110550,2110490,1214068
3146894,5,2110715,2110712,1214130
3146895,8,2110718,2110712,1214130
3146896,28,2110725,2110712,1214130
3146897,9,621711,2110887,1214197
3146898,19,621713,2110858,1282921
3146899,34,621715,2110855,1282921
3146900,9,2110928,2110927,1214239
3146901,13,2110923,2110918,1214239
3146902,15,2110920,2110919,1214239
3146903,18,2110924,2110923,1214239
3146904,7,2111507,2111506,1214435
3146905,3,2111604,2111603,1214453
3146906,6,2111631,2111630,1282987
3146907,13,622483,622492,1214486
3146908,14,622484,622492,1214486
3146909,15,2111781,622492,1214486
3146910,16,2111780,622492,1214486
3146911,18,2111784,622492,1214486
3146912,19,2111782,622492,1214486
3146913,41,2111803,972999,1214486
3146914,42,2111804,972999,1214486
3146915,43,622509,972999,1214486
3146916,45,2111788,972999,1214486
3146917,9,2111920,2111914,1214539
3146918,19,2111916,2111915,1214539
3146919,153,2112021,2112038,1214554
3146920,160,2112018,2112038,1214554
3146921,162,2112019,2112038,1214554
3146922,164,2112020,2112038,1214554
3146923,180,2112017,2112076,1214554
3146924,188,2112039,2112076,1214554
3146925,189,2112040,2112076,1214554
3146926,203,2112041,2112076,1214554
3146927,204,2112042,2112076,1214554
3146928,240,2112016,2112086,1214554
3146929,248,2112009,2112086,1214554
3146930,250,2112013,2112086,1214554
3146931,252,2112014,2112086,1214554
3146932,254,2112015,2112086,1214554
3146933,258,2112043,2112086,1214554
3146934,260,2112010,2112086,1214554
3146935,262,2112011,2112086,1214554
3146936,264,2112012,2112086,1214554
3146937,285,2112008,2112093,1214554
3146938,293,2112001,2112093,1214554
3146939,295,2112005,2112093,1214554
3146940,297,2112006,2112093,1214554
3146941,299,2112007,2112093,1214554
3146942,303,2112044,2112093,1214554
3146943,305,2112002,2112093,1214554
3146944,307,2112003,2112093,1214554
3146945,309,2112004,2112093,1214554
3146946,17,2112211,2112210,1214582
3146947,18,623095,2112211,1214582
3146948,20,2112213,2112212,1214582
3146949,21,623096,2112213,1214582
3146950,15,2112249,623178,1283016
3146951,20,2112251,623178,1283016
3146952,2,623529,2112771,1214746
3146953,4,2112772,2112771,1214746
3146954,7,2112774,623528,1214746
3146955,8,2112773,2112771,1214746
3146956,11,2112777,623528,1214746
3146957,12,2112776,2112771,1214746
3146958,2,2112784,623539,1214749
3146959,6,2112786,623539,1214749
3146960,19,623555,2112803,1214754
3146961,2,623551,2112809,1214758
3146962,4,2112810,2112809,1214758
3146963,7,2112812,623550,1214758
3146964,8,2112811,2112809,1214758
3146965,3,2112816,623563,1214761
3146966,8,2112990,973478,1283079
3146967,16,2112994,973478,1283079
3146968,15,624267,973770,1214980
3146969,5,2113801,2113800,1283135
3146970,10,2113803,2113802,1283135
3146971,15,2113805,2113804,1283135
3146972,20,2113808,2113807,1283135
3146973,25,2113810,2113809,1283135
3146974,5,2113837,2113836,1283136
3146975,10,2113839,2113838,1283136
3146976,20,624334,2113815,1214993
3146977,9,2114113,2114112,1215070
3146978,13,2114115,2114114,1215070
3146979,9,2114130,2114129,1215075
3146980,13,2114132,2114131,1215075
3146981,66,2114212,2114211,1283160
3146982,72,624669,2114213,1283160
3146983,76,624671,2114214,1283160
3146984,104,2114202,974033,1283160
3146985,113,624686,2114208,1283160
3146986,117,624688,2114210,1283160
3146987,9,2114272,2114266,1283169
3146988,122,2114204,2114203,1283160
3146989,12,2114269,2114268,1283169
3146990,128,624692,2114205,1283160
3146991,132,624694,2114206,1283160
3146992,11,2114331,624731,1283170
3146993,45,2114315,624731,1283170
3146994,36,2114326,2114316,1215116
3146995,39,2114321,2114319,1215116
3146996,48,2114318,2114336,1283170
3146997,50,2114320,2114336,1283170
3146998,70,2114344,624731,1283170
3146999,71,2114296,2114336,1283170
3147000,11,2114414,2114413,1215130
3147001,33,2114399,2114394,1215130
3147002,35,2114396,2114395,1215130
3147003,43,2114407,2114402,1215130
3147004,45,2114404,2114403,1215130
3147005,48,2114408,2114407,1215130
3147006,35,624821,2114438,1215135
3147007,37,2114440,2114439,1215135
3147008,42,2114442,2114441,1215135
3147009,4,2114507,2114506,1283175
3147010,10,2114540,2114539,1215147
3147011,16,624903,2114540,1215147
3147012,28,624927,2114538,1215147
3147013,15,2114601,2114600,1215159
3147014,25,2114606,2114604,1215159
3147015,26,2114617,974177,1215161
3147016,6,2114869,2114867,1215279
3147017,9,2114872,2114867,1215279
3147018,27,2114875,2114867,1215279
3147019,41,2114877,2114867,1215279
3147020,63,2114840,974344,1215272
3147021,68,2114864,974344,1215272
3147022,70,2114866,974344,1215272
3147023,71,2114868,974344,1215272
3147024,72,2114871,974344,1215272
3147025,74,2114874,974344,1215272
3147026,99,2114839,625299,1215272
3147027,108,625313,625299,1215272
3147028,8,2115378,2115376,1215313
3147029,105,2115151,2115149,1215292
3147030,122,2115108,2115149,1215292
3147031,169,2115198,974443,1215292
3147032,202,2115123,974443,1215292
3147033,265,2115095,625491,1215292
3147034,270,2115097,625491,1215292
3147035,281,2115089,625491,1215292
3147036,371,2115057,2115301,1215292
3147037,385,2115059,2115301,1215292
3147038,458,2115288,974465,1215292
3147039,469,2115291,974465,1215292
3147040,58,2115569,974535,1215346
3147041,112,2115571,2115570,1215346
3147042,156,2115572,974544,1215346
3147043,143,2115761,2115760,1283223
3147044,148,2115767,2115766,1283223
3147045,197,2115748,2115746,1283223
3147046,206,2115752,2115751,1283223
3147047,213,2115756,2115755,1283223
3147048,94,2115949,625833,1215363
3147049,100,2115951,625833,1215363
3147050,113,2115944,625833,1215363
3147051,160,2115967,625833,1215363
3147052,166,2115969,625833,1215363
3147053,173,2115973,625833,1215363
3147054,180,2115978,625833,1215363
3147055,197,2115964,974709,1215363
3147056,200,2115961,625833,1215363
3147057,273,2116003,625833,1215363
3147058,275,2115927,625866,1215363
3147059,294,2115915,625866,1215363
3147060,305,2115921,625866,1215363
3147061,319,2115906,625866,1215363
3147062,437,2115802,625833,1215363
3147063,447,2115840,2116005,1215363
3147064,456,2115831,2116005,1215363
3147065,473,2115819,2116005,1215363
3147066,483,2115825,2116005,1215363
3147067,496,2115809,2116005,1215363
3147068,585,2115859,625833,1215363
3147069,596,2115891,974751,1215363
3147070,606,2115883,974751,1215363
3147071,616,2115873,974751,1215363
3147072,622,2115879,974751,1215363
3147073,631,2115863,974751,1215363
3147074,56,2116471,2116443,1215469
3147075,59,2116477,974821,1215469
3147076,112,2116445,2116443,1215469
3147077,115,2116451,2116488,1215469
3147078,158,2116461,2116443,1215469
3147079,161,2116466,974829,1215469
3147080,76,2116607,974860,1215529
3147081,81,2116642,974860,1215529
3147082,83,2116643,974860,1215529
3147083,84,2116644,974860,1215529
3147084,85,2116645,974860,1215529
3147085,87,2116646,974860,1215529
3147086,113,2116606,974864,1215529
3147087,23,2116837,974926,1215602
3147088,31,626241,974926,1215602
3147089,61,2116852,974941,1215602
3147090,69,626247,974941,1215602
3147091,20,2116919,2116910,1215642
3147092,24,2116920,2116911,1215642
3147093,28,2116921,2116914,1215642
3147094,15,626330,2116976,1215657
3147095,31,626356,2116978,1215657
3147096,47,626366,2116979,1215657
3147097,6,2117042,2117041,1215679
3147098,10,2117045,2117044,1215679
3147099,31,2117061,2117060,1215679
3147100,54,2117058,2117057,1215679
3147101,6,2117094,2117093,1215690
3147102,12,2117107,2117106,1215690
3147103,24,2117128,975102,1215694
3147104,36,2117127,975105,1215694
3147105,15,2117197,626445,1215716
3147106,7,2117305,2117302,1215765
3147107,9,2117304,2117302,1215765
3147108,4,2117314,2117313,1283276
3147109,8,2117329,626539,1215769
3147110,15,2117337,626539,1215769
3147111,21,2117330,626539,1215769
3147112,27,2117331,626539,1215769
3147113,28,2117332,626539,1215769
3147114,31,2117333,626540,1215769
3147115,32,2117334,626540,1215769
3147116,26,2117413,626585,1215786
3147117,28,2117414,626586,1215786
3147118,39,2117418,626585,1215786
3147119,40,2117419,626585,1215786
3147120,54,2117422,626585,1215786
3147121,56,2117423,626586,1215786
3147122,14,2117569,626694,1215861
3147123,20,2117572,626694,1215861
3147124,10,2117836,2117835,1215913
3147125,11,626935,626921,1215932
3147126,34,626940,626921,1215932
3147127,14,626972,2117964,1215938
3147128,60,2118005,2117964,1215938
3147129,13,627027,2118024,1215944
3147130,13,2118043,2118042,1215948
3147131,17,2118127,2118126,1215981
3147132,23,2118213,2118186,1216014
3147133,32,2118205,2118203,1216014
3147134,34,2118611,2118609,1216131
3147135,74,2118622,2118609,1216131
3147136,12,627477,2118617,1216126
3147137,246,2118525,2118524,1283319
3147138,249,2118527,2118526,1283319
3147139,252,2118529,2118528,1283319
3147140,255,2118531,2118530,1283319
3147141,28,2118709,2118699,1216154
3147142,304,2118520,2118519,1283319
3147143,308,627529,2118521,1283319
3147144,33,2118712,2118711,1216154
3147145,36,627514,2118714,1216154
3147146,10,2118852,2118851,1283333
3147147,13,2118854,2118853,1283333
3147148,43,2118886,2118885,1216206
3147149,46,2118888,2118887,1216206
3147150,116,2118978,627680,1216192
3147151,127,2118949,627662,1216192
3147152,165,2118941,627704,1216192
3147153,205,2118934,627662,1216192
3147154,7,2119074,2119073,1283339
3147155,38,627806,2119123,1216218
3147156,44,2119127,2119125,1216218
3147157,32,2119178,2119174,1216243
3147158,43,2119166,2119165,1216243
3147159,9,2119229,2119228,1283345
3147160,115,2119263,2119289,1216261
3147161,77,2119346,2119345,1216296
3147162,87,2119350,2119349,1216296
3147163,117,2119434,2119462,1216312
3147164,14,2119711,2119709,1216375
3147165,9,2119934,2119932,1216441
3147166,23,628401,2119930,1283371
3147167,38,2119922,975900,1283371
3147168,41,2119923,975900,1283371
3147169,77,2119949,2119920,1283371
3147170,94,2119951,2119916,1283371
3147171,121,2119953,2119913,1283371
3147172,18,2120060,2120058,1216479
3147173,21,628578,2120043,1283372
3147174,36,2120037,975946,1283372
3147175,39,2120038,975946,1283372
3147176,31,2120083,2120082,1216485
3147177,76,2120052,2120035,1283372
3147178,71,2120088,2120082,1216485
3147179,98,2120053,2120029,1283372
3147180,124,2120055,2120022,1283372
3147181,383,2119799,2119798,1216383
3147182,388,2119802,2119801,1216383
3147183,6,2120910,2120900,1216665
3147184,10,2120911,2120903,1216665
3147185,31,629558,976517,1216855
3147186,132,629791,2121548,1216881
3147187,8,629894,2121925,1216958
3147188,8,629967,2122007,1216994
3147189,12,2122033,630001,1217001
3147190,15,2122037,630001,1217001
3147191,18,2122038,630001,1217001
3147192,21,2122039,630001,1217001
3147193,23,2122041,630001,1217001
3147194,26,2122034,630001,1217001
3147195,29,2122035,630001,1217001
3147196,31,2122036,630001,1217001
3147197,8,630063,2122102,1217017
3147198,145,630124,630152,1216983
3147199,151,630129,630152,1216983
3147200,159,630136,630152,1216983
3147201,166,630145,630152,1216983
3147202,171,630147,630152,1216983
3147203,173,2122148,630152,1216983
3147204,187,630160,630152,1216983
3147205,188,630161,630152,1216983
3147206,191,2122146,630152,1216983
3147207,197,2122145,630166,1216983
3147208,198,2122143,630152,1216983
3147209,211,2122138,630166,1216983
3147210,212,2122136,630152,1216983
3147211,223,2122131,630152,1216983
3147212,8,630228,2122242,1217042
3147213,26,2122231,2122230,1217040
3147214,55,630342,630414,1217045
3147215,13,630313,976844,1217067
3147216,165,2122278,630414,1217045
3147217,11,2122513,2122507,1217119
3147218,12,2122512,2122508,1217119
3147219,6,2122541,2122539,1217130
3147220,7,2122597,2122596,1217134
3147221,30,2122579,2122576,1217134
3147222,54,2122566,2122565,1217134
3147223,77,2122552,2122551,1217134
3147224,4,2122664,630652,1217169
3147225,36,2122723,977107,1217179
3147226,42,2122843,2122766,1217151
3147227,203,630868,630927,1217151
3147228,211,630875,630927,1217151
3147229,212,630876,630927,1217151
3147230,244,630890,630927,1217151
3147231,251,630895,630927,1217151
3147232,259,630900,630927,1217151
3147233,266,630907,630927,1217151
3147234,272,2122804,630927,1217151
3147235,274,2122882,630927,1217151
3147236,285,2122807,630910,1217151
3147237,303,630921,630927,1217151
3147238,304,630922,630927,1217151
3147239,312,2122809,630927,1217151
3147240,32,2122933,977194,1283513
3147241,37,2122934,977182,1283513
3147242,40,2122935,977176,1283513
3147243,3,2122958,2122955,1217210
3147244,15,2122998,2122995,1217226
3147245,7,2123122,2123120,1217265
3147246,19,2123127,2123120,1217265
3147247,14,2123148,631219,1217271
3147248,17,2123211,2123202,1217280
3147249,28,2123213,2123212,1217280
3147250,29,2123214,2123213,1217280
3147251,42,2123205,2123202,1217280
3147252,53,2123207,2123206,1217280
3147253,54,2123208,2123207,1217280
3147254,17,2123289,2123280,1217300
3147255,31,2123293,2123292,1217300
3147256,32,2123294,2123293,1217300
3147257,44,2123282,2123280,1217300
3147258,58,2123286,2123285,1217300
3147259,59,2123287,2123286,1217300
3147260,6,2123481,2123480,1217361
3147261,10,2123485,2123484,1217361
3147262,6,2123538,2123537,1217375
3147263,19,2123894,2123892,1217534
3147264,20,2123893,2123887,1217534
3147265,12,2123914,2123913,1283600
3147266,17,2124089,2124088,1217618
3147267,19,2124143,2124142,1217627
3147268,22,632100,2124144,1217627
3147269,9,2124268,2124252,1217652
3147270,15,2124324,2124294,1217658
3147271,27,2124297,2124296,1217658
3147272,29,2124299,2124298,1217658
3147273,37,2124317,2124309,1217658
3147274,11,632356,2124645,1217716
3147275,13,2124770,2124765,1217774
3147276,13,2124799,2124794,1217793
3147277,12,632689,2124963,1217814
3147278,7,2125370,2125369,1217938
3147279,7,2125376,632928,1217940
3147280,8,2125403,2125401,1217942
3147281,26,2125523,2125522,1217971
3147282,30,2125526,2125525,1217971
3147283,48,2125577,2125576,1283672
3147284,52,2125580,2125579,1283672
3147285,53,633122,2125580,1283672
3147286,57,2125582,2125581,1283672
3147287,14,633138,633126,1217986
3147288,38,633165,633130,1217986
3147289,40,2125690,2125689,1217990
3147290,75,633215,2125615,1217982
3147291,9,2125777,2125776,1217998
3147292,13,2125790,2125781,1217998
3147293,8,2125846,2125845,1218014
3147294,12,2125850,2125849,1218014
3147295,8,2125862,2125861,1218020
3147296,12,2125866,2125865,1218020
3147297,8,2125876,2125875,1218022
3147298,12,2125880,2125879,1218022
3147299,12,2126238,633624,1283699
3147300,13,2126239,633624,1283699
3147301,21,2126250,2126259,1218151
3147302,25,2126252,2126259,1218151
3147303,20,633678,2126307,1218160
3147304,34,633684,2126304,1218160
3147305,15,633732,633736,1218170
3147306,15,633820,633829,1218212
3147307,14,2126684,2126677,1218241
3147308,43,633970,2126683,1218241
3147309,3,2126950,2126949,1218358
3147310,23,2126994,2126993,1218376
3147311,10,2127293,978705,1218427
3147312,14,2127295,978705,1218427
3147313,8,2127347,2127345,1218435
3147314,8,2127721,2127719,1218466
3147315,19,2127944,2127940,1218483
3147316,15,2127977,2127976,1283776
3147317,98,635427,2127904,1218474
3147318,35,2128066,2128065,1218495
3147319,39,2128068,2128067,1218495
3147320,50,635583,2128085,1218495
3147321,79,2128082,2128081,1218495
3147322,123,2128215,979055,1218506
3147323,196,2128679,2128678,1283811
3147324,229,2128661,2128660,1283811
3147325,240,2128670,2128669,1283811
3147326,8,2128973,2128972,1218647
3147327,12,2128975,2128974,1218647
3147328,11,2128989,2128988,1218652
3147329,15,2128991,2128990,1218652
3147330,8,2129003,2129002,1218656
3147331,9,2129020,2129019,1283825
3147332,67,2129138,979521,1218682
3147333,89,2129156,2129151,1218682
3147334,31,2129249,2129247,1283829
3147335,36,2129254,2129252,1283829
3147336,53,2129238,2129217,1283829
3147337,146,2129230,2129217,1283829
3147338,15,636845,2129299,1218693
3147339,51,636967,636938,1218706
3147340,68,636988,636938,1218706
3147341,10,2129639,2129636,1218740
3147342,18,637084,2129636,1218740
3147343,26,2129760,2129759,1283837
3147344,85,2130364,637561,1218884
3147345,87,2130311,637561,1218884
3147346,100,2130403,2130351,1218884
3147347,103,2130404,2130352,1218884
3147348,106,2130405,2130353,1218884
3147349,109,2130406,2130354,1218884
3147350,162,2130333,637561,1218884
3147351,169,2130343,2130342,1218884
3147352,172,2130346,2130345,1218884
3147353,9,637622,979950,1218911
3147354,17,2130485,979956,1283855
3147355,28,2130762,2130761,1218990
3147356,54,637984,2131151,1219059
3147357,68,2131161,2131151,1219059
3147358,169,2131150,2131127,1219059
3147359,217,2131138,2131127,1219059
3147360,267,2131149,2131127,1219059
3147361,14,2131665,2131663,1219219
3147362,24,2131840,2131837,1219245
3147363,12,638536,2131927,1219251
3147364,3,2132058,2132057,1283928
3147365,16,638627,980439,1283929
3147366,18,638629,980439,1283929
3147367,2,2132260,2132259,1219310
3147368,38,638836,2132282,1219312
3147369,12,639161,980706,1283955
3147370,8,639196,2132494,1219381
3147371,3,2132747,2132745,1219454
3147372,9,2132749,2132745,1219454
3147373,15,639402,2132785,1219461
3147374,13,2132875,2132874,1219470
3147375,15,2132902,2132901,1219472
3147376,22,2132922,2132921,1219474
3147377,31,2132925,2132924,1219474
3147378,13,2132949,2132948,1219477
3147379,14,2132974,2132970,1219487
3147380,10,2133012,2133004,1219492
3147381,33,2132998,2132997,1219492
3147382,9,639617,2133230,1219557
3147383,3,639635,2133243,1219568
3147384,9,639643,2133244,1219568
3147385,12,639730,2133377,1219595
3147386,22,639787,2133412,1219597
3147387,4,2133672,981269,1219661
3147388,7,2133673,981269,1219661
3147389,14,2133676,981269,1219661
3147390,19,2133679,981269,1219661
3147391,13,2133733,981294,1219667
3147392,15,2133734,981294,1219667
3147393,17,2133735,981294,1219667
3147394,19,2133736,981294,1219667
3147395,102,640410,2134042,1219769
3147396,118,640428,2134042,1219769
3147397,133,2134049,2134042,1219769
3147398,50,641558,2135355,1220339
3147399,14,641647,2135517,1220395
3147400,27,641656,2135511,1220395
3147401,12,641675,981999,1220425
3147402,16,641677,982002,1220425
3147403,13,2135702,982009,1220429
3147404,16,641733,982009,1220429
3147405,17,641734,982011,1220429
3147406,18,641735,641703,1220429
3147407,19,641737,982014,1220429
3147408,71,641731,641699,1220415
3147409,86,641792,641701,1220415
3147410,134,641828,641699,1220415
3147411,144,641844,641701,1220415
3147412,160,641858,641699,1220415
3147413,13,641879,982093,1284217
3147414,191,641877,641701,1220415
3147415,225,2135610,641701,1220415
3147416,228,2135614,641701,1220415
3147417,22,2135875,2135874,1220443
3147418,60,2135923,2135922,1220450
3147419,12,2136098,2136096,1220467
3147420,67,2136319,982177,1284219
3147421,72,2136321,982177,1284219
3147422,85,2136313,982190,1284219
3147423,89,2136314,982192,1284219
3147424,104,2136299,982177,1284219
3147425,184,2136294,982211,1284219
3147426,195,642142,982211,1284219
3147427,8,2136573,2136572,1220503
3147428,10,2136575,2136572,1220503
3147429,268,2136288,982222,1284219
3147430,279,642191,982222,1284219
3147431,290,2136286,642196,1284219
3147432,15,642209,642207,1220512
3147433,16,642210,642207,1220512
3147434,20,642215,642207,1220512
3147435,21,642216,642207,1220512
3147436,24,642222,642207,1220512
3147437,25,642223,642207,1220512
3147438,30,642226,642207,1220512
3147439,31,642227,642207,1220512
3147440,9,2136674,2136671,1220525
3147441,411,2136349,982249,1284219
3147442,15,2136736,982253,1220542
3147443,467,2136230,2136229,1284219
3147444,474,2136234,2136233,1284219
3147445,125,2136665,2136664,1220518
3147446,634,642384,982177,1284219
3147447,153,2136648,2136647,1220518
3147448,68,2136925,642510,1220571
3147449,73,2136930,642510,1220571
3147450,89,2136943,642510,1220571
3147451,92,2136944,642510,1220571
3147452,31,2137104,642687,1220607
3147453,31,642729,2137177,1220626
3147454,33,2137179,642745,1220626
3147455,31,2137212,2137211,1284242
3147456,41,2137214,2137213,1284242
3147457,50,2137224,2137222,1284242
3147458,55,2137230,2137227,1284242
3147459,60,2137233,2137232,1284242
3147460,28,642775,2137277,1220638
3147461,53,642784,2137277,1220638
3147462,131,2137359,2137358,1220643
3147463,137,2137424,2137347,1220643
3147464,189,2137327,2137325,1220643
3147465,194,2137331,2137329,1220643
3147466,199,2137335,2137333,1220643
3147467,204,2137339,2137337,1220643
3147468,69,2137525,2137524,1220663
3147469,17,2137748,2137742,1220753
3147470,4,2137791,2137787,1220764
3147471,19,2137823,2137815,1220768
3147472,22,2137826,2137824,1220768
3147473,24,2137827,2137815,1220768
3147474,28,643035,2137830,1220768
3147475,33,643140,643125,1220795
3147476,8,643143,2137979,1284279
3147477,12,643208,2138089,1220816
3147478,9,2138198,2138142,1284289
3147479,36,2138136,982526,1220814
3147480,59,2138138,982526,1220814
3147481,71,2138152,982526,1220814
3147482,99,2138107,982526,1220814
3147483,129,2138120,982526,1220814
3147484,135,2138124,982526,1220814
3147485,147,2138126,982526,1220814
3147486,158,2138109,982526,1220814
3147487,167,2138115,982526,1220814
3147488,173,2138117,982526,1220814
3147489,184,2138111,982526,1220814
3147490,190,2138113,982526,1220814
3147491,197,643260,982526,1220814
3147492,208,2138133,982526,1220814
3147493,3,643367,2138550,1284311
3147494,11,643407,2138574,1220875
3147495,2,643405,2138584,1284313
3147496,4,643415,2138585,1284313
3147497,10,643403,2138610,1284313
3147498,26,2138614,2138607,1284313
3147499,29,2138591,2138588,1284313
3147500,31,2138590,2138589,1284313
3147501,38,2138608,2138593,1284313
3147502,96,2138606,2138603,1284313
3147503,98,2138605,2138604,1284313
3147504,17,2138651,2138644,1220881
3147505,22,643437,2138644,1220881
3147506,9,643489,2138685,1220888
3147507,61,2138772,2138771,1220899
3147508,26,643564,2138846,1220913
3147509,4,2138958,2138956,1284323
3147510,5,2138961,2138958,1284323
3147511,9,2138992,2138991,1284325
3147512,10,2138993,2138992,1284325
3147513,12,2139003,2139002,1284326
3147514,18,2139014,2139013,1284326
3147515,19,2139015,2139014,1284326
3147516,24,2139020,2139018,1284326
3147517,26,2139021,2139020,1284326
3147518,37,2139009,2139007,1284326
3147519,39,2139010,2139009,1284326
3147520,16,643616,2139035,1220936
3147521,8,2139049,2139046,1284328
3147522,11,2139050,2139049,1284328
3147523,5,2139057,2139056,1284329
3147524,14,2139066,2139063,1284329
3147525,17,2139067,2139066,1284329
3147526,9,2139106,2139105,1220943
3147527,14,2139109,2139108,1220943
3147528,9,2139137,2139135,1220970
3147529,14,2139140,2139139,1220970
3147530,10,2139151,2139150,1220972
3147531,15,2139153,2139152,1220972
3147532,20,2139155,2139154,1220972
3147533,37,2139171,2139184,1220975
3147534,10,2139201,2139200,1220977
3147535,45,2139174,2139172,1220975
3147536,15,2139203,2139202,1220977
3147537,20,2139205,2139204,1220977
3147538,9,2139220,2139219,1220986
3147539,10,2139276,2139272,1220990
3147540,15,2139281,2139280,1220990
3147541,37,2139291,2139303,1220988
3147542,45,2139294,2139292,1220988
3147543,10,2139432,2139430,1220993
3147544,15,2139439,2139436,1220993
3147545,7,2139451,982727,1220999
3147546,7,2139558,982744,1221001
3147547,9,643854,982770,1284340
3147548,379,643968,2139414,1220950
3147549,90,2139851,2139850,1221054
3147550,20,644139,982823,1284347
3147551,16,644552,982975,1284366
3147552,4,2140488,2140487,1284374
3147553,6,2140498,2140497,1284375
3147554,3,2140503,2140502,1284376
3147555,13,2140515,2140512,1284377
3147556,10,2140549,2140542,1284378
3147557,31,2140545,2140543,1221214
3147558,37,2140551,2140550,1221214
3147559,43,2140540,2140537,1221214
3147560,58,2140535,2140534,1221214
3147561,10,2140593,2140592,1221228
3147562,28,2140675,2140668,1221233
3147563,10,644741,983064,1221258
3147564,24,2140749,983083,1284401
3147565,21,2140765,983100,1284404
3147566,9,2141087,2141086,1284447
3147567,9,2141103,983179,1284449
3147568,14,2141169,983224,1221371
3147569,16,645126,983224,1221371
3147570,95,645153,645151,1221344
3147571,113,2141209,2141240,1221344
3147572,117,2141243,2141240,1221344
3147573,7,2141360,983352,1284466
3147574,14,2141443,983408,1221454
3147575,36,2141709,983560,1221535
3147576,39,645593,983560,1221535
3147577,48,645607,983560,1221535
3147578,4,2141932,2141927,1221572
3147579,7,2141931,2141930,1221572
3147580,12,2141951,2141950,1221574
3147581,19,2141954,2141953,1221574
3147582,19,2142009,2142008,1221576
3147583,25,2142015,2142014,1221576
3147584,13,2142062,2142058,1221584
3147585,16,2142061,2142060,1221584
3147586,42,2142096,2142093,1221588
3147587,44,2142095,2142094,1221588
3147588,62,2142089,2142086,1221588
3147589,64,2142088,2142087,1221588
3147590,18,645786,2142280,1221627
3147591,16,645793,2142301,1221643
3147592,5,2142485,2142484,1221725
3147593,14,2142612,983753,1284577
3147594,3,2142879,2142878,1221925
3147595,3,2142890,2142889,1221929
3147596,3,2142907,2142906,1221941
3147597,3,2142927,2142924,1221945
3147598,3,2142973,2142972,1221960
3147599,3,2142982,2142981,1221962
3147600,3,2142991,2142990,1221970
3147601,3,2143003,2143002,1221972
3147602,176,2143331,646510,1222017
3147603,179,2143332,646510,1222017
3147604,40,646737,2144162,1222073
3147605,44,2144178,2144162,1222073
3147606,62,2144176,2144163,1222073
3147607,1215,2143510,2143380,1284598
3147608,1219,2143486,2143380,1284598
3147609,1222,2143488,2143487,1284598
3147610,1236,2143482,2143393,1284598
3147611,1238,2143477,2143393,1284598
3147612,1239,2143479,2143478,1284598
3147613,1251,2143472,2143381,1284598
3147614,1252,2143474,2143473,1284598
3147615,1264,2143467,2143383,1284598
3147616,1265,2143469,2143468,1284598
3147617,1279,2143527,2143386,1284598
3147618,1283,2143462,2143386,1284598
3147619,1286,2143464,2143463,1284598
3147620,1301,2143456,2143387,1284598
3147621,1302,2143458,2143457,1284598
3147622,1315,2143451,2143382,1284598
3147623,1316,2143453,2143452,1284598
3147624,1330,2143540,2143390,1284598
3147625,1334,2143446,2143390,1284598
3147626,1337,2143448,2143447,1284598
3147627,1353,2143547,2143388,1284598
3147628,1357,2143440,2143388,1284598
3147629,1360,2143442,2143441,1284598
3147630,1375,2143434,2143389,1284598
3147631,1376,2143436,2143435,1284598
3147632,1390,2143557,2143391,1284598
3147633,1394,2143429,2143391,1284598
3147634,1397,2143431,2143430,1284598
3147635,1412,2143423,2143392,1284598
3147636,1413,2143425,2143424,1284598
3147637,1421,2143407,2143406,1284598
3147638,1432,2143418,2143384,1284598
3147639,1433,2143420,2143419,1284598
3147640,1446,2143570,2143385,1284598
3147641,1450,2143413,2143385,1284598
3147642,1453,2143415,2143414,1284598
3147643,14,647411,984497,1284662
3147644,16,647418,984497,1284662
3147645,23,2145264,647643,1222351
3147646,55,2146671,2146670,1222532
3147647,64,2146676,2146675,1222532
3147648,91,2146686,2146685,1222532
3147649,104,2146694,2146693,1222532
3147650,109,2146698,2146697,1222532
3147651,118,2146702,2146701,1222532
3147652,137,2146709,2146707,1222532
3147653,140,2146713,2146712,1222532
3147654,11,2146806,2146804,1222553
3147655,24,2146799,2146798,1222553
3147656,27,648029,2146800,1222553
3147657,31,2146802,2146801,1222553
3147658,32,2146803,2146802,1222553
3147659,9,2146887,984996,1222568
3147660,21,2147255,2147235,1222683
3147661,40,2147245,2147235,1222683
3147662,53,2147259,2147235,1222683
3147663,13,648486,648493,1222814
3147664,29,2147716,985273,1222814
3147665,40,2147847,648690,1222861
3147666,41,648584,2147839,1222861
3147667,68,648635,648690,1222861
3147668,91,2147842,985332,1222861
3147669,8,648803,2148077,1284858
3147670,9,2148107,2148102,1222961
3147671,5,2148116,2148114,1222978
3147672,14,648913,2148145,1284862
3147673,25,648930,2148145,1284862
3147674,36,648942,2148145,1284862
3147675,51,648965,2148145,1284862
3147676,58,648973,2148145,1284862
3147677,73,648997,2148145,1284862
3147678,45,649044,2148180,1222980
3147679,56,649054,2148180,1222980
3147680,9,2148264,985498,1222994
3147681,17,2148262,985498,1222994
3147682,19,2148268,985498,1222994
3147683,21,2148624,2148623,1223031
3147684,8,2148803,2148801,1223095
3147685,11,2148805,2148801,1223095
3147686,14,2148807,2148801,1223095
3147687,30,649774,985754,1223212
3147688,44,649785,985754,1223212
3147689,22,2149278,985808,1223241
3147690,39,2149284,985808,1223241
3147691,12,650073,2149480,1223342
3147692,174,2149597,650131,1223342
3147693,214,2149500,2149498,1223342
3147694,220,2149508,2149507,1223342
3147695,224,2149503,2149501,1223342
3147696,13,650288,2149753,1223390
3147697,18,650291,2149757,1223390
3147698,23,650293,2149760,1223390
3147699,28,650295,2149763,1223390
3147700,36,650301,2149742,1223390
3147701,41,650306,2149745,1223390
3147702,46,650308,2149748,1223390
3147703,50,650310,2149750,1223390
3147704,12,2150106,2150095,1223496
3147705,16,2150099,2150098,1223496
3147706,76,2150152,2150151,1223482
3147707,3,2150551,2150550,1223596
3147708,4,2150563,2150562,1223602
3147709,4,2150571,2150570,1223606
3147710,65,2150884,651073,1285012
3147711,69,2150886,651073,1285012
3147712,73,2150888,651073,1285012
3147713,77,2150890,651073,1285012
3147714,13,2151014,651184,1223702
3147715,5,2151155,651227,1223709
3147716,12,2151258,2151255,1223736
3147717,32,2151257,2151256,1223736
3147718,11,2151301,986396,1285036
3147719,17,2151304,986396,1285036
3147720,26,2151306,986396,1285036
3147721,28,2151307,986396,1285036
3147722,31,2151308,986396,1285036
3147723,36,651367,986396,1285036
3147724,49,651376,986396,1285036
3147725,54,2151313,986396,1285036
3147726,57,2151315,986396,1285036
3147727,6,2151344,2151341,1223760
3147728,10,2151345,2151341,1223760
3147729,15,2151347,2151341,1223760
3147730,20,2151349,2151341,1223760
3147731,25,2151351,2151341,1223760
3147732,30,2151353,2151341,1223760
3147733,34,2151354,2151341,1223760
3147734,39,2151356,2151341,1223760
3147735,44,2151358,2151341,1223760
3147736,48,2151360,2151341,1223760
3147737,68,651393,986396,1285036
3147738,6,2151436,2151434,1223770
3147739,11,2151439,2151434,1223770
3147740,16,2151441,2151434,1223770
3147741,21,2151443,2151434,1223770
3147742,26,2151445,2151434,1223770
3147743,31,2151452,2151434,1223770
3147744,36,2151454,2151434,1223770
3147745,41,2151456,2151434,1223770
3147746,46,2151458,2151434,1223770
3147747,50,2151459,2151434,1223770
3147748,54,2151461,2151434,1223770
3147749,10,2151559,651526,1223789
3147750,15,2151575,651526,1223789
3147751,19,2151578,651526,1223789
3147752,45,2151562,651526,1223789
3147753,50,2151565,651526,1223789
3147754,54,2151568,651526,1223789
3147755,58,2151571,651526,1223789
3147756,8,2151732,2151731,1223800
3147757,8,2151751,2151746,1223804
3147758,12,2151752,2151746,1223804
3147759,17,2151754,2151746,1223804
3147760,22,2151756,2151746,1223804
3147761,27,2151758,2151746,1223804
3147762,32,2151760,2151746,1223804
3147763,37,2151762,2151746,1223804
3147764,42,2151764,2151746,1223804
3147765,47,2151766,2151746,1223804
3147766,52,2151768,2151746,1223804
3147767,87,2151770,2151746,1223804
3147768,10,2151991,651757,1223855
3147769,51,2152121,651923,1223894
3147770,94,2152255,986678,1285094
3147771,96,2152254,2152253,1285094
3147772,155,2152245,986688,1285094
3147773,12,652916,2153325,1224304
3147774,14,652917,2153325,1224304
3147775,4,2153525,2153523,1285174
3147776,74,653305,2153665,1224377
3147777,81,653315,2153669,1224377
3147778,90,653321,2153661,1224377
3147779,60,2153696,987207,1285179
3147780,66,2153697,987207,1285179
3147781,3,2153742,2153741,1285182
3147782,3,2153752,2153751,1285183
3147783,5,2153759,2153758,1224396
3147784,6,2153780,2153779,1224398
3147785,10,653350,2153782,1224398
3147786,14,2153786,2153785,1224398
3147787,22,2153775,2153774,1224398
3147788,8,653364,2153791,1224394
3147789,10,653361,2153791,1224394
3147790,5,2153801,2153800,1224404
3147791,13,653363,2153791,1224394
3147792,3,2153842,2153841,1285189
3147793,35,653978,2154945,1224637
3147794,68,654013,2154933,1224637
3147795,28,654108,2155267,1285228
3147796,55,2155793,2155789,1224792
3147797,56,654416,2155797,1224792
3147798,10,654493,2155969,1224830
3147799,10,2156200,987851,1224873
3147800,13,2156201,987851,1224873
3147801,396,2156277,654893,1224870
3147802,398,2156286,654893,1224870
3147803,419,2156285,654893,1224870
3147804,426,654924,654893,1224870
3147805,11,2156594,988029,1285312
3147806,20,2156596,988029,1285312
3147807,11,2156622,988045,1285313
3147808,20,2156624,988045,1285313
3147809,8,2156639,2156638,1224933
3147810,10,2156641,2156640,1224933
3147811,17,2156642,2156638,1224933
3147812,19,2156643,2156640,1224933
3147813,11,2156652,988049,1285314
3147814,20,2156654,988049,1285314
3147815,4,2156867,2156865,1225001
3147816,39,655377,2156936,1225038
3147817,11,2157015,655395,1225057
3147818,13,2157017,655395,1225057
3147819,15,2157019,655395,1225057
3147820,16,2157018,655395,1225057
3147821,18,2157021,655395,1225057
3147822,19,2157020,655395,1225057
3147823,8,2157038,988221,1225067
3147824,8,2157260,988254,1225098
3147825,9,2157530,988415,1225179
3147826,12,2157532,988415,1225179
3147827,9,2157552,988419,1225185
3147828,12,2157554,988419,1225185
3147829,9,2157575,988421,1225191
3147830,12,2157577,988421,1225191
3147831,10,655930,2157762,1225206
3147832,37,2157732,988505,1225160
3147833,69,2157736,988505,1225160
3147834,116,2157749,988509,1225160
3147835,120,2157753,988509,1225160
3147836,104,656526,988843,1225333
3147837,13,2158673,2158672,1285413
3147838,28,2158671,2158670,1285413
3147839,41,2158658,656753,1285413
3147840,9,656779,2158733,1225490
3147841,13,2158738,2158734,1225490
3147842,11,2158774,2158773,1225502
3147843,35,657003,2158914,1225552
3147844,27,2159320,2159308,1225681
3147845,31,2159313,2159311,1225681
3147846,42,2159329,2159316,1225681
3147847,87,2159327,2159291,1225681
3147848,91,2159296,2159294,1225681
3147849,102,2159338,2159300,1225681
3147850,17,2159376,2159375,1225697
3147851,23,2159390,2159389,1225697
3147852,34,2159385,2159384,1225697
3147853,11,2159488,657399,1285496
3147854,25,2159516,2159515,1285501
3147855,9,2159572,2159571,1225733
3147856,9,2159578,657444,1285502
3147857,12,2159579,657444,1285502
3147858,24,2159559,2159558,1225729
3147859,42,2159555,2159554,1225729
3147860,14,2159601,2159603,1225737
3147861,24,2159600,2159603,1225737
3147862,4,2159659,2159658,1225764
3147863,4,2159665,2159664,1225769
3147864,4,2159675,2159674,1225772
3147865,12,657592,2159700,1285510
3147866,14,657593,2159701,1285510
3147867,16,657594,2159702,1285510
3147868,18,657595,2159703,1285510
3147869,20,657596,2159704,1285510
3147870,22,657597,2159705,1285510
3147871,24,657598,2159706,1285510
3147872,26,657599,2159707,1285510
3147873,28,657600,2159708,1285510
3147874,30,657601,2159709,1285510
3147875,38,657610,2159688,1285510
3147876,40,657611,2159689,1285510
3147877,42,657612,2159690,1285510
3147878,44,657613,2159691,1285510
3147879,46,657614,2159692,1285510
3147880,48,657615,2159693,1285510
3147881,50,657616,2159695,1285510
3147882,52,657617,2159696,1285510
3147883,16,657639,989330,1225780
3147884,40,657715,657705,1225782
3147885,8,2159833,989389,1225820
3147886,64,657772,2159832,1225812
3147887,108,657797,989448,1225812
3147888,32,658090,658082,1225942
3147889,15,2160205,2160199,1225966
3147890,19,2160207,2160199,1225966
3147891,3,2160294,2160293,1225973
3147892,3,2160328,2160327,1225992
3147893,4,658199,658197,1225994
3147894,8,658198,658197,1225994
3147895,9,658200,658197,1225994
3147896,10,658201,658197,1225994
3147897,16,2160339,658197,1225994
3147898,20,658207,658197,1225994
3147899,21,658208,658197,1225994
3147900,22,658209,658197,1225994
3147901,4,658234,658230,1226007
3147902,8,658231,658230,1226007
3147903,9,658235,658230,1226007
3147904,10,658236,658230,1226007
3147905,11,658237,658230,1226007
3147906,12,658238,658230,1226007
3147907,18,2160361,658230,1226007
3147908,21,2160364,658230,1226007
3147909,25,658243,658230,1226007
3147910,26,658244,658230,1226007
3147911,27,658245,658230,1226007
3147912,28,658246,658230,1226007
3147913,29,658247,658230,1226007
3147914,16,2160428,658285,1226043
3147915,17,2160430,658285,1226043
3147916,45,2160423,658285,1226043
3147917,48,2160424,658285,1226043
3147918,52,658324,658285,1226043
3147919,53,658325,658285,1226043
3147920,59,658331,658285,1226043
3147921,60,658332,658285,1226043
3147922,61,658329,658285,1226043
3147923,62,658330,658285,1226043
3147924,69,658341,658285,1226043
3147925,70,658342,658285,1226043
3147926,71,658337,658285,1226043
3147927,72,658338,658285,1226043
3147928,73,658339,658285,1226043
3147929,74,658340,658285,1226043
3147930,26,2161007,658592,1226199
3147931,29,2161008,658592,1226199
3147932,59,2161025,658592,1226199
3147933,62,2161026,658592,1226199
3147934,66,658617,658592,1226199
3147935,67,658618,658592,1226199
3147936,72,658624,658592,1226199
3147937,73,658625,658592,1226199
3147938,74,658622,658592,1226199
3147939,75,658623,658592,1226199
3147940,81,658632,658592,1226199
3147941,82,658633,658592,1226199
3147942,83,658628,658592,1226199
3147943,84,658629,658592,1226199
3147944,85,658630,658592,1226199
3147945,86,658631,658592,1226199
3147946,14,658679,2161159,1226268
3147947,19,2161188,658713,1226298
3147948,31,658785,2161190,1226294
3147949,58,2161337,658783,1226289
3147950,55,658868,658877,1226341
3147951,57,658869,2161483,1226341
3147952,73,2161476,658877,1226341
3147953,7,2161767,2161765,1226394
3147954,12,2161815,2161765,1226394
3147955,23,2161776,2161770,1226394
3147956,25,2161777,2161770,1226394
3147957,28,2161779,2161775,1226394
3147958,30,2161781,2161775,1226394
3147959,38,2161798,2161770,1226394
3147960,39,2161792,2161770,1226394
3147961,40,2161787,2161770,1226394
3147962,45,659028,2161770,1226394
3147963,47,659030,2161770,1226394
3147964,50,659034,2161770,1226394
3147965,55,2161803,2161765,1226394
3147966,63,2161807,2161765,1226394
3147967,8,2161864,2161862,1226410
3147968,13,2161899,2161862,1226410
3147969,17,2161901,2161862,1226410
3147970,22,2161904,2161862,1226410
3147971,37,2161913,2161868,1226410
3147972,39,2161914,2161868,1226410
3147973,42,2161916,2161868,1226410
3147974,47,659052,2161868,1226410
3147975,49,659054,2161868,1226410
3147976,52,659056,2161868,1226410
3147977,55,659061,2161868,1226410
3147978,63,2161873,659050,1226410
3147979,70,2161885,2161868,1226410
3147980,71,2161881,2161868,1226410
3147981,72,2161878,2161868,1226410
3147982,73,2161876,2161868,1226410
3147983,81,2161888,2161862,1226410
3147984,89,2161892,2161862,1226410
3147985,4,2162104,2162103,1226463
3147986,9,2162514,990207,1226569
3147987,3,659454,659586,1226515
3147988,4,659408,659586,1226515
3147989,9,2162519,659586,1226515
3147990,24,659443,659586,1226515
3147991,25,659442,659586,1226515
3147992,30,659450,659586,1226515
3147993,22,659481,990259,1226576
3147994,64,659503,990276,1226576
3147995,77,659509,990280,1226576
3147996,240,659612,659586,1226515
3147997,241,659611,659586,1226515
3147998,262,2162537,659586,1226515
3147999,266,2162539,659586,1226515
3148000,276,2162533,659586,1226515
3148001,280,2162535,659586,1226515
3148002,323,2162574,659586,1226515
3148003,324,2162575,659586,1226515
3148004,7,2163084,990395,1226710
3148005,42,2163172,2163171,1285727
3148006,66,2163246,2163195,1285727
3148007,104,2163250,2163176,1285727
3148008,107,2163217,2163178,1285727
3148009,20,2163299,2163297,1226730
3148010,256,2163003,659854,1226640
3148011,260,2162948,659854,1226640
3148012,15,2163464,2163462,1226754
3148013,20,2163461,2163460,1226754
3148014,27,2163621,2163620,1226780
3148015,58,2163629,2163628,1226780
3148016,7,2163920,2163919,1226842
3148017,9,2163957,2163956,1226845
3148018,8,2164255,2164254,1226961
3148019,5,2164413,2164412,1227056
3148020,9,2164560,2164559,1227095
3148021,8,2164810,2164809,1227174
3148022,26,661221,2164830,1227177
3148023,12,2165061,2165059,1227304
3148024,18,2165477,2165476,1285827
3148025,21,2165479,2165478,1285827
3148026,24,2165481,2165480,1285827
3148027,8,662021,2165696,1285852
3148028,18,2165888,2165885,1227721
3148029,108,2166079,2166046,1227755
3148030,23,2166282,2166278,1227805
3148031,309,2166029,2166028,1227755
3148032,341,2166104,2166015,1227755
3148033,374,2166110,2166015,1227755
3148034,414,2166023,2166015,1227755
3148035,417,662420,2166015,1227755
3148036,23,2166329,2166327,1227850
3148037,19,2166465,2166460,1285900
3148038,46,2166471,2166457,1285900
3148039,35,2166532,2166522,1285903
3148040,46,2167426,992063,1228223
3148041,62,2167413,992063,1228223
3148042,66,2167425,992063,1228223
3148043,70,2167415,992063,1228223
3148044,74,2167423,992063,1228223
3148045,78,2167417,992063,1228223
3148046,82,2167421,992063,1228223
3148047,85,2167418,992063,1228223
3148048,88,2167419,992063,1228223
3148049,100,2167394,992063,1228223
3148050,104,2167411,992063,1228223
3148051,108,2167397,992063,1228223
3148052,112,2167409,992063,1228223
3148053,116,2167399,992063,1228223
3148054,120,2167407,992063,1228223
3148055,124,2167401,992063,1228223
3148056,128,2167405,992063,1228223
3148057,131,2167402,992063,1228223
3148058,134,2167403,992063,1228223
3148059,146,2167368,992063,1228223
3148060,150,2167392,992063,1228223
3148061,154,2167370,992063,1228223
3148062,158,2167390,992063,1228223
3148063,162,2167372,992063,1228223
3148064,166,2167388,992063,1228223
3148065,170,2167374,992063,1228223
3148066,174,2167386,992063,1228223
3148067,178,2167376,992063,1228223
3148068,182,2167384,992063,1228223
3148069,186,2167378,992063,1228223
3148070,190,2167382,992063,1228223
3148071,193,2167379,992063,1228223
3148072,196,2167380,992063,1228223
3148073,208,2167346,992063,1228223
3148074,212,2167366,992063,1228223
3148075,216,2167348,992063,1228223
3148076,220,2167364,992063,1228223
3148077,224,2167350,992063,1228223
3148078,228,2167362,992063,1228223
3148079,232,2167352,992063,1228223
3148080,236,2167360,992063,1228223
3148081,240,2167354,992063,1228223
3148082,244,2167358,992063,1228223
3148083,247,2167355,992063,1228223
3148084,250,2167356,992063,1228223
3148085,262,2167311,992063,1228223
3148086,266,2167344,992063,1228223
3148087,270,2167313,992063,1228223
3148088,274,2167342,992063,1228223
3148089,278,2167315,992063,1228223
3148090,282,2167340,992063,1228223
3148091,286,2167317,992063,1228223
3148092,290,2167338,992063,1228223
3148093,294,2167320,992063,1228223
3148094,298,2167336,992063,1228223
3148095,302,2167323,992063,1228223
3148096,306,2167334,992063,1228223
3148097,310,2167325,992063,1228223
3148098,314,2167332,992063,1228223
3148099,317,2167327,992063,1228223
3148100,320,2167330,992063,1228223
3148101,373,2167329,992063,1228223
3148102,5,2167855,992268,1228485
3148103,13,2167853,992268,1228485
3148104,15,2167859,992268,1228485
3148105,15,2167999,664027,1228558
3148106,31,2167997,664027,1228558
3148107,33,2167996,664027,1228558
3148108,21,2168056,2168047,1228591
3148109,28,2168059,2168058,1228591
3148110,31,664075,2168061,1228591
3148111,27,664301,664311,1228675
3148112,20,2168439,2168428,1228801
3148113,73,2168441,2168428,1228801
3148114,77,2168443,2168428,1228801
3148115,10,2168530,2168526,1228980
3148116,23,664878,664857,1228986
3148117,78,2168581,664962,1228986
3148118,96,2168597,664962,1228986
3148119,114,664964,664962,1228986
3148120,122,665008,664857,1228986
3148121,17,665531,2169176,1229325
3148122,24,2169178,2169176,1229325
3148123,102,2169131,2169130,1285961
3148124,102,2169220,2169219,1285962
3148125,2,2169455,2169454,1229447
3148126,5,2169456,2169454,1229447
3148127,8,2169457,2169454,1229447
3148128,11,2169458,2169454,1229447
3148129,16,2169460,2169454,1229447
3148130,19,2169461,2169454,1229447
3148131,59,2169388,665870,1229425
3148132,2,2169481,2169480,1229456
3148133,4,2169482,2169480,1229456
3148134,65,665786,665870,1229425
3148135,71,665809,665870,1229425
3148136,77,665849,665870,1229425
3148137,85,665868,665870,1229425
3148138,94,2169390,665870,1229425
3148139,104,665909,665870,1229425
3148140,105,665910,665870,1229425
3148141,116,2169393,665870,1229425
3148142,118,2169394,665870,1229425
3148143,120,2169395,665870,1229425
3148144,124,2169396,665870,1229425
3148145,20,2169639,666119,1229531
3148146,26,666031,666119,1229531
3148147,32,666042,666119,1229531
3148148,38,666047,666119,1229531
3148149,44,666059,666119,1229531
3148150,50,666064,666119,1229531
3148151,59,2169645,666119,1229531
3148152,73,2169648,666119,1229531
3148153,75,2169650,666119,1229531
3148154,77,2169652,666119,1229531
3148155,79,2169654,666119,1229531
3148156,91,2169660,666119,1229531
3148157,93,2169661,666119,1229531
3148158,45,2170005,2170000,1229776
3148159,2,2170139,2170135,1229943
3148160,50,2170192,2170191,1229987
3148161,3,2170277,2170276,1230055
3148162,18,2170625,667579,1230257
3148163,24,667520,667579,1230257
3148164,30,667530,667579,1230257
3148165,36,667535,667579,1230257
3148166,45,2170629,667579,1230257
3148167,6,2170769,2170768,1286004
3148168,15,2170787,2170785,1286005
3148169,8,2170810,2170809,1286007
3148170,61,2170631,667579,1230257
3148171,63,2170632,667579,1230257
3148172,75,2170634,667579,1230257
3148173,77,2170635,667579,1230257
3148174,4,2170885,2170884,1286011
3148175,4,2170891,2170890,1286012
3148176,4,667679,2170919,1230361
3148177,6,2170921,2170920,1230361
3148178,8,2170923,2170922,1230361
3148179,10,2170926,2170925,1230361
3148180,12,2171003,2171002,1230377
3148181,19,2170929,667679,1230361
3148182,32,2170944,667679,1230361
3148183,61,2170933,2170923,1230361
3148184,62,2170934,2170921,1230361
3148185,63,2170935,2170926,1230361
3148186,7,2171057,2171056,1230389
3148187,14,2171065,2171064,1230391
3148188,15,2171083,2171082,1230396
3148189,14,2171099,2171098,1230404
3148190,16,2171191,2171190,1286021
3148191,25,2171198,2171197,1286021
3148192,10,2171234,667877,1230429
3148193,22,2171239,667877,1230429
3148194,19,2171263,667947,1230432
3148195,9,2171304,994070,1230434
3148196,16,2171306,994070,1230434
3148197,25,667904,667947,1230432
3148198,31,667909,667947,1230432
3148199,37,667914,667947,1230432
3148200,43,667931,667947,1230432
3148201,23,2171369,2171368,1230436
3148202,25,2171371,2171364,1230436
3148203,52,2171268,667947,1230432
3148204,23,2171414,2171413,1230442
3148205,25,2171416,2171410,1230442
3148206,23,2171449,2171435,1230447
3148207,48,2171437,2171435,1230447
3148208,55,2171443,2171450,1230447
3148209,66,2171270,667947,1230432
3148210,68,2171271,667947,1230432
3148211,70,2171272,667947,1230432
3148212,13,2171510,2171509,1286037
3148213,21,667982,2171501,1286037
3148214,5,2171533,2171532,1230453
3148215,82,2171274,667947,1230432
3148216,84,2171275,667947,1230432
3148217,5,2171542,2171541,1230455
3148218,8,2171549,2171548,1286039
3148219,18,2171563,2171562,1286039
3148220,11,2171595,2171594,1286040
3148221,5,2171650,2171648,1286044
3148222,8,2171684,2171683,1286048
3148223,10,2171714,2171713,1286049
3148224,15,2171731,2171730,1286050
3148225,14,668096,2171754,1230482
3148226,9,668108,2171785,1230491
3148227,36,2171826,2171825,1230491
3148228,72,2171808,2171806,1230491
3148229,12,2171872,2171869,1230493
3148230,16,2171877,2171874,1230493
3148231,50,2171776,668225,1230488
3148232,56,668172,668225,1230488
3148233,20,2171906,2171905,1230497
3148234,25,2171912,2171911,1230497
3148235,66,668190,668225,1230488
3148236,20,2171966,2171965,1230510
3148237,28,2171973,2171971,1230510
3148238,86,2171790,668225,1230488
3148239,7,2172030,2172024,1230516
3148240,90,2171793,668225,1230488
3148241,8,2172039,2172019,1230518
3148242,16,2172036,2172024,1230516
3148243,17,2172048,2172019,1230518
3148244,26,2172029,2172019,1230518
3148245,5,2172082,2172063,1230525
3148246,16,2172085,2172063,1230525
3148247,27,2172073,2172063,1230525
3148248,20,2172129,2172128,1230538
3148249,44,2172186,2172185,1230556
3148250,50,2172191,2172190,1230556
3148251,85,2172209,2172206,1230556
3148252,110,2172174,2172173,1230556
3148253,29,2172278,668487,1230568
3148254,35,668411,668487,1230568
3148255,41,668419,668487,1230568
3148256,53,2172416,2172376,1230582
3148257,47,668446,668487,1230568
3148258,61,2172365,2172364,1230582
3148259,98,2172389,2172386,1230582
3148260,53,668465,668487,1230568
3148261,128,2172432,2172352,1230582
3148262,9,2172485,2172484,1230636
3148263,11,2172487,2172486,1230636
3148264,18,2172489,2172484,1230636
3148265,20,2172490,2172486,1230636
3148266,62,2172288,668487,1230568
3148267,77,2172290,668487,1230568
3148268,79,2172292,668487,1230568
3148269,81,2172293,668487,1230568
3148270,83,2172294,668487,1230568
3148271,95,2172296,668487,1230568
3148272,97,2172297,668487,1230568
3148273,10,2172581,2172577,1230683
3148274,2,2172652,2172650,1230697
3148275,43,2172605,2172604,1230681
3148276,49,2172610,2172609,1230681
3148277,73,2172596,2172595,1230681
3148278,3,2172663,2172662,1230706
3148279,31,2172687,2172686,1230711
3148280,37,2172692,2172691,1230711
3148281,62,2172675,2172674,1230711
3148282,28,2172795,2172794,1230721
3148283,35,2172802,2172801,1230721
3148284,76,2172769,2172768,1230721
3148285,82,2172774,2172773,1230721
3148286,87,2172781,2172779,1230721
3148287,35,2172906,2172905,1230758
3148288,9,668714,2172968,1230778
3148289,48,2172957,2172956,1230778
3148290,3,668725,2172984,1230786
3148291,14,2172990,2172984,1230786
3148292,60,668840,2173057,1230817
3148293,2,2173108,2173107,1230829
3148294,4,2173268,2173267,1286102
3148295,5,2173275,2173274,1230895
3148296,10,669131,2173359,1286108
3148297,8,2173382,2173381,1286109
3148298,13,2173386,2173385,1286109
3148299,39,2173377,2173395,1286109
3148300,7,2173449,2173435,1230959
3148301,19,2173456,2173435,1230959
3148302,3,2173478,2173477,1230970
3148303,9,2173512,2173508,1230981
3148304,6,669266,2173536,1230966
3148305,17,669275,2173636,1230966
3148306,11,2173804,2173801,1231007
3148307,62,2173716,2173648,1230966
3148308,135,2173633,669356,1230966
3148309,138,2173634,669356,1230966
3148310,168,2173727,2173595,1230966
3148311,174,2173729,2173599,1230966
3148312,214,2173610,2173609,1230966
3148313,313,2173686,2173551,1230966
3148314,318,2173762,2173554,1230966
3148315,357,2173572,2173571,1230966
3148316,74,2173885,2173884,1231034
3148317,80,2173891,2173890,1231034
3148318,120,2173902,2173901,1231034
3148319,8,2174042,2174038,1231062
3148320,17,2174052,2174038,1231062
3148321,12,2174080,2174079,1231069
3148322,40,2174095,2174079,1231069
3148323,11,2174172,2174171,1286134
3148324,69,669772,2174278,1231106
3148325,72,669773,2174280,1231106
3148326,17,669956,2174474,1231158
3148327,36,2174480,2174479,1231158
3148328,46,2174499,2174498,1231158
3148329,44,2174587,670005,1231146
3148330,46,2174586,2174585,1231146
3148331,8,2174725,2174723,1231192
3148332,8,670126,2174730,1231197
3148333,2,2174766,2174763,1231211
3148334,16,2174760,2174759,1231206
3148335,69,2174692,2174685,1231188
3148336,75,2174691,2174690,1231188
3148337,10,670196,2174829,1231230
3148338,23,2174845,2174844,1231230
3148339,39,2174837,2174836,1231230
3148340,3,670294,2174916,1286172
3148341,49,670298,2174879,1231238
3148342,72,670311,2174875,1231238
3148343,11,2175014,670383,1231271
3148344,15,2175018,670383,1231271
3148345,8,2175137,670459,1231312
3148346,13,2175140,670459,1231312
3148347,17,2175143,670459,1231312
3148348,17,2175239,2175237,1231338
3148349,9,2175258,2175257,1231347
3148350,38,2175503,2175502,1231488
3148351,39,2175505,2175503,1231488
3148352,44,2175520,2175518,1231488
3148353,57,2175529,2175527,1231488
3148354,62,2175514,2175513,1231488
3148355,63,2175516,2175514,1231488
3148356,76,2175508,2175507,1231488
3148357,6,2175580,2175579,1286232
3148358,7,2175581,2175580,1286232
3148359,13,670859,2175647,1231545
3148360,3,2175930,2175929,1231696
3148361,8,670972,2175933,1231696
3148362,10,2175942,2175935,1231696
3148363,15,2175975,2175974,1286239
3148364,19,2175978,2175977,1286239
3148365,58,2175968,2175966,1286239
3148366,2,2176171,2176170,1286249
3148367,3,2176172,2176171,1286249
3148368,13,2176942,2176941,1232073
3148369,22,2176947,2176946,1232073
3148370,33,2176954,2176953,1232073
3148371,6,2177279,2177278,1286306
3148372,16,2177300,2177296,1286307
3148373,8,2177322,2177321,1286310
3148374,4,2177435,2177434,1286312
3148375,4,2177441,2177440,1286313
3148376,8,2177454,2177453,1232190
3148377,14,2177524,2177523,1286314
3148378,35,2177521,2177520,1286314
3148379,55,2177512,2177511,1286314
3148380,12,2177629,2177628,1232211
3148381,7,2177746,2177745,1232218
3148382,229,672382,2177644,1286323
3148383,230,672383,2177643,1286323
3148384,240,672385,2177645,1286323
3148385,12,2177800,2177799,1232222
3148386,13,2177833,2177832,1232230
3148387,12,2177863,2177862,1232239
3148388,10,2177928,672429,1232248
3148389,11,2177927,672429,1232248
3148390,13,2177932,672429,1232248
3148391,14,2177929,672429,1232248
3148392,22,2177919,672429,1232248
3148393,23,2177920,672429,1232248
3148394,35,2177924,672429,1232248
3148395,43,2177933,672429,1232248
3148396,50,2177925,672429,1232248
3148397,51,2177926,672429,1232248
3148398,55,2177922,672429,1232248
3148399,22,2178128,2178127,1232333
3148400,30,2178132,2178130,1232333
3148401,24,2178603,672956,1232609
3148402,44,672951,672956,1232609
3148403,66,2178609,672956,1232609
3148404,69,2178611,672956,1232609
3148405,15,2178680,673010,1232648
3148406,17,673002,673010,1232648
3148407,23,2178703,673010,1232648
3148408,26,673006,673010,1232648
3148409,36,2178689,673010,1232648
3148410,39,673016,673010,1232648
3148411,10,2178768,2178767,1232683
3148412,13,2178770,2178767,1232683
3148413,10,2178873,2178866,1286394
3148414,12,2178871,2178867,1286394
3148415,15,2178870,2178869,1286394
3148416,21,2178858,2178851,1286394
3148417,23,2178856,2178852,1286394
3148418,26,2178855,2178854,1286394
3148419,31,2178864,2178860,1286394
3148420,34,2178863,2178862,1286394
3148421,41,2178849,2178845,1286394
3148422,44,2178848,2178847,1286394
3148423,10,2178914,2178906,1286397
3148424,13,2178912,2178911,1286397
3148425,30,673091,2178984,1232713
3148426,32,673092,2178985,1232713
3148427,35,673102,2178986,1232713
3148428,38,673103,2178990,1232713
3148429,65,2178960,2178959,1232713
3148430,71,2178965,2178964,1232713
3148431,77,2178948,2178947,1232713
3148432,96,2178953,2178952,1232713
3148433,17,673165,2179104,1232721
3148434,30,673171,2179104,1232721
3148435,56,673176,2179104,1232721
3148436,101,673184,2179104,1232721
3148437,17,673199,2179240,1232753
3148438,30,673201,2179240,1232753
3148439,56,673203,2179240,1232753
3148440,101,673210,2179240,1232753
3148441,22,2179347,673243,1232774
3148442,32,2179387,673245,1232774
3148443,80,2179348,673243,1232774
3148444,82,673255,673245,1232774
3148445,89,2179386,673243,1232774
3148446,101,2179361,673245,1232774
3148447,151,2179365,673243,1232774
3148448,172,2179372,673243,1232774
3148449,178,2179374,673245,1232774
3148450,199,2179378,673245,1232774
3148451,304,2179382,673245,1232774
3148452,30,2179699,673375,1232793
3148453,45,2179725,673377,1232793
3148454,93,2179700,673377,1232793
3148455,95,673398,673375,1232793
3148456,104,2179724,673375,1232793
3148457,118,2179704,673377,1232793
3148458,168,2179707,673377,1232793
3148459,194,2179710,673377,1232793
3148460,200,2179711,673375,1232793
3148461,226,2179714,673375,1232793
3148462,334,2179719,673377,1232793
3148463,253,2179917,673506,1232804
3148464,257,2179919,673506,1232804
3148465,3,2180109,2180108,1232831
3148466,11,2180111,2180110,1232831
3148467,9,2180314,2180313,1232902
3148468,3,673801,2180771,1286461
3148469,20,673807,2180783,1286461
3148470,28,673814,2180781,1286461
3148471,18,2181415,996613,1286542
3148472,9,2181613,2181606,1233282
3148473,11,2181615,2181606,1233282
3148474,18,2181948,996860,1286583
3148475,11,2182021,996905,1233371
3148476,17,2182014,2182013,1233371
3148477,22,2182018,2182017,1233371
3148478,32,2182089,2182088,1233388
3148479,39,2182094,2182093,1233388
3148480,17,2182135,996948,1286590
3148481,42,2182178,2182177,1233395
3148482,63,2182171,2182170,1233395
3148483,70,2182176,2182175,1233395
3148484,12,2182735,997240,1233592
3148485,2,2183395,2183393,1233825
3148486,6,2183397,2183393,1233825
3148487,2,2183459,2183455,1233840
3148488,2,2183466,2183464,1233850
3148489,6,2183468,2183464,1233850
3148490,25,2183574,997690,1233901
3148491,30,676337,997690,1233901
3148492,37,676338,997690,1233901
3148493,70,2183570,997690,1233901
3148494,75,676380,997690,1233901
3148495,82,676381,997690,1233901
3148496,24,2183652,997743,1233958
3148497,29,676446,997743,1233958
3148498,36,676447,997743,1233958
3148499,68,2183647,997743,1233958
3148500,73,676475,997743,1233958
3148501,80,676476,997743,1233958
3148502,26,676558,997793,1234004
3148503,36,676559,997793,1234004
3148504,73,2183748,997793,1234004
3148505,127,676632,997793,1234004
3148506,137,676633,997793,1234004
3148507,174,2183736,997793,1234004
3148508,15,2184116,997919,1234132
3148509,24,2184126,997919,1234132
3148510,29,2184120,997919,1234132
3148511,43,2184123,997925,1234132
3148512,20,2184243,997978,1234161
3148513,23,2184245,997978,1234161
3148514,11,2184357,2184335,1234185
3148515,17,2184359,2184338,1234185
3148516,27,2184360,2184353,1234185
3148517,33,2184362,2184356,1234185
3148518,41,2184377,2184343,1234185
3148519,47,2184379,2184346,1234185
3148520,53,2184381,2184349,1234185
3148521,59,2184382,2184341,1234185
3148522,5,2184445,2184439,1234192
3148523,12,2184444,2184443,1234192
3148524,24,677588,2185071,1234336
3148525,66,677633,998358,1234333
3148526,39,2185167,677721,1234347
3148527,78,2185162,677721,1234347
3148528,97,2185160,677721,1234347
3148529,26,677780,998424,1234358
3148530,29,2185340,2185329,1234358
3148531,35,677786,2185329,1234358
3148532,54,677799,998432,1234358
3148533,57,2185338,2185333,1234358
3148534,63,677803,2185333,1234358
3148535,85,2185354,2185333,1234358
3148536,93,2185357,2185329,1234358
3148537,10,677916,2186064,1234401
3148538,18,678253,998712,1234521
3148539,22,678256,998712,1234521
3148540,27,678339,998758,1234552
3148541,28,678375,998773,1234585
3148542,2,678468,2186695,1234646
3148543,5,678472,2186695,1234646
3148544,5,2186859,2186858,1286850
3148545,8,2186869,2186868,1286851
3148546,3,2186884,2186883,1286852
3148547,6,2186896,2186895,1286853
3148548,6,2186916,2186915,1286854
3148549,8,2186937,2186923,1234704
3148550,2,2187475,2187474,1234841
3148551,18,2187605,2187604,1234892
3148552,11,2187635,2187634,1234904
3148553,12,2187650,2187649,1234907
3148554,5,2187681,2187680,1234911
3148555,5,2187706,2187705,1234913
3148556,4,2187720,2187715,1234918
3148557,6,2187718,2187717,1234918
3148558,8,2187721,2187720,1234918
3148559,5,2187752,2187745,1234924
3148560,7,2187749,2187748,1234924
3148561,30,679273,2187861,1234944
3148562,33,2187909,2187875,1234944
3148563,26,679310,2187922,1234953
3148564,37,679324,2187922,1234953
3148565,49,679336,2187922,1234953
3148566,4,2188054,2188053,1234977
3148567,4,2188059,2188058,1234979
3148568,3,2188065,2188064,1234981
3148569,49,2188127,2188120,1235001
3148570,81,2188111,2188105,1235001
3148571,100,2188114,2188113,1235001
3148572,3,2188206,2188204,1235034
3148573,9,2188234,2188231,1235032
3148574,40,2188256,2188255,1235043
3148575,42,2188259,2188258,1235043
3148576,7,2188281,2188278,1235047
3148577,76,2188318,2188317,1235054
3148578,78,2188321,2188320,1235054
3148579,39,2188480,2188479,1235091
3148580,91,2188487,2188485,1235091
3148581,74,2188598,2188597,1235126
3148582,76,2188601,2188600,1235126
3148583,34,2188669,2188668,1235136
3148584,36,2188670,2188657,1235136
3148585,66,2188745,2188744,1235162
3148586,70,2188747,2188732,1235162
3148587,32,2188818,2188817,1235181
3148588,83,2188823,679792,1235181
3148589,65,2188897,2188896,1235194
3148590,69,2188900,2188898,1235194
3148591,9,2188937,999415,1235200
3148592,12,2188939,999415,1235200
3148593,21,2189212,2189211,1286968
3148594,25,680033,2189213,1286968
3148595,131,2189201,2189199,1286968
3148596,136,680102,2189205,1286968
3148597,4,2189339,2189338,1235375
3148598,143,2189203,2189202,1286968
3148599,5,2189356,680136,1235377
3148600,10,680141,680136,1235377
3148601,18,2189417,2189433,1235379
3148602,21,2189420,2189433,1235379
3148603,26,2189426,2189433,1235379
3148604,29,2189430,2189433,1235379
3148605,34,2189406,2189433,1235379
3148606,39,2189411,2189433,1235379
3148607,44,2189435,2189433,1235379
3148608,12,680539,2189818,1235473
3148609,30,2189826,2189819,1235473
3148610,11,2189934,999782,1287037
3148611,20,2189936,999782,1287037
3148612,11,2189968,999794,1287039
3148613,20,2189970,999794,1287039
3148614,11,2190004,999819,1287041
3148615,20,2190006,999819,1287041
3148616,9,680703,2190048,1287043
3148617,13,2190087,999851,1235536
3148618,16,2190090,999851,1235536
3148619,9,2190116,999854,1235552
3148620,12,2190118,999854,1235552
3148621,30,2190129,999856,1287053
3148622,41,2190131,999856,1287053
3148623,16,681066,2190478,1287086
3148624,8,2190743,2190742,1235759
3148625,15,2190841,2190829,1235781
3148626,23,2191323,681848,1235904
3148627,33,2191322,681848,1235904
3148628,62,681863,2191340,1235904
3148629,90,2191315,2191314,1235904
3148630,94,681882,2191316,1235904
3148631,99,681896,2191318,1235904
3148632,23,2191452,681978,1235946
3148633,48,2191447,681978,1235946
3148634,51,682002,681978,1235946
3148635,62,682010,681978,1235946
3148636,67,682022,681978,1235946
3148637,71,682031,681978,1235946
3148638,78,2191459,681978,1235946
3148639,19,2191599,682154,1235962
3148640,22,682164,682154,1235962
3148641,33,682171,682154,1235962
3148642,36,682175,682154,1235962
3148643,88,2191595,2191594,1235962
3148644,100,2191586,2191584,1235962
3148645,7,2191732,2191731,1287177
3148646,9,2191853,1000539,1236048
3148647,12,2191855,1000539,1236048
3148648,32,2191875,2191870,1236039
3148649,35,2191873,2191872,1236039
3148650,38,2191880,682352,1236039
3148651,40,2191879,682352,1236039
3148652,20,2191934,1000554,1287189
3148653,45,2191931,1000554,1287189
3148654,50,2191933,1000554,1287189
3148655,16,682410,1000581,1287197
3148656,28,2192071,1000581,1287197
3148657,40,2192074,1000582,1287197
3148658,68,2192139,2192135,1236082
3148659,71,2192138,2192137,1236082
3148660,75,2192142,2192141,1236082
3148661,89,2192146,2192096,1236082
3148662,91,2192145,2192096,1236082
3148663,94,2192148,2192096,1236082
3148664,107,2192154,2192151,1236082
3148665,109,2192153,2192096,1236082
3148666,114,2192158,2192157,1236082
3148667,119,2192175,2192171,1236082
3148668,122,2192174,2192173,1236082
3148669,125,2192180,2192096,1236082
3148670,128,2192179,2192178,1236082
3148671,138,2192199,2192096,1236082
3148672,141,2192202,2192200,1236082
3148673,145,2192206,2192096,1236082
3148674,149,2192162,2192096,1236082
3148675,151,2192161,2192096,1236082
3148676,155,2192167,2192164,1236082
3148677,157,2192166,2192096,1236082
3148678,210,2192125,2192122,1236082
3148679,212,2192124,2192096,1236082
3148680,214,2192126,2192096,1236082
3148681,245,2192112,2192096,1236082
3148682,248,2192111,2192110,1236082
3148683,251,2192114,2192113,1236082
3148684,31,2192365,1000609,1287203
3148685,33,2192368,1000609,1287203
3148686,36,2192372,2192371,1287203
3148687,59,682459,2192354,1287203
3148688,14,2192431,2192427,1236108
3148689,18,2192442,1000611,1236108
3148690,27,2192434,2192427,1236108
3148691,29,2192435,2192427,1236108
3148692,36,682472,1000612,1236108
3148693,30,2192537,2192530,1236123
3148694,34,2192539,1000641,1236123
3148695,52,2192541,2192530,1236123
3148696,54,2192542,2192530,1236123
3148697,61,682532,1000646,1236123
3148698,23,2192610,2192597,1236148
3148699,26,682556,2192597,1236148
3148700,43,682563,2192604,1236148
3148701,47,2192607,2192606,1236148
3148702,52,2192609,1000662,1236148
3148703,55,682567,1000662,1236148
3148704,61,2192633,1000662,1236148
3148705,63,682570,1000662,1236148
3148706,67,682572,1000662,1236148
3148707,23,2192756,2192754,1287219
3148708,25,682683,2192800,1287221
3148709,27,682689,2192804,1287221
3148710,33,682695,2192799,1287221
3148711,66,2193019,2193017,1236213
3148712,70,2193020,2193017,1236213
3148713,3,2193250,2193249,1236306
3148714,8,682967,2193269,1236316
3148715,8,683130,683125,1236397
3148716,17,683140,2193555,1236397
3148717,30,683153,2193557,1236397
3148718,10,2193611,2193607,1236421
3148719,14,2193644,2193631,1287274
3148720,22,2193774,2193766,1287283
3148721,12,2193852,2193825,1236490
3148722,29,2193844,683328,1236490
3148723,11,2194006,2194005,1236537
3148724,4,683448,2194099,1236549
3148725,7,683449,2194101,1236549
3148726,11,2194136,2194135,1236561
3148727,8,2194183,2194182,1236570
3148728,22,2194212,2194211,1236567
3148729,25,2194205,2194196,1236567
3148730,8,2194235,2194234,1236575
3148731,6,2194261,2194260,1287302
3148732,10,2194292,2194291,1236591
3148733,12,683596,2194348,1236599
3148734,16,2194350,2194349,1236599
3148735,19,2194353,2194351,1236599
3148736,12,683631,2194426,1236607
3148737,14,683632,2194427,1236607
3148738,18,683634,2194471,1236607
3148739,20,683635,2194472,1236607
3148740,23,2194429,2194428,1236607
3148741,26,2194446,2194445,1236607
3148742,29,2194449,2194447,1236607
3148743,31,683639,2194448,1236607
3148744,37,2194453,2194452,1236607
3148745,40,2194455,2194454,1236607
3148746,45,2194460,2194459,1236607
3148747,48,2194462,2194461,1236607
3148748,66,2194431,2194430,1236607
3148749,69,2194433,2194432,1236607
3148750,75,683643,2194434,1236607
3148751,82,2194437,2194436,1236607
3148752,85,2194439,2194438,1236607
3148753,88,2194442,2194441,1236607
3148754,91,2194444,2194443,1236607
3148755,3,683682,2194637,1287311
3148756,6,683684,2194638,1287311
3148757,9,683686,2194639,1287311
3148758,8,2194724,2194723,1236670
3148759,12,2194726,2194723,1236670
3148760,38,2194732,2194731,1236670
3148761,48,2194747,2194723,1236670
3148762,53,2194749,2194723,1236670
3148763,59,2194744,2194723,1236670
3148764,62,2194745,2194723,1236670
3148765,70,2194740,2194723,1236670
3148766,73,2194741,2194723,1236670
3148767,76,2194742,2194723,1236670
3148768,79,2194743,2194723,1236670
3148769,88,2194734,2194723,1236670
3148770,91,2194735,2194723,1236670
3148771,94,2194736,2194723,1236670
3148772,97,2194737,2194723,1236670
3148773,100,2194738,2194723,1236670
3148774,103,2194739,2194723,1236670
3148775,10,2194849,2194848,1236681
3148776,14,2194851,2194848,1236681
3148777,41,2194857,2194856,1236681
3148778,52,2194886,2194848,1236681
3148779,57,2194888,2194848,1236681
3148780,63,2194873,2194848,1236681
3148781,66,2194874,2194848,1236681
3148782,73,2194867,2194848,1236681
3148783,76,2194868,2194848,1236681
3148784,79,2194869,2194848,1236681
3148785,82,2194872,2194848,1236681
3148786,90,2194860,2194848,1236681
3148787,93,2194861,2194848,1236681
3148788,96,2194862,2194848,1236681
3148789,99,2194863,2194848,1236681
3148790,102,2194864,2194848,1236681
3148791,105,2194865,2194848,1236681
3148792,15,683886,683884,1236694
3148793,16,683887,683884,1236694
3148794,22,2194988,2194986,1236694
3148795,28,2194996,2194993,1236694
3148796,29,2194995,683884,1236694
3148797,35,2195005,2195002,1236694
3148798,36,2195003,683884,1236694
3148799,40,683891,683884,1236694
3148800,41,683892,683884,1236694
3148801,44,683896,683884,1236694
3148802,45,683897,683884,1236694
3148803,48,683899,683884,1236694
3148804,49,683900,683884,1236694
3148805,50,683901,683884,1236694
3148806,51,683902,683884,1236694
3148807,54,683904,683884,1236694
3148808,55,683905,683884,1236694
3148809,56,683906,683884,1236694
3148810,57,683907,683884,1236694
3148811,58,683908,683884,1236694
3148812,59,683909,683884,1236694
3148813,3,2195235,2195234,1236777
3148814,33,2195316,2195315,1236797
3148815,36,2195318,2195317,1236797
3148816,9,2195395,2195394,1287368
3148817,28,684240,1001503,1287362
3148818,7,684285,2195526,1236826
3148819,14,684559,1001736,1236948
3148820,3,2196008,2196007,1237031
3148821,19,2196041,2196039,1237052
3148822,25,684635,2196065,1237057
3148823,37,684664,684637,1237062
3148824,49,2196097,2196096,1237062
3148825,19,2196135,2196131,1237086
3148826,23,2196134,2196133,1237086
3148827,25,684723,2196155,1237091
3148828,29,684725,2196157,1237091
3148829,48,2196123,2196122,1237076
3148830,3,2196199,2196197,1237096
3148831,6,2196220,2196218,1237100
3148832,28,684742,2196239,1237100
3148833,34,2196347,1001817,1237130
3148834,37,2196349,2196348,1237130
3148835,84,2196424,2196422,1237122
3148836,15,2196517,2196510,1287448
3148837,17,2196512,2196511,1287448
3148838,44,2196503,2196499,1287448
3148839,47,2196502,2196501,1287448
3148840,37,2196535,2196534,1237140
3148841,3,684834,2196558,1237146
3148842,22,684842,2196558,1237146
3148843,15,684923,2196684,1237155
3148844,18,2196689,2196693,1237155
3148845,21,684939,2196684,1237155
3148846,33,2196687,2196693,1237155
3148847,18,2196846,2196856,1237191
3148848,27,2196847,2196856,1237191
3148849,36,2196849,2196856,1237191
3148850,48,2196850,2196856,1237191
3148851,26,2197402,2197400,1287498
3148852,34,2197406,2197403,1287498
3148853,41,2197412,2197410,1287498
3148854,58,2197396,2197387,1287498
3148855,10,2197656,1002240,1237380
3148856,9,2197769,1002256,1287521
3148857,8,685793,2198555,1287551
3148858,9,2199158,2199156,1237484
3148859,13,2199162,2199160,1237484
3148860,9,2199195,2199193,1237489
3148861,13,2199197,2199196,1237489
3148862,3,2199369,2199368,1237505
3148863,8,2199391,2199385,1237507
3148864,97,686237,686327,1237584
3148865,144,2200658,686327,1237584
3148866,145,686253,686327,1237584
3148867,158,2200666,686327,1237584
3148868,256,686315,686327,1237584
3148869,8,686337,2201031,1287618
3148870,9,2201384,1002676,1237782
3148871,30,686860,2201541,1237814
3148872,20,2201751,2201749,1237881
3148873,36,2201755,2201753,1237881
3148874,33,687191,2201879,1237899
3148875,36,687211,2201881,1237899
3148876,50,687223,2201892,1237899
3148877,8,687229,2201957,1287673
3148878,3,2202078,2202077,1237939
3148879,8,2202093,2202092,1237939
3148880,13,2202097,2202096,1237939
3148881,21,2202082,2202081,1237939
3148882,36,2202089,2202088,1237939
3148883,43,2202086,2202085,1237939
3148884,124,687582,2203658,1238022
3148885,19,2204267,1003183,1238076
3148886,8,2204678,2204676,1238216
3148887,36,2205014,2205011,1238351
3148888,41,688264,2205011,1238351
3148889,13,2205403,688617,1238508
3148890,19,688804,688796,1238541
3148891,20,688805,688796,1238541
3148892,21,2205561,688796,1238541
3148893,23,2205562,688796,1238541
3148894,18,2205572,688818,1238539
3148895,27,2205630,688818,1238539
3148896,28,2205626,688818,1238539
3148897,32,2205573,688818,1238539
3148898,34,2205574,688818,1238539
3148899,54,2205631,688818,1238539
3148900,55,2205620,688818,1238539
3148901,58,2205622,688818,1238539
3148902,61,2205624,688818,1238539
3148903,65,2205576,688818,1238539
3148904,67,2205577,688818,1238539
3148905,70,2205579,688818,1238539
3148906,73,2205581,688818,1238539
3148907,106,2205604,688818,1238539
3148908,108,2205605,688818,1238539
3148909,110,2205606,688818,1238539
3148910,112,2205607,688818,1238539
3148911,114,2205608,688818,1238539
3148912,116,2205609,688818,1238539
3148913,118,2205610,688818,1238539
3148914,120,2205611,688818,1238539
3148915,122,2205612,688818,1238539
3148916,124,2205613,688818,1238539
3148917,126,2205614,688818,1238539
3148918,128,2205615,688818,1238539
3148919,130,2205616,688818,1238539
3148920,132,2205617,688818,1238539
3148921,134,2205619,688818,1238539
3148922,139,2205632,688818,1238539
3148923,141,2205590,688818,1238539
3148924,143,2205591,688818,1238539
3148925,145,2205592,688818,1238539
3148926,147,2205593,688818,1238539
3148927,149,2205594,688818,1238539
3148928,151,2205595,688818,1238539
3148929,153,2205596,688818,1238539
3148930,155,2205597,688818,1238539
3148931,157,2205598,688818,1238539
3148932,159,2205599,688818,1238539
3148933,161,2205600,688818,1238539
3148934,163,2205601,688818,1238539
3148935,165,2205602,688818,1238539
3148936,167,2205603,688818,1238539
3148937,14,2205722,2205720,1238587
3148938,17,2205725,2205724,1238587
3148939,13,2205749,688906,1238592
3148940,8,689031,2205880,1287873
3148941,15,2205919,2205918,1238630
3148942,25,2205923,2205888,1238630
3148943,28,2205924,2205890,1238630
3148944,31,2205925,2205892,1238630
3148945,46,2205939,2205908,1238630
3148946,49,2205940,2205910,1238630
3148947,52,2205942,2205913,1238630
3148948,16,2206061,2206060,1238694
3148949,19,2206064,2206063,1238694
3148950,22,2206066,2206065,1238694
3148951,26,2206069,2206068,1238694
3148952,34,2206072,2206071,1238694
3148953,9,2206106,2206105,1238702
3148954,16,689393,2206109,1238702
3148955,32,2206146,2206145,1238710
3148956,11,2206378,1003940,1287902
3148957,12,2206418,1003956,1238809
3148958,31,2206505,689789,1238833
3148959,9,2206520,1004022,1287911
3148960,21,2206534,689802,1238838
3148961,16,2206550,1004036,1238842
3148962,24,2206552,1004036,1238842
3148963,27,2206554,1004036,1238842
3148964,12,2206621,1004055,1238851
3148965,24,2206732,1004110,1238864
3148966,9,2206790,689995,1287919
3148967,13,2206901,1004214,1238906
3148968,23,2206905,1004218,1238906
3148969,9,2207015,2207011,1238929
3148970,23,2207077,690258,1238936
3148971,73,2207142,2207141,1287935
3148972,10,2207254,690344,1238948
3148973,12,2207309,690425,1238957
3148974,13,2207380,2207373,1238969
3148975,16,2207420,2207409,1238976
3148976,16,2207480,2207470,1238978
3148977,36,690609,690599,1239005
3148978,36,690696,690689,1239017
3148979,38,690794,690788,1239022
3148980,19,2207842,2207833,1239031
3148981,19,2207862,2207853,1239035
3148982,11,2207941,2207937,1239044
3148983,7,2207970,2207968,1239057
3148984,10,690992,2207980,1239063
3148985,24,691027,691003,1239066
3148986,27,691038,691003,1239066
3148987,13,2208063,2208055,1239088
3148988,4,2208106,691088,1239098
3148989,31,691156,691132,1239117
3148990,22,691286,691280,1239166
3148991,63,2208342,1004774,1239166
3148992,12,2208399,2208398,1239178
3148993,11,2208415,2208412,1239183
3148994,4,2208430,2208428,1239194
3148995,4,691340,2208437,1239196
3148996,13,2208478,2208450,1239198
3148997,35,2208466,2208465,1239198
3148998,47,2208483,2208482,1239198
3148999,69,2208454,2208452,1239198
3149000,24,691352,2208508,1239203
3149001,27,691353,2208508,1239203
3149002,19,2208548,2208547,1287974
3149003,33,691418,2208548,1287974
3149004,82,691576,1004868,1287977
3149005,5,2208716,2208715,1239264
3149006,8,691639,2208717,1239264
3149007,5,2208751,2208750,1239268
3149008,8,2208753,2208752,1239268
3149009,17,2208758,2208757,1239268
3149010,37,2208924,2208926,1239314
3149011,45,2209029,2209026,1288011
3149012,5,2209129,2209128,1239367
3149013,5,2209136,2209135,1239369
3149014,4,2209309,2209308,1239442
3149015,32,692033,2209375,1239433
3149016,74,692043,2209385,1239433
3149017,123,692061,2209390,1239433
3149018,13,692083,2209483,1239459
3149019,12,692086,1005195,1239462
3149020,22,692100,2209572,1239464
3149021,22,692119,2209703,1239468
3149022,14,692161,692150,1239477
3149023,14,692196,692192,1239490
3149024,5,2210417,2210411,1239514
3149025,11,2210421,2210411,1239514
3149026,2,2210427,2210426,1239518
3149027,4,2210430,2210426,1239518
3149028,8,2210432,2210426,1239518
3149029,68,2210946,692389,1239638
3149030,76,2210952,692396,1239638
3149031,82,692417,692390,1239638
3149032,83,692418,692397,1239638
3149033,101,692424,2210933,1239638
3149034,108,692430,2210941,1239638
3149035,8,2210994,1005343,1239661
3149036,5,2211099,2211098,1239686
3149037,3,2211153,2211152,1239723
3149038,3,2211387,2211386,1239771
3149039,5,2211451,2211450,1288075
3149040,10,2211455,2211454,1288075
3149041,6,2211464,2211463,1239777
3149042,6,2211486,2211485,1239786
3149043,5,2211505,2211504,1239789
3149044,7,2211513,2211512,1239792
3149045,5,2211553,2211552,1239824
3149046,4,2211570,2211569,1239832
3149047,5,2211576,2211575,1239835
3149048,4,2211613,2211610,1239663
3149049,5,2211612,2211611,1239663
3149050,7,2211615,2211610,1239663
3149051,8,2211614,2211611,1239663
3149052,10,2211617,2211610,1239663
3149053,11,2211616,2211611,1239663
3149054,14,2211621,2211610,1239663
3149055,15,2211620,2211611,1239663
3149056,17,2211623,2211610,1239663
3149057,18,2211622,2211611,1239663
3149058,21,2211627,2211610,1239663
3149059,22,2211626,2211611,1239663
3149060,25,2211631,2211610,1239663
3149061,26,2211630,2211611,1239663
3149062,28,2211633,2211610,1239663
3149063,29,2211632,2211611,1239663
3149064,32,2211637,2211610,1239663
3149065,33,2211636,2211611,1239663
3149066,36,2211641,2211610,1239663
3149067,37,2211640,2211611,1239663
3149068,40,2211645,2211610,1239663
3149069,41,2211644,2211611,1239663
3149070,43,2211647,2211610,1239663
3149071,44,2211646,2211611,1239663
3149072,47,2211651,2211610,1239663
3149073,48,2211650,2211611,1239663
3149074,51,2211655,2211610,1239663
3149075,52,2211654,2211611,1239663
3149076,55,2211659,2211610,1239663
3149077,56,2211658,2211611,1239663
3149078,59,2211663,2211610,1239663
3149079,60,2211662,2211611,1239663
3149080,62,2211665,2211610,1239663
3149081,63,2211664,2211611,1239663
3149082,66,2211669,2211610,1239663
3149083,67,2211668,2211611,1239663
3149084,70,2211673,2211610,1239663
3149085,71,2211672,2211611,1239663
3149086,74,2211677,2211610,1239663
3149087,75,2211676,2211611,1239663
3149088,78,2211681,2211610,1239663
3149089,79,2211680,2211611,1239663
3149090,82,2211685,2211610,1239663
3149091,83,2211684,2211611,1239663
3149092,85,2211687,2211610,1239663
3149093,86,2211686,2211611,1239663
3149094,89,2211691,2211610,1239663
3149095,90,2211690,2211611,1239663
3149096,93,2211695,2211610,1239663
3149097,94,2211694,2211611,1239663
3149098,97,2211699,2211610,1239663
3149099,98,2211698,2211611,1239663
3149100,101,2211703,2211610,1239663
3149101,102,2211702,2211611,1239663
3149102,105,2211707,2211610,1239663
3149103,106,2211706,2211611,1239663
3149104,109,2211711,2211610,1239663
3149105,110,2211710,2211611,1239663
3149106,112,2211713,2211610,1239663
3149107,113,2211712,2211611,1239663
3149108,116,2211717,2211610,1239663
3149109,117,2211716,2211611,1239663
3149110,120,2211721,2211610,1239663
3149111,121,2211720,2211611,1239663
3149112,124,2211725,2211610,1239663
3149113,125,2211724,2211611,1239663
3149114,128,2211729,2211610,1239663
3149115,129,2211728,2211611,1239663
3149116,132,2211733,2211610,1239663
3149117,133,2211732,2211611,1239663
3149118,136,2211737,2211610,1239663
3149119,137,2211736,2211611,1239663
3149120,140,2211741,2211610,1239663
3149121,141,2211740,2211611,1239663
3149122,143,2211743,2211610,1239663
3149123,144,2211742,2211611,1239663
3149124,147,2211747,2211610,1239663
3149125,148,2211746,2211611,1239663
3149126,151,2211751,2211610,1239663
3149127,152,2211750,2211611,1239663
3149128,155,2211755,2211610,1239663
3149129,156,2211754,2211611,1239663
3149130,159,2211759,2211610,1239663
3149131,160,2211758,2211611,1239663
3149132,163,2211763,2211610,1239663
3149133,164,2211762,2211611,1239663
3149134,167,2211767,2211610,1239663
3149135,168,2211766,2211611,1239663
3149136,171,2211771,2211610,1239663
3149137,172,2211770,2211611,1239663
3149138,175,2211775,2211610,1239663
3149139,176,2211774,2211611,1239663
3149140,178,2211777,2211610,1239663
3149141,179,2211776,2211611,1239663
3149142,182,2211781,2211610,1239663
3149143,183,2211780,2211611,1239663
3149144,186,2211785,2211610,1239663
3149145,187,2211784,2211611,1239663
3149146,190,2211789,2211610,1239663
3149147,191,2211788,2211611,1239663
3149148,194,2211793,2211610,1239663
3149149,195,2211792,2211611,1239663
3149150,198,2211797,2211610,1239663
3149151,199,2211796,2211611,1239663
3149152,202,2211801,2211610,1239663
3149153,203,2211800,2211611,1239663
3149154,206,2211805,2211610,1239663
3149155,207,2211804,2211611,1239663
3149156,210,2211809,2211610,1239663
3149157,211,2211808,2211611,1239663
3149158,214,2211813,2211610,1239663
3149159,215,2211812,2211611,1239663
3149160,217,2211815,2211610,1239663
3149161,218,2211814,2211611,1239663
3149162,221,2211819,2211610,1239663
3149163,222,2211818,2211611,1239663
3149164,225,2211823,2211610,1239663
3149165,226,2211822,2211611,1239663
3149166,229,2211827,2211610,1239663
3149167,230,2211826,2211611,1239663
3149168,233,2211831,2211610,1239663
3149169,234,2211830,2211611,1239663
3149170,237,2211835,2211610,1239663
3149171,238,2211834,2211611,1239663
3149172,241,2211839,2211610,1239663
3149173,242,2211838,2211611,1239663
3149174,245,2211843,2211610,1239663
3149175,246,2211842,2211611,1239663
3149176,249,2211847,2211610,1239663
3149177,250,2211846,2211611,1239663
3149178,253,2211851,2211610,1239663
3149179,254,2211850,2211611,1239663
3149180,257,2211855,2211610,1239663
3149181,258,2211854,2211611,1239663
3149182,260,2211857,2211610,1239663
3149183,261,2211856,2211611,1239663
3149184,264,2211861,2211610,1239663
3149185,265,2211860,2211611,1239663
3149186,268,2211865,2211610,1239663
3149187,269,2211864,2211611,1239663
3149188,272,2211869,2211610,1239663
3149189,273,2211868,2211611,1239663
3149190,276,2211873,2211610,1239663
3149191,277,2211872,2211611,1239663
3149192,280,2211877,2211610,1239663
3149193,281,2211876,2211611,1239663
3149194,284,2211881,2211610,1239663
3149195,285,2211880,2211611,1239663
3149196,288,2211885,2211610,1239663
3149197,289,2211884,2211611,1239663
3149198,292,2211889,2211610,1239663
3149199,293,2211888,2211611,1239663
3149200,296,2211893,2211610,1239663
3149201,297,2211892,2211611,1239663
3149202,300,2211897,2211610,1239663
3149203,301,2211896,2211611,1239663
3149204,304,2211901,2211610,1239663
3149205,305,2211900,2211611,1239663
3149206,307,2211903,2211610,1239663
3149207,308,2211902,2211611,1239663
3149208,311,2211907,2211610,1239663
3149209,312,2211906,2211611,1239663
3149210,315,2211911,2211610,1239663
3149211,316,2211910,2211611,1239663
3149212,319,2211915,2211610,1239663
3149213,320,2211914,2211611,1239663
3149214,323,2211919,2211610,1239663
3149215,324,2211918,2211611,1239663
3149216,327,2211923,2211610,1239663
3149217,328,2211922,2211611,1239663
3149218,331,2211927,2211610,1239663
3149219,332,2211926,2211611,1239663
3149220,335,2211931,2211610,1239663
3149221,336,2211930,2211611,1239663
3149222,339,2211935,2211610,1239663
3149223,340,2211934,2211611,1239663
3149224,343,2211939,2211610,1239663
3149225,344,2211938,2211611,1239663
3149226,347,2211943,2211610,1239663
3149227,348,2211942,2211611,1239663
3149228,351,2211947,2211610,1239663
3149229,352,2211946,2211611,1239663
3149230,355,2211951,2211610,1239663
3149231,356,2211950,2211611,1239663
3149232,358,2211953,2211610,1239663
3149233,359,2211952,2211611,1239663
3149234,362,2211957,2211610,1239663
3149235,363,2211956,2211611,1239663
3149236,366,2211961,2211610,1239663
3149237,367,2211960,2211611,1239663
3149238,370,2211965,2211610,1239663
3149239,371,2211964,2211611,1239663
3149240,374,2211969,2211610,1239663
3149241,375,2211968,2211611,1239663
3149242,378,2211973,2211610,1239663
3149243,379,2211972,2211611,1239663
3149244,382,2211977,2211610,1239663
3149245,383,2211976,2211611,1239663
3149246,386,2211981,2211610,1239663
3149247,387,2211980,2211611,1239663
3149248,390,2211985,2211610,1239663
3149249,391,2211984,2211611,1239663
3149250,394,2211989,2211610,1239663
3149251,395,2211988,2211611,1239663
3149252,398,2211993,2211610,1239663
3149253,399,2211992,2211611,1239663
3149254,402,2211997,2211610,1239663
3149255,403,2211996,2211611,1239663
3149256,406,2212001,2211610,1239663
3149257,407,2212000,2211611,1239663
3149258,410,2212005,2211610,1239663
3149259,411,2212004,2211611,1239663
3149260,413,2212007,2211610,1239663
3149261,414,2212006,2211611,1239663
3149262,417,2212011,2211610,1239663
3149263,418,2212010,2211611,1239663
3149264,421,2212015,2211610,1239663
3149265,422,2212014,2211611,1239663
3149266,425,2212020,2211610,1239663
3149267,426,2212019,2211611,1239663
3149268,429,2212024,2211610,1239663
3149269,430,2212023,2211611,1239663
3149270,433,2212028,2211610,1239663
3149271,434,2212027,2211611,1239663
3149272,437,2212032,2211610,1239663
3149273,438,2212031,2211611,1239663
3149274,441,2212036,2211610,1239663
3149275,442,2212035,2211611,1239663
3149276,445,2212040,2211610,1239663
3149277,446,2212039,2211611,1239663
3149278,449,2212044,2211610,1239663
3149279,450,2212043,2211611,1239663
3149280,453,2212048,2211610,1239663
3149281,454,2212047,2211611,1239663
3149282,457,2212052,2211610,1239663
3149283,458,2212051,2211611,1239663
3149284,461,2212056,2211610,1239663
3149285,462,2212055,2211611,1239663
3149286,465,2212060,2211610,1239663
3149287,466,2212059,2211611,1239663
3149288,469,2212064,2211610,1239663
3149289,470,2212063,2211611,1239663
3149290,472,2212066,2211610,1239663
3149291,473,2212065,2211611,1239663
3149292,476,2212070,2211610,1239663
3149293,477,2212069,2211611,1239663
3149294,480,2212074,2211610,1239663
3149295,481,2212073,2211611,1239663
3149296,484,2212078,2211610,1239663
3149297,485,2212077,2211611,1239663
3149298,488,2212082,2211610,1239663
3149299,489,2212081,2211611,1239663
3149300,492,2212086,2211610,1239663
3149301,493,2212085,2211611,1239663
3149302,496,2212090,2211610,1239663
3149303,497,2212089,2211611,1239663
3149304,500,2212094,2211610,1239663
3149305,501,2212093,2211611,1239663
3149306,504,2212098,2211610,1239663
3149307,505,2212097,2211611,1239663
3149308,508,2212102,2211610,1239663
3149309,509,2212101,2211611,1239663
3149310,512,2212106,2211610,1239663
3149311,513,2212105,2211611,1239663
3149312,516,2212110,2211610,1239663
3149313,517,2212109,2211611,1239663
3149314,520,2212114,2211610,1239663
3149315,521,2212113,2211611,1239663
3149316,524,2212118,2211610,1239663
3149317,525,2212117,2211611,1239663
3149318,528,2212122,2211610,1239663
3149319,529,2212121,2211611,1239663
3149320,532,2212126,2211610,1239663
3149321,533,2212125,2211611,1239663
3149322,535,2212128,2211610,1239663
3149323,536,2212127,2211611,1239663
3149324,539,2212132,2211610,1239663
3149325,540,2212131,2211611,1239663
3149326,543,2212136,2211610,1239663
3149327,544,2212135,2211611,1239663
3149328,547,2212140,2211610,1239663
3149329,548,2212139,2211611,1239663
3149330,551,2212144,2211610,1239663
3149331,552,2212143,2211611,1239663
3149332,555,2212148,2211610,1239663
3149333,556,2212147,2211611,1239663
3149334,559,2212152,2211610,1239663
3149335,560,2212151,2211611,1239663
3149336,563,2212156,2211610,1239663
3149337,564,2212155,2211611,1239663
3149338,567,2212160,2211610,1239663
3149339,568,2212159,2211611,1239663
3149340,571,2212164,2211610,1239663
3149341,572,2212163,2211611,1239663
3149342,575,2212168,2211610,1239663
3149343,576,2212167,2211611,1239663
3149344,579,2212172,2211610,1239663
3149345,580,2212171,2211611,1239663
3149346,583,2212176,2211610,1239663
3149347,584,2212175,2211611,1239663
3149348,587,2212180,2211610,1239663
3149349,588,2212179,2211611,1239663
3149350,591,2212184,2211610,1239663
3149351,592,2212183,2211611,1239663
3149352,595,2212188,2211610,1239663
3149353,596,2212187,2211611,1239663
3149354,599,2212192,2211610,1239663
3149355,600,2212191,2211611,1239663
3149356,602,2212194,2211610,1239663
3149357,603,2212193,2211611,1239663
3149358,606,2212198,2211610,1239663
3149359,607,2212197,2211611,1239663
3149360,610,2212202,2211610,1239663
3149361,611,2212201,2211611,1239663
3149362,614,2212206,2211610,1239663
3149363,615,2212205,2211611,1239663
3149364,618,2212210,2211610,1239663
3149365,619,2212209,2211611,1239663
3149366,622,2212214,2211610,1239663
3149367,623,2212213,2211611,1239663
3149368,626,2212218,2211610,1239663
3149369,627,2212217,2211611,1239663
3149370,630,2212222,2211610,1239663
3149371,631,2212221,2211611,1239663
3149372,634,2212226,2211610,1239663
3149373,635,2212225,2211611,1239663
3149374,638,2212230,2211610,1239663
3149375,639,2212229,2211611,1239663
3149376,642,2212234,2211610,1239663
3149377,643,2212233,2211611,1239663
3149378,646,2212238,2211610,1239663
3149379,647,2212237,2211611,1239663
3149380,650,2212242,2211610,1239663
3149381,651,2212241,2211611,1239663
3149382,654,2212246,2211610,1239663
3149383,655,2212245,2211611,1239663
3149384,658,2212250,2211610,1239663
3149385,659,2212249,2211611,1239663
3149386,662,2212254,2211610,1239663
3149387,663,2212253,2211611,1239663
3149388,666,2212262,2211610,1239663
3149389,667,2212261,2211611,1239663
3149390,670,2212267,2211610,1239663
3149391,671,2212266,2211611,1239663
3149392,673,2212269,2211610,1239663
3149393,674,2212268,2211611,1239663
3149394,677,2212273,2211610,1239663
3149395,678,2212272,2211611,1239663
3149396,681,2212277,2211610,1239663
3149397,682,2212276,2211611,1239663
3149398,685,2212281,2211610,1239663
3149399,686,2212280,2211611,1239663
3149400,689,2212286,2211610,1239663
3149401,690,2212285,2211611,1239663
3149402,693,2212290,2211610,1239663
3149403,694,2212289,2211611,1239663
3149404,697,2212294,2211610,1239663
3149405,698,2212293,2211611,1239663
3149406,701,2212300,2211610,1239663
3149407,702,2212299,2211611,1239663
3149408,705,2212305,2211610,1239663
3149409,706,2212304,2211611,1239663
3149410,709,2212309,2211610,1239663
3149411,710,2212308,2211611,1239663
3149412,713,2212313,2211610,1239663
3149413,714,2212312,2211611,1239663
3149414,717,2212317,2211610,1239663
3149415,718,2212316,2211611,1239663
3149416,721,2212321,2211610,1239663
3149417,722,2212320,2211611,1239663
3149418,725,2212325,2211610,1239663
3149419,726,2212324,2211611,1239663
3149420,729,2212329,2211610,1239663
3149421,730,2212328,2211611,1239663
3149422,733,2212333,2211610,1239663
3149423,734,2212332,2211611,1239663
3149424,737,2212337,2211610,1239663
3149425,738,2212336,2211611,1239663
3149426,741,2212341,2211610,1239663
3149427,742,2212340,2211611,1239663
3149428,745,2212345,2211610,1239663
3149429,746,2212344,2211611,1239663
3149430,748,2212347,2211610,1239663
3149431,749,2212346,2211611,1239663
3149432,752,2212351,2211610,1239663
3149433,753,2212350,2211611,1239663
3149434,756,2212355,2211610,1239663
3149435,757,2212354,2211611,1239663
3149436,760,2212359,2211610,1239663
3149437,761,2212358,2211611,1239663
3149438,764,2212363,2211610,1239663
3149439,765,2212362,2211611,1239663
3149440,768,2212367,2211610,1239663
3149441,769,2212366,2211611,1239663
3149442,772,2212371,2211610,1239663
3149443,773,2212370,2211611,1239663
3149444,776,2212375,2211610,1239663
3149445,777,2212374,2211611,1239663
3149446,780,2212379,2211610,1239663
3149447,781,2212378,2211611,1239663
3149448,784,2212383,2211610,1239663
3149449,785,2212382,2211611,1239663
3149450,788,2212387,2211610,1239663
3149451,789,2212386,2211611,1239663
3149452,22,2213095,1005485,1239874
3149453,792,2212391,2211610,1239663
3149454,793,2212390,2211611,1239663
3149455,796,2212395,2211610,1239663
3149456,797,2212394,2211611,1239663
3149457,800,2212399,2211610,1239663
3149458,801,2212398,2211611,1239663
3149459,804,2212403,2211610,1239663
3149460,805,2212402,2211611,1239663
3149461,808,2212407,2211610,1239663
3149462,809,2212406,2211611,1239663
3149463,812,2212411,2211610,1239663
3149464,41,2213096,1005485,1239874
3149465,813,2212410,2211611,1239663
3149466,816,2212415,2211610,1239663
3149467,817,2212414,2211611,1239663
3149468,819,2212418,2211610,1239663
3149469,820,2212416,2211611,1239663
3149470,823,2212422,2211610,1239663
3149471,824,2212421,2211611,1239663
3149472,827,2212426,2211610,1239663
3149473,828,2212425,2211611,1239663
3149474,46,692797,1005485,1239874
3149475,831,2212438,2211610,1239663
3149476,832,2212434,2211611,1239663
3149477,835,2212446,2211610,1239663
3149478,836,2212445,2211611,1239663
3149479,49,2213097,1005485,1239874
3149480,839,2212450,2211610,1239663
3149481,840,2212449,2211611,1239663
3149482,843,2212455,2211610,1239663
3149483,844,2212454,2211611,1239663
3149484,847,2212459,2211610,1239663
3149485,848,2212458,2211611,1239663
3149486,851,2212463,2211610,1239663
3149487,852,2212462,2211611,1239663
3149488,855,2212467,2211610,1239663
3149489,856,2212466,2211611,1239663
3149490,859,2212471,2211610,1239663
3149491,860,2212470,2211611,1239663
3149492,863,2212475,2211610,1239663
3149493,864,2212474,2211611,1239663
3149494,867,2212480,2211610,1239663
3149495,868,2212479,2211611,1239663
3149496,871,2212485,2211610,1239663
3149497,872,2212484,2211611,1239663
3149498,875,2212489,2211610,1239663
3149499,876,2212488,2211611,1239663
3149500,879,2212493,2211610,1239663
3149501,880,2212492,2211611,1239663
3149502,883,2212497,2211610,1239663
3149503,884,2212496,2211611,1239663
3149504,886,2212499,2211610,1239663
3149505,887,2212498,2211611,1239663
3149506,890,2212504,2211610,1239663
3149507,891,2212502,2211611,1239663
3149508,894,2212508,2211610,1239663
3149509,895,2212507,2211611,1239663
3149510,898,2212512,2211610,1239663
3149511,899,2212511,2211611,1239663
3149512,902,2212516,2211610,1239663
3149513,903,2212515,2211611,1239663
3149514,906,2212520,2211610,1239663
3149515,907,2212519,2211611,1239663
3149516,910,2212524,2211610,1239663
3149517,911,2212523,2211611,1239663
3149518,914,2212528,2211610,1239663
3149519,915,2212527,2211611,1239663
3149520,55,692801,1005485,1239874
3149521,918,2212532,2211610,1239663
3149522,919,2212531,2211611,1239663
3149523,922,2212536,2211610,1239663
3149524,923,2212535,2211611,1239663
3149525,926,2212540,2211610,1239663
3149526,927,2212539,2211611,1239663
3149527,930,2212544,2211610,1239663
3149528,931,2212543,2211611,1239663
3149529,934,2212548,2211610,1239663
3149530,935,2212547,2211611,1239663
3149531,938,2212552,2211610,1239663
3149532,939,2212551,2211611,1239663
3149533,942,2212556,2211610,1239663
3149534,943,2212555,2211611,1239663
3149535,946,2212560,2211610,1239663
3149536,947,2212559,2211611,1239663
3149537,949,2212562,2211610,1239663
3149538,950,2212561,2211611,1239663
3149539,953,2212566,2211610,1239663
3149540,954,2212565,2211611,1239663
3149541,957,2212570,2211610,1239663
3149542,958,2212569,2211611,1239663
3149543,961,2212574,2211610,1239663
3149544,962,2212573,2211611,1239663
3149545,965,2212578,2211610,1239663
3149546,966,2212577,2211611,1239663
3149547,969,2212582,2211610,1239663
3149548,970,2212581,2211611,1239663
3149549,973,2212586,2211610,1239663
3149550,974,2212585,2211611,1239663
3149551,977,2212590,2211610,1239663
3149552,978,2212589,2211611,1239663
3149553,981,2212594,2211610,1239663
3149554,982,2212593,2211611,1239663
3149555,985,2212598,2211610,1239663
3149556,986,2212597,2211611,1239663
3149557,989,2212602,2211610,1239663
3149558,990,2212601,2211611,1239663
3149559,993,2212606,2211610,1239663
3149560,994,2212605,2211611,1239663
3149561,997,2212610,2211610,1239663
3149562,998,2212609,2211611,1239663
3149563,1001,2212614,2211610,1239663
3149564,1002,2212613,2211611,1239663
3149565,1005,2212618,2211610,1239663
3149566,1006,2212617,2211611,1239663
3149567,1008,2212620,2211610,1239663
3149568,1009,2212619,2211611,1239663
3149569,1012,2212624,2211610,1239663
3149570,1013,2212623,2211611,1239663
3149571,1016,2212628,2211610,1239663
3149572,1017,2212627,2211611,1239663
3149573,1020,2212632,2211610,1239663
3149574,1021,2212631,2211611,1239663
3149575,1024,2212636,2211610,1239663
3149576,1025,2212635,2211611,1239663
3149577,84,692804,1005485,1239874
3149578,1028,2212640,2211610,1239663
3149579,1029,2212639,2211611,1239663
3149580,1032,2212644,2211610,1239663
3149581,1033,2212643,2211611,1239663
3149582,1036,2212648,2211610,1239663
3149583,1037,2212647,2211611,1239663
3149584,1040,2212652,2211610,1239663
3149585,1041,2212651,2211611,1239663
3149586,1044,2212656,2211610,1239663
3149587,1045,2212655,2211611,1239663
3149588,1048,2212666,2211610,1239663
3149589,1049,2212662,2211611,1239663
3149590,1052,2212677,2211610,1239663
3149591,1053,2212674,2211611,1239663
3149592,1056,2212684,2211610,1239663
3149593,1057,2212683,2211611,1239663
3149594,1060,2212688,2211610,1239663
3149595,1061,2212687,2211611,1239663
3149596,1063,2212690,2211610,1239663
3149597,1064,2212689,2211611,1239663
3149598,1067,2212694,2211610,1239663
3149599,1068,2212693,2211611,1239663
3149600,1071,2212698,2211610,1239663
3149601,1072,2212697,2211611,1239663
3149602,1075,2212702,2211610,1239663
3149603,1076,2212701,2211611,1239663
3149604,1079,2212706,2211610,1239663
3149605,1080,2212705,2211611,1239663
3149606,1083,2212710,2211610,1239663
3149607,1084,2212709,2211611,1239663
3149608,1087,2212714,2211610,1239663
3149609,1088,2212713,2211611,1239663
3149610,1091,2212718,2211610,1239663
3149611,1092,2212717,2211611,1239663
3149612,1095,2212722,2211610,1239663
3149613,1096,2212721,2211611,1239663
3149614,1099,2212726,2211610,1239663
3149615,1100,2212725,2211611,1239663
3149616,1103,2212731,2211610,1239663
3149617,1104,2212730,2211611,1239663
3149618,1107,2212735,2211610,1239663
3149619,1108,2212734,2211611,1239663
3149620,1111,2212739,2211610,1239663
3149621,1112,2212738,2211611,1239663
3149622,95,692808,1005485,1239874
3149623,1114,2212741,2211610,1239663
3149624,1115,2212740,2211611,1239663
3149625,1118,2212745,2211610,1239663
3149626,1119,2212744,2211611,1239663
3149627,1122,2212749,2211610,1239663
3149628,1123,2212748,2211611,1239663
3149629,1126,2212753,2211610,1239663
3149630,1127,2212752,2211611,1239663
3149631,1130,2212757,2211610,1239663
3149632,1131,2212756,2211611,1239663
3149633,1134,2212761,2211610,1239663
3149634,1135,2212760,2211611,1239663
3149635,1138,2212765,2211610,1239663
3149636,1139,2212764,2211611,1239663
3149637,1142,2212769,2211610,1239663
3149638,1143,2212768,2211611,1239663
3149639,1146,2212773,2211610,1239663
3149640,1147,2212772,2211611,1239663
3149641,1150,2212777,2211610,1239663
3149642,1151,2212776,2211611,1239663
3149643,1154,2212781,2211610,1239663
3149644,1155,2212780,2211611,1239663
3149645,1158,2212785,2211610,1239663
3149646,1159,2212784,2211611,1239663
3149647,1161,2212787,2211610,1239663
3149648,1162,2212786,2211611,1239663
3149649,1165,2212791,2211610,1239663
3149650,1166,2212790,2211611,1239663
3149651,1169,2212795,2211610,1239663
3149652,1170,2212794,2211611,1239663
3149653,1173,2212799,2211610,1239663
3149654,1174,2212798,2211611,1239663
3149655,1177,2212803,2211610,1239663
3149656,1178,2212802,2211611,1239663
3149657,1181,2212807,2211610,1239663
3149658,1182,2212806,2211611,1239663
3149659,1185,2212811,2211610,1239663
3149660,1186,2212810,2211611,1239663
3149661,1189,2212815,2211610,1239663
3149662,1190,2212814,2211611,1239663
3149663,1193,2212819,2211610,1239663
3149664,1194,2212818,2211611,1239663
3149665,1197,2212823,2211610,1239663
3149666,1198,2212822,2211611,1239663
3149667,1201,2212827,2211610,1239663
3149668,1202,2212826,2211611,1239663
3149669,1204,2212829,2211610,1239663
3149670,1205,2212828,2211611,1239663
3149671,1208,2212834,2211610,1239663
3149672,1209,2212832,2211611,1239663
3149673,1212,2212841,2211610,1239663
3149674,1213,2212839,2211611,1239663
3149675,1216,2212854,2211610,1239663
3149676,1217,2212850,2211611,1239663
3149677,1220,2212861,2211610,1239663
3149678,1221,2212859,2211611,1239663
3149679,1224,2212865,2211610,1239663
3149680,1225,2212864,2211611,1239663
3149681,1228,2212869,2211610,1239663
3149682,1229,2212868,2211611,1239663
3149683,1232,2212873,2211610,1239663
3149684,1233,2212872,2211611,1239663
3149685,1236,2212877,2211610,1239663
3149686,1237,2212876,2211611,1239663
3149687,1240,2212881,2211610,1239663
3149688,1241,2212880,2211611,1239663
3149689,1243,2212883,2211610,1239663
3149690,1244,2212882,2211611,1239663
3149691,1247,2212887,2211610,1239663
3149692,1248,2212886,2211611,1239663
3149693,1251,2212891,2211610,1239663
3149694,1252,2212890,2211611,1239663
3149695,1255,2212895,2211610,1239663
3149696,1256,2212894,2211611,1239663
3149697,1259,2212899,2211610,1239663
3149698,1260,2212898,2211611,1239663
3149699,1263,2212903,2211610,1239663
3149700,1264,2212902,2211611,1239663
3149701,1267,2212908,2211610,1239663
3149702,1268,2212907,2211611,1239663
3149703,1271,2212912,2211610,1239663
3149704,1272,2212911,2211611,1239663
3149705,1275,2212916,2211610,1239663
3149706,1276,2212915,2211611,1239663
3149707,1278,2212918,2211610,1239663
3149708,1279,2212917,2211611,1239663
3149709,1282,2212922,2211610,1239663
3149710,1283,2212921,2211611,1239663
3149711,1286,2212926,2211610,1239663
3149712,1287,2212925,2211611,1239663
3149713,1290,2212930,2211610,1239663
3149714,1291,2212929,2211611,1239663
3149715,1294,2212934,2211610,1239663
3149716,1295,2212933,2211611,1239663
3149717,1298,2212938,2211610,1239663
3149718,1299,2212937,2211611,1239663
3149719,1302,2212942,2211610,1239663
3149720,1303,2212941,2211611,1239663
3149721,1306,2212946,2211610,1239663
3149722,1307,2212945,2211611,1239663
3149723,1309,2212948,2211610,1239663
3149724,1310,2212947,2211611,1239663
3149725,1313,2212952,2211610,1239663
3149726,1314,2212951,2211611,1239663
3149727,1317,2212956,2211610,1239663
3149728,1318,2212955,2211611,1239663
3149729,1321,2212960,2211610,1239663
3149730,1322,2212959,2211611,1239663
3149731,1325,2212964,2211610,1239663
3149732,1326,2212963,2211611,1239663
3149733,1329,2212968,2211610,1239663
3149734,1330,2212967,2211611,1239663
3149735,1333,2212972,2211610,1239663
3149736,1334,2212971,2211611,1239663
3149737,1336,2212974,2211610,1239663
3149738,1337,2212973,2211611,1239663
3149739,1340,2212978,2211610,1239663
3149740,1341,2212977,2211611,1239663
3149741,1344,2212982,2211610,1239663
3149742,1345,2212981,2211611,1239663
3149743,1348,2212986,2211610,1239663
3149744,1349,2212985,2211611,1239663
3149745,1352,2212990,2211610,1239663
3149746,1353,2212989,2211611,1239663
3149747,1356,2212994,2211610,1239663
3149748,1357,2212993,2211611,1239663
3149749,1359,2212996,2211610,1239663
3149750,1360,2212995,2211611,1239663
3149751,1363,2213000,2211610,1239663
3149752,1364,2212999,2211611,1239663
3149753,1367,2213006,2211610,1239663
3149754,1368,2213005,2211611,1239663
3149755,1371,2213011,2211610,1239663
3149756,1372,2213009,2211611,1239663
3149757,1375,2213017,2211610,1239663
3149758,1376,2213015,2211611,1239663
3149759,1378,2213021,2211610,1239663
3149760,1379,2213019,2211611,1239663
3149761,1382,2213029,2211610,1239663
3149762,1383,2213027,2211611,1239663
3149763,1386,2213036,2211610,1239663
3149764,1387,2213034,2211611,1239663
3149765,1390,2213042,2211610,1239663
3149766,1391,2213041,2211611,1239663
3149767,1393,2213044,2211610,1239663
3149768,1394,2213043,2211611,1239663
3149769,1397,2213048,2211610,1239663
3149770,1398,2213047,2211611,1239663
3149771,1401,2213052,2211610,1239663
3149772,1402,2213051,2211611,1239663
3149773,1404,2213054,2211610,1239663
3149774,1405,2213053,2211611,1239663
3149775,1408,2213058,2211610,1239663
3149776,1409,2213057,2211611,1239663
3149777,2,692868,692867,1239880
3149778,3,692869,692867,1239880
3149779,4,692870,692867,1239880
3149780,5,692871,692867,1239880
3149781,6,692872,692867,1239880
3149782,7,692873,692867,1239880
3149783,8,692874,692867,1239880
3149784,9,692875,692867,1239880
3149785,10,692876,692867,1239880
3149786,11,692877,692867,1239880
3149787,12,692878,692867,1239880
3149788,13,692879,692867,1239880
3149789,14,692880,692867,1239880
3149790,15,692881,692867,1239880
3149791,16,692882,692867,1239880
3149792,17,692883,692867,1239880
3149793,18,692884,692867,1239880
3149794,19,692885,692867,1239880
3149795,20,692886,692867,1239880
3149796,3,2213201,2213199,1239882
3149797,4,2213200,2213199,1239882
3149798,6,2213203,2213199,1239882
3149799,7,2213202,2213199,1239882
3149800,10,2213206,2213199,1239882
3149801,11,2213205,2213199,1239882
3149802,14,2213209,2213199,1239882
3149803,15,2213208,2213199,1239882
3149804,18,2213213,2213199,1239882
3149805,19,2213212,2213199,1239882
3149806,21,2213215,2213199,1239882
3149807,22,2213214,2213199,1239882
3149808,26,2213220,2213199,1239882
3149809,27,2213219,2213199,1239882
3149810,29,2213222,2213199,1239882
3149811,30,2213221,2213199,1239882
3149812,34,2213227,2213199,1239882
3149813,35,2213226,2213199,1239882
3149814,38,2213231,2213199,1239882
3149815,39,2213230,2213199,1239882
3149816,41,2213233,2213199,1239882
3149817,42,2213232,2213199,1239882
3149818,45,2213237,2213199,1239882
3149819,46,2213236,2213199,1239882
3149820,50,2213242,2213199,1239882
3149821,51,2213241,2213199,1239882
3149822,53,2213244,2213199,1239882
3149823,54,2213243,2213199,1239882
3149824,57,2213248,2213199,1239882
3149825,58,2213247,2213199,1239882
3149826,62,2213253,2213199,1239882
3149827,63,2213252,2213199,1239882
3149828,66,2213257,2213199,1239882
3149829,67,2213256,2213199,1239882
3149830,69,2213259,2213199,1239882
3149831,70,2213258,2213199,1239882
3149832,73,2213263,2213199,1239882
3149833,74,2213262,2213199,1239882
3149834,77,2213267,2213199,1239882
3149835,78,2213266,2213199,1239882
3149836,82,2213272,2213199,1239882
3149837,83,2213271,2213199,1239882
3149838,85,2213274,2213199,1239882
3149839,86,2213273,2213199,1239882
3149840,89,2213278,2213199,1239882
3149841,90,2213277,2213199,1239882
3149842,93,2213282,2213199,1239882
3149843,94,2213281,2213199,1239882
3149844,98,2213287,2213199,1239882
3149845,99,2213286,2213199,1239882
3149846,102,2213291,2213199,1239882
3149847,103,2213290,2213199,1239882
3149848,105,2213293,2213199,1239882
3149849,106,2213292,2213199,1239882
3149850,109,2213297,2213199,1239882
3149851,110,2213296,2213199,1239882
3149852,113,2213301,2213199,1239882
3149853,114,2213300,2213199,1239882
3149854,117,2213305,2213199,1239882
3149855,118,2213304,2213199,1239882
3149856,122,2213310,2213199,1239882
3149857,123,2213309,2213199,1239882
3149858,125,2213312,2213199,1239882
3149859,126,2213311,2213199,1239882
3149860,129,2213316,2213199,1239882
3149861,130,2213315,2213199,1239882
3149862,133,2213320,2213199,1239882
3149863,134,2213319,2213199,1239882
3149864,137,2213324,2213199,1239882
3149865,138,2213323,2213199,1239882
3149866,142,2213329,2213199,1239882
3149867,143,2213328,2213199,1239882
3149868,146,2213333,2213199,1239882
3149869,147,2213332,2213199,1239882
3149870,149,2213335,2213199,1239882
3149871,150,2213334,2213199,1239882
3149872,153,2213339,2213199,1239882
3149873,154,2213338,2213199,1239882
3149874,157,2213343,2213199,1239882
3149875,158,2213342,2213199,1239882
3149876,161,2213348,2213199,1239882
3149877,162,2213347,2213199,1239882
3149878,165,2213352,2213199,1239882
3149879,166,2213351,2213199,1239882
3149880,170,2213357,2213199,1239882
3149881,171,2213356,2213199,1239882
3149882,173,2213359,2213199,1239882
3149883,174,2213358,2213199,1239882
3149884,177,2213363,2213199,1239882
3149885,178,2213362,2213199,1239882
3149886,181,2213367,2213199,1239882
3149887,182,2213366,2213199,1239882
3149888,185,2213371,2213199,1239882
3149889,186,2213370,2213199,1239882
3149890,189,2213375,2213199,1239882
3149891,190,2213374,2213199,1239882
3149892,194,2213380,2213199,1239882
3149893,195,2213379,2213199,1239882
3149894,198,2213384,2213199,1239882
3149895,199,2213383,2213199,1239882
3149896,201,2213386,2213199,1239882
3149897,202,2213385,2213199,1239882
3149898,205,2213390,2213199,1239882
3149899,206,2213389,2213199,1239882
3149900,209,2213394,2213199,1239882
3149901,210,2213393,2213199,1239882
3149902,213,2213398,2213199,1239882
3149903,214,2213397,2213199,1239882
3149904,217,2213402,2213199,1239882
3149905,218,2213401,2213199,1239882
3149906,221,2213406,2213199,1239882
3149907,222,2213405,2213199,1239882
3149908,226,2213411,2213199,1239882
3149909,227,2213410,2213199,1239882
3149910,229,2213413,2213199,1239882
3149911,230,2213412,2213199,1239882
3149912,233,2213417,2213199,1239882
3149913,234,2213416,2213199,1239882
3149914,237,2213421,2213199,1239882
3149915,238,2213420,2213199,1239882
3149916,241,2213425,2213199,1239882
3149917,242,2213424,2213199,1239882
3149918,245,2213429,2213199,1239882
3149919,246,2213428,2213199,1239882
3149920,249,2213434,2213199,1239882
3149921,250,2213432,2213199,1239882
3149922,254,2213441,2213199,1239882
3149923,255,2213440,2213199,1239882
3149924,258,2213448,2213199,1239882
3149925,259,2213446,2213199,1239882
3149926,261,2213450,2213199,1239882
3149927,262,2213449,2213199,1239882
3149928,265,2213454,2213199,1239882
3149929,266,2213453,2213199,1239882
3149930,269,2213459,2213199,1239882
3149931,270,2213457,2213199,1239882
3149932,273,2213463,2213199,1239882
3149933,274,2213462,2213199,1239882
3149934,277,2213467,2213199,1239882
3149935,278,2213466,2213199,1239882
3149936,281,2213471,2213199,1239882
3149937,282,2213470,2213199,1239882
3149938,285,2213475,2213199,1239882
3149939,286,2213474,2213199,1239882
3149940,290,2213480,2213199,1239882
3149941,291,2213479,2213199,1239882
3149942,293,2213482,2213199,1239882
3149943,294,2213481,2213199,1239882
3149944,297,2213486,2213199,1239882
3149945,298,2213485,2213199,1239882
3149946,301,2213490,2213199,1239882
3149947,302,2213489,2213199,1239882
3149948,305,2213494,2213199,1239882
3149949,306,2213493,2213199,1239882
3149950,309,2213498,2213199,1239882
3149951,310,2213497,2213199,1239882
3149952,313,2213502,2213199,1239882
3149953,314,2213501,2213199,1239882
3149954,317,2213506,2213199,1239882
3149955,318,2213505,2213199,1239882
3149956,322,2213511,2213199,1239882
3149957,323,2213510,2213199,1239882
3149958,326,2213515,2213199,1239882
3149959,327,2213514,2213199,1239882
3149960,329,2213517,2213199,1239882
3149961,330,2213516,2213199,1239882
3149962,333,2213521,2213199,1239882
3149963,334,2213520,2213199,1239882
3149964,337,2213525,2213199,1239882
3149965,338,2213524,2213199,1239882
3149966,341,2213529,2213199,1239882
3149967,342,2213528,2213199,1239882
3149968,345,2213533,2213199,1239882
3149969,346,2213532,2213199,1239882
3149970,349,2213537,2213199,1239882
3149971,350,2213536,2213199,1239882
3149972,353,2213541,2213199,1239882
3149973,354,2213540,2213199,1239882
3149974,357,2213545,2213199,1239882
3149975,358,2213544,2213199,1239882
3149976,362,2213550,2213199,1239882
3149977,363,2213549,2213199,1239882
3149978,365,2213552,2213199,1239882
3149979,366,2213551,2213199,1239882
3149980,369,2213556,2213199,1239882
3149981,370,2213555,2213199,1239882
3149982,373,2213560,2213199,1239882
3149983,374,2213559,2213199,1239882
3149984,377,2213564,2213199,1239882
3149985,378,2213563,2213199,1239882
3149986,381,2213568,2213199,1239882
3149987,382,2213567,2213199,1239882
3149988,385,2213572,2213199,1239882
3149989,386,2213571,2213199,1239882
3149990,389,2213576,2213199,1239882
3149991,390,2213575,2213199,1239882
3149992,393,2213580,2213199,1239882
3149993,394,2213579,2213199,1239882
3149994,398,2213585,2213199,1239882
3149995,399,2213584,2213199,1239882
3149996,402,2213589,2213199,1239882
3149997,403,2213588,2213199,1239882
3149998,405,2213591,2213199,1239882
3149999,406,2213590,2213199,1239882
3150000,409,2213595,2213199,1239882
3150001,410,2213594,2213199,1239882
3150002,413,2213599,2213199,1239882
3150003,414,2213598,2213199,1239882
3150004,417,2213603,2213199,1239882
3150005,418,2213602,2213199,1239882
3150006,421,2213607,2213199,1239882
3150007,422,2213606,2213199,1239882
3150008,425,2213611,2213199,1239882
3150009,426,2213610,2213199,1239882
3150010,429,2213615,2213199,1239882
3150011,430,2213614,2213199,1239882
3150012,433,2213619,2213199,1239882
3150013,434,2213618,2213199,1239882
3150014,438,2213624,2213199,1239882
3150015,439,2213623,2213199,1239882
3150016,441,2213626,2213199,1239882
3150017,442,2213625,2213199,1239882
3150018,445,2213630,2213199,1239882
3150019,446,2213629,2213199,1239882
3150020,449,2213634,2213199,1239882
3150021,450,2213633,2213199,1239882
3150022,453,2213638,2213199,1239882
3150023,454,2213637,2213199,1239882
3150024,457,2213642,2213199,1239882
3150025,458,2213641,2213199,1239882
3150026,461,2213646,2213199,1239882
3150027,462,2213645,2213199,1239882
3150028,465,2213650,2213199,1239882
3150029,466,2213649,2213199,1239882
3150030,470,2213656,2213199,1239882
3150031,471,2213655,2213199,1239882
3150032,474,2213661,2213199,1239882
3150033,475,2213660,2213199,1239882
3150034,477,2213663,2213199,1239882
3150035,478,2213662,2213199,1239882
3150036,481,2213667,2213199,1239882
3150037,482,2213666,2213199,1239882
3150038,485,2213671,2213199,1239882
3150039,486,2213670,2213199,1239882
3150040,489,2213675,2213199,1239882
3150041,490,2213674,2213199,1239882
3150042,493,2213679,2213199,1239882
3150043,494,2213678,2213199,1239882
3150044,497,2213683,2213199,1239882
3150045,498,2213682,2213199,1239882
3150046,501,2213687,2213199,1239882
3150047,502,2213686,2213199,1239882
3150048,506,2213693,2213199,1239882
3150049,507,2213691,2213199,1239882
3150050,509,2213695,2213199,1239882
3150051,510,2213694,2213199,1239882
3150052,513,2213699,2213199,1239882
3150053,514,2213698,2213199,1239882
3150054,517,2213703,2213199,1239882
3150055,518,2213702,2213199,1239882
3150056,521,2213707,2213199,1239882
3150057,522,2213706,2213199,1239882
3150058,525,2213711,2213199,1239882
3150059,526,2213710,2213199,1239882
3150060,529,2213715,2213199,1239882
3150061,530,2213714,2213199,1239882
3150062,534,2213722,2213199,1239882
3150063,535,2213720,2213199,1239882
3150064,538,2213726,2213199,1239882
3150065,539,2213725,2213199,1239882
3150066,541,2213728,2213199,1239882
3150067,542,2213727,2213199,1239882
3150068,545,2213732,2213199,1239882
3150069,546,2213731,2213199,1239882
3150070,549,2213736,2213199,1239882
3150071,550,2213735,2213199,1239882
3150072,553,2213740,2213199,1239882
3150073,554,2213739,2213199,1239882
3150074,557,2213744,2213199,1239882
3150075,558,2213743,2213199,1239882
3150076,561,2213748,2213199,1239882
3150077,562,2213747,2213199,1239882
3150078,566,2213753,2213199,1239882
3150079,567,2213752,2213199,1239882
3150080,569,2213755,2213199,1239882
3150081,570,2213754,2213199,1239882
3150082,573,2213760,2213199,1239882
3150083,574,2213759,2213199,1239882
3150084,577,2213764,2213199,1239882
3150085,578,2213763,2213199,1239882
3150086,581,2213768,2213199,1239882
3150087,582,2213767,2213199,1239882
3150088,585,2213772,2213199,1239882
3150089,586,2213771,2213199,1239882
3150090,590,2213779,2213199,1239882
3150091,591,2213778,2213199,1239882
3150092,594,2213783,2213199,1239882
3150093,595,2213782,2213199,1239882
3150094,597,2213785,2213199,1239882
3150095,598,2213784,2213199,1239882
3150096,601,2213789,2213199,1239882
3150097,602,2213788,2213199,1239882
3150098,605,2213793,2213199,1239882
3150099,606,2213792,2213199,1239882
3150100,609,2213797,2213199,1239882
3150101,610,2213796,2213199,1239882
3150102,613,2213801,2213199,1239882
3150103,614,2213800,2213199,1239882
3150104,618,2213806,2213199,1239882
3150105,619,2213805,2213199,1239882
3150106,621,2213808,2213199,1239882
3150107,622,2213807,2213199,1239882
3150108,625,2213812,2213199,1239882
3150109,626,2213811,2213199,1239882
3150110,629,2213816,2213199,1239882
3150111,630,2213815,2213199,1239882
3150112,633,2213821,2213199,1239882
3150113,634,2213820,2213199,1239882
3150114,638,2213826,2213199,1239882
3150115,639,2213825,2213199,1239882
3150116,642,2213830,2213199,1239882
3150117,643,2213829,2213199,1239882
3150118,645,2213832,2213199,1239882
3150119,646,2213831,2213199,1239882
3150120,649,2213836,2213199,1239882
3150121,650,2213835,2213199,1239882
3150122,653,2213840,2213199,1239882
3150123,654,2213839,2213199,1239882
3150124,657,2213846,2213199,1239882
3150125,658,2213845,2213199,1239882
3150126,662,2213851,2213199,1239882
3150127,663,2213850,2213199,1239882
3150128,665,2213853,2213199,1239882
3150129,666,2213852,2213199,1239882
3150130,669,2213857,2213199,1239882
3150131,670,2213856,2213199,1239882
3150132,673,2213861,2213199,1239882
3150133,674,2213860,2213199,1239882
3150134,678,2213866,2213199,1239882
3150135,679,2213865,2213199,1239882
3150136,682,2213870,2213199,1239882
3150137,683,2213869,2213199,1239882
3150138,685,2213872,2213199,1239882
3150139,686,2213871,2213199,1239882
3150140,689,2213876,2213199,1239882
3150141,690,2213875,2213199,1239882
3150142,693,2213880,2213199,1239882
3150143,694,2213879,2213199,1239882
3150144,698,2213885,2213199,1239882
3150145,699,2213884,2213199,1239882
3150146,701,2213887,2213199,1239882
3150147,702,2213886,2213199,1239882
3150148,705,2213891,2213199,1239882
3150149,706,2213890,2213199,1239882
3150150,710,2213896,2213199,1239882
3150151,711,2213895,2213199,1239882
3150152,714,2213900,2213199,1239882
3150153,715,2213899,2213199,1239882
3150154,717,2213902,2213199,1239882
3150155,718,2213901,2213199,1239882
3150156,721,2213906,2213199,1239882
3150157,722,2213905,2213199,1239882
3150158,726,2213911,2213199,1239882
3150159,727,2213910,2213199,1239882
3150160,729,2213913,2213199,1239882
3150161,730,2213912,2213199,1239882
3150162,734,2213918,2213199,1239882
3150163,735,2213917,2213199,1239882
3150164,738,2213922,2213199,1239882
3150165,739,2213921,2213199,1239882
3150166,741,2213924,2213199,1239882
3150167,742,2213923,2213199,1239882
3150168,746,2213929,2213199,1239882
3150169,747,2213928,2213199,1239882
3150170,750,2213932,2213199,1239882
3150171,751,2213931,2213199,1239882
3150172,754,2213936,2213199,1239882
3150173,755,2213935,2213199,1239882
3150174,758,2213939,2213199,1239882
3150175,759,2213938,2213199,1239882
3150176,8,2214067,2214065,1239956
3150177,17,2214069,2214065,1239956
3150178,19,2214070,2214065,1239956
3150179,4,2214081,693122,1239958
3150180,7,2214083,693122,1239958
3150181,10,2214085,693122,1239958
3150182,14,2214180,2214176,1239983
3150183,27,2214207,2214205,1239987
3150184,38,2214204,2214203,1239987
3150185,62,2214254,693190,1239989
3150186,65,2214248,693190,1239989
3150187,117,2214256,693221,1239989
3150188,120,2214244,693221,1239989
3150189,24,2214325,2214324,1239999
3150190,155,2214241,693228,1239989
3150191,209,2214239,1005712,1239989
3150192,224,2214236,693259,1239989
3150193,228,2214237,693259,1239989
3150194,248,693257,693250,1239989
3150195,274,2214229,693277,1239989
3150196,278,2214230,693277,1239989
3150197,307,2214225,693278,1239989
3150198,311,2214226,693278,1239989
3150199,331,693276,693263,1239989
3150200,16,2214627,2214617,1240040
3150201,27,2214625,2214617,1240040
3150202,42,2214624,2214617,1240040
3150203,11,2214688,2214682,1288149
3150204,20,2214710,693346,1240046
3150205,4,2214819,2214818,1240111
3150206,13,2214824,2214823,1240113
3150207,13,2214831,2214830,1240115
3150208,7,2218495,2218494,1240120
3150209,12,2218498,2218497,1240120
3150210,20,2218503,2218502,1240120
3150211,3,2218704,2218703,1240187
3150212,11,2218721,2218720,1240187
3150213,22,2218708,2218707,1240187
3150214,32,2218715,2218714,1240187
3150215,20,2218749,2218740,1240189
3150216,42,2218744,2218740,1240189
3150217,45,2218745,2218740,1240189
3150218,4,2218770,2218769,1240191
3150219,14,2218773,2218772,1240191
3150220,14,694810,1005911,1240219
3150221,17,2218888,2218869,1240233
3150222,32,2218874,2218873,1240233
3150223,14,2218916,2218899,1240237
3150224,38,694837,2218902,1240237
3150225,78,2218941,2218921,1240237
3150226,29,694842,2218961,1240242
3150227,16,2219037,1005959,1288191
3150228,47,694874,1005961,1288191
3150229,10,2219078,2219076,1240251
3150230,24,2219080,2219076,1240251
3150231,8,2220773,694991,1240307
3150232,13,2220791,695020,1240311
3150233,16,2220794,695020,1240311
3150234,19,2220797,695020,1240311
3150235,22,2220800,695020,1240311
3150236,85,2220856,695140,1240317
3150237,435,2220879,695276,1240317
3150238,10,2220996,695313,1240321
3150239,93,2221002,695349,1240321
3150240,291,2221049,695425,1240321
3150241,5,2221285,2221284,1288207
3150242,12,2221290,2221289,1288207
3150243,19,2221295,2221294,1288207
3150244,26,2221300,2221299,1288207
3150245,33,2221305,2221304,1288207
3150246,40,2221310,2221309,1288207
3150247,52,2221318,2221317,1288207
3150248,64,2221326,2221325,1288207
3150249,71,2221331,2221330,1288207
3150250,78,2221336,2221335,1288207
3150251,86,2221341,2221340,1288207
