3758678,3,1288233,3043612,1240401
3758679,15,1288798,3043663,1240463
3758680,18,1288796,3043663,1240463
3758681,6,695791,3043665,1240465
3758682,8,1288829,3043667,1240466
3758683,10,695813,3043658,1240466
3758684,11,1288840,3043663,1240466
3758685,14,1288827,3043665,1240466
3758686,3,1289653,3043688,1240487
3758687,8,1290210,3043685,1240510
3758688,11,1290205,3043678,1240510
3758689,14,696205,3043679,1240510
3758690,17,696210,3043680,1240510
3758691,19,1290190,3043681,1240510
3758692,22,696214,3043684,1240510
3758693,4,1290635,3043869,1240531
3758694,9,1290636,3043870,1240531
3758695,14,1290637,3043871,1240531
3758696,19,1290638,3043872,1240531
3758697,24,1290639,3043873,1240531
3758698,29,1290640,3043874,1240531
3758699,34,1290641,3043875,1240531
3758700,39,1290642,3043876,1240531
3758701,44,1290643,3043877,1240531
3758702,49,1290644,3043878,1240531
3758703,54,1290645,3043879,1240531
3758704,56,696441,3043880,1240531
3758705,13,696470,3043885,1240534
3758706,20,1636,3043774,1020438
3758707,8,1291585,3043782,1240567
3758708,9,1291587,3043774,1240567
3758709,16,696665,3043780,1240567
3758710,114,1291902,3044003,1020591
3758711,2,1292033,3044003,1240576
3758712,7,1292031,3044001,1240576
3758713,11,1292032,3043999,1240576
3758714,5,1292212,3044032,1240580
3758715,11,1292213,3044033,1240580
3758716,17,1292217,3044034,1240580
3758717,24,1292218,3044037,1240580
3758718,31,1292219,3044038,1240580
3758719,38,1292220,3044039,1240580
3758720,45,1292221,3044042,1240580
3758721,52,1292222,3044043,1240580
3758722,59,1292223,3044044,1240580
3758723,66,1292224,3044045,1240580
3758724,72,1292225,3044046,1240580
3758725,78,1292226,3044047,1240580
3758726,85,1292227,3044048,1240580
3758727,92,1292228,3044049,1240580
3758728,5,696879,3044005,1240583
3758729,99,1292229,3044050,1240580
3758730,106,1292230,3044051,1240580
3758731,113,1292231,3044052,1240580
3758732,120,1292232,3044053,1240580
3758733,127,1292233,3044054,1240580
3758734,133,1292234,3044055,1240580
3758735,17,1292445,3044009,1240584
3758736,139,1292235,3044056,1240580
3758737,145,1292236,3044057,1240580
3758738,151,1292237,3044058,1240580
3758739,157,1292239,3044059,1240580
3758740,163,1292240,3044060,1240580
3758741,169,1292241,3044061,1240580
3758742,175,1292242,3044062,1240580
3758743,181,1292243,3044063,1240580
3758744,187,1292244,3044064,1240580
3758745,193,1292245,3044065,1240580
3758746,199,1292246,3044066,1240580
3758747,205,1292247,3044067,1240580
3758748,211,1292248,3044068,1240580
3758749,217,1292249,3044069,1240580
3758750,223,1292250,3044070,1240580
3758751,229,1292251,3044071,1240580
3758752,235,1292252,3044072,1240580
3758753,241,1292253,3044073,1240580
3758754,247,1292254,3044074,1240580
3758755,253,1292255,3044075,1240580
3758756,259,1292256,3044076,1240580
3758757,265,1292257,3044077,1240580
3758758,271,1292258,3044078,1240580
3758759,277,1292259,3044079,1240580
3758760,283,1292260,3044080,1240580
3758761,289,1292261,3044081,1240580
3758762,2,1292506,3043999,1240595
3758763,5,1292507,3044001,1240595
3758764,6,1292510,3044005,1240595
3758765,295,1292263,3044082,1240580
3758766,10,1292508,3044007,1240595
3758767,11,1292513,3044009,1240595
3758768,301,1292264,3044083,1240580
3758769,307,1292266,3044084,1240580
3758770,313,1292267,3044085,1240580
3758771,319,1292269,3044086,1240580
3758772,325,1292270,3044087,1240580
3758773,331,1292272,3044088,1240580
3758774,337,1292273,3044089,1240580
3758775,343,1292274,3044090,1240580
3758776,349,1292276,3044091,1240580
3758777,355,1292277,3044092,1240580
3758778,361,1292279,3044093,1240580
3758779,367,1292281,3044094,1240580
3758780,373,1292283,3044095,1240580
3758781,379,1292284,3044096,1240580
3758782,385,1292285,3044099,1240580
3758783,391,1292286,3044100,1240580
3758784,397,1292287,3044101,1240580
3758785,403,1292288,3044102,1240580
3758786,409,1292289,3044103,1240580
3758787,416,1292290,3044106,1240580
3758788,423,1292291,3044107,1240580
3758789,425,696928,3044116,1240580
3758790,8,697012,3044153,1240598
3758791,3,697020,3044134,1240603
3758792,19,697021,3044136,1240603
3758793,1,697222,3044200,1240629
3758794,9,697232,3044202,1240629
3758795,2,1293222,3044208,1240634
3758796,5,1293223,3044210,1240634
3758797,8,1293327,3043955,1240637
3758798,12,697352,3043951,1240637
3758799,14,697354,3043953,1240637
3758800,8,1293393,3044146,1240641
3758801,11,697386,3044141,1240641
3758802,16,697388,3044142,1240641
3758803,29,697395,3044144,1240641
3758804,8,1293410,3044231,1240643
3758805,4,1293513,3044242,1240655
3758806,1,1293553,3044196,1021190
3758807,1,1293804,3044194,1240694
3758808,3,1293805,3044196,1240694
3758809,48,697615,3044345,1240707
3758810,99,697616,3044347,1240707
3758811,0,1294127,3044242,1240709
3758812,10,697624,3044255,1240709
3758813,15,697626,3044257,1240709
3758814,192,697627,3044349,1240707
3758815,1,697661,3044368,1240716
3758816,8,1294696,3044337,1240723
3758817,150,1294688,3044327,1240723
3758818,178,1294689,3044331,1240723
3758819,206,1294690,3044333,1240723
3758820,234,1294691,3044335,1240723
3758821,5,1294893,3044390,1240731
3758822,11,1294895,3044392,1240731
3758823,17,1294896,3044394,1240731
3758824,0,1294943,3044549,1240734
3758825,4,697895,3044533,1240753
3758826,4,697896,3044535,1240754
3758827,11,697902,3044564,1240750
3758828,22,697906,3044566,1240750
3758829,5,5081,3044531,1021743
3758830,23,1295334,3044533,1021745
3758831,25,1295334,3044535,1021745
3758832,4,698077,3044541,1240773
3758833,5,698084,3044539,1240777
3758834,8,1296962,3044543,1240908
3758835,11,1296948,3044501,1240908
3758836,14,698997,3044114,1240908
3758837,17,699000,3044469,1240908
3758838,20,699002,3044472,1240908
3758839,23,699003,3044474,1240908
3758840,26,699004,3044476,1240908
3758841,29,699006,3044478,1240908
3758842,32,699009,3044479,1240908
3758843,35,699011,3044481,1240908
3758844,38,699012,3044483,1240908
3758845,41,699014,3044485,1240908
3758846,44,699016,3044487,1240908
3758847,47,699017,3044489,1240908
3758848,50,699018,3044491,1240908
3758849,53,699019,3044493,1240908
3758850,56,699022,3044495,1240908
3758851,59,699024,3044425,1240908
3758852,62,699027,3044497,1240908
3758853,65,699030,3044499,1240908
3758854,68,699033,3043717,1240908
3758855,70,1296949,3044503,1240908
3758856,72,1296950,3044505,1240908
3758857,74,1296951,3044506,1240908
3758858,78,699037,3044525,1240908
3758859,81,1296952,3044527,1240908
3758860,83,699041,3044531,1240908
3758861,115,1296953,3044538,1240908
3758862,8,1297186,3044679,1240927
3758863,1,699388,3044778,1240962
3758864,3,699393,3044780,1240962
3758865,6,1297858,3044781,1240962
3758866,9,1297860,3044783,1240962
3758867,12,1297862,3044785,1240962
3758868,15,1297865,3044787,1240962
3758869,16,1298050,3044956,1240978
3758870,2,1298076,3044959,1240979
3758871,9,1298624,3045006,1240999
3758872,3,699750,3045021,1241002
3758873,8,1300839,3045005,1241010
3758874,56,1300827,3044993,1241010
3758875,80,1300828,3044995,1241010
3758876,92,1300829,3044997,1241010
3758877,104,1300830,3044999,1241010
3758878,2,699902,3044721,1241011
3758879,108,1300833,3045001,1241010
3758880,4,1300877,3044741,1241011
3758881,112,1300836,3045003,1241010
3758882,8,1300878,3044743,1241011
3758883,14,1300880,3044745,1241011
3758884,18,699903,3044747,1241011
3758885,20,699905,3044749,1241011
3758886,1,700001,3045083,1241034
3758887,3,700004,3045086,1241034
3758888,7,700007,3045084,1241034
3758889,14,1301384,3045088,1241034
3758890,17,700008,3045090,1241034
3758891,4613,1298679,3044980,1240988
3758892,2,1301913,3045161,1241072
3758893,27,1301926,3045073,1241075
3758894,29,700134,3045074,1241075
3758895,34,700135,3045075,1241075
3758896,16,1301956,3045201,1241079
3758897,29,1301955,3045201,1241079
3758898,64,1301951,3045201,1241079
3758899,2,1302186,3045215,1241083
3758900,6,1302531,3045217,1241087
3758901,1,1303044,3045253,1022902
3758902,16,1303062,3045251,1022908
3758903,24,1303105,3045251,1022914
3758904,2,1303122,3045249,1241150
3758905,4,1303123,3045253,1241150
3758906,6,700354,3045253,1241150
3758907,16,1303124,3045255,1241150
3758908,2,1303575,3045273,1241179
3758909,4,1303807,3045291,1241190
3758910,9,1303808,3045292,1241190
3758911,11,700647,3045293,1241190
3758912,8,1303850,3045271,1241198
3758913,4,1304206,3045357,1241244
3758914,9,1304207,3045358,1241244
3758915,14,1304208,3045359,1241244
3758916,16,700905,3045360,1241244
3758917,6,1304239,3045368,1241255
3758918,6,1304288,3045383,1241259
3758919,13,1304289,3045387,1241259
3758920,20,1304290,3045391,1241259
3758921,8,1304774,3045423,1241274
3758922,16,1304836,3045353,1241283
3758923,2,701295,3045531,1241287
3758924,37,701300,3045532,1241287
3758925,42,701301,3045534,1241287
3758926,48,701308,3045536,1241287
3758927,53,701313,3045538,1241287
3758928,6,12238,3045478,1023633
3758929,16,12251,3045476,1023633
3758930,26,12266,3045474,1023633
3758931,8,1305379,3045589,1241309
3758932,8,1305698,3045597,1241322
3758933,2,702026,3045645,1241343
3758934,8,1306220,3045688,1241350
3758935,8,1306482,3045702,1241354
3758936,8,1306974,3045728,1241378
3758937,8,1307082,3045636,1241389
3758938,21,702724,3045632,1241389
3758939,36,702727,3045634,1241389
3758940,3,1307213,3045397,1241415
3758941,7,1307214,3045399,1241415
3758942,9,1307212,3045744,1241414
3758943,11,1307215,3045401,1241415
3758944,15,1307216,3045409,1241415
3758945,19,1307217,3045415,1241415
3758946,23,1307218,3045421,1241415
3758947,27,1307219,3045424,1241415
3758948,31,1307220,3045427,1241415
3758949,35,1307221,3045429,1241415
3758950,39,1307222,3045431,1241415
3758951,43,1307223,3045433,1241415
3758952,47,1307224,3045436,1241415
3758953,51,1307225,3045438,1241415
3758954,55,1307226,3045440,1241415
3758955,59,1307227,3045442,1241415
3758956,63,1307228,3045445,1241415
3758957,67,1307229,3045447,1241415
3758958,71,1307230,3045449,1241415
3758959,75,1307231,3045452,1241415
3758960,79,1307232,3045454,1241415
3758961,83,1307233,3045456,1241415
3758962,87,1307234,3045458,1241415
3758963,91,1307235,3045460,1241415
3758964,95,1307236,3045462,1241415
3758965,99,1307237,3045464,1241415
3758966,103,1307238,3045466,1241415
3758967,5,1307338,3045765,1241432
3758968,11,1307339,3045766,1241432
3758969,17,1307340,3045767,1241432
3758970,23,1307341,3045770,1241432
3758971,29,1307342,3045771,1241432
3758972,31,702809,3045775,1241432
3758973,2,1307370,3045784,1241435
3758974,3,1307594,3045837,1024203
3758975,0,1307804,3045817,1241450
3758976,2,1307805,3045820,1241450
3758977,4,1307806,3045831,1241450
3758978,6,1307807,3045833,1241450
3758979,14,1307811,3045817,1241450
3758980,22,1307815,3045820,1241450
3758981,33,702942,3045831,1241450
3758982,46,1307797,3045833,1241450
3758983,50,1307801,3045826,1241450
3758984,5,1307949,3045874,1241461
3758985,7,702984,3045876,1241461
3758986,1,1308354,3045895,1241478
3758987,4,703235,3045897,1241478
3758988,1,1308367,3045819,1241480
3758989,7,703237,3045899,1241478
3758990,10,703239,3045901,1241478
3758991,8,1308366,3045948,1241479
3758992,13,703246,3045903,1241478
3758993,16,703248,3045905,1241478
3758994,19,703250,3045907,1241478
3758995,22,703252,3045909,1241478
3758996,25,703254,3045911,1241478
3758997,40,703255,3045927,1241478
3758998,43,703256,3045929,1241478
3758999,54,703259,3045931,1241478
3759000,8,1308433,3045960,1241493
3759001,10,703291,3045957,1241493
3759002,2,1308526,3045995,1241500
3759003,2,1309017,3046149,1241524
3759004,26,703485,3046128,1241528
3759005,32,703486,3046133,1241528
3759006,1,703494,3046141,1241532
3759007,9,1309156,3046142,1241532
3759008,17,1309160,3046143,1241532
3759009,8,1311495,3046340,1241587
3759010,2,1311563,3046183,1241589
3759011,5,1311564,3046185,1241589
3759012,8,1311565,3046187,1241589
3759013,11,1311566,3046189,1241589
3759014,4,1311651,3046403,1241592
3759015,9,1311652,3046404,1241592
3759016,14,1311653,3046406,1241592
3759017,19,1311654,3046408,1241592
3759018,24,1311655,3046410,1241592
3759019,29,1311656,3046411,1241592
3759020,34,1311657,3046412,1241592
3759021,39,1311658,3046413,1241592
3759022,41,704195,3046416,1241592
3759023,8,1311716,3046120,1241594
3759024,11,1311713,3045963,1241594
3759025,5,1311803,3046390,1241596
3759026,12,1311804,3046392,1241596
3759027,17,1311805,3046400,1241596
3759028,22,1311806,3046401,1241596
3759029,2,1312184,3046593,1241620
3759030,8,1313025,3046642,1241640
3759031,16,1313008,3046621,1241640
3759032,24,1313009,3046622,1241640
3759033,32,1313010,3046623,1241640
3759034,40,1313011,3046624,1241640
3759035,48,1313012,3046625,1241640
3759036,56,1313013,3046626,1241640
3759037,58,704794,3046641,1241640
3759038,60,704799,3046627,1241640
3759039,67,1313016,3046629,1241640
3759040,70,1313018,3046631,1241640
3759041,73,1313020,3046633,1241640
3759042,1,1314128,3046614,1241652
3759043,3,1314129,3046616,1241652
3759044,2,1314169,3046847,1241654
3759045,3,1314693,3046909,1241665
3759046,13,1314695,3046911,1241665
3759047,21,1314697,3046913,1241665
3759048,12,1315248,3046541,1241680
3759049,8,1315902,3047018,1241718
3759050,8,1316395,3047057,1241749
3759051,10,705867,3047051,1241749
3759052,2,1318882,3047291,1241816
3759053,4,1319159,3047292,1241836
3759054,9,1319160,3047293,1241836
3759055,14,1319161,3047294,1241836
3759056,19,1319162,3045574,1241836
3759057,24,1319163,3047295,1241836
3759058,29,1319164,3047296,1241836
3759059,34,1319165,3047297,1241836
3759060,39,1319166,3047298,1241836
3759061,44,1319167,3047299,1241836
3759062,49,1319168,3047300,1241836
3759063,54,1319169,3047301,1241836
3759064,59,1319170,3045571,1241836
3759065,61,706678,3047304,1241836
3759066,63,706680,3047302,1241836
3759067,8,1319467,3046753,1241849
3759068,10,1319464,3046742,1241849
3759069,5,1319589,3047344,1241861
3759070,11,1319590,3047347,1241861
3759071,17,1319591,3047358,1241861
3759072,23,1319592,3047367,1241861
3759073,25,706746,3047376,1241861
3759074,9,1319901,3047148,1241875
3759075,31,1319903,3047150,1241875
3759076,129,1319904,3047152,1241875
3759077,139,1319905,3047154,1241875
3759078,237,1319906,3047156,1241875
3759079,241,1319907,3047158,1241875
3759080,245,1319908,3047160,1241875
3759081,249,1319909,3047162,1241875
3759082,253,1319910,3047165,1241875
3759083,4,1320544,3047560,1026711
3759084,6,1320548,3047560,1026711
3759085,6,1320592,3047430,1241914
3759086,6,1320657,3047432,1241918
3759087,1,1320685,3047485,1241922
3759088,3,707088,3047454,1241945
3759089,5,1320901,3047468,1241945
3759090,9,1320902,3047471,1241945
3759091,15,1320903,3047476,1241945
3759092,8,1320917,3047363,1241944
3759093,10,707094,3047334,1241944
3759094,15,707096,3047335,1241944
3759095,17,707098,3047339,1241944
3759096,30,1320919,3047337,1241944
3759097,1,707475,3045640,1242044
3759098,8,707480,3047630,1242044
3759099,8,1321909,3047603,1242095
3759100,11,707588,3047598,1242095
3759101,3,1322089,3047699,1242109
3759102,7,1322090,3047700,1242109
3759103,11,1322091,3047701,1242109
3759104,2,1322321,3047740,1242127
3759105,6,1322509,3047746,1242145
3759106,14,707888,3047715,1242146
3759107,4,1322583,3047755,1242153
3759108,9,1322584,3047756,1242153
3759109,14,1322585,3047757,1242153
3759110,16,707924,3047758,1242153
3759111,8,1322670,3047760,1242157
3759112,5,1323071,3047826,1242184
3759113,9,1323072,3047827,1242184
3759114,13,1323073,3047829,1242184
3759115,8,1323586,3047814,1242212
3759116,8,1323958,3047903,1242230
3759117,11,1323955,3044708,1242230
3759118,3,1324314,3047428,1242247
3759119,7,1324315,3047442,1242247
3759120,11,1324316,3047553,1242247
3759121,15,1324317,3047561,1242247
3759122,2,708862,3047930,1242248
3759123,5,708864,3047932,1242248
3759124,21,1324318,3047567,1242247
3759125,8,708865,3047934,1242248
3759126,8,1324400,3047876,1242252
3759127,11,708878,3047839,1242252
3759128,15,1324397,3047874,1242252
3759129,10,1324444,3047940,1242258
3759130,20,1324446,3047942,1242258
3759131,2,1324839,3047970,1242280
3759132,2,709095,3048012,1242306
3759133,8,1326136,3048008,1242327
3759134,10,709268,3047994,1242327
3759135,13,1326127,3047998,1242327
3759136,23,709272,3048039,1242329
3759137,25,1326128,3048000,1242327
3759138,37,1326129,3048001,1242327
3759139,49,1326131,3048003,1242327
3759140,61,1326132,3048005,1242327
3759141,73,1326133,3048006,1242327
3759142,4,1326588,3048178,1242372
3759143,4,1326757,3048223,1242379
3759144,9,1326758,3048229,1242379
3759145,11,709440,3048230,1242379
3759146,4,1326853,3044125,1242390
3759147,6,709461,3048243,1242390
3759148,0,1326917,3048249,1242395
3759149,2,1326920,3048251,1242395
3759150,2,1326930,3048261,1242397
3759151,2,709613,3048187,1242418
3759152,8,1327599,3048248,1242429
3759153,4,1327834,3048391,1242457
3759154,9,1327835,3048392,1242457
3759155,14,1327836,3048393,1242457
3759156,19,1327837,3048394,1242457
3759157,24,1327838,3048395,1242457
3759158,26,709765,3048396,1242457
3759159,2,709960,3048419,1242463
3759160,5,709962,3048420,1242463
3759161,18,1328521,3048422,1242467
3759162,22,1328517,3048421,1242467
3759163,4,1328951,3048443,1242484
3759164,9,1328952,3048444,1242484
3759165,14,1328953,3048445,1242484
3759166,19,1328954,3048446,1242484
3759167,24,1328955,3048447,1242484
3759168,29,1328956,3048448,1242484
3759169,34,1328957,3048449,1242484
3759170,39,1328958,3048450,1242484
3759171,44,1328959,3048451,1242484
3759172,49,1328960,3048452,1242484
3759173,54,1328961,3048455,1242484
3759174,59,1328962,3048457,1242484
3759175,61,710102,3048458,1242484
3759176,2,1329058,3048472,1242491
3759177,5,1329059,3048476,1242491
3759178,4,1329344,3048527,1242494
3759179,9,1329345,3048530,1242494
3759180,14,1329346,3048531,1242494
3759181,19,1329347,3048534,1242494
3759182,24,1329348,3048535,1242494
3759183,29,1329349,3048537,1242494
3759184,31,710272,3048538,1242494
3759185,2,1330028,3048618,1242509
3759186,5,1330029,3048620,1242509
3759187,8,1330030,3048622,1242509
3759188,11,1330031,3048624,1242509
3759189,14,1330032,3048626,1242509
3759190,17,1330033,3048628,1242509
3759191,20,1330034,3048630,1242509
3759192,13,1330132,3048057,1242513
3759193,19,1330133,3048063,1242513
3759194,8,1330154,3048632,1242517
3759195,30,1330308,3048655,1242522
3759196,60,1330343,3048657,1242522
3759197,81,710730,3048659,1242522
3759198,2,1330351,3048638,1242523
3759199,92,710731,3048661,1242522
3759200,8,1331299,3048574,1242557
3759201,13,711045,3048460,1242557
3759202,16,711046,3048462,1242557
3759203,19,711047,3048464,1242557
3759204,22,711048,3048466,1242557
3759205,25,711050,3048468,1242557
3759206,28,711051,3048470,1242557
3759207,31,711052,3048474,1242557
3759208,34,711055,3048478,1242557
3759209,37,711056,3048483,1242557
3759210,40,711059,3048485,1242557
3759211,43,711060,3048487,1242557
3759212,46,711061,3048489,1242557
3759213,49,711062,3048491,1242557
3759214,53,711065,3048493,1242557
3759215,59,711069,3048495,1242557
3759216,65,711074,3048497,1242557
3759217,71,711076,3048499,1242557
3759218,75,711077,3048501,1242557
3759219,85,711080,3048503,1242557
3759220,89,711081,3048505,1242557
3759221,97,711083,3048507,1242557
3759222,101,711084,3048509,1242557
3759223,107,711085,3048511,1242557
3759224,117,711087,3048513,1242557
3759225,121,711088,3048515,1242557
3759226,123,1331271,3048519,1242557
3759227,130,711091,3048523,1242557
3759228,135,711092,3048525,1242557
3759229,142,711093,3048528,1242557
3759230,147,711094,3048532,1242557
3759231,4,711425,3048770,1242612
3759232,24,1332173,3048376,1029822
3759233,2,1332324,3048783,1242625
3759234,49,711614,3048838,1029992
3759235,3,711629,3048829,1242656
3759236,6,711631,3048827,1242656
3759237,3,711637,3048831,1242658
3759238,5,711639,3048832,1242658
3759239,37,1333561,3048893,1030121
3759240,22,1333800,3048839,1030183
3759241,45,1333860,3048839,1030183
3759242,2,1333992,3049021,1242686
3759243,5,711969,3048951,1030274
3759244,24,711972,3048952,1030274
3759245,27,711974,3048954,1030274
3759246,30,711976,3048956,1030274
3759247,33,711978,3048958,1030274
3759248,36,711979,3048960,1030274
3759249,39,711980,3048962,1030274
3759250,42,711981,3048964,1030274
3759251,45,711982,3048966,1030274
3759252,48,711983,3048968,1030274
3759253,51,711984,3048970,1030274
3759254,54,711985,3048972,1030274
3759255,57,711986,3048974,1030274
3759256,60,711989,3048976,1030274
3759257,65,1333998,3048982,1030274
3759258,70,1334001,3048978,1030274
3759259,1,1334105,3048858,1030308
3759260,4,1334100,3048860,1030308
3759261,8,1334101,3048862,1030308
3759262,15,712019,3048838,1030308
3759263,19,1334134,3048860,1030308
3759264,21,1334136,3048862,1030308
3759265,0,1334252,3049008,1242693
3759266,2,1334253,3049010,1242693
3759267,5,1334211,3049019,1242693
3759268,11,712045,3049008,1242693
3759269,66,712221,3049061,1030493
3759270,8,1335120,3048388,1242718
3759271,11,712331,3048323,1242718
3759272,97,1335009,3048329,1242718
3759273,207,1335021,3048331,1242718
3759274,210,1335042,3048337,1242718
3759275,213,1335044,3048338,1242718
3759276,216,1335046,3048339,1242718
3759277,219,1335049,3048341,1242718
3759278,223,712367,3048344,1242718
3759279,227,712368,3048347,1242718
3759280,275,1335050,3048370,1242718
3759281,299,1335051,3048372,1242718
3759282,339,1335052,3048374,1242718
3759283,397,1335053,3048376,1242718
3759284,400,1335080,3048378,1242718
3759285,403,1335083,3048380,1242718
3759286,443,1335084,3048382,1242718
3759287,565,1335086,3048386,1242718
3759288,1,1335757,3049094,1030708
3759289,1,1336193,3048836,1242757
3759290,2,1336322,3049094,1242760
3759291,2,712901,3049028,1242788
3759292,5,1336909,3049047,1242788
3759293,11,712955,3049120,1242795
3759294,21,712956,3049122,1242795
3759295,24,712957,3049123,1242795
3759296,25,1337127,3048858,1030973
3759297,42,37296,3048860,1030973
3759298,8,1337241,3048991,1242799
3759299,9,1337242,3048832,1242799
3759300,11,1337243,3048834,1242799
3759301,13,1337244,3048839,1242799
3759302,26,1337232,3048887,1242799
3759303,38,1337233,3048889,1242799
3759304,48,1337234,3048891,1242799
3759305,49,1337260,3048893,1242799
3759306,52,1337235,3048983,1242799
3759307,54,1337237,3048985,1242799
3759308,56,1337238,3048987,1242799
3759309,2,713105,3049077,1242806
3759310,8,1337929,3049107,1242846
3759311,10,713295,3049103,1242846
3759312,4,1337960,3049181,1242844
3759313,42,1337968,3049181,1242844
3759314,8,1338230,3049183,1242876
3759315,11,1338227,3049179,1242876
3759316,12,1338231,3049181,1242876
3759317,3,1338264,3044151,1242877
3759318,8,1338707,3049376,1242903
3759319,11,713559,3046767,1242903
3759320,3,713681,3049425,1242918
3759321,8,713687,3049427,1242918
3759322,11,1339187,3049429,1242918
3759323,2,1339204,3049448,1242920
3759324,5,1339205,3049450,1242920
3759325,5,1339343,3049452,1242926
3759326,11,1339344,3049453,1242926
3759327,17,1339345,3049454,1242926
3759328,23,1339346,3049455,1242926
3759329,29,1339348,3049456,1242926
3759330,31,713717,3049458,1242926
3759331,12,713726,3049569,1242931
3759332,9,1339562,3049581,1242946
3759333,0,1339896,3049359,1242965
3759334,9,713902,3049359,1242965
3759335,13,714112,3049678,1031804
3759336,46,714336,3049546,1243032
3759337,4,1341576,3049547,1031983
3759338,4,1341580,3049547,1031985
3759339,6,1341620,3049728,1243043
3759340,4,1342086,3049750,1243049
3759341,9,1342087,3049751,1243049
3759342,14,1342088,3049752,1243049
3759343,16,714515,3049753,1243049
3759344,3,1342336,3049578,1032117
3759345,6,1342341,3049573,1032117
3759346,2,1342430,3049575,1243065
3759347,17,714671,3049575,1243065
3759348,21,714673,3049583,1243065
3759349,25,1342423,3049575,1243065
3759350,26,1342432,3049573,1243065
3759351,2,714674,3049757,1243066
3759352,5,714681,3049758,1243066
3759353,8,714685,3049759,1243066
3759354,11,714693,3049760,1243066
3759355,14,714694,3049761,1243066
3759356,17,714699,3049762,1243066
3759357,7,1342528,3049590,1243072
3759358,1,1342777,3049522,1243107
3759359,11,1342771,3049530,1243107
3759360,14,714786,3049534,1243107
3759361,18,714787,3049538,1243107
3759362,21,1342774,3049542,1243107
3759363,24,1342775,3049544,1243107
3759364,25,1342780,3049546,1243107
3759365,27,1342781,3049547,1243107
3759366,29,1342782,3049578,1243107
3759367,31,1342783,3049590,1243107
3759368,35,1342776,3049593,1243107
3759369,1,714822,3049767,1243116
3759370,6,714825,3049790,1243116
3759371,8,1343864,3049893,1243191
3759372,17,1343865,3049894,1243191
3759373,26,1343866,3049896,1243191
3759374,28,715071,3049906,1243191
3759375,42,715096,3049897,1243191
3759376,2,1344202,3049914,1243210
3759377,8,1344264,3049630,1243211
3759378,10,715216,3049614,1243211
3759379,16,715220,3049626,1243211
3759380,19,715221,3049628,1243211
3759381,31,715222,3049615,1243211
3759382,36,715224,3049617,1243211
3759383,41,715225,3049619,1243211
3759384,46,715226,3049621,1243211
3759385,51,715227,3049623,1243211
3759386,56,1344251,3049561,1243211
3759387,62,1344253,3049565,1243211
3759388,73,1344256,3049571,1243211
3759389,86,1344266,3049577,1243211
3759390,2,1345666,3049999,1243243
3759391,8,1346270,3049996,1243253
3759392,10,715557,3049987,1243253
3759393,12,715559,3049992,1243253
3759394,15,1346263,3049994,1243253
3759395,23,1346384,3049988,1243253
3759396,27,1346267,3049990,1243253
3759397,29,1346414,3049988,1243253
3759398,33,1346265,3049990,1243253
3759399,4613,1344583,3049985,1243221
3759400,8,1347444,3050048,1243296
3759401,11,1347441,3050047,1243296
3759402,3,1348335,3049974,1243364
3759403,2,716075,3050079,1243368
3759404,9,1348555,3050080,1243368
3759405,16,1348556,3050082,1243368
3759406,50,1348557,3050088,1243368
3759407,8,1348899,3050154,1243384
3759408,15,716186,3050150,1243384
3759409,2,1349408,3050163,1243410
3759410,5,716322,3050403,1243423
3759411,2,1349848,3050340,1243434
3759412,4,1351043,3050546,1243471
3759413,9,1351044,3050548,1243471
3759414,11,716591,3050549,1243471
3759415,1,1351555,3050527,1243483
3759416,5,1351556,3050537,1243483
3759417,5,1351833,3045280,1243504
3759418,2,1351868,3050653,1243511
3759419,5,716725,3050655,1243511
3759420,11,1351834,3050584,1243504
3759421,8,716726,3050657,1243511
3759422,17,1351835,3049625,1243504
3759423,17,716730,3050659,1243511
3759424,23,1351836,3050586,1243504
3759425,29,1351837,3050587,1243504
3759426,35,1351838,3050588,1243504
3759427,41,1351839,3050589,1243504
3759428,43,716733,3050621,1243504
3759429,9,1352238,3050661,1243516
3759430,19,1352239,3050663,1243516
3759431,43,1352240,3050665,1243516
3759432,6,1352471,3050678,1243539
3759433,15,1352831,3050227,1243554
3759434,31,1352832,3050239,1243554
3759435,47,1352833,3050241,1243554
3759436,65,1352834,3050243,1243554
3759437,83,1352835,3050247,1243554
3759438,115,1352843,3050288,1243554
3759439,2,1353216,3050733,1243575
3759440,2,717217,3050740,1243578
3759441,6,1353450,3050702,1243597
3759442,2,1353759,3050801,1243608
3759443,3,1353797,3050828,1243609
3759444,8,717389,3050831,1243612
3759445,4,1354652,3050887,1243635
3759446,9,1354653,3050888,1243635
3759447,14,1354654,3050889,1243635
3759448,16,717654,3050890,1243635
3759449,17,1354878,3050910,1034291
3759450,1,1354978,3050860,1243652
3759451,1,717792,3050923,1243654
3759452,6,717794,3050924,1243654
3759453,11,717795,3050926,1243654
3759454,24,1355207,3050947,1034412
3759455,3,1355402,3050981,1243682
3759456,35,1355417,3050981,1243682
3759457,47,1355428,3050981,1243682
3759458,63,1355429,3050981,1243682
3759459,2,1355473,3050965,1243688
3759460,5,1355474,3050966,1243688
3759461,6,1355481,3050975,1243688
3759462,21,1355490,3050975,1243688
3759463,27,1355498,3050975,1243688
3759464,34,1355478,3050970,1243688
3759465,42,1355479,3050979,1243688
3759466,0,1355593,3050947,1243691
3759467,5,1355590,3050949,1243691
3759468,9,1355591,3050951,1243691
3759469,13,1355592,3050953,1243691
3759470,8,1355669,3050999,1243696
3759471,11,1355623,3050993,1243696
3759472,13,1355624,3050995,1243696
3759473,15,1355625,3050997,1243696
3759474,6,1355940,3051013,1243718
3759475,13,1355941,3051015,1243718
3759476,5,1356068,3051000,1243723
3759477,9,1356071,3051002,1243723
3759478,11,1356072,3051004,1243723
3759479,1,1356183,3051031,1243732
3759480,3,718210,3051032,1243732
3759481,8,718222,3051034,1243732
3759482,6,1356311,3051057,1243743
3759483,4,1356604,3051123,1243758
3759484,9,1356605,3051124,1243758
3759485,11,718414,3051127,1243758
3759486,12,1356727,3051161,1034899
3759487,11,1356780,3051161,1034903
3759488,8,1356795,3051167,1243763
3759489,2,1356796,3051153,1243764
3759490,11,1356791,3051160,1243763
3759491,12,1356804,3051161,1243763
3759492,16,1356792,3051163,1243763
3759493,18,718570,3051166,1243763
3759494,11,1356857,3043937,1243772
3759495,5,1357003,3051168,1243776
3759496,11,1357004,3051169,1243776
3759497,17,1357005,3051170,1243776
3759498,23,1357006,3051171,1243776
3759499,29,1357007,3051172,1243776
3759500,35,1357008,3051175,1243776
3759501,41,1357009,3051176,1243776
3759502,47,1357010,3051179,1243776
3759503,53,1357011,3051180,1243776
3759504,59,1357012,3051181,1243776
3759505,65,1357013,3051184,1243776
3759506,71,1357014,3051185,1243776
3759507,77,1357015,3051186,1243776
3759508,83,1357016,3051189,1243776
3759509,89,1357017,3051190,1243776
3759510,95,1357018,3051191,1243776
3759511,101,1357019,3051192,1243776
3759512,103,718662,3051194,1243776
3759513,6,1357160,3051214,1243781
3759514,13,1357161,3051215,1243781
3759515,20,1357163,3051217,1243781
3759516,27,1357165,3051219,1243781
3759517,34,1357167,3051221,1243781
3759518,41,1357168,3051225,1243781
3759519,48,1357169,3051227,1243781
3759520,55,1357170,3051229,1243781
3759521,62,1357171,3051231,1243781
3759522,69,1357172,3051233,1243781
3759523,76,1357173,3051235,1243781
3759524,83,1357174,3051239,1243781
3759525,90,1357175,3051243,1243781
3759526,97,1357176,3051245,1243781
3759527,104,1357177,3051247,1243781
3759528,111,1357178,3051249,1243781
3759529,8,1357311,3051204,1243784
3759530,3,1357315,3051282,1243785
3759531,3,1357416,3051299,1243791
3759532,1,1358284,3051173,1243826
3759533,2,719127,3051396,1243850
3759534,8,719133,3051402,1243850
3759535,13,719134,3051403,1243850
3759536,22,719137,3051405,1243850
3759537,2,1358666,3051435,1243859
3759538,3,719204,3051446,1243868
3759539,9,1358718,3051449,1243868
3759540,1,719656,3051508,1243903
3759541,10,1360015,3051645,1243911
3759542,21,1360018,3051648,1243911
3759543,32,1360022,3051653,1243911
3759544,42,1360027,3051658,1243911
3759545,52,1360030,3051661,1243911
3759546,64,1360031,3051666,1243911
3759547,76,1360034,3051671,1243911
3759548,88,1360039,3051674,1243911
3759549,100,1360043,3051679,1243911
3759550,112,1360047,3051684,1243911
3759551,124,1360051,3051691,1243911
3759552,138,1360053,3051692,1243911
3759553,152,1360057,3051695,1243911
3759554,166,1360058,3051696,1243911
3759555,176,1360059,3051699,1243911
3759556,186,1360060,3051700,1243911
3759557,197,1360061,3051703,1243911
3759558,207,1360062,3051708,1243911
3759559,217,1360063,3051709,1243911
3759560,231,1360064,3051712,1243911
3759561,241,1360065,3051713,1243911
3759562,252,1360066,3051718,1243911
3759563,254,719822,3051779,1243911
3759564,270,1360067,3051763,1243911
3759565,280,1360068,3051767,1243911
3759566,284,719823,3051773,1243911
3759567,1,720495,3052052,1243980
3759568,3,720498,3052055,1243980
3759569,5,1363123,3051892,1243986
3759570,8,720556,3051894,1243986
3759571,3,1363305,3051623,1243993
3759572,7,1363306,3051625,1243993
3759573,10,720660,3051719,1243993
3759574,18,1363307,3051722,1243993
3759575,26,1363308,3051725,1243993
3759576,34,1363309,3051727,1243993
3759577,58,1363316,3051731,1243993
3759578,73,1363320,3051733,1243993
3759579,79,1363321,3051737,1243993
3759580,94,1363325,3051739,1243993
3759581,99,1363327,3051742,1243993
3759582,111,1363330,3051746,1243993
3759583,117,1363331,3051748,1243993
3759584,126,1363337,3051752,1243993
3759585,140,1363342,3051756,1243993
3759586,145,1363344,3051759,1243993
3759587,197,1363345,3051780,1243993
3759588,1015,1363346,3051796,1243993
3759589,1125,1363371,3051802,1243993
3759590,1235,1363378,3051804,1243993
3759591,1247,1363385,3051806,1243993
3759592,1254,1363386,3051808,1243993
3759593,1346,1363387,3051810,1243993
3759594,1353,1363393,3051812,1243993
3759595,1463,1363394,3051814,1243993
3759596,1555,1363401,3051816,1243993
3759597,1562,1363407,3051818,1243993
3759598,1672,1363408,3051820,1243993
3759599,1782,1363415,3051822,1243993
3759600,1789,1363422,3051824,1243993
3759601,1917,1363423,3051826,1243993
3759602,1927,1363431,3051828,1243993
3759603,1934,1363432,3051830,1243993
3759604,8,1364448,3051920,1244011
3759605,34,1364438,3051869,1244011
3759606,60,1364440,3051871,1244011
3759607,2062,1363433,3051832,1243993
3759608,96,1364441,3051883,1244011
3759609,132,1364442,3051885,1244011
3759610,168,1364444,3051887,1244011
3759611,2190,1363441,3051834,1243993
3759612,2206,1363449,3051836,1243993
3759613,170,720777,3051890,1244011
3759614,2220,1363450,3051838,1243993
3759615,2227,1363451,3051840,1243993
3759616,2234,1363452,3051842,1243993
3759617,2326,1363453,3051844,1243993
3759618,2333,1363459,3051846,1243993
3759619,10,1364726,3052091,1244017
3759620,2,1364748,3052090,1244023
3759621,3,1364749,3052091,1244023
3759622,8,1365135,3052132,1244057
3759623,10,720926,3052110,1244057
3759624,12,720928,3052111,1244057
3759625,14,720930,3052112,1244057
3759626,16,720932,3052114,1244057
3759627,21,720933,3052116,1244057
3759628,26,720935,3052118,1244057
3759629,31,720936,3052120,1244057
3759630,3,1365168,3052135,1036183
3759631,11,1365166,3052135,1036183
3759632,8,1365180,3052089,1244065
3759633,15,1365200,3052137,1036195
3759634,17,1365202,3052139,1036195
3759635,25,1365195,3052139,1036195
3759636,13,1365230,3052139,1244068
3759637,2,1365228,3052144,1244069
3759638,17,1365231,3052139,1244068
3759639,0,1365232,3052135,1244071
3759640,2,1365233,3052137,1244071
3759641,4,1365234,3052139,1244071
3759642,2,1365275,3052152,1244077
3759643,4,721165,3052070,1244105
3759644,2,1366334,3052309,1244121
3759645,4,1367468,3051261,1036533
3759646,2053,1366602,3052337,1244129
3759647,3,1367914,3052343,1244134
3759648,2,1368120,3052293,1036614
3759649,4,1368298,3044768,1244143
3759650,9,1368300,3052427,1244143
3759651,14,1368301,3052428,1244143
3759652,19,1368302,3052429,1244143
3759653,24,1368303,3052430,1244143
3759654,26,721583,3052431,1244143
3759655,0,1368383,3051261,1244145
3759656,2,1368384,3052293,1244145
3759657,4,1368385,3052296,1244145
3759658,6,1368386,3052298,1244145
3759659,2,1368650,3052441,1244157
3759660,3,1368882,3052503,1036892
3759661,14,721923,3052503,1036898
3759662,3,1369051,3052521,1244184
3759663,7,1369052,3052522,1244184
3759664,13,1369053,3052523,1244184
3759665,19,1369054,3052525,1244184
3759666,2,1369104,3052497,1244187
3759667,7,1370038,3052626,1244254
3759668,2,1370493,3052658,1244276
3759669,5,1370494,3052660,1244276
3759670,8,1370495,3052661,1244276
3759671,15,722636,3052591,1244290
3759672,31,722639,3052593,1244290
3759673,34,1370716,3052597,1244290
3759674,37,1370717,3052601,1244290
3759675,41,1370718,3052603,1244290
3759676,45,1370719,3052606,1244290
3759677,46,1370792,3052626,1244290
3759678,50,1370720,3052632,1244290
3759679,4,1370861,3052713,1244305
3759680,0,1370964,3052713,1244309
3759681,2,1371114,3052738,1244318
3759682,5,1371115,3052739,1244318
3759683,8,1371116,3052740,1244318
3759684,11,1371117,3052742,1244318
3759685,14,1371118,3052744,1244318
3759686,8,1371374,3052705,1244331
3759687,23,722891,3052695,1244331
3759688,34,722892,3052697,1244331
3759689,49,722893,3052699,1244331
3759690,64,722894,3052701,1244331
3759691,77,722895,3052703,1244331
3759692,4,1371538,3052789,1037636
3759693,0,1371659,3052789,1244354
3759694,17,1371658,3052793,1244354
3759695,1,1371711,3052873,1037713
3759696,1,722998,3052873,1244360
3759697,3,1372003,3052924,1244379
3759698,7,1372052,3052925,1037819
3759699,5,1372578,3053012,1244425
3759700,3,723814,3053273,1244456
3759701,4,1373365,3053282,1244458
3759702,1,1373486,3052353,1244144
3759703,4,1374909,3052354,1244144
3759704,7,1374910,3052356,1244144
3759705,10,1374911,3052360,1244144
3759706,13,1374912,3052364,1244144
3759707,18,723926,3052366,1244144
3759708,23,723929,3052370,1244144
3759709,28,1374913,3052374,1244144
3759710,31,723932,3052378,1244144
3759711,9,723996,3053334,1244490
3759712,26,1375366,3053381,1038382
3759713,38,1375458,3053383,1038401
3759714,6,1375506,3053339,1244500
3759715,8,1375613,3053095,1244504
3759716,11,724158,3052958,1244504
3759717,14,724161,3052960,1244504
3759718,17,724174,3052962,1244504
3759719,21,1375555,3052964,1244504
3759720,25,1375556,3052966,1244504
3759721,29,1375557,3052968,1244504
3759722,33,1375558,3052970,1244504
3759723,37,1375559,3052972,1244504
3759724,41,1375560,3052974,1244504
3759725,5,1375674,3053401,1244506
3759726,45,1375561,3052976,1244504
3759727,11,1375675,3046194,1244506
3759728,49,1375562,3052978,1244504
3759729,53,1375563,3052980,1244504
3759730,17,1375676,3048215,1244506
3759731,57,1375564,3052982,1244504
3759732,61,1375565,3052984,1244504
3759733,23,1375677,3047632,1244506
3759734,65,1375566,3052986,1244504
3759735,29,1375678,3053402,1244506
3759736,69,1375567,3052988,1244504
3759737,35,1375679,3053403,1244506
3759738,73,1375568,3052990,1244504
3759739,77,1375569,3052992,1244504
3759740,41,1375680,3053404,1244506
3759741,81,1375570,3052994,1244504
3759742,85,1375571,3052996,1244504
3759743,47,1375681,3053405,1244506
3759744,89,1375572,3052998,1244504
3759745,53,1375683,3053406,1244506
3759746,55,724212,3053429,1244506
3759747,75,1375686,3053427,1244506
3759748,95,724213,3053000,1244504
3759749,98,724214,3053002,1244504
3759750,101,724215,3053004,1244504
3759751,104,724216,3053006,1244504
3759752,106,1375574,3053010,1244504
3759753,112,724217,3053015,1244504
3759754,115,724219,3053021,1244504
3759755,118,724220,3053029,1244504
3759756,132,724223,3053035,1244504
3759757,142,724225,3053037,1244504
3759758,154,724226,3053039,1244504
3759759,162,724228,3053041,1244504
3759760,168,724229,3053043,1244504
3759761,170,1375605,3053045,1244504
3759762,172,1375606,3053047,1244504
3759763,178,724230,3053049,1244504
3759764,184,724233,3053051,1244504
3759765,190,724234,3053053,1244504
3759766,196,724235,3053055,1244504
3759767,199,724237,3053057,1244504
3759768,73,1375953,3053450,1244528
3759769,3,724435,3045257,1244554
3759770,5,1376385,3053446,1244554
3759771,7,1376386,3053448,1244554
3759772,12,1376387,3045258,1244554
3759773,13,1376396,3053450,1244554
3759774,20,1376388,3053452,1244554
3759775,34,1376389,3053460,1244554
3759776,44,1376390,3053464,1244554
3759777,54,1376391,3053466,1244554
3759778,64,1376392,3053468,1244554
3759779,74,1376393,3053470,1244554
3759780,84,1376394,3053472,1244554
3759781,94,1376395,3053474,1244554
3759782,0,1376454,3053381,1244556
3759783,2,1376455,3053383,1244556
3759784,7,1376541,3053631,1244561
3759785,8,1376575,3053657,1244565
3759786,2,724488,3053659,1244567
3759787,4,1376826,3053673,1244575
3759788,6,724509,3053674,1244575
3759789,3,724896,3053795,1244614
3759790,1,724939,3053616,1244656
3759791,2,1378798,3053631,1244656
3759792,8,1378824,3053748,1244659
3759793,12,1378816,3053681,1244659
3759794,16,1378817,3053683,1244659
3759795,20,1378818,3053685,1244659
3759796,24,1378819,3053687,1244659
3759797,28,1378820,3053689,1244659
3759798,32,1378821,3053691,1244659
3759799,3,1378869,3052711,1244663
3759800,7,1378870,3052710,1244663
3759801,11,1378871,3052707,1244663
3759802,8,1379415,3053847,1244711
3759803,3,1379955,3053992,1244730
3759804,79,1380556,3054015,1039650
3759805,94,1380559,3054015,1039650
3759806,2,1380558,3054026,1244769
3759807,11,1380595,3054010,1039689
3759808,8,1380778,3054014,1244790
3759809,11,1380775,3054013,1244790
3759810,0,1380869,3054015,1244802
3759811,4,1380867,3054017,1244802
3759812,30,1380868,3054019,1244802
3759813,2,1381255,3054060,1244837
3759814,0,1381447,3054134,1244844
3759815,1,725927,3054089,1244885
3759816,3,725929,3054091,1244885
3759817,8,1381877,3054092,1244885
3759818,10,725934,3054094,1244885
3759819,12,725936,3054095,1244885
3759820,14,725938,3054096,1244885
3759821,16,725940,3054099,1244885
3759822,20,725941,3054101,1244885
3759823,22,725943,3054103,1244885
3759824,24,725945,3054105,1244885
3759825,26,725947,3054107,1244885
3759826,28,725949,3054109,1244885
3759827,30,725951,3054111,1244885
3759828,32,725953,3054114,1244885
3759829,34,725955,3054116,1244885
3759830,36,725957,3054118,1244885
3759831,4,1382918,3054362,1244938
3759832,9,1382920,3054363,1244938
3759833,14,1382922,3054364,1244938
3759834,19,1382924,3054365,1244938
3759835,24,1382925,3054368,1244938
3759836,29,1382927,3054372,1244938
3759837,34,1382929,3054379,1244938
3759838,39,1382930,3054388,1244938
3759839,41,726361,3054391,1244938
3759840,1,726490,3054384,1244969
3759841,4,726561,3054520,1244982
3759842,7,726562,3054521,1244982
3759843,10,726563,3054523,1244982
3759844,13,726564,3054524,1244982
3759845,2,1386853,3054450,1245024
3759846,1,726703,3054397,1245045
3759847,4,1387879,3054401,1245045
3759848,2,1388100,3054677,1041025
3759849,3,1388101,3054679,1041025
3759850,0,1389543,3054677,1245088
3759851,2,1389544,3054679,1245088
3759852,8,1389572,3054304,1245090
3759853,11,1389550,3054228,1245090
3759854,13,1389551,3054230,1245090
3759855,19,1389552,3054232,1245090
3759856,20,1389589,3054247,1245090
3759857,3,1389599,3054723,1245091
3759858,28,1389553,3054274,1245090
3759859,38,1389554,3054276,1245090
3759860,41,1389555,3054278,1245090
3759861,43,1389556,3054284,1245090
3759862,45,1389557,3054286,1245090
3759863,72,1389558,3054290,1245090
3759864,76,1389561,3054292,1245090
3759865,1,727187,3048037,1245093
3759866,4,1390287,3048038,1245093
3759867,19,1390452,3054785,1245108
3759868,2,727445,3054797,1245116
3759869,4,1391176,3054833,1245139
3759870,1,1392103,3054882,1245167
3759871,5,1392106,3054884,1245167
3759872,0,1392182,3054833,1245171
3759873,2,728596,3054909,1245200
3759874,5,728602,3054911,1245200
3759875,8,728604,3054913,1245200
3759876,11,728606,3054915,1245200
3759877,14,728607,3054917,1245200
3759878,4,1392998,3054783,1245208
3759879,5,1393002,3054785,1245208
3759880,9,1392999,3054787,1245208
3759881,4,1393112,3054959,1245213
3759882,9,1393113,3054960,1245213
3759883,14,1393114,3054961,1245213
3759884,19,1393115,3054962,1245213
3759885,21,728719,3054963,1245213
3759886,2,728912,3054964,1245254
3759887,1,1393619,3054965,1245271
3759888,7,728933,3054968,1245271
3759889,11,1393628,3054968,1245271
3759890,15,1393629,3054966,1245271
3759891,18,1393630,3054966,1245271
3759892,3,1393756,3054739,1245293
3759893,7,1393757,3054740,1245293
3759894,11,1393758,3054743,1245293
3759895,15,1393759,3054744,1245293
3759896,19,1393760,3054745,1245293
3759897,23,1393761,3054746,1245293
3759898,27,1393762,3054747,1245293
3759899,31,1393763,3054748,1245293
3759900,35,1393764,3054749,1245293
3759901,39,1393765,3054750,1245293
3759902,43,1393766,3054751,1245293
3759903,47,1393767,3054752,1245293
3759904,51,1393768,3054753,1245293
3759905,55,1393769,3054754,1245293
3759906,59,1393770,3054755,1245293
3759907,63,1393771,3054756,1245293
3759908,67,1393772,3054757,1245293
3759909,71,1393773,3054758,1245293
3759910,75,1393774,3054759,1245293
3759911,79,1393775,3054762,1245293
3759912,83,1393776,3054763,1245293
3759913,87,1393777,3054764,1245293
3759914,91,1393778,3054765,1245293
3759915,95,1393779,3054766,1245293
3759916,99,1393780,3054767,1245293
3759917,103,1393781,3054768,1245293
3759918,107,1393782,3054769,1245293
3759919,6,1393838,3055009,1245302
3759920,4,728991,3054985,1245307
3759921,4,1393964,3055065,1245312
3759922,4,1394302,3055065,1245325
3759923,6,1394334,3055096,1245329
3759924,13,1394335,3055099,1245329
3759925,20,1394336,3055100,1245329
3759926,22,729161,3055105,1245329
3759927,2,1394429,3055082,1245342
3759928,9,1394521,3055128,1245352
3759929,3,1394538,3055132,1245355
3759930,7,1394539,3055134,1245355
3759931,8,1394849,3055061,1245372
3759932,2,729329,3055136,1245378
3759933,38,729330,3055033,1245372
3759934,43,729331,3055054,1245372
3759935,3,1395021,3055195,1245388
3759936,7,1395022,3055198,1245388
3759937,11,1395023,3055202,1245388
3759938,15,1395024,3055208,1245388
3759939,19,1395025,3055210,1245388
3759940,23,1395026,3055213,1245388
3759941,27,1395027,3055216,1245388
3759942,3,1395288,3052656,1245405
3759943,7,1395289,3052657,1245405
3759944,11,1395290,3055169,1245405
3759945,15,1395291,3055171,1245405
3759946,19,1395292,3055172,1245405
3759947,23,1395293,3055174,1245405
3759948,27,1395294,3055175,1245405
3759949,31,1395295,3055179,1245405
3759950,35,1395296,3055181,1245405
3759951,39,1395297,3055184,1245405
3759952,43,1395298,3055186,1245405
3759953,47,1395299,3052644,1245405
3759954,51,1395300,3055190,1245405
3759955,55,1395301,3047902,1245405
3759956,59,1395302,3055191,1245405
3759957,63,1395303,3055193,1245405
3759958,67,1395304,3055197,1245405
3759959,71,1395305,3052708,1245405
3759960,75,1395306,3055204,1245405
3759961,79,1395307,3049446,1245405
3759962,83,1395308,3055212,1245405
3759963,87,1395309,3055215,1245405
3759964,91,1395310,3055218,1245405
3759965,95,1395311,3055219,1245405
3759966,99,1395312,3055220,1245405
3759967,103,1395313,3055233,1245405
3759968,107,1395314,3055235,1245405
3759969,111,1395315,3052681,1245405
3759970,115,1395316,3055239,1245405
3759971,119,1395317,3055241,1245405
3759972,123,1395318,3055242,1245405
3759973,127,1395319,3055243,1245405
3759974,131,1395320,3052552,1245405
3759975,135,1395321,3055244,1245405
3759976,139,1395322,3055246,1245405
3759977,143,1395323,3055247,1245405
3759978,147,1395324,3052650,1245405
3759979,151,1395325,3055248,1245405
3759980,155,1395326,3052652,1245405
3759981,159,1395327,3055250,1245405
3759982,163,1395328,3055251,1245405
3759983,167,1395329,3055252,1245405
3759984,171,1395330,3055253,1245405
3759985,175,1395331,3055254,1245405
3759986,179,1395332,3055256,1245405
3759987,183,1395333,3055258,1245405
3759988,187,1395334,3055262,1245405
3759989,191,1395335,3055264,1245405
3759990,195,1395336,3055265,1245405
3759991,199,1395337,3055266,1245405
3759992,203,1395338,3055267,1245405
3759993,207,1395339,3055268,1245405
3759994,211,1395340,3055269,1245405
3759995,215,1395341,3055271,1245405
3759996,219,1395342,3055272,1245405
3759997,223,1395343,3055274,1245405
3759998,227,1395344,3055275,1245405
3759999,231,1395345,3055276,1245405
3760000,235,1395346,3055278,1245405
3760001,239,1395347,3055280,1245405
3760002,243,1395348,3055282,1245405
3760003,247,1395349,3055284,1245405
3760004,251,1395350,3055286,1245405
3760005,255,1395351,3055288,1245405
3760006,259,1395352,3055290,1245405
3760007,263,1395353,3055291,1245405
3760008,267,1395354,3055293,1245405
3760009,271,1395355,3055295,1245405
3760010,275,1395356,3055297,1245405
3760011,279,1395357,3055299,1245405
3760012,283,1395358,3055300,1245405
3760013,287,1395359,3055302,1245405
3760014,291,1395360,3055304,1245405
3760015,295,1395361,3055305,1245405
3760016,299,1395362,3055307,1245405
3760017,303,1395363,3055309,1245405
3760018,307,1395364,3055311,1245405
3760019,311,1395365,3055313,1245405
3760020,315,1395366,3052510,1245405
3760021,319,1395367,3052559,1245405
3760022,323,1395368,3055314,1245405
3760023,487,1395369,3055316,1245405
3760024,8,729543,3055397,1042768
3760025,1,1396276,3055157,1245453
3760026,0,1396305,3055397,1245454
3760027,2,1396678,3055459,1245469
3760028,2,1397357,3055491,1245494
3760029,2,730412,3055559,1245498
3760030,2,1397453,3055561,1245500
3760031,2,730612,3055519,1245501
3760032,6,730613,3055524,1245501
3760033,10,730615,3055526,1245501
3760034,14,730616,3055528,1245501
3760035,8,1398068,3055581,1245508
3760036,83,1398130,3055549,1245522
3760037,87,1398131,3055551,1245522
3760038,91,1398132,3055552,1245522
3760039,95,1398133,3055553,1245522
3760040,99,1398134,3055554,1245522
3760041,103,1398135,3055555,1245522
3760042,107,1398136,3055556,1245522
3760043,111,1398137,3055557,1245522
3760044,115,1398138,3055558,1245522
3760045,8,1399426,3055685,1245530
3760046,1,731380,3055599,1245546
3760047,4,1401134,3055602,1245546
3760048,1109,1401188,3055717,1245550
3760049,9,1402392,3055699,1245565
3760050,12,1402391,3055710,1245565
3760051,1,1402704,3055721,1245574
3760052,2,732183,3055748,1245589
3760053,5,732184,3055750,1245589
3760054,8,732186,3055752,1245589
3760055,11,732189,3055754,1245589
3760056,14,732196,3055756,1245589
3760057,17,732197,3055758,1245589
3760058,20,732199,3055760,1245589
3760059,23,732203,3055762,1245589
3760060,26,732204,3055764,1245589
3760061,29,732206,3055765,1245589
3760062,32,732208,3055766,1245589
3760063,35,732214,3055767,1245589
3760064,38,732216,3055768,1245589
3760065,41,732217,3055769,1245589
3760066,44,732221,3055770,1245589
3760067,47,732224,3055771,1245589
3760068,50,732226,3055772,1245589
3760069,53,732227,3055774,1245589
3760070,56,732229,3055776,1245589
3760071,59,732233,3055778,1245589
3760072,62,732234,3055780,1245589
3760073,65,732236,3055782,1245589
3760074,68,732237,3055784,1245589
3760075,71,732238,3055786,1245589
3760076,74,732241,3055788,1245589
3760077,77,732242,3055790,1245589
3760078,80,732244,3055792,1245589
3760079,83,732247,3055794,1245589
3760080,86,732250,3055798,1245589
3760081,89,732253,3055800,1245589
3760082,92,732259,3055802,1245589
3760083,95,732262,3055804,1245589
3760084,98,732267,3055808,1245589
3760085,101,732270,3055810,1245589
3760086,104,732271,3055812,1245589
3760087,107,732272,3055814,1245589
3760088,110,732274,3055817,1245589
3760089,113,732277,3055819,1245589
3760090,116,732282,3055821,1245589
3760091,119,732284,3055823,1245589
3760092,122,732287,3055825,1245589
3760093,125,732289,3055828,1245589
3760094,128,732290,3055830,1245589
3760095,131,732294,3055834,1245589
3760096,134,732296,3055836,1245589
3760097,137,732299,3055838,1245589
3760098,140,732300,3055840,1245589
3760099,143,732302,3055843,1245589
3760100,146,732304,3055845,1245589
3760101,149,732308,3055847,1245589
3760102,152,732310,3055849,1245589
3760103,155,732312,3055851,1245589
3760104,158,732313,3055853,1245589
3760105,161,732319,3055855,1245589
3760106,164,732322,3055857,1245589
3760107,167,732324,3055863,1245589
3760108,170,732327,3055869,1245589
3760109,173,732329,3055871,1245589
3760110,176,732330,3055873,1245589
3760111,179,732332,3055876,1245589
3760112,182,732334,3055878,1245589
3760113,185,732337,3055880,1245589
3760114,188,732338,3055882,1245589
3760115,191,732339,3055884,1245589
3760116,2,732599,3055903,1245612
3760117,27,1403853,3055943,1245631
3760118,2,732876,3055946,1245633
3760119,2,732898,3055929,1245638
3760120,6,732908,3055934,1245638
3760121,10,1404151,3055953,1245643
3760122,2,1404169,3055951,1245646
3760123,3,1404170,3055953,1245646
3760124,1,733000,3055961,1245653
3760125,19,1404196,3055962,1245653
3760126,3,1404224,3055970,1245657
3760127,7,1404225,3055971,1245657
3760128,11,1404226,3055973,1245657
3760129,15,1404227,3055975,1245657
3760130,26,1404198,3055964,1245653
3760131,32,1404191,3055962,1245653
3760132,36,1404192,3055964,1245653
3760133,62,1404194,3055966,1245653
3760134,71,1404193,3055966,1245653
3760135,89,733198,3055981,1245671
3760136,8,1404916,3055665,1245682
3760137,11,1404912,3055662,1245682
3760138,14,1404913,3055663,1245682
3760139,8,1405061,3056105,1245694
3760140,3,1405832,3056139,1245705
3760141,6,733645,3056140,1245705
3760142,15,1405838,3056141,1245705
3760143,22,1405844,3056142,1245705
3760144,26,1405847,3056144,1245705
3760145,188,1405848,3056146,1245705
3760146,210,1405871,3056148,1245705
3760147,1,733746,3056153,1245712
3760148,4,1406965,3056156,1245712
3760149,4,1407267,3056197,1245717
3760150,3,1407395,3056209,1245724
3760151,0,1407623,3056197,1245731
3760152,13,1407950,3055383,1044681
3760153,20,734319,3055380,1044681
3760154,27,734320,3055382,1044681
3760155,40,1407946,3055383,1044681
3760156,73,1407963,3055382,1044681
3760157,3,1407987,3056261,1044698
3760158,111,1407966,3055380,1044681
3760159,5,1408011,3056266,1044711
3760160,2,1408307,3055370,1245763
3760161,3,1408308,3055380,1245763
3760162,5,1408309,3055382,1245763
3760163,7,1408310,3055383,1245763
3760164,2,734533,3056233,1245764
3760165,29,1408373,3056317,1245770
3760166,6,1408412,3056350,1245772
3760167,4,734596,3056367,1245778
3760168,3,1409237,3056402,1245791
3760169,1,1409411,3056421,1045097
3760170,2,734820,3056357,1245814
3760171,8,1409505,3056414,1245820
3760172,8,1409650,3056428,1245822
3760173,1,1409795,3056420,1245829
3760174,4,1409796,3056421,1245829
3760175,6,1409797,3056424,1245829
3760176,5,1410272,3056484,1245855
3760177,4,1410280,3056490,1245858
3760178,11,1410273,3056485,1245855
3760179,17,1410274,3056486,1245855
3760180,19,735164,3056489,1245855
3760181,3,1410781,3053399,1245898
3760182,79,1410803,3053337,1245898
3760183,3,1411270,3046064,1245918
3760184,38,1411531,3056591,1045539
3760185,8,1411778,3056609,1245941
3760186,0,1411994,3056615,1245947
3760187,2,1411996,3056617,1245947
3760188,4,1411998,3056619,1245947
3760189,6,1412001,3056620,1245947
3760190,8,1412005,3056622,1245947
3760191,1,1412486,3056628,1245968
3760192,9,1412522,3056648,1245970
3760193,7,1412958,3056680,1245991
3760194,17,1412959,3056682,1245991
3760195,24,1412960,3056684,1245991
3760196,11,1413025,3056665,1245995
3760197,14,1413024,3056665,1245995
3760198,17,1413023,3056665,1245995
3760199,8,1413043,3047815,1045838
3760200,1,736190,3056588,1245996
3760201,4,1413065,3056589,1245996
3760202,5,1413066,3056591,1245996
3760203,4,736198,3056695,1245997
3760204,10,736205,3056695,1245997
3760205,4,1413242,3056697,1246003
3760206,9,1413243,3056698,1246003
3760207,14,1413245,3056699,1246003
3760208,19,1413247,3056700,1246003
3760209,24,1413250,3055533,1246003
3760210,29,1413252,3056701,1246003
3760211,34,1413254,3049913,1246003
3760212,36,736290,3056702,1246003
3760213,0,1413624,3056648,1246012
3760214,49,736424,3056663,1246012
3760215,125,1413614,3056660,1246012
3760216,0,1413780,3056680,1246020
3760217,2,1413781,3056682,1246020
3760218,4,1413782,3056684,1246020
3760219,6,736485,3056735,1046112
3760220,0,1413946,3056735,1246036
3760221,1,736525,3045506,1246044
3760222,3,1414184,3056756,1246063
3760223,7,1414185,3056758,1246063
3760224,11,1414186,3056759,1246063
3760225,19,1414187,3056760,1246063
3760226,27,1414188,3056761,1246063
3760227,4,736650,3056748,1246066
3760228,8,736691,3056764,1246079
3760229,11,736698,3052038,1246079
3760230,14,736699,3052039,1246079
3760231,17,736700,3052041,1246079
3760232,28,1414304,3052040,1246079
3760233,2,1414487,3056768,1246086
3760234,7,1414533,3056773,1246095
3760235,15,1414534,3054943,1246095
3760236,21,1414535,3056774,1246095
3760237,27,1414536,3056775,1246095
3760238,35,1414537,3056776,1246095
3760239,37,736773,3056785,1246095
3760240,3,1414587,3056794,1246097
3760241,8,736806,3056797,1046498
3760242,2,736853,3056796,1246110
3760243,10,1414937,3056853,1246125
3760244,21,1414939,3056854,1246125
3760245,32,1414941,3056855,1246125
3760246,43,1414943,3056856,1246125
3760247,54,1414945,3056857,1246125
3760248,65,1414952,3056858,1246125
3760249,76,1414957,3056859,1246125
3760250,87,1414964,3056860,1246125
3760251,98,1414969,3056861,1246125
3760252,109,1414974,3056862,1246125
3760253,120,1414980,3056863,1246125
3760254,133,1414986,3056864,1246125
3760255,146,1414994,3056865,1246125
3760256,159,1415011,3056866,1246125
3760257,172,1415024,3056867,1246125
3760258,185,1415027,3056868,1246125
3760259,196,1415031,3056869,1246125
3760260,198,737001,3056878,1246125
3760261,3,1415503,3051280,1246129
3760262,11,737271,3056917,1246151
3760263,2,1417030,3056833,1246203
3760264,4,737524,3056838,1246203
3760265,6,737528,3056840,1246203
3760266,17,737537,3056842,1246203
3760267,20,737545,3056845,1246203
3760268,23,737547,3056847,1246203
3760269,26,737548,3056849,1246203
3760270,8,1417100,3056933,1246207
3760271,10,737561,3056929,1246207
3760272,8,1417644,3056949,1246218
3760273,11,737768,3056947,1246218
3760274,13,1417641,3056948,1246218
3760275,4,1418443,3057097,1246255
3760276,9,1418444,3057099,1246255
3760277,40,738406,3052296,1047525
3760278,56,1419022,3052298,1047525
3760279,63,1419029,3052298,1047525
3760280,2,738864,3057149,1246325
3760281,6,738870,3057159,1246325
3760282,13,738876,3057160,1246325
3760283,3,1419974,3057190,1246342
3760284,1,738972,3057249,1246351
3760285,1,1420423,3057205,1246353
3760286,1,739210,3057235,1246369
3760287,3,1421931,3057423,1246398
3760288,3,1422556,3057408,1246410
3760289,4,1423767,3057558,1246469
3760290,9,1423768,3057559,1246469
3760291,14,1423769,3057560,1246469
3760292,19,1423770,3057563,1246469
3760293,24,1423771,3057564,1246469
3760294,29,1423772,3057567,1246469
3760295,31,740027,3057568,1246469
3760296,2,740093,3057537,1246471
3760297,5,740094,3057539,1246471
3760298,4,740344,3057653,1246503
3760299,3,740381,3057501,1246511
3760300,6,1425806,3057505,1246511
3760301,12,1425807,3057507,1246511
3760302,2,1426654,3057667,1246515
3760303,8,1426917,3057679,1246519
3760304,2,1427014,3057682,1246522
3760305,0,1427346,3057682,1246524
3760306,30,1427370,3057335,1048963
3760307,1,740509,3057621,1246528
3760308,4,1427393,3057627,1246528
3760309,8,1428202,3057666,1246547
3760310,13,740771,3057658,1246547
3760311,15,740774,3057659,1246547
3760312,19,740775,3057662,1246547
3760313,32,740779,3057660,1246547
3760314,1,1428512,3057733,1246557
3760315,8,1428503,3057359,1246555
3760316,84,1428467,3057317,1246555
3760317,87,740913,3057327,1246555
3760318,89,1428468,3057331,1246555
3760319,91,1428469,3057333,1246555
3760320,94,740915,3057339,1246555
3760321,16,740917,3057735,1246557
3760322,115,1428470,3057337,1246555
3760323,18,740919,3057738,1246557
3760324,131,1428487,3057335,1246555
3760325,136,1428491,3048023,1246555
3760326,139,740923,3048643,1246555
3760327,142,740925,3048432,1246555
3760328,145,740927,3057341,1246555
3760329,28,740929,3057740,1246557
3760330,148,740930,3048769,1246555
3760331,164,1428471,3057343,1246555
3760332,165,1428677,3057345,1246555
3760333,170,740934,3057347,1246555
3760334,246,1428473,3057349,1246555
3760335,8,1428808,3057732,1246564
3760336,66,1428804,3057761,1246562
3760337,357,1428474,3057351,1246555
3760338,433,1428476,3057353,1246555
3760339,509,1428478,3057355,1246555
3760340,541,1428479,3057358,1246555
3760341,8,1429134,3057704,1246581
3760342,10,1429131,3057683,1246581
3760343,1,741108,3057786,1246591
3760344,6,741111,3057787,1246591
3760345,11,741112,3057791,1246591
3760346,2,1429310,3057808,1246606
3760347,5,1429311,3057810,1246606
3760348,5,741144,3057801,1246608
3760349,31,1430017,3057892,1246631
3760350,44,1430040,3057894,1246631
3760351,60,1430045,3057896,1246631
3760352,63,1430057,3057899,1246631
3760353,2,1430275,3057970,1246645
3760354,9,1430959,3058025,1246672
3760355,3,1431154,3058090,1246675
3760356,14,1431244,3058044,1049805
3760357,7,1431281,3058105,1246682
3760358,15,1431283,3058108,1246682
3760359,17,741853,3058117,1246682
3760360,0,1431343,3058044,1246684
3760361,5,1431322,3058046,1246684
3760362,10,1431323,3058082,1246684
3760363,12,1431324,3054360,1246684
3760364,16,741872,3045193,1246684
3760365,20,741873,3054356,1246684
3760366,24,741874,3054353,1246684
3760367,28,741876,3054352,1246684
3760368,32,741877,3058083,1246684
3760369,36,741881,3045579,1246684
3760370,40,741882,3058086,1246684
3760371,44,741884,3054354,1246684
3760372,48,741895,3058088,1246684
3760373,52,741901,3058091,1246684
3760374,56,741903,3058093,1246684
3760375,60,741904,3058096,1246684
3760376,64,741907,3058098,1246684
3760377,68,741908,3058101,1246684
3760378,72,741910,3044361,1246684
3760379,76,741913,3054305,1246684
3760380,82,741927,3058103,1246684
3760381,24,1431620,3058156,1246700
3760382,30,1431616,3045656,1246700
3760383,1,741998,3058172,1246702
3760384,3,742028,3058187,1246711
3760385,8,1431947,3058139,1246719
3760386,8,1432419,3058208,1246740
3760387,8,1432618,3058267,1246745
3760388,11,742357,3058261,1246745
3760389,47,1432624,3058265,1246745
3760390,2,742461,3058268,1246767
3760391,6,742468,3058276,1246767
3760392,16,742471,3058278,1246767
3760393,27,1432954,3058280,1246767
3760394,1,742554,3058284,1246776
3760395,4,742557,3058295,1246776
3760396,16,742558,3058305,1246776
3760397,3,1433419,3058321,1246782
3760398,7,1433420,3058323,1246782
3760399,11,1433421,3058324,1246782
3760400,15,1433422,3058326,1246782
3760401,19,1433423,3058328,1246782
3760402,5,1433609,3058436,1246791
3760403,2,742638,3058336,1246797
3760404,2,742645,3058448,1246799
3760405,3,1433681,3058453,1246803
3760406,20,742943,3053344,1246821
3760407,8,1433961,3058471,1246825
3760408,4,1434004,3058425,1246837
3760409,6,1434005,3058427,1246837
3760410,2,1434216,3058548,1246852
3760411,3,743095,3058587,1246860
3760412,13,1434284,3058589,1246860
3760413,2,1434332,3058606,1246870
3760414,8,1434482,3058622,1246878
3760415,2,743550,3056386,1246922
3760416,6,1435741,3058772,1246936
3760417,13,1435742,3058774,1246936
3760418,15,1435743,3058776,1246936
3760419,4,1435848,3058812,1246945
3760420,9,1435849,3058813,1246945
3760421,14,1435850,3058814,1246945
3760422,16,743651,3058815,1246945
3760423,5,1435952,3058818,1051123
3760424,40,1435965,3058816,1051127
3760425,1,743818,3058872,1246962
3760426,0,1436516,3058816,1246995
3760427,8,1436622,3058806,1247007
3760428,11,1436619,3058793,1247007
3760429,11,1436666,3058926,1051344
3760430,1,744019,3058137,1247014
3760431,2,1436694,3058926,1247014
3760432,1,744021,3058932,1247013
3760433,5,1436697,3058976,1247016
3760434,8,744051,3058994,1247025
3760435,8,744069,3059043,1051403
3760436,2,1437125,3059056,1247047
3760437,15,1437131,3059017,1051431
3760438,41,1437155,3059017,1051431
3760439,46,1437115,3059014,1051431
3760440,12,744230,3058996,1051495
3760441,50,744245,3058998,1051495
3760442,8,1437728,3059115,1247091
3760443,13,1438576,3059097,1247130
3760444,29,1438577,3059104,1247130
3760445,8,1439360,3059051,1247199
3760446,12,1439349,3059006,1247199
3760447,16,1439350,3057417,1247199
3760448,22,1439351,3059025,1247199
3760449,26,1439352,3059031,1247199
3760450,30,1439353,3053766,1247199
3760451,33,1439354,3059041,1247199
3760452,35,1439355,3059043,1247199
3760453,37,1439356,3059010,1247199
3760454,40,1439357,3059047,1247199
3760455,2,745419,3058939,1247212
3760456,3,1439546,3058948,1247212
3760457,14,1439513,3058977,1247212
3760458,88,1439514,3058979,1247212
3760459,91,745424,3058984,1247212
3760460,107,1439533,3058935,1247212
3760461,110,1439521,3058935,1247212
3760462,114,1439534,3058937,1247212
3760463,117,1439523,3058937,1247212
3760464,118,1439519,3058948,1247212
3760465,122,1439610,3058948,1247212
3760466,127,1439611,3058948,1247212
3760467,132,1439526,3058981,1247212
3760468,148,745434,3058988,1247212
3760469,149,1439615,3058994,1247212
3760470,151,1439616,3058996,1247212
3760471,153,1439619,3058998,1247212
3760472,159,745439,3059003,1247212
3760473,8,1439632,3059259,1247218
3760474,11,1439628,3059256,1247218
3760475,14,1439629,3059258,1247218
3760476,4,1439721,3059281,1247239
3760477,2,745494,3059295,1247251
3760478,5,745497,3059297,1247251
3760479,0,1439917,3059281,1247265
3760480,18,1440008,3059308,1052339
3760481,8,1440039,3059308,1247273
3760482,14,745671,3059312,1247273
3760483,19,745672,3059314,1247273
3760484,5,1440070,3059318,1247277
3760485,9,1440071,3059320,1247277
3760486,13,1440072,3059322,1247277
3760487,17,1440073,3059326,1247277
3760488,0,1440496,3059345,1247300
3760489,2,1440497,3059414,1247300
3760490,4,1440500,3059416,1247300
3760491,7,1440491,3059412,1247300
3760492,2,745734,3059328,1247301
3760493,44,1440498,3059375,1247301
3760494,134,1441283,3059522,1247321
3760495,2,1441648,3047320,1247339
3760496,1,1441999,3059573,1247382
3760497,3,1442064,3059581,1247389
3760498,2,1442437,3059603,1247423
3760499,5,1442438,3059605,1247423
3760500,8,1442439,3059608,1247423
3760501,11,1442440,3059610,1247423
3760502,4,1442535,3059612,1247429
3760503,8,1442570,3059627,1247428
3760504,9,1442536,3059613,1247429
3760505,18,1442562,3059625,1247428
3760506,14,1442539,3059614,1247429
3760507,19,1442541,3059615,1247429
3760508,24,1442544,3059616,1247429
3760509,29,1442545,3059617,1247429
3760510,34,1442548,3059618,1247429
3760511,39,1442549,3059619,1247429
3760512,44,1442551,3059620,1247429
3760513,49,1442553,3059621,1247429
3760514,54,1442554,3059622,1247429
3760515,59,1442555,3059623,1247429
3760516,61,746762,3059624,1247429
3760517,7,1442738,3059465,1247446
3760518,15,1442739,3059473,1247446
3760519,20,1442921,3059696,1053058
3760520,38,1442919,3059695,1053058
3760521,1,1443662,3059646,1247497
3760522,6,1443664,3059648,1247497
3760523,2,1443687,3059740,1247506
3760524,5,747258,3059699,1053315
3760525,1,1444079,3059679,1053423
3760526,1,1444089,3059686,1053425
3760527,10,1444087,3059684,1053425
3760528,1,1444093,3059680,1053429
3760529,1,1444098,3059683,1053434
3760530,1,1444106,3059682,1053436
3760531,0,1444120,3059679,1247523
3760532,2,1444121,3059680,1247523
3760533,4,1444122,3059682,1247523
3760534,6,1444123,3059683,1247523
3760535,8,1444124,3059684,1247523
3760536,10,1444125,3059686,1247523
3760537,13,1444118,3059688,1247523
3760538,15,1444119,3059690,1247523
3760539,16,1444126,3059695,1247523
3760540,18,1444127,3059696,1247523
3760541,0,1444495,3059812,1247551
3760542,2,1444496,3059815,1247551
3760543,4,1444497,3059819,1247551
3760544,8,1444642,3059822,1247559
3760545,8,1444855,3059776,1247563
3760546,10,747677,3059760,1247563
3760547,14,1444850,3059761,1247563
3760548,20,747682,3059763,1247563
3760549,8,1444981,3059821,1247571
3760550,9,1444986,3059793,1247571
3760551,11,1444987,3059795,1247571
3760552,22,747741,3059797,1247571
3760553,25,747750,3059805,1247571
3760554,28,747754,3059809,1247571
3760555,43,1444972,3059813,1247571
3760556,45,1444963,3059817,1247571
3760557,6,1445073,3054098,1247582
3760558,13,1445074,3054113,1247582
3760559,15,747787,3059846,1247582
3760560,4,1445081,3059839,1247584
3760561,9,1445082,3059840,1247584
3760562,14,1445083,3059845,1247584
3760563,16,747794,3059848,1247584
3760564,16,1445335,3059851,1247606
3760565,18,747882,3059852,1247606
3760566,23,747883,3059854,1247606
3760567,8,122283,3059873,1053777
3760568,4,1445405,3043845,1247616
3760569,9,1445406,3043844,1247616
3760570,14,1445407,3043842,1247616
3760571,19,1445408,3043843,1247616
3760572,21,747908,3059890,1247616
3760573,2,747934,3059871,1247641
3760574,5,747935,3059881,1247641
3760575,8,747937,3059882,1247641
3760576,11,747938,3059883,1247641
3760577,14,747939,3059884,1247641
3760578,3,1445589,3059897,1247646
3760579,7,1445590,3059899,1247646
3760580,3,1445710,3059928,1247661
3760581,5,1445727,3059913,1247664
3760582,6,1445729,3059928,1247664
3760583,0,1445731,3059913,1247665
3760584,2,1445866,3059945,1247673
3760585,36,1446006,3059982,1247682
3760586,12,1446434,3059987,1054130
3760587,13,1446434,3059985,1054130
3760588,17,1446434,3059987,1054130
3760589,2,1446478,3059987,1247685
3760590,4,1446479,3059985,1247685
3760591,4,1446508,3059969,1247688
3760592,9,1446509,3059971,1247688
3760593,14,1446510,3059972,1247688
3760594,19,1446511,3059974,1247688
3760595,24,1446512,3059975,1247688
3760596,26,748180,3059978,1247688
3760597,3,1446890,3045294,1247728
3760598,7,1446891,3045337,1247728
3760599,11,1446892,3045338,1247728
3760600,15,1446893,3045339,1247728
3760601,19,1446894,3045343,1247728
3760602,23,1446895,3045340,1247728
3760603,27,1446896,3045346,1247728
3760604,31,1446897,3045345,1247728
3760605,35,1446898,3045344,1247728
3760606,39,1446899,3045451,1247728
3760607,43,1446900,3059984,1247728
3760608,47,1446901,3059986,1247728
3760609,51,1446902,3059988,1247728
3760610,55,1446903,3059990,1247728
3760611,57,1446904,3059992,1247728
3760612,60,1446905,3059994,1247728
3760613,65,1446906,3059995,1247728
3760614,71,748310,3059996,1247728
3760615,1,1447211,3060117,1247743
3760616,2,748397,3045678,1247760
3760617,5,748403,3048013,1247760
3760618,8,748411,3060137,1247760
3760619,11,748420,3048775,1247760
3760620,14,748427,3060138,1247760
3760621,17,748438,3048773,1247760
3760622,20,748445,3045708,1247760
3760623,23,748456,3060140,1247760
3760624,26,748466,3060142,1247760
3760625,30,748469,3060144,1247760
3760626,34,748478,3060145,1247760
3760627,38,748480,3057633,1247760
3760628,42,748482,3057632,1247760
3760629,46,748485,3060146,1247760
3760630,50,748489,3060147,1247760
3760631,54,748497,3060148,1247760
3760632,2,1447697,3060170,1247777
3760633,4,1447726,3060175,1247783
3760634,9,1447727,3060176,1247783
3760635,14,1447729,3056604,1247783
3760636,19,1447730,3047749,1247783
3760637,21,748581,3060179,1247783
3760638,513,1447728,3060159,1247781
3760639,6,1448079,3060195,1247799
3760640,8,1448137,3060213,1247804
3760641,18,1448130,3060203,1247804
3760642,21,1448131,3060206,1247804
3760643,24,1448132,3060207,1247804
3760644,27,1448133,3060210,1247804
3760645,1,748824,3060308,1247831
3760646,6,748826,3060311,1247831
3760647,2,749033,3060241,1247845
3760648,5,749034,3060243,1247845
3760649,8,749036,3060245,1247845
3760650,11,749039,3060247,1247845
3760651,14,749043,3060249,1247845
3760652,17,749046,3060251,1247845
3760653,2,1448821,3056897,1247854
3760654,4,749147,3060292,1247859
3760655,8,749150,3060264,1247859
3760656,11,749152,3060266,1247859
3760657,32,749167,3060268,1247859
3760658,54,1448918,3060270,1247859
3760659,56,1448919,3060272,1247859
3760660,59,1448920,3060270,1247859
3760661,61,1448921,3060272,1247859
3760662,64,1448922,3060270,1247859
3760663,66,1448923,3060272,1247859
3760664,93,1448872,3060306,1247859
3760665,133,1448873,3060315,1247859
3760666,135,1448874,3060309,1247859
3760667,137,1448875,3060313,1247859
3760668,181,1448852,3060318,1247859
3760669,183,1448853,3060320,1247859
3760670,7,749294,3060120,1247877
3760671,15,749312,3060121,1247877
3760672,6,1449380,3060460,1247887
3760673,2,1449382,3060458,1247888
3760674,3,1449383,3060460,1247888
3760675,1,749432,3060503,1247896
3760676,2,749478,3060510,1247917
3760677,6,1449806,3060493,1247919
3760678,13,1449807,3060495,1247919
3760679,16,1449808,3060497,1247919
3760680,22,749516,3060490,1247919
3760681,3,1450113,3060522,1247940
3760682,8,1450131,3060486,1247942
3760683,18,1450128,3060482,1247942
3760684,6,1450300,3051861,1247947
3760685,13,1450301,3056880,1247947
3760686,20,1450302,3056881,1247947
3760687,4,1450310,3060545,1247948
3760688,27,1450303,3060534,1247947
3760689,9,1450311,3060547,1247948
3760690,34,1450304,3056879,1247947
3760691,36,749716,3060542,1247947
3760692,14,1450312,3060549,1247948
3760693,19,1450313,3060550,1247948
3760694,24,1450314,3060551,1247948
3760695,29,1450315,3060552,1247948
3760696,34,1450316,3060553,1247948
3760697,1,1450569,3060563,1247967
3760698,2,1450671,3060649,1247969
3760699,4,1450672,3060645,1247969
3760700,8,1451099,3060426,1247983
3760701,2,1451100,3060711,1247984
3760702,4,1451198,3060725,1247988
3760703,22,750118,3060702,1248000
3760704,29,750121,3060702,1248000
3760705,3,1451426,3060850,1248004
3760706,7,1451427,3060852,1248004
3760707,11,1451428,3060854,1248004
3760708,16,1451609,3060694,1248025
3760709,13,1451655,3060705,1248032
3760710,2,1451789,3060684,1248057
3760711,10,1451790,3060686,1248057
3760712,20,1451791,3060688,1248057
3760713,21,1451800,3060694,1248057
3760714,23,1451801,3060702,1248057
3760715,25,1451802,3060705,1248057
3760716,31,1451792,3060707,1248057
3760717,33,1451806,3060707,1248057
3760718,3,1451897,3060946,1248064
3760719,15,1452802,3061040,1248153
3760720,24,750839,3061038,1248153
3760721,8,1453041,3061054,1248159
3760722,2,1453133,3061037,1248163
3760723,3,1453135,3061040,1248163
3760724,9,750939,3061042,1248163
3760725,4,751148,3061072,1248198
3760726,6,1453427,3061072,1248198
3760727,3,1453742,3061132,1248216
3760728,5,1454151,3061151,1248233
3760729,12,1454152,3061152,1248233
3760730,18,1454153,3061153,1248233
3760731,25,1454154,3061154,1248233
3760732,31,1454155,3061155,1248233
3760733,38,1454156,3061156,1248233
3760734,44,1454157,3061157,1248233
3760735,50,1454158,3061158,1248233
3760736,56,1454159,3061159,1248233
3760737,62,1454160,3061160,1248233
3760738,68,1454161,3061161,1248233
3760739,70,751593,3061167,1248233
3760740,91,1454163,3061166,1248233
3760741,2,1454377,3045637,1248250
3760742,4,1454637,3061178,1248263
3760743,0,1454641,3061178,1248264
3760744,8,1454809,3061299,1248267
3760745,11,1454805,3061292,1248267
3760746,14,1454806,3061294,1248267
3760747,3,752181,3061144,1248287
3760748,7,752187,3061146,1248287
3760749,2,752244,3061365,1248291
3760750,4,752248,3061366,1248291
3760751,13,1455437,3061369,1248291
3760752,8,1456060,3060981,1248299
3760753,10,752468,3060956,1248299
3760754,11,1456063,3060958,1248299
3760755,14,752470,3060961,1248299
3760756,24,1456062,3060962,1248299
3760757,27,752475,3060968,1248299
3760758,30,752476,3060971,1248299
3760759,33,752477,3060973,1248299
3760760,36,752478,3060975,1248299
3760761,39,752479,3060977,1248299
3760762,47,1456056,3060979,1248299
3760763,1,752481,3061307,1248300
3760764,3,752483,3061308,1248300
3760765,9,752484,3056001,1248300
3760766,12,1456068,3057717,1248300
3760767,20,752487,3061309,1248300
3760768,30,752488,3061311,1248300
3760769,37,752489,3061313,1248300
3760770,44,752490,3045670,1248300
3760771,51,752491,3061319,1248300
3760772,63,752495,3061323,1248300
3760773,6,1457127,3061385,1248330
3760774,13,1457128,3061387,1248330
3760775,8,1457133,3061462,1248331
3760776,10,752903,3061542,1248353
3760777,2,753325,3061548,1248393
3760778,4,753327,3061550,1248393
3760779,4,1458692,3044223,1248413
3760780,9,1458693,3044181,1248413
3760781,14,1458694,3061063,1248413
3760782,19,1458695,3061067,1248413
3760783,24,1458696,3061066,1248413
3760784,29,1458697,3044178,1248413
3760785,34,1458698,3061579,1248413
3760786,39,1458699,3061580,1248413
3760787,44,1458700,3061585,1248413
3760788,49,1458701,3061590,1248413
3760789,51,753490,3061595,1248413
3760790,0,1458736,3061522,1248417
3760791,3,1458773,3061678,1248424
3760792,8,1459518,3061459,1248443
3760793,11,1459514,3061403,1248443
3760794,13,753635,3061405,1248443
3760795,19,753639,3061448,1248443
3760796,2,1459920,3061798,1248461
3760797,4,1460719,3049337,1248479
3760798,9,1460720,3049340,1248479
3760799,14,1460721,3049334,1248479
3760800,16,753918,3061854,1248479
3760801,3,1460760,3061855,1248480
3760802,19,1460821,3061818,1248485
3760803,17,753957,3061861,1248488
3760804,19,1460836,3061863,1248488
3760805,2,753966,3061692,1248500
3760806,257,1461083,3061636,1248524
3760807,260,754022,3061639,1248524
3760808,263,754024,3061641,1248524
3760809,266,754026,3061643,1248524
3760810,269,754028,3061646,1248524
3760811,272,754030,3061648,1248524
3760812,275,754032,3061650,1248524
3760813,278,754034,3061652,1248524
3760814,281,754036,3061656,1248524
3760815,284,754038,3061666,1248524
3760816,287,754044,3061672,1248524
3760817,290,754050,3061674,1248524
3760818,293,754054,3061676,1248524
3760819,296,754056,3061680,1248524
3760820,299,754058,3061682,1248524
3760821,302,754060,3061684,1248524
3760822,305,754062,3061686,1248524
3760823,308,754064,3061688,1248524
3760824,311,754066,3061690,1248524
3760825,314,754068,3061693,1248524
3760826,317,754070,3061695,1248524
3760827,320,754072,3061700,1248524
3760828,2,1461358,3061899,1248532
3760829,5,1461360,3061901,1248532
3760830,8,1461361,3061903,1248532
3760831,2,1461557,3061907,1248545
3760832,8,1461939,3061941,1248585
3760833,1,1462044,3044176,1057708
3760834,1,754448,3061866,1248615
3760835,2,1462328,3061976,1248634
3760836,4,1462657,3061968,1248648
3760837,4,754660,3062004,1248666
3760838,2,1462798,3062041,1248667
3760839,1,1462807,3061977,1248649
3760840,1,1463096,3062052,1248673
3760841,8,1463633,3062066,1248709
3760842,13,754905,3062064,1248709
3760843,2,1464021,3062119,1248733
3760844,5,1464022,3062120,1248733
3760845,2,1464220,3062174,1248771
3760846,8,1464226,3062036,1248770
3760847,13,755182,3062031,1248770
3760848,18,755185,3062033,1248770
3760849,8,1464609,3062146,1248798
3760850,4,755342,3062190,1058448
3760851,4,755346,3062194,1058465
3760852,2,755553,3062197,1248823
3760853,25,755570,3062190,1248823
3760854,27,755572,3062194,1248823
3760855,11,755838,3062312,1248852
3760856,4,1465753,3062323,1248858
3760857,8,1465917,3062311,1248868
3760858,7,756002,3062423,1058975
3760859,48,756032,3062425,1058975
3760860,57,756037,3062427,1058975
3760861,75,756055,3062429,1058975
3760862,2,756085,3062405,1248892
3760863,24,1466265,3062407,1248892
3760864,46,1466266,3062409,1248892
3760865,66,1466267,3062411,1248892
3760866,86,1466268,3062413,1248892
3760867,94,1466269,3062415,1248892
3760868,102,1466270,3062417,1248892
3760869,122,1466271,3062419,1248892
3760870,142,1466272,3062421,1248892
3760871,143,1466374,3062423,1248892
3760872,145,1466375,3062425,1248892
3760873,147,1466378,3062427,1248892
3760874,149,1466379,3062429,1248892
3760875,13,756211,3062440,1248895
3760876,29,1466501,3062443,1248895
3760877,35,1466502,3062443,1248895
3760878,0,1466700,3062440,1248902
3760879,2,1466701,3062443,1248902
3760880,12,756310,3062447,1248902
3760881,2,1466754,3062452,1248905
3760882,1,756462,3062435,1248917
3760883,3,1466940,3062460,1248918
3760884,8,1467420,3062498,1248932
3760885,3,756772,3062437,1248943
3760886,7,756776,3062438,1248943
3760887,8,1467870,3062597,1248969
3760888,2,1468102,3044852,1248978
3760889,6,1468103,3062631,1248978
3760890,10,1468104,3062633,1248978
3760891,14,1468105,3062635,1248978
3760892,18,1468106,3056272,1248978
3760893,22,1468107,3056268,1248978
3760894,26,1468108,3062637,1248978
3760895,30,1468109,3062639,1248978
3760896,34,1468110,3062641,1248978
3760897,38,1468111,3055715,1248978
3760898,42,1468112,3045577,1248978
3760899,46,1468113,3062643,1248978
3760900,50,1468114,3062645,1248978
3760901,54,1468115,3062647,1248978
3760902,58,1468116,3055719,1248978
3760903,62,1468117,3062649,1248978
3760904,66,1468118,3062651,1248978
3760905,70,1468119,3062652,1248978
3760906,74,1468120,3062654,1248978
3760907,78,1468121,3062656,1248978
3760908,83,1468122,3056270,1248978
3760909,86,757131,3050045,1248978
3760910,90,1468123,3062658,1248978
3760911,94,1468124,3062660,1248978
3760912,1,1468165,3062601,1248982
3760913,7,1468325,3062666,1059563
3760914,0,1470418,3062687,1249012
3760915,4,1470593,3062770,1249016
3760916,17,1470842,3062577,1249023
3760917,35,1470843,3062579,1249023
3760918,6,1470927,3062777,1249028
3760919,3,1471227,3062729,1249030
3760920,3,1471279,3062773,1249039
3760921,4,1471283,3062775,1249039
3760922,5,1471289,3062802,1249042
3760923,11,1471290,3062803,1249042
3760924,17,1471291,3062804,1249042
3760925,23,1471292,3049210,1249042
3760926,25,758355,3062806,1249042
3760927,14,758358,3062775,1249039
3760928,8,1471898,3062838,1249085
3760929,12,1471894,3062835,1249085
3760930,219,1471832,3062832,1249083
3760931,222,1471850,3062833,1249083
3760932,6,1472078,3062869,1249102
3760933,13,1472102,3062874,1249102
3760934,20,1472103,3062875,1249102
3760935,27,1472104,3062876,1249102
3760936,34,1472105,3062877,1249102
3760937,1,1473840,3062924,1249155
3760938,3,1473843,3062926,1249155
3760939,5,1473845,3062928,1249155
3760940,1,1474605,3062992,1249170
3760941,8,1475019,3062996,1249184
3760942,4,1475060,3043956,1249190
3760943,9,1475061,3063002,1249190
3760944,14,1475062,3063003,1249190
3760945,16,759467,3063004,1249190
3760946,4,1475109,3063005,1249195
3760947,9,1475110,3063006,1249195
3760948,14,1475111,3063007,1249195
3760949,16,759476,3063008,1249195
3760950,1,759708,3063013,1249219
3760951,5,1475468,3063020,1249219
3760952,2,1475489,3063025,1249221
3760953,5,1475490,3063027,1249221
3760954,4,759747,3063093,1249224
3760955,2,1475987,3062273,1249241
3760956,17,1475951,3063126,1249238
3760957,5,759987,3063198,1249271
3760958,10,759988,3063200,1249271
3760959,15,759990,3063201,1249271
3760960,25,1476710,3059832,1249271
3760961,2,1477206,3063214,1249313
3760962,8,1477601,3063226,1249338
3760963,11,1477598,3044840,1249338
3760964,2,760237,3043866,1249341
3760965,76,1477620,3063154,1249341
3760966,8,1477673,3063213,1249337
3760967,11,1477659,3063209,1249337
3760968,14,1477660,3063211,1249337
3760969,112,760265,3063207,1249337
3760970,7,1478047,3063272,1249354
3760971,0,1478085,3063272,1249359
3760972,2,1478082,3063034,1249358
3760973,5,1478083,3063064,1249358
3760974,14,760398,3063095,1249358
3760975,16,760400,3063108,1249358
3760976,1,1478105,3063250,1249360
3760977,18,1478113,3063267,1249360
3760978,35,1478121,3063265,1249360
3760979,4,1478290,3063275,1249370
3760980,60,760506,3063282,1061400
3760981,4,1478311,3063284,1249374
3760982,24,1478405,3063300,1249380
3760983,26,1478406,3063301,1249380
3760984,29,1478407,3063300,1249380
3760985,31,1478408,3063301,1249380
3760986,4,1478436,3047373,1249386
3760987,9,1478437,3047374,1249386
3760988,14,1478438,3047370,1249386
3760989,16,760578,3063303,1249386
3760990,8,1478729,3063296,1249404
3760991,11,1478724,3063286,1249404
3760992,14,1478725,3063288,1249404
3760993,2053,1478564,3063319,1249402
3760994,8,1479988,3063329,1249417
3760995,15,761154,3063363,1249469
3760996,5,1481088,3063398,1249479
3760997,9,1481089,3063399,1249479
3760998,15,1481090,3063400,1249479
3760999,19,1481091,3063403,1249479
3761000,8,1481162,3063264,1249485
3761001,23,761276,3063392,1249494
3761002,4,1481267,3043840,1249501
3761003,9,1481268,3043841,1249501
3761004,11,761289,3063428,1249501
3761005,4,1481429,3054129,1249517
3761006,3,1481434,3063441,1249519
3761007,9,1481430,3061460,1249517
3761008,14,1481432,3063439,1249517
3761009,2,1481460,3063444,1249521
3761010,16,761328,3063440,1249517
3761011,4,1481485,3063451,1249523
3761012,1,761476,3049111,1249562
3761013,8,1481814,3063486,1249565
3761014,2,761515,3063489,1249568
3761015,1,1482322,3063509,1249609
3761016,3,761715,3063519,1249609
3761017,4,1482527,3063530,1249621
3761018,9,1482528,3063531,1249621
3761019,14,1482531,3063534,1249621
3761020,19,1482532,3063537,1249621
3761021,24,1482533,3063539,1249621
3761022,29,1482534,3063541,1249621
3761023,34,1482535,3063542,1249621
3761024,39,1482536,3063543,1249621
3761025,44,1482538,3061767,1249621
3761026,49,1482539,3063546,1249621
3761027,54,1482540,3063549,1249621
3761028,59,1482542,3063551,1249621
3761029,64,1482544,3063552,1249621
3761030,69,1482545,3063553,1249621
3761031,74,1482546,3063554,1249621
3761032,79,1482547,3053844,1249621
3761033,84,1482548,3063555,1249621
3761034,89,1482549,3063556,1249621
3761035,94,1482550,3054722,1249621
3761036,99,1482551,3063557,1249621
3761037,104,1482552,3063558,1249621
3761038,109,1482553,3063559,1249621
3761039,114,1482554,3063560,1249621
3761040,119,1482555,3063561,1249621
3761041,124,1482556,3063562,1249621
3761042,129,1482557,3063563,1249621
3761043,3,1482579,3063565,1249627
3761044,131,761809,3063564,1249621
3761045,3,1482713,3063570,1249632
3761046,9,1482714,3063571,1249632
3761047,13,1482715,3063573,1249632
3761048,17,1482716,3063574,1249632
3761049,8,1482711,3063528,1062340
3761050,8,1482869,3063538,1249637
3761051,13,1482865,3063528,1249637
3761052,18,1482866,3063535,1249637
3761053,2,1483151,3063581,1249646
3761054,5,1483152,3063583,1249646
3761055,8,1483153,3063585,1249646
3761056,11,1483154,3063587,1249646
3761057,1,1483965,3063644,1062781
3761058,25,1484459,3063702,1249710
3761059,8,1484917,3063691,1249727
3761060,13,763164,3063686,1249727
3761061,18,763167,3063689,1249727
3761062,2,1485229,3063644,1249740
3761063,4,1485670,3063742,1249755
3761064,9,1485671,3063743,1249755
3761065,14,1485672,3063744,1249755
3761066,19,1485673,3063745,1249755
3761067,24,1485674,3063746,1249755
3761068,29,1485675,3063747,1249755
3761069,34,1485676,3063748,1249755
3761070,36,763423,3063750,1249755
3761071,38,763427,3063749,1249755
3761072,3,1486033,3055457,1249768
3761073,8,1486824,3063761,1249781
3761074,11,763699,3063757,1249781
3761075,2,1486852,3063787,1249784
3761076,5,1486853,3063790,1249784
3761077,8,1486854,3063792,1249784
3761078,12,763735,3052649,1063244
3761079,3,763740,3063802,1249787
3761080,0,1487061,3063804,1249788
3761081,4,1487255,3063816,1249791
3761082,9,1487256,3063817,1249791
3761083,14,1487257,3063818,1249791
3761084,19,1487258,3063819,1249791
3761085,24,1487259,3063820,1249791
3761086,29,1487260,3063821,1249791
3761087,31,763919,3063822,1249791
3761088,2,1487421,3063823,1249794
3761089,2,1487889,3063733,1249815
3761090,0,1488763,3063905,1249876
3761091,2,1488765,3063909,1249876
3761092,4,1488766,3063903,1249876
3761093,6,1488767,3063907,1249876
3761094,5,1488776,3063909,1063554
3761095,11,1488770,3063903,1063554
3761096,19,1488774,3063907,1063554
3761097,8,1488880,3063905,1063577
3761098,10,1488886,3063905,1063581
3761099,13,1489188,3063776,1249899
3761100,16,764713,3063778,1249899
3761101,19,764716,3063779,1249899
3761102,22,764717,3063780,1249899
3761103,36,1489195,3063795,1249899
3761104,52,1489196,3063797,1249899
3761105,8,1489550,3063954,1249907
3761106,16,765231,3063979,1249931
3761107,19,1490083,3063981,1249931
3761108,41,765381,3063942,1063965
3761109,8,1490504,3063944,1249943
3761110,10,765398,3063936,1249943
3761111,2,1490600,3063993,1249945
3761112,5,1490601,3063995,1249945
3761113,9,1490602,3063997,1249945
3761114,13,1490603,3063999,1249945
3761115,2,1490655,3064032,1249949
3761116,4,765776,3044219,1249970
3761117,16,1491959,3063482,1064841
3761118,26,1491958,3063482,1064841
3761119,2,1492236,3063474,1249981
3761120,3,1492237,3063482,1249981
3761121,2,1492442,3064034,1249984
3761122,3,1492494,3048616,1249985
3761123,8,1492904,3064051,1250023
3761124,8,1493693,3064303,1250066
3761125,17,1493694,3064304,1250066
3761126,26,1493695,3064305,1250066
3761127,28,766330,3064313,1250066
3761128,4,766378,3064322,1250071
3761129,9,766384,3064324,1250071
3761130,14,766387,3064325,1250071
3761131,8,1493968,3064301,1250084
3761132,8,1493978,3064330,1250086
3761133,2,1493980,3064335,1250088
3761134,5,1493981,3064337,1250088
3761135,8,1494013,3064342,1250091
3761136,2,1494028,3064351,1250096
3761137,5,1494029,3064353,1250096
3761138,4,1494208,3064341,1250103
3761139,9,1494209,3064343,1250103
3761140,14,1494210,3064344,1250103
3761141,19,1494211,3064346,1250103
3761142,21,766568,3064349,1250103
3761143,39,1494212,3064347,1250103
3761144,53,1494272,3064406,1250108
3761145,57,1494304,3064408,1250108
3761146,61,1494305,3064409,1250108
3761147,65,1494306,3064411,1250108
3761148,69,1494307,3064412,1250108
3761149,73,1494308,3064413,1250108
3761150,77,1494309,3064414,1250108
3761151,81,1494310,3064415,1250108
3761152,85,1494311,3049100,1250108
3761153,89,1494313,3064416,1250108
3761154,93,1494314,3050110,1250108
3761155,97,1494315,3064417,1250108
3761156,101,1494316,3064418,1250108
3761157,105,1494318,3064419,1250108
3761158,109,1494319,3064420,1250108
3761159,113,1494320,3064421,1250108
3761160,25,1494371,3064451,1250111
3761161,117,1494322,3064422,1250108
3761162,121,1494323,3064423,1250108
3761163,125,1494324,3064424,1250108
3761164,129,1494326,3064425,1250108
3761165,133,1494327,3064426,1250108
3761166,137,1494328,3045628,1250108
3761167,141,1494329,3053785,1250108
3761168,145,1494330,3045627,1250108
3761169,149,1494331,3064427,1250108
3761170,153,1494333,3064428,1250108
3761171,157,1494334,3064429,1250108
3761172,211,1494273,3064432,1250108
3761173,8,1494702,3064461,1250121
3761174,2,1495026,3064504,1250125
3761175,5,1495027,3064506,1250125
3761176,49,1495043,3064468,1250127
3761177,8,1495147,3064528,1250144
3761178,2,1495705,3045426,1250153
3761179,5,1495706,3064477,1250153
3761180,9,1495707,3064479,1250153
3761181,13,1495708,3064480,1250153
3761182,17,1495709,3064481,1250153
3761183,21,1495710,3064482,1250153
3761184,25,1495711,3064483,1250153
3761185,29,1495712,3064484,1250153
3761186,33,1495713,3064485,1250153
3761187,37,1495714,3064486,1250153
3761188,41,1495715,3064487,1250153
3761189,45,1495716,3064492,1250153
3761190,49,1495717,3064495,1250153
3761191,53,1495718,3064496,1250153
3761192,57,1495719,3064497,1250153
3761193,61,1495720,3064503,1250153
3761194,64,1495721,3064508,1250153
3761195,67,1495722,3064510,1250153
3761196,70,1495724,3064511,1250153
3761197,73,1495725,3064512,1250153
3761198,76,1495726,3064514,1250153
3761199,79,1495727,3064516,1250153
3761200,82,1495728,3064518,1250153
3761201,85,1495729,3064520,1250153
3761202,88,1495730,3064522,1250153
3761203,91,1495731,3064523,1250153
3761204,94,1495732,3064524,1250153
3761205,97,1495733,3064525,1250153
3761206,100,1495734,3064526,1250153
3761207,103,1495735,3064527,1250153
3761208,106,1495736,3064529,1250153
3761209,109,1495737,3064530,1250153
3761210,112,1495738,3045326,1250153
3761211,115,1495739,3064532,1250153
3761212,118,1495740,3045306,1250153
3761213,121,1495741,3064533,1250153
3761214,124,1495742,3064534,1250153
3761215,127,1495743,3064535,1250153
3761216,130,1495744,3064536,1250153
3761217,133,1495745,3064537,1250153
3761218,136,1495746,3045308,1250153
3761219,139,1495747,3050581,1250153
3761220,142,1495748,3064538,1250153
3761221,145,1495749,3064540,1250153
3761222,148,1495750,3064541,1250153
3761223,151,1495751,3050582,1250153
3761224,154,1495752,3064542,1250153
3761225,157,1495753,3064543,1250153
3761226,160,1495754,3064544,1250153
3761227,163,1495755,3050583,1250153
3761228,166,1495756,3064545,1250153
3761229,169,1495757,3064547,1250153
3761230,172,1495758,3064548,1250153
3761231,175,1495759,3050585,1250153
3761232,178,1495760,3064551,1250153
3761233,181,1495761,3064554,1250153
3761234,184,1495762,3064557,1250153
3761235,187,1495763,3050594,1250153
3761236,190,1495764,3064558,1250153
3761237,193,1495765,3064560,1250153
3761238,196,1495766,3064562,1250153
3761239,199,1495767,3050603,1250153
3761240,202,1495768,3064563,1250153
3761241,205,1495769,3064564,1250153
3761242,208,1495770,3064565,1250153
3761243,211,1495771,3064566,1250153
3761244,214,1495772,3064567,1250153
3761245,217,1495773,3064568,1250153
3761246,220,1495774,3064569,1250153
3761247,223,1495775,3064570,1250153
3761248,226,1495776,3064571,1250153
3761249,229,1495777,3064572,1250153
3761250,232,1495778,3064573,1250153
3761251,235,1495779,3064574,1250153
3761252,238,1495780,3064575,1250153
3761253,241,1495781,3064576,1250153
3761254,244,1495782,3064577,1250153
3761255,247,1495783,3064578,1250153
3761256,250,1495784,3064579,1250153
3761257,253,1495785,3064580,1250153
3761258,256,1495786,3064581,1250153
3761259,259,1495787,3064582,1250153
3761260,262,1495788,3064583,1250153
3761261,265,1495789,3064584,1250153
3761262,268,1495790,3064585,1250153
3761263,271,1495791,3064586,1250153
3761264,274,1495792,3064587,1250153
3761265,277,1495793,3064588,1250153
3761266,5,1496053,3064068,1250174
3761267,280,1495794,3064591,1250153
3761268,11,1496054,3064069,1250174
3761269,283,1495795,3064592,1250153
3761270,19,1496056,3064071,1250174
3761271,27,1496057,3064072,1250174
3761272,286,1495796,3064593,1250153
3761273,289,1495797,3064596,1250153
3761274,292,1495798,3064599,1250153
3761275,295,1495799,3064600,1250153
3761276,298,1495800,3064601,1250153
3761277,301,1495801,3064602,1250153
3761278,304,1495802,3064603,1250153
3761279,307,1495803,3064604,1250153
3761280,310,1495804,3064605,1250153
3761281,313,1495805,3064606,1250153
3761282,316,1495806,3064607,1250153
3761283,319,1495807,3064608,1250153
3761284,322,1495808,3045327,1250153
3761285,325,1495809,3064609,1250153
3761286,328,1495810,3064610,1250153
3761287,331,1495811,3064611,1250153
3761288,334,1495812,3064612,1250153
3761289,338,1495813,3045307,1250153
3761290,340,1495489,3064616,1250153
3761291,344,1495814,3045316,1250153
3761292,348,1495815,3064617,1250153
3761293,352,1495816,3064618,1250153
3761294,356,1495817,3064619,1250153
3761295,360,1495818,3064620,1250153
3761296,364,1495819,3064621,1250153
3761297,368,1495820,3064622,1250153
3761298,372,1495821,3064623,1250153
3761299,376,1495822,3064624,1250153
3761300,380,1495823,3064625,1250153
3761301,384,1495824,3064626,1250153
3761302,386,1495490,3064627,1250153
3761303,7,1496231,3056545,1250191
3761304,15,1496232,3056546,1250191
3761305,23,1496233,3056548,1250191
3761306,31,1496234,3049855,1250191
3761307,39,1496235,3053296,1250191
3761308,47,1496236,3056549,1250191
3761309,55,1496237,3053161,1250191
3761310,63,1496238,3056547,1250191
3761311,71,1496239,3056544,1250191
3761312,79,1496240,3064666,1250191
3761313,81,767014,3064671,1250191
3761314,5,767020,3064685,1250201
3761315,4,1496350,3064682,1250202
3761316,0,1496379,3064682,1250209
3761317,10,1496849,3064712,1250244
3761318,21,1496850,3061355,1250244
3761319,32,1496851,3064714,1250244
3761320,43,1496853,3064715,1250244
3761321,54,1496854,3052084,1250244
3761322,65,1496855,3064716,1250244
3761323,77,1496856,3059517,1250244
3761324,88,1496857,3064720,1250244
3761325,100,1496858,3059516,1250244
3761326,111,1496859,3064725,1250244
3761327,122,1496860,3064726,1250244
3761328,8,1497026,3064701,1250266
3761329,133,1496861,3064727,1250244
3761330,13,1497023,3064698,1250266
3761331,145,1496862,3059515,1250244
3761332,156,1496863,3064728,1250244
3761333,168,1496864,3064729,1250244
3761334,180,1496865,3062463,1250244
3761335,8,1497123,3064739,1250270
3761336,191,1496866,3062471,1250244
3761337,202,1496867,3062472,1250244
3761338,215,1496868,3054724,1250244
3761339,227,1496869,3054725,1250244
3761340,238,1496870,3057907,1250244
3761341,250,1496871,3054726,1250244
3761342,261,1496872,3062474,1250244
3761343,273,1496873,3047321,1250244
3761344,284,1496875,3059519,1250244
3761345,296,1496876,3054728,1250244
3761346,308,1496877,3054727,1250244
3761347,320,1496878,3054729,1250244
3761348,333,1496879,3043642,1250244
3761349,344,1496883,3043643,1250244
3761350,346,767584,3064736,1250244
3761351,2,1497926,3064924,1250366
3761352,5,1497927,3064926,1250366
3761353,1,768303,3064936,1250376
3761354,2,1499122,3064948,1250399
3761355,8,1499528,3064905,1250410
3761356,42,1499525,3064903,1250410
3761357,2,1499546,3064938,1250412
3761358,10,1499574,3064975,1066942
3761359,3,1499575,3064975,1066950
3761360,2,768848,3064995,1250415
3761361,8,1500077,3065188,1250444
3761362,10,768969,3065185,1250444
3761363,4,1501024,3065319,1250507
3761364,9,1501025,3065320,1250507
3761365,14,1501026,3065321,1250507
3761366,19,1501027,3065322,1250507
3761367,24,1501028,3065323,1250507
3761368,26,769585,3065324,1250507
3761369,8,1501452,3064646,1250519
3761370,10,769758,3064640,1250519
3761371,12,1501448,3064642,1250519
3761372,14,1501449,3064644,1250519
3761373,76,1501456,3065342,1067476
3761374,4,1501573,3065257,1250528
3761375,23,769847,3065288,1250528
3761376,2,769941,3065409,1250541
3761377,3,1502252,3065442,1250547
3761378,6,770267,3065535,1250576
3761379,11,1502699,3065464,1067715
3761380,21,1502701,3065466,1067715
3761381,23,1502707,3065468,1067715
3761382,8,1502912,3065540,1250612
3761383,13,1502907,3065537,1250612
3761384,18,1502909,3065538,1250612
3761385,4,1502984,3062243,1250620
3761386,9,1502985,3062244,1250620
3761387,14,1502986,3051029,1250620
3761388,16,770413,3065577,1250620
3761389,6,770551,3065570,1250637
3761390,10,770552,3065574,1250637
3761391,17,770554,3065572,1250637
3761392,1,770558,3065587,1250640
3761393,3,770560,3065589,1250640
3761394,3,1503517,3065635,1250654
3761395,5,1503570,3052346,1250658
3761396,11,1503571,3048609,1250658
3761397,17,1503572,3052347,1250658
3761398,23,1503573,3052348,1250658
3761399,29,1503574,3052349,1250658
3761400,35,1503575,3052352,1250658
3761401,41,1503576,3046754,1250658
3761402,47,1503577,3048608,1250658
3761403,49,770682,3065637,1250658
3761404,8,1503692,3065634,1250674
3761405,15,770741,3065621,1250674
3761406,5,1504096,3065642,1250707
3761407,23,1504097,3065652,1250707
3761408,4,1504129,3065677,1250709
3761409,0,1504773,3065677,1250740
3761410,2,1504788,3053114,1250744
3761411,5,771174,3065762,1250764
3761412,3,1507044,3065939,1250808
3761413,5,1507563,3065874,1250831
3761414,11,1507564,3065876,1250831
3761415,16,772077,3065878,1250831
3761416,2,1507704,3066068,1250839
3761417,8,1508152,3065985,1250868
3761418,10,772347,3065959,1250868
3761419,13,772357,3065962,1250868
3761420,15,772365,3065981,1250868
3761421,24,772384,3065983,1250868
3761422,13,1508607,3066105,1250919
3761423,27,1508609,3066107,1250919
3761424,4,1508725,3066112,1250940
3761425,9,1508726,3066113,1250940
3761426,14,1508727,3066114,1250940
3761427,16,772594,3066115,1250940
3761428,8,1508842,3066117,1250942
3761429,11,1508839,3066116,1250942
3761430,517,1508900,3066143,1250951
3761431,2,1509226,3066146,1250967
3761432,3,1509332,3066152,1250970
3761433,8,1509788,3066136,1250984
3761434,20,773297,3043849,1251010
3761435,30,773307,3043850,1251010
3761436,41,773318,3043851,1251010
3761437,67,773342,3043852,1251010
3761438,77,773353,3043853,1251010
3761439,88,773361,3043854,1251010
3761440,101,773369,3043855,1251010
3761441,113,773388,3043856,1251010
3761442,128,773398,3043857,1251010
3761443,8,1510692,3066074,1251012
3761444,10,1510687,3066007,1251012
3761445,12,1510688,3066010,1251012
3761446,17,1510689,3066011,1251012
3761447,145,773417,3043858,1251010
3761448,164,773436,3043859,1251010
3761449,188,773472,3043860,1251010
3761450,196,773480,3043861,1251010
3761451,218,773501,3043848,1251010
3761452,2,1510897,3060670,1251018
3761453,348,773600,3043862,1251010
3761454,45,1510924,3065236,1251021
3761455,63,1510932,3065238,1251021
3761456,81,1510933,3065241,1251021
3761457,353,773608,3066169,1251010
3761458,358,773611,3066171,1251010
3761459,99,1510934,3065243,1251021
3761460,4613,1511591,3066303,1251054
3761461,4,1514203,3066354,1251090
3761462,9,1514204,3052943,1251090
3761463,11,773832,3066355,1251090
3761464,2,1514358,3066356,1251108
3761465,4,1514412,3064741,1251116
3761466,9,1514413,3066394,1251116
3761467,14,1514414,3045950,1251116
3761468,16,773873,3066396,1251116
3761469,1,773965,3046347,1251132
3761470,4,773978,3055137,1251132
3761471,9,773995,3062109,1251132
3761472,13,774002,3066363,1251132
3761473,17,774009,3052775,1251132
3761474,2,774012,3066436,1251138
3761475,21,774013,3066364,1251132
3761476,5,774016,3066437,1251138
3761477,8,774019,3066438,1251138
3761478,11,774022,3066439,1251138
3761479,14,774024,3066440,1251138
3761480,2,1514649,3066471,1251141
3761481,17,774025,3066441,1251138
3761482,26,774027,3066368,1251132
3761483,20,774028,3066442,1251138
3761484,23,774031,3066443,1251138
3761485,26,774033,3066444,1251138
3761486,29,774035,3066445,1251138
3761487,32,774037,3066446,1251138
3761488,31,774039,3066370,1251132
3761489,35,774041,3066447,1251138
3761490,38,774042,3066448,1251138
3761491,41,774043,3066449,1251138
3761492,44,774044,3066450,1251138
3761493,36,774045,3066372,1251132
3761494,47,774046,3066451,1251138
3761495,50,774047,3066452,1251138
3761496,53,774048,3066453,1251138
3761497,56,774049,3066454,1251138
3761498,59,774050,3066456,1251138
3761499,41,774051,3061064,1251132
3761500,62,774052,3066457,1251138
3761501,65,774055,3066458,1251138
3761502,68,774056,3066459,1251138
3761503,71,774057,3066460,1251138
3761504,74,774058,3066461,1251138
3761505,77,774061,3066463,1251138
3761506,80,774062,3066465,1251138
3761507,46,774063,3061121,1251132
3761508,83,774064,3066466,1251138
3761509,86,774065,3066467,1251138
3761510,51,774066,3062175,1251132
3761511,89,774067,3066468,1251138
3761512,56,774068,3066374,1251132
3761513,92,774069,3066469,1251138
3761514,95,774070,3066470,1251138
3761515,61,774071,3066378,1251132
3761516,66,774074,3066380,1251132
3761517,71,774075,3066376,1251132
3761518,75,774076,3066382,1251132
3761519,2,1515036,3050072,1251187
3761520,4,774283,3066399,1251196
3761521,9,774285,3066402,1251196
3761522,20,774291,3066406,1251196
3761523,2,1515813,3066595,1251211
3761524,2,774419,3066565,1251221
3761525,13,1515942,3066633,1251233
3761526,3,1516273,3066660,1251248
3761527,8,1516303,3066578,1251252
3761528,6,1516686,3058883,1251268
3761529,13,1516687,3050847,1251268
3761530,5,179613,3066686,1251275
3761531,0,1516868,3066686,1251281
3761532,9,1517045,3066675,1251291
3761533,1,1517207,3066710,1251305
3761534,4,1517208,3066712,1251305
3761535,7,1517209,3066714,1251305
3761536,6,1517678,3066755,1251341
3761537,6,1517810,3066724,1251351
3761538,9,1517889,3066774,1251365
3761539,8,1518507,3066816,1251402
3761540,12,775614,3066794,1251402
3761541,3,1518836,3066884,1251417
3761542,7,1518837,3066885,1251417
3761543,11,1518838,3066886,1251417
3761544,15,1518839,3066887,1251417
3761545,5,1519396,3066846,1251432
3761546,11,1519397,3066847,1251432
3761547,17,1519400,3066848,1251432
3761548,23,1519401,3066849,1251432
3761549,39,1519402,3065408,1251432
3761550,45,1519403,3052630,1251432
3761551,2,1520156,3048771,1251487
3761552,8,1520283,3066917,1251490
3761553,10,1520280,3066915,1251490
3761554,2,1520307,3047426,1251494
3761555,1,776350,3066981,1251501
3761556,4,1520397,3066982,1251508
3761557,6,776364,3066987,1251508
3761558,15,1520421,3066598,1251511
3761559,31,1520423,3066600,1251511
3761560,43,1520425,3066602,1251511
3761561,47,1520427,3066605,1251511
3761562,51,1520428,3066607,1251511
3761563,57,1520429,3066609,1251511
3761564,61,1520430,3066611,1251511
3761565,65,1520431,3066613,1251511
3761566,71,1520432,3066619,1251511
3761567,81,1520434,3066621,1251511
3761568,97,1520436,3066623,1251511
3761569,8,1520748,3067010,1251529
3761570,4,1520836,3044953,1251533
3761571,9,1520837,3044843,1251533
3761572,14,1520838,3044844,1251533
3761573,19,1520839,3044845,1251533
3761574,2,1520957,3066974,1251538
3761575,2,1520991,3067020,1251544
3761576,5,1520992,3067021,1251544
3761577,103,776679,3067032,1251546
3761578,6,1521258,3067035,1251573
3761579,13,1521259,3067036,1251573
3761580,20,1521260,3067037,1251573
3761581,27,1521261,3067038,1251573
3761582,1,776783,3067049,1251576
3761583,3,776785,3067050,1251576
3761584,34,1521262,3067039,1251573
3761585,41,1521263,3067040,1251573
3761586,43,776789,3067045,1251573
3761587,19,1521918,3067075,1251593
3761588,5,1522350,3067143,1251618
3761589,72,777229,3067113,1072015
3761590,2,777328,3067138,1251625
3761591,8,1522661,3067123,1251629
3761592,14,1522711,3067167,1251635
3761593,8,1522899,3067175,1251655
3761594,10,777470,3067173,1251655
3761595,3,777563,3067153,1251661
3761596,7,777570,3067154,1251661
3761597,19,1523077,3067156,1251661
3761598,20,1523102,3067167,1251661
3761599,2,777627,3067212,1251674
3761600,8,1523179,3067218,1251674
3761601,2,1523265,3054627,1251675
3761602,3,1523370,3067227,1251681
3761603,8,1523432,3067242,1251690
3761604,157,1523826,3067371,1251728
3761605,6,1524050,3067425,1251745
3761606,1,1524142,3046890,1251752
3761607,3,1524143,3046892,1251752
3761608,5,1524144,3046899,1251752
3761609,8,1524278,3067451,1251759
3761610,4,1524456,3067472,1251771
3761611,4,1524459,3067474,1251772
3761612,4,1524468,3067476,1251773
3761613,4,1524471,3067464,1251774
3761614,4,1524475,3067466,1251775
3761615,4,1524480,3067468,1251776
3761616,4,1524484,3067470,1251777
3761617,4,1524496,3067462,1251778
3761618,0,1524526,3067177,1251783
3761619,6,1524753,3067490,1251801
3761620,2,1524840,3067495,1251810
3761621,8,1525068,3067512,1251829
3761622,3,1525099,3067412,1251830
3761623,8,1525536,3067517,1251856
3761624,2,1526126,3067573,1251875
3761625,3,1526146,3067577,1073052
3761626,0,1526264,3067577,1251884
3761627,2,778825,3067388,1251896
3761628,5,778828,3067389,1251896
3761629,8,778830,3067391,1251896
3761630,11,778835,3067392,1251896
3761631,14,778837,3067394,1251896
3761632,17,778842,3067396,1251896
3761633,8,1526617,3067534,1251904
3761634,15,1526612,3067526,1251904
3761635,2,779009,3067618,1251919
3761636,4,1526822,3067639,1251922
3761637,4,1526916,3067621,1251925
3761638,9,1526917,3067622,1251925
3761639,14,1526918,3067625,1251925
3761640,19,1526919,3056631,1251925
3761641,21,779047,3067630,1251925
3761642,2,1526961,3067614,1251926
3761643,2,1527058,3067664,1251935
3761644,5,1527059,3067665,1251935
3761645,10,779184,3067700,1251945
3761646,13,1527644,3067641,1251953
3761647,2,779383,3067623,1251966
3761648,5,779384,3067626,1251966
3761649,8,779386,3067628,1251966
3761650,11,779387,3067631,1251966
3761651,14,779388,3067633,1251966
3761652,17,779390,3067635,1251966
3761653,20,779391,3067637,1251966
3761654,21,1527932,3067641,1251966
3761655,3,1528264,3067797,1251998
3761656,7,1528265,3067799,1251998
3761657,13,1528266,3067800,1251998
3761658,19,1528267,3067801,1251998
3761659,1,1528318,3067710,1252006
3761660,3,1528319,3050686,1252006
3761661,19,1528323,3045051,1252007
3761662,7,779492,3067716,1252006
3761663,37,1528449,3067824,1252011
3761664,2507,1528451,3067827,1252011
3761665,3,1529769,3067813,1252018
3761666,9,1529770,3067814,1252018
3761667,13,1529771,3067820,1252018
3761668,17,1529772,3067823,1252018
3761669,4,1530515,3059148,1252057
3761670,9,1530516,3059151,1252057
3761671,14,1530518,3059212,1252057
3761672,16,779855,3067907,1252057
3761673,4,1530933,3067914,1252080
3761674,9,1530934,3067915,1252080
3761675,14,1530935,3067916,1252080
3761676,16,780008,3067919,1252080
3761677,5,1531009,3067937,1252088
3761678,9,1531010,3067939,1252088
3761679,13,1531011,3067941,1252088
3761680,17,1531012,3067943,1252088
3761681,21,1531013,3067945,1252088
3761682,25,1531014,3067947,1252088
3761683,31,1531015,3067949,1252088
3761684,35,1531016,3067951,1252088
3761685,39,1531017,3067953,1252088
3761686,43,1531018,3067955,1252088
3761687,47,1531019,3067957,1252088
3761688,51,1531020,3067959,1252088
3761689,55,1531021,3067961,1252088
3761690,59,1531022,3067962,1252088
3761691,63,1531023,3067964,1252088
3761692,67,1531024,3067966,1252088
3761693,71,1531025,3067967,1252088
3761694,75,1531026,3067968,1252088
3761695,79,1531027,3067969,1252088
3761696,1,1531107,3045587,1073896
3761697,2,1531209,3067974,1252099
3761698,5,1531210,3067976,1252099
3761699,8,1531211,3067978,1252099
3761700,11,1531212,3067980,1252099
3761701,2,780155,3067986,1252101
3761702,4,780157,3067987,1252101
3761703,8,1531360,3067988,1252101
3761704,8,1531526,3067935,1252103
3761705,3,1531938,3067982,1252123
3761706,7,1531942,3067983,1252123
3761707,11,1531943,3067984,1252123
3761708,15,1531944,3067985,1252123
3761709,4,1532019,3068041,1252125
3761710,0,1533036,3068193,1252177
3761711,2,1533037,3068194,1252177
3761712,4,1533038,3068196,1252177
3761713,6,1533039,3068198,1252177
3761714,8,1533040,3068200,1252177
3761715,8,1533594,3068113,1252200
3761716,9,1533595,3050838,1252200
3761717,12,781403,3050836,1252200
3761718,15,781404,3068103,1252200
3761719,18,781407,3068105,1252200
3761720,21,781409,3068107,1252200
3761721,24,781414,3068109,1252200
3761722,27,781416,3068111,1252200
3761723,6,1533726,3068224,1252212
3761724,7,1533821,3053768,1252223
3761725,15,1533822,3053770,1252223
3761726,8,1535934,3068051,1252304
3761727,11,782337,3067990,1252304
3761728,14,782338,3067991,1252304
3761729,17,782339,3067992,1252304
3761730,20,782340,3067993,1252304
3761731,23,782341,3067995,1252304
3761732,26,1535930,3067997,1252304
3761733,29,1535931,3068027,1252304
3761734,0,1536356,3068294,1252314
3761735,4,1536344,3068292,1252314
3761736,11,1536350,3068296,1252314
3761737,2,1537176,3068397,1252344
3761738,10,782518,3068466,1252355
3761739,14,195294,3068451,1075527
3761740,10,1538205,3068471,1075561
3761741,8,1538831,3068516,1252380
3761742,11,1538826,3068510,1252380
3761743,14,782752,3068511,1252380
3761744,17,782754,3068512,1252380
3761745,19,1538811,3068513,1252380
3761746,22,782757,3068515,1252380
3761747,5,782793,3068471,1252382
3761748,18,1538945,3068456,1252382
3761749,29,782796,3068473,1252382
3761750,41,1538940,3045891,1252382
3761751,53,782801,3045893,1252382
3761752,3,782809,3055731,1075757
3761753,44,1539505,3068449,1252388
3761754,47,1539507,3068449,1252388
3761755,53,1539618,3068449,1252388
3761756,97,1539698,3068449,1252388
3761757,104,1539707,3068449,1252388
3761758,1,1539728,3052307,1252399
3761759,3,1539732,3043905,1252399
3761760,5,1539733,3044214,1252399
3761761,41,1540622,3068602,1252449
3761762,5,1540648,3068648,1252450
3761763,11,1540649,3068649,1252450
3761764,17,1540650,3068650,1252450
3761765,23,1540651,3068651,1252450
3761766,29,1540652,3068652,1252450
3761767,35,1540653,3068653,1252450
3761768,41,1540654,3068654,1252450
3761769,43,783194,3068656,1252450
3761770,1,1541061,3068763,1252469
3761771,2,783519,3068769,1252487
3761772,2,1542002,3068809,1252529
3761773,5,1542003,3068811,1252529
3761774,4,1542212,3068876,1252540
3761775,9,1542213,3068877,1252540
3761776,14,1542214,3068878,1252540
3761777,16,783741,3068879,1252540
3761778,5,1542635,3068925,1252568
3761779,8,1542642,3068856,1252571
3761780,0,1542681,3068925,1252574
3761781,2,1542844,3068938,1252589
3761782,3,1542949,3068955,1252599
3761783,7,1542950,3068957,1252599
3761784,80,1542964,3068961,1252599
3761785,15,784070,3068978,1076808
3761786,6,1543152,3056550,1252616
3761787,13,1543153,3056551,1252616
3761788,20,1543154,3056552,1252616
3761789,27,1543155,3056553,1252616
3761790,34,1543156,3056563,1252616
3761791,41,1543157,3056569,1252616
3761792,48,1543158,3056572,1252616
3761793,55,1543159,3056573,1252616
3761794,62,1543160,3056575,1252616
3761795,69,1543161,3056567,1252616
3761796,76,1543162,3056564,1252616
3761797,83,1543163,3056565,1252616
3761798,90,1543164,3056566,1252616
3761799,97,1543165,3056554,1252616
3761800,104,1543166,3056560,1252616
3761801,111,1543167,3056555,1252616
3761802,113,784135,3068976,1252616
3761803,19,1543178,3068977,1252617
3761804,8,1543215,3068988,1252629
3761805,2,1543862,3069085,1252678
3761806,4,1544059,3069106,1252689
3761807,9,1544060,3069115,1252689
3761808,14,1544061,3069122,1252689
3761809,16,784469,3069123,1252689
3761810,18,784478,3069054,1077103
3761811,4,1544103,3069084,1252693
3761812,9,1544104,3069086,1252693
3761813,14,1544105,3069087,1252693
3761814,19,1544106,3069089,1252693
3761815,24,1544107,3069090,1252693
3761816,29,1544108,3069091,1252693
3761817,31,784487,3069097,1252693
3761818,11,1544236,3050882,1252694
3761819,517,1544064,3069124,1252691
3761820,6,1544445,3048166,1252695
3761821,13,1544446,3051074,1252695
3761822,15,1544447,3069054,1252695
3761823,1,1544534,3069100,1252699
3761824,8,1544597,3069312,1252701
3761825,0,1544605,3069455,1252703
3761826,4,1544633,3069466,1252707
3761827,0,1544667,3069466,1252719
3761828,0,1544678,3069455,1252721
3761829,2,1544793,3069678,1252737
3761830,6,1545145,3069812,1252761
3761831,33,1545367,3069297,1252757
3761832,36,1545369,3069299,1252757
3761833,80,1545370,3069319,1252757
3761834,86,1545371,3069324,1252757
3761835,88,1545372,3063956,1252757
3761836,90,1545373,3060672,1252757
3761837,92,1545374,3063735,1252757
3761838,128,1545375,3069651,1252757
3761839,164,1545376,3069653,1252757
3761840,198,1545377,3069655,1252757
3761841,3,1546125,3069848,1252784
3761842,712,1545378,3069657,1252757
3761843,7,1546126,3069850,1252784
3761844,11,1546127,3069852,1252784
3761845,15,1546128,3069854,1252784
3761846,19,1546129,3069856,1252784
3761847,23,1546130,3069858,1252784
3761848,28,1546131,3069860,1252784
3761849,32,1546132,3069862,1252784
3761850,36,1546133,3069864,1252784
3761851,41,1546134,3069866,1252784
3761852,45,1546135,3069868,1252784
3761853,1344,1545379,3069662,1252757
3761854,1858,1545641,3069664,1252757
3761855,1861,1545643,3069666,1252757
3761856,2375,1545644,3069668,1252757
3761857,2,1546927,3069879,1252790
3761858,2889,1545645,3069670,1252757
3761859,2945,1545646,3069757,1252757
3761860,2965,1545647,3069799,1252757
3761861,2987,1545648,3069843,1252757
3761862,1,1547213,3069909,1252800
3761863,4,785128,3069921,1252811
3761864,2,785148,3069901,1252816
3761865,5,1547420,3069906,1252816
3761866,2,1547689,3069939,1252852
3761867,8,1548625,3069806,1252946
3761868,11,785682,3069765,1252946
3761869,14,785683,3069766,1252946
3761870,17,785690,3069769,1252946
3761871,20,785695,3069771,1252946
3761872,24,785699,3069793,1252946
3761873,2,785772,3069959,1252950
3761874,6,1548999,3070011,1252961
3761875,6,1549006,3070013,1252962
3761876,8,1549015,3070015,1252964
3761877,36,1549371,3070070,1252990
3761878,2,1549474,3070078,1252999
3761879,5,1549475,3070080,1252999
3761880,8,1549476,3070082,1252999
3761881,11,1549477,3070084,1252999
3761882,14,1549478,3070086,1252999
3761883,17,1549479,3070088,1252999
3761884,8,1549743,3070090,1253030
3761885,2,1550126,3070119,1253073
3761886,3,1550206,3070108,1253083
3761887,8,1550288,3070124,1253086
3761888,8,1550611,3070150,1253112
3761889,11,1550597,3070141,1253112
3761890,15,1550598,3070148,1253112
3761891,4,1550713,3059790,1253127
3761892,9,1550714,3070161,1253127
3761893,14,1550715,3070162,1253127
3761894,19,1550716,3070163,1253127
3761895,24,1550717,3070164,1253127
3761896,29,1550718,3050004,1253127
3761897,31,786557,3070165,1253127
3761898,4,1550762,3049735,1253132
3761899,9,1550763,3049732,1253132
3761900,14,1550764,3065714,1253132
3761901,16,786586,3070176,1253132
3761902,8,1551088,3070106,1253161
3761903,3,786805,3070206,1253197
3761904,6,786806,3070207,1253197
3761905,9,786807,3070209,1253197
3761906,12,786808,3070211,1253197
3761907,15,786809,3070221,1253197
3761908,19,786811,3070213,1253197
3761909,23,786812,3070215,1253197
3761910,27,786813,3070217,1253197
3761911,1157,1551199,3070198,1253169
3761912,31,786814,3070219,1253197
3761913,34,786816,3070223,1253197
3761914,37,786817,3070225,1253197
3761915,41,786818,3070227,1253197
3761916,44,786819,3070229,1253197
3761917,48,786820,3070231,1253197
3761918,51,786821,3070237,1253197
3761919,54,786822,3070241,1253197
3761920,57,786823,3070247,1253197
3761921,4,1551929,3054419,1253201
3761922,61,786824,3044573,1253197
3761923,10,1551930,3070337,1253201
3761924,16,1551931,3070338,1253201
3761925,65,786827,3044595,1253197
3761926,22,1551932,3070339,1253201
3761927,27,1551933,3054421,1253201
3761928,33,1551934,3070341,1253201
3761929,39,1551935,3070342,1253201
3761930,69,786830,3044597,1253197
3761931,45,1551936,3070344,1253201
3761932,73,786831,3044578,1253197
3761933,50,1551937,3054423,1253201
3761934,56,1551938,3050728,1253201
3761935,77,786833,3044599,1253197
3761936,62,1551939,3050724,1253201
3761937,68,1551940,3050726,1253201
3761938,81,786834,3044601,1253197
3761939,74,1551941,3050729,1253201
3761940,85,786837,3044580,1253197
3761941,80,1551942,3050731,1253201
3761942,86,1551943,3050732,1253201
3761943,89,786840,3044605,1253197
3761944,92,1551944,3050734,1253201
3761945,93,786841,3044607,1253197
3761946,98,1551945,3050735,1253201
3761947,103,1551946,3054424,1253201
3761948,97,786843,3044583,1253197
3761949,109,1551947,3070346,1253201
3761950,101,786844,3044609,1253197
3761951,115,1551948,3050750,1253201
3761952,121,1551949,3050752,1253201
3761953,105,786845,3044611,1253197
3761954,126,1551950,3070348,1253201
3761955,132,1551951,3070350,1253201
3761956,109,786846,3044585,1253197
3761957,138,1551952,3070352,1253201
3761958,113,786847,3044615,1253197
3761959,144,1551953,3070354,1253201
3761960,149,1551954,3054428,1253201
3761961,117,786848,3044617,1253197
3761962,155,1551955,3054412,1253201
3761963,161,1551956,3054414,1253201
3761964,121,786850,3044575,1253197
3761965,167,1551957,3054417,1253201
3761966,172,1551958,3070356,1253201
3761967,178,1551959,3070358,1253201
3761968,184,1551960,3070360,1253201
3761969,190,1551961,3070362,1253201
3761970,195,1551962,3070364,1253201
3761971,201,1551963,3070366,1253201
3761972,207,1551964,3070368,1253201
3761973,213,1551965,3070370,1253201
3761974,218,1551966,3054426,1253201
3761975,224,1551967,3070372,1253201
3761976,230,1551968,3070374,1253201
3761977,236,1551969,3070376,1253201
3761978,241,1551970,3070378,1253201
3761979,247,1551971,3070380,1253201
3761980,4,1552155,3070397,1253204
3761981,9,1552156,3044582,1253204
3761982,11,786863,3070398,1253204
3761983,253,1551972,3070382,1253201
3761984,259,1551973,3070384,1253201
3761985,265,1551974,3070388,1253201
3761986,270,1551975,3054392,1253201
3761987,3,1553252,3070480,1253253
3761988,2,1553606,3070545,1253283
3761989,1,787341,3070529,1253287
3761990,6,787342,3070531,1253287
3761991,8,1555028,3070580,1253331
3761992,11,787790,3070546,1253331
3761993,8,1555241,3070159,1253335
3761994,8,1555726,3070686,1253375
3761995,4,1555776,3070720,1253384
3761996,9,1555777,3070721,1253384
3761997,11,788189,3070722,1253384
3761998,6,1555860,3070723,1253390
3761999,13,1555861,3045226,1253390
3762000,15,788251,3070725,1253390
3762001,5,1556784,3070777,1253442
3762002,8,1556788,3070777,1253442
3762003,20,788706,3044016,1253442
3762004,27,788711,3044128,1253442
3762005,32,788712,3062810,1253442
3762006,37,788715,3070779,1253442
3762007,2,788786,3070771,1253450
3762008,4,788790,3070772,1253450
3762009,13,1557130,3070774,1253450
3762010,3,1557672,3070801,1253464
3762011,6,1557673,3070803,1253464
3762012,9,1557674,3070810,1253464
3762013,11,789048,3070811,1253464
3762014,517,1557850,3070854,1253478
3762015,3,1558592,3070903,1253506
3762016,8,1558600,3070905,1253508
3762017,16,1558596,3070903,1253508
3762018,20,1558602,3070903,1253508
3762019,1,1559123,3070889,1253555
3762020,15,1559231,3070933,1253561
3762021,3,1559252,3068517,1253564
3762022,8,1559516,3070945,1253579
3762023,4,1559691,3070974,1253599
3762024,9,1559692,3070975,1253599
3762025,11,789811,3070976,1253599
3762026,2,1559704,3070977,1253602
3762027,5,1559705,3070978,1253602
3762028,13,1559712,3070951,1253604
3762029,27,1559713,3070952,1253604
3762030,41,1559714,3070954,1253604
3762031,55,1559715,3070956,1253604
3762032,64,1559753,3070949,1253604
3762033,67,1559754,3070949,1253604
3762034,74,1559716,3070958,1253604
3762035,80,1559717,3070960,1253604
3762036,86,1559718,3070962,1253604
3762037,92,1559719,3070964,1253604
3762038,98,1559720,3070966,1253604
3762039,104,1559721,3070968,1253604
3762040,8,1559859,3070628,1253611
3762041,2,1560281,3071035,1253646
3762042,8,1561041,3070930,1253686
3762043,1,790760,3068880,1253693
3762044,2,1561351,3071101,1253708
3762045,8,1561487,3071009,1253716
3762046,12,1561484,3071003,1253716
3762047,15,790980,3071005,1253716
3762048,18,790986,3071007,1253716
3762049,8,1561495,3071103,1253717
3762050,8,1561572,3071108,1253727
3762051,10,791024,3071104,1253727
3762052,2,1562146,3071138,1253748
3762053,24,1562147,3063128,1253748
3762054,26,791238,3071154,1253748
3762055,3,1562271,3071182,1253756
3762056,5,1562736,3071192,1253808
3762057,11,1562737,3071193,1253808
3762058,17,1562738,3071194,1253808
3762059,23,1562739,3071195,1253808
3762060,29,1562740,3071197,1253808
3762061,35,1562741,3071198,1253808
3762062,4,791677,3071237,1253865
3762063,13,1563431,3060460,1253877
3762064,2,791794,3071278,1253917
3762065,4,791798,3071283,1253917
3762066,6,791800,3071284,1253917
3762067,3,1564044,3071316,1253955
3762068,7,1564045,3071319,1253955
3762069,8,1564125,3071331,1253970
3762070,5,1564441,3071334,1253992
3762071,1,1564511,3071339,1254001
3762072,8,1564928,3071335,1254022
3762073,513,1565126,3071387,1254024
3762074,643,1565127,3071389,1254024
3762075,773,1565128,3071391,1254024
3762076,895,1565129,3071393,1254024
3762077,1017,1565130,3071395,1254024
3762078,1021,1565131,3071397,1254024
3762079,1037,1565132,3071399,1254024
3762080,1041,1565133,3071401,1254024
3762081,1047,1565134,3071403,1254024
3762082,1053,1565137,3071405,1254024
3762083,1059,1565140,3071407,1254024
3762084,1065,1565143,3071409,1254024
3762085,1071,1565146,3071411,1254024
3762086,7,1566010,3071507,1083349
3762087,31,1566005,3071510,1083349
3762088,1,1566151,3071528,1254054
3762089,8,1566157,3071521,1254053
3762090,9,1566164,3071507,1254053
3762091,11,1566167,3071510,1254053
3762092,15,1566154,3071513,1254053
3762093,20,792531,3071515,1254053
3762094,3,1566409,3043739,1254068
3762095,7,1566410,3043740,1254068
3762096,10,792632,3044699,1254068
3762097,2,792781,3071531,1254086
3762098,5,792782,3071532,1254086
3762099,8,792783,3071534,1254086
3762100,11,792784,3057491,1254086
3762101,14,792785,3057509,1254086
3762102,17,792786,3057495,1254086
3762103,20,792789,3071538,1254086
3762104,23,792790,3071540,1254086
3762105,26,792791,3071542,1254086
3762106,29,792792,3071544,1254086
3762107,32,792793,3071546,1254086
3762108,35,792794,3071548,1254086
3762109,38,792795,3071550,1254086
3762110,41,792796,3071552,1254086
3762111,44,792797,3057503,1254086
3762112,47,1566733,3071554,1254086
3762113,8,1567366,3071733,1254109
3762114,3,1567607,3071757,1254122
3762115,3,1568842,3071826,1254175
3762116,7,1568843,3071827,1254175
3762117,11,1568845,3071828,1254175
3762118,15,1568846,3071830,1254175
3762119,29,1568847,3071832,1254175
3762120,43,1568848,3071833,1254175
3762121,7,793754,3071842,1084084
3762122,11,1569422,3071842,1084084
3762123,33,1569431,3071608,1254201
3762124,34,1569462,3071707,1254201
3762125,2,1569569,3060555,1254215
3762126,8,1569674,3071817,1254225
3762127,10,793873,3071803,1254225
3762128,13,793878,3045053,1254225
3762129,16,793881,3044031,1254225
3762130,19,793885,3071808,1254225
3762131,22,793888,3044123,1254225
3762132,24,793894,3071810,1254225
3762133,29,793898,3071811,1254225
3762134,34,793901,3071813,1254225
3762135,4,1569710,3071868,1254231
3762136,9,1569711,3053664,1254231
3762137,14,1569712,3059093,1254231
3762138,16,793913,3071869,1254231
3762139,6,1569859,3071854,1254242
3762140,8,1570373,3071867,1254267
3762141,8,1570368,3071583,1254266
3762142,12,794245,3071575,1254266
3762143,3,1570527,3071907,1254281
3762144,4,1570848,3071925,1254302
3762145,9,1570849,3071926,1254302
3762146,11,794376,3071928,1254302
3762147,8,1571035,3071939,1254315
3762148,65,1571150,3071945,1254316
3762149,163,1571151,3071947,1254316
3762150,5,1571438,3071963,1254321
3762151,11,1571439,3071964,1254321
3762152,17,1571440,3071965,1254321
3762153,23,1571441,3071966,1254321
3762154,29,1571442,3071967,1254321
3762155,35,1571443,3071968,1254321
3762156,41,1571444,3071969,1254321
3762157,47,1571445,3071970,1254321
3762158,53,1571447,3071971,1254321
3762159,59,1571448,3071972,1254321
3762160,65,1571449,3071973,1254321
3762161,8,1571476,3071953,1254322
3762162,71,1571450,3071974,1254321
3762163,77,1571451,3043838,1254321
3762164,79,794622,3071977,1254321
3762165,8,1572113,3071924,1254344
3762166,10,794747,3047324,1254344
3762167,17,794753,3071920,1254344
3762168,19,794756,3071922,1254344
3762169,4,1572488,3072147,1254368
3762170,9,1572489,3072148,1254368
3762171,14,1572490,3072149,1254368
3762172,19,1572492,3072150,1254368
3762173,24,1572494,3072151,1254368
3762174,26,794898,3072152,1254368
3762175,1,1573153,3072109,1254412
3762176,3,1573155,3072111,1254412
3762177,5,1573156,3072113,1254412
3762178,3,1573128,3072170,1254422
3762179,20,795411,3072115,1254412
3762180,30,795412,3072117,1254412
3762181,40,795413,3072119,1254412
3762182,52,795416,3072121,1254412
3762183,62,795417,3072123,1254412
3762184,72,795422,3072125,1254412
3762185,8,1573897,3072212,1254462
3762186,15,1573894,3072176,1254462
3762187,14,1574012,3072237,1254461
3762188,5,1574189,3072303,1254473
3762189,6,226055,3072307,1085575
3762190,5,1574277,3072307,1254474
3762191,4,1574332,3072307,1254477
3762192,2,1574638,3072305,1254493
3762193,6,1574639,3072315,1254493
3762194,11,796171,3072317,1254493
3762195,2,1574709,3072321,1254497
3762196,2,1575314,3072343,1254529
3762197,3,796442,3072183,1254538
3762198,7,796447,3072185,1254538
3762199,19,1575416,3072186,1254538
3762200,20,1575426,3072237,1254538
3762201,3,1575477,3072041,1254546
3762202,6,1575478,3046591,1254546
3762203,9,1575479,3072107,1254546
3762204,7,1576186,3072417,1254616
3762205,10,796833,3072422,1254616
3762206,13,796835,3072424,1254616
3762207,0,1576286,3049743,1254624
3762208,3,1576302,3072446,1254626
3762209,8,1576609,3072445,1254654
3762210,24,1576607,3055150,1254654
3762211,8,1577265,3072500,1254692
3762212,6,1577307,3072538,1086526
3762213,1,797352,3072529,1254697
3762214,6,797353,3072530,1254697
3762215,7,1577338,3072540,1086540
3762216,6,1578322,3072584,1086956
3762217,2,1578572,3072583,1254754
3762218,8,1578682,3072582,1254770
3762219,6,1578962,3072596,1254781
3762220,8,1579017,3072616,1254792
3762221,3,1579153,3072385,1254804
3762222,11,1579157,3072386,1254804
3762223,21,1579159,3072388,1254804
3762224,27,797918,3072395,1254804
3762225,32,797919,3072396,1254804
3762226,37,797920,3072397,1254804
3762227,2,1579342,3072642,1254816
3762228,5,798007,3072649,1254816
3762229,23,798010,3072651,1254816
3762230,2,1579431,3072661,1254823
3762231,0,1579461,3072669,1254826
3762232,6,1579687,3072658,1254839
3762233,8,1579707,3072713,1254840
3762234,14,1579691,3056404,1254840
3762235,20,1579692,3056406,1254840
3762236,26,1579693,3056407,1254840
3762237,32,1579695,3056408,1254840
3762238,38,1579696,3056405,1254840
3762239,40,798157,3072712,1254840
3762240,44,1579698,3062091,1254840
3762241,3,1579927,3072720,1254852
3762242,9,1579928,3072721,1254852
3762243,13,1579929,3072722,1254852
3762244,17,1579930,3072723,1254852
3762245,8,1579991,3072637,1254859
3762246,4,1580217,3044471,1254888
3762247,9,1580218,3072755,1254888
3762248,11,798293,3072757,1254888
3762249,38,1580446,3072774,1088017
3762250,2,1580476,3072777,1254924
3762251,2,1580479,3072781,1254926
3762252,8,1581337,3072794,1254936
3762253,25,1581341,3072784,1254936
3762254,30,1581331,3072786,1254936
3762255,6,1581683,3066234,1254939
3762256,13,1581684,3072818,1254939
3762257,15,798484,3072821,1254939
3762258,5,1582569,3072827,1088199
3762259,8,1582629,3072773,1254957
3762260,8,1582732,3072827,1254958
3762261,12,1582736,3072827,1254958
3762262,9,1582941,3072823,1254962
3762263,4613,1580532,3072779,1254923
3762264,4,1583561,3072884,1254982
3762265,9,1583562,3072886,1254982
3762266,14,1583563,3048690,1254982
3762267,16,798627,3072896,1254982
3762268,3,1583531,3072872,1254978
3762269,3,798771,3072939,1255009
3762270,2,1584665,3054644,1255030
3762271,3,1584756,3072948,1255042
3762272,2,798908,3044707,1255052
3762273,6,1585280,3060554,1255079
3762274,13,1585281,3060558,1255079
3762275,20,1585282,3060561,1255079
3762276,27,1585283,3060562,1255079
3762277,34,1585284,3059140,1255079
3762278,41,1585285,3060565,1255079
3762279,43,799106,3073004,1255079
3762280,6,1585863,3072968,1255111
3762281,13,1585864,3072969,1255111
3762282,20,1585865,3072971,1255111
3762283,27,1585866,3072973,1255111
3762284,34,1585867,3072975,1255111
3762285,41,1585868,3072977,1255111
3762286,48,1585869,3072979,1255111
3762287,55,1585870,3072980,1255111
3762288,62,1585871,3072982,1255111
3762289,9,1585956,3073041,1255118
3762290,7,1586016,3072614,1255125
3762291,15,1586017,3072611,1255125
3762292,23,1586018,3072612,1255125
3762293,31,1586019,3072613,1255125
3762294,33,799285,3073048,1255125
3762295,1,1587135,3073070,1255160
3762296,8,1587237,3072901,1255163
3762297,12,1587233,3072887,1255163
3762298,60,1587199,3072892,1255163
3762299,108,1587200,3072894,1255163
3762300,156,1587201,3072897,1255163
3762301,164,1587231,3072899,1255163
3762302,8,1587745,3073091,1255226
3762303,6,1588071,3073133,1255260
3762304,2,1589037,3073220,1255315
3762305,4,1589600,3073251,1255331
3762306,9,1589601,3073252,1255331
3762307,14,1589602,3073253,1255331
3762308,19,1589603,3073256,1255331
3762309,24,1589604,3073257,1255331
3762310,29,1589605,3073258,1255331
3762311,34,1589606,3073259,1255331
3762312,39,1589607,3073260,1255331
3762313,44,1589608,3073261,1255331
3762314,49,1589609,3073262,1255331
3762315,54,1589610,3073263,1255331
3762316,56,800284,3073264,1255331
3762317,2053,1590244,3068101,1255374
3762318,5,1592483,3071048,1255445
3762319,11,1592484,3073371,1255445
3762320,17,1592485,3073372,1255445
3762321,23,1592486,3073373,1255445
3762322,29,1592487,3073375,1255445
3762323,35,1592488,3073376,1255445
3762324,41,1592489,3073378,1255445
3762325,43,801078,3073381,1255445
3762326,3,801115,3073323,1255451
3762327,6,801116,3073324,1255451
3762328,9,1592616,3044126,1255450
3762329,18,1592618,3068854,1255450
3762330,21,1592629,3050722,1255450
3762331,46,1592620,3050722,1255450
3762332,66,801132,3049399,1255450
3762333,68,1592630,3049399,1255450
3762334,78,1592625,3049397,1255450
3762335,85,1592633,3073439,1255450
3762336,89,801137,3073444,1255450
3762337,105,801144,3073449,1255450
3762338,3,1592905,3057644,1255470
3762339,6,1593056,3073377,1255482
3762340,5,1594039,3073532,1090832
3762341,12,1594127,3071283,1255548
3762342,15,1594128,3071284,1255548
3762343,3,1594799,3073563,1255606
3762344,10,1594888,3073445,1255621
3762345,2,1595043,3073551,1255632
3762346,2,1595278,3073615,1255641
3762347,8,1595379,3073617,1255646
3762348,1,802190,3073585,1255658
3762349,1157,1595427,3073618,1255648
3762350,8,1596636,3073648,1255697
3762351,12,802394,3073630,1255697
3762352,16,802395,3073633,1255697
3762353,20,802396,3073635,1255697
3762354,24,1596613,3073637,1255697
3762355,27,1596616,3073638,1255697
3762356,30,1596619,3073639,1255697
3762357,33,802486,3073640,1255697
3762358,36,802488,3073641,1255697
3762359,40,1596622,3073642,1255697
3762360,44,1596625,3073643,1255697
3762361,49,1596627,3073644,1255697
3762362,54,1596629,3073645,1255697
3762363,59,1596631,3073646,1255697
3762364,64,1596633,3073647,1255697
3762365,3,802546,3073649,1255713
3762366,2,802583,3073689,1255716
3762367,4,802585,3073690,1255716
3762368,2,802752,3073704,1255746
3762369,8,1597428,3073681,1255750
3762370,10,802792,3073679,1255750
3762371,4,1597509,3073730,1255759
3762372,9,1597510,3073732,1255759
3762373,14,1597511,3046620,1255759
3762374,16,802826,3073734,1255759
3762375,8,1597653,3073749,1255773
3762376,1,802941,3073893,1255788
3762377,9,1597786,3073853,1255786
3762378,15,1597787,3073854,1255786
3762379,19,1597788,3073855,1255786
3762380,49,1597789,3046659,1255786
3762381,57,1597794,3073881,1255786
3762382,60,803003,3059436,1255786
3762383,3,1597929,3073910,1255802
3762384,95,1597954,3073907,1255802
3762385,2,1598118,3073947,1255816
3762386,97,1598368,3074025,1255847
3762387,1,803261,3046345,1255855
3762388,3,803264,3046358,1255855
3762389,0,1599160,3074045,1255891
3762390,10,1599161,3074045,1255891
3762391,15,1599163,3074047,1255891
3762392,25,803539,3074047,1255891
3762393,42,1599159,3074049,1255891
3762394,6,1599299,3074109,1255901
3762395,2,803591,3074084,1255903
3762396,5,803592,3074088,1255903
3762397,8,803593,3074091,1255903
3762398,11,803596,3074092,1255903
3762399,14,803597,3074093,1255903
3762400,17,803598,3074094,1255903
3762401,20,803599,3074095,1255903
3762402,23,803600,3074096,1255903
3762403,26,803602,3074097,1255903
3762404,29,803605,3074098,1255903
3762405,32,803606,3074099,1255903
3762406,35,803607,3074100,1255903
3762407,38,803608,3074101,1255903
3762408,41,803609,3074102,1255903
3762409,44,803610,3074103,1255903
3762410,47,803611,3074104,1255903
3762411,50,803612,3074105,1255903
3762412,53,803613,3074106,1255903
3762413,56,803614,3074107,1255903
3762414,59,803615,3074108,1255903
3762415,62,803616,3074110,1255903
3762416,65,803617,3074111,1255903
3762417,68,803618,3074112,1255903
3762418,71,803619,3074113,1255903
3762419,74,803620,3074114,1255903
3762420,77,803623,3074115,1255903
3762421,80,803625,3074116,1255903
3762422,83,803627,3074117,1255903
3762423,86,803629,3074119,1255903
3762424,89,803631,3074120,1255903
3762425,92,803635,3074121,1255903
3762426,95,803639,3074122,1255903
3762427,98,803644,3074123,1255903
3762428,101,803646,3074126,1255903
3762429,104,803647,3074129,1255903
3762430,107,803648,3074130,1255903
3762431,110,803649,3074131,1255903
3762432,113,803651,3074132,1255903
3762433,116,803652,3074133,1255903
3762434,119,803653,3074134,1255903
3762435,122,803654,3074135,1255903
3762436,125,803655,3074136,1255903
3762437,128,803656,3074137,1255903
3762438,131,803657,3074138,1255903
3762439,134,803658,3074140,1255903
3762440,137,803659,3074142,1255903
3762441,140,803662,3074144,1255903
3762442,143,803664,3074146,1255903
3762443,146,803665,3074148,1255903
3762444,149,803666,3074150,1255903
3762445,152,803667,3074152,1255903
3762446,155,803669,3074155,1255903
3762447,158,803671,3074158,1255903
3762448,161,803673,3074161,1255903
3762449,164,803674,3074163,1255903
3762450,167,803675,3074166,1255903
3762451,170,803679,3074168,1255903
3762452,173,803682,3074171,1255903
3762453,176,803688,3074173,1255903
3762454,179,803691,3074175,1255903
3762455,182,803696,3074177,1255903
3762456,185,803698,3074178,1255903
3762457,188,803702,3074179,1255903
3762458,191,803703,3074180,1255903
3762459,2,1599612,3054643,1255911
3762460,2,1599622,3074205,1255914
3762461,5,1599623,3074209,1255914
3762462,8,1599624,3071563,1255914
3762463,2,803757,3074224,1255935
3762464,5,1599764,3074226,1255935
3762465,4,803778,3074270,1255942
3762466,9,803782,3074276,1255942
3762467,8,1600247,3074316,1092598
3762468,0,1600464,3074316,1255976
3762469,8,1600780,3074305,1256007
3762470,4,1600792,3074324,1256010
3762471,9,1600793,3074326,1256010
3762472,3,804139,3074408,1256029
3762473,5,1601189,3074398,1256033
3762474,11,1601192,3074401,1256033
3762475,17,1601194,3074404,1256033
3762476,19,804172,3074407,1256033
3762477,4,1601230,3074471,1256037
3762478,9,1601231,3074474,1256037
3762479,14,1601232,3074477,1256037
3762480,19,1601233,3074479,1256037
3762481,24,1601234,3074482,1256037
3762482,26,804211,3074487,1256037
3762483,14,1601276,3074449,1256041
3762484,4,804258,3074444,1256046
3762485,13,804272,3074438,1256052
3762486,2,1601559,3074526,1256058
3762487,5,1601560,3074529,1256058
3762488,8,1601561,3074532,1256058
3762489,32,804314,3074423,1256057
3762490,41,1601554,3074457,1256057
3762491,3,1601828,3074551,1256065
3762492,3,804385,3074369,1256068
3762493,3,1601886,3074554,1256069
3762494,71,1601904,3074553,1256069
3762495,25,1601969,3074340,1256072
3762496,43,1602193,3074524,1093098
3762497,14,804606,3074451,1256105
3762498,16,804608,3074453,1256105
3762499,8,1602568,3074588,1256128
3762500,2,1602569,3045354,1256129
3762501,2,1602586,3074429,1093284
3762502,4,1602651,3074612,1256141
3762503,8,1602790,3074618,1256148
3762504,7,1602834,3074464,1256151
3762505,5,1602913,3074455,1256157
3762506,21,1602749,3074594,1256148
3762507,31,1602793,3074596,1256148
3762508,38,1602770,3074605,1256148
3762509,43,1602771,3074607,1256148
3762510,48,1602772,3074610,1256148
3762511,52,1602774,3071753,1256148
3762512,56,1602777,3071054,1256148
3762513,68,1602779,3074602,1256148
3762514,72,1602756,3074605,1256148
3762515,76,1602759,3074607,1256148
3762516,80,1602762,3074610,1256148
3762517,84,1602765,3071753,1256148
3762518,88,1602769,3071054,1256148
3762519,4,1603043,3074612,1256176
3762520,2,1603115,3074627,1256186
3762521,6,1603136,3074626,1256192
3762522,8,1603161,3074447,1256195
3762523,18,1603160,3074447,1256195
3762524,20,1603168,3074447,1256195
3762525,30,1603169,3074447,1256195
3762526,47,1603170,3074447,1256195
3762527,9,805031,3074475,1256203
3762528,10,1603278,3074466,1256203
3762529,12,1603280,3074467,1256203
3762530,5,805087,3049522,1256206
3762531,13,1603441,3049522,1256206
3762532,18,1603436,3049522,1256206
3762533,24,1603444,3049522,1256206
3762534,16,1603520,3074691,1093515
3762535,40,1603523,3074693,1093515
3762536,8,1603553,3074691,1093528
3762537,14,1603552,3074693,1093528
3762538,13,1603562,3074695,1093531
3762539,5,1603582,3074695,1093538
3762540,6,1603674,3074644,1256213
3762541,8,805157,3074646,1256213
3762542,65,1603870,3074488,1256220
3762543,74,1603869,3074485,1256220
3762544,81,1603868,3052432,1256220
3762545,88,1603867,3074490,1256220
3762546,94,1603903,3052425,1256220
3762547,107,1603904,3052425,1256220
3762548,2,1603959,3065543,1256231
3762549,5,1603960,3070674,1256231
3762550,8,1603961,3074718,1256231
3762551,11,1603962,3074720,1256231
3762552,14,1603963,3074722,1256231
3762553,17,1603964,3074724,1256231
3762554,20,1603965,3074726,1256231
3762555,23,1603966,3044846,1256231
3762556,26,1603967,3044848,1256231
3762557,29,1603968,3044850,1256231
3762558,4,1603985,3074634,1256199
3762559,9,1603988,3074637,1256199
3762560,38,1604494,3074492,1093623
3762561,6,1604925,3074494,1256256
3762562,28,1604973,3074494,1256256
3762563,34,1604974,3074494,1256256
3762564,37,1604975,3074494,1256256
3762565,73,1604977,3074494,1256256
3762566,6,1604997,3074508,1256261
3762567,9,1604998,3074508,1256261
3762568,0,1605001,3074520,1256263
3762569,2,1605002,3074522,1256263
3762570,5,1605008,3074520,1256265
3762571,8,1605009,3074520,1256265
3762572,5,1605038,3074522,1256266
3762573,8,1605039,3074522,1256266
3762574,7,805512,3074510,1256268
3762575,13,805513,3074512,1256268
3762576,23,805515,3074512,1256268
3762577,28,805516,3074514,1256268
3762578,44,805522,3074518,1256268
3762579,11,1605095,3074518,1256274
3762580,16,805534,3074518,1093699
3762581,12,1605169,3074527,1093703
3762582,17,1605178,3074530,1093703
3762583,22,1605156,3074534,1093703
3762584,25,1605179,3074534,1093703
3762585,2,1605327,3074642,1256289
3762586,8,1605330,3074648,1256289
3762587,17,805595,3074657,1256289
3762588,22,805596,3074664,1256289
3762589,27,805597,3074670,1256289
3762590,32,805598,3074675,1256289
3762591,37,805599,3074680,1256289
3762592,4,805622,3074431,1256294
3762593,2,805632,3074410,1256295
3762594,5,805636,3074411,1256295
3762595,8,805640,3074412,1256295
3762596,11,805641,3074414,1256295
3762597,14,805642,3074415,1256295
3762598,15,1605422,3074423,1256295
3762599,17,1605423,3074429,1256295
3762600,19,1605424,3074431,1256295
3762601,23,1605382,3074440,1256295
3762602,26,1605383,3073610,1256295
3762603,29,1605384,3074442,1256295
3762604,31,1605387,3074451,1256295
3762605,33,1605388,3074453,1256295
3762606,37,1605425,3068177,1256295
3762607,39,1605426,3074445,1256295
3762608,41,1605427,3074446,1256295
3762609,46,1605376,3068177,1256295
3762610,50,1605378,3074445,1256295
3762611,53,805656,3074446,1256295
3762612,59,1605385,3074462,1256295
3762613,66,1605432,3074464,1256295
3762614,70,1605386,3074472,1256295
3762615,71,1605433,3074508,1256295
3762616,73,1605434,3074510,1256295
3762617,75,1605436,3074512,1256295
3762618,37,1605437,3074848,1256297
3762619,77,1605438,3074514,1256295
3762620,79,1605439,3074516,1256295
3762621,81,1605440,3074518,1256295
3762622,83,1605441,3074520,1256295
3762623,85,1605442,3074522,1256295
3762624,87,1605443,3074534,1256295
3762625,11,1605722,3074840,1256321
3762626,4,247742,3074852,1256330
3762627,6,1605796,3074854,1256330
3762628,2,1605836,3048951,1256325
3762629,18,1606151,3074852,1256331
3762630,26,1605820,3074826,1256331
3762631,8,805867,3048952,1256325
3762632,25,1605850,3048954,1256325
3762633,41,1605827,3074828,1256331
3762634,46,1606158,3074852,1256331
3762635,51,1606159,3074852,1256331
3762636,56,1606160,3074852,1256331
3762637,61,1606161,3074852,1256331
3762638,66,1606162,3074852,1256331
3762639,71,1606163,3074852,1256331
3762640,76,1606164,3074852,1256331
3762641,81,1606165,3074852,1256331
3762642,87,1606166,3074852,1256331
3762643,92,1606167,3074852,1256331
3762644,97,1606168,3074852,1256331
3762645,102,1606169,3074852,1256331
3762646,107,1606170,3074852,1256331
3762647,112,1606171,3074852,1256331
3762648,117,1606172,3074852,1256331
3762649,120,1606173,3074852,1256331
3762650,102,805943,3048956,1256325
3762651,116,1605870,3048958,1256325
3762652,172,805960,3048960,1256325
3762653,184,805961,3048962,1256325
3762654,197,1605895,3048964,1256325
3762655,232,1605906,3048966,1256325
3762656,264,1605917,3048968,1256325
3762657,331,1605928,3048970,1256325
3762658,381,1605942,3048972,1256325
3762659,451,1606006,3048972,1256325
3762660,473,1605955,3048974,1256325
3762661,526,1605969,3048976,1256325
3762662,548,806133,3048978,1256325
3762663,561,1605987,3048982,1256325
3762664,5,1606620,3074858,1256350
3762665,11,1606710,3074861,1256359
3762666,2,1606759,3074926,1256362
3762667,8,1607101,3074863,1256389
3762668,11,806668,3074759,1256389
3762669,14,806675,3074760,1256389
3762670,17,806682,3074761,1256389
3762671,5,1607110,3074956,1256392
3762672,20,1607075,3068384,1256389
3762673,22,1607072,3074763,1256389
3762674,25,1607076,3074764,1256389
3762675,28,1607077,3074770,1256389
3762676,31,1607078,3069890,1256389
3762677,11,1607111,3074960,1256392
3762678,34,1607079,3074772,1256389
3762679,37,1607080,3074774,1256389
3762680,40,1607081,3074776,1256389
3762681,43,1607082,3074778,1256389
3762682,46,1607083,3074780,1256389
3762683,49,1607084,3074782,1256389
3762684,18,1607112,3074963,1256392
3762685,52,1607085,3074784,1256389
3762686,55,1607086,3069892,1256389
3762687,58,1607087,3074786,1256389
3762688,65,1607088,3074822,1256389
3762689,25,1607113,3074965,1256392
3762690,72,1607089,3074824,1256389
3762691,73,1607126,3074826,1256389
3762692,75,1607127,3074828,1256389
3762693,81,1607090,3074830,1256389
3762694,32,1607114,3074967,1256392
3762695,86,1607091,3074832,1256389
3762696,91,1607092,3074834,1256389
3762697,39,1607115,3074969,1256392
3762698,96,1607093,3074836,1256389
3762699,101,1607094,3074838,1256389
3762700,103,1607098,3074840,1256389
3762701,45,1607116,3074971,1256392
3762702,108,1607095,3074842,1256389
3762703,51,1607117,3074973,1256392
3762704,57,1607118,3074975,1256392
3762705,172,1607073,3074844,1256389
3762706,177,1607096,3074846,1256389
3762707,178,1607163,3074848,1256389
3762708,5,1607131,3062301,1256396
3762709,63,1607119,3074977,1256392
3762710,182,1607097,3074850,1256389
3762711,183,1607164,3074852,1256389
3762712,185,1607166,3074858,1256389
3762713,188,1607099,3074861,1256389
3762714,3,1607304,3074987,1256411
3762715,13,1607306,3075001,1256411
3762716,23,1607308,3075004,1256411
3762717,2,1607399,3054642,1256419
3762718,2,1607474,3054625,1256423
3762719,4,1607634,3074990,1256427
3762720,9,1607635,3074996,1256427
3762721,14,1607636,3075003,1256427
3762722,19,1607637,3075010,1256427
3762723,24,1607638,3075011,1256427
3762724,29,1607639,3075012,1256427
3762725,34,1607640,3075013,1256427
3762726,39,1607641,3075014,1256427
3762727,44,1607642,3075016,1256427
3762728,49,1607643,3075018,1256427
3762729,54,1607644,3075019,1256427
3762730,59,1607645,3075020,1256427
3762731,64,1607646,3075021,1256427
3762732,69,1607647,3075022,1256427
3762733,74,1607648,3075025,1256427
3762734,79,1607650,3075026,1256427
3762735,84,1607651,3075027,1256427
3762736,89,1607652,3075028,1256427
3762737,94,1607653,3075029,1256427
3762738,99,1607654,3075031,1256427
3762739,104,1607655,3075032,1256427
3762740,109,1607656,3075033,1256427
3762741,114,1607657,3075034,1256427
3762742,119,1607658,3075035,1256427
3762743,124,1607659,3075036,1256427
3762744,129,1607660,3075038,1256427
3762745,134,1607661,3075039,1256427
3762746,139,1607662,3075040,1256427
3762747,144,1607663,3075041,1256427
3762748,149,1607664,3075042,1256427
3762749,154,1607666,3075043,1256427
3762750,159,1607667,3075046,1256427
3762751,164,1607668,3075049,1256427
3762752,169,1607670,3075050,1256427
3762753,174,1607671,3075051,1256427
3762754,179,1607672,3075052,1256427
3762755,184,1607673,3075054,1256427
3762756,189,1607674,3075055,1256427
3762757,194,1607675,3075056,1256427
3762758,199,1607676,3075057,1256427
3762759,204,1607677,3075058,1256427
3762760,209,1607678,3075059,1256427
3762761,214,1607679,3075060,1256427
3762762,219,1607680,3075063,1256427
3762763,224,1607681,3075064,1256427
3762764,229,1607682,3075065,1256427
3762765,234,1607683,3075066,1256427
3762766,239,1607684,3075067,1256427
3762767,244,1607685,3075068,1256427
3762768,249,1607686,3075069,1256427
3762769,254,1607687,3075070,1256427
3762770,259,1607688,3075071,1256427
3762771,261,806903,3075073,1256427
3762772,267,806912,3075072,1256427
3762773,2,807208,3075082,1256468
3762774,7,251211,3075082,1256468
3762775,18,807218,3075082,1256468
3762776,23,807219,3075082,1256468
3762777,53,807231,3075083,1256468
3762778,58,807233,3075085,1256468
3762779,2,1608709,3054634,1256479
3762780,4,1609603,3057905,1256520
3762781,8,807557,3064772,1256520
3762782,12,807558,3064773,1256520
3762783,0,1610163,3075186,1256544
3762784,2,1610164,3075188,1256544
3762785,4,1610165,3075190,1256544
3762786,2,807883,3075217,1256583
3762787,6,1610646,3075220,1256583
3762788,2,807884,3046342,1256582
3762789,3,1610675,3075152,1256589
3762790,4,1610677,3066384,1256590
3762791,7,1610676,3075154,1256589
3762792,9,1610678,3066386,1256590
3762793,14,1610679,3066388,1256590
3762794,16,807891,3075239,1256590
3762795,2,1610709,3064052,1256596
3762796,8,1611467,3075261,1256609
3762797,8,1612388,3075350,1256653
3762798,16,1612378,3075329,1256653
3762799,24,1612379,3075332,1256653
3762800,32,1612380,3075333,1256653
3762801,40,1612381,3075336,1256653
3762802,48,1612382,3075337,1256653
3762803,56,1612383,3075338,1256653
3762804,64,1612384,3075339,1256653
3762805,72,1612385,3075340,1256653
3762806,74,808379,3075349,1256653
3762807,8,1612499,3075351,1256658
3762808,5,254103,3075400,1095188
3762809,10,1612512,3075404,1095192
3762810,1,1612526,3075400,1256665
3762811,2,1612535,3075402,1256665
3762812,4,1612536,3075404,1256665
3762813,18,1612529,3075400,1256665
3762814,19,1612540,3075406,1256665
3762815,24,1612541,3075400,1256665
3762816,41,1612532,3075404,1256665
3762817,42,1612558,3075408,1256665
3762818,53,808432,3075402,1256665
3762819,3,1612751,3075415,1256684
3762820,7,808527,3075366,1256685
3762821,2,1612822,3075422,1256689
3762822,19,1612913,3075166,1256697
3762823,39,1612914,3075168,1256697
3762824,5,1613082,3075576,1256708
3762825,14,808667,3075576,1256708
3762826,33,808674,3075576,1256708
3762827,6,1613193,3075598,1256715
3762828,4,1613579,3058886,1256735
3762829,9,1613580,3075619,1256735
3762830,14,1613581,3075620,1256735
3762831,19,1613582,3075621,1256735
3762832,24,1613583,3075622,1256735
3762833,29,1613584,3075623,1256735
3762834,34,1613585,3075624,1256735
3762835,39,1613586,3075625,1256735
3762836,44,1613587,3075626,1256735
3762837,49,1613588,3075627,1256735
3762838,54,1613589,3075628,1256735
3762839,56,808843,3075629,1256735
3762840,3,1613649,3075636,1256739
3762841,3,1613772,3075605,1256746
3762842,3,808947,3075529,1256750
3762843,7,808948,3075533,1256750
3762844,11,808949,3075536,1256750
3762845,15,808950,3075538,1256750
3762846,19,808951,3075540,1256750
3762847,23,808958,3075542,1256750
3762848,27,808960,3075544,1256750
3762849,31,808961,3075546,1256750
3762850,35,808962,3075548,1256750
3762851,39,808966,3075550,1256750
3762852,43,808975,3075552,1256750
3762853,47,808986,3075554,1256750
3762854,52,808987,3075556,1256750
3762855,57,808988,3075558,1256750
3762856,62,808989,3075560,1256750
3762857,67,808990,3075562,1256750
3762858,72,808991,3075564,1256750
3762859,77,808997,3075566,1256750
3762860,81,808998,3075568,1256750
3762861,85,808999,3075570,1256750
3762862,89,809000,3075572,1256750
3762863,93,809002,3075574,1256750
3762864,94,1614025,3075576,1256750
3762865,119,1613830,3075582,1256750
3762866,125,809030,3075582,1256750
3762867,134,1613836,3075582,1256750
3762868,141,1613838,3075595,1256750
3762869,2,1614118,3075737,1256772
3762870,2,1614122,3075654,1256773
3762871,33,1614437,3075759,1256790
3762872,37,1614438,3075760,1256790
3762873,41,1614439,3075761,1256790
3762874,2,1614609,3055509,1256802
3762875,5,1614611,3050481,1256802
3762876,8,1614612,3043908,1256802
3762877,19,1614627,3050910,1095797
3762878,27,1614628,3050910,1095797
3762879,11,1614613,3055511,1256802
3762880,14,1614614,3046555,1256802
3762881,17,1614615,3055480,1256802
3762882,20,1614616,3050500,1256802
3762883,23,1614617,3043909,1256802
3762884,27,1614618,3055508,1256802
3762885,31,1614619,3075738,1256802
3762886,35,1614620,3055478,1256802
3762887,39,1614621,3075740,1256802
3762888,43,1614622,3071418,1256802
3762889,47,1614623,3071419,1256802
3762890,51,1614624,3075743,1256802
3762891,55,1614625,3075744,1256802
3762892,59,1614626,3075745,1256802
3762893,8,1614925,3075755,1256811
3762894,133,1615259,3075800,1256824
3762895,199,1615260,3075802,1256824
3762896,8,1615854,3075978,1256844
3762897,11,1615851,3075974,1256844
3762898,15,1616003,3075641,1256857
3762899,2,1616011,3076015,1256858
3762900,5,1616250,3076028,1256867
3762901,7,1616252,3076026,1256867
3762902,10,1616247,3076030,1256867
3762903,15,1616253,3076028,1256867
3762904,17,1616254,3076026,1256867
3762905,20,1616248,3076030,1256867
3762906,25,1616255,3076028,1256867
3762907,27,1616256,3076026,1256867
3762908,30,1616249,3076030,1256867
3762909,32,1616257,3076028,1256867
3762910,34,1616258,3076026,1256867
3762911,37,809751,3076030,1256867
3762912,8,1616769,3076025,1256919
3762913,13,1616766,3076022,1256919
3762914,4,1616799,3076056,1256930
3762915,9,1616800,3076057,1256930
3762916,14,1616801,3076058,1256930
3762917,19,1616802,3062017,1256930
3762918,24,1616803,3066217,1256930
3762919,26,809993,3076063,1256930
3762920,4,1616846,3061089,1256940
3762921,9,1616847,3058237,1256940
3762922,14,1616849,3070099,1256940
3762923,19,1616850,3055091,1256940
3762924,21,810002,3076073,1256940
3762925,2,1616886,3076074,1256946
3762926,2,1616980,3054652,1256967
3762927,5,1617064,3069876,1256983
3762928,11,1617065,3076072,1256983
3762929,1,1617429,3076136,1096664
3762930,11,810613,3076216,1096872
3762931,8,1618849,3076222,1257086
3762932,9,1618858,3076221,1257086
3762933,22,1618851,3076221,1257086
3762934,26,1618863,3076221,1257086
3762935,1,1618901,3076118,1257093
3762936,4,1618902,3076136,1257093
3762937,8,1618919,3076178,1257096
3762938,11,1618916,3072667,1257096
3762939,13,810931,3076173,1257096
3762940,26,810940,3076168,1257096
3762941,29,810941,3076125,1257096
3762942,31,1618938,3076125,1257096
3762943,35,810942,3076128,1257096
3762944,37,1618943,3076128,1257096
3762945,41,810943,3076132,1257096
3762946,43,1618944,3076132,1257096
3762947,47,810945,3076134,1257096
3762948,49,1618946,3076134,1257096
3762949,4,1619354,3044593,1257126
3762950,9,1619355,3076285,1257126
3762951,11,811156,3076286,1257126
3762952,1,811500,3076470,1257158
3762953,8,1620469,3076481,1257177
3762954,13,1620464,3076479,1257177
3762955,18,1620466,3076480,1257177
3762956,8,1620664,3076469,1257187
3762957,11,811691,3076300,1257187
3762958,11,1620832,3076489,1257193
3762959,2,811787,3075843,1257192
3762960,5,811789,3075845,1257192
3762961,8,811794,3075847,1257192
3762962,11,811796,3075849,1257192
3762963,14,811798,3075851,1257192
3762964,17,811800,3075853,1257192
3762965,20,811805,3075855,1257192
3762966,23,811808,3075857,1257192
3762967,26,811813,3075859,1257192
3762968,29,811817,3075861,1257192
3762969,32,811819,3075863,1257192
3762970,35,811824,3075867,1257192
3762971,46,1620903,3075869,1257192
3762972,49,811832,3075871,1257192
3762973,60,1620904,3075873,1257192
3762974,69,1620905,3075875,1257192
3762975,77,1620875,3075898,1257192
3762976,85,1620876,3075899,1257192
3762977,95,1620880,3075900,1257192
3762978,106,1620881,3075901,1257192
3762979,108,1620882,3076005,1257192
3762980,110,1620883,3076009,1257192
3762981,112,1620884,3076011,1257192
3762982,146,1620885,3076013,1257192
3762983,3,1621288,3076532,1257225
3762984,9,1621289,3076533,1257225
3762985,13,1621290,3076534,1257225
3762986,17,1621292,3076535,1257225
3762987,2,812110,3076499,1257245
3762988,4,812121,3076500,1257245
3762989,13,1621515,3076502,1257245
3762990,8,1621572,3076555,1257253
3762991,30,1621581,3076515,1257254
3762992,43,812155,3076517,1257254
3762993,46,1621583,3076518,1257254
3762994,49,1621584,3047472,1257254
3762995,2,1621853,3076678,1257275
3762996,5,1622071,3076669,1257278
3762997,9,1622072,3076672,1257278
3762998,13,1622073,3076675,1257278
3762999,17,1622074,3076677,1257278
3763000,4,1622150,3062999,1257286
3763001,9,1622151,3048390,1257286
3763002,14,1622152,3043959,1257286
3763003,19,1622153,3076682,1257286
3763004,24,1622154,3045444,1257286
3763005,26,812241,3076683,1257286
3763006,5,1624034,3059772,1257308
3763007,7,1624037,3046321,1257308
3763008,13,1624040,3062845,1257308
3763009,15,1624043,3076623,1257308
3763010,21,1624046,3062844,1257308
3763011,23,1624048,3076625,1257308
3763012,29,1624050,3062847,1257308
3763013,31,1624053,3076627,1257308
3763014,37,1624054,3045888,1257308
3763015,39,1624055,3046327,1257308
3763016,45,1624056,3060790,1257308
3763017,47,1624057,3076629,1257308
3763018,53,1624058,3076631,1257308
3763019,55,1624060,3076634,1257308
3763020,61,1624061,3076636,1257308
3763021,63,1624063,3076638,1257308
3763022,69,1624064,3062841,1257308
3763023,71,1624066,3076640,1257308
3763024,77,1624067,3076642,1257308
3763025,79,1624069,3076643,1257308
3763026,85,1624071,3076645,1257308
3763027,87,1624073,3076647,1257308
3763028,93,1624099,3076649,1257308
3763029,95,1624102,3076651,1257308
3763030,101,1624103,3076654,1257308
3763031,103,1624106,3076655,1257308
3763032,6,1627020,3051955,1257350
3763033,13,1627021,3051956,1257350
3763034,20,1627022,3051957,1257350
3763035,22,812912,3076751,1257350
3763036,3,1627221,3076767,1257377
3763037,3,1627492,3076798,1257402
3763038,55,1627514,3076797,1257402
3763039,67,813423,3076824,1257437
3763040,3,1628228,3076847,1257452
3763041,3,1628351,3076741,1257454
3763042,6,1628352,3076748,1257454
3763043,5,1628527,3076854,1257457
3763044,11,1628528,3076856,1257457
3763045,17,1628529,3076858,1257457
3763046,22,1628531,3076860,1257457
3763047,25,1628533,3076862,1257457
3763048,28,1628535,3076864,1257457
3763049,31,1628537,3076866,1257457
3763050,36,1628539,3076868,1257457
3763051,39,1628541,3076870,1257457
3763052,48,1628545,3076872,1257457
3763053,6,1628562,3076844,1257462
3763054,2,1628792,3077180,1257469
3763055,8,1628894,3077317,1257473
3763056,2,1629229,3076836,1257498
3763057,10,813920,3076842,1257498
3763058,0,1631211,3077412,1257602
3763059,2,1631214,3077416,1257602
3763060,2,1631239,3046774,1257604
3763061,2053,1630896,3077534,1257593
3763062,7,1632785,3077567,1257636
3763063,15,1632786,3077568,1257636
3763064,23,1632787,3077569,1257636
3763065,31,1632788,3077570,1257636
3763066,33,814871,3077573,1257636
3763067,7,1633004,3045833,1257646
3763068,27,1633027,3077424,1257648
3763069,13,1633328,3077617,1257666
3763070,16,1633329,3077621,1257666
3763071,2,1633368,3060556,1257669
3763072,2,1633486,3060557,1257678
3763073,2,1633698,3077739,1257697
3763074,8,1633885,3077605,1257705
3763075,9,1633886,3077578,1257705
3763076,42,1633876,3077603,1257705
3763077,11,1633986,3077816,1257712
3763078,20,1633989,3077816,1257712
3763079,26,1633965,3077816,1257712
3763080,49,1633980,3077801,1257712
3763081,52,1634012,3077816,1257712
3763082,70,1634013,3077816,1257712
3763083,50,1635024,3077821,1257767
3763084,2,815574,3077807,1257774
3763085,5,815575,3077809,1257774
3763086,8,815577,3077811,1257774
3763087,18,1635174,3077813,1257774
3763088,21,1635175,3077814,1257774
3763089,24,1635176,3055575,1257774
3763090,27,1635177,3055570,1257774
3763091,39,1635184,3077818,1257774
3763092,41,815596,3077819,1257774
3763093,43,815599,3077802,1257774
3763094,45,815601,3077823,1257774
3763095,50,815602,3077824,1257774
3763096,67,1635172,3077825,1257774
3763097,3,1635409,3077866,1257784
3763098,7,1635410,3077867,1257784
3763099,13,1635411,3077868,1257784
3763100,19,1635412,3077869,1257784
3763101,0,1635575,3077957,1257802
3763102,4,1635604,3077873,1101006
3763103,16,1635609,3077957,1257802
3763104,21,815725,3077961,1257802
3763105,4,1635641,3077873,1101011
3763106,3,1635650,3077873,1101014
3763107,3,1635665,3077873,1101016
3763108,4,1635670,3077873,1101020
3763109,2,1635675,3077873,1257813
3763110,2,1635680,3077873,1257814
3763111,2,1635704,3077873,1257816
3763112,2,1635753,3077873,1257817
3763113,3,1635760,3077873,1101034
3763114,3,1635776,3077873,1101038
3763115,3,1635780,3077873,1101040
3763116,3,1635802,3077873,1101042
3763117,5,1635809,3077873,1101044
3763118,6,1635813,3077873,1101050
3763119,3,1635820,3077992,1257820
3763120,2,1636043,3054541,1257847
3763121,7,1636044,3054488,1257847
3763122,12,1636045,3077768,1257847
3763123,17,1636047,3054793,1257847
3763124,22,1636048,3077770,1257847
3763125,58,1636049,3077774,1257847
3763126,4,1636563,3078045,1257879
3763127,9,1636564,3078048,1257879
3763128,11,815989,3078054,1257879
3763129,8,1636766,3078073,1257882
3763130,2,1636806,3078069,1257886
3763131,4,1636846,3053825,1257890
3763132,9,1636847,3053826,1257890
3763133,14,1636848,3053827,1257890
3763134,19,1636849,3054771,1257890
3763135,24,1636850,3078076,1257890
3763136,29,1636851,3066145,1257890
3763137,34,1636852,3066323,1257890
3763138,39,1636853,3062067,1257890
3763139,44,1636854,3048285,1257890
3763140,46,816109,3078099,1257890
3763141,48,816111,3045290,1257890
3763142,51,816112,3078077,1257890
3763143,56,816113,3078079,1257890
3763144,61,816114,3071010,1257890
3763145,66,816115,3078081,1257890
3763146,72,816117,3078083,1257890
3763147,76,816118,3078085,1257890
3763148,80,816119,3055592,1257890
3763149,85,816121,3055594,1257890
3763150,88,816122,3045288,1257890
3763151,91,816123,3052495,1257890
3763152,94,816124,3078087,1257890
3763153,97,816125,3078089,1257890
3763154,101,816129,3051442,1257890
3763155,104,816131,3060995,1257890
3763156,110,816132,3071012,1257890
3763157,117,816134,3078091,1257890
3763158,123,816135,3078093,1257890
3763159,130,816137,3078095,1257890
3763160,141,816139,3078097,1257890
3763161,148,816140,3052491,1257890
3763162,429,816189,3077933,1101232
3763163,431,816190,3077936,1101232
3763164,2,1637158,3078113,1257902
3763165,51,816272,3077980,1257917
3763166,12,816292,3077982,1257922
3763167,0,1637568,3077873,1257925
3763168,5,1637552,3077913,1257925
3763169,8,816293,3046350,1257925
3763170,11,816294,3077916,1257925
3763171,14,816296,3046354,1257925
3763172,17,816307,3046361,1257925
3763173,20,816308,3046365,1257925
3763174,23,816312,3046363,1257925
3763175,26,816314,3046367,1257925
3763176,29,816315,3046369,1257925
3763177,32,816321,3046371,1257925
3763178,35,816323,3046373,1257925
3763179,39,1637553,3046449,1257925
3763180,41,816325,3046598,1257925
3763181,47,816327,3046602,1257925
3763182,65,816329,3046608,1257925
3763183,88,816344,3046600,1257925
3763184,91,816351,3046604,1257925
3763185,94,816358,3046610,1257925
3763186,95,1637647,3077933,1257925
3763187,97,1637648,3077936,1257925
3763188,101,1637564,3077939,1257925
3763189,179,1637565,3077942,1257925
3763190,1,816407,3078147,1257946
3763191,367,1637566,3077968,1257925
3763192,405,1637567,3077972,1257925
3763193,409,816418,3077976,1257925
3763194,410,1637894,3077980,1257925
3763195,412,1637896,3077982,1257925
3763196,1,1638188,3078165,1257982
3763197,105,816563,3048777,1257982
3763198,108,1638238,3078168,1257982
3763199,111,1638239,3078170,1257982
3763200,114,1638240,3048772,1257982
3763201,8,1638514,3078195,1257990
3763202,1109,1638263,3068100,1257988
3763203,7,1638852,3078032,1257994
3763204,15,1638853,3078035,1257994
3763205,2,1639100,3066763,1258009
3763206,5,816731,3078203,1258022
3763207,8,1639381,3078263,1258027
3763208,8,1639388,3078229,1258028
3763209,10,816765,3078228,1258028
3763210,6,1639994,3078362,1258073
3763211,2,1640186,3078511,1258092
3763212,1,817100,3078505,1258110
3763213,6,817104,3078506,1258110
3763214,11,817106,3078508,1258110
3763215,16,817107,3078509,1258110
3763216,21,817108,3078510,1258110
3763217,12,817347,3078517,1102174
3763218,8,817394,3078521,1258164
3763219,8,1641254,3078524,1258171
3763220,11,1641250,3078515,1258171
3763221,17,1641251,3078522,1258171
3763222,1,1641309,3078575,1258182
3763223,2,1641357,3078595,1258198
3763224,5,1641359,3078597,1258198
3763225,8,1641879,3078623,1258234
3763226,8,1641889,3078625,1258235
3763227,8,1641893,3078627,1258236
3763228,8,1641896,3078629,1258237
3763229,8,1641949,3078571,1258232
3763230,11,817741,3078533,1258232
3763231,14,817744,3078535,1258232
3763232,19,817745,3078537,1258232
3763233,24,817748,3078538,1258232
3763234,29,817749,3078540,1258232
3763235,32,1641919,3078565,1258232
3763236,35,1641920,3078567,1258232
3763237,38,1641921,3078569,1258232
3763238,51,817755,3078544,1258232
3763239,58,817757,3078547,1258232
3763240,64,817762,3078557,1258232
3763241,70,817766,3078559,1258232
3763242,3,1641958,3078621,1258241
3763243,80,817776,3078561,1258232
3763244,90,817781,3078549,1258232
3763245,97,817782,3078551,1258232
3763246,104,817783,3078553,1258232
3763247,114,817784,3078555,1258232
3763248,120,817785,3078563,1258232
3763249,8,1643326,3078613,1258280
3763250,19,818272,3078607,1258280
3763251,24,1643322,3078607,1258280
3763252,3,1643735,3078714,1258324
3763253,7,1643736,3078715,1258324
3763254,11,1643737,3078717,1258324
3763255,15,1643740,3078719,1258324
3763256,19,1643742,3078721,1258324
3763257,23,1643744,3078722,1258324
3763258,27,1643745,3078723,1258324
3763259,31,1643746,3078725,1258324
3763260,35,1643747,3078727,1258324
3763261,39,1643748,3078729,1258324
3763262,43,1643749,3078731,1258324
3763263,47,1643750,3078733,1258324
3763264,51,1643751,3078735,1258324
3763265,55,1643752,3078737,1258324
3763266,59,1643753,3078740,1258324
3763267,63,1643755,3078742,1258324
3763268,67,1643756,3078744,1258324
3763269,71,1643757,3078746,1258324
3763270,75,1643758,3078748,1258324
3763271,79,1643759,3078750,1258324
3763272,83,1643760,3078752,1258324
3763273,87,1643761,3078754,1258324
3763274,91,1643762,3078756,1258324
3763275,95,1643763,3078758,1258324
3763276,99,1643764,3078760,1258324
3763277,103,1643765,3078762,1258324
3763278,107,1643766,3078764,1258324
3763279,111,1643767,3078766,1258324
3763280,115,1643768,3078768,1258324
3763281,119,1643769,3078770,1258324
3763282,123,1643770,3078772,1258324
3763283,127,1643771,3078774,1258324
3763284,131,1643772,3078776,1258324
3763285,199,1643773,3078780,1258324
3763286,267,1643774,3078785,1258324
3763287,2,818451,3078802,1258332
3763288,4,818453,3078805,1258332
3763289,8,1644031,3078793,1258335
3763290,2,818590,3078861,1258348
3763291,4,818673,3045195,1258369
3763292,8,818674,3045283,1258369
3763293,12,818675,3055088,1258369
3763294,28,1644577,3078838,1258369
3763295,42,1644580,3078840,1258369
3763296,56,1644582,3078842,1258369
3763297,2,1644663,3078865,1258378
3763298,70,1644584,3078844,1258369
3763299,74,1644565,3078859,1258369
3763300,77,1644566,3078857,1258369
3763301,80,1644567,3078851,1258369
3763302,85,818720,3078857,1258369
3763303,88,818726,3078855,1258369
3763304,96,1644569,3078853,1258369
3763305,4,1645264,3078474,1103284
3763306,6,1645263,3078474,1103284
3763307,2,1645691,3054651,1258455
3763308,8,819448,3078982,1258493
3763309,7,1646291,3078927,1103585
3763310,1,1646381,3078908,1258518
3763311,4,1646378,3078923,1258518
3763312,2,1646617,3078994,1258551
3763313,3,1646710,3078999,1258561
3763314,7,1646711,3079003,1258561
3763315,11,1646712,3055893,1258561
3763316,15,1646713,3079007,1258561
3763317,19,1646714,3079011,1258561
3763318,4,1646826,3079078,1258572
3763319,9,1646828,3079079,1258572
3763320,14,1646829,3079080,1258572
3763321,19,1646831,3079081,1258572
3763322,24,1646832,3048826,1258572
3763323,26,819775,3079082,1258572
3763324,2,819832,3078996,1258576
3763325,12,1646895,3079005,1258576
3763326,15,1646896,3079009,1258576
3763327,18,819834,3079017,1258576
3763328,8,1647863,3078483,1258603
3763329,11,820057,3078283,1258603
3763330,14,820058,3078285,1258603
3763331,17,820059,3078287,1258603
3763332,20,820064,3078289,1258603
3763333,30,1647846,3078329,1258603
3763334,33,1647848,3060135,1258603
3763335,52,1647865,3078436,1258603
3763336,64,1647867,3078438,1258603
3763337,70,1647854,3078467,1258603
3763338,76,1647855,3078471,1258603
3763339,79,1647857,3078474,1258603
3763340,6,1648709,3079219,1258647
3763341,19,1649343,3079222,1258663
3763342,2,1649434,3079087,1258673
3763343,1,1649628,3079319,1104173
3763344,1,1649643,3079321,1104175
3763345,1,1649650,3079324,1104184
3763346,1,1649671,3079326,1104203
3763347,1,1649672,3079280,1104206
3763348,1,1649676,3079282,1104208
3763349,1,1649683,3079284,1104210
3763350,1,1649688,3079286,1104212
3763351,1,1649690,3079288,1104214
3763352,1,1649694,3079313,1104220
3763353,1,1649709,3079315,1104224
3763354,1,1649725,3079309,1104229
3763355,1,1649730,3079311,1104231
3763356,1,1649743,3079317,1104236
3763357,1,1649751,3079290,1104238
3763358,1,1649766,3079295,1104245
3763359,1,1649773,3079292,1104247
3763360,1,1649777,3079297,1104249
3763361,1,1649787,3079299,1104255
3763362,1,1649807,3079332,1104262
3763363,1,1649820,3079333,1104266
3763364,1,1649847,3079328,1104274
3763365,1,1649848,3079274,1104276
3763366,1,1649850,3079276,1104278
3763367,1,1649854,3079278,1104280
3763368,1,1649858,3079330,1104282
3763369,1,1649863,3079303,1104284
3763370,1,1649878,3079305,1104286
3763371,1,1649889,3079307,1104288
3763372,1,1649890,3079301,1104290
3763373,1,1649894,3079335,1104292
3763374,1,1649903,3079337,1104294
3763375,1,1649914,3079341,1104298
3763376,1,1649923,3079339,1104307
3763377,1,1649931,3079343,1104318
3763378,5,1650121,3055591,1258742
3763379,11,1650122,3079359,1258742
3763380,17,1650123,3079360,1258742
3763381,23,1650124,3079361,1258742
3763382,29,1650125,3079362,1258742
3763383,35,1650126,3045287,1258742
3763384,41,1650127,3079363,1258742
3763385,47,1650128,3071911,1258742
3763386,53,1650129,3052493,1258742
3763387,59,1650130,3052490,1258742
3763388,65,1650131,3079364,1258742
3763389,71,1650132,3079365,1258742
3763390,77,1650133,3079367,1258742
3763391,83,1650134,3079368,1258742
3763392,89,1650135,3079369,1258742
3763393,95,1650136,3079370,1258742
3763394,101,1650137,3079371,1258742
3763395,107,1650138,3079372,1258742
3763396,113,1650139,3079373,1258742
3763397,119,1650140,3079374,1258742
3763398,125,1650141,3079375,1258742
3763399,131,1650142,3079376,1258742
3763400,137,1650143,3079378,1258742
3763401,143,1650144,3079379,1258742
3763402,145,820802,3079384,1258742
3763403,4,820915,3079252,1258754
3763404,6,1650560,3079385,1258762
3763405,3,1651327,3067120,1258799
3763406,7,1651328,3067128,1258799
3763407,11,1651329,3067124,1258799
3763408,2,821125,3079476,1258766
3763409,5,821127,3079480,1258766
3763410,8,821128,3079484,1258766
3763411,56,1652928,3079568,1104996
3763412,2,1652974,3079565,1258822
3763413,1,1653554,3079482,1258855
3763414,2,1653869,3071238,1258867
3763415,6,821594,3079692,1258889
3763416,13,821595,3079693,1258889
3763417,16,821596,3079697,1258889
3763418,20,821597,3079701,1258889
3763419,2,821606,3050674,1258891
3763420,4,1654056,3050681,1258891
3763421,6,1654057,3050683,1258891
3763422,1,821631,3079584,1258900
3763423,19,1654257,3045551,1258900
3763424,1,1654502,3079730,1105376
3763425,2,1654504,3079730,1258913
3763426,8,1654564,3079732,1258917
3763427,8,1654703,3079735,1258923
3763428,14,821855,3079733,1258923
3763429,8,1655034,3079721,1258935
3763430,10,821990,3079707,1258935
3763431,268,1655028,3079709,1258935
3763432,275,1655029,3079710,1258935
3763433,282,1655030,3079712,1258935
3763434,284,1655031,3079714,1258935
3763435,2,822017,3079798,1258944
3763436,4,822021,3079799,1258944
3763437,3,1655733,3079822,1258975
3763438,6,1655735,3047413,1258975
3763439,2053,1655464,3079821,1258960
3763440,6,822059,3079887,1258987
3763441,3,1656901,3065612,1259006
3763442,7,1656902,3071749,1259006
3763443,11,1656903,3071754,1259006
3763444,13,1656904,3065616,1259006
3763445,15,1656905,3065614,1259006
3763446,23,1656906,3079917,1259006
3763447,31,1656907,3079918,1259006
3763448,5,822172,3079898,1259008
3763449,5,822173,3079900,1259010
3763450,3,1658269,3048644,1259089
3763451,2,1658834,3080039,1259132
3763452,10,823072,3057127,1259156
3763453,4,1659135,3077984,1259164
3763454,3,823495,3080134,1259206
3763455,15,1660097,3080135,1259206
3763456,8,1660105,3079909,1259208
3763457,11,823502,3079869,1259208
3763458,14,823503,3079871,1259208
3763459,17,823504,3079873,1259208
3763460,3,1660132,3080201,1259210
3763461,2,1660688,3080372,1259258
3763462,2,1661009,3080376,1259269
3763463,13,1661110,3080222,1259274
3763464,16,1661111,3080239,1259274
3763465,77,823930,3080243,1259274
3763466,3,1661425,3080381,1259289
3763467,8,1661526,3080362,1259296
3763468,11,824067,3046802,1259296
3763469,2,824083,3080405,1259299
3763470,4,1661892,3080512,1259324
3763471,69,1661910,3080408,1107118
3763472,8,1662296,3080457,1259350
3763473,15,1662255,3062069,1259350
3763474,22,1662256,3062068,1259350
3763475,29,1662257,3080392,1259350
3763476,36,1662258,3080393,1259350
3763477,43,1662259,3080394,1259350
3763478,50,1662261,3080398,1259350
3763479,57,1662262,3080403,1259350
3763480,64,1662264,3080407,1259350
3763481,71,1662265,3080411,1259350
3763482,78,1662266,3080413,1259350
3763483,85,1662267,3080416,1259350
3763484,92,1662268,3080419,1259350
3763485,99,1662269,3080421,1259350
3763486,106,1662270,3080426,1259350
3763487,113,1662271,3080429,1259350
3763488,120,1662272,3080432,1259350
3763489,127,1662273,3080435,1259350
3763490,134,1662274,3080436,1259350
3763491,141,1662275,3080437,1259350
3763492,148,1662276,3080438,1259350
3763493,155,1662277,3080439,1259350
3763494,162,1662278,3080440,1259350
3763495,0,1662442,3080512,1259357
3763496,169,1662279,3080441,1259350
3763497,176,1662280,3080442,1259350
3763498,183,1662281,3080443,1259350
3763499,190,1662282,3080444,1259350
3763500,197,1662283,3080445,1259350
3763501,204,1662284,3080446,1259350
3763502,211,1662285,3080448,1259350
3763503,218,1662286,3080451,1259350
3763504,225,1662287,3080453,1259350
3763505,227,824509,3080456,1259350
3763506,231,1662289,3062092,1259350
3763507,243,824518,3080455,1259350
3763508,4,1662520,3080623,1259370
3763509,9,1662521,3080624,1259370
3763510,14,1662522,3080625,1259370
3763511,19,1662523,3080626,1259370
3763512,21,824536,3080627,1259370
3763513,507,1662699,3057377,1259373
3763514,1015,1662700,3057390,1259373
3763515,1529,1662701,3057384,1259373
3763516,4,1663918,3080856,1259395
3763517,9,1663919,3080858,1259395
3763518,14,1663920,3080860,1259395
3763519,19,1663921,3080862,1259395
3763520,21,824695,3080864,1259395
3763521,2043,1662702,3057386,1259373
3763522,2553,1662703,3057392,1259373
3763523,3063,1662704,3057398,1259373
3763524,6,824788,3080957,1259422
3763525,3577,1662705,3057394,1259373
3763526,2,1665242,3080978,1259426
3763527,4091,1662706,3057396,1259373
3763528,9,1665853,3081156,1259461
3763529,2,825158,3080632,1259456
3763530,11,1666462,3080633,1259456
3763531,20,1666463,3080634,1259456
3763532,29,1666464,3080635,1259456
3763533,38,1666465,3080636,1259456
3763534,47,1666466,3080637,1259456
3763535,56,1666467,3080638,1259456
3763536,65,1666468,3080639,1259456
3763537,74,1666469,3080642,1259456
3763538,78,1666470,3080644,1259456
3763539,82,1666471,3080645,1259456
3763540,86,1666472,3080646,1259456
3763541,90,1666473,3080647,1259456
3763542,94,1666474,3080648,1259456
3763543,98,1666475,3080649,1259456
3763544,102,1666476,3080652,1259456
3763545,106,1666477,3080657,1259456
3763546,110,1666478,3080663,1259456
3763547,114,1666479,3080667,1259456
3763548,118,1666480,3080672,1259456
3763549,122,1666481,3080675,1259456
3763550,126,1666482,3080678,1259456
3763551,130,1666483,3080681,1259456
3763552,134,1666484,3080682,1259456
3763553,138,1666485,3080685,1259456
3763554,142,1666486,3080686,1259456
3763555,151,1666487,3080691,1259456
3763556,160,1666488,3080694,1259456
3763557,169,1666489,3080695,1259456
3763558,178,1666490,3080696,1259456
3763559,187,1666491,3080699,1259456
3763560,196,1666492,3080702,1259456
3763561,209,1666493,3080705,1259456
3763562,218,1666494,3080706,1259456
3763563,227,1666495,3080707,1259456
3763564,231,1666496,3080708,1259456
3763565,240,1666497,3080709,1259456
3763566,249,1666498,3080710,1259456
3763567,258,1666499,3080711,1259456
3763568,267,1666500,3080712,1259456
3763569,276,1666501,3080713,1259456
3763570,285,1666502,3080714,1259456
3763571,294,1666503,3080715,1259456
3763572,303,1666504,3080716,1259456
3763573,312,1666505,3080717,1259456
3763574,316,1666506,3080718,1259456
3763575,325,1666507,3080719,1259456
3763576,329,1666508,3080720,1259456
3763577,333,1666509,3080721,1259456
3763578,337,1666510,3080722,1259456
3763579,346,1666511,3080723,1259456
3763580,350,1666512,3080724,1259456
3763581,2,1667026,3081212,1259487
3763582,359,1666513,3080725,1259456
3763583,5,1667027,3081213,1259487
3763584,368,1666514,3080726,1259456
3763585,8,1667029,3081214,1259487
3763586,377,1666515,3080727,1259456
3763587,11,1667030,3081215,1259487
3763588,386,1666516,3080728,1259456
3763589,14,1667031,3081216,1259487
3763590,395,1666517,3080729,1259456
3763591,404,1666518,3080730,1259456
3763592,413,1666519,3080731,1259456
3763593,422,1666520,3080732,1259456
3763594,431,1666521,3080734,1259456
3763595,440,1666522,3080736,1259456
3763596,449,1666523,3080737,1259456
3763597,458,1666524,3080738,1259456
3763598,467,1666525,3080739,1259456
3763599,471,1666526,3080740,1259456
3763600,475,1666527,3080741,1259456
3763601,479,1666528,3080742,1259456
3763602,483,1666529,3080743,1259456
3763603,487,1666530,3080744,1259456
3763604,491,1666531,3080745,1259456
3763605,495,1666532,3080746,1259456
3763606,499,1666533,3080747,1259456
3763607,508,1666534,3080748,1259456
3763608,512,1666535,3080749,1259456
3763609,516,1666536,3080750,1259456
3763610,38,1667097,3073922,1259471
3763611,520,1666537,3080751,1259456
3763612,524,1666538,3080752,1259456
3763613,533,1666539,3080753,1259456
3763614,542,1666540,3080754,1259456
3763615,65,1667100,3073930,1259471
3763616,92,1667103,3073927,1259471
3763617,551,1666542,3080755,1259456
3763618,560,1666543,3080756,1259456
3763619,119,1667106,3073936,1259471
3763620,569,1666544,3080757,1259456
3763621,146,1667109,3073934,1259471
3763622,578,1666545,3080758,1259456
3763623,587,1666546,3080759,1259456
3763624,596,1666547,3080760,1259456
3763625,185,1667114,3073937,1259471
3763626,609,1666548,3080761,1259456
3763627,613,1666549,3080762,1259456
3763628,617,1666550,3080763,1259456
3763629,621,1666551,3080764,1259456
3763630,224,1667119,3073938,1259471
3763631,625,1666552,3080765,1259456
3763632,249,1667122,3081129,1259471
3763633,629,1666553,3080766,1259456
3763634,288,1667128,3073939,1259471
3763635,638,1666554,3080767,1259456
3763636,327,1667133,3073940,1259471
3763637,647,1666555,3080768,1259456
3763638,656,1666556,3080769,1259456
3763639,665,1666557,3080770,1259456
3763640,674,1666558,3080771,1259456
3763641,354,1667136,3073941,1259471
3763642,683,1666559,3080772,1259456
3763643,381,1667139,3073942,1259471
3763644,692,1666560,3080773,1259456
3763645,701,1666561,3080774,1259456
3763646,710,1666562,3080775,1259456
3763647,408,1667142,3081130,1259471
3763648,719,1666563,3080776,1259456
3763649,435,1667145,3081131,1259471
3763650,728,1666564,3080777,1259456
3763651,474,1667150,3081132,1259471
3763652,476,825242,3081151,1259471
3763653,479,1667151,3075462,1259471
3763654,483,1667075,3075465,1259471
3763655,737,1666565,3080778,1259456
3763656,746,1666566,3080779,1259456
3763657,755,1666567,3080780,1259456
3763658,764,1666568,3080781,1259456
3763659,773,1666569,3080782,1259456
3763660,777,1666570,3080783,1259456
3763661,781,1666571,3080784,1259456
3763662,785,1666572,3080785,1259456
3763663,789,1666573,3080786,1259456
3763664,793,1666574,3080787,1259456
3763665,802,1666575,3080788,1259456
3763666,811,1666576,3080789,1259456
3763667,820,1666577,3080790,1259456
3763668,4,1667324,3081288,1259501
3763669,829,1666578,3080791,1259456
3763670,838,1666579,3080792,1259456
3763671,847,1666580,3080793,1259456
3763672,856,1666581,3080794,1259456
3763673,860,1666582,3080795,1259456
3763674,869,1666583,3080796,1259456
3763675,878,1666584,3080800,1259456
3763676,887,1666585,3080801,1259456
3763677,896,1666586,3080806,1259456
3763678,905,1666587,3080811,1259456
3763679,914,1666588,3080816,1259456
3763680,923,1666589,3080822,1259456
3763681,927,1666590,3080824,1259456
3763682,931,1666591,3080825,1259456
3763683,935,1666593,3080826,1259456
3763684,944,1666594,3080827,1259456
3763685,953,1666596,3080828,1259456
3763686,962,1666598,3080829,1259456
3763687,966,1666599,3080830,1259456
3763688,975,1666600,3080831,1259456
3763689,979,1666602,3080832,1259456
3763690,983,1666603,3080833,1259456
3763691,987,1666604,3080834,1259456
3763692,991,1666605,3080835,1259456
3763693,1000,1666607,3080836,1259456
3763694,1009,1666608,3080837,1259456
3763695,1018,1666609,3080838,1259456
3763696,1027,1666610,3080839,1259456
3763697,1031,1666611,3080840,1259456
3763698,1040,1666612,3080841,1259456
3763699,1044,1666613,3080842,1259456
3763700,1053,1666614,3080843,1259456
3763701,1057,1666615,3080844,1259456
3763702,1066,1666616,3080845,1259456
3763703,1075,1666617,3080846,1259456
3763704,1084,1666618,3080847,1259456
3763705,1093,1666619,3080848,1259456
3763706,1097,1666620,3080849,1259456
3763707,1101,1666621,3080850,1259456
3763708,1110,1666622,3080851,1259456
3763709,1114,1666623,3080852,1259456
3763710,1123,1666624,3080853,1259456
3763711,1132,1666625,3080854,1259456
3763712,1141,1666626,3080855,1259456
3763713,1150,1666627,3080857,1259456
3763714,1155,1666628,3080859,1259456
3763715,1159,1666629,3080861,1259456
3763716,1168,1666630,3080863,1259456
3763717,1177,1666631,3080865,1259456
3763718,1181,1666632,3080866,1259456
3763719,1190,1666633,3080867,1259456
3763720,1194,1666634,3080868,1259456
3763721,1198,1666635,3080869,1259456
3763722,1207,1666636,3080870,1259456
3763723,1216,1666637,3080871,1259456
3763724,1225,1666638,3080872,1259456
3763725,1234,1666639,3080873,1259456
3763726,1243,1666640,3080874,1259456
3763727,1252,1666641,3080875,1259456
3763728,1261,1666642,3080876,1259456
3763729,1270,1666643,3080877,1259456
3763730,1279,1666644,3080878,1259456
3763731,1283,1666645,3080879,1259456
3763732,1287,1666646,3080880,1259456
3763733,1296,1666647,3080881,1259456
3763734,1305,1666648,3080882,1259456
3763735,1309,1666649,3080884,1259456
3763736,1313,1666650,3080886,1259456
3763737,1317,1666651,3080891,1259456
3763738,1326,1666652,3080893,1259456
3763739,1330,1666653,3080895,1259456
3763740,1339,1666654,3080896,1259456
3763741,1348,1666655,3080897,1259456
3763742,1357,1666656,3080899,1259456
3763743,1366,1666657,3080900,1259456
3763744,1370,1666658,3080903,1259456
3763745,1374,1666659,3080906,1259456
3763746,1378,1666660,3080909,1259456
3763747,1387,1666661,3080910,1259456
3763748,1396,1666662,3080911,1259456
3763749,1405,1666663,3080912,1259456
3763750,1414,1666664,3080913,1259456
3763751,1423,1666665,3080914,1259456
3763752,1432,1666666,3080915,1259456
3763753,1441,1666667,3080916,1259456
3763754,1450,1666668,3080917,1259456
3763755,1459,1666669,3080918,1259456
3763756,1468,1666670,3080919,1259456
3763757,7,1667725,3081288,1259514
3763758,1477,1666671,3080920,1259456
3763759,1486,1666672,3080921,1259456
3763760,1490,1666673,3080922,1259456
3763761,1499,1666674,3080923,1259456
3763762,1508,1666675,3080924,1259456
3763763,1517,1666676,3080925,1259456
3763764,1526,1666677,3080926,1259456
3763765,1535,1666678,3080927,1259456
3763766,1544,1666679,3080928,1259456
3763767,1553,1666680,3080930,1259456
3763768,1562,1666681,3080933,1259456
3763769,1571,1666682,3080934,1259456
3763770,1580,1666683,3080937,1259456
3763771,1584,1666684,3080938,1259456
3763772,1588,1666685,3080941,1259456
3763773,1592,1666686,3080942,1259456
3763774,1596,1666687,3080943,1259456
3763775,7,1667762,3081308,1259515
3763776,1605,1666688,3080946,1259456
3763777,1614,1666689,3080948,1259456
3763778,1623,1666690,3080949,1259456
3763779,1632,1666691,3080950,1259456
3763780,1641,1666692,3080951,1259456
3763781,1650,1666693,3080952,1259456
3763782,1654,1666694,3080954,1259456
3763783,1663,1666695,3080955,1259456
3763784,1672,1666696,3080956,1259456
3763785,1676,1666697,3080959,1259456
3763786,1680,1666698,3080960,1259456
3763787,1689,1666699,3080961,1259456
3763788,1693,1666700,3080962,1259456
3763789,1702,1666701,3080963,1259456
3763790,1706,1666702,3080964,1259456
3763791,1715,1666703,3080965,1259456
3763792,1719,1666704,3080966,1259456
3763793,1723,1666705,3080967,1259456
3763794,1727,1666706,3080968,1259456
3763795,1731,1666707,3080969,1259456
3763796,1735,1666708,3080970,1259456
3763797,4,1667862,3081338,1259517
3763798,1739,1666709,3080971,1259456
3763799,1748,1666710,3080972,1259456
3763800,1757,1666711,3080973,1259456
3763801,1761,1666712,3080974,1259456
3763802,1770,1666713,3080975,1259456
3763803,1779,1666714,3080976,1259456
3763804,1783,1666715,3080977,1259456
3763805,1792,1666716,3080979,1259456
3763806,1801,1666717,3080981,1259456
3763807,1810,1666718,3080982,1259456
3763808,1819,1666719,3080983,1259456
3763809,1828,1666720,3080984,1259456
3763810,1837,1666721,3080985,1259456
3763811,1841,1666722,3080986,1259456
3763812,1850,1666723,3080987,1259456
3763813,1854,1666724,3080988,1259456
3763814,1858,1666725,3080989,1259456
3763815,1867,1666726,3080990,1259456
3763816,1876,1666727,3080991,1259456
3763817,1885,1666728,3080992,1259456
3763818,1894,1666729,3080993,1259456
3763819,1903,1666730,3080994,1259456
3763820,1912,1666731,3080995,1259456
3763821,1921,1666732,3080996,1259456
3763822,1925,1666733,3080997,1259456
3763823,1929,1666734,3081000,1259456
3763824,1938,1666735,3081001,1259456
3763825,1942,1666736,3081002,1259456
3763826,1951,1666737,3081003,1259456
3763827,1955,1666738,3081005,1259456
3763828,1964,1666739,3081006,1259456
3763829,1973,1666740,3081007,1259456
3763830,1982,1666741,3081008,1259456
3763831,1986,1666742,3081009,1259456
3763832,1995,1666743,3081010,1259456
3763833,2004,1666744,3081011,1259456
3763834,2008,1666745,3081012,1259456
3763835,2012,1666746,3081013,1259456
3763836,2016,1666747,3081014,1259456
3763837,2025,1666748,3081015,1259456
3763838,2034,1666749,3081016,1259456
3763839,2043,1666750,3081017,1259456
3763840,2052,1666751,3081018,1259456
3763841,2056,1666752,3081019,1259456
3763842,2060,1666753,3081020,1259456
3763843,2069,1666754,3081021,1259456
3763844,2073,1666755,3081022,1259456
3763845,2077,1666756,3081023,1259456
3763846,2086,1666757,3081027,1259456
3763847,2095,1666758,3081031,1259456
3763848,2104,1666759,3081033,1259456
3763849,2108,1666760,3081035,1259456
3763850,2112,1666761,3081037,1259456
3763851,2121,1666762,3081039,1259456
3763852,2130,1666763,3081044,1259456
3763853,2139,1666764,3081046,1259456
3763854,2148,1666765,3081048,1259456
3763855,2152,1666766,3081050,1259456
3763856,2161,1666767,3081053,1259456
3763857,2170,1666768,3081057,1259456
3763858,2174,1666769,3081061,1259456
3763859,2178,1666770,3081068,1259456
3763860,2187,1666771,3081073,1259456
3763861,2196,1666772,3081079,1259456
3763862,2205,1666773,3081082,1259456
3763863,2214,1666774,3081087,1259456
3763864,2223,1666775,3081090,1259456
3763865,7,1668203,3081338,1259531
3763866,2232,1666776,3081095,1259456
3763867,2241,1666777,3081096,1259456
3763868,2245,1666778,3081097,1259456
3763869,2254,1666779,3081098,1259456
3763870,2263,1666780,3081099,1259456
3763871,2272,1666781,3081100,1259456
3763872,2281,1666782,3081101,1259456
3763873,2285,1666783,3081102,1259456
3763874,2294,1666784,3081104,1259456
3763875,2303,1666785,3081105,1259456
3763876,2312,1666786,3081106,1259456
3763877,2316,1666787,3081107,1259456
3763878,2325,1666788,3081108,1259456
3763879,2334,1666789,3081109,1259456
3763880,2343,1666790,3081110,1259456
3763881,2347,1666791,3081111,1259456
3763882,2356,1666792,3081112,1259456
3763883,2365,1666793,3081113,1259456
3763884,2374,1666794,3081114,1259456
3763885,2383,1666795,3081115,1259456
3763886,2392,1666796,3081116,1259456
3763887,3152,1666132,3081117,1259456
3763888,3912,1666133,3081120,1259456
3763889,54,1669290,3081245,1107863
3763890,2,1669536,3081359,1259543
3763891,4,1669537,3081361,1259543
3763892,6,1669538,3081363,1259543
3763893,16,1669625,3081247,1107926
3763894,1,1670329,3081322,1259563
3763895,6,1670356,3081408,1259564
3763896,2,1670444,3081416,1259571
3763897,5,1670445,3081417,1259571
3763898,8,1670446,3081418,1259571
3763899,11,1670447,3081420,1259571
3763900,14,1670448,3081422,1259571
3763901,17,1670449,3081424,1259571
3763902,5,1670522,3063918,1259582
3763903,8,1670978,3081260,1259601
3763904,10,826710,3070001,1259601
3763905,13,1670975,3081226,1259601
3763906,2,826981,3081365,1259620
3763907,6,1671454,3081366,1259620
3763908,10,1671455,3081368,1259620
3763909,6,826982,3081438,1259619
3763910,10,826989,3081439,1259619
3763911,22,1671468,3081440,1259619
3763912,44,827015,3081453,1259619
3763913,47,1671456,3081455,1259619
3763914,4,1671647,3047233,1259631
3763915,3,1671734,3081507,1259636
3763916,5,1671740,3081524,1108524
3763917,1,1672306,3081536,1108756
3763918,8,1672317,3081485,1259664
3763919,10,827527,3081479,1259664
3763920,23,1672318,3081477,1259664
3763921,2,1672448,3081514,1259675
3763922,5,1672449,3081517,1259675
3763923,8,1672450,3081518,1259675
3763924,11,1672451,3081519,1259675
3763925,49,827567,3081475,1259664
3763926,83,1672311,3081481,1259664
3763927,101,1672312,3081483,1259664
3763928,6,827824,3045268,1259697
3763929,21,827853,3045266,1259697
3763930,2,827992,3081644,1259733
3763931,4,828000,3045265,1259733
3763932,8,1673778,3081689,1259739
3763933,10,828005,3081687,1259739
3763934,4,1674025,3071820,1259762
3763935,9,1674026,3071821,1259762
3763936,11,828042,3081744,1259762
3763937,7,828128,3081820,1259799
3763938,14,828132,3081822,1259799
3763939,0,1674688,3081828,1259804
3763940,2,828219,3081767,1259811
3763941,4,828221,3081770,1259811
3763942,13,1674829,3081780,1259811
3763943,5,1675271,3062297,1259829
3763944,2,1675418,3081846,1259837
3763945,8,1676046,3081912,1109900
3763946,8,1676069,3081924,1259880
3763947,11,1676066,3081921,1259880
3763948,2,1676399,3082052,1259907
3763949,8,1676431,3081929,1259909
3763950,13,1676426,3081927,1259909
3763951,18,1676428,3081928,1259909
3763952,2,828978,3082058,1259913
3763953,5,828981,3082060,1259913
3763954,8,1677779,3081954,1259920
3763955,12,1677773,3081931,1259920
3763956,15,1677774,3081934,1259920
3763957,18,1677775,3081947,1259920
3763958,20,1677776,3081952,1259920
3763959,38,1677952,3082101,1110198
3763960,40,1677952,3082103,1110198
3763961,9,1678092,3082114,1259932
3763962,2,1678097,3082113,1259933
3763963,3,1678098,3082114,1259933
3763964,0,1678167,3071098,1259935
3763965,2,1678168,3082119,1259935
3763966,4,1678169,3082121,1259935
3763967,6,1678170,3069898,1259935
3763968,8,1678171,3068316,1259935
3763969,10,1678172,3082123,1259935
3763970,12,1678173,3082125,1259935
3763971,14,1678174,3082127,1259935
3763972,16,1678175,3082129,1259935
3763973,18,1678176,3082131,1259935
3763974,20,1678177,3082133,1259935
3763975,22,1678178,3067433,1259935
3763976,24,1678179,3082135,1259935
3763977,26,1678180,3082137,1259935
3763978,28,1678181,3082139,1259935
3763979,8,1678205,3082093,1259936
3763980,4,1679416,3082239,1259955
3763981,2,1681066,3082280,1260002
3763982,5,829982,3082281,1260002
3763983,4,1681739,3082310,1260017
3763984,9,1681740,3082311,1260017
3763985,14,1681741,3082312,1260017
3763986,19,1681742,3082313,1260017
3763987,21,830085,3082316,1260017
3763988,23,830088,3082314,1260017
3763989,9,1682259,3082320,1260022
3763990,1,1682316,3082223,1110752
3763991,1,1682433,3082198,1260035
3763992,19,1682434,3082200,1260035
3763993,19,1682461,3066737,1260037
3763994,37,1682435,3082202,1260035
3763995,55,1682436,3082204,1260035
3763996,41,1682462,3075181,1260037
3763997,73,1682437,3082206,1260035
3763998,63,1682464,3075182,1260037
3763999,91,1682438,3082208,1260035
3764000,85,1682465,3075179,1260037
3764001,109,1682439,3082210,1260035
3764002,127,1682440,3082218,1260035
3764003,128,1682568,3082223,1260035
3764004,131,1682441,3082225,1260035
3764005,2,830238,3082329,1260040
3764006,4,830240,3082330,1260040
3764007,8,1682633,3082332,1260040
3764008,8,1682725,3082328,1260043
3764009,5,1683025,3082387,1260054
3764010,11,1683026,3082388,1260054
3764011,13,830403,3082389,1260054
3764012,3,1683632,3079511,1260077
3764013,11,1683633,3082335,1260077
3764014,19,1683634,3082337,1260077
3764015,27,1683635,3082339,1260077
3764016,35,1683636,3082341,1260077
3764017,8,1684247,3082384,1260102
3764018,139,1684238,3082373,1260102
3764019,148,1684225,3082360,1260102
3764020,151,1684227,3082364,1260102
3764021,154,1684229,3082369,1260102
3764022,157,1684231,3082371,1260102
3764023,8,1684461,3082605,1260115
3764024,8,1684857,3082493,1260148
3764025,8,1685140,3082672,1260173
3764026,11,1685137,3082671,1260173
3764027,12,1686024,3082403,1260191
3764028,8,1686262,3082694,1260194
3764029,2,831757,3082725,1260226
3764030,5,1686766,3082727,1260226
3764031,7,1686951,3082412,1260235
3764032,3,1687439,3082811,1260252
3764033,7,1687440,3082813,1260252
3764034,11,1687441,3082815,1260252
3764035,15,1687442,3082817,1260252
3764036,19,1687443,3082819,1260252
3764037,23,1687444,3082820,1260252
3764038,27,1687445,3082822,1260252
3764039,31,1687446,3082824,1260252
3764040,35,1687447,3082826,1260252
3764041,39,1687448,3082828,1260252
3764042,43,1687449,3082830,1260252
3764043,47,1687450,3082832,1260252
3764044,51,1687451,3082834,1260252
3764045,55,1687452,3082837,1260252
3764046,59,1687454,3082839,1260252
3764047,63,1687455,3082841,1260252
3764048,67,1687457,3082843,1260252
3764049,71,1687458,3082845,1260252
3764050,75,1687460,3082847,1260252
3764051,79,1687461,3082849,1260252
3764052,83,1687463,3082851,1260252
3764053,87,1687464,3082853,1260252
3764054,91,1687465,3082855,1260252
3764055,95,1687467,3082857,1260252
3764056,99,1687468,3082859,1260252
3764057,103,1687470,3082861,1260252
3764058,107,1687472,3082863,1260252
3764059,111,1687473,3082865,1260252
3764060,115,1687475,3082867,1260252
3764061,119,1687476,3082869,1260252
3764062,123,1687477,3082871,1260252
3764063,127,1687478,3082873,1260252
3764064,131,1687479,3082875,1260252
3764065,135,1687480,3082877,1260252
3764066,139,1687481,3082879,1260252
3764067,143,1687483,3082881,1260252
3764068,147,1687484,3082883,1260252
3764069,151,1687485,3082885,1260252
3764070,155,1687486,3082887,1260252
3764071,159,1687487,3082891,1260252
3764072,163,1687488,3051251,1260252
3764073,167,1687490,3051253,1260252
3764074,171,1687491,3082893,1260252
3764075,175,1687493,3082894,1260252
3764076,179,1687494,3082896,1260252
3764077,183,1687495,3082899,1260252
3764078,187,1687497,3082901,1260252
3764079,191,1687498,3082904,1260252
3764080,195,1687499,3082907,1260252
3764081,199,1687500,3082910,1260252
3764082,203,1687501,3062878,1260252
3764083,207,1687502,3062879,1260252
3764084,211,1687503,3062880,1260252
3764085,215,1687504,3062881,1260252
3764086,219,1687506,3062882,1260252
3764087,223,1687507,3082913,1260252
3764088,227,1687508,3082915,1260252
3764089,231,1687509,3082917,1260252
3764090,235,1687510,3082920,1260252
3764091,239,1687512,3051257,1260252
3764092,243,1687513,3051258,1260252
3764093,247,1687514,3051259,1260252
3764094,251,1687516,3051260,1260252
3764095,255,1687517,3051262,1260252
3764096,259,1687520,3051265,1260252
3764097,263,1687521,3051267,1260252
3764098,267,1687523,3051268,1260252
3764099,271,1687524,3051270,1260252
3764100,275,1687526,3051273,1260252
3764101,279,1687534,3051277,1260252
3764102,283,1687535,3051279,1260252
3764103,287,1687536,3051255,1260252
3764104,291,1687538,3051256,1260252
3764105,439,1687539,3082923,1260252
3764106,587,1687541,3082924,1260252
3764107,2,1688056,3082409,1260277
3764108,4,1688058,3082411,1260277
3764109,2,832210,3082953,1260283
3764110,7,1688489,3082945,1260303
3764111,15,1688490,3082946,1260303
3764112,23,1688491,3082948,1260303
3764113,31,1688492,3082950,1260303
3764114,39,1688493,3082951,1260303
3764115,47,1688494,3082955,1260303
3764116,55,1688495,3082956,1260303
3764117,63,1688496,3082957,1260303
3764118,71,1688497,3082960,1260303
3764119,79,1688498,3082961,1260303
3764120,87,1688499,3082963,1260303
3764121,95,1688500,3082964,1260303
3764122,103,1688501,3082965,1260303
3764123,111,1688502,3082966,1260303
3764124,119,1688503,3082967,1260303
3764125,127,1688504,3082968,1260303
3764126,135,1688505,3082969,1260303
3764127,143,1688506,3082970,1260303
3764128,151,1688507,3082971,1260303
3764129,159,1688508,3082972,1260303
3764130,167,1688509,3082973,1260303
3764131,175,1688510,3082974,1260303
3764132,183,1688511,3082975,1260303
3764133,191,1688512,3082976,1260303
3764134,199,1688513,3082977,1260303
3764135,207,1688514,3082980,1260303
3764136,215,1688515,3082982,1260303
3764137,223,1688516,3082983,1260303
3764138,231,1688517,3082984,1260303
3764139,239,1688518,3082985,1260303
3764140,247,1688519,3082986,1260303
3764141,255,1688520,3082987,1260303
3764142,263,1688521,3082988,1260303
3764143,271,1688522,3082989,1260303
3764144,279,1688523,3082990,1260303
3764145,287,1688524,3082991,1260303
3764146,295,1688525,3082992,1260303
3764147,297,832409,3082996,1260303
3764148,2,832499,3082934,1260318
3764149,5,1688791,3082944,1260318
3764150,3,1688807,3083011,1260319
3764151,6,1688843,3083007,1260320
3764152,0,1689057,3083013,1260324
3764153,2,1689059,3083014,1260324
3764154,4,1689060,3083016,1260324
3764155,6,1689061,3083019,1260324
3764156,8,1689062,3083021,1260324
3764157,10,1689063,3083023,1260324
3764158,12,1689064,3043967,1260324
3764159,14,1689065,3043963,1260324
3764160,16,1689066,3043965,1260324
3764161,18,1689067,3083027,1260324
3764162,20,1689068,3083031,1260324
3764163,22,1689069,3083033,1260324
3764164,24,1689070,3083035,1260324
3764165,26,1689071,3043960,1260324
3764166,28,1689072,3083037,1260324
3764167,30,1689073,3051054,1260324
3764168,32,1689074,3083040,1260324
3764169,34,1689075,3083044,1260324
3764170,36,1689076,3063000,1260324
3764171,38,1689077,3083046,1260324
3764172,40,1689078,3083049,1260324
3764173,55,1689040,3083052,1260324
3764174,63,1689047,3083054,1260324
3764175,65,1689051,3083057,1260324
3764176,67,1689052,3083060,1260324
3764177,73,1689053,3083063,1260324
3764178,2,1689160,3083077,1260338
3764179,5,1689161,3083079,1260338
3764180,8,1689162,3083081,1260338
3764181,11,1689163,3083084,1260338
3764182,14,1689164,3083085,1260338
3764183,17,1689165,3083086,1260338
3764184,20,1689166,3083087,1260338
3764185,23,1689167,3083088,1260338
3764186,16,832673,3052808,1260341
3764187,8,1689387,3083090,1260355
3764188,3,833146,3083055,1260392
3764189,9,833151,3083058,1260392
3764190,15,833153,3083061,1260392
3764191,20,833159,3083064,1260392
3764192,39,1690286,3082482,1260394
3764193,81,1690287,3082487,1260394
3764194,117,1690289,3082492,1260394
3764195,154,1690294,3082494,1260394
3764196,158,833177,3082499,1260394
3764197,162,833179,3082500,1260394
3764198,166,833183,3082501,1260394
3764199,170,833188,3082502,1260394
3764200,15,1690899,3083171,1260442
3764201,22,1690896,3083171,1260442
3764202,39,1690901,3083171,1260442
3764203,18,1690911,3083171,1112543
3764204,2,1691145,3078199,1260457
3764205,7,1691147,3083171,1260457
3764206,10,833467,3083176,1260457
3764207,11,1692026,3083190,1112856
3764208,5,833921,3083164,1260529
3764209,10,833922,3083165,1260529
3764210,15,833923,3083167,1260529
3764211,2,833927,3046071,1260531
3764212,5,833929,3051432,1260531
3764213,8,833931,3046060,1260531
3764214,11,833933,3083319,1260531
3764215,14,833937,3045979,1260531
3764216,17,833943,3083323,1260531
3764217,20,833945,3083327,1260531
3764218,23,833947,3083331,1260531
3764219,26,833949,3076279,1260531
3764220,29,833951,3076281,1260531
3764221,32,833953,3083335,1260531
3764222,35,833955,3083339,1260531
3764223,38,833957,3076283,1260531
3764224,41,833959,3083343,1260531
3764225,44,833961,3083347,1260531
3764226,47,833963,3083351,1260531
3764227,50,833969,3083355,1260531
3764228,36,833996,3083192,1260500
3764229,61,834004,3083194,1260500
3764230,86,834011,3083196,1260500
3764231,88,834013,3083210,1260500
3764232,90,834018,3083212,1260500
3764233,95,834032,3083214,1260500
3764234,107,834035,3083216,1260500
3764235,119,834036,3063772,1260500
3764236,130,834037,3063774,1260500
3764237,169,834040,3083218,1260500
3764238,191,834042,3083222,1260500
3764239,210,834043,3083224,1260500
3764240,227,834044,3083226,1260500
3764241,244,834045,3083228,1260500
3764242,267,834050,3083231,1260500
3764243,302,1692246,3083220,1260500
3764244,330,834059,3083233,1260500
3764245,334,834060,3083198,1260500
3764246,338,834061,3083200,1260500
3764247,342,834062,3083202,1260500
3764248,346,834063,3083204,1260500
3764249,350,834065,3083206,1260500
3764250,354,834066,3083208,1260500
3764251,356,834070,3083237,1260500
3764252,359,1692241,3083239,1260500
3764253,2,834216,3083447,1260560
3764254,6,834222,3083449,1260560
3764255,12,834224,3083451,1260560
3764256,18,834239,3083453,1260560
3764257,24,834244,3083455,1260560
3764258,30,834254,3083457,1260560
3764259,36,834256,3083459,1260560
3764260,42,834258,3083461,1260560
3764261,48,834260,3083463,1260560
3764262,54,834262,3083465,1260560
3764263,60,834266,3083467,1260560
3764264,63,834267,3083469,1260560
3764265,66,834269,3083473,1260560
3764266,1,1692780,3083287,1260564
3764267,3,834289,3083289,1260564
3764268,8,1692961,3083436,1260576
3764269,44,834361,3083477,1260563
3764270,3,1693036,3083309,1260585
3764271,6,1693038,3083311,1260585
3764272,9,1693039,3075609,1260585
3764273,13,1693069,3075607,1260585
3764274,17,1693041,3075607,1260585
3764275,20,1693042,3075611,1260585
3764276,23,1693043,3083313,1260585
3764277,27,1693044,3083315,1260585
3764278,35,1693045,3083317,1260585
3764279,39,1693046,3083321,1260585
3764280,43,1693047,3083325,1260585
3764281,47,1693048,3083329,1260585
3764282,51,1693049,3083333,1260585
3764283,54,834394,3083337,1260585
3764284,58,834395,3083341,1260585
3764285,62,1693050,3083345,1260585
3764286,65,834397,3083349,1260585
3764287,68,1693051,3083353,1260585
3764288,72,1693052,3083357,1260585
3764289,76,1693053,3083359,1260585
3764290,80,1693054,3083361,1260585
3764291,84,1693055,3083363,1260585
3764292,88,1693056,3083365,1260585
3764293,92,1693057,3083367,1260585
3764294,95,834401,3083369,1260585
3764295,99,1693058,3083371,1260585
3764296,102,834402,3083373,1260585
3764297,105,1693059,3083375,1260585
3764298,109,1693060,3083379,1260585
3764299,113,1693061,3083385,1260585
3764300,117,1693062,3083389,1260585
3764301,121,1693063,3083395,1260585
3764302,125,1693064,3083399,1260585
3764303,129,1693065,3083403,1260585
3764304,132,834405,3083405,1260585
3764305,136,1693066,3083407,1260585
3764306,139,834410,3083411,1260585
3764307,142,1693067,3075614,1260585
3764308,146,1693068,3083434,1260585
3764309,2,1693338,3083552,1260610
3764310,2,1693649,3083556,1260627
3764311,5,1693650,3083558,1260627
3764312,3,1693783,3083602,1260633
3764313,7,1693784,3083604,1260633
3764314,13,1693785,3083606,1260633
3764315,19,1693786,3083607,1260633
3764316,2,1693856,3064053,1260643
3764317,4,834770,3083613,1260643
3764318,8,1693870,3058437,1260645
3764319,17,1693871,3083541,1260645
3764320,28,1693872,3074986,1260645
3764321,37,1693873,3083542,1260645
3764322,46,1693874,3045370,1260645
3764323,55,1693875,3045371,1260645
3764324,57,834786,3083547,1260645
3764325,1,834993,3083660,1260692
3764326,4,1695357,3083674,1260705
3764327,9,1695359,3070946,1260705
3764328,11,835144,3083675,1260705
3764329,8,1695376,3083652,1260709
3764330,1,835313,3083716,1260753
3764331,6,835314,3083717,1260753
3764332,3,1696116,3083725,1260766
3764333,8,1697204,3083729,1260785
3764334,8,1700279,3083668,1260798
3764335,11,1700274,3083659,1260798
3764336,14,835824,3083663,1260798
3764337,17,835827,3083664,1260798
3764338,19,1699937,3083665,1260798
3764339,22,835834,3083667,1260798
3764340,1290,1699939,3083661,1260798
3764341,8,1700706,3083790,1260813
3764342,2,835897,3071061,1260815
3764343,5,835903,3071069,1260815
3764344,8,835908,3071071,1260815
3764345,11,835910,3071073,1260815
3764346,14,835912,3071075,1260815
3764347,8,1701073,3083788,1260850
3764348,2,1701221,3083815,1260861
3764349,4,1701315,3048232,1260876
3764350,8,1701319,3048234,1260876
3764351,12,1701322,3048233,1260876
3764352,4,1701338,3048232,1260880
3764353,8,1701342,3048234,1260880
3764354,12,1701345,3048233,1260880
3764355,8,1701567,3083767,1260897
3764356,6,1701695,3083848,1260913
3764357,1,836705,3044819,1260944
3764358,0,1702192,3083879,1260954
3764359,2,1702193,3045939,1260954
3764360,4,1702194,3083881,1260954
3764361,6,1702195,3083883,1260954
3764362,8,1702196,3083885,1260954
3764363,10,1702200,3083887,1260954
3764364,12,1702205,3083889,1260954
3764365,14,1702207,3045561,1260954
3764366,4,1702198,3065448,1260956
3764367,9,1702199,3065449,1260956
3764368,14,1702201,3065452,1260956
3764369,19,1702202,3056020,1260956
3764370,24,1702203,3065455,1260956
3764371,29,1702204,3065458,1260956
3764372,34,1702206,3065453,1260956
3764373,36,836750,3083872,1260956
3764374,6,836765,3083909,1260968
3764375,10,836770,3083912,1260968
3764376,3,836774,3068508,1260971
3764377,8,1702491,3083901,1260991
3764378,10,836843,3083899,1260991
3764379,8,1702564,3083915,1260998
3764380,2,1702591,3083922,1261001
3764381,3,1703087,3061119,1261022
3764382,95,1703111,3061079,1261022
3764383,379,1703184,3061056,1261022
3764384,455,1703204,3061035,1261022
3764385,4,837235,3049432,1261031
3764386,10,837236,3049430,1261031
3764387,2,1703679,3084097,1261039
3764388,1,1704171,3084057,1261071
3764389,2,837439,3084147,1261073
3764390,2,837482,3084164,1261080
3764391,5,837486,3068220,1261080
3764392,8,837488,3068222,1261080
3764393,10,837490,3084165,1261080
3764394,14,1704456,3084166,1261080
3764395,2,1705005,3084171,1261100
3764396,3,1705445,3058244,1261127
3764397,1,837808,3084205,1261132
3764398,6,837810,3084206,1261132
3764399,2,1705605,3054616,1261135
3764400,2,1705629,3084207,1261139
3764401,5,1705630,3084208,1261139
3764402,8,1705631,3084211,1261139
3764403,11,1705632,3084214,1261139
3764404,2,1705731,3084224,1261145
3764405,2,837903,3084227,1261148
3764406,5,837906,3084229,1261148
3764407,11,837919,3084231,1261148
3764408,16,837925,3084233,1261148
3764409,9,1705899,3084217,1261151
3764410,2,837945,3081597,1261162
3764411,4,837947,3081598,1261162
3764412,4,837950,3084235,1261165
3764413,1,1706521,3084032,1261176
3764414,6,1706523,3084034,1261176
3764415,20,1706528,3084035,1261176
3764416,41,1706535,3084038,1261176
3764417,136,1706539,3084041,1261176
3764418,4,1706837,3084330,1261192
3764419,6,838105,3084331,1261192
3764420,5,838141,3084342,1261201
3764421,6,1707760,3084365,1261253
3764422,23,1709404,3084403,1261346
3764423,47,1709406,3084405,1261346
3764424,60,1709407,3084407,1261346
3764425,24,1709471,3084422,1116753
3764426,26,1709472,3084424,1116753
3764427,28,1709473,3084427,1116753
3764428,30,1709474,3084432,1116753
3764429,38,839107,3084427,1116753
3764430,49,1709443,3084422,1116753
3764431,57,1709446,3084424,1116753
3764432,60,839112,3084432,1116753
3764433,65,1709475,3084432,1116753
3764434,0,1709626,3065560,1261347
3764435,2,1709631,3066541,1261347
3764436,4,1709637,3050073,1261347
3764437,6,1709639,3066542,1261347
3764438,8,1709641,3066514,1261347
3764439,10,1709645,3066518,1261347
3764440,12,1709648,3066510,1261347
3764441,14,1709651,3066521,1261347
3764442,16,1709654,3066527,1261347
3764443,18,1709655,3066534,1261347
3764444,20,1709656,3066537,1261347
3764445,22,1709657,3066523,1261347
3764446,24,1709658,3066532,1261347
3764447,26,1709659,3066535,1261347
3764448,28,1709660,3066538,1261347
3764449,30,1709661,3066547,1261347
3764450,32,1709662,3066549,1261347
3764451,34,1709664,3066555,1261347
3764452,36,1709665,3066559,1261347
3764453,38,1709666,3084422,1261347
3764454,40,1709670,3084424,1261347
3764455,42,1709671,3084427,1261347
3764456,44,1709672,3084432,1261347
3764457,4,839581,3084515,1261414
3764458,8,1710465,3084517,1261414
3764459,2,1710882,3045361,1261424
3764460,9,1710981,3044572,1261427
3764461,19,1710982,3043716,1261427
3764462,21,839756,3084553,1261427
3764463,2,1711108,3054646,1261438
3764464,4,1711140,3084489,1261439
3764465,13,1711141,3084489,1261439
3764466,5,1711750,3066216,1261476
3764467,9,840112,3084555,1261476
3764468,14,840121,3084556,1261476
3764469,8,1712306,3084670,1261494
3764470,8,1712543,3084674,1261501
3764471,210,1712539,3048756,1261501
3764472,412,1712540,3048758,1261501
3764473,4,1712974,3084680,1261514
3764474,9,1712975,3084681,1261514
3764475,14,1712976,3084682,1261514
3764476,19,1712977,3084683,1261514
3764477,21,840516,3084684,1261514
3764478,8,1713009,3084659,1261516
3764479,6,1713838,3084739,1261560
3764480,6,1713850,3084741,1261561
3764481,8,1714087,3084722,1261570
3764482,24,1714072,3051033,1261570
3764483,40,1714073,3051021,1261570
3764484,56,1714074,3051022,1261570
3764485,72,1714075,3051023,1261570
3764486,88,1714076,3046762,1261570
3764487,104,1714077,3046766,1261570
3764488,120,1714078,3046768,1261570
3764489,136,1714079,3046769,1261570
3764490,152,1714080,3046755,1261570
3764491,168,1714081,3046770,1261570
3764492,170,841209,3084721,1261570
3764493,190,841214,3084714,1261570
3764494,193,841215,3084717,1261570
3764495,195,1714057,3084719,1261570
3764496,2,841225,3084453,1261588
3764497,5,841226,3084454,1261588
3764498,7,1714259,3084455,1261588
3764499,10,841229,3084485,1261588
3764500,52,1714260,3084486,1261588
3764501,66,841241,3084487,1261588
3764502,67,1714313,3084489,1261588
3764503,4,1714338,3079722,1261599
3764504,9,1714339,3079724,1261599
3764505,11,841253,3084776,1261599
3764506,2,1714370,3084777,1261604
3764507,2,841285,3084758,1261606
3764508,5,1714433,3084783,1261616
3764509,9,1714434,3084784,1261616
3764510,13,1714435,3084785,1261616
3764511,3,1714495,3084790,1261621
3764512,4,1714709,3084797,1261649
3764513,2,1714730,3084801,1261652
3764514,3,1714898,3084836,1261669
3764515,4,1715237,3084912,1261681
3764516,9,1715239,3084917,1261681
3764517,11,841591,3084922,1261681
3764518,8,1715489,3084934,1261701
3764519,19,841693,3084931,1261701
3764520,24,841696,3084932,1261701
3764521,8,1715982,3084896,1261713
3764522,11,841935,3084841,1261713
3764523,2,1716109,3084969,1261722
3764524,6,1716146,3063971,1261727
3764525,13,1716148,3063972,1261727
3764526,20,1716150,3063973,1261727
3764527,27,1716152,3063974,1261727
3764528,29,842045,3084971,1261727
3764529,2,1716205,3084951,1261730
3764530,2,1716329,3065593,1261737
3764531,461,1716715,3085102,1118755
3764532,5,1717556,3085098,1261831
3764533,1,842833,3085097,1261835
3764534,67,1717629,3085104,1261835
3764535,133,1717630,3085106,1261835
3764536,8,1717932,3085127,1261854
3764537,2,842924,3081595,1261858
3764538,4,842926,3081596,1261858
3764539,4,1718395,3085244,1261880
3764540,2,843141,3085060,1261889
3764541,5,1718462,3085067,1261889
3764542,6,1718604,3085281,1261898
3764543,12,843171,3085285,1261898
3764544,12,1718636,3085366,1261900
3764545,15,1718649,3085376,1261900
3764546,17,1718650,3085378,1261900
3764547,19,1718653,3085380,1261900
3764548,21,1718654,3085382,1261900
3764549,24,1718655,3085376,1261900
3764550,26,1718656,3085378,1261900
3764551,28,1718659,3085380,1261900
3764552,30,1718660,3085382,1261900
3764553,4,1718696,3078487,1261909
3764554,9,1718697,3078491,1261909
3764555,14,1718698,3078498,1261909
3764556,19,1718699,3085191,1261909
3764557,21,843180,3085388,1261909
3764558,13,1719491,3085392,1261978
3764559,21,1719492,3085394,1261978
3764560,3,1719826,3085152,1261987
3764561,7,1719929,3085452,1120371
3764562,6,1720843,3085510,1262046
3764563,13,1720844,3085515,1262046
3764564,20,1720845,3085519,1262046
3764565,22,843730,3085522,1262046
3764566,0,1721136,3085173,1262016
3764567,4,1720869,3085173,1262016
3764568,5,1720868,3085175,1262016
3764569,8,1720871,3085173,1262016
3764570,9,1720870,3064240,1262016
3764571,12,1720873,3085173,1262016
3764572,13,1720872,3066182,1262016
3764573,16,1720875,3085173,1262016
3764574,17,1720874,3085177,1262016
3764575,20,1720877,3085173,1262016
3764576,21,1720876,3064250,1262016
3764577,24,1720879,3085173,1262016
3764578,25,1720878,3085179,1262016
3764579,28,1720881,3085173,1262016
3764580,29,1720880,3064246,1262016
3764581,32,1720883,3085173,1262016
3764582,33,1720882,3085181,1262016
3764583,36,1720885,3085173,1262016
3764584,37,1720884,3064255,1262016
3764585,40,1720887,3085173,1262016
3764586,41,1720886,3085183,1262016
3764587,44,1720889,3085173,1262016
3764588,45,1720888,3085185,1262016
3764589,48,1720891,3085173,1262016
3764590,49,1720890,3085187,1262016
3764591,52,1720893,3085173,1262016
3764592,53,1720892,3085189,1262016
3764593,56,1720895,3085173,1262016
3764594,57,1720894,3064555,1262016
3764595,60,1720897,3085173,1262016
3764596,61,1720896,3085192,1262016
3764597,64,1720899,3085173,1262016
3764598,65,1720898,3064552,1262016
3764599,68,1720901,3085173,1262016
3764600,69,1720900,3085194,1262016
3764601,72,1720903,3085173,1262016
3764602,73,1720902,3062316,1262016
3764603,76,1720905,3085173,1262016
3764604,77,1720904,3065367,1262016
3764605,80,1720907,3085173,1262016
3764606,81,1720906,3085196,1262016
3764607,84,1720909,3085173,1262016
3764608,85,1720908,3085198,1262016
3764609,88,1720911,3085173,1262016
3764610,89,1720910,3085200,1262016
3764611,92,1720913,3085173,1262016
3764612,93,1720912,3085202,1262016
3764613,96,1720915,3085173,1262016
3764614,97,1720914,3085204,1262016
3764615,100,1720917,3085173,1262016
3764616,101,1720916,3064549,1262016
3764617,104,1720919,3085173,1262016
3764618,105,1720918,3077861,1262016
3764619,108,1720921,3085173,1262016
3764620,109,1720920,3065365,1262016
3764621,112,1720923,3085173,1262016
3764622,113,1720922,3085206,1262016
3764623,116,1720925,3085173,1262016
3764624,117,1720924,3085208,1262016
3764625,120,1720927,3085173,1262016
3764626,121,1720926,3085210,1262016
3764627,124,1720929,3085173,1262016
3764628,125,1720928,3064258,1262016
3764629,128,1720931,3085173,1262016
3764630,129,1720930,3085212,1262016
3764631,132,1720933,3085173,1262016
3764632,133,1720932,3085214,1262016
3764633,136,1720935,3085173,1262016
3764634,137,1720934,3085216,1262016
3764635,140,1720937,3085173,1262016
3764636,141,1720936,3085218,1262016
3764637,144,1720939,3085173,1262016
3764638,145,1720938,3085220,1262016
3764639,148,1720941,3085173,1262016
3764640,149,1720940,3085222,1262016
3764641,152,1720943,3085173,1262016
3764642,153,1720942,3085224,1262016
3764643,156,1720945,3085173,1262016
3764644,157,1720944,3064594,1262016
3764645,160,1720947,3085173,1262016
3764646,161,1720946,3085227,1262016
3764647,164,1721073,3085235,1262016
3764648,168,843740,3085241,1262016
3764649,172,843741,3085245,1262016
3764650,176,843742,3085247,1262016
3764651,180,843743,3085249,1262016
3764652,184,843744,3085251,1262016
3764653,188,843745,3085253,1262016
3764654,192,843746,3085255,1262016
3764655,196,843747,3085257,1262016
3764656,200,843748,3085259,1262016
3764657,204,843749,3085261,1262016
3764658,208,843750,3085263,1262016
3764659,212,843751,3085265,1262016
3764660,216,843752,3085267,1262016
3764661,220,843753,3085269,1262016
3764662,224,843754,3085271,1262016
3764663,228,843755,3085273,1262016
3764664,232,1721074,3085275,1262016
3764665,236,1721075,3085277,1262016
3764666,238,1720966,3085309,1262016
3764667,8,1721393,3085540,1262064
3764668,4,1721646,3085620,1262088
3764669,9,1721647,3085621,1262088
3764670,14,1721648,3085622,1262088
3764671,19,1721649,3085623,1262088
3764672,21,843989,3085624,1262088
3764673,1276,1721069,3085356,1262016
3764674,1279,1721071,3085370,1262016
3764675,2,1722523,3085662,1262142
3764676,8,1722524,3085661,1262142
3764677,15,1722525,3085664,1262142
3764678,11,1722927,3085765,1262165
3764679,2,1724098,3046915,1262232
3764680,2,845252,3085809,1262248
3764681,18,1724536,3085835,1262248
3764682,34,1724537,3085838,1262248
3764683,1,845267,3063547,1262252
3764684,3,1724689,3085782,1262261
3764685,6,845338,3085786,1262261
3764686,8,845443,3085933,1262274
3764687,0,1724921,3085933,1262276
3764688,8,1725110,3085947,1262294
3764689,45,1726261,3085953,1262348
3764690,50,1726262,3082107,1262348
3764691,55,1726263,3082110,1262348
3764692,8,1727327,3085985,1262374
3764693,2,845957,3046765,1262378
3764694,3,845968,3086137,1262382
3764695,4,845968,3086136,1262382
3764696,6,845970,3086137,1122295
3764697,13,1727568,3085868,1262384
3764698,28,1727569,3085869,1262384
3764699,48,1727574,3085870,1262384
3764700,69,1727579,3085871,1262384
3764701,85,1727580,3059868,1262384
3764702,97,1727581,3085872,1262384
3764703,4,1727693,3059242,1262389
3764704,3,1727699,3086120,1262388
3764705,5,1727700,3086126,1262388
3764706,9,1727694,3059244,1262389
3764707,14,1727695,3059243,1262389
3764708,16,846005,3086148,1262389
3764709,8,1727703,3086120,1262388
3764710,12,846006,3086126,1262388
3764711,15,1727692,3086130,1262388
3764712,2,1727728,3086166,1262392
3764713,262,1727613,3086113,1262385
3764714,2,846052,3086187,1262409
3764715,5,846053,3086190,1262409
3764716,19,1728670,3086183,1262414
3764717,135,846137,3086185,1262414
3764718,1,1728793,3086189,1262419
3764719,3,1728794,3086192,1262419
3764720,5,1728795,3086195,1262419
3764721,39,1728796,3086196,1262419
3764722,2,846503,3086201,1262425
3764723,4,1729643,3066412,1262433
3764724,9,1729644,3070778,1262433
3764725,11,846552,3086245,1262433
3764726,2,1730454,3086313,1262477
3764727,12,1730500,3086306,1122727
3764728,2,1730594,3086303,1262487
3764729,1,1730769,3086333,1262497
3764730,4,1731183,3086338,1262512
3764731,9,1731184,3086339,1262512
3764732,14,1731185,3086340,1262512
3764733,19,1731186,3086341,1262512
3764734,21,847304,3086342,1262512
3764735,8,1731600,3086165,1262522
3764736,12,1731542,3086146,1262522
3764737,14,847402,3086147,1262522
3764738,21,1731596,3086149,1262522
3764739,57,1731543,3086156,1262522
3764740,93,1731544,3086157,1262522
3764741,129,1731545,3086158,1262522
3764742,135,1731549,3086151,1262522
3764743,137,1731550,3086152,1262522
3764744,179,1731603,3086154,1262522
3764745,8,1731794,3086332,1262530
3764746,8,1732193,3086412,1262577
3764747,12,1732188,3086403,1262577
3764748,15,1732190,3086409,1262577
3764749,17,847648,3086410,1262577
3764750,9,1732212,3074848,1123329
3764751,17,1732282,3086358,1262586
3764752,2,847744,3086436,1262594
3764753,4,1732520,3086437,1262594
3764754,3,1732528,3086452,1262595
3764755,23,1732650,3086463,1262604
3764756,8,1733031,3086513,1262634
3764757,11,1733026,3086511,1262634
3764758,14,1733027,3086512,1262634
3764759,8,1733171,3086486,1262640
3764760,9,1733176,3086485,1262640
3764761,22,1733173,3086485,1262640
3764762,26,1733179,3086485,1262640
3764763,5,1733293,3086518,1262663
3764764,9,848045,3086519,1262663
3764765,13,848046,3086520,1262663
3764766,15,1733294,3083076,1262663
3764767,8,1733622,3086543,1262690
3764768,4,1733782,3086632,1262700
3764769,6,848274,3086635,1262700
3764770,4,1733813,3086636,1262705
3764771,9,1733814,3086637,1262705
3764772,11,848292,3086638,1262705
3764773,13,848295,3045935,1262705
3764774,3,1733946,3086641,1262710
3764775,8,1734162,3086629,1262724
3764776,10,1734158,3086552,1262724
3764777,13,848393,3057707,1262724
3764778,16,848395,3086553,1262724
3764779,19,848396,3086557,1262724
3764780,22,848397,3057723,1262724
3764781,25,848398,3057713,1262724
3764782,28,848399,3057757,1262724
3764783,31,848400,3057774,1262724
3764784,34,848401,3057776,1262724
3764785,38,1734159,3086559,1262724
3764786,2,848607,3086810,1262740
3764787,4,848609,3086811,1262740
3764788,8,1734719,3086812,1262740
3764789,5,1734890,3086817,1262759
3764790,9,1734894,3086818,1262759
3764791,13,1734895,3086820,1262759
3764792,17,1734897,3086821,1262759
3764793,21,1734898,3086824,1262759
3764794,25,1734900,3086825,1262759
3764795,31,1734902,3086826,1262759
3764796,35,1734905,3086827,1262759
3764797,39,1734906,3086828,1262759
3764798,43,1734908,3086829,1262759
3764799,47,1734910,3086830,1262759
3764800,51,1734911,3086831,1262759
3764801,55,1734912,3086832,1262759
3764802,59,1734913,3086833,1262759
3764803,63,1734914,3086834,1262759
3764804,67,1734915,3086478,1262759
3764805,71,1734916,3086480,1262759
3764806,75,1734917,3086482,1262759
3764807,79,1734919,3086835,1262759
3764808,4,1735363,3086857,1262783
3764809,9,1735364,3086860,1262783
3764810,14,1735365,3086863,1262783
3764811,19,1735366,3086864,1262783
3764812,21,848909,3086865,1262783
3764813,8,1735394,3083844,1262786
3764814,4,848981,3086866,1262803
3764815,4,1735656,3048778,1262823
3764816,9,1735657,3048781,1262823
3764817,14,1735658,3048782,1262823
3764818,19,1735659,3048779,1262823
3764819,21,849083,3086874,1262823
3764820,5,1735705,3086716,1262825
3764821,5,1736012,3086850,1262833
3764822,11,1736014,3086852,1262833
3764823,14,849260,3045550,1262833
3764824,17,849261,3061379,1262833
3764825,20,849263,3061377,1262833
3764826,8,1736133,3086896,1262840
3764827,10,1736128,3086893,1262840
3764828,8,1736566,3086956,1262864
3764829,11,849576,3086921,1262864
3764830,14,1736563,3086938,1262864
3764831,4,849706,3086891,1262878
3764832,8,1736998,3086728,1262891
3764833,11,1736995,3086712,1262891
3764834,14,849796,3086714,1262891
3764835,19,849799,3086725,1262891
3764836,2,849952,3086983,1262915
3764837,4,849954,3086984,1262915
3764838,2,1737684,3076034,1262939
3764839,6,1737932,3086986,1262950
3764840,11,850278,3087042,1262955
3764841,14,1738000,3087042,1262955
3764842,11,1738016,3059502,1262957
3764843,2,1738180,3059505,1262968
3764844,8,1738222,3086919,1262973
3764845,9,1738228,3086887,1262973
3764846,12,1738193,3086889,1262973
3764847,16,850394,3086897,1262973
3764848,20,1738195,3086902,1262973
3764849,48,850400,3086904,1262973
3764850,51,1738197,3086905,1262973
3764851,54,1738199,3086907,1262973
3764852,57,1738201,3086909,1262973
3764853,60,1738204,3086911,1262973
3764854,63,1738218,3086913,1262973
3764855,68,1738219,3086915,1262973
3764856,71,1738220,3086917,1262973
3764857,73,1738234,3086915,1262973
3764858,75,1738235,3086917,1262973
3764859,1,850405,3087049,1262983
3764860,81,1738206,3050219,1262973
3764861,41,1738262,3087048,1262984
3764862,50,1738266,3087047,1262984
3764863,2,1738384,3087058,1263001
3764864,5,850476,3087063,1263001
3764865,8,850477,3087065,1263001
3764866,11,850480,3087067,1263001
3764867,14,850484,3087069,1263001
3764868,51,850519,3087061,1263001
3764869,2,850567,3087060,1263011
3764870,129,1738749,3086963,1263031
3764871,133,1738750,3086964,1263031
3764872,137,1738751,3086965,1263031
3764873,141,1738752,3086966,1263031
3764874,145,1738753,3086967,1263031
3764875,149,1738755,3086968,1263031
3764876,153,1738756,3086969,1263031
3764877,157,1738757,3086970,1263031
3764878,161,1738758,3086971,1263031
3764879,165,1738761,3086972,1263031
3764880,169,1738762,3086973,1263031
3764881,173,1738763,3086974,1263031
3764882,177,1738767,3086975,1263031
3764883,61,1738984,3087097,1263047
3764884,142,1739010,3087097,1124950
3764885,144,1739090,3087097,1124950
3764886,151,1739363,3087272,1263056
3764887,155,1739364,3087276,1263056
3764888,159,1739365,3087282,1263056
3764889,163,1739366,3087288,1263056
3764890,167,1739368,3087293,1263056
3764891,171,1739369,3087298,1263056
3764892,175,1739371,3087304,1263056
3764893,179,1739372,3080269,1263056
3764894,183,1739374,3087308,1263056
3764895,187,1739375,3087309,1263056
3764896,191,1739376,3087312,1263056
3764897,195,1739378,3087315,1263056
3764898,199,1739379,3087318,1263056
3764899,203,1739380,3087319,1263056
3764900,207,1739381,3087320,1263056
3764901,211,1739382,3087321,1263056
3764902,215,1739383,3087322,1263056
3764903,219,1739384,3087323,1263056
3764904,223,1739385,3087324,1263056
3764905,227,1739387,3087325,1263056
3764906,231,1739388,3087326,1263056
3764907,235,1739389,3087327,1263056
3764908,239,1739390,3087328,1263056
3764909,243,1739391,3087329,1263056
3764910,247,1739392,3087330,1263056
3764911,251,1739393,3087331,1263056
3764912,255,1739394,3087332,1263056
3764913,259,1739395,3087333,1263056
3764914,263,1739396,3087334,1263056
3764915,267,1739397,3087335,1263056
3764916,271,1739398,3087336,1263056
3764917,275,1739399,3087337,1263056
3764918,279,1739400,3087338,1263056
3764919,283,1739401,3087339,1263056
3764920,287,1739402,3087340,1263056
3764921,291,1739403,3087341,1263056
3764922,295,1739404,3087342,1263056
3764923,299,1739405,3087343,1263056
3764924,303,1739406,3087344,1263056
3764925,307,1739407,3087345,1263056
3764926,311,1739408,3087346,1263056
3764927,315,1739409,3087347,1263056
3764928,319,1739410,3087348,1263056
3764929,323,1739411,3087349,1263056
3764930,327,1739412,3087351,1263056
3764931,331,1739413,3087353,1263056
3764932,335,1739414,3087355,1263056
3764933,339,1739415,3087357,1263056
3764934,343,1739416,3087358,1263056
3764935,347,1739417,3087359,1263056
3764936,351,1739418,3087360,1263056
3764937,355,1739419,3087361,1263056
3764938,359,1739420,3080262,1263056
3764939,363,1739421,3087362,1263056
3764940,367,1739422,3087363,1263056
3764941,371,1739423,3087364,1263056
3764942,375,1739424,3087365,1263056
3764943,379,1739425,3087366,1263056
3764944,383,1739426,3087367,1263056
3764945,387,1739427,3087368,1263056
3764946,391,1739428,3087369,1263056
3764947,395,1739429,3087370,1263056
3764948,399,1739430,3087371,1263056
3764949,403,1739431,3087372,1263056
3764950,407,1739432,3087373,1263056
3764951,411,1739433,3087374,1263056
3764952,415,1739434,3087375,1263056
3764953,8,1739649,3087307,1263068
3764954,419,1739435,3087376,1263056
3764955,423,1739436,3087377,1263056
3764956,427,1739437,3087378,1263056
3764957,431,1739438,3087379,1263056
3764958,435,1739439,3087380,1263056
3764959,439,1739440,3087381,1263056
3764960,443,1739441,3087383,1263056
3764961,447,1739442,3087384,1263056
3764962,451,1739443,3087385,1263056
3764963,453,1739444,3087386,1263056
3764964,455,1739445,3087388,1263056
3764965,457,1739446,3087390,1263056
3764966,459,1739447,3087392,1263056
3764967,461,1739448,3087394,1263056
3764968,463,1739449,3087395,1263056
3764969,465,1739450,3087397,1263056
3764970,467,1739451,3087399,1263056
3764971,469,1739452,3087401,1263056
3764972,471,1739453,3087403,1263056
3764973,473,1739454,3087405,1263056
3764974,475,1739455,3087407,1263056
3764975,477,1739456,3087409,1263056
3764976,479,1739457,3087410,1263056
3764977,481,1739458,3087411,1263056
3764978,483,1739459,3087413,1263056
3764979,485,1739460,3087415,1263056
3764980,487,1739461,3087417,1263056
3764981,489,1739462,3087418,1263056
3764982,491,1739463,3087420,1263056
3764983,493,1739464,3087422,1263056
3764984,495,1739465,3087424,1263056
3764985,497,1739466,3087426,1263056
3764986,499,1739468,3087428,1263056
3764987,501,1739469,3087430,1263056
3764988,503,1739470,3087432,1263056
3764989,505,1739471,3087434,1263056
3764990,507,1739472,3087435,1263056
3764991,509,1739473,3087437,1263056
3764992,511,1739474,3087438,1263056
3764993,513,1739475,3087440,1263056
3764994,515,1739476,3087441,1263056
3764995,517,1739477,3087443,1263056
3764996,519,1739478,3087445,1263056
3764997,521,1739479,3087447,1263056
3764998,3,1739651,3087525,1263069
3764999,523,1739480,3087449,1263056
3765000,525,1739481,3087451,1263056
3765001,527,1739482,3087453,1263056
3765002,529,1739483,3087455,1263056
3765003,531,1739484,3087457,1263056
3765004,533,1739485,3087459,1263056
3765005,535,1739486,3087461,1263056
3765006,537,1739487,3087463,1263056
3765007,539,1739488,3087465,1263056
3765008,541,1739489,3087467,1263056
3765009,543,1739490,3087469,1263056
3765010,545,1739491,3087471,1263056
3765011,547,1739492,3087474,1263056
3765012,549,1739493,3087476,1263056
3765013,551,1739494,3087477,1263056
3765014,553,1739495,3087480,1263056
3765015,555,1739496,3087482,1263056
3765016,557,1739497,3087485,1263056
3765017,71,1739669,3087524,1263069
3765018,559,1739498,3087487,1263056
3765019,561,1739499,3087489,1263056
3765020,563,1739500,3087491,1263056
3765021,565,1739501,3087493,1263056
3765022,567,1739502,3087495,1263056
3765023,569,1739503,3087497,1263056
3765024,571,1739504,3087499,1263056
3765025,573,1739505,3087501,1263056
3765026,575,1739506,3087503,1263056
3765027,577,1739507,3087505,1263056
3765028,579,1739508,3087507,1263056
3765029,581,1739509,3087509,1263056
3765030,583,1739510,3087511,1263056
3765031,585,1739511,3087513,1263056
3765032,587,1739512,3087515,1263056
3765033,589,1739513,3087517,1263056
3765034,591,1739514,3087519,1263056
3765035,593,1739515,3087520,1263056
3765036,595,1739516,3087522,1263056
3765037,19,850965,3087530,1263072
3765038,1,851050,3087093,1263082
3765039,4,1739985,3087093,1263082
3765040,1,851077,3087264,1263083
3765041,4,851078,3087306,1263083
3765042,2,1740051,3087532,1263089
3765043,3,1740057,3064908,1263090
3765044,2,1740437,3087540,1263113
3765045,2,1740509,3070160,1263117
3765046,5,1740617,3087585,1263142
3765047,5,1740620,3087589,1263143
3765048,7,1740786,3087595,1125367
3765049,78,851266,3087603,1125450
3765050,3,1741439,3087574,1263165
3765051,7,1741440,3087581,1263165
3765052,10,1741441,3087591,1263165
3765053,17,1741442,3087599,1263165
3765054,5,1741514,3062296,1263176
3765055,3,1741743,3076037,1263189
3765056,7,1741745,3076035,1263189
3765057,2,1741883,3050717,1263204
3765058,8,1742604,3087638,1263222
3765059,3,1742826,3087687,1263247
3765060,7,1742827,3087689,1263247
3765061,13,1742828,3087690,1263247
3765062,19,1742829,3087691,1263247
3765063,1,1743783,3087703,1263281
3765064,3,1743784,3087704,1263281
3765065,6,1744246,3087750,1263323
3765066,3,1744466,3077574,1263348
3765067,3,1744739,3087758,1263356
3765068,7,1744740,3087759,1263356
3765069,11,1744741,3073068,1263356
3765070,15,1744742,3052350,1263356
3765071,19,1744743,3087760,1263356
3765072,23,1744744,3087762,1263356
3765073,27,1744745,3075120,1263356
3765074,31,1744746,3067481,1263356
3765075,35,1744747,3087764,1263356
3765076,39,1744749,3079691,1263356
3765077,43,1744750,3087766,1263356
3765078,47,1744751,3087767,1263356
3765079,51,1744752,3087768,1263356
3765080,55,1744753,3087770,1263356
3765081,59,1744755,3087772,1263356
3765082,63,1744756,3059942,1263356
3765083,67,1744757,3087774,1263356
3765084,71,1744758,3080565,1263356
3765085,75,1744759,3069083,1263356
3765086,79,1744760,3059914,1263356
3765087,83,1744761,3087776,1263356
3765088,87,1744762,3087778,1263356
3765089,91,1744763,3050122,1263356
3765090,95,1744765,3087780,1263356
3765091,99,1744766,3087782,1263356
3765092,103,1744767,3073898,1263356
3765093,107,1744768,3087784,1263356
3765094,111,1744769,3087785,1263356
3765095,115,1744770,3077528,1263356
3765096,119,1744772,3083863,1263356
3765097,123,1744773,3087787,1263356
3765098,127,1744774,3055476,1263356
3765099,131,1744775,3087789,1263356
3765100,135,1744776,3087791,1263356
3765101,139,1744777,3087794,1263356
3765102,143,1744778,3087797,1263356
3765103,147,1744780,3068395,1263356
3765104,151,1744781,3044012,1263356
3765105,155,1744783,3087801,1263356
3765106,159,1744784,3087802,1263356
3765107,163,1744785,3057135,1263356
3765108,167,1744786,3087804,1263356
3765109,171,1744787,3072334,1263356
3765110,175,1744788,3087805,1263356
3765111,179,1744789,3066909,1263356
3765112,183,1744790,3071225,1263356
3765113,187,1744791,3083272,1263356
3765114,191,1744792,3087807,1263356
3765115,195,1744793,3084319,1263356
3765116,199,1744794,3086413,1263356
3765117,203,1744795,3071231,1263356
3765118,207,1744796,3048682,1263356
3765119,211,1744797,3087809,1263356
3765120,215,1744798,3087811,1263356
3765121,219,1744799,3067833,1263356
3765122,223,1744800,3087813,1263356
3765123,227,1744801,3087815,1263356
3765124,231,1744802,3087817,1263356
3765125,235,1744803,3087819,1263356
3765126,239,1744804,3087821,1263356
3765127,243,1744805,3087823,1263356
3765128,247,1744806,3087825,1263356
3765129,251,1744807,3087828,1263356
3765130,1,852188,3060455,1263396
3765131,4,1747844,3060456,1263396
3765132,12,1748022,3088005,1126404
3765133,5,852310,3088007,1263421
3765134,8,1749036,3087996,1263426
3765135,11,852447,3087968,1263426
3765136,14,852449,3087972,1263426
3765137,19,1749023,3087974,1263426
3765138,24,1749024,3087976,1263426
3765139,29,1749025,3087978,1263426
3765140,36,1749026,3087980,1263426
3765141,43,1749027,3087982,1263426
3765142,46,1749028,3087984,1263426
3765143,51,1749029,3087986,1263426
3765144,56,1749030,3087988,1263426
3765145,61,1749031,3087990,1263426
3765146,66,1749032,3087992,1263426
3765147,71,1749033,3087994,1263426
3765148,100,1749983,3088053,1263446
3765149,8,1750320,3088055,1263452
3765150,5,1750916,3051412,1263466
3765151,11,1750917,3051411,1263466
3765152,17,1750919,3059867,1263466
3765153,23,1750920,3066923,1263466
3765154,29,1750921,3051347,1263466
3765155,35,1750922,3051444,1263466
3765156,41,1750923,3064315,1263466
3765157,47,1750924,3064478,1263466
3765158,53,1750925,3088067,1263466
3765159,59,1750926,3059889,1263466
3765160,61,853079,3088069,1263466
3765161,2,1751459,3088088,1263505
3765162,3,1752255,3088010,1263522
3765163,7,853625,3088014,1263522
3765164,11,853627,3044951,1263522
3765165,15,853628,3046596,1263522
3765166,19,853629,3088016,1263522
3765167,23,853632,3046606,1263522
3765168,27,853633,3046618,1263522
3765169,31,853634,3046612,1263522
3765170,35,853635,3068519,1263522
3765171,39,853639,3088018,1263522
3765172,43,853640,3088020,1263522
3765173,47,853641,3088022,1263522
3765174,51,853642,3088024,1263522
3765175,55,853643,3088026,1263522
3765176,59,853645,3088028,1263522
3765177,63,853647,3088030,1263522
3765178,67,853648,3088032,1263522
3765179,71,853649,3088034,1263522
3765180,75,853654,3088036,1263522
3765181,77,1752275,3088038,1263522
3765182,2,853691,3087892,1263528
3765183,19,1752519,3087893,1263528
3765184,21,853714,3063698,1263528
3765185,26,853725,3087917,1263528
3765186,31,853726,3087919,1263528
3765187,36,853728,3087921,1263528
3765188,41,853733,3087923,1263528
3765189,46,853742,3087924,1263528
3765190,50,853745,3087926,1263528
3765191,64,1752548,3087927,1263528
3765192,1,853763,3060450,1263537
3765193,4,1753079,3048009,1263537
3765194,4,1753128,3088098,1263543
3765195,9,1753129,3088100,1263543
3765196,14,1753130,3088104,1263543
3765197,16,853782,3088106,1263543
3765198,13,1754798,3088139,1263560
3765199,2053,1753549,3085463,1263550
3765200,8,1755052,3088151,1263575
3765201,10,1755049,3088144,1263575
3765202,4,1755189,3049199,1263588
3765203,9,1755190,3049204,1263588
3765204,14,1755191,3049207,1263588
3765205,1,854406,3088190,1263592
3765206,6,854409,3088191,1263592
3765207,36,1756155,3088242,1263607
3765208,4,1756875,3076472,1263639
3765209,9,1756876,3076474,1263639
3765210,14,1756877,3067241,1263639
3765211,19,1756878,3076473,1263639
3765212,21,855481,3088310,1263639
3765213,3,1756887,3088311,1263641
3765214,4,1756971,3088302,1263645
3765215,7,1756972,3088300,1263645
3765216,3,1757181,3088268,1263660
3765217,7,1757182,3088270,1263660
3765218,11,1757183,3088272,1263660
3765219,15,1757184,3088279,1263660
3765220,3,1757420,3088621,1263664
3765221,12,855887,3052818,1263662
3765222,1,855981,3088663,1263702
3765223,5,1757719,3088330,1263704
3765224,6,1757721,3088621,1263704
3765225,0,1757723,3088330,1263706
3765226,2,1758089,3088740,1263740
3765227,1,856456,3088743,1263753
3765228,4,1758655,3064687,1263767
3765229,16,1758814,3088747,1263785
3765230,2,1759175,3088705,1263798
3765231,6,1759176,3088707,1263798
3765232,3,1759354,3064747,1263817
3765233,1,856868,3088040,1263826
3765234,4,856870,3088041,1263826
3765235,2,1759787,3088876,1263861
3765236,8,1759893,3088872,1263867
3765237,2,1760092,3088870,1263876
3765238,2,1760127,3088877,1263881
3765239,5,1760128,3088878,1263881
3765240,8,1760129,3088879,1263881
3765241,11,1760130,3088880,1263881
3765242,14,1760132,3088882,1263881
3765243,17,1760133,3088884,1263881
3765244,20,1760134,3088886,1263881
3765245,23,1760135,3088889,1263881
3765246,26,1760136,3088892,1263881
3765247,29,1760137,3088893,1263881
3765248,32,1760138,3088894,1263881
3765249,35,1760139,3088896,1263881
3765250,13,1760178,3088912,1263888
3765251,27,1760179,3088913,1263888
3765252,2,857076,3088916,1263903
3765253,8,1761148,3088919,1263928
3765254,8,1761281,3088940,1263939
3765255,2,857396,3089059,1263948
3765256,2,1761371,3088942,1263949
3765257,7,857418,3088943,1263949
3765258,9,857423,3088945,1263949
3765259,0,1761604,3088954,1263966
3765260,8,857539,3088954,1263967
3765261,12,1761782,3089152,1130703
3765262,2,857615,3088956,1263973
3765263,5,857617,3088958,1263973
3765264,8,857622,3070125,1263973
3765265,11,857623,3088960,1263973
3765266,14,857624,3088963,1263973
3765267,17,857625,3088966,1263973
3765268,20,857626,3088968,1263973
3765269,23,857627,3088971,1263973
3765270,26,857628,3088974,1263973
3765271,29,857629,3088977,1263973
3765272,32,857630,3088979,1263973
3765273,35,857631,3088983,1263973
3765274,38,857633,3088987,1263973
3765275,41,857634,3088990,1263973
3765276,44,857635,3083614,1263973
3765277,47,857639,3058127,1263973
3765278,50,857643,3058129,1263973
3765279,53,857646,3088995,1263973
3765280,56,857647,3088998,1263973
3765281,59,857649,3089002,1263973
3765282,62,857652,3089005,1263973
3765283,65,857655,3089008,1263973
3765284,68,857656,3089011,1263973
3765285,71,857660,3089013,1263973
3765286,74,857661,3089016,1263973
3765287,77,857662,3089018,1263973
3765288,80,857666,3089020,1263973
3765289,83,857667,3089023,1263973
3765290,86,857668,3089026,1263973
3765291,89,857669,3089028,1263973
3765292,92,857670,3089031,1263973
3765293,1,1762097,3089263,1263982
3765294,5,1762241,3089337,1263993
3765295,3,857891,3089303,1264008
3765296,15,1762419,3089305,1264008
3765297,5,1763020,3089355,1264031
3765298,0,1763066,3089152,1264041
3765299,2,1763090,3089358,1264044
3765300,5,1763198,3088962,1264033
3765301,11,1763199,3088965,1264033
3765302,17,1763200,3088970,1264033
3765303,23,1763201,3088973,1264033
3765304,29,1763202,3088976,1264033
3765305,9,858029,3089364,1264059
3765306,35,1763203,3088981,1264033
3765307,41,1763204,3088982,1264033
3765308,47,1763205,3088985,1264033
3765309,53,1763206,3088986,1264033
3765310,59,1763207,3088989,1264033
3765311,65,1763208,3088992,1264033
3765312,71,1763209,3088993,1264033
3765313,77,1763210,3088994,1264033
3765314,83,1763211,3088997,1264033
3765315,89,1763212,3089000,1264033
3765316,95,1763213,3089001,1264033
3765317,101,1763214,3072326,1264033
3765318,107,1763215,3051287,1264033
3765319,113,1763216,3045961,1264033
3765320,119,1763217,3079233,1264033
3765321,125,1763218,3089004,1264033
3765322,131,1763219,3073688,1264033
3765323,137,1763220,3089007,1264033
3765324,143,1763221,3089010,1264033
3765325,149,1763222,3089015,1264033
3765326,155,1763223,3089022,1264033
3765327,161,1763224,3089025,1264033
3765328,167,1763225,3089030,1264033
3765329,173,1763226,3051289,1264033
3765330,179,1763227,3089033,1264033
3765331,185,1763228,3051293,1264033
3765332,191,1763229,3089034,1264033
3765333,197,1763230,3089035,1264033
3765334,203,1763231,3089036,1264033
3765335,209,1763232,3089037,1264033
3765336,215,1763233,3051294,1264033
3765337,221,1763234,3045955,1264033
3765338,227,1763235,3089038,1264033
3765339,233,1763236,3089039,1264033
3765340,239,1763237,3089040,1264033
3765341,245,1763238,3057521,1264033
3765342,251,1763239,3045951,1264033
3765343,257,1763240,3045952,1264033
3765344,263,1763241,3045953,1264033
3765345,269,1763242,3089041,1264033
3765346,275,1763243,3089042,1264033
3765347,281,1763244,3089043,1264033
3765348,287,1763245,3089044,1264033
3765349,295,1763246,3045954,1264033
3765350,301,1763247,3089045,1264033
3765351,307,1763248,3089046,1264033
3765352,313,1763249,3089047,1264033
3765353,319,1763250,3089048,1264033
3765354,325,1763251,3089049,1264033
3765355,331,1763252,3089050,1264033
3765356,339,1763253,3057524,1264033
3765357,347,1763254,3089051,1264033
3765358,353,1763255,3089052,1264033
3765359,361,1763256,3089053,1264033
3765360,369,1763257,3089054,1264033
3765361,377,1763258,3089055,1264033
3765362,1,858089,3089389,1264074
3765363,385,1763259,3089056,1264033
3765364,395,1763260,3089061,1264033
3765365,403,1763261,3089064,1264033
3765366,413,1763262,3089065,1264033
3765367,421,1763263,3089066,1264033
3765368,429,1763264,3089067,1264033
3765369,437,1763265,3089068,1264033
3765370,445,1763266,3089069,1264033
3765371,455,1763267,3089070,1264033
3765372,463,1763268,3089071,1264033
3765373,8,1763949,3089394,1264079
3765374,473,1763269,3089072,1264033
3765375,481,1763270,3089073,1264033
3765376,489,1763271,3089074,1264033
3765377,497,1763273,3089075,1264033
3765378,505,1763274,3089076,1264033
3765379,515,1763275,3089077,1264033
3765380,523,1763276,3089078,1264033
3765381,533,1763277,3089079,1264033
3765382,543,1763278,3089080,1264033
3765383,553,1763280,3089082,1264033
3765384,563,1763281,3089083,1264033
3765385,573,1763282,3089085,1264033
3765386,583,1763283,3089086,1264033
3765387,593,1763284,3089087,1264033
3765388,601,1763285,3089088,1264033
3765389,609,1763286,3089089,1264033
3765390,617,1763287,3089090,1264033
3765391,625,1763288,3089091,1264033
3765392,631,1763289,3089092,1264033
3765393,637,1763290,3089093,1264033
3765394,645,1763291,3089094,1264033
3765395,653,1763292,3089095,1264033
3765396,661,1763293,3089096,1264033
3765397,669,1763294,3089098,1264033
3765398,677,1763295,3089099,1264033
3765399,685,1763296,3089100,1264033
3765400,691,1763297,3089101,1264033
3765401,697,1763298,3089102,1264033
3765402,703,1763299,3089103,1264033
3765403,709,1763300,3089104,1264033
3765404,717,1763301,3089105,1264033
3765405,8,1764262,3089404,1264088
3765406,725,1763302,3089106,1264033
3765407,733,1763303,3089107,1264033
3765408,741,1763304,3089108,1264033
3765409,749,1763305,3089111,1264033
3765410,757,1763306,3089117,1264033
3765411,765,1763307,3089121,1264033
3765412,773,1763308,3089124,1264033
3765413,781,1763309,3089127,1264033
3765414,789,1763310,3089130,1264033
3765415,797,1763311,3089132,1264033
3765416,805,1763312,3089135,1264033
3765417,813,1763313,3089138,1264033
3765418,819,1763314,3089141,1264033
3765419,825,1763315,3089146,1264033
3765420,831,1763316,3089149,1264033
3765421,837,1763317,3089151,1264033
3765422,843,1763318,3089154,1264033
3765423,849,1763319,3089155,1264033
3765424,855,1763320,3089156,1264033
3765425,865,1763321,3089157,1264033
3765426,871,1763322,3089158,1264033
3765427,877,1763323,3089159,1264033
3765428,883,1763324,3089160,1264033
3765429,889,1763325,3089161,1264033
3765430,897,1763326,3089162,1264033
3765431,905,1763327,3089163,1264033
3765432,915,1763328,3089164,1264033
3765433,921,1763329,3089165,1264033
3765434,927,1763330,3089166,1264033
3765435,933,1763331,3089167,1264033
3765436,939,1763332,3089168,1264033
3765437,945,1763333,3089169,1264033
3765438,951,1763334,3089084,1264033
3765439,957,1763335,3089170,1264033
3765440,963,1763336,3089171,1264033
3765441,969,1763337,3089172,1264033
3765442,975,1763338,3089173,1264033
3765443,981,1763339,3089174,1264033
3765444,987,1763340,3089175,1264033
3765445,993,1763341,3089176,1264033
3765446,999,1763342,3089184,1264033
3765447,1005,1763343,3089185,1264033
3765448,1011,1763344,3071711,1264033
3765449,1017,1763345,3071712,1264033
3765450,1023,1763346,3071713,1264033
3765451,8,1764602,3089409,1264105
3765452,1029,1763347,3071714,1264033
3765453,1035,1763348,3071715,1264033
3765454,1041,1763349,3071716,1264033
3765455,1047,1763350,3071717,1264033
3765456,16,1764604,3089407,1264106
3765457,1053,1763351,3071718,1264033
3765458,1059,1763352,3071719,1264033
3765459,1065,1763353,3071720,1264033
3765460,1071,1763354,3071721,1264033
3765461,1077,1763355,3089186,1264033
3765462,1083,1763356,3089187,1264033
3765463,1089,1763357,3071722,1264033
3765464,1095,1763358,3071723,1264033
3765465,1103,1763359,3089188,1264033
3765466,1111,1763360,3089189,1264033
3765467,1117,1763361,3089190,1264033
3765468,1123,1763362,3089191,1264033
3765469,1129,1763363,3089194,1264033
3765470,1135,1763365,3071724,1264033
3765471,1141,1763366,3089195,1264033
3765472,1147,1763367,3089196,1264033
3765473,1153,1763368,3089199,1264033
3765474,1159,1763369,3089202,1264033
3765475,1165,1763370,3089203,1264033
3765476,1171,1763371,3089205,1264033
3765477,1177,1763372,3089206,1264033
3765478,1183,1763373,3089207,1264033
3765479,1189,1763374,3089208,1264033
3765480,1195,1763375,3089209,1264033
3765481,1201,1763377,3089210,1264033
3765482,1207,1763378,3089211,1264033
3765483,1213,1763379,3089212,1264033
3765484,1219,1763380,3089213,1264033
3765485,1225,1763381,3089214,1264033
3765486,1233,1763382,3089215,1264033
3765487,1241,1763383,3089217,1264033
3765488,1251,1763384,3089218,1264033
3765489,1261,1763386,3089219,1264033
3765490,1269,1763387,3089220,1264033
3765491,1277,1763388,3089221,1264033
3765492,1283,1763389,3089222,1264033
3765493,1293,1763390,3089223,1264033
3765494,1299,1763391,3089224,1264033
3765495,1,858301,3066086,1264124
3765496,1307,1763392,3089225,1264033
3765497,1315,1763393,3089226,1264033
3765498,1323,1763394,3089227,1264033
3765499,1331,1763395,3089228,1264033
3765500,4,858308,3089446,1264129
3765501,1339,1763396,3089229,1264033
3765502,5,1764874,3089447,1264129
3765503,1347,1763397,3089231,1264033
3765504,1355,1763398,3089232,1264033
3765505,1363,1763399,3089233,1264033
3765506,1375,1763400,3089234,1264033
3765507,1383,1763401,3089235,1264033
3765508,1391,1763402,3089237,1264033
3765509,1399,1763403,3089238,1264033
3765510,1407,1763404,3089239,1264033
3765511,1415,1763405,3089240,1264033
3765512,1427,1763406,3089241,1264033
3765513,1433,1763407,3089242,1264033
3765514,1439,1763408,3089244,1264033
3765515,1445,1763409,3089245,1264033
3765516,1451,1763410,3089246,1264033
3765517,1457,1763411,3089247,1264033
3765518,1463,1763412,3089081,1264033
3765519,1471,1763413,3089248,1264033
3765520,1477,1763414,3089249,1264033
3765521,1483,1763415,3089250,1264033
3765522,1489,1763416,3089252,1264033
3765523,1495,1763417,3089253,1264033
3765524,1501,1763418,3089254,1264033
3765525,1507,1763419,3089255,1264033
3765526,1513,1763420,3089256,1264033
3765527,1523,1763421,3089257,1264033
3765528,1529,1763422,3089258,1264033
3765529,2,1764978,3054623,1264141
3765530,1535,1763423,3089259,1264033
3765531,1541,1763424,3089260,1264033
3765532,1547,1763425,3089261,1264033
3765533,1553,1763426,3089262,1264033
3765534,1559,1763427,3089265,1264033
3765535,1565,1763428,3089267,1264033
3765536,1571,1763429,3089269,1264033
3765537,1577,1763430,3089271,1264033
3765538,1587,1763431,3089272,1264033
3765539,1597,1763432,3089273,1264033
3765540,1607,1763433,3089274,1264033
3765541,1613,1763434,3089275,1264033
3765542,1619,1763435,3089276,1264033
3765543,1625,1763436,3089277,1264033
3765544,1631,1763438,3089278,1264033
3765545,1641,1763439,3089279,1264033
3765546,1651,1763441,3089280,1264033
3765547,1657,1763442,3089281,1264033
3765548,1663,1763443,3089282,1264033
3765549,1669,1763444,3089283,1264033
3765550,1675,1763445,3089284,1264033
3765551,1681,1763446,3089285,1264033
3765552,1691,1763447,3089286,1264033
3765553,1701,1763448,3089287,1264033
3765554,1711,1763449,3089288,1264033
3765555,1721,1763450,3089290,1264033
3765556,1731,1763451,3089291,1264033
3765557,1741,1763452,3089292,1264033
3765558,1751,1763453,3089293,1264033
3765559,1757,1763455,3089294,1264033
3765560,1767,1763457,3089295,1264033
3765561,1775,1763458,3089296,1264033
3765562,1783,1763459,3089299,1264033
3765563,1791,1763460,3089302,1264033
3765564,1799,1763461,3089304,1264033
3765565,1811,1763462,3089236,1264033
3765566,1819,1763463,3089308,1264033
3765567,1827,1763464,3089311,1264033
3765568,1833,1763465,3089312,1264033
3765569,1839,1763466,3089313,1264033
3765570,1845,1763467,3089314,1264033
3765571,1851,1763468,3089315,1264033
3765572,1857,1763469,3089316,1264033
3765573,1863,1763470,3089317,1264033
3765574,1869,1763471,3089318,1264033
3765575,1875,1763472,3089319,1264033
3765576,1881,1763474,3045956,1264033
3765577,1887,1763475,3089320,1264033
3765578,1895,1763476,3089321,1264033
3765579,1901,1763478,3089322,1264033
3765580,1907,1763480,3089323,1264033
3765581,1913,1763481,3089324,1264033
3765582,1919,1763483,3045959,1264033
3765583,1925,1763485,3089325,1264033
3765584,1927,858473,3089336,1264033
3765585,1930,858475,3089333,1264033
3765586,1933,1763489,3089334,1264033
3765587,2,858528,3066629,1264169
3765588,5,858532,3068904,1264169
3765589,8,858536,3068765,1264169
3765590,11,858537,3062116,1264169
3765591,14,858539,3079203,1264169
3765592,17,858542,3079211,1264169
3765593,20,858545,3079213,1264169
3765594,23,858549,3066656,1264169
3765595,26,858550,3089520,1264169
3765596,29,858551,3079199,1264169
3765597,32,858552,3079207,1264169
3765598,35,858556,3079209,1264169
3765599,38,858563,3079215,1264169
3765600,41,858564,3066640,1264169
3765601,44,858566,3066658,1264169
3765602,47,858567,3055097,1264169
3765603,50,858569,3058877,1264169
3765604,53,858571,3089522,1264169
3765605,56,858572,3089524,1264169
3765606,59,858573,3079205,1264169
3765607,62,858574,3089526,1264169
3765608,65,858577,3079581,1264169
3765609,68,858579,3075334,1264169
3765610,71,858582,3089528,1264169
3765611,74,858584,3089530,1264169
3765612,77,858585,3086515,1264169
3765613,80,858586,3055531,1264169
3765614,4,1765690,3043735,1264176
3765615,9,1765691,3089533,1264176
3765616,14,1765692,3089534,1264176
3765617,16,858626,3089535,1264176
3765618,1,858682,3089536,1264183
3765619,3,858684,3089537,1264183
3765620,3,1765768,3081265,1264185
3765621,2,858887,3089444,1264199
3765622,3,1766672,3089446,1264199
3765623,5,1766673,3089447,1264199
3765624,4,1766864,3080029,1264218
3765625,9,1766865,3080030,1264218
3765626,14,1766866,3080028,1264218
3765627,16,859007,3089602,1264218
3765628,3,1766956,3062573,1264223
3765629,3,859129,3089623,1264232
3765630,7,859131,3089624,1264232
3765631,11,859138,3089625,1264232
3765632,15,859139,3089626,1264232
3765633,19,859140,3089627,1264232
3765634,23,859141,3056066,1264232
3765635,27,859142,3056068,1264232
3765636,31,859143,3056070,1264232
3765637,35,859145,3089629,1264232
3765638,39,859149,3089631,1264232
3765639,43,859151,3056023,1264232
3765640,47,859155,3056025,1264232
3765641,51,859157,3056028,1264232
3765642,55,859160,3056032,1264232
3765643,59,859162,3056036,1264232
3765644,9,859165,3089674,1264237
3765645,63,859166,3056038,1264232
3765646,67,859167,3056041,1264232
3765647,71,859171,3056046,1264232
3765648,75,859174,3089633,1264232
3765649,79,859176,3089635,1264232
3765650,83,859177,3089637,1264232
3765651,87,859178,3089639,1264232
3765652,91,859179,3089641,1264232
3765653,95,859180,3089643,1264232
3765654,99,859181,3089646,1264232
3765655,103,859183,3089648,1264232
3765656,107,859185,3089650,1264232
3765657,111,859186,3089652,1264232
3765658,115,859187,3056072,1264232
3765659,119,859188,3056074,1264232
3765660,123,859189,3056076,1264232
3765661,127,859190,3056078,1264232
3765662,131,859191,3056080,1264232
3765663,135,859192,3056082,1264232
3765664,139,859193,3056084,1264232
3765665,143,859196,3056086,1264232
3765666,147,859197,3056088,1264232
3765667,151,859199,3056090,1264232
3765668,155,859201,3056092,1264232
3765669,159,859202,3056094,1264232
3765670,163,859203,3089654,1264232
3765671,167,859204,3089655,1264232
3765672,171,859205,3056049,1264232
3765673,175,859206,3056051,1264232
3765674,179,859211,3056054,1264232
3765675,183,859213,3056056,1264232
3765676,187,859214,3056058,1264232
3765677,191,859217,3056060,1264232
3765678,195,859219,3056062,1264232
3765679,199,859222,3056064,1264232
3765680,203,859224,3089656,1264232
3765681,207,859225,3089661,1264232
3765682,211,859226,3089662,1264232
3765683,215,859227,3089665,1264232
3765684,219,859231,3089666,1264232
3765685,223,859232,3089667,1264232
3765686,227,859238,3089670,1264232
3765687,231,859243,3089671,1264232
3765688,235,859244,3089672,1264232
3765689,239,859245,3089673,1264232
3765690,243,859248,3056096,1264232
3765691,247,859250,3056098,1264232
3765692,251,859254,3056100,1264232
3765693,255,859256,3056102,1264232
3765694,4,1767932,3089690,1264256
3765695,4,1768041,3089693,1264258
3765696,9,1768042,3080898,1264258
3765697,14,1768043,3053776,1264258
3765698,1157,1767373,3085465,1264244
3765699,19,1768044,3087733,1264258
3765700,24,1768045,3089694,1264258
3765701,2,859318,3089571,1264264
3765702,5,859319,3089572,1264264
3765703,8,859320,3089573,1264264
3765704,2,1768165,3082669,1264270
3765705,1,1768205,3089705,1264275
3765706,7,859330,3089695,1264275
3765707,11,859332,3089696,1264275
3765708,15,859333,3089698,1264275
3765709,19,859339,3089702,1264275
3765710,21,1768259,3089695,1264275
3765711,23,1768261,3089696,1264275
3765712,25,1768262,3089698,1264275
3765713,27,1768263,3089702,1264275
3765714,3,1768382,3078432,1264285
3765715,183,1768431,3078232,1264285
3765716,6,1768822,3063983,1264311
3765717,13,1768824,3063984,1264311
3765718,15,859551,3089740,1264311
3765719,4,1768840,3043736,1264313
3765720,9,1768841,3043846,1264313
3765721,14,1768842,3043847,1264313
3765722,16,859558,3089743,1264313
3765723,3,1769105,3089763,1264341
3765724,5,1769126,3089750,1264343
3765725,6,1769127,3089763,1264343
3765726,0,1769128,3089750,1264344
3765727,8,1769141,3089727,1264345
3765728,13,859657,3049910,1264345
3765729,21,859660,3089718,1264345
3765730,28,859661,3089721,1264345
3765731,35,859662,3089723,1264345
3765732,47,859663,3089725,1264345
3765733,2,1769170,3089790,1264347
3765734,5,1769171,3089791,1264347
3765735,8,1769172,3089792,1264347
3765736,11,1769174,3075098,1264347
3765737,14,1769175,3075095,1264347
3765738,17,1769176,3075093,1264347
3765739,20,1769177,3075091,1264347
3765740,1,1769496,3089765,1264371
3765741,15,1769497,3089785,1264371
3765742,3,1769784,3061370,1264387
3765743,8,1769880,3089812,1264390
3765744,10,860087,3089811,1264390
3765745,8,1769913,3089708,1264398
3765746,4,1769964,3089827,1264407
3765747,9,1769965,3089828,1264407
3765748,14,1769966,3089829,1264407
3765749,19,1769967,3089830,1264407
3765750,24,1769968,3089833,1264407
3765751,5,1770118,3089856,1264431
3765752,1,1770248,3089866,1264444
3765753,9,860257,3089809,1264455
3765754,8,1770413,3089857,1264457
3765755,3,1770495,3085753,1264460
3765756,2,1770755,3046224,1264468
3765757,517,1771068,3068093,1264493
3765758,2,1771374,3054624,1264500
3765759,1,860719,3054802,1264525
3765760,5,1771919,3089968,1264525
3765761,8,1772033,3089991,1264530
3765762,5,1773023,3060873,1264592
3765763,11,1773024,3060878,1264592
3765764,17,1773025,3060881,1264592
3765765,19,861152,3090065,1264592
3765766,5,1773296,3090069,1264621
3765767,11,1773298,3090071,1264621
3765768,17,1773300,3090073,1264621
3765769,23,1773302,3044700,1264621
3765770,29,1773304,3090078,1264621
3765771,35,1773306,3084195,1264621
3765772,41,1773308,3090081,1264621
3765773,8,1773812,3090085,1264637
3765774,11,1773809,3090068,1264637
3765775,4,1773835,3055913,1264643
3765776,9,1773836,3055928,1264643
3765777,14,1773837,3055912,1264643
3765778,19,1773838,3055905,1264643
3765779,21,861324,3090099,1264643
3765780,4,1773951,3090106,1264659
3765781,3,1774065,3090111,1264679
3765782,7,1774066,3090112,1264679
3765783,11,1774067,3090113,1264679
3765784,19,1774068,3090114,1264679
3765785,27,1774069,3090115,1264679
3765786,1,861433,3090116,1264688
3765787,5,1774408,3090128,1264714
3765788,9,1774409,3090129,1264714
3765789,13,1774410,3090130,1264714
3765790,17,1774411,3090131,1264714
3765791,21,1774412,3090133,1264714
3765792,25,1774413,3090134,1264714
3765793,31,1774414,3090135,1264714
3765794,35,1774415,3090136,1264714
3765795,39,1774416,3090137,1264714
3765796,43,1774417,3090138,1264714
3765797,47,1774418,3090139,1264714
3765798,51,1774419,3090140,1264714
3765799,55,1774420,3090141,1264714
3765800,59,1774421,3090142,1264714
3765801,63,1774422,3090143,1264714
3765802,7,1774464,3090106,1264719
3765803,67,1774423,3086477,1264714
3765804,71,1774424,3086479,1264714
3765805,75,1774425,3086481,1264714
3765806,79,1774426,3090144,1264714
3765807,4,861559,3090162,1264727
3765808,8,861563,3090164,1264727
3765809,18,861608,3050777,1264729
3765810,2,1774689,3072248,1264735
3765811,8,1774761,3090161,1264743
3765812,4,1774864,3090230,1264760
3765813,9,1774865,3059518,1264760
3765814,11,861684,3090235,1264760
3765815,1,1774878,3090183,1134260
3765816,1,1774890,3090185,1134272
3765817,1,1774897,3090187,1134276
3765818,1,1774953,3090189,1134278
3765819,1,1774962,3090191,1134282
3765820,1,1774975,3090193,1134295
3765821,1,1774994,3090196,1134301
3765822,1,1775002,3090198,1134306
3765823,1,1775007,3090200,1134308
3765824,1,1775011,3090202,1134310
3765825,1,1775015,3090204,1134312
3765826,1,1775019,3090206,1134314
3765827,1,1775025,3090208,1134316
3765828,1,1775040,3090213,1134323
3765829,1,1775044,3090216,1134325
3765830,1,1775057,3090218,1134327
3765831,1,1775061,3090220,1134333
3765832,1,1775078,3090222,1134335
3765833,1,1775126,3090224,1134337
3765834,1,1775142,3090226,1134344
3765835,1,1775155,3090228,1134348
3765836,1,1775161,3090231,1134350
3765837,1,1775169,3090233,1134352
3765838,1,1775173,3090236,1134354
3765839,1,1775182,3090238,1134358
3765840,1,1775188,3090240,1134360
3765841,1,1775195,3090242,1134364
3765842,1,1775203,3090244,1134366
3765843,1,1775213,3090248,1134370
3765844,1,1775250,3090246,1134377
3765845,1,1775264,3090250,1134386
3765846,1,1775283,3090252,1134398
3765847,10,861907,3050777,1264815
3765848,4,1775357,3070775,1264819
3765849,7,1775359,3090292,1264819
3765850,10,1775361,3049409,1264819
3765851,13,1775363,3049645,1264819
3765852,16,1775365,3049635,1264819
3765853,19,1775368,3049637,1264819
3765854,22,1775371,3049639,1264819
3765855,25,1775373,3049631,1264819
3765856,28,1775375,3049633,1264819
3765857,31,1775377,3049641,1264819
3765858,33,1775378,3049418,1264819
3765859,36,1775380,3068645,1264819
3765860,39,1775382,3090300,1264819
3765861,10,1775430,3090283,1134458
3765862,2,1775680,3090305,1264841
3765863,1,861989,3049408,1264865
3765864,3,861992,3062592,1264865
3765865,7,1775799,3090277,1264865
3765866,8,1775805,3090279,1264865
3765867,10,1775806,3090283,1264865
3765868,8,1776766,3090325,1264943
3765869,13,1776763,3090324,1264943
3765870,2,1776863,3090342,1264952
3765871,14,1776868,3090333,1264951
3765872,18,1776867,3090334,1264951
3765873,20,1776866,3072715,1264951
3765874,24,1776873,3072715,1264951
3765875,29,1776874,3072715,1264951
3765876,2,1776930,3090378,1264959
3765877,45,1776940,3090382,1264959
3765878,2,862330,3061358,1264963
3765879,5,862333,3090366,1264963
3765880,33,1777050,3090378,1134950
3765881,4,1777147,3090405,1264971
3765882,9,1777148,3090409,1264971
3765883,14,1777149,3090413,1264971
3765884,19,1777150,3090417,1264971
3765885,24,1777151,3090421,1264971
3765886,29,1777152,3090423,1264971
3765887,34,1777153,3090425,1264971
3765888,39,1777154,3090427,1264971
3765889,44,1777156,3090429,1264971
3765890,64,1777102,3090431,1264971
3765891,76,1777125,3090434,1264971
3765892,79,862372,3090440,1264971
3765893,82,862378,3090442,1264971
3765894,85,862383,3090444,1264971
3765895,242,862512,3090446,1264971
3765896,244,862515,3070194,1264971
3765897,8,1777305,3090450,1264989
3765898,10,862539,3090448,1264989
3765899,2,862587,3090346,1264998
3765900,5,862594,3090348,1264998
3765901,8,862597,3090351,1264998
3765902,11,862608,3090353,1264998
3765903,14,862619,3090354,1264998
3765904,17,862628,3090355,1264998
3765905,20,862633,3090357,1264998
3765906,23,862640,3090359,1264998
3765907,26,862641,3090362,1264998
3765908,29,862642,3090365,1264998
3765909,32,862643,3090367,1264998
3765910,35,862644,3090368,1264998
3765911,38,862645,3090370,1264998
3765912,41,862646,3090372,1264998
3765913,44,862647,3090376,1264998
3765914,48,862655,3090380,1264998
3765915,52,862660,3090388,1264998
3765916,56,862667,3090390,1264998
3765917,60,862675,3090392,1264998
3765918,64,862680,3090394,1264998
3765919,68,862684,3090396,1264998
3765920,72,862691,3090398,1264998
3765921,8,1777498,3090469,1265005
3765922,9,1777499,3090451,1265005
3765923,76,862693,3090400,1264998
3765924,79,862697,3090402,1264998
3765925,82,862698,3090403,1264998
3765926,85,862699,3090407,1264998
3765927,88,862703,3090411,1264998
3765928,91,862704,3090415,1264998
3765929,94,862705,3090419,1264998
3765930,3,1777580,3090490,1265015
3765931,5,1777579,3090492,1265015
3765932,10,1777581,3073092,1265015
3765933,15,1777582,3073093,1265015
3765934,20,1777583,3073094,1265015
3765935,25,1777584,3073095,1265015
3765936,30,1777585,3073096,1265015
3765937,35,1777586,3073098,1265015
3765938,40,1777587,3073100,1265015
3765939,45,1777588,3073101,1265015
3765940,50,1777589,3073102,1265015
3765941,55,1777590,3073103,1265015
3765942,60,1777591,3073104,1265015
3765943,65,1777592,3073105,1265015
3765944,70,1777593,3073106,1265015
3765945,75,1777594,3073107,1265015
3765946,80,1777595,3073108,1265015
3765947,85,1777596,3073109,1265015
3765948,90,1777597,3073111,1265015
3765949,95,1777598,3073118,1265015
3765950,9,862795,3090474,1265018
3765951,10,862809,3090476,1265019
3765952,9,1777734,3090517,1265022
3765953,19,1777735,3090519,1265022
3765954,2,862840,3090374,1265025
3765955,9,862843,3090478,1265026
3765956,6,1777787,3090512,1135176
3765957,13,1777770,3090386,1265025
3765958,8,1777855,3090482,1265028
3765959,8,1778577,3090589,1265050
3765960,2,1778932,3044964,1265093
3765961,5,1778933,3089992,1265093
3765962,8,1778934,3057102,1265093
3765963,4,1779081,3090632,1265102
3765964,9,1779082,3090633,1265102
3765965,14,1779083,3090634,1265102
3765966,16,863415,3090635,1265102
3765967,2,863636,3090608,1265125
3765968,5,863638,3090609,1265125
3765969,8,863639,3090610,1265125
3765970,8,1779823,3090683,1265137
3765971,1,863775,3048035,1265146
3765972,4,1780680,3048036,1265146
3765973,2,1781033,3090708,1265152
3765974,5,863807,3090706,1265152
3765975,7,1781029,3090695,1265152
3765976,12,1781034,3090697,1265152
3765977,8,1781210,3090710,1265153
3765978,11,1781206,3058552,1265153
3765979,6,1782156,3090685,1136037
3765980,2,1782437,3090687,1265163
3765981,4,864055,3090804,1265166
3765982,2,1782829,3090746,1265182
3765983,5,1782830,3090748,1265182
3765984,10,1782831,3090750,1265182
3765985,15,1782832,3090752,1265182
3765986,20,1782833,3090753,1265182
3765987,25,1782834,3090754,1265182
3765988,30,1782835,3090756,1265182
3765989,35,1782836,3090757,1265182
3765990,40,1782837,3090758,1265182
3765991,45,1782838,3090759,1265182
3765992,50,1782839,3090760,1265182
3765993,55,1782840,3090762,1265182
3765994,60,1782841,3090763,1265182
3765995,65,1782842,3090765,1265182
3765996,70,1782843,3090766,1265182
3765997,75,1782844,3090768,1265182
3765998,80,1782845,3090769,1265182
3765999,85,1782846,3090770,1265182
3766000,90,1782847,3090771,1265182
3766001,95,1782848,3090772,1265182
3766002,100,1782849,3090594,1265182
3766003,105,1782850,3090773,1265182
3766004,110,1782851,3090774,1265182
3766005,115,1782852,3090775,1265182
3766006,120,1782853,3090777,1265182
3766007,125,1782854,3090778,1265182
3766008,130,1782855,3090780,1265182
3766009,135,1782856,3090781,1265182
3766010,140,1782857,3090782,1265182
3766011,145,1782858,3090784,1265182
3766012,150,1782859,3090785,1265182
3766013,155,1782860,3090786,1265182
3766014,160,1782861,3090788,1265182
3766015,165,1782862,3090790,1265182
3766016,170,1782863,3090791,1265182
3766017,175,1782864,3090792,1265182
3766018,180,1782865,3090793,1265182
3766019,185,1782866,3090795,1265182
3766020,190,1782867,3090797,1265182
3766021,195,1782868,3090799,1265182
3766022,200,1782869,3090800,1265182
3766023,205,1782870,3090802,1265182
3766024,210,1782871,3068626,1265182
3766025,215,1782872,3068628,1265182
3766026,220,1782873,3068631,1265182
3766027,225,1782874,3090805,1265182
3766028,230,1782875,3090806,1265182
3766029,0,1782968,3090845,1265186
3766030,235,1782876,3090808,1265182
3766031,240,1782877,3090810,1265182
3766032,245,1782878,3090813,1265182
3766033,250,1782879,3090816,1265182
3766034,255,1782880,3090819,1265182
3766035,260,1782881,3090820,1265182
3766036,265,1782882,3090822,1265182
3766037,270,1782883,3090824,1265182
3766038,275,1782884,3090825,1265182
3766039,280,1782885,3090827,1265182
3766040,285,1782886,3057880,1265182
3766041,290,1782887,3090828,1265182
3766042,2,1783040,3090582,1265191
3766043,8,1783533,3090920,1265208
3766044,2,864413,3090935,1265210
3766045,5,864414,3090936,1265210
3766046,8,864415,3090938,1265210
3766047,11,864416,3090940,1265210
3766048,14,864417,3090942,1265210
3766049,17,864420,3090944,1265210
3766050,4,1783651,3090957,1265213
3766051,8,1783803,3090962,1265218
3766052,4,1783916,3090957,1265225
3766053,2,1784057,3090976,1265231
3766054,1,1784209,3090857,1265233
3766055,7,1784384,3058440,1265237
3766056,2,1784420,3070972,1265239
3766057,15,1784387,3062258,1265237
3766058,23,1784388,3087612,1265237
3766059,31,1784389,3081871,1265237
3766060,39,1784390,3058990,1265237
3766061,47,1784391,3045372,1265237
3766062,49,864593,3090974,1265237
3766063,8,1784672,3091015,1265254
3766064,11,1784668,3049184,1265254
3766065,14,1784669,3049304,1265254
3766066,5,1785223,3062292,1265285
3766067,7,1785398,3091105,1265296
3766068,15,1785399,3091108,1265296
3766069,17,864882,3091111,1265296
3766070,3,1785419,3063029,1265298
3766071,26,1785554,3091098,1137210
3766072,3,1785679,3054673,1265311
3766073,7,1785680,3054671,1265311
3766074,1,865259,3047633,1265338
3766075,4,865261,3047637,1265338
3766076,7,865267,3047642,1265338
3766077,10,865273,3047644,1265338
3766078,13,865279,3047646,1265338
3766079,16,865289,3047648,1265338
3766080,19,865295,3047650,1265338
3766081,22,865301,3047652,1265338
3766082,25,865303,3047654,1265338
3766083,28,865305,3047656,1265338
3766084,30,865307,3047664,1265338
3766085,32,865309,3047665,1265338
3766086,34,865313,3047666,1265338
3766087,36,865317,3047667,1265338
3766088,38,865319,3047669,1265338
3766089,40,865323,3047672,1265338
3766090,43,865325,3047662,1265338
3766091,45,865327,3047674,1265338
3766092,47,865329,3047676,1265338
3766093,0,1786493,3078190,1265346
3766094,2,1786494,3091060,1265346
3766095,8,1786560,3091100,1265347
3766096,12,1786557,3091098,1265347
3766097,3,1786693,3054760,1265357
3766098,4,865643,3091245,1265375
3766099,8,1788131,3091401,1265432
3766100,11,866366,3091380,1265432
3766101,26,1788133,3091381,1265432
3766102,8,866386,3091406,1265441
3766103,9,1788177,3091408,1265441
3766104,6,1789563,3091422,1265466
3766105,13,1790118,3081802,1265485
3766106,27,1790119,3081803,1265485
3766107,3,1790546,3090994,1265505
3766108,7,1790548,3091004,1265505
3766109,10,1790549,3077709,1265505
3766110,1,867312,3088873,1265531
3766111,3,867314,3088874,1265531
3766112,29,1791709,3091427,1265547
3766113,59,1791710,3091429,1265547
3766114,29,1791775,3091515,1265552
3766115,73,1791776,3091517,1265552
3766116,0,1791915,3091402,1265557
3766117,2,1791916,3091404,1265557
3766118,7,1791914,3091410,1265557
3766119,7,1791943,3091532,1265560
3766120,11,1791944,3091536,1265560
3766121,15,1791945,3091538,1265560
3766122,19,1791946,3091540,1265560
3766123,3,1792004,3091523,1265568
3766124,7,1792005,3091526,1265568
3766125,11,1792006,3091531,1265568
3766126,15,1792007,3091533,1265568
3766127,19,1792008,3091535,1265568
3766128,23,1792009,3091537,1265568
3766129,27,1792010,3091539,1265568
3766130,31,1792011,3091541,1265568
3766131,35,1792012,3091543,1265568
3766132,39,1792013,3091545,1265568
3766133,43,1792014,3091549,1265568
3766134,67,1792015,3091551,1265568
3766135,91,1792016,3091552,1265568
3766136,2,1792180,3091559,1265592
3766137,5,1792181,3091560,1265592
3766138,8,1792182,3091561,1265592
3766139,8,1792188,3091557,1265589
3766140,11,1792183,3091562,1265592
3766141,0,1792482,3091609,1265634
3766142,13,1792478,3091603,1265634
3766143,15,867876,3091605,1265634
3766144,29,1792479,3091607,1265634
3766145,8,1792830,3091625,1265655
3766146,11,1792827,3057652,1265655
3766147,5,1792901,3071954,1265663
3766148,11,1792902,3091651,1265663
3766149,17,1792903,3091652,1265663
3766150,23,1792904,3091653,1265663
3766151,29,1792905,3091654,1265663
3766152,35,1792906,3091655,1265663
3766153,41,1792907,3091656,1265663
3766154,47,1792908,3091657,1265663
3766155,53,1792909,3091658,1265663
3766156,59,1792910,3091659,1265663
3766157,65,1792911,3091660,1265663
3766158,67,868136,3091661,1265663
3766159,2,868239,3091686,1265676
3766160,5,868241,3091688,1265676
3766161,13,1793749,3091694,1265690
3766162,14,1793757,3091696,1265690
3766163,1,1795077,3091816,1140270
3766164,30,869019,3091854,1265738
3766165,47,1795188,3091854,1265738
3766166,1,869048,3091702,1265742
3766167,4,869049,3087931,1265742
3766168,15,1795299,3091704,1265742
3766169,18,869052,3091706,1265742
3766170,20,869056,3091721,1265742
3766171,22,869059,3087929,1265742
3766172,2,1795529,3075719,1265760
3766173,1,1795675,3091882,1265772
3766174,7,869164,3091878,1265772
3766175,11,869165,3091879,1265772
3766176,15,869167,3091880,1265772
3766177,19,869168,3091881,1265772
3766178,21,1795713,3091878,1265772
3766179,23,1795715,3091879,1265772
3766180,25,1795717,3091880,1265772
3766181,27,1795718,3091881,1265772
3766182,7,869207,3091902,1265785
3766183,8,1796052,3091903,1265785
3766184,14,1796053,3091903,1265785
3766185,2,1796142,3091894,1265795
3766186,10,1796154,3091900,1265797
3766187,11,1796177,3091902,1265797
3766188,13,1796178,3091903,1265797
3766189,1,1797857,3091957,1265914
3766190,3,1797858,3091958,1265914
3766191,6,1797859,3092098,1265914
3766192,9,1797860,3092100,1265914
3766193,6,1798005,3092117,1265919
3766194,2,1798133,3091816,1265922
3766195,8,1798209,3091940,1265927
3766196,3,1798281,3092152,1265934
3766197,7,1798282,3059205,1265934
3766198,11,1798283,3092154,1265934
3766199,15,1798284,3092156,1265934
3766200,19,1798285,3092158,1265934
3766201,23,1798286,3092160,1265934
3766202,27,1798287,3092162,1265934
3766203,31,1798288,3049723,1265934
3766204,35,1798289,3092164,1265934
3766205,39,1798290,3071380,1265934
3766206,8,1798919,3092151,1265972
3766207,2,870618,3092197,1265999
3766208,3,870719,3072140,1266006
3766209,6,1799870,3064434,1266024
3766210,13,1799871,3064436,1266024
3766211,15,870795,3092217,1266024
3766212,8,1800046,3092214,1266036
3766213,10,870874,3092208,1266036
3766214,13,1800043,3092212,1266036
3766215,1,1800521,3092365,1266066
3766216,3,1800522,3092366,1266066
3766217,5,1800523,3092367,1266066
3766218,8,1801135,3092207,1266081
3766219,5,871542,3092388,1266112
3766220,10,871544,3092389,1266112
3766221,15,871545,3092391,1266112
3766222,4,1801809,3092406,1266116
3766223,4,1801997,3070629,1266126
3766224,9,1801998,3092418,1266126
3766225,14,1801999,3074061,1266126
3766226,19,1802000,3092419,1266126
3766227,24,1802001,3092420,1266126
3766228,29,1802002,3092421,1266126
3766229,34,1802003,3092422,1266126
3766230,39,1802004,3092423,1266126
3766231,41,871659,3092424,1266126
3766232,4,1802061,3045216,1266134
3766233,9,1802063,3045166,1266134
3766234,14,1802065,3075053,1266134
3766235,19,1802067,3074197,1266134
3766236,24,1802070,3076761,1266134
3766237,26,871669,3092425,1266134
3766238,6,1802399,3074359,1266154
3766239,13,1802400,3092462,1266154
3766240,20,1802401,3092467,1266154
3766241,27,1802402,3092470,1266154
3766242,34,1802403,3092474,1266154
3766243,41,1802404,3092478,1266154
3766244,48,1802405,3092483,1266154
3766245,55,1802406,3092486,1266154
3766246,62,1802407,3092490,1266154
3766247,69,1802408,3092493,1266154
3766248,76,1802409,3092494,1266154
3766249,9,1802881,3092276,1266182
3766250,19,1802882,3092277,1266182
3766251,2,1802871,3092506,1266180
3766252,5,1802872,3092507,1266180
3766253,8,1802873,3092508,1266180
3766254,11,1802874,3092509,1266180
3766255,31,1802886,3092278,1266182
3766256,14,1802875,3092510,1266180
3766257,43,1802888,3092279,1266182
3766258,17,1802876,3092511,1266180
3766259,20,1802877,3092512,1266180
3766260,23,1802878,3092513,1266180
3766261,26,1802879,3092514,1266180
3766262,29,1802880,3092516,1266180
3766263,43,871880,3078067,1266180
3766264,13,872509,3092561,1266252
3766265,3,872512,3061376,1266254
3766266,7,872525,3061378,1266254
3766267,2,1805023,3054653,1266257
3766268,3,872593,3092576,1266259
3766269,6,872595,3092578,1266259
3766270,9,872598,3092580,1266259
3766271,12,872602,3092582,1266259
3766272,3,1805145,3092589,1266266
3766273,2,872746,3092565,1266270
3766274,8,1805483,3092492,1266295
3766275,11,1805480,3092465,1266295
3766276,13,872846,3092491,1266295
3766277,2,1805632,3092634,1266317
3766278,8,1806551,3092787,1266355
3766279,8,1806634,3092705,1266357
3766280,4,1806689,3077991,1266361
3766281,2,1806878,3092804,1266371
3766282,2,873333,3092805,1266379
3766283,4,873335,3092806,1266379
3766284,8,1807065,3092807,1266379
3766285,6,1808136,3092829,1266409
3766286,13,1808137,3092830,1266409
3766287,15,1808138,3092832,1266409
3766288,2,1808182,3092837,1266413
3766289,2,1808278,3092826,1266420
3766290,2,1808274,3091027,1266419
3766291,5,1808275,3091018,1266419
3766292,8,1808276,3071847,1266419
3766293,11,1808277,3091030,1266419
3766294,7,1809269,3092859,1266456
3766295,9,873815,3062470,1266456
3766296,2,1809451,3092866,1266472
3766297,8,1809682,3092874,1266484
3766298,10,873945,3092871,1266484
3766299,4,1809742,3044140,1266488
3766300,9,1809743,3044147,1266488
3766301,14,1809744,3044148,1266488
3766302,16,873957,3092882,1266488
3766303,2,874175,3092902,1266511
3766304,4,1810586,3092904,1266511
3766305,13,1811164,3081792,1266534
3766306,27,1811166,3081795,1266534
3766307,6,1811998,3092913,1266548
3766308,13,1812000,3092914,1266548
3766309,20,1812001,3092915,1266548
3766310,27,1812003,3092916,1266548
3766311,2053,1810919,3068095,1266520
3766312,34,1812004,3074335,1266548
3766313,41,1812006,3092917,1266548
3766314,48,1812008,3092918,1266548
3766315,55,1812009,3092919,1266548
3766316,62,1812010,3092920,1266548
3766317,69,1812011,3092921,1266548
3766318,76,1812012,3092922,1266548
3766319,83,1812014,3092923,1266548
3766320,90,1812015,3092924,1266548
3766321,97,1812017,3092925,1266548
3766322,104,1812019,3092926,1266548
3766323,111,1812020,3092927,1266548
3766324,118,1812022,3092928,1266548
3766325,125,1812023,3092929,1266548
3766326,132,1812024,3092931,1266548
3766327,139,1812026,3092932,1266548
3766328,146,1812027,3092934,1266548
3766329,153,1812028,3092936,1266548
3766330,160,1812029,3092938,1266548
3766331,167,1812030,3092939,1266548
3766332,174,1812032,3092940,1266548
3766333,181,1812033,3092941,1266548
3766334,188,1812035,3092942,1266548
3766335,3,1812269,3068364,1266569
3766336,3,1812305,3092957,1266573
3766337,7,1812307,3086475,1266573
3766338,11,1812310,3086470,1266573
3766339,4,1812333,3054543,1266575
3766340,7,1812334,3092935,1266575
3766341,6,1813049,3092982,1266602
3766342,1,874809,3061469,1266623
3766343,4,1813389,3093047,1266632
3766344,9,1813390,3065986,1266632
3766345,14,1813391,3065988,1266632
3766346,16,874867,3093048,1266632
3766347,4,1813441,3055683,1266637
3766348,9,1813442,3055684,1266637
3766349,14,1813443,3073382,1266637
3766350,19,1813444,3068179,1266637
3766351,21,874908,3093049,1266637
3766352,2,874934,3093018,1266639
3766353,5,874935,3093022,1266639
3766354,2,1813528,3093117,1266645
3766355,5,1813529,3093125,1266645
3766356,8,1813530,3046838,1266645
3766357,11,1813531,3093132,1266645
3766358,0,1813787,3093147,1266667
3766359,3,1814432,3093282,1266686
3766360,6,1814434,3093284,1266686
3766361,9,1814437,3093286,1266686
3766362,11,875346,3093276,1266686
3766363,13,875350,3093278,1266686
3766364,15,1814439,3093280,1266686
3766365,22,1814441,3072245,1266686
3766366,29,1814444,3072246,1266686
3766367,2,875422,3093050,1266696
3766368,5,875426,3093051,1266696
3766369,8,875431,3093052,1266696
3766370,8,1815254,3093273,1266741
3766371,12,1815250,3093226,1266741
3766372,48,1815251,3093271,1266741
3766373,2,875726,3048613,1266760
3766374,5,875728,3045067,1266760
3766375,17,1816175,3093369,1266794
3766376,1,876120,3093372,1266801
3766377,2,876256,3081557,1266811
3766378,4,876258,3081558,1266811
3766379,2,1816700,3047078,1266848
3766380,5,1816701,3093454,1266848
3766381,8,1816702,3063434,1266848
3766382,11,1816703,3047080,1266848
3766383,14,1816704,3093456,1266848
3766384,17,1816705,3093457,1266848
3766385,20,1816706,3093459,1266848
3766386,8,1816770,3093314,1266852
3766387,1,1816773,3093461,1146771
3766388,14,1816765,3093304,1266852
3766389,18,1816766,3093305,1266852
3766390,21,1816767,3075796,1266852
3766391,1,1816777,3093463,1146775
3766392,26,876456,3093313,1266852
3766393,1,1816799,3093465,1146777
3766394,1,1816806,3093467,1146781
3766395,1,1816816,3093469,1146783
3766396,1,1816829,3093471,1146788
3766397,1,1816837,3093473,1146790
3766398,1,1816878,3093475,1146796
3766399,0,1816936,3093475,1266866
3766400,4,1816935,3093477,1266866
3766401,2,876623,3093487,1266879
3766402,5,876627,3093488,1266879
3766403,8,876629,3093489,1266879
3766404,11,876631,3093490,1266879
3766405,6,1817527,3059754,1266884
3766406,13,1817528,3078123,1266884
3766407,15,876784,3093505,1266884
3766408,435,1816845,3093431,1266851
3766409,439,1816846,3093433,1266851
3766410,8,1817880,3093294,1266908
3766411,10,876957,3093290,1266908
3766412,12,876959,3062473,1266908
3766413,8,1818412,3093544,1266936
3766414,1,877368,3059272,1266955
3766415,8,1818896,3093453,1266956
3766416,10,877438,3093425,1266956
3766417,12,877442,3093426,1266956
3766418,14,877444,3093429,1266956
3766419,16,877446,3093437,1266956
3766420,25,1818898,3093435,1266956
3766421,27,877450,3093439,1266956
3766422,1,1818934,3093644,1147469
3766423,7,1819468,3093711,1267003
3766424,2,1821361,3093778,1147874
3766425,5,1821369,3093778,1267076
3766426,18,878241,3093788,1267102
3766427,20,878245,3086514,1267102
3766428,21,1821598,3093788,1267102
3766429,26,1821599,3093788,1267102
3766430,26,1821822,3086514,1267118
3766431,8,1821942,3093791,1267138
3766432,1,1822050,3093782,1267151
3766433,3,1822051,3093783,1267151
3766434,8,1822052,3093785,1267151
3766435,12,1822053,3093787,1267151
3766436,2,1822212,3054641,1267161
3766437,8,1822679,3093825,1267194
3766438,13,1822715,3093847,1148347
3766439,10,1822825,3093851,1148363
3766440,4,1822852,3093851,1267203
3766441,2,1822867,3093847,1267207
3766442,3,1822868,3093851,1267207
3766443,8,878816,3093876,1267211
3766444,9,1823209,3093875,1267211
3766445,3,1824211,3093905,1267246
3766446,0,1824227,3093875,1267248
3766447,2,1824228,3093876,1267248
3766448,14,1824291,3093919,1267257
3766449,17,1824286,3093921,1267257
3766450,1,1824292,3093911,1267258
3766451,8,1824360,3093903,1267260
3766452,13,879520,3093890,1267260
3766453,15,1824349,3093892,1267260
3766454,30,879534,3093894,1267260
3766455,7,879535,3056883,1267263
3766456,15,879538,3056888,1267263
3766457,32,879540,3056890,1267263
3766458,37,879549,3093895,1267260
3766459,44,879553,3093897,1267260
3766460,47,879555,3093899,1267260
3766461,67,879574,3093901,1267260
3766462,8,1824873,3093846,1267289
3766463,12,1824867,3093831,1267289
3766464,14,1824868,3093833,1267289
3766465,16,1824869,3093835,1267289
3766466,18,1824870,3093837,1267289
3766467,23,1824864,3093831,1267289
3766468,26,879757,3093833,1267289
3766469,30,1824866,3093835,1267289
3766470,33,879759,3093837,1267289
3766471,4,879791,3093946,1267303
3766472,2,1825201,3066786,1267324
3766473,6,1825301,3093989,1267338
3766474,5,879982,3094013,1267385
3766475,4,1825893,3094024,1267396
3766476,9,1825894,3094028,1267396
3766477,14,1825895,3094031,1267396
3766478,19,1825896,3094038,1267396
3766479,24,1825897,3094042,1267396
3766480,29,1825898,3094047,1267396
3766481,34,1825899,3094050,1267396
3766482,36,880003,3094053,1267396
3766483,6,1826007,3094021,1267412
3766484,13,1826008,3094022,1267412
3766485,20,1826009,3094023,1267412
3766486,27,1826010,3094025,1267412
3766487,34,1826011,3094030,1267412
3766488,41,1826012,3074357,1267412
3766489,48,1826013,3094032,1267412
3766490,55,1826014,3094037,1267412
3766491,62,1826016,3094039,1267412
3766492,69,1826017,3094043,1267412
3766493,76,1826018,3094046,1267412
3766494,82,1826020,3094048,1267412
3766495,88,1826021,3094051,1267412
3766496,94,1826022,3094054,1267412
3766497,100,1826023,3094056,1267412
3766498,106,1826024,3094058,1267412
3766499,112,1826025,3094060,1267412
3766500,118,1826026,3094062,1267412
3766501,124,1826027,3094064,1267412
3766502,130,1826028,3094066,1267412
3766503,136,1826029,3094068,1267412
3766504,142,1826030,3094070,1267412
3766505,148,1826031,3094072,1267412
3766506,154,1826032,3094074,1267412
3766507,160,1826033,3094076,1267412
3766508,166,1826034,3094078,1267412
3766509,172,1826035,3094080,1267412
3766510,178,1826036,3094082,1267412
3766511,184,1826037,3094085,1267412
3766512,190,1826038,3094088,1267412
3766513,196,1826039,3094090,1267412
3766514,202,1826040,3094092,1267412
3766515,208,1826041,3094094,1267412
3766516,214,1826042,3094096,1267412
3766517,220,1826043,3094099,1267412
3766518,2,1827240,3094003,1267479
3766519,4,1827903,3094143,1267491
3766520,0,1828399,3094143,1267526
3766521,8,1828432,3094175,1267533
3766522,4,881052,3092564,1267540
3766523,9,881053,3092566,1267540
3766524,14,881054,3094098,1267540
3766525,3,1828684,3060512,1267548
3766526,7,1828685,3053936,1267548
3766527,11,1828686,3060487,1267548
3766528,2,1828795,3094227,1267562
3766529,5,1828796,3094228,1267562
3766530,8,1828797,3094229,1267562
3766531,11,1828798,3094230,1267562
3766532,14,1828799,3094231,1267562
3766533,17,1828800,3094232,1267562
3766534,20,1828801,3094234,1267562
3766535,23,1828802,3094236,1267562
3766536,26,1828803,3094238,1267562
3766537,29,1828804,3094240,1267562
3766538,7,1828865,3094252,1267569
3766539,11,1828866,3080324,1267569
3766540,15,1828867,3080319,1267569
3766541,19,1828868,3080312,1267569
3766542,2,1829186,3094192,1267572
3766543,1,881374,3094183,1267579
3766544,4,881376,3094184,1267579
3766545,7,881377,3094185,1267579
3766546,10,881378,3054137,1267579
3766547,13,881379,3094187,1267579
3766548,16,881380,3094190,1267579
3766549,19,881381,3094194,1267579
3766550,22,881382,3094198,1267579
3766551,25,881383,3094202,1267579
3766552,28,881384,3094204,1267579
3766553,31,881385,3094206,1267579
3766554,33,881389,3094219,1267579
3766555,4,1829716,3094302,1267583
3766556,9,1829717,3094303,1267583
3766557,14,1829718,3094304,1267583
3766558,19,1829719,3094305,1267583
3766559,24,1829720,3094306,1267583
3766560,26,881420,3094307,1267583
3766561,3,881508,3044341,1267600
3766562,7,881509,3044329,1267600
3766563,11,881510,3060182,1267600
3766564,15,881511,3084157,1267600
3766565,20,881514,3050876,1267600
3766566,24,881515,3094264,1267600
3766567,28,881516,3052235,1267600
3766568,42,1830068,3044325,1267600
3766569,71,1830080,3065444,1267600
3766570,74,881527,3065444,1267600
3766571,88,1830083,3065440,1267600
3766572,91,881536,3065440,1267600
3766573,8,1830444,3094327,1150437
3766574,4,1830486,3084302,1267620
3766575,9,1830487,3084304,1267620
3766576,1,881656,3094323,1267621
3766577,14,1830488,3084306,1267620
3766578,19,1830489,3084307,1267620
3766579,24,1830490,3084309,1267620
3766580,0,1830503,3094327,1267622
3766581,0,1830614,3094350,1267632
3766582,2,1830647,3043969,1267637
3766583,3,881771,3080998,1267661
3766584,8,1831061,3094383,1267670
3766585,2,881828,3094314,1267671
3766586,21,1831065,3094386,1150544
3766587,33,1831130,3094388,1150562
3766588,1,881858,3094390,1267673
3766589,1,882263,3044706,1267747
3766590,75,1832447,3044769,1267747
3766591,79,882273,3094457,1267747
3766592,83,882274,3094459,1267747
3766593,85,1832452,3047910,1267747
3766594,88,1832454,3047912,1267747
3766595,91,1832456,3047914,1267747
3766596,94,1832458,3047916,1267747
3766597,97,1832460,3047918,1267747
3766598,100,1832462,3047920,1267747
3766599,103,1832464,3047922,1267747
3766600,106,1832466,3094461,1267747
3766601,108,1832467,3049092,1267747
3766602,111,1832469,3094463,1267747
3766603,114,1832471,3094465,1267747
3766604,117,1832473,3094467,1267747
3766605,120,1832475,3094469,1267747
3766606,123,1832477,3094471,1267747
3766607,126,1832479,3094473,1267747
3766608,129,1832481,3094475,1267747
3766609,136,882278,3054971,1267747
3766610,140,1832544,3054971,1267747
3766611,143,882280,3086446,1267747
3766612,6,1832645,3094452,1267765
3766613,6,1832661,3070800,1267768
3766614,9,1832662,3094505,1267768
3766615,8,1832889,3094398,1267789
3766616,10,882462,3094391,1267789
3766617,2,882553,3094557,1267806
3766618,23,1833927,3062015,1267870
3766619,2,1834147,3080449,1267882
3766620,2,1834441,3094748,1267884
3766621,13,1834442,3094759,1267884
3766622,1,1834477,3083148,1267887
3766623,3,1834478,3094519,1267887
3766624,5,1834479,3063336,1267887
3766625,7,1834480,3094520,1267887
3766626,9,1834481,3050526,1267887
3766627,11,1834482,3050525,1267887
3766628,13,1834483,3050536,1267887
3766629,15,1834484,3046584,1267887
3766630,17,1834485,3092790,1267887
3766631,19,1834486,3050540,1267887
3766632,21,1834487,3094521,1267887
3766633,23,1834488,3066383,1267887
3766634,25,1834489,3055816,1267887
3766635,27,1834490,3050543,1267887
3766636,29,1834492,3078108,1267887
3766637,31,1834493,3078109,1267887
3766638,33,1834494,3078110,1267887
3766639,35,1834495,3085712,1267887
3766640,37,1834496,3085715,1267887
3766641,39,1834497,3078181,1267887
3766642,41,1834499,3063358,1267887
3766643,43,1834500,3085643,1267887
3766644,45,1834501,3094522,1267887
3766645,47,1834503,3086652,1267887
3766646,49,1834504,3094523,1267887
3766647,51,1834505,3094524,1267887
3766648,53,1834506,3094525,1267887
3766649,55,1834507,3050550,1267887
3766650,57,1834508,3050547,1267887
3766651,59,1834509,3050514,1267887
3766652,61,1834510,3050561,1267887
3766653,63,1834511,3050552,1267887
3766654,65,1834512,3050551,1267887
3766655,67,1834513,3094526,1267887
3766656,69,1834514,3086693,1267887
3766657,71,1834515,3085726,1267887
3766658,73,1834516,3078157,1267887
3766659,75,1834517,3068356,1267887
3766660,91,1834518,3077719,1267887
3766661,8,1834592,3095041,1267897
3766662,11,1834589,3058553,1267897
3766663,26,883163,3094753,1152058
3766664,27,1834692,3094748,1152058
3766665,26,883229,3094763,1152077
3766666,27,1834796,3094759,1152077
3766667,1,883298,3094744,1267912
3766668,2,1834922,3094748,1267912
3766669,6,1834919,3094755,1267912
3766670,7,1834923,3094759,1267912
3766671,11,1834920,3094767,1267912
3766672,14,1834921,3094769,1267912
3766673,4,883326,3095061,1267919
3766674,4,1835095,3091136,1267931
3766675,9,1835096,3091137,1267931
3766676,14,1835097,3091138,1267931
3766677,16,883392,3095076,1267931
3766678,3,1835241,3095077,1267953
3766679,4,1835386,3095093,1267966
3766680,9,1835387,3062020,1267966
3766681,14,1835388,3095094,1267966
3766682,16,883513,3095095,1267966
3766683,517,1835400,3085457,1267964
3766684,154,1835732,3095065,1152232
3766685,164,1835745,3095065,1152232
3766686,8,1835780,3095097,1267989
3766687,15,883675,3095129,1268001
3766688,17,883677,3095131,1268001
3766689,8,1836131,3095145,1268018
3766690,359,1836146,3095065,1152232
3766691,8,1836280,3095151,1268030
3766692,8,1836323,3095148,1268034
3766693,2,884345,3095164,1268067
3766694,5,884346,3095166,1268067
3766695,8,884347,3091124,1268067
3766696,11,884348,3053998,1268067
3766697,14,884350,3095168,1268067
3766698,39,1837007,3079761,1268065
3766699,40,1837028,3079764,1268065
3766700,17,884351,3095170,1268067
3766701,44,884352,3095183,1268065
3766702,55,884358,3079764,1268065
3766703,8,1837268,3095210,1268081
3766704,0,1837343,3095225,1268089
3766705,10,1837381,3095221,1268090
3766706,4,1837491,3095193,1152773
3766707,8,1838121,3095254,1268115
3766708,11,1838116,3095250,1268115
3766709,14,1838117,3095251,1268115
3766710,17,1838118,3095253,1268115
3766711,3,1838232,3095265,1268131
3766712,2,1838414,3095186,1268151
3766713,3,1838419,3095193,1268151
3766714,2,1838459,3090604,1268159
3766715,5,884873,3095063,1268174
3766716,7,1838655,3064934,1268174
3766717,9,1838656,3072944,1268174
3766718,2,1839020,3090120,1268212
3766719,3,1839072,3095364,1268221
3766720,7,1839073,3095366,1268221
3766721,11,1839074,3095368,1268221
3766722,15,1839075,3095371,1268221
3766723,3,1839304,3052954,1268245
3766724,1,885257,3095410,1268282
3766725,3,885262,3095411,1268282
3766726,5,885604,3095442,1268328
3766727,4,1840665,3095458,1268335
3766728,9,1840666,3095460,1268335
3766729,14,1840667,3095461,1268335
3766730,16,885625,3095464,1268335
3766731,8,1840840,3095445,1268344
3766732,10,1840835,3095435,1268344
3766733,12,885672,3095437,1268344
3766734,15,1840837,3095439,1268344
3766735,17,885674,3095441,1268344
3766736,19,1840838,3095442,1268344
3766737,3,1841309,3047901,1268375
3766738,7,1841310,3095511,1268375
3766739,11,1841311,3061495,1268375
3766740,15,1841312,3095512,1268375
3766741,19,1841313,3052588,1268375
3766742,23,1841314,3095513,1268375
3766743,27,1841315,3095514,1268375
3766744,31,1841316,3095515,1268375
3766745,37,1841317,3095516,1268375
3766746,43,1841318,3052489,1268375
3766747,49,1841319,3095517,1268375
3766748,53,1841320,3065234,1268375
3766749,59,1841321,3095518,1268375
3766750,63,1841322,3095519,1268375
3766751,67,1841323,3095520,1268375
3766752,73,1841324,3095521,1268375
3766753,77,1841325,3095522,1268375
3766754,83,1841326,3095523,1268375
3766755,89,1841327,3095524,1268375
3766756,95,1841328,3095525,1268375
3766757,101,1841329,3095526,1268375
3766758,105,1841330,3095527,1268375
3766759,109,1841331,3052651,1268375
3766760,115,1841332,3052562,1268375
3766761,119,1841333,3047817,1268375
3766762,123,1841334,3095528,1268375
3766763,129,1841335,3095529,1268375
3766764,135,1841336,3095530,1268375
3766765,141,1841338,3095531,1268375
3766766,147,1841339,3095533,1268375
3766767,153,1841340,3095534,1268375
3766768,159,1841341,3095535,1268375
3766769,165,1841342,3052516,1268375
3766770,171,1841343,3095537,1268375
3766771,177,1841344,3068353,1268375
3766772,181,1841345,3052605,1268375
3766773,185,1841346,3052680,1268375
3766774,189,1841347,3084187,1268375
3766775,195,1841348,3095538,1268375
3766776,199,1841349,3095539,1268375
3766777,205,1841350,3074425,1268375
3766778,209,1841351,3068541,1268375
3766779,213,1841352,3095540,1268375
3766780,219,1841353,3095541,1268375
3766781,223,1841354,3095542,1268375
3766782,227,1841355,3095543,1268375
3766783,233,1841356,3095545,1268375
3766784,237,1841357,3095546,1268375
3766785,243,1841358,3074397,1268375
3766786,247,1841359,3084191,1268375
3766787,253,1841360,3052563,1268375
3766788,257,1841361,3093799,1268375
3766789,263,1841363,3052494,1268375
3766790,267,1841365,3095547,1268375
3766791,271,1841366,3061496,1268375
3766792,275,1841367,3052537,1268375
3766793,279,1841368,3095548,1268375
3766794,283,1841369,3095549,1268375
3766795,287,1841370,3052629,1268375
3766796,291,1841371,3095552,1268375
3766797,295,1841372,3095555,1268375
3766798,299,1841373,3095556,1268375
3766799,303,1841374,3052637,1268375
3766800,307,1841375,3052636,1268375
3766801,313,1841376,3095559,1268375
3766802,319,1841377,3066231,1268375
3766803,323,1841378,3052536,1268375
3766804,329,1841379,3066232,1268375
3766805,335,1841380,3052520,1268375
3766806,341,1841381,3065225,1268375
3766807,345,1841382,3095562,1268375
3766808,349,1841383,3052621,1268375
3766809,355,1841384,3095564,1268375
3766810,359,1841385,3095567,1268375
3766811,363,1841386,3052560,1268375
3766812,367,1841387,3052513,1268375
3766813,371,1841388,3052515,1268375
3766814,521,1841389,3068963,1268375
3766815,5,1841621,3095482,1268380
3766816,8,1841622,3091070,1268380
3766817,11,1841623,3095483,1268380
3766818,2,1841863,3095644,1268400
3766819,4,1841896,3075030,1268405
3766820,9,1841897,3068416,1268405
3766821,11,886164,3095647,1268405
3766822,2,886233,3045937,1268410
3766823,5,886236,3045944,1268410
3766824,8,886238,3045941,1268410
3766825,11,886240,3045943,1268410
3766826,14,886244,3095598,1268410
3766827,16,1841996,3095601,1268410
3766828,4,1842023,3095688,1268415
3766829,4,886464,3095708,1268434
3766830,14,1842660,3095710,1268458
3766831,29,1842661,3095711,1268458
3766832,44,1842662,3095712,1268458
3766833,4,1842747,3095572,1268461
3766834,11,1842748,3095574,1268461
3766835,16,1842749,3095576,1268461
3766836,59,1842663,3091331,1268458
3766837,61,886537,3095737,1268458
3766838,1,1842814,3095742,1268463
3766839,2,1842992,3095769,1268478
3766840,5,1842993,3095770,1268478
3766841,8,1842995,3095771,1268478
3766842,8,1843466,3095857,1268506
3766843,5,1843764,3095806,1268519
3766844,2,886881,3095796,1268523
3766845,5,886882,3095798,1268523
3766846,8,1844059,3095800,1268523
3766847,11,1844061,3095802,1268523
3766848,12,1844188,3095806,1268523
3766849,17,1844062,3095860,1268523
3766850,21,1844064,3095862,1268523
3766851,25,1844065,3095867,1268523
3766852,110,1844067,3095869,1268523
3766853,8,1844553,3095944,1268533
3766854,8,1844567,3062777,1268534
3766855,9,1844810,3095957,1268546
3766856,2,1844836,3095955,1268549
3766857,4,1845007,3064691,1268561
3766858,9,1845008,3064693,1268561
3766859,14,1845009,3064688,1268561
3766860,16,887159,3095987,1268561
3766861,3,1845194,3062790,1268571
3766862,7,1845195,3062792,1268571
3766863,3,1845349,3096014,1268575
3766864,7,1845350,3096015,1268575
3766865,22,1846109,3096041,1268611
3766866,28,1846105,3086086,1268611
3766867,9,1848415,3096057,1268665
3766868,3241,1846283,3096039,1268614
3766869,4035,1846284,3096042,1268614
3766870,27,1848416,3096059,1268665
3766871,5221,1846285,3096044,1268614
3766872,5224,1846286,3096045,1268614
3766873,5227,1846287,3096047,1268614
3766874,5230,1846288,3096049,1268614
3766875,5233,1846289,3096051,1268614
3766876,0,1849674,3063160,1268676
3766877,3,1849672,3095755,1268676
3766878,6,1849673,3095158,1268676
3766879,2,1849678,3095062,1268678
3766880,2,887863,3096064,1268683
3766881,6,1849743,3049611,1268683
3766882,10,1849744,3063110,1268683
3766883,14,1849745,3063112,1268683
3766884,18,887864,3050362,1268683
3766885,21,1849746,3050350,1268683
3766886,24,1849747,3050354,1268683
3766887,27,1849749,3050366,1268683
3766888,8,1850544,3096179,1268724
3766889,15,1850539,3044764,1268724
3766890,22,1850540,3044766,1268724
3766891,14,433347,3096186,1268747
3766892,8,1851310,3096225,1268763
3766893,10,1851306,3096219,1268763
3766894,2,888458,3083568,1268767
3766895,5,888460,3083588,1268767
3766896,8,888461,3083598,1268767
3766897,11,888462,3083570,1268767
3766898,14,888463,3083572,1268767
3766899,17,888464,3083574,1268767
3766900,20,888465,3083584,1268767
3766901,23,888466,3083576,1268767
3766902,26,888467,3083578,1268767
3766903,29,888468,3083580,1268767
3766904,32,888469,3083590,1268767
3766905,35,888470,3083592,1268767
3766906,38,888472,3083594,1268767
3766907,41,888476,3083586,1268767
3766908,44,888479,3083582,1268767
3766909,47,888490,3073339,1268767
3766910,50,888491,3083596,1268767
3766911,3,1852040,3096240,1268788
3766912,7,1852041,3096241,1268788
3766913,28,1852123,3096104,1155841
3766914,2,1852414,3096087,1268805
3766915,5,1852415,3096089,1268805
3766916,6,1852441,3096100,1268805
3766917,18,1852431,3096096,1268805
3766918,37,1852421,3096098,1268805
3766919,53,1852426,3096102,1268805
3766920,55,1852427,3096104,1268805
3766921,58,1852428,3096106,1268805
3766922,61,888926,3096145,1268805
3766923,3,1852629,3096309,1268817
3766924,7,1852630,3096310,1268817
3766925,11,1852631,3096312,1268817
3766926,3,1852686,3096301,1268826
3766927,2,1853011,3096343,1268844
3766928,5,1853012,3096344,1268844
3766929,8,1853013,3096345,1268844
3766930,11,1853014,3096346,1268844
3766931,14,1853015,3096347,1268844
3766932,17,1853016,3096348,1268844
3766933,20,1853017,3096349,1268844
3766934,2,1853026,3096341,1268847
3766935,4,1853174,3088044,1268854
3766936,9,1853175,3088042,1268854
3766937,11,889100,3096396,1268854
3766938,7,889132,3096409,1268861
3766939,8,1853335,3096414,1268870
3766940,34,1854163,3096381,1268930
3766941,59,437073,3096381,1268930
3766942,6,1854376,3096483,1156423
3766943,9,1854377,3096486,1156423
3766944,0,1854547,3096483,1268948
3766945,2,1854549,3096486,1268948
3766946,17,1854543,3096508,1268948
3766947,103,1854544,3096512,1268948
3766948,1,889968,3089720,1268962
3766949,3,889970,3089728,1268962
3766950,8,1854964,3096400,1268981
3766951,11,1854959,3096374,1268981
3766952,6,890054,3096506,1156542
3766953,2,1855921,3096589,1269049
3766954,5,1855922,3096591,1269049
3766955,6,1856042,3096657,1269059
3766956,10,1856043,3096659,1269059
3766957,2,1856490,3091247,1269096
3766958,3,1856585,3096702,1269106
3766959,8,1856609,3096520,1269109
3766960,29,1856645,3096526,1269114
3766961,1,1856740,3096720,1269119
3766962,3,1856741,3096722,1269119
3766963,6,1857760,3096469,1157269
3766964,8,1857783,3096819,1269171
3766965,2,1857991,3055906,1269175
3766966,6,1858121,3096536,1269178
3766967,63,1858218,3062885,1269187
3766968,3,1858252,3096425,1269189
3766969,4,1858257,3096469,1269189
3766970,8,1858253,3096471,1269189
3766971,11,1858254,3096473,1269189
3766972,13,1858255,3096481,1269189
3766973,14,1858260,3070779,1269189
3766974,17,1858262,3096520,1269189
3766975,19,1858263,3096526,1269189
3766976,23,1858256,3096528,1269189
3766977,24,1858265,3096536,1269189
3766978,8,1858348,3096834,1269200
3766979,1,1858358,3096848,1269203
3766980,27,1858618,3096878,1269241
3766981,30,1858623,3096879,1269241
3766982,31,1858633,3096877,1269241
3766983,93,891575,3045738,1269234
3766984,13,1858729,3096883,1269250
3766985,4,1858748,3060524,1269254
3766986,9,1858749,3096887,1269254
3766987,11,891586,3096888,1269254
3766988,2,1859534,3096926,1269267
3766989,8,1859802,3096931,1269278
3766990,4,1860575,3096969,1269336
3766991,9,1860576,3065933,1269336
3766992,14,1860577,3096970,1269336
3766993,16,892116,3096971,1269336
3766994,1,892311,3060993,1269355
3766995,3,892357,3096977,1269349
3766996,341,1861179,3096980,1269349
3766997,342,1861178,3096982,1269349
3766998,343,1861177,3096984,1269349
3766999,344,1861176,3096986,1269349
3767000,345,1861175,3046427,1269349
3767001,346,1861174,3096988,1269349
3767002,347,1861173,3096990,1269349
3767003,350,1861126,3096992,1269349
3767004,353,1861127,3096978,1269349
3767005,0,1861416,3082931,1269375
3767006,2,1861417,3082929,1269375
3767007,4,1861418,3082922,1269375
3767008,6,1861419,3082925,1269375
3767009,8,1861420,3082932,1269375
3767010,10,1861421,3082927,1269375
3767011,2,892554,3097002,1269374
3767012,4,1861415,3097003,1269374
3767013,5,1861422,3097004,1269374
3767014,12,1861829,3093301,1269399
3767015,2,892814,3097015,1269401
3767016,7,1861877,3097021,1269401
3767017,23,1861882,3097008,1269401
3767018,3,1862026,3096954,1269431
3767019,7,1862027,3096955,1269431
3767020,11,1862028,3096956,1269431
3767021,15,1862029,3096957,1269431
3767022,19,1862030,3096958,1269431
3767023,23,1862031,3096959,1269431
3767024,8,1862299,3097044,1269449
3767025,9,1862307,3097043,1269449
3767026,22,1862301,3097043,1269449
3767027,26,1862310,3097043,1269449
3767028,4,1862360,3084082,1269453
3767029,9,1862361,3084083,1269453
3767030,14,1862362,3084084,1269453
3767031,8,1862374,3097089,1269454
3767032,19,1862363,3084085,1269453
3767033,24,1862364,3084086,1269453
3767034,29,1862365,3063321,1269453
3767035,34,1862366,3084088,1269453
3767036,39,1862367,3084089,1269453
3767037,44,1862368,3064746,1269453
3767038,49,1862369,3064753,1269453
3767039,54,1862370,3050289,1269453
3767040,56,893035,3097101,1269453
3767041,2,1862439,3054650,1269462
3767042,11,1862454,3097074,1158296
3767043,8,1862516,3097076,1269469
3767044,30,1862526,3097134,1158311
3767045,9,445177,3097131,1158432
3767046,8,1862876,3097218,1269496
3767047,15,1863847,3097253,1158655
3767048,19,1863856,3097251,1158663
3767049,22,1863861,3097253,1158663
3767050,6,1863908,3097249,1269533
3767051,8,1863903,3097266,1269533
3767052,10,1863904,3097268,1269533
3767053,8,1864882,3097354,1269570
3767054,0,1865001,3097350,1269583
3767055,2,1865116,3097298,1269590
3767056,8,1865374,3097372,1269610
3767057,66,1865424,3044957,1269614
3767058,114,894296,3097357,1269603
3767059,6,1865439,3066153,1269620
3767060,13,1865440,3066154,1269620
3767061,15,894302,3097381,1269620
3767062,2,1865530,3095709,1269627
3767063,7,1865627,3091412,1269633
3767064,11,1865628,3097386,1269633
3767065,15,1865629,3097388,1269633
3767066,19,1865630,3069985,1269633
3767067,23,1865631,3071067,1269633
3767068,27,1865632,3078703,1269633
3767069,31,1865633,3097389,1269633
3767070,35,1865634,3097391,1269633
3767071,39,1865635,3097393,1269633
3767072,43,1865636,3078692,1269633
3767073,47,1865637,3078694,1269633
3767074,51,1865638,3078701,1269633
3767075,55,1865639,3097398,1269633
3767076,59,1865640,3097402,1269633
3767077,63,1865642,3078686,1269633
3767078,67,1865643,3078688,1269633
3767079,71,1865644,3078690,1269633
3767080,75,1865645,3060432,1269633
3767081,38,894406,3097409,1269645
3767082,41,1865734,3097411,1269645
3767083,43,894414,3097417,1269645
3767084,152,894442,3097384,1269633
3767085,158,1865578,3091412,1269633
3767086,163,1865580,3097386,1269633
3767087,168,1865582,3097388,1269633
3767088,173,1865584,3069985,1269633
3767089,178,1865586,3071067,1269633
3767090,183,1865588,3078703,1269633
3767091,188,1865590,3097389,1269633
3767092,193,1865592,3097391,1269633
3767093,198,1865595,3097393,1269633
3767094,203,1865597,3078692,1269633
3767095,208,1865599,3078694,1269633
3767096,213,1865603,3078701,1269633
3767097,218,1865606,3097398,1269633
3767098,223,1865618,3097402,1269633
3767099,228,1865620,3078686,1269633
3767100,233,1865622,3078688,1269633
3767101,238,1865624,3078690,1269633
3767102,243,1865626,3060432,1269633
3767103,8,1865882,3097416,1269664
3767104,8,1865916,3097433,1269668
3767105,10,894537,3097431,1269668
3767106,2,1866062,3097437,1269679
3767107,8,1866350,3097434,1269700
3767108,1,1866711,3097502,1269707
3767109,2,894746,3097595,1269721
3767110,5,1866901,3097598,1269721
3767111,13,894751,3097599,1269721
3767112,6,894944,3097569,1269769
3767113,13,894948,3097571,1269769
3767114,1,894974,3061075,1269783
3767115,11,1867833,3061073,1269783
3767116,21,1867835,3097645,1269783
3767117,31,1867837,3097647,1269783
3767118,41,1867839,3097651,1269783
3767119,51,1867841,3097655,1269783
3767120,54,1867852,3097659,1269783
3767121,58,1867854,3097661,1269783
3767122,62,1867855,3097663,1269783
3767123,65,894991,3097675,1269783
3767124,67,894993,3097677,1269783
3767125,69,894995,3097679,1269783
3767126,72,1867861,3097681,1269783
3767127,76,1867862,3097683,1269783
3767128,79,894999,3097685,1269783
3767129,81,895002,3097687,1269783
3767130,83,1867798,3097691,1269783
3767131,85,895004,3097693,1269783
3767132,88,1867800,3097698,1269783
3767133,90,895006,3097706,1269783
3767134,92,895010,3097711,1269783
3767135,96,895012,3097716,1269783
3767136,99,1867802,3097721,1269783
3767137,102,1867804,3097723,1269783
3767138,106,1867807,3069941,1269783
3767139,110,1867810,3097727,1269783
3767140,112,895015,3097730,1269783
3767141,115,1867812,3097733,1269783
3767142,117,895017,3097735,1269783
3767143,120,1867814,3097739,1269783
3767144,122,895022,3097741,1269783
3767145,125,1867818,3097743,1269783
3767146,5,1868188,3097777,1269817
3767147,4,1868347,3097775,1269837
3767148,8,1868348,3097776,1269837
3767149,12,1868349,3097779,1269837
3767150,3,895664,3097710,1269854
3767151,1,895685,3097817,1269861
3767152,8,1869108,3097806,1269867
3767153,6,895862,3097835,1269889
3767154,10,895865,3097838,1269889
3767155,2,895947,3097504,1269902
3767156,5,895949,3097505,1269902
3767157,7,1869603,3097549,1269902
3767158,2,896033,3097841,1269926
3767159,4,896035,3097842,1269926
3767160,13,1869879,3097844,1269926
3767161,0,1870300,3097873,1269981
3767162,10,1870412,3096303,1269993
3767163,21,1870414,3084609,1269993
3767164,32,1870416,3097881,1269993
3767165,43,1870417,3097882,1269993
3767166,54,1870419,3095745,1269993
3767167,65,1870420,3095754,1269993
3767168,76,1870422,3095746,1269993
3767169,87,1870423,3052655,1269993
3767170,89,896288,3097893,1269993
3767171,3,1870500,3065968,1270001
3767172,6,1870998,3097915,1270018
3767173,1,1871025,3094491,1270021
3767174,22,1871029,3097899,1270021
3767175,3,1871054,3092393,1270020
3767176,46,1871040,3094493,1270021
3767177,51,1871041,3094498,1270021
3767178,56,1871042,3094501,1270021
3767179,1,1871464,3091954,1270053
3767180,2,1871622,3052666,1270073
3767181,2,1871800,3097944,1270091
3767182,3,1872556,3098021,1270134
3767183,20,1872557,3098025,1270134
3767184,22,896909,3098026,1270134
3767185,28,896910,3098027,1270134
3767186,6,1872883,3098032,1270152
3767187,4,1872910,3068052,1270156
3767188,9,1872911,3092959,1270156
3767189,14,1872912,3068232,1270156
3767190,16,897013,3098044,1270156
3767191,4,1873482,3071768,1270181
3767192,9,1873483,3071771,1270181
3767193,14,1873484,3051266,1270181
3767194,19,1873485,3098061,1270181
3767195,24,1873486,3098062,1270181
3767196,29,1873487,3098063,1270181
3767197,34,1873488,3098064,1270181
3767198,39,1873489,3098065,1270181
3767199,44,1873490,3098066,1270181
3767200,46,897210,3098067,1270181
3767201,5,1873770,3098088,1270192
3767202,11,1873771,3098096,1270192
3767203,17,1873772,3098098,1270192
3767204,3,1873941,3098139,1270200
3767205,4,1874045,3098158,1270206
3767206,5,1874067,3098160,1270209
3767207,5,1874095,3098162,1270210
3767208,5,1874102,3098164,1270211
3767209,8,1875001,3098002,1270242
3767210,3,1875113,3098150,1270253
3767211,3,1875503,3098202,1270269
3767212,4,897746,3098183,1270271
3767213,22,897889,3098267,1161542
3767214,25,1876262,3098267,1161542
3767215,2,1876724,3096187,1270297
3767216,5,1876949,3076773,1270322
3767217,11,1876950,3076776,1270322
3767218,17,1876951,3076778,1270322
3767219,23,1876952,3076780,1270322
3767220,29,1876953,3076781,1270322
3767221,35,1876954,3076782,1270322
3767222,41,1876955,3076783,1270322
3767223,47,1876956,3076784,1270322
3767224,53,1876957,3076785,1270322
3767225,59,1876958,3063985,1270322
3767226,65,1876959,3063986,1270322
3767227,71,1876960,3063989,1270322
3767228,77,1876961,3063988,1270322
3767229,83,1876962,3076786,1270322
3767230,89,1876963,3076787,1270322
3767231,95,1876964,3076788,1270322
3767232,101,1876965,3063990,1270322
3767233,107,1876966,3063991,1270322
3767234,113,1876967,3063987,1270322
3767235,119,1876968,3076789,1270322
3767236,125,1876969,3076790,1270322
3767237,131,1876970,3076791,1270322
3767238,137,1876971,3076792,1270322
3767239,143,1876972,3082286,1270322
3767240,145,898185,3098319,1270322
3767241,147,898191,3082288,1270322
3767242,6,1877327,3098339,1270343
3767243,0,1877537,3093737,1270365
3767244,8,1877673,3098327,1270388
3767245,13,1877670,3098326,1270388
3767246,1,898570,3098424,1270409
3767247,1,1878338,3098432,1270408
3767248,3,1878339,3098434,1270408
3767249,4,1878433,3044157,1270416
3767250,9,1878434,3044158,1270416
3767251,14,1878435,3044155,1270416
3767252,19,1878436,3044156,1270416
3767253,21,898576,3098456,1270416
3767254,2,1879063,3098488,1270434
3767255,5,1879064,3098489,1270434
3767256,8,1879065,3098490,1270434
3767257,11,1879066,3098491,1270434
3767258,14,1879067,3098492,1270434
3767259,4,898831,3098447,1270440
3767260,9,898841,3098449,1270440
3767261,14,898844,3098451,1270440
3767262,18,1879543,3098457,1270440
3767263,19,1879935,3098459,1270440
3767264,7,1879932,3068526,1270447
3767265,11,1879933,3068527,1270447
3767266,15,1879934,3068528,1270447
3767267,2,1880469,3098518,1270491
3767268,2,1880470,3098518,1270492
3767269,4,899258,3044297,1270495
3767270,4,1880610,3051049,1270498
3767271,9,1880611,3051053,1270498
3767272,14,1880612,3051052,1270498
3767273,16,899270,3098530,1270498
3767274,2,1881343,3098554,1270534
3767275,6,1881487,3073497,1270537
3767276,13,1881488,3073500,1270537
3767277,15,899459,3098582,1270537
3767278,4,1882396,3098548,1270581
3767279,8,1882393,3098548,1270581
3767280,0,1882608,3098548,1270596
3767281,14,1882680,3098630,1270604
3767282,4,1882712,3096082,1270608
3767283,9,1882714,3096083,1270608
3767284,14,1882715,3096081,1270608
3767285,16,899810,3098627,1270608
3767286,2,1882806,3053662,1270620
3767287,10,899904,3098659,1270626
3767288,13,1882890,3098659,1270626
3767289,20,458961,3098617,1163090
3767290,32,1883022,3098619,1163090
3767291,12,1883119,3098619,1163154
3767292,3,1883186,3098684,1270633
3767293,7,1883187,3046787,1270633
3767294,11,1883188,3046968,1270633
3767295,15,1883189,3046992,1270633
3767296,19,1883190,3046965,1270633
3767297,8,1883212,3098662,1270634
3767298,10,900002,3056447,1270634
3767299,23,1883191,3046791,1270633
3767300,13,900003,3098653,1270634
3767301,16,900004,3098655,1270634
3767302,18,1883210,3098659,1270634
3767303,27,1883192,3046998,1270633
3767304,31,1883193,3046985,1270633
3767305,35,1883194,3047269,1270633
3767306,39,1883195,3047270,1270633
3767307,43,1883196,3047268,1270633
3767308,47,1883197,3046987,1270633
3767309,51,1883198,3098686,1270633
3767310,55,1883199,3098688,1270633
3767311,98,1883299,3098617,1163156
3767312,14,1883384,3098617,1270644
3767313,19,1883386,3098619,1270644
3767314,10,1883579,3098763,1163213
3767315,3,1883683,3098725,1270677
3767316,6,1883684,3046281,1270677
3767317,2,900266,3098595,1270683
3767318,3,1883817,3098619,1270683
3767319,5,1883818,3098630,1270683
3767320,6,1883840,3063965,1270687
3767321,12,1883842,3066137,1270687
3767322,19,1883843,3063966,1270687
3767323,26,1883845,3063967,1270687
3767324,28,900300,3098774,1270687
3767325,24,1884391,3098763,1163537
3767326,2,1884411,3097006,1270697
3767327,5,900461,3094641,1270697
3767328,6,1884412,3098763,1270697
3767329,3,900531,3098818,1270718
3767330,2,1884789,3098825,1270721
3767331,3,900744,3098860,1270743
3767332,27,1885608,3098678,1270785
3767333,65,1885609,3098698,1270785
3767334,1,900974,3098909,1270788
3767335,8,1886402,3099058,1270841
3767336,8,1886485,3099055,1270845
3767337,23,1887504,3099059,1270908
3767338,24,1887541,3099061,1270908
3767339,47,1887505,3099063,1270908
3767340,2,1887671,3099109,1270923
3767341,2,1887732,3099113,1270925
3767342,4,1887844,3046898,1270932
3767343,9,1887845,3046814,1270932
3767344,14,1887846,3046799,1270932
3767345,19,1887847,3046801,1270932
3767346,21,901592,3099115,1270932
3767347,0,1887925,3098982,1270934
3767348,2,1887927,3098986,1270934
3767349,5,901616,3050897,1270934
3767350,8,1887913,3099023,1270934
3767351,19,901620,3098986,1270934
3767352,24,1887965,3098986,1270934
3767353,32,901624,3098994,1270934
3767354,39,1887968,3098936,1270934
3767355,43,1887969,3098936,1270934
3767356,49,1887984,3098936,1270934
3767357,52,1887985,3098936,1270934
3767358,61,901627,3043737,1270934
3767359,74,1887994,3098990,1270934
3767360,77,1887995,3098990,1270934
3767361,6,1888777,3099163,1270998
3767362,2,901923,3099196,1271003
3767363,5,901929,3099198,1271003
3767364,8,1889144,3099188,1271014
3767365,15,1889644,3099183,1271069
3767366,18,1889675,3099185,1271069
3767367,7,1889691,3091666,1271072
3767368,8,1890603,3099241,1271109
3767369,2,902391,3099245,1271112
3767370,10,902392,3099246,1271112
3767371,13,1890623,3099248,1271112
3767372,16,1890624,3099250,1271112
3767373,2,1890753,3096885,1271114
3767374,1,1892310,3097134,1271127
3767375,1,902551,3099261,1271130
3767376,4613,1890380,3068097,1271092
3767377,4,1893291,3099273,1271152
3767378,9,1893292,3099274,1271152
3767379,14,1893293,3099275,1271152
3767380,19,1893294,3099276,1271152
3767381,24,1893296,3099277,1271152
3767382,29,1893297,3099278,1271152
3767383,34,1893298,3099279,1271152
3767384,39,1893299,3099280,1271152
3767385,44,1893300,3099281,1271152
3767386,49,1893301,3099282,1271152
3767387,54,1893303,3099283,1271152
3767388,59,1893304,3099284,1271152
3767389,64,1893305,3099285,1271152
3767390,69,1893307,3099286,1271152
3767391,74,1893308,3099287,1271152
3767392,79,1893309,3099288,1271152
3767393,84,1893310,3099289,1271152
3767394,89,1893311,3099290,1271152
3767395,94,1893312,3099297,1271152
3767396,99,1893314,3099301,1271152
3767397,104,1893315,3099306,1271152
3767398,109,1893316,3099310,1271152
3767399,114,1893317,3099311,1271152
3767400,116,902662,3099312,1271152
3767401,5,1893887,3099319,1271189
3767402,4,1893936,3071822,1271196
3767403,9,1893937,3071823,1271196
3767404,11,902780,3099322,1271196
3767405,0,1894089,3099324,1271239
3767406,2,1894090,3099327,1271239
3767407,4,1894091,3099330,1271239
3767408,6,1894092,3099333,1271239
3767409,17,1894084,3099338,1271239
3767410,21,1894085,3078631,1271239
3767411,25,1894086,3047926,1271239
3767412,29,1894087,3057245,1271239
3767413,33,1894088,3047928,1271239
3767414,21,902821,3094286,1271245
3767415,8,1894305,3099343,1271268
3767416,16,902893,3099335,1271268
3767417,26,902898,3099341,1271268
3767418,7,902902,3045583,1271269
3767419,104,902907,3099339,1271268
3767420,27,1894729,3099401,1165945
3767421,0,1894808,3073439,1271292
3767422,2,1894809,3073444,1271292
3767423,8,1894800,3099401,1271292
3767424,34,1894803,3099403,1271292
3767425,8,1895141,3099424,1271310
3767426,5,1895252,3062295,1271322
3767427,16,1895360,3099436,1271326
3767428,0,1895471,3099360,1271332
3767429,2,1895473,3099362,1271332
3767430,6,903300,3099360,1271332
3767431,9,903303,3099362,1271332
3767432,3,1895722,3048686,1271359
3767433,7,1895723,3055890,1271359
3767434,11,1895724,3055886,1271359
3767435,15,1895725,3057131,1271359
3767436,19,1895726,3055892,1271359
3767437,23,1895727,3059226,1271359
3767438,27,1895728,3059554,1271359
3767439,31,1895729,3059557,1271359
3767440,35,1895730,3059556,1271359
3767441,39,1895731,3047820,1271359
3767442,43,1895732,3059234,1271359
3767443,47,1895733,3055888,1271359
3767444,51,1895734,3099501,1271359
3767445,55,1895735,3064709,1271359
3767446,59,1895736,3071233,1271359
3767447,63,1895737,3064707,1271359
3767448,67,1895738,3050115,1271359
3767449,71,1895739,3072415,1271359
3767450,75,1895740,3048685,1271359
3767451,79,1895741,3048683,1271359
3767452,83,1895742,3059240,1271359
3767453,87,1895743,3057133,1271359
3767454,91,1895744,3057134,1271359
3767455,95,1895745,3099504,1271359
3767456,99,1895746,3082742,1271359
3767457,103,1895747,3048687,1271359
3767458,107,1895748,3099509,1271359
3767459,111,1895749,3099513,1271359
3767460,115,1895750,3099516,1271359
3767461,3,903562,3099492,1271396
3767462,13,466102,3099519,1271412
3767463,8,1896217,3099521,1271414
3767464,9,1896218,3099518,1271414
3767465,11,1896219,3099519,1271414
3767466,6,1896557,3099532,1271441
3767467,4,1897313,3062961,1271477
3767468,7,903972,3099483,1271477
3767469,2,1897714,3052250,1271483
3767470,3,904086,3099558,1271499
3767471,4,1897931,3099566,1271499
3767472,6,1897932,3099568,1271499
3767473,8,1897933,3099570,1271499
3767474,129,1898172,3099605,1271507
3767475,259,1898173,3099607,1271507
3767476,2,1898338,3097905,1271512
3767477,389,1898174,3099609,1271507
3767478,519,1898176,3099611,1271507
3767479,524,1898178,3046756,1271507
3767480,529,1898180,3046760,1271507
3767481,534,1898182,3046758,1271507
3767482,539,1898184,3046763,1271507
3767483,161,1898521,3099599,1271515
3767484,1,1898642,3099631,1166631
3767485,13,1898755,3099634,1271532
3767486,2,904322,3099623,1271543
3767487,5,904326,3099625,1271543
3767488,1,1898940,3063736,1271545
3767489,4,1898941,3099631,1271545
3767490,6,1898942,3076212,1271545
3767491,2,1899174,3099642,1271566
3767492,8,1899319,3099621,1271573
3767493,12,904666,3060983,1271573
3767494,15,904667,3059904,1271573
3767495,18,904668,3059902,1271573
3767496,21,1899316,3084519,1271573
3767497,28,904676,3099619,1271573
3767498,6,1899671,3099656,1271589
3767499,8,1900099,3099696,1271626
3767500,6,1900349,3099722,1271634
3767501,3,1900389,3099798,1271643
3767502,6,905311,3090290,1271654
3767503,11,905312,3090279,1271654
3767504,14,1900523,3090279,1271654
3767505,21,1900518,3090286,1271654
3767506,9,1900551,3099803,1271658
3767507,17,1900552,3099805,1271658
3767508,5,905361,3099829,1167246
3767509,8,1900660,3099712,1271662
3767510,10,905423,3099699,1271662
3767511,13,1900654,3099702,1271662
3767512,16,1900655,3099704,1271662
3767513,20,905425,3099706,1271662
3767514,23,1900656,3099709,1271662
3767515,26,1900657,3099711,1271662
3767516,31,1900791,3099822,1167257
3767517,37,1900849,3099826,1167257
3767518,50,1900852,3099808,1167257
3767519,107,1900786,3099825,1167257
3767520,124,905481,3099820,1167257
3767521,130,1900859,3099811,1167257
3767522,148,905484,3099816,1167257
3767523,166,1900776,3099813,1167257
3767524,183,905490,3099815,1167257
3767525,210,1900882,3099818,1167257
3767526,242,1900769,3099823,1167257
3767527,340,1900809,3099825,1167257
3767528,367,905517,3099829,1167257
3767529,399,905526,3099831,1167257
3767530,9,905555,3099832,1167346
3767531,19,905556,3099834,1167346
3767532,2,1901086,3099868,1271673
3767533,16,1901202,3099820,1167400
3767534,3,1901369,3099720,1271708
3767535,3,1901373,3078223,1271710
3767536,31,1901386,3099895,1167501
3767537,32,1901412,3099895,1167503
3767538,3,1901513,3099899,1271721
3767539,7,1901514,3057904,1271721
3767540,11,1901515,3057940,1271721
3767541,15,1901516,3057949,1271721
3767542,19,1901517,3057951,1271721
3767543,23,1901518,3057942,1271721
3767544,27,1901519,3057944,1271721
3767545,31,1901520,3057955,1271721
3767546,35,1901521,3057960,1271721
3767547,39,1901522,3057964,1271721
3767548,43,1901523,3057968,1271721
3767549,47,1901524,3074402,1271721
3767550,51,1901525,3074541,1271721
3767551,55,1901526,3074538,1271721
3767552,59,1901527,3074399,1271721
3767553,63,1901528,3074547,1271721
3767554,67,1901529,3074549,1271721
3767555,71,1901530,3074543,1271721
3767556,75,1901531,3074545,1271721
3767557,79,1901532,3099900,1271721
3767558,83,1901533,3099902,1271721
3767559,87,1901534,3099903,1271721
3767560,91,1901535,3099905,1271721
3767561,95,1901536,3099907,1271721
3767562,99,1901537,3099909,1271721
3767563,149,1901538,3099912,1271721
3767564,0,1901682,3099808,1271722
3767565,2,1901683,3099809,1271722
3767566,4,1901685,3099811,1271722
3767567,6,1901686,3099813,1271722
3767568,8,1901687,3099815,1271722
3767569,10,1901688,3099816,1271722
3767570,12,1901689,3099818,1271722
3767571,14,1901690,3099820,1271722
3767572,16,1901691,3099822,1271722
3767573,18,1901692,3099823,1271722
3767574,20,1901693,3099825,1271722
3767575,22,1901694,3099826,1271722
3767576,25,905816,3099827,1271722
3767577,22,905838,3099723,1271726
3767578,31,905841,3099724,1271726
3767579,34,905842,3099725,1271726
3767580,37,905844,3099727,1271726
3767581,40,905846,3099729,1271726
3767582,2,1901862,3099927,1271741
3767583,2,906020,3055589,1271761
3767584,5,906023,3099963,1271761
3767585,8,906025,3099966,1271761
3767586,11,906027,3099969,1271761
3767587,6,1902592,3099962,1271788
3767588,18,471019,3100011,1167876
3767589,18,471136,3100012,1167895
3767590,18,471177,3100013,1167897
3767591,22,471192,3100014,1167919
3767592,54,1902930,3099936,1167909
3767593,5,471320,3099262,1167932
3767594,7,1902979,3100107,1271816
3767595,102,906433,3069983,1167994
3767596,105,906434,3069870,1167994
3767597,108,906435,3069872,1167994
3767598,76,1903441,3100036,1168061
3767599,124,1903412,3100036,1168061
3767600,136,1903412,3100036,1168061
3767601,8,1903733,3099949,1271851
3767602,11,1904032,3100036,1271858
3767603,13,1904033,3100042,1271858
3767604,23,1904015,3100038,1271858
3767605,24,1904034,3100034,1271858
3767606,59,1904035,3100042,1271858
3767607,109,1904041,3100036,1271858
3767608,111,1904042,3100042,1271858
3767609,113,1904043,3100038,1271858
3767610,139,1904048,3100036,1271858
3767611,141,1904049,3100042,1271858
3767612,143,1904050,3100038,1271858
3767613,82,1903952,3100081,1168266
3767614,84,1904062,3100081,1168266
3767615,88,1903976,3100079,1168266
3767616,90,1903966,3100077,1168266
3767617,91,472333,3100072,1168266
3767618,92,472334,3100074,1168266
3767619,93,906787,3100076,1168266
3767620,52,472421,3100040,1168294
3767621,66,1904111,3100034,1168294
3767622,76,1904195,3100081,1168315
3767623,78,1904196,3100079,1168315
3767624,82,1904198,3100076,1168315
3767625,84,1904199,3100072,1168315
3767626,86,1904200,3100074,1168315
3767627,51,1904319,3100040,1168348
3767628,106,1904373,3100079,1168352
3767629,7,1904420,3100029,1271879
3767630,8,1904431,3100047,1271881
3767631,11,907140,3099999,1271881
3767632,17,907145,3087538,1271881
3767633,27,1904426,3100016,1271881
3767634,30,1904427,3100027,1271881
3767635,33,1904428,3100032,1271881
3767636,34,1904454,3100038,1271881
3767637,36,1904455,3100040,1271881
3767638,8,1904655,3100118,1271906
3767639,13,1904652,3100117,1271906
3767640,2,907675,3100065,1271995
3767641,5,907677,3100066,1271995
3767642,8,907679,3100067,1271995
3767643,11,907681,3100068,1271995
3767644,14,907684,3100069,1271995
3767645,15,1905507,3100072,1271995
3767646,17,1905508,3100074,1271995
3767647,19,1905509,3100076,1271995
3767648,21,1905510,3100077,1271995
3767649,23,1905511,3100079,1271995
3767650,25,1905512,3100081,1271995
3767651,27,1905513,3100094,1271995
3767652,29,1905514,3100096,1271995
3767653,31,1905516,3100098,1271995
3767654,33,1905517,3100100,1271995
3767655,11,1905593,3100150,1272004
3767656,13,907727,3100156,1272004
3767657,18,907731,3100157,1272004
3767658,23,907734,3100159,1272004
3767659,28,907736,3100161,1272004
3767660,33,907740,3100163,1272004
3767661,38,907749,3100165,1272004
3767662,43,907752,3100166,1272004
3767663,46,1905603,3100167,1272004
3767664,49,1905604,3100169,1272004
3767665,57,1905605,3100170,1272004
3767666,2,908038,3100237,1272051
3767667,4,1906278,3100235,1272051
3767668,1,1906451,3100260,1272068
3767669,8,1907362,3100283,1272090
3767670,2,1907461,3100288,1272097
3767671,2,908593,3100273,1272103
3767672,5,908595,3100274,1272103
3767673,4,1907524,3100289,1272107
3767674,4,1907528,3100291,1272108
3767675,4,1907536,3100293,1272110
3767676,4,1907540,3100295,1272111
3767677,4,1907543,3100297,1272112
3767678,4,1907553,3100303,1272113
3767679,4,1907584,3100309,1272116
3767680,4,1907591,3100320,1272117
3767681,4,1907600,3100310,1272118
3767682,4,1907606,3100312,1272119
3767683,4,1907611,3100314,1272122
3767684,4,1907616,3100316,1272124
3767685,1,908634,3100285,1272125
3767686,4,1907627,3100317,1272127
3767687,4,1907638,3100318,1272129
3767688,4,1907647,3100319,1272132
3767689,6,1907653,3100321,1272134
3767690,3,1907659,3100334,1272135
3767691,6,1907657,3100323,1272136
3767692,4,1907675,3066499,1272138
3767693,9,1907676,3047945,1272138
3767694,14,1907677,3100329,1272138
3767695,19,1907678,3066089,1272138
3767696,24,1907679,3052683,1272138
3767697,1,1907697,3100339,1169377
3767698,0,1907705,3100339,1272141
3767699,7,1908309,3100377,1272187
3767700,15,1908310,3100378,1272187
3767701,23,1908311,3100379,1272187
3767702,31,1908312,3100380,1272187
3767703,33,908833,3100384,1272187
3767704,3,1908419,3087052,1272191
3767705,5,1908586,3047977,1272202
3767706,11,1908587,3047976,1272202
3767707,17,1908588,3100391,1272202
3767708,19,908876,3100393,1272202
3767709,1,908950,3100351,1272213
3767710,2,1908886,3100403,1272217
3767711,2,1909448,3100469,1272253
3767712,7,1910283,3066228,1272256
3767713,15,1910284,3046790,1272256
3767714,23,1910285,3068403,1272256
3767715,31,1910286,3100455,1272256
3767716,39,1910287,3100456,1272256
3767717,47,1910288,3100457,1272256
3767718,55,1910289,3043891,1272256
3767719,63,1910290,3066237,1272256
3767720,71,1910291,3059756,1272256
3767721,79,1910292,3100458,1272256
3767722,87,1910293,3086484,1272256
3767723,95,1910294,3100459,1272256
3767724,103,1910295,3086457,1272256
3767725,111,1910296,3043904,1272256
3767726,119,1910297,3100460,1272256
3767727,127,1910298,3100461,1272256
3767728,135,1910299,3045222,1272256
3767729,143,1910300,3088096,1272256
3767730,151,1910301,3100462,1272256
3767731,159,1910302,3065474,1272256
3767732,167,1910303,3058317,1272256
3767733,175,1910304,3046786,1272256
3767734,183,1910305,3100463,1272256
3767735,191,1910306,3066233,1272256
3767736,199,1910307,3100464,1272256
3767737,207,1910308,3051430,1272256
3767738,215,1910309,3053112,1272256
3767739,223,1910310,3100465,1272256
3767740,231,1910311,3058508,1272256
3767741,239,1910312,3059757,1272256
3767742,247,1910313,3100466,1272256
3767743,255,1910314,3100467,1272256
3767744,263,1910315,3086431,1272256
3767745,271,1910316,3078051,1272256
3767746,273,909218,3100468,1272256
3767747,276,1910317,3084079,1272256
3767748,15,1910708,3100446,1169825
3767749,2,1912004,3100447,1272309
3767750,5,1912005,3100448,1272309
3767751,8,1912006,3100449,1272309
3767752,45,1912007,3100451,1272309
3767753,3,1912346,3100564,1272320
3767754,7,1912347,3100565,1272320
3767755,8,1913273,3100745,1272358
3767756,30,1913267,3100604,1272358
3767757,33,1913268,3043930,1272358
3767758,5,1913880,3052643,1272399
3767759,11,1913882,3052640,1272399
3767760,17,1913884,3052679,1272399
3767761,23,1913885,3100803,1272399
3767762,29,1913887,3052678,1272399
3767763,35,1913889,3066908,1272399
3767764,41,1913890,3048825,1272399
3767765,43,910132,3100805,1272399
3767766,5,1914036,3100777,1272405
3767767,11,1914037,3100779,1272405
3767768,1,1915626,3065342,1170948
3767769,4,1915642,3065342,1272467
3767770,12,1915996,3052663,1272497
3767771,25,1915997,3049145,1272497
3767772,38,1915998,3052662,1272497
3767773,51,1915999,3052664,1272497
3767774,64,1916000,3064145,1272497
3767775,77,1916001,3064559,1272497
3767776,90,1916002,3052667,1272497
3767777,103,1916003,3051429,1272497
3767778,7,1916215,3100820,1272507
3767779,17,1916216,3100822,1272507
3767780,116,1916004,3052665,1272497
3767781,129,1916005,3098480,1272497
3767782,142,1916006,3098481,1272497
3767783,155,1916007,3098482,1272497
3767784,168,1916008,3066901,1272497
3767785,181,1916009,3059607,1272497
3767786,5,910552,3081384,1272520
3767787,194,1916010,3048824,1272497
3767788,207,1916011,3052648,1272497
3767789,209,910557,3100943,1272497
3767790,7,910657,3055090,1272529
3767791,11,1916982,3052091,1272547
3767792,1,910796,3100918,1272567
3767793,2,1917955,3101255,1272601
3767794,4,911086,3101260,1272601
3767795,8,1917956,3101264,1272601
3767796,11,1917957,3101267,1272601
3767797,8,1918190,3101159,1272616
3767798,10,911190,3101129,1272616
3767799,12,911192,3101134,1272616
3767800,2,1918272,3101343,1272635
3767801,5,1918273,3101344,1272635
3767802,8,1918274,3101345,1272635
3767803,11,1918275,3101346,1272635
3767804,14,1918276,3101347,1272635
3767805,17,1918277,3101348,1272635
3767806,20,1918278,3101349,1272635
3767807,8,1919100,3101370,1272665
3767808,3,1919324,3058085,1272674
3767809,7,1919325,3058095,1272674
3767810,11,1919326,3101376,1272674
3767811,15,1919328,3058100,1272674
3767812,19,1919330,3058107,1272674
3767813,8,1919753,3101392,1272710
3767814,4,1920023,3101420,1272724
3767815,8,1920285,3101342,1272736
3767816,11,911948,3101318,1272736
3767817,13,1920281,3101319,1272736
3767818,4,1920368,3101444,1272741
3767819,3,1920687,3101449,1272757
3767820,1,1921004,3101430,1272780
3767821,3,1921005,3101432,1272780
3767822,9,1921096,3101476,1272785
3767823,19,1921099,3101477,1272785
3767824,26,1921101,3101478,1272785
3767825,33,1921103,3101479,1272785
3767826,40,1921105,3101480,1272785
3767827,47,1921106,3101481,1272785
3767828,54,1921107,3101484,1272785
3767829,65,1921109,3101485,1272785
3767830,72,1921112,3101486,1272785
3767831,79,1921114,3101487,1272785
3767832,81,912320,3101494,1272785
3767833,104,1921128,3067653,1272785
3767834,5,1921209,3069056,1272795
3767835,8,1921210,3101406,1272795
3767836,9,1921211,3101420,1272795
3767837,4,912634,3101562,1272803
3767838,9,912643,3101564,1272803
3767839,2,1921684,3079579,1272819
3767840,13,1921887,3059512,1272805
3767841,29,912770,3101472,1272805
3767842,3,1921929,3101584,1272833
3767843,45,912785,3101491,1272805
3767844,61,912795,3101495,1272805
3767845,575,1921813,3059432,1272805
3767846,589,1921814,3059434,1272805
3767847,615,912865,3101501,1272805
3767848,661,912922,3101511,1272805
3767849,1175,1921839,3059439,1272805
3767850,1193,1921840,3059441,1272805
3767851,2,1922698,3090614,1272851
3767852,1209,912990,3101518,1272805
3767853,1,1922729,3101594,1272856
3767854,3,1922730,3101595,1272856
3767855,7,913005,3101597,1272856
3767856,1225,913007,3101547,1272805
3767857,1,913029,3101605,1272858
3767858,6,913031,3101606,1272858
3767859,1291,913035,3101550,1272805
3767860,1307,913040,3101557,1272805
3767861,1821,1921857,3072810,1272805
3767862,2,1923152,3101615,1272869
3767863,1849,1921859,3072814,1272805
3767864,11,1923249,3101631,1272874
3767865,3,1923438,3101642,1272891
3767866,1,913225,3101659,1272904
3767867,3,1923570,3075037,1272905
3767868,3,913250,3082705,1272910
3767869,8,1924064,3101686,1272934
3767870,1,913394,3101672,1272937
3767871,7,913397,3101673,1272937
3767872,12,913398,3101674,1272937
3767873,5,913766,3101791,1273043
3767874,2,913905,3095671,1273063
3767875,2,1925711,3101782,1273070
3767876,5,1925712,3101784,1273070
3767877,8,1925713,3101786,1273070
3767878,11,1925714,3101788,1273070
3767879,13,1925715,3058450,1273070
3767880,15,1925716,3080458,1273070
3767881,17,1925717,3077374,1273070
3767882,39,1925678,3101809,1273063
3767883,1,913910,3101821,1273072
3767884,6,913911,3101822,1273072
3767885,5,1925763,3101823,1273076
3767886,11,1925764,3101824,1273076
3767887,17,1925765,3101825,1273076
3767888,19,913930,3101827,1273076
3767889,4,1925926,3084092,1273086
3767890,9,1925927,3084095,1273086
3767891,14,1925928,3084096,1273086
3767892,19,1925929,3091240,1273086
3767893,24,1925930,3091241,1273086
3767894,29,1925931,3091242,1273086
3767895,34,1925932,3091243,1273086
3767896,39,1925933,3091244,1273086
3767897,44,1925934,3091246,1273086
3767898,46,914063,3101836,1273086
3767899,110,486934,3101831,1173336
3767900,4,914223,3101846,1273097
3767901,9,914224,3101847,1273097
3767902,14,914225,3101848,1273097
3767903,8,1926236,3101833,1273099
3767904,10,914252,3101828,1273099
3767905,12,914256,3101829,1273099
3767906,5,914322,3101867,1273107
3767907,2,1926789,3101696,1273111
3767908,5,1926790,3101700,1273111
3767909,9,1926791,3101704,1273111
3767910,13,1926792,3101708,1273111
3767911,17,1926793,3077495,1273111
3767912,21,1926794,3077493,1273111
3767913,385,1926996,3076020,1273111
3767914,1,914612,3101850,1273152
3767915,2,1927426,3102070,1273157
3767916,2,914704,3072336,1273161
3767917,3,1927530,3102130,1273163
3767918,5,1927539,3102129,1273165
3767919,6,1927540,3102130,1273165
3767920,0,1927543,3102129,1273166
3767921,3,914706,3102072,1273168
3767922,7,914707,3102075,1273168
3767923,11,914709,3102076,1273168
3767924,15,914714,3102077,1273168
3767925,19,914715,3102080,1273168
3767926,23,914716,3102083,1273168
3767927,27,914717,3102086,1273168
3767928,31,914718,3102089,1273168
3767929,35,914720,3102090,1273168
3767930,39,914721,3102091,1273168
3767931,43,914722,3102092,1273168
3767932,47,914723,3102093,1273168
3767933,51,914724,3102094,1273168
3767934,55,914727,3102095,1273168
3767935,59,914729,3102096,1273168
3767936,63,914734,3102097,1273168
3767937,67,914742,3102098,1273168
3767938,71,914744,3102099,1273168
3767939,4,1927595,3102138,1273171
3767940,75,914745,3102100,1273168
3767941,9,1927596,3102139,1273171
3767942,14,1927597,3102140,1273171
3767943,16,914747,3102141,1273171
3767944,79,914748,3102101,1273168
3767945,83,914749,3102102,1273168
3767946,87,914750,3102103,1273168
3767947,91,914751,3102104,1273168
3767948,95,914752,3102105,1273168
3767949,99,914756,3102106,1273168
3767950,103,914761,3102107,1273168
3767951,107,914762,3102108,1273168
3767952,111,914768,3102109,1273168
3767953,115,914769,3102110,1273168
3767954,119,914770,3102111,1273168
3767955,123,914774,3102112,1273168
3767956,127,914777,3102113,1273168
3767957,131,914782,3102114,1273168
3767958,135,914785,3102115,1273168
3767959,139,914797,3102116,1273168
3767960,143,914800,3102117,1273168
3767961,147,914809,3102118,1273168
3767962,151,914816,3102119,1273168
3767963,155,914830,3102120,1273168
3767964,159,914835,3102125,1273168
3767965,163,914838,3102128,1273168
3767966,167,914841,3102131,1273168
3767967,171,914845,3102132,1273168
3767968,175,914848,3102133,1273168
3767969,179,914851,3102134,1273168
3767970,183,914852,3102135,1273168
3767971,187,914853,3102136,1273168
3767972,191,914856,3102137,1273168
3767973,2,914937,3102087,1273198
3767974,2,1928089,3060530,1273203
3767975,9,1928090,3060532,1273203
3767976,14,914975,3060528,1273203
3767977,25,1928167,3060528,1273203
3767978,4,1928201,3084161,1273214
3767979,9,1928202,3046800,1273214
3767980,14,1928203,3046810,1273214
3767981,19,1928204,3046817,1273214
3767982,24,1928205,3046803,1273214
3767983,29,1928206,3046880,1273214
3767984,31,915004,3102150,1273214
3767985,4,1928259,3102159,1273220
3767986,0,1928447,3102159,1273224
3767987,3,1928567,3102168,1273227
3767988,2,1928847,3054645,1273235
3767989,2,1929074,3102185,1273238
3767990,8,1929130,3102153,1273245
3767991,3,1929475,3068417,1273251
3767992,3,1929837,3102223,1273266
3767993,8,1929841,3102204,1273267
3767994,8,1929966,3102217,1273271
3767995,2,1930109,3102256,1273280
3767996,2,1930398,3090988,1273318
3767997,5,1930399,3090983,1273318
3767998,27,1930428,3102334,1273322
3767999,5,915816,3102328,1273349
3768000,9,915819,3102332,1273349
3768001,10,1930692,3102330,1273349
3768002,8,1930721,3102333,1273354
3768003,10,1930719,3102328,1273354
3768004,11,1930722,3102330,1273354
3768005,13,1930723,3102332,1273354
3768006,1,915907,3094450,1273357
3768007,6,915908,3102237,1273357
3768008,11,915909,3102239,1273357
3768009,16,915910,3102241,1273357
3768010,21,915911,3102244,1273357
3768011,26,915912,3102246,1273357
3768012,31,915913,3102251,1273357
3768013,0,1931284,3102262,1273381
3768014,3,1931322,3084093,1273387
3768015,4,1931512,3062585,1273408
3768016,9,1931513,3062583,1273408
3768017,14,1931514,3062584,1273408
3768018,16,916059,3102409,1273408
3768019,2,1932188,3102417,1273426
3768020,6,1932151,3102419,1273426
3768021,75,916326,3102422,1273424
3768022,4,1932484,3102441,1273446
3768023,9,1932485,3102442,1273446
3768024,11,916440,3102443,1273446
3768025,21,1932793,3102459,1273454
3768026,8,1933154,3102444,1273462
3768027,1,1933219,3102455,1273465
3768028,3,1933220,3102459,1273465
3768029,8,1933261,3102461,1273471
3768030,9,1933264,3102455,1273471
3768031,11,1933265,3102459,1273471
3768032,15,916830,3102460,1273471
3768033,8,1933297,3102394,1273473
3768034,11,1933288,3102368,1273473
3768035,15,1933292,3102370,1273473
3768036,17,1933293,3102390,1273473
3768037,1,916957,3102481,1273518
3768038,6,916958,3102482,1273518
3768039,7,1933814,3050640,1273537
3768040,15,1933815,3050641,1273537
3768041,23,1933816,3050642,1273537
3768042,31,1933817,3050643,1273537
3768043,39,1933818,3050645,1273537
3768044,47,1933819,3050648,1273537
3768045,55,1933820,3064737,1273537
3768046,63,1933821,3050649,1273537
3768047,1,916990,3102822,1273548
3768048,71,1933822,3064740,1273537
3768049,79,1933823,3047323,1273537
3768050,3,1933923,3102838,1273547
3768051,87,1933824,3064758,1273537
3768052,95,1933825,3076800,1273537
3768053,103,1933826,3076801,1273537
3768054,111,1933828,3076802,1273537
3768055,119,1933829,3058311,1273537
3768056,128,1933830,3061168,1273537
3768057,130,917013,3102672,1273537
3768058,5,1934083,3102488,1273554
3768059,6,1934084,3102838,1273554
3768060,0,1934087,3102488,1273555
3768061,2,1934124,3102859,1273561
3768062,4,1934179,3055686,1273569
3768063,9,1934180,3102870,1273569
3768064,14,1934181,3055687,1273569
3768065,16,917061,3102871,1273569
3768066,8,1934636,3102889,1273583
3768067,2,1934638,3102892,1273584
3768068,2,1934705,3102899,1273590
3768069,6,1935279,3102913,1175892
3768070,2,1935342,3102911,1273644
3768071,8,1935841,3102984,1273664
3768072,11,1935830,3102979,1273664
3768073,27,1935831,3102982,1273664
3768074,3,1935980,3102876,1273669
3768075,7,1935981,3102878,1273669
3768076,5,1936143,3103033,1273705
3768077,2,1936187,3103052,1273711
3768078,81,1936138,3044544,1273703
3768079,87,917812,3103015,1273703
3768080,91,917818,3103018,1273703
3768081,94,1936136,3103020,1273703
3768082,3,1936484,3103054,1273733
3768083,9,1936485,3103057,1273733
3768084,15,1936486,3103058,1273733
3768085,4,1936971,3103080,1273767
3768086,9,1936972,3058557,1273767
3768087,14,1936973,3103081,1273767
3768088,19,1936974,3058558,1273767
3768089,21,917879,3103082,1273767
3768090,3,1937225,3103034,1273779
3768091,2,1937247,3103096,1273780
3768092,5,1937248,3103097,1273780
3768093,8,1937249,3103098,1273780
3768094,3,1937265,3103036,1273781
3768095,3,1937308,3103038,1273783
3768096,3,1937332,3103040,1273784
3768097,50,918042,3103042,1176381
3768098,53,918062,3103044,1176383
3768099,61,918085,3103046,1176389
3768100,35,918103,3103048,1176399
3768101,0,1937516,3103033,1273790
3768102,4,1937517,3103034,1273790
3768103,6,1937518,3103036,1273790
3768104,8,1937519,3103038,1273790
3768105,10,1937520,3103040,1273790
3768106,12,1937521,3103042,1273790
3768107,14,1937522,3103044,1273790
3768108,16,1937523,3103046,1273790
3768109,18,1937525,3103048,1273790
3768110,139,918125,3103084,1273780
3768111,150,918134,3103086,1273780
3768112,161,918138,3103088,1273780
3768113,545,918303,3103100,1273780
3768114,2,1937947,3103133,1273811
3768115,3,1938062,3103149,1273815
3768116,8,1938381,3103167,1273825
3768117,18,1938378,3103166,1273825
3768118,1,918544,3103122,1273832
3768119,15,1938696,3103131,1273832
3768120,2,1939984,3076039,1273901
3768121,0,1940103,3103213,1273909
3768122,4,1941225,3093043,1273932
3768123,9,1941226,3044389,1273932
3768124,14,1941227,3044377,1273932
3768125,19,1941228,3044384,1273932
3768126,24,1941229,3044396,1273932
3768127,29,1941230,3044397,1273932
3768128,34,1941232,3065591,1273932
3768129,39,1941234,3065592,1273932
3768130,44,1941235,3061464,1273932
3768131,49,1941236,3093044,1273932
3768132,54,1941237,3093045,1273932
3768133,59,1941238,3044398,1273932
3768134,8,1943431,3103376,1274017
3768135,8,1943458,3103246,1274019
3768136,11,1943455,3103215,1274019
3768137,151,1943787,3103291,1274023
3768138,303,1943874,3103293,1274023
3768139,8,1944056,3103385,1274025
3768140,455,1943952,3103295,1274023
3768141,607,1943953,3103297,1274023
3768142,3,1944358,3103402,1274035
3768143,8,1944424,3103401,1274045
3768144,1,1944428,3103404,1274047
3768145,3,1944429,3095629,1274047
3768146,5,1944431,3066225,1274047
3768147,7,1944432,3066220,1274047
3768148,9,1944433,3077998,1274047
3768149,11,1944434,3074323,1274047
3768150,21,1944599,3103369,1274052
3768151,1,920429,3103390,1274057
3768152,2,1945301,3057061,1274094
3768153,3,1945403,3103496,1177867
3768154,7,1945404,3103494,1177867
3768155,7,1945480,3103496,1177891
3768156,8,1945478,3103494,1177891
3768157,3,1945528,3103408,1274098
3768158,7,1945529,3103414,1274098
3768159,7,920697,3103498,1274100
3768160,10,1945580,3103498,1274100
3768161,2,1945875,3095160,1274117
3768162,4,1945876,3103492,1274117
3768163,1,920772,3103526,1274122
3768164,4,1946087,3044175,1274131
3768165,9,1946088,3046239,1274131
3768166,14,1946089,3070678,1274131
3768167,16,920824,3103531,1274131
3768168,1,920868,3103532,1274142
3768169,8,1946490,3103458,1274150
3768170,2,1946709,3103546,1274158
3768171,5,1947519,3044863,1274188
3768172,8,1947779,3103564,1274194
3768173,17,1948272,3103572,1274212
3768174,24,921281,3103583,1178347
3768175,1,1949244,3103466,1274221
3768176,4,1949245,3103472,1274221
3768177,42,1949155,3103587,1178347
3768178,68,1949160,3103589,1178347
3768179,71,1949161,3103591,1178347
3768180,2053,1948018,3085467,1274208
3768181,2,921441,3060886,1274243
3768182,4,1950169,3060887,1274243
3768183,6,1950170,3060888,1274243
3768184,2,1950177,3103565,1274245
3768185,5,1950178,3103569,1274245
3768186,8,1950179,3103570,1274245
3768187,23,921465,3103574,1274245
3768188,26,921467,3103576,1274245
3768189,4,1950202,3103658,1274248
3768190,9,1950203,3100338,1274248
3768191,14,1950205,3092645,1274248
3768192,16,921497,3103659,1274248
3768193,2,1950546,3103584,1274254
3768194,5,1950547,3103586,1274254
3768195,157,1950515,3103594,1274254
3768196,3,921546,3103675,1274256
3768197,174,1950550,3103592,1274254
3768198,178,1950541,3103602,1274254
3768199,196,1950542,3103607,1274254
3768200,204,1950543,3103609,1274254
3768201,2,1950942,3103709,1274309
3768202,3,1951105,3103720,1274318
3768203,7,1951106,3103721,1274318
3768204,9,1951544,3103735,1274345
3768205,17,1951547,3103736,1274345
3768206,2,922631,3103746,1274501
3768207,4,922636,3103747,1274501
3768208,13,1954140,3103749,1274501
3768209,3,1954255,3103833,1274511
3768210,7,1954256,3094384,1274511
3768211,11,1954257,3103930,1274511
3768212,15,1954258,3094408,1274511
3768213,19,1954259,3094422,1274511
3768214,23,1954260,3094426,1274511
3768215,27,1954261,3103932,1274511
3768216,31,1954262,3094424,1274511
3768217,35,1954263,3094418,1274511
3768218,39,1954264,3094411,1274511
3768219,43,1954265,3094414,1274511
3768220,47,1954266,3094416,1274511
3768221,51,1954267,3103934,1274511
3768222,55,1954268,3103936,1274511
3768223,59,1954269,3103938,1274511
3768224,63,1954270,3103940,1274511
3768225,66,922730,3094405,1274511
3768226,1,922860,3056942,1274546
3768227,8,1954929,3104003,1274573
3768228,2,1955050,3103987,1274580
3768229,5,923079,3104087,1274581
3768230,2,1955122,3103982,1274583
3768231,2,923110,3064171,1274593
3768232,4,923113,3064174,1274593
3768233,8,1955352,3104089,1274593
3768234,4,1955361,3089204,1274595
3768235,9,1955362,3089216,1274595
3768236,14,1955363,3089230,1274595
3768237,16,923120,3104180,1274595
3768238,8,1956091,3104086,1274622
3768239,11,1956086,3104012,1274622
3768240,47,1956087,3104070,1274622
3768241,55,1956088,3104076,1274622
3768242,61,923541,3104084,1274622
3768243,3,923660,3104205,1274640
3768244,8,1956529,3104243,1274672
3768245,13,1956524,3104241,1274672
3768246,18,1956526,3104242,1274672
3768247,5,1956539,3062293,1274676
3768248,2,1957115,3104207,1274702
3768249,7,1957116,3104209,1274702
3768250,1,924082,3095162,1274707
3768251,2,924756,3097901,1274796
3768252,0,1958403,3071795,1274798
3768253,2,1958404,3071797,1274798
3768254,4,1958405,3091116,1274798
3768255,15,1958406,3071795,1274798
3768256,21,1958407,3071797,1274798
3768257,29,1958410,3091116,1274798
3768258,31,1958411,3104163,1274798
3768259,8,1958854,3104341,1274820
3768260,11,1958851,3104340,1274820
3768261,8,1958918,3104375,1274830
3768262,11,1958915,3104356,1274830
3768263,8,1959228,3104371,1274860
3768264,15,925367,3104351,1274860
3768265,18,1959223,3104353,1274860
3768266,21,1959224,3104354,1274860
3768267,24,925370,3104357,1274860
3768268,8,1959245,3104380,1274861
3768269,11,1959238,3055153,1274861
3768270,16,1959240,3072372,1274861
3768271,21,1959242,3088115,1274861
3768272,15,1959914,3104438,1274900
3768273,2,925871,3104437,1274924
3768274,6,1960507,3104438,1274924
3768275,8,1962020,3104436,1274956
3768276,11,926256,3079366,1274956
3768277,3,1962818,3104499,1275001
3768278,6,1962819,3104554,1275001
3768279,33,1963346,3104786,1275029
3768280,59,1963347,3104788,1275029
3768281,93,1963348,3104790,1275029
3768282,119,1963349,3104792,1275029
3768283,153,1963350,3104794,1275029
3768284,479,1963351,3104796,1275029
3768285,513,1963352,3104798,1275029
3768286,839,1963353,3104804,1275029
3768287,845,1963354,3056690,1275029
3768288,851,1963355,3073891,1275029
3768289,857,1963357,3056692,1275029
3768290,863,1963359,3073894,1275029
3768291,3,1965145,3050650,1275041
3768292,3,1966062,3104842,1275056
3768293,2,1966207,3104855,1275069
3768294,5,1966208,3104856,1275069
3768295,6,1966206,3104669,1275068
3768296,0,1966224,3104669,1275072
3768297,0,1966642,3104886,1275099
3768298,33,1966630,3104887,1275099
3768299,36,1966631,3104888,1275099
3768300,5,927461,3104898,1275119
3768301,1,1967184,3104944,1275132
3768302,1,927616,3104942,1275144
3768303,9,1967423,3104946,1275144
3768304,13,1967420,3104948,1275144
3768305,13,1967540,3081798,1275154
3768306,27,1967541,3081801,1275154
3768307,2,1969154,3105016,1275234
3768308,1,928202,3105038,1275235
3768309,16,1971630,3105146,1275286
3768310,8,1971652,3105146,1183604
3768311,2,1971813,3105122,1275292
3768312,3,929844,3105041,1275300
3768313,7,929846,3105043,1275300
3768314,11,929847,3060764,1275300
3768315,15,929848,3060768,1275300
3768316,26,1971888,3105039,1275300
3768317,36,1971883,3105046,1275300
3768318,39,1971884,3105048,1275300
3768319,8,1971982,3105158,1275313
3768320,2,1972746,3105169,1275363
3768321,5,1972747,3105171,1275363
3768322,8,1972748,3105173,1275363
3768323,11,1972749,3105175,1275363
3768324,14,1972750,3105177,1275363
3768325,17,1972751,3105179,1275363
3768326,3,1972805,3088724,1275368
3768327,3,1973043,3105057,1275386
3768328,7,1973044,3105058,1275386
3768329,11,1973045,3105060,1275386
3768330,15,1973046,3105061,1275386
3768331,19,1973047,3105062,1275386
3768332,23,1973048,3105063,1275386
3768333,27,1973049,3105064,1275386
3768334,31,1973050,3105065,1275386
3768335,35,1973051,3105066,1275386
3768336,39,1973052,3105067,1275386
3768337,43,1973053,3105068,1275386
3768338,47,1973054,3105069,1275386
3768339,51,1973055,3105070,1275386
3768340,55,1973056,3105071,1275386
3768341,59,1973057,3105072,1275386
3768342,63,1973058,3105073,1275386
3768343,67,1973059,3105074,1275386
3768344,71,1973060,3105075,1275386
3768345,75,1973061,3105076,1275386
3768346,79,1973062,3105077,1275386
3768347,83,1973063,3105078,1275386
3768348,87,1973064,3105079,1275386
3768349,91,1973065,3105080,1275386
3768350,95,1973066,3105081,1275386
3768351,99,1973067,3105082,1275386
3768352,103,1973068,3105083,1275386
3768353,107,1973069,3105084,1275386
3768354,53,1973084,3105166,1275387
3768355,1,930385,3066594,1275389
3768356,3,930387,3066604,1275389
3768357,19,1973352,3105204,1275421
3768358,1,1973407,3105206,1275428
3768359,2,930515,3081559,1275431
3768360,4,930517,3081560,1275431
3768361,511,1973889,3105304,1275455
3768362,3,1974332,3105311,1275462
3768363,6,1974491,3105314,1275479
3768364,8,1974651,3105317,1275483
3768365,69,1975041,3105343,1275497
3768366,75,1975043,3105345,1275497
3768367,80,1975047,3105347,1275497
3768368,1,931077,3105370,1275551
3768369,3,1976857,3105392,1275563
3768370,15,1977326,3105425,1275602
3768371,2,1978818,3048259,1275652
3768372,8,1979361,3101268,1275681
3768373,17,1979362,3101270,1275681
3768374,26,1979363,3101271,1275681
3768375,35,1979364,3101274,1275681
3768376,44,1979365,3101279,1275681
3768377,2,1979425,3105473,1275686
3768378,4,1979559,3105517,1275699
3768379,7,1979564,3105522,1275700
3768380,8,1979881,3105511,1275742
3768381,10,931738,3049108,1275742
3768382,12,931741,3045285,1275742
3768383,16,931747,3105508,1275742
3768384,15,931758,3105527,1275745
3768385,8,1979941,3105537,1275750
3768386,10,931764,3105526,1275750
3768387,16,931769,3105531,1275750
3768388,25,1979937,3105533,1275750
3768389,0,1979988,3105517,1275760
3768390,1,1979998,3105543,1275761
3768391,2,1982267,3074451,1275778
3768392,4,1982268,3074453,1275778
3768393,4613,1980006,3085468,1275764
3768394,1,932010,3105592,1275784
3768395,45,1982990,3105593,1275784
3768396,14,1983206,3105608,1275792
3768397,0,1984039,3105608,1275812
3768398,4,1984130,3059523,1275817
3768399,9,1984131,3059542,1275817
3768400,14,1984132,3059520,1275817
3768401,16,932277,3105625,1275817
3768402,16,1984463,3105623,1275835
3768403,13,932430,3105604,1275836
3768404,1,1984688,3105546,1275841
3768405,256,1984918,3105582,1275841
3768406,5,1984987,3105669,1275850
3768407,11,1984988,3105672,1275850
3768408,17,1984989,3105676,1275850
3768409,23,1984991,3105680,1275850
3768410,8,1985073,3105722,1185599
3768411,26,1985075,3105720,1185599
3768412,36,1985082,3105721,1185599
3768413,8,1985121,3105721,1185606
3768414,10,1985122,3105720,1185606
3768415,12,1985123,3105722,1185606
3768416,2,1985246,3105719,1275868
3768417,1,932684,3105731,1275877
3768418,4,1985568,3105717,1275894
3768419,2,1985981,3074906,1275920
3768420,5,1985982,3105769,1275920
3768421,8,1985983,3065502,1275920
3768422,3,1986146,3105777,1275927
3768423,2,933019,3048585,1275958
3768424,5,933023,3048695,1275958
3768425,8,933024,3048597,1275958
3768426,11,933026,3056924,1275958
3768427,14,933029,3053393,1275958
3768428,17,933035,3075368,1275958
3768429,20,933036,3075364,1275958
3768430,23,933039,3075362,1275958
3768431,26,933043,3053395,1275958
3768432,29,933046,3053397,1275958
3768433,32,933048,3056938,1275958
3768434,35,933049,3075377,1275958
3768435,38,933052,3105789,1275958
3768436,41,933055,3048575,1275958
3768437,44,933058,3105791,1275958
3768438,47,933060,3105793,1275958
3768439,50,933063,3105795,1275958
3768440,53,933066,3048678,1275958
3768441,56,933067,3048668,1275958
3768442,59,933068,3053193,1275958
3768443,62,933071,3090485,1275958
3768444,65,933072,3105797,1275958
3768445,68,933073,3105799,1275958
3768446,71,933074,3056945,1275958
3768447,74,933079,3105803,1275958
3768448,77,933082,3105809,1275958
3768449,80,933083,3105813,1275958
3768450,83,933086,3105818,1275958
3768451,86,933089,3105820,1275958
3768452,89,933090,3105822,1275958
3768453,92,933091,3105824,1275958
3768454,95,933093,3105828,1275958
3768455,98,933096,3105830,1275958
3768456,101,933097,3105835,1275958
3768457,104,933104,3105837,1275958
3768458,107,933107,3105839,1275958
3768459,110,933108,3105841,1275958
3768460,118,1986723,3105843,1275958
3768461,126,1986727,3105845,1275958
3768462,132,933111,3083481,1275958
3768463,138,933113,3083487,1275958
3768464,146,933116,3105847,1275958
3768465,152,933117,3083493,1275958
3768466,162,933119,3056492,1275958
3768467,172,933124,3056494,1275958
3768468,180,933125,3056497,1275958
3768469,191,933132,3105849,1275958
3768470,199,933136,3045652,1275958
3768471,203,1986754,3053438,1275958
3768472,207,1986755,3053294,1275958
3768473,211,1986756,3056927,1275958
3768474,215,1986757,3056934,1275958
3768475,219,1986758,3053440,1275958
3768476,223,1986760,3045654,1275958
3768477,227,1986762,3056940,1275958
3768478,231,1986763,3048691,1275958
3768479,235,1986766,3048693,1275958
3768480,241,933140,3053442,1275958
3768481,249,933145,3105851,1275958
3768482,255,933148,3078525,1275958
3768483,263,933150,3071569,1275958
3768484,271,933153,3071570,1275958
3768485,274,933156,3048653,1275958
3768486,284,933167,3105857,1275958
3768487,2,933286,3046811,1276019
3768488,2,1987907,3105907,1276037
3768489,7,933405,3105909,1276037
3768490,10,933406,3105911,1276037
3768491,6,1988077,3105918,1276050
3768492,2,933468,3105939,1276053
3768493,0,1988752,3105935,1276083
3768494,1,933696,3058441,1276094
3768495,8,1989393,3106035,1276130
3768496,5,1989482,3072296,1276140
3768497,11,1989483,3106039,1276140
3768498,13,933960,3106041,1276140
3768499,5,1989591,3092640,1276156
3768500,11,1989592,3070932,1276156
3768501,17,1989593,3072174,1276156
3768502,23,1989594,3070913,1276156
3768503,29,1989595,3072172,1276156
3768504,35,1989596,3072173,1276156
3768505,41,1989597,3048699,1276156
3768506,47,1989598,3048024,1276156
3768507,53,1989599,3072298,1276156
3768508,59,1989600,3071256,1276156
3768509,65,1989601,3072175,1276156
3768510,71,1989602,3066590,1276156
3768511,77,1989603,3072319,1276156
3768512,83,1989605,3047390,1276156
3768513,85,933998,3106043,1276156
3768514,8,1989753,3105963,1276167
3768515,11,1989750,3105947,1276167
3768516,3,1990418,3106090,1276193
3768517,3,1990453,3106095,1276198
3768518,2,1990505,3106063,1276206
3768519,16,532161,3106128,1187158
3768520,7,1990983,3106132,1276233
3768521,10,1991102,3106144,1187193
3768522,22,934551,3106134,1187193
3768523,28,934552,3106134,1187193
3768524,35,1991120,3106136,1187193
3768525,45,934556,3106138,1187193
3768526,49,934557,3106140,1187193
3768527,3,1991179,3106146,1187215
3768528,8,1991189,3106148,1187215
3768529,2,934566,3098210,1276248
3768530,2,1991271,3106131,1276260
3768531,3,1991275,3106134,1276260
3768532,2,1991476,3104181,1276267
3768533,5,934737,3106220,1276285
3768534,9,934738,3106224,1276285
3768535,0,1991921,3106220,1276293
3768536,2,1991925,3106222,1276293
3768537,4,1991926,3106224,1276293
3768538,23,1991916,3106225,1276293
3768539,7,1992130,3106270,1276304
3768540,15,1992131,3052256,1276304
3768541,23,1992132,3050805,1276304
3768542,31,1992133,3046832,1276304
3768543,39,1992134,3068410,1276304
3768544,41,934965,3106272,1276304
3768545,4,935446,3106164,1276321
3768546,7,935450,3106176,1276321
3768547,10,1993541,3106178,1276321
3768548,7,1994448,3106317,1276352
3768549,15,1994449,3106318,1276352
3768550,23,1994450,3106319,1276352
3768551,31,1994452,3106320,1276352
3768552,39,1994453,3106321,1276352
3768553,43,1994413,3106322,1276352
3768554,46,935727,3106315,1276352
3768555,50,1994419,3106325,1276352
3768556,4,1995189,3057981,1276416
3768557,9,1995190,3106423,1276416
3768558,14,1995191,3057989,1276416
3768559,19,1995192,3057986,1276416
3768560,24,1995193,3106424,1276416
3768561,26,936042,3106425,1276416
3768562,50,1995824,3106439,1188178
3768563,54,1995822,3106437,1188178
3768564,3,1995899,3106437,1276437
3768565,7,1995900,3106439,1276437
3768566,4,1996040,3057063,1276448
3768567,9,1996041,3057062,1276448
3768568,11,936239,3106464,1276448
3768569,4,936256,3106491,1276453
3768570,4,1996303,3106487,1276457
3768571,9,1996304,3106493,1276457
3768572,14,1996305,3106498,1276457
3768573,19,1996306,3106501,1276457
3768574,21,936268,3106503,1276457
3768575,2,936360,3061099,1276485
3768576,3,1996697,3106491,1276485
3768577,38,1996696,3106494,1276485
3768578,7,1996721,3106449,1276462
3768579,18,1996722,3089729,1276462
3768580,30,1996723,3105456,1276462
3768581,42,1996724,3105447,1276462
3768582,54,1996728,3105448,1276462
3768583,66,1996730,3105449,1276462
3768584,78,1996731,3105453,1276462
3768585,90,1996732,3105454,1276462
3768586,102,1996733,3105455,1276462
3768587,114,1996734,3105490,1276462
3768588,126,1996735,3105493,1276462
3768589,138,1996736,3105410,1276462
3768590,150,1996737,3105411,1276462
3768591,162,1996738,3105412,1276462
3768592,174,1996740,3105379,1276462
3768593,186,1996741,3105380,1276462
3768594,195,1996742,3055318,1276462
3768595,204,1996743,3055319,1276462
3768596,212,1996744,3055320,1276462
3768597,220,1996745,3044694,1276462
3768598,228,1996746,3044693,1276462
3768599,238,1996747,3055332,1276462
3768600,248,1996748,3055339,1276462
3768601,258,1996749,3055344,1276462
3768602,268,1996750,3055349,1276462
3768603,278,1996751,3055354,1276462
3768604,288,1996752,3078237,1276462
3768605,298,1996753,3078240,1276462
3768606,308,1996754,3078241,1276462
3768607,318,1996755,3078244,1276462
3768608,328,1996756,3078245,1276462
3768609,338,1996757,3078246,1276462
3768610,348,1996758,3078247,1276462
3768611,358,1996759,3078248,1276462
3768612,368,1996761,3078253,1276462
3768613,2,936463,3106547,1276509
3768614,378,1996762,3078254,1276462
3768615,5,936465,3091120,1276509
3768616,388,1996763,3078255,1276462
3768617,8,936474,3044697,1276509
3768618,398,1996764,3078257,1276462
3768619,11,936480,3084193,1276509
3768620,408,1996766,3078249,1276462
3768621,418,1996767,3078250,1276462
3768622,428,1996768,3078251,1276462
3768623,438,1996769,3078252,1276462
3768624,448,1996770,3078258,1276462
3768625,458,1996771,3078259,1276462
3768626,468,1996772,3078261,1276462
3768627,478,1996773,3078262,1276462
3768628,487,1996774,3078356,1276462
3768629,496,1996775,3078361,1276462
3768630,505,1996776,3078358,1276462
3768631,7,936532,3074469,1188472
3768632,8,1997496,3074467,1188472
3768633,514,1996777,3078366,1276462
3768634,523,1996778,3078370,1276462
3768635,532,1996779,3078350,1276462
3768636,541,1996781,3078373,1276462
3768637,550,1996783,3078353,1276462
3768638,560,1996786,3055359,1276462
3768639,570,1996787,3055365,1276462
3768640,580,1996789,3055372,1276462
3768641,590,1996791,3055377,1276462
3768642,600,1996793,3055381,1276462
3768643,610,1996794,3078264,1276462
3768644,620,1996796,3078265,1276462
3768645,630,1996797,3078266,1276462
3768646,640,1996798,3078267,1276462
3768647,650,1996799,3078268,1276462
3768648,660,1996800,3078269,1276462
3768649,670,1996801,3078270,1276462
3768650,680,1996802,3078271,1276462
3768651,690,1996805,3078276,1276462
3768652,700,1996806,3078277,1276462
3768653,710,1996810,3078279,1276462
3768654,720,1996811,3078280,1276462
3768655,730,1996813,3078272,1276462
3768656,5,1997591,3106560,1276521
3768657,740,1996816,3078273,1276462
3768658,750,1996817,3078274,1276462
3768659,13,936588,3106563,1276521
3768660,14,1997592,3106558,1276521
3768661,760,1996818,3078275,1276462
3768662,770,1996819,3078282,1276462
3768663,780,1996820,3078284,1276462
3768664,790,1996821,3078286,1276462
3768665,800,1996822,3078288,1276462
3768666,809,1996823,3078403,1276462
3768667,818,1996824,3078408,1276462
3768668,827,1996825,3078405,1276462
3768669,836,1996826,3078411,1276462
3768670,845,1996827,3078414,1276462
3768671,854,1996828,3078397,1276462
3768672,863,1996829,3078417,1276462
3768673,872,1996830,3078400,1276462
3768674,880,1996831,3105541,1276462
3768675,888,1996832,3105542,1276462
3768676,896,1996833,3105386,1276462
3768677,904,1996835,3105390,1276462
3768678,912,1996836,3105391,1276462
3768679,920,1996837,3105387,1276462
3768680,928,1996838,3105388,1276462
3768681,936,1996839,3105389,1276462
3768682,944,1996840,3105544,1276462
3768683,953,1996841,3105443,1276462
3768684,962,1996842,3105487,1276462
3768685,971,1996843,3105399,1276462
3768686,980,1996844,3105369,1276462
3768687,989,1996845,3105484,1276462
3768688,998,1996846,3105525,1276462
3768689,1007,1996847,3105440,1276462
3768690,1016,1996848,3105385,1276462
3768691,1025,1996849,3105463,1276462
3768692,1034,1996850,3105497,1276462
3768693,1043,1996851,3105428,1276462
3768694,1052,1996852,3105382,1276462
3768695,1061,1996854,3105457,1276462
3768696,1070,1996856,3105496,1276462
3768697,1079,1996857,3105419,1276462
3768698,1088,1996858,3105381,1276462
3768699,1097,1996859,3105478,1276462
3768700,1106,1996860,3105514,1276462
3768701,1115,1996861,3105439,1276462
3768702,1124,1996862,3105384,1276462
3768703,1133,1996863,3105465,1276462
3768704,1142,1996864,3105498,1276462
3768705,1151,1996865,3105437,1276462
3768706,1160,1996866,3105383,1276462
3768707,1169,1996867,3105482,1276462
3768708,1178,1996868,3105521,1276462
3768709,1187,1996869,3105483,1276462
3768710,1196,1996870,3105524,1276462
3768711,1205,1996871,3105485,1276462
3768712,1214,1996872,3105530,1276462
3768713,1223,1996873,3105446,1276462
3768714,1232,1996874,3105488,1276462
3768715,1241,1996875,3105476,1276462
3768716,1250,1996876,3105510,1276462
3768717,1259,1996878,3105486,1276462
3768718,1268,1996879,3105538,1276462
3768719,1278,1996881,3044636,1276462
3768720,1288,1996882,3078469,1276462
3768721,1298,1996884,3078470,1276462
3768722,1308,1996885,3078473,1276462
3768723,1318,1996887,3078486,1276462
3768724,1328,1996889,3078484,1276462
3768725,1338,1996891,3078485,1276462
3768726,1348,1996893,3078495,1276462
3768727,1358,1996901,3078493,1276462
3768728,1368,1996903,3078494,1276462
3768729,1378,1996904,3078490,1276462
3768730,1388,1996905,3078489,1276462
3768731,1398,1996906,3078488,1276462
3768732,1408,1996907,3078476,1276462
3768733,1418,1996908,3078479,1276462
3768734,1428,1996909,3078482,1276462
3768735,1437,1996910,3105489,1276462
3768736,1446,1996911,3105409,1276462
3768737,1455,1996912,3105404,1276462
3768738,2,1998085,3054626,1276552
3768739,1464,1996913,3105378,1276462
3768740,1473,1996914,3105377,1276462
3768741,1482,1996915,3055388,1276462
3768742,1491,1996916,3055393,1276462
3768743,1500,1996917,3055394,1276462
3768744,1509,1996918,3055395,1276462
3768745,1518,1996919,3055396,1276462
3768746,1527,1996920,3055400,1276462
3768747,1536,1996921,3055405,1276462
3768748,1545,1996922,3055406,1276462
3768749,1554,1996923,3055407,1276462
3768750,1563,1996924,3055408,1276462
3768751,1572,1996925,3055409,1276462
3768752,1581,1996926,3055412,1276462
3768753,1590,1996927,3055413,1276462
3768754,1599,1996928,3055414,1276462
3768755,1608,1996929,3044638,1276462
3768756,1616,1996930,3044640,1276462
3768757,1624,1996931,3055451,1276462
3768758,1632,1996932,3044682,1276462
3768759,1640,1996933,3044680,1276462
3768760,1649,1996935,3078321,1276462
3768761,1658,1996936,3078328,1276462
3768762,1667,1996937,3078324,1276462
3768763,1676,1996938,3078331,1276462
3768764,1685,1996939,3078333,1276462
3768765,1694,1996940,3078335,1276462
3768766,1702,1996941,3055415,1276462
3768767,1710,1996942,3055416,1276462
3768768,1718,1996943,3055417,1276462
3768769,1726,1996944,3055418,1276462
3768770,1734,1996945,3055419,1276462
3768771,1742,1996946,3055420,1276462
3768772,1750,1996947,3055421,1276462
3768773,1758,1996948,3055422,1276462
3768774,1766,1996949,3044683,1276462
3768775,3,936881,3106519,1276565
3768776,1774,1996950,3044687,1276462
3768777,1782,1996951,3044688,1276462
3768778,1790,1996952,3044691,1276462
3768779,1799,1996953,3105367,1276462
3768780,1807,1996954,3096595,1276462
3768781,1815,1996955,3055429,1276462
3768782,1823,1996956,3055430,1276462
3768783,1831,1996962,3105539,1276462
3768784,1839,1996964,3105540,1276462
3768785,1847,1996965,3044692,1276462
3768786,1856,1996967,3055450,1276462
3768787,1865,1996970,3053280,1276462
3768788,1874,1996972,3044639,1276462
3768789,1882,1996974,3044641,1276462
3768790,1892,1996975,3055431,1276462
3768791,1902,1996977,3055434,1276462
3768792,1912,1996979,3055441,1276462
3768793,1922,1996982,3055442,1276462
3768794,1932,1996983,3055443,1276462
3768795,1942,1996984,3055444,1276462
3768796,1952,1996985,3055445,1276462
3768797,1962,1996986,3055446,1276462
3768798,1972,1996987,3055447,1276462
3768799,1982,1996988,3055448,1276462
3768800,1990,1996989,3055449,1276462
3768801,2000,1996990,3044637,1276462
3768802,2002,936920,3106462,1276462
3768803,1,1998804,3106629,1276615
3768804,3,1998823,3106640,1276617
3768805,5,1998865,3106636,1276620
3768806,6,1998873,3106640,1276620
3768807,0,1998884,3106636,1276621
3768808,8,1999178,3106650,1276637
3768809,6,1999342,3106645,1276645
3768810,2,1999665,3054648,1276654
3768811,3,1999889,3106675,1276661
3768812,7,1999890,3106676,1276661
3768813,11,1999892,3106677,1276661
3768814,15,1999893,3106679,1276661
3768815,2,937330,3081582,1276673
3768816,4,937332,3081586,1276673
3768817,2,2000202,3078987,1276680
3768818,2,937680,3081549,1276724
3768819,4,937683,3081550,1276724
3768820,2,937716,3106686,1276726
3768821,6,937717,3106688,1276726
3768822,18,2001503,3106689,1276726
3768823,4,2001612,3074080,1276750
3768824,9,2001613,3074081,1276750
3768825,11,937749,3106710,1276750
3768826,5,937845,3106745,1276754
3768827,2,2002000,3055077,1276755
3768828,5,2002001,3106614,1276755
3768829,13,2002033,3106867,1189278
3768830,19,937855,3106859,1189278
3768831,20,541680,3106863,1189278
3768832,35,937861,3106859,1189283
3768833,36,2002140,3106863,1189283
3768834,3,2002334,3106853,1276769
3768835,1,2002396,3106556,1276780
3768836,0,2003570,3106556,1276904
3768837,4,2003569,3093647,1276904
3768838,10,938407,3106988,1276909
3768839,3,2004039,3052486,1276919
3768840,7,2004041,3044262,1276919
3768841,11,2004042,3052542,1276919
3768842,15,2004045,3049420,1276919
3768843,19,2004047,3055537,1276919
3768844,21,2004048,3106994,1276919
3768845,25,2004049,3055535,1276919
3768846,27,2004050,3106996,1276919
3768847,31,2004051,3058903,1276919
3768848,35,2004052,3058904,1276919
3768849,39,2004053,3068980,1276919
3768850,43,2004054,3068982,1276919
3768851,47,2004055,3068984,1276919
3768852,51,2004056,3068986,1276919
3768853,55,2004057,3055534,1276919
3768854,59,2004058,3093718,1276919
3768855,63,2004059,3106999,1276919
3768856,67,2004060,3107001,1276919
3768857,71,2004061,3068350,1276919
3768858,75,2004062,3102058,1276919
3768859,79,2004063,3102059,1276919
3768860,83,2004064,3102060,1276919
3768861,87,2004065,3107003,1276919
3768862,91,2004066,3102061,1276919
3768863,95,2004067,3102062,1276919
3768864,99,2004068,3059717,1276919
3768865,103,2004069,3107004,1276919
3768866,107,2004070,3107005,1276919
3768867,161,2004071,3107011,1276919
3768868,657,938525,3106981,1276895
3768869,8,2005549,3107043,1276961
3768870,11,2005546,3107041,1276961
3768871,6,2005586,3106586,1276967
3768872,49,2005689,3047938,1276970
3768873,52,2005691,3107208,1276970
3768874,55,2005693,3107210,1276970
3768875,14,2006245,3107839,1190258
3768876,9,2007005,3107846,1277044
3768877,4,2007258,3067011,1277053
3768878,9,2007260,3067013,1277053
3768879,14,2007261,3067008,1277053
3768880,2,939411,3107884,1277084
3768881,13,2007906,3107885,1277084
3768882,8,2008407,3107897,1277112
3768883,1,2008570,3057720,1277123
3768884,3,2008571,3057721,1277123
3768885,5,2008572,3107900,1277123
3768886,7,2008573,3107901,1277123
3768887,9,2008574,3059141,1277123
3768888,11,2008575,3059142,1277123
3768889,13,2008576,3059144,1277123
3768890,15,2008577,3107902,1277123
3768891,17,2008578,3107903,1277123
3768892,19,2008579,3107904,1277123
3768893,21,2008580,3107905,1277123
3768894,23,2008581,3107906,1277123
3768895,25,2008582,3047582,1277123
3768896,27,2008583,3049781,1277123
3768897,29,2008584,3059059,1277123
3768898,31,2008585,3059060,1277123
3768899,33,2008586,3049786,1277123
3768900,35,2008587,3049792,1277123
3768901,37,2008588,3049794,1277123
3768902,39,2008589,3049796,1277123
3768903,41,2008590,3049798,1277123
3768904,43,2008591,3047584,1277123
3768905,45,2008592,3096607,1277123
3768906,47,2008593,3096606,1277123
3768907,49,2008594,3096605,1277123
3768908,51,2008595,3059201,1277123
3768909,53,2008596,3049699,1277123
3768910,55,2008597,3059146,1277123
3768911,57,2008598,3049701,1277123
3768912,59,2008599,3059147,1277123
3768913,61,2008600,3107907,1277123
3768914,63,2008601,3107908,1277123
3768915,65,2008602,3107909,1277123
3768916,67,2008603,3107910,1277123
3768917,69,2008604,3107911,1277123
3768918,71,2008605,3107912,1277123
3768919,73,2008606,3107913,1277123
3768920,75,2008607,3107914,1277123
3768921,77,2008608,3107915,1277123
3768922,79,2008609,3107916,1277123
3768923,81,2008610,3107917,1277123
3768924,83,2008611,3107918,1277123
3768925,85,2008612,3107919,1277123
3768926,87,2008613,3107920,1277123
3768927,89,2008614,3107921,1277123
3768928,91,2008615,3107922,1277123
3768929,93,2008616,3107923,1277123
3768930,1,2008899,3107931,1277130
3768931,8,2009392,3107958,1277147
3768932,4,2009423,3046979,1277151
3768933,9,2009424,3046989,1277151
3768934,14,2009425,3046976,1277151
3768935,16,939789,3107960,1277151
3768936,91,2009871,3106782,1277179
3768937,153,2009902,3106790,1277179
3768938,163,2009903,3106800,1277179
3768939,171,2009904,3106802,1277179
3768940,174,2009905,3106820,1277179
3768941,186,2009906,3075742,1277179
3768942,198,2009907,3106921,1277179
3768943,201,2009908,3106923,1277179
3768944,5,939971,3107929,1277195
3768945,10,939972,3107930,1277195
3768946,15,939973,3059973,1277195
3768947,20,939974,3059979,1277195
3768948,4,2010268,3070679,1277212
3768949,9,2010269,3107991,1277212
3768950,14,2010270,3107992,1277212
3768951,19,2010271,3107993,1277212
3768952,24,2010272,3107994,1277212
3768953,29,2010274,3107995,1277212
3768954,34,2010275,3107998,1277212
3768955,7,2010302,3068116,1277216
3768956,36,939999,3108006,1277212
3768957,15,2010303,3071955,1277216
3768958,23,2010304,3071956,1277216
3768959,25,940005,3108013,1277216
3768960,517,2010616,3085464,1277229
3768961,8,2011237,3108029,1277249
3768962,1,940291,3088312,1277271
3768963,26,2011544,3088314,1277271
3768964,28,940312,3108072,1277271
3768965,2,940400,3108082,1277284
3768966,5,940401,3108083,1277284
3768967,8,940402,3108084,1277284
3768968,11,940403,3108085,1277284
3768969,14,940408,3108086,1277284
3768970,17,940409,3108087,1277284
3768971,8,2012246,3108098,1277315
3768972,11,2012229,3108096,1277315
3768973,21,940531,3095988,1277315
3768974,28,940535,3095990,1277315
3768975,35,940543,3095992,1277315
3768976,0,2012592,3082919,1277331
3768977,2,2012593,3082836,1277331
3768978,3,2013948,3108254,1277392
3768979,3,2014287,3108256,1277405
3768980,2,2014469,3054617,1277412
3768981,2,2014768,3108274,1277433
3768982,24,941350,3092890,1277433
3768983,40,941358,3092891,1277433
3768984,7,941378,3108289,1192386
3768985,3,2015018,3074755,1277444
3768986,2,941398,3108286,1277446
3768987,4,941404,3108287,1277446
3768988,9,941407,3108289,1192394
3768989,11,2015148,3048829,1277452
3768990,14,941463,3048827,1277452
3768991,21,2015153,3048829,1277452
3768992,8,2015152,3108294,1277453
3768993,24,941468,3048827,1277452
3768994,31,2015154,3048829,1277452
3768995,34,941471,3048827,1277452
3768996,41,2015155,3048829,1277452
3768997,44,941474,3048827,1277452
3768998,70,941477,3048829,1277452
3768999,74,941478,3048827,1277452
3769000,100,941481,3048829,1277452
3769001,104,941482,3048827,1277452
3769002,109,2015161,3048829,1277452
3769003,115,941484,3048829,1277452
3769004,0,2015531,3108288,1277474
3769005,4,2015530,3108292,1277474
3769006,55,2015810,3049853,1277484
3769007,8,2016773,3108415,1277543
3769008,14,941890,3068989,1277544
3769009,4,2016811,3108428,1277549
3769010,4,2016964,3089815,1277560
3769011,9,2016965,3089814,1277560
3769012,14,2016966,3089816,1277560
3769013,19,2016967,3089817,1277560
3769014,24,2016968,3089818,1277560
3769015,29,2016969,3089819,1277560
3769016,34,2016970,3089820,1277560
3769017,39,2016971,3089821,1277560
3769018,44,2016972,3089822,1277560
3769019,49,2016973,3089824,1277560
3769020,54,2016974,3089825,1277560
3769021,59,2016975,3089826,1277560
3769022,61,942007,3108445,1277560
3769023,63,942010,3108444,1277560
3769024,6,2017212,3106295,1277576
3769025,12,2017213,3108448,1277576
3769026,8,2017287,3108464,1192824
3769027,1,942291,3061860,1277617
3769028,10,2017603,3108431,1192914
3769029,13,2017604,3108433,1192914
3769030,4,2017892,3108558,1277655
3769031,9,2017893,3108563,1277655
3769032,14,2017894,3108566,1277655
3769033,19,2017895,3108568,1277655
3769034,21,942445,3108572,1277655
3769035,8,2018387,3108584,1277672
3769036,4,942728,3061001,1277687
3769037,9,942733,3061003,1277687
3769038,13,942737,3108615,1277687
3769039,18,942740,3061005,1277687
3769040,4,2018725,3047679,1277721
3769041,9,2018726,3108626,1277721
3769042,14,2018727,3108628,1277721
3769043,19,2018728,3108631,1277721
3769044,21,942888,3108634,1277721
3769045,5,2019148,3108696,1277748
3769046,11,2019149,3108697,1277748
3769047,17,2019150,3108698,1277748
3769048,19,943140,3108700,1277748
3769049,2,2019271,3108585,1277762
3769050,8,2019386,3108555,1277770
3769051,56,2019278,3108596,1277762
3769052,14,943196,3108545,1277770
3769053,16,2019380,3108547,1277770
3769054,18,2019381,3108550,1277770
3769055,22,2019382,3108552,1277770
3769056,24,2019383,3108554,1277770
3769057,57,2019482,3108713,1277773
3769058,4,2019890,3108725,1277796
3769059,9,2019891,3108726,1277796
3769060,14,2019892,3108727,1277796
3769061,19,2019893,3108728,1277796
3769062,21,943341,3108729,1277796
3769063,31,943667,3048829,1277832
3769064,35,943668,3048827,1277832
3769065,42,2020611,3048829,1277832
3769066,45,943671,3048827,1277832
3769067,52,2020612,3048829,1277832
3769068,55,943676,3048827,1277832
3769069,62,2020614,3048829,1277832
3769070,65,943681,3048827,1277832
3769071,72,2020615,3048829,1277832
3769072,75,943686,3048827,1277832
3769073,101,943691,3048829,1277832
3769074,105,943694,3048827,1277832
3769075,110,2020621,3048829,1277832
3769076,116,943696,3048829,1277832
3769077,8,2020981,3108799,1277852
3769078,8,2021227,3108811,1277871
3769079,7,2022850,3108768,1277910
3769080,14,2022817,3108773,1277910
3769081,33,944513,3108775,1277910
3769082,39,2022829,3108776,1277910
3769083,74,944515,3108778,1277910
3769084,83,944517,3108780,1277910
3769085,101,2022849,3108782,1277910
3769086,8,2023136,3108695,1277918
3769087,9,2023137,3108663,1277918
3769088,19,2023218,3108844,1277919
3769089,39,2023219,3108846,1277919
3769090,553,2023220,3071530,1277919
3769091,1,2023564,3108898,1277934
3769092,3,2023566,3108900,1277934
3769093,2,944619,3088043,1277936
3769094,2603,2023221,3108848,1277919
3769095,2637,2023222,3108849,1277919
3769096,2671,2023223,3108851,1277919
3769097,2681,2023224,3108853,1277919
3769098,3707,2023225,3108855,1277919
3769099,3965,2023226,3108856,1277919
3769100,11,2026044,3108890,1194596
3769101,8,2026141,3108957,1277989
3769102,14,944980,3060155,1277989
3769103,17,2026146,3060156,1277989
3769104,3,945252,3108861,1278022
3769105,5,2026623,3108871,1278022
3769106,8,945254,3108888,1278022
3769107,14,2026625,3108890,1278022
3769108,17,2026626,3108892,1278022
3769109,6,2026754,3109037,1278032
3769110,8,2027094,3109350,1278058
3769111,8,2028413,3109481,1278092
3769112,1,2028414,3109490,1278093
3769113,3,2028415,3109496,1278093
3769114,15,945747,3104890,1278092
3769115,24,945748,3104892,1278092
3769116,27,2028403,3109475,1278092
3769117,44,945753,3109477,1278092
3769118,63,945767,3109479,1278092
3769119,8,2028627,3109347,1278110
3769120,15,945861,3082070,1278110
3769121,6,2029279,3062236,1278160
3769122,13,2029280,3062237,1278160
3769123,20,2029281,3062240,1278160
3769124,22,946186,3109545,1278160
3769125,46,2029322,3109521,1278161
3769126,8,2029812,3109553,1278202
3769127,13,2029807,3109551,1278202
3769128,18,2029809,3109552,1278202
3769129,3,2029822,3061561,1278203
3769130,3,2030130,3109500,1278237
3769131,7,2030131,3109501,1278237
3769132,11,2030132,3109502,1278237
3769133,15,2030133,3109503,1278237
3769134,19,2030134,3109504,1278237
3769135,23,2030135,3109505,1278237
3769136,27,2030136,3109506,1278237
3769137,31,2030137,3109507,1278237
3769138,35,2030138,3109508,1278237
3769139,39,2030139,3109509,1278237
3769140,43,2030140,3109510,1278237
3769141,23,560893,3109625,1195582
3769142,38,560948,3109628,1195598
3769143,8,2030646,3109636,1278279
3769144,11,2030624,3109619,1278279
3769145,14,2030625,3109632,1278279
3769146,17,946751,3109634,1278279
3769147,4,946757,3109643,1278290
3769148,8,2030671,3109641,1278292
3769149,24,2030666,3081534,1278292
3769150,52,946773,3109625,1278279
3769151,72,2030650,3109626,1278279
3769152,77,2030628,3109628,1278279
3769153,96,2030644,3109628,1278279
3769154,135,2030655,3109630,1278279
3769155,2,2031125,3071239,1278330
3769156,5,2031126,3086868,1278330
3769157,8,2031127,3056762,1278330
3769158,2,2031171,3109667,1278334
3769159,3,2031692,3071109,1278356
3769160,129,2032210,3109728,1278378
3769161,259,2032211,3109731,1278378
3769162,507,2032212,3109735,1278378
3769163,763,2032213,3109739,1278378
3769164,1,947619,3065058,1278417
3769165,3,2033259,3109801,1278418
3769166,9,947636,3065428,1278421
3769167,8,2033717,3109786,1278449
3769168,11,2033713,3109727,1278449
3769169,22,2033718,3109733,1278449
3769170,0,2033799,3065428,1278454
3769171,1,2034135,3047386,1278478
3769172,3,2034136,3050393,1278478
3769173,5,2034137,3044754,1278478
3769174,8,2034138,3064023,1278478
3769175,11,2034139,3085421,1278478
3769176,14,2034140,3085420,1278478
3769177,17,2034141,3085423,1278478
3769178,20,2034142,3085424,1278478
3769179,23,2034143,3085422,1278478
3769180,2,2034203,3075726,1278481
3769181,2,2034479,3067429,1278509
3769182,6,2034674,3109886,1278513
3769183,13,2034675,3109887,1278513
3769184,20,2034676,3109889,1278513
3769185,22,948034,3109892,1278513
3769186,8,2035035,3109902,1278524
3769187,4,2035190,3109908,1278533
3769188,1,2035300,3109893,1278542
3769189,1,2035460,3109999,1278558
3769190,6,2035461,3048389,1278558
3769191,11,2035462,3110008,1278558
3769192,16,2035463,3110011,1278558
3769193,21,2035464,3110015,1278558
3769194,4,2035479,3072778,1278563
3769195,9,2035480,3092885,1278563
3769196,11,948257,3110045,1278563
3769197,4,948460,3055032,1278621
3769198,7,2037020,3061859,1278628
3769199,15,2037021,3046560,1278628
3769200,23,2037022,3061858,1278628
3769201,31,2037023,3058309,1278628
3769202,39,2037024,3061857,1278628
3769203,47,2037025,3050881,1278628
3769204,55,2037026,3060185,1278628
3769205,63,2037027,3052238,1278628
3769206,71,2037028,3060184,1278628
3769207,73,948505,3110209,1278628
3769208,79,2036953,3081263,1278628
3769209,89,2036956,3110185,1278628
3769210,103,2036961,3051958,1278628
3769211,119,2036968,3051949,1278628
3769212,123,2036976,3081261,1278628
3769213,127,2036978,3110188,1278628
3769214,133,2036980,3081267,1278628
3769215,139,2036983,3081279,1278628
3769216,143,2036986,3081281,1278628
3769217,151,2036988,3110191,1278628
3769218,161,2036992,3081272,1278628
3769219,169,2036997,3051953,1278628
3769220,181,2037001,3110194,1278628
3769221,191,2037007,3110197,1278628
3769222,199,2037012,3110200,1278628
3769223,205,2037016,3110203,1278628
3769224,207,2037019,3110206,1278628
3769225,8,2037248,3110311,1278658
3769226,6,2038052,3110337,1278707
3769227,8,2038220,3110344,1278738
3769228,10,948966,3110342,1278738
3769229,10,2038320,3109903,1278704
3769230,21,2038321,3109904,1278704
3769231,32,2038322,3109905,1278704
3769232,46,2038323,3109906,1278704
3769233,60,2038324,3109907,1278704
3769234,74,2038325,3109909,1278704
3769235,88,2038326,3109910,1278704
3769236,102,2038327,3109911,1278704
3769237,116,2038328,3109912,1278704
3769238,130,2038329,3109913,1278704
3769239,144,2038330,3109915,1278704
3769240,158,2038331,3109916,1278704
3769241,172,2038332,3109917,1278704
3769242,186,2038333,3109918,1278704
3769243,200,2038334,3109919,1278704
3769244,214,2038335,3109921,1278704
3769245,228,2038336,3109923,1278704
3769246,242,2038337,3109925,1278704
3769247,256,2038338,3109926,1278704
3769248,270,2038339,3109927,1278704
3769249,284,2038340,3109928,1278704
3769250,298,2038341,3109929,1278704
3769251,312,2038342,3109930,1278704
3769252,326,2038343,3109931,1278704
3769253,340,2038344,3109932,1278704
3769254,354,2038345,3109933,1278704
3769255,368,2038346,3109934,1278704
3769256,382,2038347,3109935,1278704
3769257,396,2038348,3109936,1278704
3769258,410,2038349,3109937,1278704
3769259,424,2038350,3109938,1278704
3769260,438,2038351,3109939,1278704
3769261,452,2038352,3109940,1278704
3769262,8,2038823,3110369,1278755
3769263,466,2038353,3109941,1278704
3769264,480,2038354,3109942,1278704
3769265,494,2038355,3109943,1278704
3769266,508,2038356,3109944,1278704
3769267,522,2038357,3109945,1278704
3769268,536,2038358,3109946,1278704
3769269,550,2038359,3109947,1278704
3769270,564,2038360,3109948,1278704
3769271,578,2038361,3109949,1278704
3769272,592,2038362,3109950,1278704
3769273,606,2038363,3109951,1278704
3769274,620,2038364,3109952,1278704
3769275,634,2038365,3109953,1278704
3769276,648,2038366,3109954,1278704
3769277,662,2038367,3109955,1278704
3769278,676,2038368,3057957,1278704
3769279,690,2038369,3109956,1278704
3769280,704,2038370,3109957,1278704
3769281,718,2038371,3109958,1278704
3769282,732,2038372,3109959,1278704
3769283,746,2038373,3109960,1278704
3769284,760,2038374,3109961,1278704
3769285,774,2038375,3109962,1278704
3769286,788,2038376,3109963,1278704
3769287,802,2038377,3109964,1278704
3769288,816,2038378,3109965,1278704
3769289,3,2039067,3110385,1278782
3769290,830,2038379,3109966,1278704
3769291,844,2038380,3109967,1278704
3769292,858,2038381,3109968,1278704
3769293,872,2038382,3109969,1278704
3769294,886,2038383,3109970,1278704
3769295,900,2038384,3109971,1278704
3769296,914,2038385,3109972,1278704
3769297,928,2038386,3109973,1278704
3769298,942,2038387,3109974,1278704
3769299,956,2038388,3109975,1278704
3769300,970,2038389,3109976,1278704
3769301,984,2038390,3109977,1278704
3769302,998,2038391,3109978,1278704
3769303,1012,2038392,3109979,1278704
3769304,1026,2038393,3109980,1278704
3769305,1040,2038394,3109981,1278704
3769306,1054,2038395,3109982,1278704
3769307,1068,2038396,3109983,1278704
3769308,1082,2038397,3109984,1278704
3769309,1096,2038398,3109985,1278704
3769310,1110,2038399,3109986,1278704
3769311,1124,2038400,3109987,1278704
3769312,1138,2038401,3109988,1278704
3769313,1152,2038402,3109989,1278704
3769314,1166,2038403,3109990,1278704
3769315,1180,2038404,3109991,1278704
3769316,1194,2038405,3109992,1278704
3769317,1208,2038406,3109993,1278704
3769318,1222,2038407,3109994,1278704
3769319,1236,2038408,3109995,1278704
3769320,1250,2038409,3109996,1278704
3769321,1264,2038410,3109997,1278704
3769322,1278,2038411,3109998,1278704
3769323,1285,2038412,3110001,1278704
3769324,1292,2038413,3110004,1278704
3769325,1299,2038414,3110006,1278704
3769326,1306,2038415,3110007,1278704
3769327,1313,2038416,3110010,1278704
3769328,1320,2038417,3110013,1278704
3769329,1327,2038418,3110014,1278704
3769330,1334,2038419,3110017,1278704
3769331,1341,2038420,3110018,1278704
3769332,1348,2038421,3110020,1278704
3769333,1355,2038422,3110023,1278704
3769334,1362,2038423,3110025,1278704
3769335,1369,2038424,3110026,1278704
3769336,1376,2038425,3110028,1278704
3769337,1383,2038426,3110029,1278704
3769338,1390,2038427,3110030,1278704
3769339,1397,2038428,3110031,1278704
3769340,1404,2038429,3110032,1278704
3769341,1411,2038430,3110033,1278704
3769342,1418,2038431,3110034,1278704
3769343,1425,2038432,3110035,1278704
3769344,1432,2038433,3110036,1278704
3769345,1439,2038434,3110037,1278704
3769346,1446,2038435,3110038,1278704
3769347,1453,2038436,3110039,1278704
3769348,1460,2038437,3110040,1278704
3769349,1467,2038438,3110041,1278704
3769350,1474,2038439,3110042,1278704
3769351,1481,2038440,3110043,1278704
3769352,1488,2038441,3110044,1278704
3769353,1495,2038442,3110046,1278704
3769354,1502,2038443,3110047,1278704
3769355,1509,2038444,3110048,1278704
3769356,1516,2038445,3110049,1278704
3769357,1523,2038446,3110050,1278704
3769358,1530,2038447,3110051,1278704
3769359,1537,2038448,3110052,1278704
3769360,1544,2038449,3110053,1278704
3769361,1551,2038450,3110054,1278704
3769362,1558,2038451,3110055,1278704
3769363,1565,2038452,3110056,1278704
3769364,1572,2038453,3110057,1278704
3769365,1579,2038454,3110058,1278704
3769366,1586,2038455,3110059,1278704
3769367,1593,2038456,3110060,1278704
3769368,1600,2038457,3110061,1278704
3769369,1607,2038458,3110062,1278704
3769370,1614,2038459,3110063,1278704
3769371,1621,2038460,3110064,1278704
3769372,1628,2038461,3110065,1278704
3769373,1635,2038462,3110066,1278704
3769374,1642,2038463,3110067,1278704
3769375,1649,2038464,3110068,1278704
3769376,1656,2038465,3110069,1278704
3769377,1663,2038466,3110070,1278704
3769378,1670,2038467,3110071,1278704
3769379,1677,2038468,3110072,1278704
3769380,1684,2038469,3110073,1278704
3769381,1691,2038470,3110074,1278704
3769382,1698,2038471,3110075,1278704
3769383,1705,2038472,3110076,1278704
3769384,1712,2038473,3110077,1278704
3769385,1719,2038474,3110078,1278704
3769386,1726,2038475,3110079,1278704
3769387,1733,2038476,3110080,1278704
3769388,1740,2038477,3110081,1278704
3769389,1747,2038478,3110082,1278704
3769390,1754,2038479,3110083,1278704
3769391,1761,2038480,3110084,1278704
3769392,1768,2038481,3110085,1278704
3769393,1775,2038482,3110086,1278704
3769394,1782,2038483,3110093,1278704
3769395,1789,2038484,3110095,1278704
3769396,1796,2038485,3110096,1278704
3769397,1803,2038486,3110097,1278704
3769398,1810,2038487,3110098,1278704
3769399,1817,2038488,3110099,1278704
3769400,1824,2038489,3110100,1278704
3769401,1831,2038490,3110101,1278704
3769402,1838,2038491,3110102,1278704
3769403,1845,2038492,3110103,1278704
3769404,1852,2038493,3110104,1278704
3769405,1859,2038494,3110105,1278704
3769406,1866,2038495,3110106,1278704
3769407,1873,2038496,3110107,1278704
3769408,1880,2038497,3110108,1278704
3769409,1887,2038498,3110109,1278704
3769410,1894,2038499,3110110,1278704
3769411,1901,2038500,3110111,1278704
3769412,1908,2038501,3110112,1278704
3769413,1915,2038502,3110113,1278704
3769414,1922,2038503,3110114,1278704
3769415,1929,2038504,3110115,1278704
3769416,1936,2038505,3110116,1278704
3769417,1943,2038506,3110117,1278704
3769418,1950,2038507,3110118,1278704
3769419,1957,2038508,3110119,1278704
3769420,1964,2038509,3110120,1278704
3769421,1971,2038510,3110121,1278704
3769422,1978,2038511,3110122,1278704
3769423,1985,2038512,3110123,1278704
3769424,1992,2038513,3110124,1278704
3769425,1999,2038514,3110125,1278704
3769426,2006,2038515,3110126,1278704
3769427,2013,2038516,3110127,1278704
3769428,2020,2038517,3110128,1278704
3769429,2027,2038540,3110129,1278704
3769430,2034,2038541,3110130,1278704
3769431,2041,2038542,3110131,1278704
3769432,2048,2038543,3110132,1278704
3769433,2055,2038544,3110133,1278704
3769434,2062,2038545,3110134,1278704
3769435,2069,2038546,3110135,1278704
3769436,2076,2038547,3110136,1278704
3769437,2083,2038548,3110137,1278704
3769438,2090,2038549,3110138,1278704
3769439,2097,2038550,3110140,1278704
3769440,2104,2038551,3110141,1278704
3769441,2111,2038552,3110142,1278704
3769442,2118,2038553,3110143,1278704
3769443,2125,2038554,3110144,1278704
3769444,2132,2038555,3110145,1278704
3769445,2139,2038556,3110146,1278704
3769446,2146,2038557,3110147,1278704
3769447,2153,2038558,3110148,1278704
3769448,2160,2038559,3110149,1278704
3769449,2167,2038560,3110150,1278704
3769450,2174,2038561,3110151,1278704
3769451,2181,2038562,3110152,1278704
3769452,2188,2038563,3110153,1278704
3769453,2195,2038564,3110154,1278704
3769454,2202,2038565,3110155,1278704
3769455,2209,2038566,3110156,1278704
3769456,2216,2038567,3110157,1278704
3769457,2223,2038568,3110158,1278704
3769458,2230,2038569,3110159,1278704
3769459,2237,2038570,3110160,1278704
3769460,2244,2038571,3110161,1278704
3769461,2251,2038572,3110162,1278704
3769462,2258,2038573,3110163,1278704
3769463,2265,2038574,3110164,1278704
3769464,2272,2038575,3110165,1278704
3769465,2279,2038576,3110166,1278704
3769466,2286,2038577,3110167,1278704
3769467,2293,2038578,3110168,1278704
3769468,2300,2038579,3110169,1278704
3769469,2307,2038580,3110170,1278704
3769470,2314,2038581,3110171,1278704
3769471,2321,2038582,3110172,1278704
3769472,2328,2038583,3110173,1278704
3769473,2335,2038584,3110174,1278704
3769474,2342,2038585,3110175,1278704
3769475,2349,2038586,3110176,1278704
3769476,2356,2038587,3110177,1278704
3769477,2363,2038588,3110178,1278704
3769478,2370,2038589,3110183,1278704
3769479,2377,2038590,3110184,1278704
3769480,2384,2038591,3110187,1278704
3769481,2391,2038592,3110190,1278704
3769482,2398,2038593,3110193,1278704
3769483,2405,2038594,3110196,1278704
3769484,2412,2038595,3110199,1278704
3769485,2419,2038596,3110202,1278704
3769486,2426,2038597,3110205,1278704
3769487,2433,2038598,3110208,1278704
3769488,2440,2038599,3110210,1278704
3769489,2447,2038600,3110211,1278704
3769490,2454,2038601,3110212,1278704
3769491,2461,2038602,3110213,1278704
3769492,2468,2038603,3110214,1278704
3769493,2475,2038604,3110215,1278704
3769494,2482,2038605,3110216,1278704
3769495,2489,2038606,3110217,1278704
3769496,2496,2038607,3110218,1278704
3769497,2503,2038608,3110219,1278704
3769498,2510,2038609,3110220,1278704
3769499,2517,2038610,3110221,1278704
3769500,2524,2038611,3110222,1278704
3769501,2531,2038612,3110223,1278704
3769502,2538,2038613,3110224,1278704
3769503,2545,2038614,3110225,1278704
3769504,2552,2038615,3110226,1278704
3769505,2559,2038616,3110227,1278704
3769506,2566,2038617,3110228,1278704
3769507,116,2039822,3110425,1278828
3769508,129,2039824,3110426,1278828
3769509,2573,2038618,3110229,1278704
3769510,2580,2038619,3110230,1278704
3769511,2587,2038620,3110231,1278704
3769512,256,2039844,3110426,1278828
3769513,2594,2038621,3110232,1278704
3769514,2601,2038622,3110233,1278704
3769515,2608,2038623,3110234,1278704
3769516,2615,2038624,3110235,1278704
3769517,2622,2038625,3110236,1278704
3769518,2629,2038626,3110237,1278704
3769519,2636,2038627,3110238,1278704
3769520,2643,2038628,3110240,1278704
3769521,2650,2038629,3110242,1278704
3769522,2657,2038630,3110243,1278704
3769523,2,949857,3074204,1278832
3769524,2664,2038631,3110244,1278704
3769525,3,2039863,3110425,1278832
3769526,5,2039864,3110426,1278832
3769527,9,2039850,3110427,1278832
3769528,12,2039851,3074199,1278832
3769529,15,2039852,3110429,1278832
3769530,28,2039861,3110430,1278832
3769531,2671,2038632,3110245,1278704
3769532,38,2039854,3074202,1278832
3769533,42,2039855,3066352,1278832
3769534,52,2039856,3110432,1278832
3769535,2678,2038633,3110246,1278704
3769536,2685,2038634,3110247,1278704
3769537,2692,2038635,3110248,1278704
3769538,2699,2038636,3110249,1278704
3769539,2706,2038637,3110250,1278704
3769540,2713,2038638,3110251,1278704
3769541,2720,2038639,3110252,1278704
3769542,2727,2038640,3110253,1278704
3769543,2734,2038641,3110254,1278704
3769544,2741,2038642,3110255,1278704
3769545,2748,2038643,3110256,1278704
3769546,2755,2038644,3110257,1278704
3769547,2762,2038645,3110258,1278704
3769548,2769,2038646,3110259,1278704
3769549,2776,2038647,3110260,1278704
3769550,2783,2038648,3110261,1278704
3769551,2790,2038649,3110262,1278704
3769552,2797,2038650,3110263,1278704
3769553,2804,2038651,3110264,1278704
3769554,2811,2038652,3110265,1278704
3769555,2818,2038653,3110266,1278704
3769556,2825,2038654,3110267,1278704
3769557,2832,2038655,3110268,1278704
3769558,2839,2038656,3110269,1278704
3769559,2846,2038657,3110270,1278704
3769560,2853,2038658,3110271,1278704
3769561,2860,2038659,3110272,1278704
3769562,2867,2038660,3110273,1278704
3769563,2874,2038661,3110274,1278704
3769564,2881,2038662,3110275,1278704
3769565,2888,2038663,3110276,1278704
3769566,2895,2038664,3110277,1278704
3769567,2902,2038665,3110278,1278704
3769568,2909,2038666,3110279,1278704
3769569,2916,2038667,3110280,1278704
3769570,2923,2038668,3110281,1278704
3769571,2930,2038669,3110282,1278704
3769572,2937,2038670,3110283,1278704
3769573,2944,2038671,3110284,1278704
3769574,2951,2038672,3110285,1278704
3769575,2958,2038673,3110286,1278704
3769576,2965,2038674,3110287,1278704
3769577,2972,2038675,3110288,1278704
3769578,2979,2038676,3110289,1278704
3769579,1,949903,3110417,1278835
3769580,2986,2038677,3110291,1278704
3769581,2993,2038678,3110292,1278704
3769582,4,949904,3110419,1278835
3769583,3000,2038679,3073455,1278704
3769584,3002,949906,3110305,1278704
3769585,3041,949923,3110298,1278704
3769586,3043,949925,3110299,1278704
3769587,3045,949928,3110301,1278704
3769588,3047,949932,3110303,1278704
3769589,5,949995,3110440,1278852
3769590,8,2040668,3110460,1278877
3769591,8,2040990,3110501,1278909
3769592,8,2041174,3110497,1278920
3769593,10,950381,3110492,1278920
3769594,4,2041197,3062299,1278922
3769595,4,2041242,3110405,1278925
3769596,23,2041281,3110563,1278930
3769597,29,2041276,3105915,1278930
3769598,4,2041385,3110538,1278937
3769599,257,2041412,3110564,1278939
3769600,4,950571,3110586,1278951
3769601,3,950586,3077393,1278954
3769602,2,2041905,3056749,1278958
3769603,1,2042150,3110500,1278989
3769604,15,2042170,3110600,1198159
3769605,3,2042172,3070630,1278991
3769606,19,2042215,3110599,1198165
3769607,22,2042220,3110600,1198165
3769608,6,2042710,3110596,1279024
3769609,13,2042711,3110597,1279024
3769610,4,2042778,3110658,1279030
3769611,4,2042783,3110659,1279031
3769612,4,2042789,3110655,1279032
3769613,4,2042792,3110656,1279033
3769614,3,951111,3110621,1279062
3769615,8,951112,3088760,1279062
3769616,12,951115,3088772,1279062
3769617,8,2043530,3110710,1279082
3769618,27,2043532,3063216,1279082
3769619,56,2043513,3110709,1279082
3769620,62,2043508,3063219,1279082
3769621,3,2043793,3110719,1279092
3769622,2,951317,3071707,1279094
3769623,11,2043826,3071709,1279094
3769624,2,2043909,3054628,1279101
3769625,1,951400,3110725,1279116
3769626,6,951402,3110726,1279116
3769627,11,951405,3110728,1279116
3769628,16,951407,3110730,1279116
3769629,0,2044396,3110517,1279144
3769630,4,2044392,3110523,1279144
3769631,5,2044399,3110538,1279144
3769632,9,951529,3110540,1279144
3769633,21,951533,3110517,1279144
3769634,29,951535,3110541,1279144
3769635,33,2044395,3110544,1279144
3769636,4,2044812,3086321,1279158
3769637,9,2044813,3086316,1279158
3769638,14,2044814,3086322,1279158
3769639,16,951639,3110786,1279158
3769640,3,2044880,3082664,1279159
3769641,2,951778,3110683,1279178
3769642,5,951781,3110684,1279178
3769643,8,951784,3110686,1279178
3769644,11,951786,3086074,1279178
3769645,14,951789,3086082,1279178
3769646,17,951791,3086089,1279178
3769647,20,951795,3086097,1279178
3769648,23,951798,3086103,1279178
3769649,1,952101,3110825,1279223
3769650,5,2046702,3110827,1279223
3769651,7,952104,3110828,1279223
3769652,10,952106,3110824,1279223
3769653,3,2046703,3079268,1279224
3769654,6,952109,3079323,1279224
3769655,9,2046704,3079294,1279224
3769656,8,2047137,3110900,1279257
3769657,8,2047543,3110910,1279272
3769658,11,2047538,3102447,1279272
3769659,14,952364,3110905,1279272
3769660,17,952366,3110906,1279272
3769661,19,2047522,3110907,1279272
3769662,22,952368,3110909,1279272
3769663,8,2047848,3110898,1279307
3769664,12,952489,3110843,1279307
3769665,16,2047842,3110888,1279307
3769666,18,2047843,3110890,1279307
3769667,22,952490,3110891,1279307
3769668,25,952491,3110893,1279307
3769669,48,2047844,3062972,1279307
3769670,3,2047890,3048273,1279314
3769671,7,2047891,3047879,1279314
3769672,11,2047892,3078492,1279314
3769673,1,2048155,3084411,1279320
3769674,1031,952636,3110872,1279239
3769675,8,2048889,3111101,1279347
3769676,1261,952771,3110876,1279239
3769677,4,2049120,3111104,1279360
3769678,2,2049218,3066734,1279368
3769679,6,952816,3111115,1279368
3769680,4,2049405,3111119,1279377
3769681,9,2049406,3111120,1279377
3769682,14,2049407,3111121,1279377
3769683,16,952864,3111125,1279377
3769684,19,2049408,3111123,1279377
3769685,18,2049440,3111009,1279380
3769686,11,2049464,3110988,1279381
3769687,23,2049465,3110990,1279381
3769688,24,2049487,3111009,1279381
3769689,5,2049526,3062300,1279384
3769690,7,952935,3111048,1279385
3769691,2,2049727,3111126,1279395
3769692,5,952994,3111140,1279395
3769693,8,952996,3111142,1279395
3769694,30,953008,3111127,1279395
3769695,40,953010,3111129,1279395
3769696,58,953013,3111131,1279395
3769697,128,953060,3111133,1279395
3769698,150,953070,3111136,1279395
3769699,168,953082,3111138,1279395
3769700,13,953101,3111060,1279409
3769701,13,953109,3111062,1279410
3769702,14,953118,3111064,1199905
3769703,9,953128,3111066,1279411
3769704,9,953140,3111068,1279412
3769705,5,953144,3111070,1279413
3769706,5,953147,3111072,1279414
3769707,5,953150,3111074,1279415
3769708,5,2050282,3111151,1279416
3769709,5,953156,3111076,1279417
3769710,5,953159,3111078,1279419
3769711,3,2050307,3052682,1279420
3769712,7,2050308,3045687,1279420
3769713,5,953163,3111080,1279421
3769714,9,953174,3111082,1279422
3769715,8,2050504,3111011,1279434
3769716,10,953243,3111019,1279434
3769717,18,2050489,3111037,1279434
3769718,26,2050490,3111039,1279434
3769719,34,2050491,3111041,1279434
3769720,44,2050492,3111043,1279434
3769721,54,2050493,3111045,1279434
3769722,57,2050494,3111050,1279434
3769723,63,2050495,3111052,1279434
3769724,69,2050496,3111054,1279434
3769725,77,2050497,3111056,1279434
3769726,80,2050498,3111058,1279434
3769727,82,2050499,3111084,1279434
3769728,84,2050500,3111086,1279434
3769729,86,2050501,3111088,1279434
3769730,89,953252,3111090,1279434
3769731,3,2050626,3111171,1279438
3769732,8,2050937,3111149,1279448
3769733,5,2051107,3062294,1279455
3769734,3,2051180,3094407,1279459
3769735,8,2051229,3111167,1279462
3769736,2,953483,3066761,1279479
3769737,4,953645,3111286,1279508
3769738,8,2051971,3111356,1200531
3769739,2,2052508,3111355,1279536
3769740,3,2053348,3111214,1279577
3769741,7,2053349,3111218,1279577
3769742,25,2053350,3111229,1279577
3769743,35,954298,3111231,1279577
3769744,38,954300,3111233,1279577
3769745,41,954304,3111235,1279577
3769746,44,954306,3111237,1279577
3769747,47,954308,3111239,1279577
3769748,50,954313,3111241,1279577
3769749,53,954318,3111246,1279577
3769750,56,954320,3111250,1279577
3769751,59,954321,3111252,1279577
3769752,62,954324,3111254,1279577
3769753,65,954327,3111256,1279577
3769754,68,954329,3111258,1279577
3769755,3,954331,3063297,1279581
3769756,7,954333,3067753,1279581
3769757,11,954334,3105087,1279581
3769758,15,954336,3078102,1279581
3769759,18,954337,3111371,1279581
3769760,21,954338,3111374,1279581
3769761,24,954339,3111378,1279581
3769762,1,954367,3111437,1279591
3769763,2,2053581,3078887,1279599
3769764,19,954503,3111453,1201092
3769765,9,954567,3111455,1201163
3769766,3,2054310,3062290,1279642
3769767,8,2054592,3111479,1279659
3769768,13,2054589,3062186,1279659
3769769,3,955164,3111521,1279687
3769770,7,955165,3111523,1279687
3769771,11,955166,3111525,1279687
3769772,15,955168,3111527,1279687
3769773,25,2055527,3111529,1279687
3769774,35,2055528,3111530,1279687
3769775,5,955418,3111172,1279750
3769776,10,955419,3111174,1279750
3769777,14,955421,3111176,1279750
3769778,57,2056556,3111585,1279751
3769779,19,955422,3111178,1279750
3769780,21,955424,3111180,1279750
3769781,25,955425,3111182,1279750
3769782,1,2056591,3111411,1279753
3769783,134,2056604,3111436,1279753
3769784,3,2056827,3111586,1279768
3769785,8,2057608,3111615,1279848
3769786,10,955753,3111612,1279848
3769787,0,2058249,3111664,1279903
3769788,14,2058645,3058468,1279908
3769789,29,2058646,3089732,1279908
3769790,44,2058647,3071123,1279908
3769791,59,2058648,3060997,1279908
3769792,74,2058649,3063964,1279908
3769793,4,956148,3111744,1279918
3769794,89,2058650,3069025,1279908
3769795,96,2058651,3111635,1279908
3769796,517,2058769,3068099,1279917
3769797,103,2058652,3111636,1279908
3769798,110,2058653,3111639,1279908
3769799,125,2058654,3044270,1279908
3769800,140,2058655,3052953,1279908
3769801,147,2058656,3111640,1279908
3769802,162,2058657,3111641,1279908
3769803,169,2058658,3111642,1279908
3769804,176,2058659,3111643,1279908
3769805,183,2058660,3111644,1279908
3769806,190,2058661,3111645,1279908
3769807,205,2058662,3052879,1279908
3769808,220,2058663,3096849,1279908
3769809,235,2058664,3059847,1279908
3769810,1157,2059162,3085462,1279935
3769811,250,2058665,3111646,1279908
3769812,257,2058666,3111647,1279908
3769813,264,2058667,3111648,1279908
3769814,271,2058668,3111650,1279908
3769815,286,2058669,3078034,1279908
3769816,301,2058670,3078039,1279908
3769817,316,2058671,3111653,1279908
3769818,331,2058672,3044862,1279908
3769819,346,2058673,3097083,1279908
3769820,353,2058674,3111655,1279908
3769821,360,2058675,3111658,1279908
3769822,367,2058676,3111661,1279908
3769823,374,2058677,3111663,1279908
3769824,381,2058678,3111665,1279908
3769825,396,2058679,3053111,1279908
3769826,21,587710,3050910,1202632
3769827,22,587708,3075770,1202632
3769828,34,2059943,3050910,1202632
3769829,40,2059944,3050910,1202632
3769830,48,2059945,3050910,1202632
3769831,411,2058680,3053113,1279908
3769832,418,2058681,3111667,1279908
3769833,425,2058683,3111669,1279908
3769834,440,2058684,3082366,1279908
3769835,455,2058685,3091877,1279908
3769836,470,2058686,3052878,1279908
3769837,485,2058687,3051428,1279908
3769838,492,2058688,3111673,1279908
3769839,499,2058689,3111675,1279908
3769840,506,2058690,3111678,1279908
3769841,521,2058691,3066328,1279908
3769842,23,587951,3050910,1202655
3769843,24,587949,3075770,1202655
3769844,34,2060161,3050910,1202655
3769845,40,2060162,3050910,1202655
3769846,48,2060163,3050910,1202655
3769847,536,2058692,3067435,1279908
3769848,126,587998,3050910,1202655
3769849,134,2060196,3050910,1202655
3769850,144,2060197,3050910,1202655
3769851,155,2060198,3050910,1202655
3769852,551,2058693,3044300,1279908
3769853,566,2058694,3111681,1279908
3769854,581,2058695,3080052,1279908
3769855,596,2058696,3049157,1279908
3769856,611,2058697,3111684,1279908
3769857,626,2058698,3066326,1279908
3769858,641,2058699,3076835,1279908
3769859,656,2058700,3100588,1279908
3769860,663,2058701,3111687,1279908
3769861,670,2058702,3111688,1279908
3769862,685,2058703,3043648,1279908
3769863,700,2058704,3043657,1279908
3769864,2,2060795,3111810,1279993
3769865,5,2060796,3111811,1279993
3769866,8,956639,3050908,1279993
3769867,15,2060799,3101687,1279993
3769868,25,2060800,3111815,1279993
3769869,26,2060802,3050910,1279993
3769870,715,2058705,3052721,1279908
3769871,730,2058706,3061975,1279908
3769872,5,2060897,3111873,1279996
3769873,745,2058707,3099666,1279908
3769874,760,2058708,3111689,1279908
3769875,775,2058709,3076803,1279908
3769876,790,2058712,3074872,1279908
3769877,805,2058713,3066327,1279908
3769878,820,2058714,3058519,1279908
3769879,822,956774,3111703,1279908
3769880,4,2061161,3111960,1280020
3769881,9,2061162,3081492,1280020
3769882,14,2061163,3072676,1280020
3769883,16,956809,3111961,1280020
3769884,3,2061498,3094479,1280050
3769885,18,2061639,3112010,1280060
3769886,4,957150,3079554,1280068
3769887,9,957160,3079556,1280068
3769888,3,2061740,3112009,1280078
3769889,6,2061741,3112011,1280078
3769890,10,2061743,3091102,1280078
3769891,8,2061966,3112013,1280086
3769892,3,2062072,3111983,1280099
3769893,7,2062073,3111986,1280099
3769894,9,2062074,3111990,1280099
3769895,11,2062075,3111993,1280099
3769896,13,2062076,3111997,1280099
3769897,15,2062167,3112049,1203161
3769898,7,957469,3112052,1280113
3769899,4,2062254,3095698,1280117
3769900,9,2062255,3095701,1280117
3769901,11,957510,3112062,1280117
3769902,2,2062303,3112063,1280125
3769903,5,2062304,3112064,1280125
3769904,8,2062305,3112065,1280125
3769905,11,2062306,3112066,1280125
3769906,14,2062307,3057619,1280125
3769907,17,2062308,3089802,1280125
3769908,20,2062309,3089801,1280125
3769909,23,2062310,3089800,1280125
3769910,26,2062311,3089799,1280125
3769911,29,2062312,3089795,1280125
3769912,32,2062313,3089793,1280125
3769913,19,2062404,3112071,1280129
3769914,1,2062436,3112070,1280134
3769915,3,2062439,3112071,1280134
3769916,6,2062437,3112073,1280134
3769917,9,2062438,3112074,1280134
3769918,3,2062459,3099522,1280136
3769919,0,2062704,3112000,1280140
3769920,2,957722,3043837,1280152
3769921,9,957760,3112058,1280159
3769922,11,2062999,3112058,1280159
3769923,8,2063080,3112086,1280167
3769924,5,2063224,3056905,1280177
3769925,11,2063225,3056906,1280177
3769926,13,957814,3112161,1280177
3769927,2,957861,3112142,1280191
3769928,5,957863,3112144,1280191
3769929,8,957865,3112147,1280191
3769930,3,2063524,3089832,1280202
3769931,47,2063536,3089813,1280202
3769932,2,2063635,3112170,1280218
3769933,1,958039,3112177,1280219
3769934,91,2063636,3112175,1280218
3769935,5,958058,3112106,1280224
3769936,8,2064920,3112200,1280309
3769937,13,2064916,3112197,1280309
3769938,3,2064929,3112222,1280312
3769939,7,2064930,3112223,1280312
3769940,11,2064931,3112224,1280312
3769941,15,2064932,3097832,1280312
3769942,1,2065725,3112251,1280325
3769943,2,958677,3112252,1280331
3769944,1,958699,3112280,1280341
3769945,3,958701,3112287,1280341
3769946,2,958941,3112215,1280365
3769947,4,958946,3112216,1280365
3769948,13,2066490,3112218,1280365
3769949,0,2066633,3112260,1280375
3769950,2,2066634,3112300,1280375
3769951,7,2066695,3112329,1280388
3769952,3,959143,3112327,1280408
3769953,12,2067367,3112327,1280408
3769954,1,2067600,3112334,1204774
3769955,5,2067630,3112336,1280421
3769956,2,2067827,3112384,1280443
3769957,29,2067932,3112345,1204868
3769958,43,2068012,3112345,1204888
3769959,8,2068192,3112354,1280478
3769960,9,2068203,3112336,1280478
3769961,355,2068249,3112406,1280483
3769962,2,959563,3112409,1280517
3769963,4,959566,3112410,1280517
3769964,2,2069171,3112443,1280542
3769965,6,2069203,3112442,1280550
3769966,1,959791,3044121,1280562
3769967,3,959793,3044119,1280562
3769968,2,2069347,3112468,1280568
3769969,2,2069458,3076050,1280575
3769970,8,2069711,3112516,1280610
3769971,4,960102,3112451,1280630
3769972,7,960103,3112452,1280630
3769973,10,960107,3053675,1280630
3769974,13,960110,3053671,1280630
3769975,16,960115,3053677,1280630
3769976,19,960119,3053679,1280630
3769977,26,960129,3048819,1280630
3769978,29,960132,3112469,1280630
3769979,1,2070110,3112537,1280646
3769980,1,2070369,3063958,1280655
3769981,8,2070547,3112559,1280662
3769982,24,2070542,3112529,1280662
3769983,27,2070544,3112531,1280662
3769984,4,2070930,3112667,1280683
3769985,13,2071184,3112645,1280706
3769986,23,2071185,3112647,1280706
3769987,43,2071186,3112649,1280706
3769988,49,2071188,3112651,1280706
3769989,3,960895,3112686,1280715
3769990,4,2071333,3043819,1280716
3769991,8,2071337,3043823,1280716
3769992,12,2071340,3043821,1280716
3769993,4,2071349,3043819,1280718
3769994,8,2071353,3043823,1280718
3769995,12,2071356,3043821,1280718
3769996,5,960932,3112679,1280730
3769997,9,960934,3112684,1280730
3769998,13,960939,3112682,1280730
3769999,17,960942,3112679,1280730
3770000,20,960945,3112684,1280730
3770001,23,960947,3112682,1280730
3770002,1,2071629,3112686,1205924
3770003,0,2071630,3112679,1280732
3770004,2,2071631,3112682,1280732
3770005,4,2071632,3112684,1280732
3770006,6,2071633,3112686,1280732
3770007,2,2071763,3112700,1280737
3770008,14,961274,3112731,1280769
3770009,25,961279,3112732,1280769
3770010,28,961282,3112733,1280769
3770011,32,961284,3112734,1280769
3770012,8,2072503,3112723,1280784
3770013,1,2072559,3112719,1280788
3770014,6,2072749,3112757,1280806
3770015,4,2073037,3112777,1280833
3770016,9,2073038,3112778,1280833
3770017,14,2073039,3112779,1280833
3770018,19,2073040,3112780,1280833
3770019,21,961612,3112781,1280833
3770020,5,2073339,3112800,1280862
3770021,9,2073340,3103364,1280862
3770022,13,2073341,3080169,1280862
3770023,1,961766,3112782,1280871
3770024,8,2073610,3112815,1280876
3770025,25,2073689,3112604,1280878
3770026,3,2073816,3112837,1280888
3770027,7,2073817,3049109,1280888
3770028,11,2073818,3112838,1280888
3770029,15,2073819,3054477,1280888
3770030,19,2073820,3112839,1280888
3770031,23,2073821,3112840,1280888
3770032,27,2073822,3112841,1280888
3770033,31,2073823,3112842,1280888
3770034,35,2073824,3112843,1280888
3770035,39,2073825,3112844,1280888
3770036,43,2073826,3112845,1280888
3770037,47,2073827,3112846,1280888
3770038,16,2073887,3112862,1206496
3770039,18,598604,3112859,1206496
3770040,9,2073896,3112801,1206507
3770041,23,2073995,3112862,1206540
3770042,6,2074313,3112862,1206632
3770043,0,2074317,3112862,1280909
3770044,19,2074315,3112864,1280909
3770045,22,2074316,3112866,1280909
3770046,2,2074427,3111893,1280916
3770047,5,2074428,3111896,1280916
3770048,8,2074429,3111899,1280916
3770049,11,2074430,3111916,1280916
3770050,14,2074431,3111919,1280916
3770051,17,2074432,3111920,1280916
3770052,20,2074433,3111902,1280916
3770053,1,2074796,3112879,1280934
3770054,3,2075041,3091955,1280960
3770055,2,2075076,3111707,1280967
3770056,5,2075077,3111708,1280967
3770057,8,2075078,3111709,1280967
3770058,8,2075096,3112914,1280969
3770059,11,2075079,3111722,1280967
3770060,14,2075080,3111725,1280967
3770061,17,2075081,3111730,1280967
3770062,20,2075082,3111743,1280967
3770063,23,2075083,3111748,1280967
3770064,1,2075324,3050884,1280990
3770065,0,2075443,3112801,1280995
3770066,4,962640,3112802,1280995
3770067,8,2075468,3112922,1280996
3770068,1,962668,3112951,1281001
3770069,6,962676,3112952,1281001
3770070,11,962678,3112954,1281001
3770071,16,962681,3112956,1281001
3770072,19,962728,3112947,1281007
3770073,2,2075778,3112979,1281030
3770074,3,2075983,3073531,1281045
3770075,14,2076167,3112980,1207192
3770076,0,2076385,3112980,1281073
3770077,5,2076323,3112981,1281073
3770078,11,2076324,3057277,1281073
3770079,15,962926,3058520,1281073
3770080,19,962927,3058534,1281073
3770081,23,962931,3113084,1281073
3770082,27,962933,3113090,1281073
3770083,31,962934,3113094,1281073
3770084,35,962941,3113101,1281073
3770085,39,962944,3058530,1281073
3770086,41,2076337,3058550,1281073
3770087,46,962948,3058434,1281073
3770088,51,962949,3044363,1281073
3770089,56,962951,3058438,1281073
3770090,61,962953,3058432,1281073
3770091,66,962956,3058442,1281073
3770092,71,962968,3058444,1281073
3770093,76,962970,3058446,1281073
3770094,81,962971,3058451,1281073
3770095,86,962976,3058464,1281073
3770096,91,962978,3058536,1281073
3770097,96,962980,3058538,1281073
3770098,100,962982,3058546,1281073
3770099,105,962984,3058492,1281073
3770100,3,2076595,3043696,1281101
3770101,7,2076596,3043677,1281101
3770102,110,962988,3058500,1281073
3770103,16,2076600,3113117,1281101
3770104,114,962992,3058511,1281073
3770105,118,962994,3058513,1281073
3770106,122,963005,3058515,1281073
3770107,126,963014,3058479,1281073
3770108,131,963017,3058526,1281073
3770109,136,963021,3112195,1281073
3770110,141,963023,3075701,1281073
3770111,146,963026,3058528,1281073
3770112,150,963028,3058477,1281073
3770113,154,963029,3058475,1281073
3770114,158,963031,3058473,1281073
3770115,162,963033,3058542,1281073
3770116,166,963035,3083475,1281073
3770117,170,963039,3081554,1281073
3770118,174,963043,3057207,1281073
3770119,178,963044,3081694,1281073
3770120,182,963047,3081696,1281073
3770121,186,963052,3081698,1281073
3770122,190,963053,3081700,1281073
3770123,194,963059,3081702,1281073
3770124,198,963061,3081704,1281073
3770125,202,963064,3081706,1281073
3770126,206,963067,3081708,1281073
3770127,4,2076820,3113122,1207342
3770128,6,963097,3113123,1207342
3770129,7,2076822,3113129,1207342
3770130,2,2076824,3056958,1207344
3770131,4,2076823,3113125,1207344
3770132,1,2076825,3113125,1281114
3770133,7,600804,3056958,1207361
3770134,2,963148,3113121,1281116
3770135,9,963154,3113127,1281116
3770136,3,963205,3060168,1281130
3770137,8,2077125,3113147,1281138
3770138,4,2077133,3113153,1281139
3770139,5,2077214,3113146,1281151
3770140,5,2077212,3062302,1281150
3770141,42,963434,3113169,1207653
3770142,8,2077661,3113120,1281192
3770143,2,2077692,3113165,1281190
3770144,8,2077693,3113167,1281190
3770145,35,2077763,3078945,1281198
3770146,36,2077764,3078944,1281198
3770147,5,2077793,3113178,1281203
3770148,9,2077794,3103360,1281203
3770149,13,2077795,3098911,1281203
3770150,2,2078589,3113212,1281239
3770151,8,2078924,3113192,1281262
3770152,13,2078921,3113191,1281262
3770153,8,2079012,3113235,1281266
3770154,11,2079005,3102446,1281266
3770155,14,963951,3113227,1281266
3770156,17,963954,3113228,1281266
3770157,19,2078988,3113230,1281266
3770158,22,963956,3113233,1281266
3770159,8,2079848,3113307,1281284
3770160,11,2079841,3065948,1281284
3770161,20,964082,3113305,1281284
3770162,4,2080087,3062451,1281297
3770163,9,2080088,3080041,1281297
3770164,14,2080089,3080042,1281297
3770165,19,2080090,3080035,1281297
3770166,24,2080091,3080033,1281297
3770167,29,2080092,3080051,1281297
3770168,34,2080093,3080044,1281297
3770169,39,2080094,3080046,1281297
3770170,44,2080095,3080031,1281297
3770171,49,2080096,3080032,1281297
3770172,51,964127,3113313,1281297
3770173,8,2080723,3113337,1281315
3770174,12,2080716,3113329,1281315
3770175,16,964208,3113333,1281315
3770176,8,2081310,3113344,1281320
3770177,1,964245,3060453,1281321
3770178,4,2081311,3060454,1281321
3770179,99,2081450,3113291,1281336
3770180,3,2081547,3064760,1281340
3770181,3,2081750,3113392,1281348
3770182,63,2081766,3113391,1281348
3770183,35,2082774,3113369,1281403
3770184,3,2082970,3100562,1281421
3770185,8,2085190,3113514,1281463
3770186,11,965072,3113497,1281463
3770187,14,2085186,3113500,1281463
3770188,8,2085436,3113587,1281475
3770189,11,2085433,3063031,1281475
3770190,8,2086035,3113450,1281479
3770191,10,965243,3113408,1281479
3770192,14,2086027,3063416,1281479
3770193,16,965245,3113409,1281479
3770194,18,965250,3113411,1281479
3770195,20,965252,3063418,1281479
3770196,25,965254,3113413,1281479
3770197,30,965256,3113414,1281479
3770198,35,965260,3113416,1281479
3770199,40,965262,3113418,1281479
3770200,4,2086518,3113622,1281493
3770201,9,2086519,3113623,1281493
3770202,14,2086520,3113624,1281493
3770203,6,2086503,3113618,1281491
3770204,19,2086521,3113625,1281493
3770205,24,2086522,3113626,1281493
3770206,26,965320,3113627,1281493
3770207,10,2086931,3113588,1281505
3770208,21,2086932,3113589,1281505
3770209,32,2086933,3113590,1281505
3770210,43,2086934,3113591,1281505
3770211,54,2086935,3113592,1281505
3770212,65,2086936,3113593,1281505
3770213,76,2086937,3113594,1281505
3770214,87,2086938,3113595,1281505
3770215,98,2086939,3113596,1281505
3770216,109,2086940,3113597,1281505
3770217,120,2086941,3113598,1281505
3770218,131,2086942,3113599,1281505
3770219,142,2086943,3113600,1281505
3770220,153,2086944,3113601,1281505
3770221,164,2086945,3113602,1281505
3770222,175,2086946,3113603,1281505
3770223,17,2087212,3113571,1281527
3770224,186,2086947,3113604,1281505
3770225,197,2086948,3113605,1281505
3770226,208,2086949,3113606,1281505
3770227,219,2086950,3113607,1281505
3770228,230,2086951,3113608,1281505
3770229,241,2086952,3113609,1281505
3770230,252,2086953,3051948,1281505
3770231,263,2086954,3051951,1281505
3770232,274,2086955,3051952,1281505
3770233,284,2086956,3059534,1281505
3770234,294,2086957,3059536,1281505
3770235,308,2086958,3059537,1281505
3770236,322,2086959,3059538,1281505
3770237,336,2086960,3059539,1281505
3770238,350,2086961,3059540,1281505
3770239,364,2086962,3059541,1281505
3770240,374,2086963,3113610,1281505
3770241,384,2086964,3113611,1281505
3770242,386,965510,3113617,1281505
3770243,390,965512,3113615,1281505
3770244,1,965587,3064327,1281579
3770245,6,965588,3113647,1281579
3770246,11,965589,3113648,1281579
3770247,16,965590,3113649,1281579
3770248,3,2087902,3113771,1281580
3770249,7,2087903,3113774,1281580
3770250,8,2088194,3113868,1281601
3770251,5,2088907,3074574,1281649
3770252,11,2088908,3074573,1281649
3770253,17,2088909,3074572,1281649
3770254,23,2088910,3074571,1281649
3770255,25,966041,3113910,1281649
3770256,22,966144,3113897,1209990
3770257,32,966147,3113901,1209990
3770258,42,966148,3113905,1209990
3770259,3,2089606,3096687,1281715
3770260,13,2089851,3113922,1281724
3770261,2,2090049,3113999,1281738
3770262,3,966434,3089553,1281745
3770263,15,2090212,3089552,1281745
3770264,6,966606,3113993,1281773
3770265,3,2090816,3070931,1281793
3770266,7,2090817,3068388,1281793
3770267,11,2090818,3068352,1281793
3770268,2,966701,3081604,1281805
3770269,4,966703,3081605,1281805
3770270,3,2091030,3114012,1281818
3770271,7,2091031,3114014,1281818
3770272,2,2091170,3111774,1281832
3770273,5,2091171,3111775,1281832
3770274,8,2091172,3111778,1281832
3770275,11,2091173,3111776,1281832
3770276,3,2091307,3078224,1281841
3770277,5,2091632,3114020,1281861
3770278,11,2091633,3114023,1281861
3770279,17,2091634,3114025,1281861
3770280,23,2091635,3114028,1281861
3770281,29,2091636,3114031,1281861
3770282,35,2091637,3114036,1281861
3770283,41,2091638,3114038,1281861
3770284,47,2091639,3114040,1281861
3770285,53,2091640,3059223,1281861
3770286,59,2091641,3114042,1281861
3770287,65,2091642,3114043,1281861
3770288,71,2091643,3114044,1281861
3770289,77,2091644,3114045,1281861
3770290,83,2091645,3114046,1281861
3770291,89,2091646,3059061,1281861
3770292,95,2091647,3114047,1281861
3770293,101,2091648,3114048,1281861
3770294,107,2091649,3114049,1281861
3770295,113,2091650,3114050,1281861
3770296,119,2091651,3114051,1281861
3770297,125,2091652,3114052,1281861
3770298,131,2091653,3114053,1281861
3770299,137,2091654,3114054,1281861
3770300,143,2091655,3059152,1281861
3770301,149,2091656,3059158,1281861
3770302,155,2091657,3114055,1281861
3770303,161,2091658,3114056,1281861
3770304,167,2091659,3114057,1281861
3770305,173,2091660,3114058,1281861
3770306,179,2091661,3114059,1281861
3770307,185,2091662,3114060,1281861
3770308,191,2091663,3114061,1281861
3770309,197,2091664,3114064,1281861
3770310,203,2091665,3114065,1281861
3770311,209,2091666,3114066,1281861
3770312,215,2091667,3114067,1281861
3770313,221,2091668,3114068,1281861
3770314,227,2091669,3059153,1281861
3770315,233,2091670,3114070,1281861
3770316,239,2091671,3114071,1281861
3770317,2,967060,3113942,1281872
3770318,245,2091672,3114072,1281861
3770319,251,2091673,3114073,1281861
3770320,5,967062,3113943,1281872
3770321,257,2091674,3114074,1281861
3770322,8,967063,3113944,1281872
3770323,263,2091675,3114075,1281861
3770324,269,2091676,3114078,1281861
3770325,11,967065,3113945,1281872
3770326,275,2091677,3114081,1281861
3770327,281,2091678,3059100,1281861
3770328,14,967068,3113946,1281872
3770329,287,2091679,3114082,1281861
3770330,293,2091680,3114083,1281861
3770331,299,2091681,3114084,1281861
3770332,305,2091682,3114085,1281861
3770333,311,2091683,3064519,1281861
3770334,313,967072,3114087,1281861
3770335,4,967085,3114088,1281877
3770336,8,967086,3114089,1281877
3770337,8,2091826,3114080,1281886
3770338,1,967145,3092260,1281901
3770339,8,2091916,3114105,1281905
3770340,2,2092293,3114170,1281917
3770341,8,2092336,3114127,1281920
3770342,18,2092321,3114116,1281920
3770343,23,2092322,3050918,1281920
3770344,28,2092323,3050917,1281920
3770345,50,2092324,3114119,1281920
3770346,72,2092329,3114123,1281920
3770347,2,2092423,3114192,1281924
3770348,1,967685,3050907,1281967
3770349,8,2093617,3114229,1281980
3770350,13,2093612,3114227,1281980
3770351,18,2093614,3114228,1281980
3770352,2,2093790,3114230,1281991
3770353,65,2093932,3114233,1282002
3770354,83,2093933,3114235,1282002
3770355,101,2093934,3114237,1282002
3770356,105,2093935,3096680,1282002
3770357,8,2094123,3114224,1282006
3770358,12,2094120,3114213,1282006
3770359,2,2094922,3114244,1282034
3770360,6,968458,3114250,1211137
3770361,6,968463,3114250,1211142
3770362,0,2095053,3114250,1282036
3770363,8,2095579,3113877,1282057
3770364,34,2095557,3113733,1282057
3770365,40,968603,3113697,1282057
3770366,43,968604,3113691,1282057
3770367,65,2095580,3113692,1282057
3770368,69,968616,3113706,1282057
3770369,73,968617,3113704,1282057
3770370,77,968618,3113699,1282057
3770371,81,968619,3113702,1282057
3770372,85,968620,3113721,1282057
3770373,95,2095582,3079570,1282057
3770374,105,2095584,3079572,1282057
3770375,109,968629,3113727,1282057
3770376,115,968630,3113731,1282057
3770377,131,2095744,3113731,1282057
3770378,153,2095592,3113724,1282057
3770379,3,2095720,3114128,1282044
3770380,6,2095721,3114184,1282044
3770381,159,2095562,3113740,1282057
3770382,169,2095563,3113742,1282057
3770383,172,968633,3083705,1282057
3770384,342,968641,3114186,1282044
3770385,344,968642,3114188,1282044
3770386,346,968643,3114190,1282044
3770387,10,2096020,3114270,1282087
3770388,12,2095981,3114272,1282087
3770389,14,2095982,3114273,1282087
3770390,16,2095983,3114274,1282087
3770391,50,2095984,3114275,1282087
3770392,13,2096464,3114353,1211396
3770393,3,2096554,3057947,1282113
3770394,7,2096555,3064947,1282113
3770395,11,2096556,3057216,1282113
3770396,15,2096557,3057212,1282113
3770397,19,2096558,3058037,1282113
3770398,29,2096562,3114352,1282113
3770399,8,2097013,3114360,1282122
3770400,6,2097077,3114363,1282131
3770401,8,2097167,3114348,1282140
3770402,6,2097282,3089749,1282151
3770403,8,2097430,3114379,1282159
3770404,1,969245,3092262,1282166
3770405,129,2097865,3097916,1282175
3770406,259,2097866,3097918,1282175
3770407,265,2097869,3114388,1282175
3770408,272,2097870,3094485,1282175
3770409,279,2097871,3094487,1282175
3770410,286,2097872,3094489,1282175
3770411,0,2098155,3114312,1282189
3770412,6,2098459,3114433,1282212
3770413,13,2098460,3114436,1282212
3770414,2,2098510,3090987,1282217
3770415,5,2098511,3090984,1282217
3770416,1,2098552,3114421,1282221
3770417,3,2098553,3114423,1282221
3770418,2,969628,3114458,1282249
3770419,8,2099559,3114469,1282257
3770420,138,2099555,3114461,1282257
3770421,194,2099556,3114465,1282257
3770422,1,969671,3114641,1282264
3770423,7,969672,3114645,1282264
3770424,10,969673,3114648,1282264
3770425,2,2099748,3044169,1282274
3770426,4,969696,3102462,1282274
3770427,8,2099778,3114661,1282277
3770428,2,969949,3053759,1282323
3770429,5,969951,3053761,1282323
3770430,8,969955,3114493,1282323
3770431,22,2100393,3114819,1282323
3770432,32,2100394,3114821,1282323
3770433,98,2100395,3114823,1282323
3770434,142,2100396,3114825,1282323
3770435,146,2100397,3114827,1282323
3770436,2,2100745,3114836,1282340
3770437,1,970074,3114837,1282343
3770438,3,2100889,3114429,1282356
3770439,6,2100890,3114431,1282356
3770440,9,2100891,3114437,1282356
3770441,11,2100892,3114440,1282356
3770442,2,2100899,3114839,1282358
3770443,8,2101287,3114843,1282397
3770444,1,2101906,3114877,1282439
3770445,2,2101989,3114903,1282442
3770446,104,970549,3051205,1282439
3770447,2,970638,3114909,1282455
3770448,5,2102223,3114945,1212602
3770449,16,617244,3114945,1212602
3770450,2,2102476,3114946,1282471
3770451,2,970750,3067056,1282475
3770452,6,970751,3114931,1282475
3770453,2,970789,3078603,1282498
3770454,4,2103270,3078604,1282498
3770455,6,2103272,3078605,1282498
3770456,3,2103373,3089764,1282499
3770457,4,970816,3114987,1282503
3770458,5,2104263,3114968,1282505
3770459,11,2104265,3114975,1282505
3770460,5,2104731,3115005,1282515
3770461,4613,2102283,3085469,1282468
3770462,8,2106107,3115080,1282576
3770463,7,2106135,3115061,1282580
3770464,15,2106136,3115066,1282580
3770465,23,2106137,3115069,1282580
3770466,31,2106138,3115074,1282580
3770467,33,971200,3115081,1282580
3770468,57,971235,3115089,1282583
3770469,61,971238,3115091,1282583
3770470,65,971241,3115092,1282583
3770471,13,2106311,3115089,1282591
3770472,15,2106312,3115091,1282591
3770473,17,2106313,3115092,1282591
3770474,5,2106317,3101732,1282587
3770475,11,2106318,3089963,1282587
3770476,17,2106319,3075769,1282587
3770477,23,2106320,3075773,1282587
3770478,29,2106321,3089966,1282587
3770479,35,2106322,3089961,1282587
3770480,41,2106323,3073049,1282587
3770481,47,2106324,3073054,1282587
3770482,53,2106325,3057912,1282587
3770483,59,2106326,3057920,1282587
3770484,65,2106327,3057928,1282587
3770485,71,2106329,3057932,1282587
3770486,77,2106330,3073056,1282587
3770487,83,2106331,3057914,1282587
3770488,89,2106332,3057922,1282587
3770489,95,2106333,3057930,1282587
3770490,101,2106334,3073052,1282587
3770491,107,2106336,3057910,1282587
3770492,113,2106337,3057918,1282587
3770493,119,2106338,3057926,1282587
3770494,125,2106339,3057934,1282587
3770495,131,2106340,3073050,1282587
3770496,137,2106341,3057908,1282587
3770497,143,2106342,3057916,1282587
3770498,149,2106343,3057924,1282587
3770499,155,2106344,3057936,1282587
3770500,161,2106345,3102054,1282587
3770501,167,2106346,3052572,1282587
3770502,173,2106347,3115112,1282587
3770503,179,2106348,3102057,1282587
3770504,185,2106349,3101729,1282587
3770505,191,2106350,3052566,1282587
3770506,197,2106351,3052568,1282587
3770507,203,2106352,3052595,1282587
3770508,209,2106353,3113452,1282587
3770509,215,2106354,3052580,1282587
3770510,221,2106355,3061493,1282587
3770511,227,2106356,3115113,1282587
3770512,233,2106357,3113455,1282587
3770513,239,2106358,3115115,1282587
3770514,245,2106359,3074380,1282587
3770515,251,2106360,3115117,1282587
3770516,257,2106361,3074395,1282587
3770517,263,2106362,3101735,1282587
3770518,269,2106363,3095692,1282587
3770519,7,2106651,3115135,1282608
3770520,275,2106364,3095694,1282587
3770521,11,2106652,3115136,1282608
3770522,15,2106653,3098903,1282608
3770523,19,2106654,3103349,1282608
3770524,281,2106365,3095696,1282587
3770525,288,2106366,3095735,1282587
3770526,295,2106367,3095739,1282587
3770527,302,2106368,3095720,1282587
3770528,309,2106369,3095728,1282587
3770529,315,2106370,3068354,1282587
3770530,321,2106371,3101738,1282587
3770531,327,2106372,3095706,1282587
3770532,333,2106373,3095699,1282587
3770533,339,2106374,3095702,1282587
3770534,345,2106375,3095704,1282587
3770535,351,2106376,3052641,1282587
3770536,357,2106377,3052611,1282587
3770537,363,2106378,3101725,1282587
3770538,369,2106379,3115119,1282587
3770539,375,2106380,3052634,1282587
3770540,381,2106381,3115121,1282587
3770541,387,2106382,3081526,1282587
3770542,393,2106383,3061492,1282587
3770543,399,2106384,3066210,1282587
3770544,405,2106385,3066208,1282587
3770545,541,2106386,3101727,1282587
3770546,551,2106467,3101736,1282587
3770547,561,2106475,3101739,1282587
3770548,571,2106480,3101741,1282587
3770549,581,2106485,3101749,1282587
3770550,591,2106490,3101745,1282587
3770551,0,2106889,3115140,1282620
3770552,2,2106890,3115142,1282620
3770553,0,2107872,3115087,1282677
3770554,2,2107873,3115104,1282677
3770555,9,2108204,3078950,1282712
3770556,9,2108235,3115186,1282710
3770557,18,2108205,3078948,1282712
3770558,19,2108236,3115187,1282710
3770559,29,2108237,3115188,1282710
3770560,39,2108238,3073363,1282710
3770561,49,2108239,3056913,1282710
3770562,58,2108240,3056914,1282710
3770563,68,2108241,3098775,1282710
3770564,78,2108242,3084972,1282710
3770565,87,2108243,3115189,1282710
3770566,97,2108244,3084973,1282710
3770567,106,2108245,3115190,1282710
3770568,116,2108246,3073362,1282710
3770569,125,2108247,3115191,1282710
3770570,135,2108248,3115192,1282710
3770571,144,2108249,3073360,1282710
3770572,154,2108250,3093957,1282710
3770573,164,2108251,3073361,1282710
3770574,174,2108252,3115193,1282710
3770575,184,2108253,3056915,1282710
3770576,194,2108254,3115194,1282710
3770577,204,2108255,3115195,1282710
3770578,214,2108256,3084974,1282710
3770579,224,2108257,3067428,1282710
3770580,226,971861,3115202,1282710
3770581,5,971990,3115041,1282777
3770582,10,971991,3115042,1282777
3770583,15,971992,3115044,1282777
3770584,20,971994,3115045,1282777
3770585,25,971995,3115047,1282777
3770586,3,2109245,3081217,1282806
3770587,0,2109539,3115280,1282830
3770588,8,2109545,3115280,1282831
3770589,0,2109635,3115280,1282835
3770590,1,972201,3115214,1282837
3770591,6,972203,3115215,1282837
3770592,11,972204,3115216,1282837
3770593,2,2109814,3115252,1282849
3770594,2,2109903,3054630,1282860
3770595,2,2110384,3115329,1282891
3770596,3,2110389,3062449,1282894
3770597,8,972694,3115354,1282940
3770598,12,972699,3115355,1282940
3770599,2,2111245,3054994,1282958
3770600,0,2111312,3115343,1282961
3770601,2,2111313,3051312,1282961
3770602,4,2111314,3051144,1282961
3770603,8,2111366,3115396,1282965
3770604,1,2111472,3115393,1282975
3770605,4,2111588,3115459,1282982
3770606,0,2111662,3115459,1282992
3770607,3,2111692,3115470,1282996
3770608,7,2111693,3115474,1282996
3770609,8,2112261,3115532,1283017
3770610,17,2112283,3115532,1283017
3770611,1,2112348,3115520,1283022
3770612,3,2112349,3115521,1283022
3770613,89,2112350,3115523,1283022
3770614,93,2112373,3115527,1283022
3770615,94,2112417,3115532,1283022
3770616,98,973279,3115543,1283022
3770617,2,2112489,3115364,1283028
3770618,5,2112490,3115366,1283028
3770619,4,2112689,3115555,1283042
3770620,9,2112690,3115556,1283042
3770621,14,2112691,3115557,1283042
3770622,19,2112692,3115559,1283042
3770623,21,973400,3115560,1283042
3770624,4,2112829,3115571,1283060
3770625,0,2112855,3115571,1283062
3770626,3,2113392,3110815,1283098
3770627,2,2113571,3054622,1283111
3770628,4,2113695,3115607,1283125
3770629,9,2113696,3106531,1283125
3770630,14,2113697,3106527,1283125
3770631,19,2113699,3106529,1283125
3770632,2,2113910,3055747,1283139
3770633,7,973846,3115627,1283139
3770634,8,2113923,3115601,1283141
3770635,19,973866,3095443,1283145
3770636,2,2114144,3054640,1283159
3770637,27,2114239,3115498,1283160
3770638,153,2114225,3115499,1283160
3770639,2,974276,3115634,1283185
3770640,2,2114723,3111940,1283186
3770641,5,2114724,3111947,1283186
3770642,8,2114725,3111948,1283186
3770643,11,2114726,3111949,1283186
3770644,14,2114727,3111950,1283186
3770645,17,2114728,3111951,1283186
3770646,20,2114729,3111956,1283186
3770647,23,2114730,3111957,1283186
3770648,26,2114731,3111958,1283186
3770649,29,2114732,3111959,1283186
3770650,15,2115724,3115403,1283223
3770651,32,2115725,3115406,1283223
3770652,58,2115731,3115409,1283223
3770653,86,2115736,3115413,1283223
3770654,89,974645,3115414,1283223
3770655,92,974651,3115417,1283223
3770656,94,2115739,3115501,1283223
3770657,96,2115740,3115502,1283223
3770658,98,2115741,3115503,1283223
3770659,132,2115742,3115504,1283223
3770660,1,2117144,3056894,1283250
3770661,1,2117148,3115682,1283251
3770662,8,2117145,3056892,1283250
3770663,10,2117146,3090929,1283250
3770664,8,2117190,3115684,1283259
3770665,1,2117442,3052423,1283285
3770666,2,975165,3115713,1283278
3770667,12,2117443,3115712,1283278
3770668,42,2117450,3115712,1283278
3770669,79,2117446,3115712,1283278
3770670,2,2117549,3115741,1283296
3770671,1,975519,3115796,1283321
3770672,11,2118489,3115798,1283321
3770673,14,2118490,3115799,1283321
3770674,1,975582,3115819,1283324
3770675,4,2118780,3093792,1283327
3770676,9,2118781,3093790,1283327
3770677,14,2118782,3093794,1283327
3770678,19,2118783,3093793,1283327
3770679,21,975609,3115823,1283327
3770680,2,2118809,3090601,1283332
3770681,6,2119334,3115836,1283353
3770682,8,2120249,3115757,1283374
3770683,12,2120250,3115747,1283374
3770684,14,2120251,3115750,1283374
3770685,17,2120252,3115747,1283374
3770686,19,2120253,3115750,1283374
3770687,5,976023,3115881,1283380
3770688,7,976071,3115883,1216577
3770689,8,2120488,3115885,1216577
3770690,8,2120489,3115899,1283389
3770691,11,2120490,3115899,1283389
3770692,8,2120586,3115895,1283390
3770693,10,976146,3115880,1283390
3770694,12,2120584,3115881,1283390
3770695,15,976154,3115882,1283390
3770696,17,976156,3115883,1283390
3770697,20,2120580,3105896,1283390
3770698,23,2120581,3105894,1283390
3770699,26,2120582,3105893,1283390
3770700,29,2120583,3115889,1283390
3770701,3,2120971,3105318,1283411
3770702,47,2120983,3105313,1283411
3770703,3,2121116,3115923,1283418
3770704,12,2121117,3115919,1283418
3770705,14,976394,3115912,1283418
3770706,19,976395,3115913,1283418
3770707,24,976396,3115915,1283418
3770708,29,976397,3115921,1283418
3770709,34,976398,3115922,1283418
3770710,56,2121125,3115917,1283418
3770711,62,2121124,3115917,1283418
3770712,2,2121473,3090603,1283437
3770713,6,2122535,3116039,1283490
3770714,7,2122954,3116078,1283514
3770715,1,977265,3116082,1283523
3770716,8,2123054,3116016,1283526
3770717,10,977272,3115931,1283526
3770718,13,977274,3115955,1283526
3770719,19,2123049,3115963,1283526
3770720,21,977279,3115971,1283526
3770721,23,2123050,3116011,1283526
3770722,27,977280,3116012,1283526
3770723,31,977287,3116014,1283526
3770724,6,2123182,3116057,1217278
3770725,3,977336,3116083,1283542
3770726,3,977387,3116049,1283548
3770727,15,2123357,3116050,1283548
3770728,8,2123619,3116098,1283579
3770729,8,2123865,3116101,1283597
3770730,10,977587,3116099,1283597
3770731,2,2124081,3090990,1283612
3770732,5,2124083,3090989,1283612
3770733,6,2124271,3116094,1283618
3770734,2,2124542,3116176,1283628
3770735,8,2124696,3116208,1283632
3770736,10,977832,3095426,1283632
3770737,12,977834,3115010,1283632
3770738,15,2124693,3116204,1283632
3770739,11,2125585,3116364,1283672
3770740,58,2125582,3116364,1283672
3770741,76,2125666,3116364,1283672
3770742,2,2126713,3116408,1283720
3770743,1,2126878,3116404,1283727
3770744,6,2126979,3116486,1283737
3770745,459,633917,3116329,1283719
3770746,0,2127317,3116486,1283751
3770747,6,2127307,3116487,1283751
3770748,14,978719,3060526,1283751
3770749,37,2127316,3116477,1283751
3770750,232,2127383,3116390,1283759
3770751,65,2127573,3116358,1283764
3770752,187,2127574,3116360,1283764
3770753,217,2127602,3116362,1283764
3770754,218,2127702,3116364,1283764
3770755,221,2127603,3116392,1283764
3770756,2,979199,3116504,1283791
3770757,2,2128976,3093030,1283820
3770758,61,2129793,3116459,1283842
3770759,64,979757,3116465,1283842
3770760,67,979759,3116467,1283842
3770761,11,2129930,3116554,1283843
3770762,2,2130009,3054633,1283845
3770763,1,2130546,3116608,1283857
3770764,2,2130567,3116606,1283861
3770765,8,2130842,3116668,1283888
3770766,2,2130880,3116671,1283891
3770767,5,2130881,3116672,1283891
3770768,8,2130882,3073487,1283891
3770769,3,2131359,3116659,1283906
3770770,6,980187,3116662,1283906
3770771,9,980190,3116666,1283906
3770772,1,980386,3101849,1283922
3770773,6,980394,3116649,1283922
3770774,11,980399,3116652,1283922
3770775,16,980400,3116653,1283922
3770776,4,2132162,3116761,1283930
3770777,9,2132163,3116763,1283930
3770778,14,2132164,3116765,1283930
3770779,19,2132165,3116767,1283930
3770780,24,2132166,3116769,1283930
3770781,29,2132167,3116771,1283930
3770782,34,2132168,3116773,1283930
3770783,39,2132169,3116775,1283930
3770784,44,2132170,3116777,1283930
3770785,47,2132171,3116780,1283930
3770786,49,980484,3116782,1283930
3770787,1,980659,3116791,1283946
3770788,5,980695,3116738,1283951
3770789,10,2132464,3116740,1283951
3770790,15,2132465,3116742,1283951
3770791,20,2132466,3116744,1283951
3770792,5,980702,3116794,1283954
3770793,25,2132467,3116746,1283951
3770794,30,2132468,3116748,1283951
3770795,35,2132469,3116750,1283951
3770796,40,2132470,3116752,1283951
3770797,1,980718,3081741,1283957
3770798,16,2132728,3116826,1283971
3770799,5,2132791,3053430,1283981
3770800,11,2132792,3053431,1283981
3770801,17,2132793,3053432,1283981
3770802,23,2132794,3053433,1283981
3770803,29,2132795,3053434,1283981
3770804,35,2132796,3053435,1283981
3770805,41,2132797,3053436,1283981
3770806,43,980844,3116830,1283981
3770807,8,2133040,3116837,1283989
3770808,3,2133145,3080113,1284000
3770809,7,2133146,3080111,1284000
3770810,13,2133147,3116849,1284000
3770811,19,2133148,3116850,1284000
3770812,5,2133278,3116856,1284007
3770813,3,981000,3116804,1284008
3770814,2,2133291,3084236,1284010
3770815,7,981001,3116806,1284008
3770816,19,2133290,3116807,1284008
3770817,20,2133294,3116826,1284008
3770818,8,2133362,3116861,1284015
3770819,8,2133858,3116825,1284056
3770820,4,2133912,3091929,1284062
3770821,2,2133948,3116928,1284065
3770822,9,2133913,3116901,1284062
3770823,14,2133914,3116902,1284062
3770824,19,2133916,3091932,1284062
3770825,24,2133921,3091934,1284062
3770826,29,2133923,3116903,1284062
3770827,34,2133925,3116904,1284062
3770828,39,2133927,3116905,1284062
3770829,44,2133928,3116906,1284062
3770830,49,2133929,3116907,1284062
3770831,54,2133930,3116908,1284062
3770832,59,2133931,3116909,1284062
3770833,64,2133932,3116910,1284062
3770834,69,2133933,3116911,1284062
3770835,74,2133934,3116912,1284062
3770836,79,2133935,3116913,1284062
3770837,84,2133936,3116914,1284062
3770838,89,2133937,3116915,1284062
3770839,94,2133938,3116916,1284062
3770840,99,2133939,3116917,1284062
3770841,104,2133940,3116918,1284062
3770842,109,2133941,3116919,1284062
3770843,114,2133942,3116920,1284062
3770844,119,2133943,3116921,1284062
3770845,121,981444,3116922,1284062
3770846,6,2134013,3116930,1284078
3770847,24,640401,3116944,1284083
3770848,2,2134131,3116942,1284088
3770849,8,2134169,3097854,1284094
3770850,17,2134170,3097855,1284094
3770851,26,2134171,3097856,1284094
3770852,35,2134172,3097857,1284094
3770853,44,2134173,3097858,1284094
3770854,46,981481,3116946,1284094
3770855,8,2134516,3116896,1284109
3770856,11,2134477,3061461,1284109
3770857,14,981542,3116880,1284109
3770858,29,981545,3116882,1284109
3770859,44,981551,3116884,1284109
3770860,61,981554,3116886,1284109
3770861,82,981559,3116888,1284109
3770862,86,981561,3061477,1284109
3770863,88,981563,3061510,1284109
3770864,90,981565,3061763,1284109
3770865,92,981567,3061765,1284109
3770866,94,981569,3061761,1284109
3770867,96,981572,3103377,1284109
3770868,111,2134518,3116872,1284109
3770869,119,2134520,3116872,1284109
3770870,125,2134544,3116872,1284109
3770871,132,981581,3116874,1284109
3770872,134,981583,3116876,1284109
3770873,136,981585,3116878,1284109
3770874,2,2135031,3116966,1284159
3770875,5,2135033,3116967,1284159
3770876,2,2135041,3111762,1284161
3770877,5,2135042,3111763,1284161
3770878,8,2135043,3111766,1284161
3770879,11,2135044,3111767,1284161
3770880,3,2135076,3116968,1284162
3770881,14,2135045,3111768,1284161
3770882,17,2135046,3111770,1284161
3770883,20,2135047,3111764,1284161
3770884,23,2135048,3111813,1284161
3770885,26,2135049,3111817,1284161
3770886,29,2135050,3111835,1284161
3770887,32,2135051,3111837,1284161
3770888,35,2135052,3111821,1284161
3770889,38,2135053,3111772,1284161
3770890,2,2135142,3116963,1284169
3770891,7,2135154,3116975,1284172
3770892,11,2135155,3099027,1284172
3770893,15,2135156,3103362,1284172
3770894,19,2135157,3103363,1284172
3770895,3,981870,3096092,1284174
3770896,7,981873,3048633,1284174
3770897,8,2135243,3116987,1284175
3770898,11,981876,3116413,1284174
3770899,3,2135274,3116977,1284180
3770900,12,2135275,3046381,1284180
3770901,16,2135276,3070693,1284180
3770902,19,981895,3116980,1284180
3770903,22,981896,3116984,1284180
3770904,25,981898,3116990,1284180
3770905,28,981899,3116994,1284180
3770906,31,981900,3116998,1284180
3770907,34,981901,3117002,1284180
3770908,37,981902,3117006,1284180
3770909,40,981903,3070699,1284180
3770910,43,981904,3117012,1284180
3770911,46,981905,3117015,1284180
3770912,49,981906,3117018,1284180
3770913,53,2135277,3098320,1284180
3770914,56,981908,3117021,1284180
3770915,59,981909,3117024,1284180
3770916,62,981910,3117027,1284180
3770917,65,981911,3117030,1284180
3770918,68,981913,3117034,1284180
3770919,72,2135278,3070702,1284180
3770920,75,981914,3117036,1284180
3770921,78,981915,3070704,1284180
3770922,82,2135279,3098321,1284180
3770923,86,2135280,3082302,1284180
3770924,90,2135281,3070714,1284180
3770925,93,981916,3070716,1284180
3770926,96,981917,3070718,1284180
3770927,100,2135282,3046380,1284180
3770928,104,2135283,3046378,1284180
3770929,108,2135284,3070689,1284180
3770930,112,2135285,3098324,1284180
3770931,116,2135286,3070707,1284180
3770932,119,981920,3070708,1284180
3770933,123,2135287,3070710,1284180
3770934,125,2135270,3070712,1284180
3770935,129,2135288,3059719,1284180
3770936,131,2135271,3069395,1284180
3770937,133,2135272,3059724,1284180
3770938,137,2135289,3069393,1284180
3770939,141,2135290,3082300,1284180
3770940,144,981923,3117039,1284180
3770941,147,981924,3117041,1284180
3770942,151,2135291,3061142,1284180
3770943,155,2135292,3098328,1284180
3770944,158,981925,3106535,1284180
3770945,161,981930,3117045,1284180
3770946,164,981931,3117051,1284180
3770947,167,981933,3117054,1284180
3770948,170,981934,3117056,1284180
3770949,174,2135293,3098330,1284180
3770950,176,2135273,3106533,1284180
3770951,180,2135294,3059073,1284180
3770952,184,2135295,3098332,1284180
3770953,187,981935,3117060,1284180
3770954,191,2135296,3098334,1284180
3770955,194,981939,3117065,1284180
3770956,198,2135297,3082304,1284180
3770957,201,981941,3117068,1284180
3770958,204,981944,3117072,1284180
3770959,4,2135461,3117142,1284196
3770960,0,2135741,3117151,1284213
3770961,13,2135739,3117151,1284213
3770962,17,2135742,3117151,1284213
3770963,25,2135748,3117149,1284214
3770964,1,982165,3117145,1284221
3770965,5,2136433,3117147,1284221
3770966,17,2136371,3117147,1284221
3770967,2,2136586,3086867,1284224
3770968,3,2137036,3073306,1284234
3770969,18,2137304,3117235,1284244
3770970,79,2137521,3117242,1220663
3770971,83,2137564,3117242,1220663
3770972,1,982367,3117186,1284246
3770973,3,2137612,3079345,1284247
3770974,0,2138305,3117209,1284299
3770975,2,2138306,3117235,1284299
3770976,6,2138303,3103528,1284299
3770977,8,2138304,3117240,1284299
3770978,9,2138307,3117242,1284299
3770979,2,2138681,3117259,1284317
3770980,2,2138770,3117276,1284320
3770981,5,2139028,3117268,1284327
3770982,18,2139672,3052340,1284344
3770983,37,2139676,3047106,1284344
3770984,61,2139680,3047085,1284344
3770985,80,2139684,3066329,1284344
3770986,99,2139689,3047084,1284344
3770987,123,2139692,3043901,1284344
3770988,130,2139696,3117307,1284344
3770989,149,2139697,3065504,1284344
3770990,178,2139700,3049249,1284344
3770991,405,2139913,3117010,1284349
3770992,197,2139706,3067609,1284344
3770993,236,2139709,3056483,1284344
3770994,255,2139717,3052341,1284344
3770995,304,2139720,3049254,1284344
3770996,323,2139736,3052342,1284344
3770997,352,2139739,3046825,1284344
3770998,359,2139744,3117310,1284344
3770999,384,2139745,3044278,1284344
3771000,391,2139749,3117313,1284344
3771001,410,2139750,3062238,1284344
3771002,417,2139753,3057624,1284344
3771003,424,2139754,3067757,1284344
3771004,426,982914,3117318,1284344
3771005,3,2140396,3095493,1284367
3771006,4,2140781,3117311,1284408
3771007,1,2140886,3117306,1284417
3771008,3,2140887,3117308,1284417
3771009,6,2140888,3081606,1284417
3771010,7,2140891,3117311,1284417
3771011,8,2141142,3117335,1284457
3771012,2,2141270,3054619,1284460
3771013,3,2141279,3065987,1284462
3771014,110,983457,3117371,1284476
3771015,4,2141605,3117381,1284482
3771016,9,2141606,3100945,1284482
3771017,14,2141607,3100953,1284482
3771018,16,983500,3117382,1284482
3771019,4,2141633,3087473,1284485
3771020,9,2141634,3087478,1284485
3771021,22,2141635,3087483,1284485
3771022,7,983520,3117360,1284486
3771023,16,2141649,3117362,1284486
3771024,54,2141713,3089711,1221535
3771025,0,2141788,3089711,1284502
3771026,4,2141786,3089714,1284502
3771027,7,2141787,3089716,1284502
3771028,2,2141791,3117322,1284504
3771029,5,2141792,3117323,1284504
3771030,2,983647,3056950,1284525
3771031,5,983652,3056952,1284525
3771032,8,983653,3056954,1284525
3771033,11,983656,3056956,1284525
3771034,14,983657,3056960,1284525
3771035,17,983658,3047904,1284525
3771036,20,983659,3056995,1284525
3771037,23,983660,3117466,1284525
3771038,26,983661,3057008,1284525
3771039,29,983662,3057010,1284525
3771040,32,983665,3057019,1284525
3771041,35,983666,3057059,1284525
3771042,38,983667,3056966,1284525
3771043,41,983668,3056968,1284525
3771044,45,2142162,3056962,1284525
3771045,65,2142236,3117414,1284531
3771046,1,2142633,3103203,1284578
3771047,1,2143379,3117515,1284598
3771048,43,984147,3117457,1284614
3771049,45,984147,3117455,1284614
3771050,26,2144557,3117511,1222141
3771051,3,2144640,3094804,1284629
3771052,39,2144650,3106276,1284629
3771053,8,2144987,3117461,1284661
3771054,11,2144984,3117427,1284661
3771055,13,984486,3117459,1284661
3771056,6,2145012,3117572,1284662
3771057,26,984506,3117574,1284662
3771058,6,2145121,3117578,1284673
3771059,6,984574,3117610,1222345
3771060,6,984578,3117610,1222348
3771061,105,984586,3115219,1284675
3771062,0,2145553,3117610,1284681
3771063,3,2145576,3090925,1284682
3771064,2,984636,3068570,1284685
3771065,5,984638,3068621,1284685
3771066,8,984640,3068623,1284685
3771067,11,984643,3068586,1284685
3771068,14,984645,3068609,1284685
3771069,17,984647,3054451,1284685
3771070,20,984649,3064629,1284685
3771071,23,984651,3054492,1284685
3771072,26,984653,3068236,1284685
3771073,29,984655,3085646,1284685
3771074,32,984657,3054496,1284685
3771075,35,984659,3065446,1284685
3771076,38,984661,3065430,1284685
3771077,41,984663,3064636,1284685
3771078,44,984665,3085648,1284685
3771079,47,984667,3065436,1284685
3771080,50,984669,3054494,1284685
3771081,53,984671,3065450,1284685
3771082,56,984673,3085418,1284685
3771083,59,984675,3066203,1284685
3771084,62,984677,3085655,1284685
3771085,65,984679,3085720,1284685
3771086,68,984681,3064597,1284685
3771087,71,984685,3065362,1284685
3771088,74,984687,3065369,1284685
3771089,77,984689,3085651,1284685
3771090,80,984691,3077855,1284685
3771091,83,984693,3085713,1284685
3771092,86,984695,3085689,1284685
3771093,89,984697,3085731,1284685
3771094,92,984699,3085729,1284685
3771095,95,984701,3085718,1284685
3771096,98,984703,3085735,1284685
3771097,101,984705,3085733,1284685
3771098,104,984708,3085716,1284685
3771099,107,984710,3065456,1284685
3771100,110,984712,3085724,1284685
3771101,113,984714,3065371,1284685
3771102,116,984716,3066180,1284685
3771103,119,984719,3065533,1284685
3771104,122,984722,3085653,1284685
3771105,125,984724,3064638,1284685
3771106,128,984726,3085644,1284685
3771107,131,984728,3065438,1284685
3771108,134,984730,3085722,1284685
3771109,137,984732,3085695,1284685
3771110,140,984734,3062321,1284685
3771111,143,984737,3085727,1284685
3771112,146,984739,3085541,1284685
3771113,149,984741,3085543,1284685
3771114,152,984743,3066201,1284685
3771115,155,984745,3085545,1284685
3771116,158,984747,3085547,1284685
3771117,161,984750,3085549,1284685
3771118,164,984752,3085551,1284685
3771119,167,984754,3085553,1284685
3771120,170,984756,3085555,1284685
3771121,173,984758,3085557,1284685
3771122,176,984760,3085559,1284685
3771123,179,984762,3054507,1284685
3771124,182,984764,3085561,1284685
3771125,185,984766,3066223,1284685
3771126,188,984768,3085566,1284685
3771127,191,984770,3066221,1284685
3771128,194,984772,3085575,1284685
3771129,197,984774,3062318,1284685
3771130,200,984776,3085582,1284685
3771131,203,984778,3085588,1284685
3771132,206,984780,3085594,1284685
3771133,209,984782,3066218,1284685
3771134,212,984788,3077863,1284685
3771135,215,984791,3085601,1284685
3771136,218,984796,3054517,1284685
3771137,221,984804,3085603,1284685
3771138,224,984810,3085605,1284685
3771139,227,984812,3085597,1284685
3771140,230,984814,3065296,1284685
3771141,233,984816,3085608,1284685
3771142,236,984818,3085610,1284685
3771143,239,984820,3085613,1284685
3771144,242,984822,3085616,1284685
3771145,245,984824,3085410,1284685
3771146,248,984826,3085618,1284685
3771147,8,2146452,3117765,1284698
3771148,4,2146559,3093371,1284706
3771149,9,2146560,3117767,1284706
3771150,11,984867,3117768,1284706
3771151,4,2147206,3055183,1284778
3771152,9,2147207,3117818,1284778
3771153,11,985099,3117819,1284778
3771154,1,985133,3117784,1284786
3771155,3,2148144,3117891,1284862
3771156,75,2148145,3117893,1284862
3771157,8,2148331,3117857,1284875
3771158,10,2148326,3117835,1284875
3771159,12,985500,3117841,1284875
3771160,14,2148327,3117853,1284875
3771161,197,2148271,3117879,1284872
3771162,2,2148441,3088947,1284878
3771163,3,2148455,3117916,1284879
3771164,395,2148272,3117881,1284872
3771165,4,2148706,3118050,1284896
3771166,9,2148707,3060818,1284896
3771167,14,2148708,3060825,1284896
3771168,16,985540,3118054,1284896
3771169,25,2148887,3118093,1284918
3771170,51,2148888,3118097,1284918
3771171,2,985594,3106525,1284921
3771172,5,985597,3106523,1284921
3771173,8,985598,3106524,1284921
3771174,11,985600,3053963,1284921
3771175,14,985601,3053961,1284921
3771176,17,985602,3106526,1284921
3771177,20,985603,3106522,1284921
3771178,4,2148959,3118178,1284924
3771179,9,2148960,3118181,1284924
3771180,14,2148961,3118184,1284924
3771181,19,2148962,3118187,1284924
3771182,24,2148963,3118190,1284924
3771183,29,2148964,3118193,1284924
3771184,34,2148965,3057211,1284924
3771185,39,2148967,3051960,1284924
3771186,44,2148968,3057210,1284924
3771187,49,2148969,3043820,1284924
3771188,51,985625,3118198,1284924
3771189,13,2149047,3092528,1284931
3771190,2,2149246,3077729,1284943
3771191,8,2149464,3118208,1284958
3771192,9,2149468,3118206,1284958
3771193,22,2149466,3118206,1284958
3771194,26,2149470,3118206,1284958
3771195,33,2149781,3118248,1284967
3771196,107,2149782,3118250,1284967
3771197,1,2149887,3091956,1284974
3771198,0,2149888,3118274,1284975
3771199,8,2149973,3118276,1284977
3771200,7,2150676,3118344,1223642
3771201,10,2150706,3118344,1223647
3771202,13,2150705,3118344,1223647
3771203,2,2150766,3118342,1285013
3771204,3,2150767,3118344,1285013
3771205,1,2150813,3118349,1285020
3771206,109,986249,3118350,1285020
3771207,2,2151293,3054649,1285039
3771208,3,2151410,3057867,1285047
3771209,7,2151411,3057868,1285047
3771210,11,2151412,3057872,1285047
3771211,15,2151413,3057870,1285047
3771212,25,2151414,3118358,1285047
3771213,35,2151415,3118359,1285047
3771214,8,2151852,3118302,1285063
3771215,10,986473,3054429,1285063
3771216,12,2151848,3118281,1285063
3771217,15,2151849,3118294,1285063
3771218,17,986476,3118295,1285063
3771219,5,986523,3118371,1285075
3771220,6,986523,3118369,1285075
3771221,9,986524,3118369,1285075
3771222,2,2151942,3118373,1285078
3771223,5,2151943,3118375,1285078
3771224,5,2152097,3067972,1285090
3771225,55,986648,3070128,1285095
3771226,4,2152408,3062298,1285106
3771227,2,2152473,3118438,1285109
3771228,5,2152474,3118439,1285109
3771229,1,2152699,3118443,1285117
3771230,3,2152700,3118444,1285117
3771231,3,2152792,3105185,1285130
3771232,3,2152869,3116079,1285133
3771233,7,2152870,3118450,1285133
3771234,11,2152871,3118451,1285133
3771235,15,2152872,3118452,1285133
3771236,19,2152873,3118453,1285133
3771237,23,2152874,3118454,1285133
3771238,27,2152875,3118456,1285133
3771239,31,2152876,3118458,1285133
3771240,35,2152877,3118462,1285133
3771241,39,2152878,3118466,1285133
3771242,43,2152879,3118468,1285133
3771243,3,2152985,3057125,1285149
3771244,3,2153026,3057072,1285139
3771245,3,2153538,3118573,1285175
3771246,5,2153539,3118575,1285175
3771247,3,2154421,3118598,1285205
3771248,7,2154422,3118600,1285205
3771249,11,2154423,3118602,1285205
3771250,15,2154424,3075044,1285205
3771251,19,2154425,3050069,1285205
3771252,2,2154652,3118567,1285220
3771253,1157,2154602,3085466,1285214
3771254,4,2155376,3112868,1285239
3771255,9,2155378,3112869,1285239
3771256,11,987552,3118640,1285239
3771257,4,2155913,3049733,1285279
3771258,9,2155914,3074732,1285279
3771259,14,2155915,3049734,1285279
3771260,19,2155916,3074733,1285279
3771261,21,987685,3118658,1285279
3771262,8,2156549,3118759,1285308
3771263,3,2157717,3118666,1285360
3771264,12,988465,3118668,1285360
3771265,15,2157719,3118680,1285360
3771266,1,2157908,3118796,1285373
3771267,3,2157909,3118797,1285373
3771268,8,2158175,3118800,1285386
3771269,16,988763,3118798,1285386
3771270,19,2158172,3074072,1285386
3771271,2,988828,3118513,1285391
3771272,5,988829,3118515,1285391
3771273,8,988830,3118523,1285391
3771274,11,988832,3118559,1285391
3771275,14,988840,3118561,1285391
3771276,17,988841,3118563,1285391
3771277,2,2158521,3111846,1285402
3771278,5,2158522,3111847,1285402
3771279,8,2158523,3111848,1285402
3771280,11,2158524,3111849,1285402
3771281,14,2158525,3111852,1285402
3771282,17,2158526,3111858,1285402
3771283,20,2158527,3111869,1285402
3771284,23,2158528,3111870,1285402
3771285,26,2158529,3111872,1285402
3771286,29,2158530,3111871,1285402
3771287,4,2158810,3065302,1285430
3771288,6,989000,3118823,1285430
3771289,4,2158907,3110732,1285442
3771290,9,2158908,3110724,1285442
3771291,14,2158909,3118834,1285442
3771292,16,989034,3118835,1285442
3771293,7,2158936,3103050,1285443
3771294,8,2159128,3118833,1285456
3771295,8,2159144,3118841,1285462
3771296,3,989129,3118819,1285467
3771297,8,2159652,3118935,1285506
3771298,10,989303,3118931,1285506
3771299,13,2159649,3118933,1285506
3771300,4,2159856,3118944,1285519
3771301,6,2160049,3118938,1285532
3771302,7,2160173,3118944,1285548
3771303,8,2160930,3118887,1285604
3771304,33,2161154,3118982,1226266
3771305,8,989898,3118974,1285620
3771306,28,2161350,3118976,1285620
3771307,2,989936,3118986,1285623
3771308,5,990177,3118998,1285665
3771309,7,990295,3119013,1285695
3771310,2,2162968,3044267,1285725
3771311,5,2163137,3119022,1285729
3771312,11,2163138,3119024,1285729
3771313,17,2163139,3119026,1285729
3771314,23,2163140,3119028,1285729
3771315,29,2163142,3119032,1285729
3771316,35,2163143,3119034,1285729
3771317,41,2163144,3119038,1285729
3771318,47,2163145,3119040,1285729
3771319,53,2163146,3119041,1285729
3771320,59,2163147,3119042,1285729
3771321,65,2163148,3119043,1285729
3771322,71,2163149,3119044,1285729
3771323,77,2163150,3119045,1285729
3771324,83,2163151,3119046,1285729
3771325,89,2163152,3119047,1285729
3771326,91,990413,3119050,1285729
3771327,1,990673,3119023,1285742
3771328,8,2164104,3119080,1285756
3771329,8,2164756,3119103,1285783
3771330,3,991149,3057966,1285792
3771331,7,991151,3057962,1285792
3771332,4,2165134,3109711,1285797
3771333,9,2165135,3109712,1285797
3771334,14,2165136,3109713,1285797
3771335,19,2165137,3109714,1285797
3771336,24,2165138,3109715,1285797
3771337,29,2165139,3109716,1285797
3771338,31,991226,3119118,1285797
3771339,3,2165223,3097860,1285807
3771340,7,2165224,3099088,1285807
3771341,13,2165225,3119122,1285807
3771342,19,2165226,3119124,1285807
3771343,1,2165318,3119125,1227437
3771344,2,2165396,3119125,1285820
3771345,1,2165473,3119068,1285827
3771346,19,2165477,3074311,1285827
3771347,22,2165479,3119066,1285827
3771348,25,2165481,3062589,1285827
3771349,32,2165482,3062590,1285827
3771350,0,2166363,3119141,1285890
3771351,2,991678,3094267,1285909
3771352,8,2167105,3119167,1285917
3771353,1,992125,3119185,1285927
3771354,7,992129,3119186,1285927
3771355,12,992132,3119187,1285927
3771356,17,992135,3119188,1285927
3771357,22,992137,3119190,1285927
3771358,5,2167896,3119220,1285934
3771359,9,2167897,3119221,1285934
3771360,15,2167898,3119222,1285934
3771361,19,2167899,3119224,1285934
3771362,5,2167977,3119231,1285942
3771363,9,2167978,3080170,1285942
3771364,13,2167979,3103350,1285942
3771365,25,2169528,3119309,1285966
3771366,51,2169529,3119311,1285966
3771367,53,993210,3119318,1285966
3771368,8,2169754,3119339,1285975
3771369,8,2170513,3119216,1285992
3771370,17,993810,3119210,1285992
3771371,25,2170509,3052730,1285992
3771372,31,2170510,3064649,1285992
3771373,34,2170511,3119214,1285992
3771374,1,993936,3119114,1286013
3771375,5,2170961,3119115,1286013
3771376,56,2171326,3078942,1286025
3771377,58,2171328,3078940,1286025
3771378,62,2171331,3078938,1286025
3771379,64,2171345,3078942,1286025
3771380,65,2171351,3078940,1286025
3771381,66,2171384,3078938,1286025
3771382,2,2171764,3090742,1286053
3771383,16,2171893,3119383,1286056
3771384,8,2173002,3119276,1286074
3771385,10,2172994,3119234,1286074
3771386,14,2172997,3119236,1286074
3771387,16,2172998,3119254,1286074
3771388,21,2172999,3119274,1286074
3771389,2,994449,3119398,1286083
3771390,13,994453,3119399,1286083
3771391,18,994454,3119400,1286083
3771392,2,2173339,3119410,1286107
3771393,1,2173823,3119418,1286120
3771394,1,994639,3119423,1286131
3771395,3,994641,3119425,1286131
3771396,6,994642,3119427,1286131
3771397,9,994645,3119429,1286131
3771398,8,2174643,3119407,1286164
3771399,13,2174638,3119404,1286164
3771400,18,2174640,3119405,1286164
3771401,13,2174778,3119455,1286170
3771402,8,2174909,3119457,1286171
3771403,11,2174921,3119451,1286174
3771404,8,2174957,3119378,1286178
3771405,12,2174954,3048992,1286178
3771406,1,994998,3116497,1286189
3771407,4,2175008,3119458,1286189
3771408,2,995232,3119532,1286252
3771409,6,2176227,3119534,1286253
3771410,2,2176489,3119537,1286261
3771411,2,995425,3071186,1286273
3771412,8,2176824,3119528,1286284
3771413,12,2176821,3119524,1286284
3771414,15,995489,3119526,1286284
3771415,3,2177332,3050891,1286308
3771416,2,2177641,3119548,1286323
3771417,5,2177642,3119550,1286323
3771418,2,2177961,3117321,1286341
3771419,5,2177962,3117320,1286341
3771420,2,2178085,3054620,1286353
3771421,6,2178299,3119596,1286360
3771422,8,2178446,3119603,1286370
3771423,3,2178669,3119619,1286381
3771424,7,2178670,3119620,1286381
3771425,11,2178672,3119621,1286381
3771426,15,2178673,3119622,1286381
3771427,19,2178674,3119624,1286381
3771428,23,2178675,3119626,1286381
3771429,27,2178677,3119627,1286381
3771430,31,2178678,3119629,1286381
3771431,49,2178679,3119630,1286381
3771432,67,2178681,3119631,1286381
3771433,2,2178776,3119617,1286388
3771434,2,2178880,3111839,1286392
3771435,5,2178881,3111840,1286392
3771436,8,2178882,3111843,1286392
3771437,11,2178883,3111844,1286392
3771438,14,2178884,3111841,1286392
3771439,72,2178894,3109794,1286392
3771440,74,2178923,3109794,1286392
3771441,3,2179343,3090175,1286409
3771442,8,2179910,3119615,1286427
3771443,2,2180269,3066959,1286435
3771444,1,2180274,3119688,1286436
3771445,4,2180277,3078024,1286436
3771446,517,2180349,3085458,1286439
3771447,49,996376,3119698,1286477
3771448,4,2180967,3119722,1286481
3771449,5,996439,3119654,1286491
3771450,10,996440,3119657,1286491
3771451,15,996441,3119660,1286491
3771452,8,2181163,3119712,1286502
3771453,2,2181204,3049460,1286506
3771454,5,2181210,3049460,1286506
3771455,5,2182279,3119831,1286597
3771456,8,2182281,3119832,1286597
3771457,10,2182282,3119834,1286597
3771458,12,2182283,3119835,1286597
3771459,15,996984,3119837,1286597
3771460,18,996985,3119839,1286597
3771461,1,997261,3119907,1286609
3771462,2,2182757,3119914,1286613
3771463,2,2183422,3119921,1286637
3771464,4,2183423,3045842,1286637
3771465,1,997782,3082545,1286650
3771466,4,997783,3082497,1286650
3771467,6,997785,3119943,1286650
3771468,11,997786,3119944,1286650
3771469,16,997789,3119946,1286650
3771470,8,2183815,3119955,1286659
3771471,4,2183948,3045949,1286678
3771472,9,2183949,3067817,1286678
3771473,11,997852,3119960,1286678
3771474,1,997877,3119958,1286689
3771475,6,997881,3119959,1286689
3771476,0,2184076,3119722,1286692
3771477,4,2184075,3119724,1286692
3771478,5,2184078,3047440,1286692
3771479,7,2184081,3119734,1286692
3771480,2,998001,3119963,1286698
3771481,5,998003,3057493,1286698
3771482,8,998005,3057380,1286698
3771483,11,998007,3119965,1286698
3771484,14,998009,3119967,1286698
3771485,17,998012,3119969,1286698
3771486,20,998016,3119971,1286698
3771487,23,998017,3057382,1286698
3771488,26,998021,3119973,1286698
3771489,29,998022,3057388,1286698
3771490,32,998023,3119975,1286698
3771491,39,998369,3119904,1286741
3771492,39,2185308,3095383,1286753
3771493,40,2185307,3103561,1286753
3771494,1157,2185374,3085460,1286755
3771495,3,998555,3117793,1286765
3771496,12,2186111,3071287,1286765
3771497,29,2186114,3117787,1286765
3771498,46,2186118,3119998,1286765
3771499,63,2186122,3117811,1286765
3771500,80,2186127,3117816,1286765
3771501,82,998595,3120007,1286765
3771502,4,2186211,3120017,1286772
3771503,2,2186398,3054621,1286801
3771504,2,2186583,3054539,1286825
3771505,5,2186589,3120031,1286825
3771506,4,2187131,3056799,1286871
3771507,6,998923,3120079,1286871
3771508,2,2187166,3066733,1286875
3771509,2,2187240,3064410,1286882
3771510,2,2187433,3120102,1286891
3771511,2,2187571,3120144,1286917
3771512,2,999203,3120167,1286933
3771513,2,2188410,3120158,1286952
3771514,2,999418,3080526,1286965
3771515,5,999419,3080524,1286965
3771516,8,999420,3080522,1286965
3771517,11,999422,3080520,1286965
3771518,14,999423,3080518,1286965
3771519,17,999424,3080516,1286965
3771520,26,2188968,3120178,1286965
3771521,74,999456,3056611,1286969
3771522,4,2189260,3072795,1286979
3771523,9,2189261,3072796,1286979
3771524,11,999473,3120229,1286979
3771525,1,2190060,3120266,1287045
3771526,7,2190194,3120209,1287057
3771527,4,2190634,3074530,1235729
3771528,41,1000121,3048041,1287100
3771529,0,2190799,3120291,1287116
3771530,2,2190814,3120290,1287117
3771531,3,2190815,3120291,1287117
3771532,2,1000212,3120301,1287123
3771533,6,2191018,3119748,1287134
3771534,13,2191019,3119751,1287134
3771535,20,2191020,3120308,1287134
3771536,27,2191021,3119762,1287134
3771537,34,2191022,3119763,1287134
3771538,41,2191023,3119767,1287134
3771539,48,2191024,3119768,1287134
3771540,55,2191025,3119769,1287134
3771541,62,2191026,3118636,1287134
3771542,69,2191027,3058283,1287134
3771543,76,2191028,3119770,1287134
3771544,83,2191030,3119771,1287134
3771545,90,2191032,3068858,1287134
3771546,97,2191034,3119772,1287134
3771547,104,2191035,3119776,1287134
3771548,111,2191037,3119780,1287134
3771549,118,2191039,3119782,1287134
3771550,125,2191041,3119786,1287134
3771551,132,2191043,3119790,1287134
3771552,139,2191044,3119791,1287134
3771553,146,2191047,3119794,1287134
3771554,153,2191048,3119795,1287134
3771555,155,1000273,3120311,1287134
3771556,22,681698,3120314,1287145
3771557,3,2191122,3120312,1287146
3771558,5,2191123,3120314,1287146
3771559,2,2191258,3113119,1287151
3771560,1,2191636,3120346,1287169
3771561,7,2191668,3120211,1287173
3771562,11,2191669,3120213,1287173
3771563,15,2191670,3047880,1287173
3771564,8,2191699,3120365,1235986
3771565,0,2192054,3082938,1287198
3771566,2,2192055,3082933,1287198
3771567,2,2192625,3111749,1287211
3771568,5,2192626,3111750,1287211
3771569,8,2192628,3111754,1287211
3771570,11,2192629,3111755,1287211
3771571,14,2192631,3111756,1287211
3771572,17,2192632,3111758,1287211
3771573,20,2192634,3111759,1287211
3771574,23,2192636,3111760,1287211
3771575,26,2192638,3111752,1287211
3771576,3,2193175,3043806,1287247
3771577,3,2193327,3120459,1287259
3771578,8,2193328,3120460,1287259
3771579,4,2193576,3075238,1287271
3771580,9,2193577,3049800,1287271
3771581,14,2193578,3047396,1287271
3771582,19,2193579,3049801,1287271
3771583,21,1000935,3120479,1287271
3771584,5,1000948,3120482,1287273
3771585,1,2193624,3120480,1287275
3771586,4,2194116,3120407,1287295
3771587,0,2194121,3120407,1287297
3771588,2,1001254,3116562,1287318
3771589,9,2194844,3120437,1287318
3771590,11,2194845,3120446,1287318
3771591,8,2195067,3120489,1287330
3771592,5,2195130,3080253,1287338
3771593,11,2195131,3080244,1287338
3771594,17,2195132,3080236,1287338
3771595,23,2195133,3080231,1287338
3771596,29,2195134,3080247,1287338
3771597,35,2195135,3080249,1287338
3771598,41,2195136,3080257,1287338
3771599,43,1001364,3120517,1287338
3771600,8,2195433,3120495,1287372
3771601,3,2195810,3101362,1287416
3771602,1,2195834,3120567,1236946
3771603,1,2195883,3084410,1287419
3771604,3,2195884,3120552,1287419
3771605,2,2196916,3120567,1287471
3771606,35,2197089,3120641,1287485
3771607,35,2197107,3120643,1287486
3771608,6,1002142,3097276,1287493
3771609,13,1002150,3053669,1287493
3771610,20,1002156,3048822,1287493
3771611,0,2197474,3120778,1287507
3771612,3,2197880,3082289,1287523
3771613,11,2198015,3108125,1287525
3771614,3,2198048,3084067,1287526
3771615,23,2198016,3061290,1287525
3771616,39,2198017,3045703,1287525
3771617,51,2198018,3045705,1287525
3771618,61,2198019,3090832,1287525
3771619,69,2198020,3097815,1287525
3771620,71,1002305,3120804,1287525
3771621,74,1002306,3120793,1287525
3771622,77,1002308,3097807,1287525
3771623,80,1002309,3097811,1287525
3771624,83,1002310,3120795,1287525
3771625,86,1002311,3120797,1287525
3771626,88,1002313,3120799,1287525
3771627,90,2198021,3120800,1287525
3771628,93,2198023,3120802,1287525
3771629,97,2198026,3097809,1287525
3771630,100,2198028,3061091,1287525
3771631,103,2198030,3051078,1287525
3771632,106,2198032,3061262,1287525
3771633,109,2198034,3051076,1287525
3771634,112,2198036,3061256,1287525
3771635,115,2198038,3062200,1287525
3771636,118,2198040,3097813,1287525
3771637,121,2198042,3051080,1287525
3771638,124,2198044,3051082,1287525
3771639,127,2198046,3119460,1287525
3771640,1,1002322,3120831,1287544
3771641,4,1002324,3120832,1287544
3771642,6,1002326,3120834,1287544
3771643,8,1002328,3120837,1287544
3771644,4613,2197619,3068102,1287512
3771645,7,2201097,3115685,1287628
3771646,15,2201098,3115687,1287628
3771647,23,2201099,3115689,1287628
3771648,3,686747,3120905,1237776
3771649,4,1002668,3120907,1237776
3771650,7,1002696,3120907,1287651
3771651,11,2201393,3120905,1287651
3771652,9,2201959,3120823,1287674
3771653,19,2201960,3120824,1287674
3771654,29,2201963,3120825,1287674
3771655,39,2201964,3120826,1287674
3771656,40,2202102,3120944,1237939
3771657,2,2202213,3120919,1287693
3771658,0,2202345,3120944,1287686
3771659,6,2202761,3076699,1287709
3771660,10,2202762,3120899,1287709
3771661,14,2202764,3120901,1287709
3771662,18,2202766,3120903,1287709
3771663,21,2202767,3081538,1287709
3771664,4,1003102,3046356,1287711
3771665,9,1003103,3046348,1287711
3771666,14,1003104,3046359,1287711
3771667,19,1003105,3046352,1287711
3771668,22,1003107,3052056,1287711
3771669,10,1003114,3120988,1287724
3771670,14,1003116,3120989,1287724
3771671,5,1003191,3120986,1287744
3771672,2887,2202266,3120945,1287686
3771673,2891,2202269,3120948,1287686
3771674,5,2204496,3120996,1287755
3771675,9,1003250,3120995,1287755
3771676,13,1003252,3120996,1287755
3771677,22,2204493,3120995,1287755
3771678,23,2204498,3043651,1287755
3771679,26,2204499,3120996,1287755
3771680,28,2204500,3120995,1287755
3771681,30,2204501,3043651,1287755
3771682,3,2204522,3120998,1287762
3771683,6,2204523,3121000,1287762
3771684,1,1003303,3121035,1287772
3771685,5,2204733,3121065,1287783
3771686,4,2204737,3121065,1238223
3771687,1,2205001,3121051,1238349
3771688,2,2205047,3121056,1238359
3771689,11,2205184,3121067,1238409
3771690,7,2205248,3121018,1287840
3771691,1,1003618,3121081,1287861
3771692,8,2205805,3121073,1287868
3771693,9,2205831,3121051,1287868
3771694,11,2205832,3121056,1287868
3771695,15,2205801,3121058,1287868
3771696,18,2205802,3121068,1287868
3771697,6,2206163,3063976,1287888
3771698,13,2206165,3063977,1287888
3771699,15,1003823,3121122,1287888
3771700,8,2206614,3121149,1287913
3771701,4,2206854,3063806,1287925
3771702,9,2206855,3063810,1287925
3771703,14,2206856,3063811,1287925
3771704,19,2206857,3063812,1287925
3771705,24,2206858,3063813,1287925
3771706,29,2206859,3063814,1287925
3771707,34,2206860,3111366,1287925
3771708,39,2206861,3111373,1287925
3771709,44,2206862,3111370,1287925
3771710,49,2206863,3111386,1287925
3771711,54,2206864,3111389,1287925
3771712,59,2206865,3111383,1287925
3771713,64,2206866,3111376,1287925
3771714,69,2206867,3111380,1287925
3771715,74,2206868,3093987,1287925
3771716,79,2206869,3093990,1287925
3771717,84,2206870,3093993,1287925
3771718,3,2208080,3121213,1287954
3771719,9,2208081,3121216,1287954
3771720,2,1004685,3121128,1287956
3771721,12,1004689,3121130,1287956
3771722,14,1004691,3060427,1287956
3771723,8,2208574,3121298,1287976
3771724,1,1004865,3121303,1287986
3771725,5,1004883,3119388,1287988
3771726,4,1005063,3121316,1288019
3771727,10,2209223,3121312,1288020
3771728,513,2209453,3121346,1288026
3771729,519,2209454,3121347,1288026
3771730,522,2209455,3102445,1288026
3771731,1036,2209456,3121349,1288026
3771732,8,2210191,3121340,1288035
3771733,1550,2209457,3121350,1288026
3771734,5,2210409,3045676,1288043
3771735,7,1005291,3121355,1288043
3771736,0,2210439,3121270,1288045
3771737,4,2210435,3121272,1288045
3771738,14,2210436,3121274,1288045
3771739,22,2210437,3121276,1288045
3771740,30,2210438,3121296,1288045
3771741,4,2211051,3048180,1288054
3771742,9,2211052,3055938,1288054
3771743,14,2211053,3071824,1288054
3771744,19,2211054,3072136,1288054
3771745,24,2211055,3116784,1288054
3771746,26,1005363,3121377,1288054
3771747,3,2211057,3110902,1288055
3771748,257,2211177,3121398,1288057
3771749,2,2211409,3054618,1288068
3771750,3,1005433,3051084,1288078
3771751,1,2211586,3121411,1288090
3771752,3,1005482,3121414,1288097
3771753,3,1005541,3112331,1288110
3771754,1,1005549,3060451,1288112
3771755,4,2213974,3060452,1288112
3771756,5,2214016,3121422,1288115
3771757,8,2214119,3121510,1288128
3771758,8,2214694,3121644,1288150
3771759,2,1005794,3121650,1288158
3771760,4,1005796,3121651,1288158
3771761,8,2214812,3121652,1288158
3771762,8,2214836,3121654,1288159
3771763,4,2216662,3121429,1288140
3771764,9,2216663,3121430,1288140
3771765,14,2216664,3121431,1288140
3771766,19,2216665,3121432,1288140
3771767,24,2216666,3121433,1288140
3771768,29,2216667,3121434,1288140
3771769,34,2216668,3121435,1288140
3771770,39,2216669,3121436,1288140
3771771,44,2216670,3121437,1288140
3771772,49,2216671,3121438,1288140
3771773,54,2216672,3121439,1288140
3771774,59,2216673,3121440,1288140
3771775,64,2216674,3121441,1288140
3771776,69,2216675,3121442,1288140
3771777,74,2216676,3121443,1288140
3771778,79,2216677,3121444,1288140
3771779,84,2216678,3121445,1288140
3771780,89,2216679,3121446,1288140
3771781,94,2216680,3121447,1288140
3771782,99,2216681,3121448,1288140
3771783,104,2216682,3121449,1288140
3771784,109,2216683,3121450,1288140
3771785,114,2216684,3121451,1288140
3771786,119,2216685,3121452,1288140
3771787,124,2216686,3121453,1288140
3771788,129,2216687,3121454,1288140
3771789,134,2216688,3121455,1288140
3771790,139,2216689,3121456,1288140
3771791,144,2216690,3121457,1288140
3771792,149,2216691,3121458,1288140
3771793,154,2216692,3121459,1288140
3771794,159,2216693,3121460,1288140
3771795,164,2216694,3121461,1288140
3771796,169,2216695,3121462,1288140
3771797,174,2216696,3121463,1288140
3771798,179,2216697,3121464,1288140
3771799,184,2216698,3121465,1288140
3771800,189,2216699,3121466,1288140
3771801,194,2216700,3121467,1288140
3771802,199,2216701,3121468,1288140
3771803,204,2216702,3121469,1288140
3771804,209,2216703,3121471,1288140
3771805,214,2216704,3121472,1288140
3771806,219,2216705,3121473,1288140
3771807,224,2216706,3121474,1288140
3771808,229,2216707,3121475,1288140
3771809,234,2216708,3121476,1288140
3771810,239,2216709,3121478,1288140
3771811,244,2216710,3121479,1288140
3771812,249,2216711,3121480,1288140
3771813,254,2216712,3121481,1288140
3771814,259,2216713,3121482,1288140
3771815,264,2216714,3121483,1288140
3771816,269,2216715,3121484,1288140
3771817,274,2216716,3121485,1288140
3771818,279,2216717,3121486,1288140
3771819,284,2216718,3121487,1288140
3771820,289,2216719,3121488,1288140
3771821,294,2216720,3121489,1288140
3771822,299,2216721,3121490,1288140
3771823,304,2216722,3121491,1288140
3771824,309,2216723,3121492,1288140
3771825,314,2216724,3121494,1288140
3771826,319,2216725,3121495,1288140
3771827,324,2216726,3121496,1288140
3771828,329,2216727,3121497,1288140
3771829,334,2216728,3121498,1288140
3771830,339,2216729,3121499,1288140
3771831,344,2216730,3121500,1288140
3771832,349,2216731,3121501,1288140
3771833,354,2216732,3121502,1288140
3771834,359,2216733,3121505,1288140
3771835,364,2216734,3121507,1288140
3771836,369,2216735,3121509,1288140
3771837,374,2216736,3121511,1288140
3771838,379,2216737,3121512,1288140
3771839,384,2216738,3121513,1288140
3771840,389,2216739,3121514,1288140
3771841,394,2216740,3121515,1288140
3771842,399,2216741,3121516,1288140
3771843,404,2216742,3121517,1288140
3771844,409,2216743,3121518,1288140
3771845,414,2216744,3121519,1288140
3771846,419,2216745,3121520,1288140
3771847,424,2216746,3121521,1288140
3771848,429,2216747,3121522,1288140
3771849,434,2216748,3121523,1288140
3771850,439,2216749,3121524,1288140
3771851,444,2216750,3121525,1288140
3771852,449,2216751,3121526,1288140
3771853,454,2216752,3121527,1288140
3771854,459,2216753,3121529,1288140
3771855,464,2216754,3121531,1288140
3771856,469,2216755,3121533,1288140
3771857,474,2216756,3121534,1288140
3771858,479,2216757,3121536,1288140
3771859,484,2216758,3121538,1288140
3771860,489,2216759,3121539,1288140
3771861,494,2216760,3121540,1288140
3771862,499,2216761,3121541,1288140
3771863,504,2216762,3121542,1288140
3771864,509,2216763,3121543,1288140
3771865,514,2216764,3121544,1288140
3771866,519,2216765,3121545,1288140
3771867,524,2216766,3121546,1288140
3771868,529,2216767,3121547,1288140
3771869,534,2216768,3121548,1288140
3771870,539,2216769,3121549,1288140
3771871,544,2216770,3121550,1288140
3771872,549,2216771,3121551,1288140
3771873,554,2216772,3121554,1288140
3771874,559,2216773,3121560,1288140
3771875,564,2216774,3121563,1288140
3771876,569,2216775,3121567,1288140
3771877,574,2216776,3121568,1288140
3771878,579,2216777,3121569,1288140
3771879,584,2216778,3121570,1288140
3771880,589,2216779,3121571,1288140
3771881,594,2216780,3121572,1288140
3771882,599,2216781,3121573,1288140
3771883,604,2216782,3121574,1288140
3771884,609,2216783,3121575,1288140
3771885,614,2216784,3121576,1288140
3771886,619,2216785,3121577,1288140
3771887,624,2216786,3121578,1288140
3771888,629,2216787,3121579,1288140
3771889,634,2216788,3121580,1288140
3771890,639,2216789,3121581,1288140
3771891,644,2216790,3121582,1288140
3771892,649,2216791,3121583,1288140
3771893,654,2216792,3121584,1288140
3771894,659,2216793,3121585,1288140
3771895,664,2216794,3121586,1288140
3771896,669,2216795,3121587,1288140
3771897,674,2216796,3121588,1288140
3771898,679,2216797,3121589,1288140
3771899,684,2216798,3121590,1288140
3771900,689,2216799,3121591,1288140
3771901,694,2216800,3121592,1288140
3771902,699,2216801,3121593,1288140
3771903,704,2216802,3121594,1288140
3771904,709,2216803,3121595,1288140
3771905,714,2216804,3121596,1288140
3771906,719,2216805,3121597,1288140
3771907,724,2216806,3121598,1288140
3771908,729,2216807,3121599,1288140
3771909,734,2216808,3121600,1288140
3771910,739,2216809,3121601,1288140
3771911,744,2216810,3121602,1288140
3771912,749,2216811,3121603,1288140
3771913,754,2216812,3121604,1288140
3771914,759,2216813,3121605,1288140
3771915,764,2216814,3121606,1288140
3771916,769,2216815,3121607,1288140
3771917,774,2216816,3121608,1288140
3771918,779,2216817,3121609,1288140
3771919,784,2216818,3121610,1288140
3771920,789,2216819,3121611,1288140
3771921,794,2216820,3121612,1288140
3771922,799,2216821,3121613,1288140
3771923,804,2216822,3121614,1288140
3771924,809,2216823,3121615,1288140
3771925,814,2216824,3121616,1288140
3771926,819,2216825,3121617,1288140
3771927,821,1005804,3121623,1288140
3771928,4139,2214837,3121618,1288140
3771929,7457,2214838,3121620,1288140
3771930,7462,1005807,3121622,1288140
3771931,17,2218723,3121741,1240187
3771932,38,2218717,3121741,1240187
3771933,44,2219097,3121738,1288192
3771934,124,2219098,3121740,1288192
3771935,125,2219316,3121741,1288192
3771936,130,2219101,3121743,1288192
3771937,3040,2219102,3121747,1288192
3771938,3,2220640,3108714,1288198
3771939,3,2220662,3047569,1288200
3771940,7,2220663,3078202,1288200
3771941,11,2220664,3073145,1288200
3771942,15,2220665,3088120,1288200
3771943,27,2220736,3121763,1288204
3771944,6,2220745,3121765,1288205
3771945,0,2221356,3121763,1288208
3771946,2,2221357,3121765,1288208
3771947,38,2221439,3121795,1288222
3771948,15,2221443,3121795,1240394
3771949,8,2221525,3121801,1288224
3771950,9,2221526,3051941,1288224
